2025-08-27 08:16:21,267 [INFO] WebApp:191 - Connection restablished
2025-08-27 08:16:21,984 [INFO] WebApp:194 - Connection lost
2025-08-27 08:16:22,133 [INFO] WebApp:191 - Connection restablished
2025-08-27 08:16:33,868 [INFO] WebApp:194 - Connection lost
2025-08-27 08:16:34,116 [INFO] WebApp:191 - Connection restablished
2025-08-27 08:53:05,490 [INFO] WebApp:194 - Connection lost
2025-08-27 08:53:05,665 [INFO] WebApp:191 - Connection restablished
2025-08-27 08:53:07,352 [INFO] WebApp:194 - Connection lost
2025-08-27 08:53:07,678 [INFO] WebApp:191 - Connection restablished
2025-08-27 08:59:00,545 [INFO] WebApp:194 - Connection lost
2025-08-27 08:59:07,526 [INFO] WebApp:191 - Connection restablished
2025-08-27 08:59:23,040 [INFO] WebApp:194 - Connection lost
2025-08-27 08:59:23,302 [INFO] WebApp:191 - Connection restablished
2025-08-27 09:02:25,238 [INFO] WebApp:194 - Connection lost
2025-08-27 09:02:26,342 [INFO] WebApp:191 - Connection restablished
2025-08-27 09:18:44,031 [INFO] WebApp:194 - Connection lost
2025-08-27 09:18:54,627 [INFO] WebApp:191 - Connection restablished
2025-08-27 09:19:17,549 [INFO] WebApp:194 - Connection lost
2025-08-27 09:19:17,847 [INFO] WebApp:191 - Connection restablished
2025-08-27 09:20:43,314 [INFO] WebApp:194 - Connection lost
2025-08-27 09:20:43,986 [INFO] WebApp:191 - Connection restablished
2025-08-27 09:20:45,835 [INFO] WebApp:194 - Connection lost
2025-08-27 09:20:46,078 [INFO] WebApp:191 - Connection restablished
2025-08-27 09:52:05,886 [WARN] IP:2250 - RefParam_XIP_memory not found: check if there is a RefParameter without a condition.
2025-08-27 09:52:05,887 [WARN] IP:2250 - RefParam_MEMORY_1_Size not found: check if there is a RefParameter without a condition.
2025-08-27 09:52:05,887 [WARN] IP:2250 - RefParam_MEMORY_1_FreqMax not found: check if there is a RefParameter without a condition.
2025-08-27 09:52:05,887 [WARN] IP:2250 - RefParam_MEMORY_1_ReadReg not found: check if there is a RefParameter without a condition.
2025-08-27 09:52:05,887 [WARN] IP:2250 - RefParam_MEMORY_1_WriteReg not found: check if there is a RefParameter without a condition.
2025-08-27 09:52:05,887 [WARN] IP:2250 - RefParam_MEMORY_1_RegSize not found: check if there is a RefParameter without a condition.
2025-08-27 09:52:05,887 [WARN] IP:2250 - RefParam_MEMORY_1_RegDummyCycle not found: check if there is a RefParameter without a condition.
2025-08-27 09:52:05,887 [WARN] IP:2250 - RefParam_MEMORY_1_WriteCommand not found: check if there is a RefParameter without a condition.
2025-08-27 09:52:05,887 [WARN] IP:2250 - RefParam_MEMORY_1_WriteDummyCycle not found: check if there is a RefParameter without a condition.
2025-08-27 09:52:05,887 [WARN] IP:2250 - RefParam_MEMORY_1_ReadCommand not found: check if there is a RefParameter without a condition.
2025-08-27 09:52:05,888 [WARN] IP:2250 - RefParam_MEMORY_1_WrapReadCommand not found: check if there is a RefParameter without a condition.
2025-08-27 09:52:05,888 [WARN] IP:2250 - RefParam_MEMORY_1_ReadDummyCycle not found: check if there is a RefParameter without a condition.
2025-08-27 09:52:05,888 [WARN] IP:2250 - RefParam_MEMORY_1_NumberOfConfig not found: check if there is a RefParameter without a condition.
2025-08-27 09:52:05,888 [WARN] IP:2250 - RefParam_MEMORY_1_Config1_WriteMask not found: check if there is a RefParameter without a condition.
2025-08-27 09:52:05,888 [WARN] IP:2250 - RefParam_MEMORY_1_Config1_WriteValue not found: check if there is a RefParameter without a condition.
2025-08-27 09:52:05,888 [WARN] IP:2250 - RefParam_MEMORY_1_Config1_RegAddress not found: check if there is a RefParameter without a condition.
2025-08-27 09:52:05,888 [WARN] IP:2250 - RefParam_MEMORY_1_Config2_WriteMask not found: check if there is a RefParameter without a condition.
2025-08-27 09:52:05,888 [WARN] IP:2250 - RefParam_MEMORY_1_Config2_WriteValue not found: check if there is a RefParameter without a condition.
2025-08-27 09:52:05,888 [WARN] IP:2250 - RefParam_MEMORY_1_Config2_RegAddress not found: check if there is a RefParameter without a condition.
2025-08-27 09:52:05,888 [WARN] IP:2250 - RefParam_MEMORY_1_Config3_WriteMask not found: check if there is a RefParameter without a condition.
2025-08-27 09:52:05,888 [WARN] IP:2250 - RefParam_MEMORY_1_Config3_WriteValue not found: check if there is a RefParameter without a condition.
2025-08-27 09:52:05,888 [WARN] IP:2250 - RefParam_MEMORY_1_Config3_RegAddress not found: check if there is a RefParameter without a condition.
2025-08-27 09:52:05,889 [WARN] IP:2250 - RefParam_MEMORY_2_Instance not found: check if there is a RefParameter without a condition.
2025-08-27 09:52:05,889 [WARN] IP:2250 - RefParam_MEMORY_2_ConfigType not found: check if there is a RefParameter without a condition.
2025-08-27 09:52:05,889 [WARN] IP:2250 - RefParam_MEMORY_2_Size not found: check if there is a RefParameter without a condition.
2025-08-27 09:52:05,889 [WARN] IP:2250 - RefParam_MEMORY_2_FreqMax not found: check if there is a RefParameter without a condition.
2025-08-27 09:52:05,889 [WARN] IP:2250 - RefParam_MEMORY_2_ReadReg not found: check if there is a RefParameter without a condition.
2025-08-27 09:52:05,889 [WARN] IP:2250 - RefParam_MEMORY_2_WriteReg not found: check if there is a RefParameter without a condition.
2025-08-27 09:52:05,889 [WARN] IP:2250 - RefParam_MEMORY_2_RegSize not found: check if there is a RefParameter without a condition.
2025-08-27 09:52:05,889 [WARN] IP:2250 - RefParam_MEMORY_2_RegDummyCycle not found: check if there is a RefParameter without a condition.
2025-08-27 09:52:05,889 [WARN] IP:2250 - RefParam_MEMORY_2_WriteCommand not found: check if there is a RefParameter without a condition.
2025-08-27 09:52:05,889 [WARN] IP:2250 - RefParam_MEMORY_2_WriteDummyCycle not found: check if there is a RefParameter without a condition.
2025-08-27 09:52:05,889 [WARN] IP:2250 - RefParam_MEMORY_2_ReadCommand not found: check if there is a RefParameter without a condition.
2025-08-27 09:52:05,889 [WARN] IP:2250 - RefParam_MEMORY_2_WrapReadCommand not found: check if there is a RefParameter without a condition.
2025-08-27 09:52:05,889 [WARN] IP:2250 - RefParam_MEMORY_2_ReadDummyCycle not found: check if there is a RefParameter without a condition.
2025-08-27 09:52:05,890 [WARN] IP:2250 - RefParam_MEMORY_2_NumberOfConfig not found: check if there is a RefParameter without a condition.
2025-08-27 09:52:05,890 [WARN] IP:2250 - RefParam_MEMORY_2_Config1_WriteMask not found: check if there is a RefParameter without a condition.
2025-08-27 09:52:05,890 [WARN] IP:2250 - RefParam_MEMORY_2_Config1_WriteValue not found: check if there is a RefParameter without a condition.
2025-08-27 09:52:05,890 [WARN] IP:2250 - RefParam_MEMORY_2_Config1_RegAddress not found: check if there is a RefParameter without a condition.
2025-08-27 09:52:05,890 [WARN] IP:2250 - RefParam_MEMORY_2_Config2_WriteMask not found: check if there is a RefParameter without a condition.
2025-08-27 09:52:05,890 [WARN] IP:2250 - RefParam_MEMORY_2_Config2_WriteValue not found: check if there is a RefParameter without a condition.
2025-08-27 09:52:05,890 [WARN] IP:2250 - RefParam_MEMORY_2_Config2_RegAddress not found: check if there is a RefParameter without a condition.
2025-08-27 09:52:05,890 [WARN] IP:2250 - RefParam_MEMORY_2_Config3_WriteMask not found: check if there is a RefParameter without a condition.
2025-08-27 09:52:05,890 [WARN] IP:2250 - RefParam_MEMORY_2_Config3_WriteValue not found: check if there is a RefParameter without a condition.
2025-08-27 09:52:05,890 [WARN] IP:2250 - RefParam_MEMORY_2_Config3_RegAddress not found: check if there is a RefParameter without a condition.
2025-08-27 10:16:33,721 [INFO] NvicIntPanel:101 - NVIC parent = com.st.microxplorer.plugins.ip.nvic.MultiNvicIntPanel[,0,0,1027x584,layout=javax.swing.BoxLayout,alignmentX=0.0,alignmentY=0.0,border=,flags=9,maximumSize=,minimumSize=,preferredSize=]
2025-08-27 10:18:31,350 [INFO] NvicIntPanel:101 - NVIC parent = com.st.microxplorer.plugins.ip.nvic.MultiNvicIntPanel[,0,0,0x0,invalid,layout=javax.swing.BoxLayout,alignmentX=0.0,alignmentY=0.0,border=,flags=9,maximumSize=,minimumSize=,preferredSize=]
2025-08-27 10:18:58,352 [INFO] NvicIntPanel:101 - NVIC parent = com.st.microxplorer.plugins.ip.nvic.MultiNvicIntPanel[,0,0,0x0,invalid,layout=javax.swing.BoxLayout,alignmentX=0.0,alignmentY=0.0,border=,flags=9,maximumSize=,minimumSize=,preferredSize=]
2025-08-27 10:20:12,030 [INFO] NvicIntPanel:101 - NVIC parent = com.st.microxplorer.plugins.ip.nvic.MultiNvicIntPanel[,0,0,0x0,invalid,layout=javax.swing.BoxLayout,alignmentX=0.0,alignmentY=0.0,border=,flags=9,maximumSize=,minimumSize=,preferredSize=]
2025-08-27 10:20:33,643 [INFO] NvicIntPanel:101 - NVIC parent = com.st.microxplorer.plugins.ip.nvic.MultiNvicIntPanel[,0,0,0x0,invalid,layout=javax.swing.BoxLayout,alignmentX=0.0,alignmentY=0.0,border=,flags=9,maximumSize=,minimumSize=,preferredSize=]
2025-08-27 10:21:18,859 [INFO] UtilMem:75 - End SaveConfig() Used Memory: 1059567264 Bytes (1073741824)
2025-08-27 10:21:20,131 [ERROR] IocParser:95 - Exception caught: null
2025-08-27 10:21:20,908 [INFO] UtilMem:75 - End SaveConfig() Used Memory: 851422880 Bytes (1073741824)
2025-08-27 10:21:22,809 [INFO] UtilMem:75 - End SaveConfig() Used Memory: 1001909936 Bytes (1073741824)
2025-08-27 10:21:23,552 [ERROR] IocParser:95 - Exception caught: null
2025-08-27 10:21:24,097 [INFO] BlockDiagram:2775 - set Specific Code input for plugin: EXTMEM_MANAGER
2025-08-27 10:21:24,097 [INFO] BlockDiagram:2775 - set Specific Code input for plugin: RAMCFG
2025-08-27 10:21:24,097 [INFO] BlockDiagram:2775 - set Specific Code input for plugin: RCC
2025-08-27 10:21:24,097 [INFO] BlockDiagram:2775 - set Specific Code input for plugin: CORTEX_M55_FSBL
2025-08-27 10:21:24,097 [INFO] BlockDiagram:2775 - set Specific Code input for plugin: XSPIM
2025-08-27 10:21:24,097 [INFO] BlockDiagram:2775 - set Specific Code input for plugin: STMicroelectronics.X-CUBE-AI.10.2.0
2025-08-27 10:21:24,097 [INFO] BlockDiagram:2775 - set Specific Code input for plugin: XSPI
2025-08-27 10:21:24,097 [INFO] BlockDiagram:2775 - set Specific Code input for plugin: NUCLEO-N657X0-Q
2025-08-27 10:21:24,097 [INFO] BlockDiagram:2775 - set Specific Code input for plugin: TIM1_8N6
2025-08-27 10:21:24,097 [INFO] BlockDiagram:2775 - set Specific Code input for plugin: CACHEAXI
2025-08-27 10:21:24,097 [INFO] BlockDiagram:2775 - set Specific Code input for plugin: BSEC
2025-08-27 10:21:24,097 [INFO] BlockDiagram:2775 - set Specific Code input for plugin: LPUART
2025-08-27 10:21:24,097 [INFO] BlockDiagram:2775 - set Specific Code input for plugin: NVIC
2025-08-27 10:21:24,098 [INFO] BlockDiagram:2775 - set Specific Code input for plugin: GPIO
2025-08-27 10:21:24,098 [INFO] BlockDiagram:2775 - set Specific Code input for plugin: RIF
2025-08-27 10:21:24,098 [INFO] BlockDiagram:2775 - set Specific Code input for plugin: NVIC1
2025-08-27 10:21:24,100 [INFO] CodeGenerator:892 - code generatio: config db path: C:\ST\STM32CubeIDE_1.19.0\STM32CubeIDE\plugins\com.st.stm32cube.common.mx_6.15.0.202507011659\\db\
2025-08-27 10:21:24,112 [WARN] IP:2250 - RefParam_XIP_memory not found: check if there is a RefParameter without a condition.
2025-08-27 10:21:24,113 [WARN] IP:2250 - RefParam_MEMORY_1_Size not found: check if there is a RefParameter without a condition.
2025-08-27 10:21:24,113 [WARN] IP:2250 - RefParam_MEMORY_1_FreqMax not found: check if there is a RefParameter without a condition.
2025-08-27 10:21:24,113 [WARN] IP:2250 - RefParam_MEMORY_1_ReadReg not found: check if there is a RefParameter without a condition.
2025-08-27 10:21:24,113 [WARN] IP:2250 - RefParam_MEMORY_1_WriteReg not found: check if there is a RefParameter without a condition.
2025-08-27 10:21:24,113 [WARN] IP:2250 - RefParam_MEMORY_1_RegSize not found: check if there is a RefParameter without a condition.
2025-08-27 10:21:24,113 [WARN] IP:2250 - RefParam_MEMORY_1_RegDummyCycle not found: check if there is a RefParameter without a condition.
2025-08-27 10:21:24,113 [WARN] IP:2250 - RefParam_MEMORY_1_WriteCommand not found: check if there is a RefParameter without a condition.
2025-08-27 10:21:24,113 [WARN] IP:2250 - RefParam_MEMORY_1_WriteDummyCycle not found: check if there is a RefParameter without a condition.
2025-08-27 10:21:24,113 [WARN] IP:2250 - RefParam_MEMORY_1_ReadCommand not found: check if there is a RefParameter without a condition.
2025-08-27 10:21:24,113 [WARN] IP:2250 - RefParam_MEMORY_1_WrapReadCommand not found: check if there is a RefParameter without a condition.
2025-08-27 10:21:24,113 [WARN] IP:2250 - RefParam_MEMORY_1_ReadDummyCycle not found: check if there is a RefParameter without a condition.
2025-08-27 10:21:24,113 [WARN] IP:2250 - RefParam_MEMORY_1_NumberOfConfig not found: check if there is a RefParameter without a condition.
2025-08-27 10:21:24,113 [WARN] IP:2250 - RefParam_MEMORY_1_Config1_WriteMask not found: check if there is a RefParameter without a condition.
2025-08-27 10:21:24,113 [WARN] IP:2250 - RefParam_MEMORY_1_Config1_WriteValue not found: check if there is a RefParameter without a condition.
2025-08-27 10:21:24,113 [WARN] IP:2250 - RefParam_MEMORY_1_Config1_RegAddress not found: check if there is a RefParameter without a condition.
2025-08-27 10:21:24,113 [WARN] IP:2250 - RefParam_MEMORY_1_Config2_WriteMask not found: check if there is a RefParameter without a condition.
2025-08-27 10:21:24,113 [WARN] IP:2250 - RefParam_MEMORY_1_Config2_WriteValue not found: check if there is a RefParameter without a condition.
2025-08-27 10:21:24,113 [WARN] IP:2250 - RefParam_MEMORY_1_Config2_RegAddress not found: check if there is a RefParameter without a condition.
2025-08-27 10:21:24,113 [WARN] IP:2250 - RefParam_MEMORY_1_Config3_WriteMask not found: check if there is a RefParameter without a condition.
2025-08-27 10:21:24,113 [WARN] IP:2250 - RefParam_MEMORY_1_Config3_WriteValue not found: check if there is a RefParameter without a condition.
2025-08-27 10:21:24,113 [WARN] IP:2250 - RefParam_MEMORY_1_Config3_RegAddress not found: check if there is a RefParameter without a condition.
2025-08-27 10:21:24,113 [WARN] IP:2250 - RefParam_MEMORY_2_Instance not found: check if there is a RefParameter without a condition.
2025-08-27 10:21:24,113 [WARN] IP:2250 - RefParam_MEMORY_2_ConfigType not found: check if there is a RefParameter without a condition.
2025-08-27 10:21:24,114 [WARN] IP:2250 - RefParam_MEMORY_2_Size not found: check if there is a RefParameter without a condition.
2025-08-27 10:21:24,114 [WARN] IP:2250 - RefParam_MEMORY_2_FreqMax not found: check if there is a RefParameter without a condition.
2025-08-27 10:21:24,114 [WARN] IP:2250 - RefParam_MEMORY_2_ReadReg not found: check if there is a RefParameter without a condition.
2025-08-27 10:21:24,114 [WARN] IP:2250 - RefParam_MEMORY_2_WriteReg not found: check if there is a RefParameter without a condition.
2025-08-27 10:21:24,114 [WARN] IP:2250 - RefParam_MEMORY_2_RegSize not found: check if there is a RefParameter without a condition.
2025-08-27 10:21:24,114 [WARN] IP:2250 - RefParam_MEMORY_2_RegDummyCycle not found: check if there is a RefParameter without a condition.
2025-08-27 10:21:24,114 [WARN] IP:2250 - RefParam_MEMORY_2_WriteCommand not found: check if there is a RefParameter without a condition.
2025-08-27 10:21:24,114 [WARN] IP:2250 - RefParam_MEMORY_2_WriteDummyCycle not found: check if there is a RefParameter without a condition.
2025-08-27 10:21:24,114 [WARN] IP:2250 - RefParam_MEMORY_2_ReadCommand not found: check if there is a RefParameter without a condition.
2025-08-27 10:21:24,114 [WARN] IP:2250 - RefParam_MEMORY_2_WrapReadCommand not found: check if there is a RefParameter without a condition.
2025-08-27 10:21:24,114 [WARN] IP:2250 - RefParam_MEMORY_2_ReadDummyCycle not found: check if there is a RefParameter without a condition.
2025-08-27 10:21:24,114 [WARN] IP:2250 - RefParam_MEMORY_2_NumberOfConfig not found: check if there is a RefParameter without a condition.
2025-08-27 10:21:24,114 [WARN] IP:2250 - RefParam_MEMORY_2_Config1_WriteMask not found: check if there is a RefParameter without a condition.
2025-08-27 10:21:24,114 [WARN] IP:2250 - RefParam_MEMORY_2_Config1_WriteValue not found: check if there is a RefParameter without a condition.
2025-08-27 10:21:24,114 [WARN] IP:2250 - RefParam_MEMORY_2_Config1_RegAddress not found: check if there is a RefParameter without a condition.
2025-08-27 10:21:24,114 [WARN] IP:2250 - RefParam_MEMORY_2_Config2_WriteMask not found: check if there is a RefParameter without a condition.
2025-08-27 10:21:24,114 [WARN] IP:2250 - RefParam_MEMORY_2_Config2_WriteValue not found: check if there is a RefParameter without a condition.
2025-08-27 10:21:24,114 [WARN] IP:2250 - RefParam_MEMORY_2_Config2_RegAddress not found: check if there is a RefParameter without a condition.
2025-08-27 10:21:24,114 [WARN] IP:2250 - RefParam_MEMORY_2_Config3_WriteMask not found: check if there is a RefParameter without a condition.
2025-08-27 10:21:24,114 [WARN] IP:2250 - RefParam_MEMORY_2_Config3_WriteValue not found: check if there is a RefParameter without a condition.
2025-08-27 10:21:24,114 [WARN] IP:2250 - RefParam_MEMORY_2_Config3_RegAddress not found: check if there is a RefParameter without a condition.
2025-08-27 10:21:24,222 [INFO] Middleware:1452 - No code input for Bsp Dependency
2025-08-27 10:21:24,225 [INFO] Middleware:1452 - No code input for Bsp Dependency
2025-08-27 10:21:24,227 [INFO] Middleware:1452 - No code input for Bsp Dependency
2025-08-27 10:21:24,229 [INFO] Middleware:1452 - No code input for Bsp Dependency
2025-08-27 10:21:24,230 [INFO] Middleware:1452 - No code input for Bsp Dependency
2025-08-27 10:21:24,230 [INFO] IP:3329 - RTE Config file name : RTE_Component
2025-08-27 10:21:24,230 [INFO] IP:3347 - RTE template : RTE_Components.ftl
2025-08-27 10:21:24,231 [INFO] Middleware:1452 - No code input for Bsp Dependency
2025-08-27 10:21:24,232 [INFO] Middleware:1452 - No code input for Bsp Dependency
2025-08-27 10:21:24,233 [INFO] Middleware:1452 - No code input for Bsp Dependency
2025-08-27 10:21:24,233 [INFO] CodeGenerator:1619 - *******************Project context FSBL selected
2025-08-27 10:21:24,281 [INFO] CodeEngine:265 - oldGeneratedFile, C:\ST\AB_LSTM\AB_LSTM\MXTmpFiles\license.tmp_save
2025-08-27 10:21:24,520 [INFO] CodeEngine:289 - Generated code: C:\ST\AB_LSTM\AB_LSTM\MXTmpFiles\license.tmp
2025-08-27 10:21:24,587 [INFO] CodeEngine:265 - oldGeneratedFile, C:\ST\AB_LSTM\AB_LSTM\FSBL\MXTmpFiles\gpio.tmp_save
2025-08-27 10:21:24,744 [INFO] CodeEngine:289 - Generated code: C:\ST\AB_LSTM\AB_LSTM\FSBL\MXTmpFiles\gpio.tmp
2025-08-27 10:21:24,893 [WARN] IPConfigManager:103 - WARNING: Missing Config File for XSPIM ip!!
2025-08-27 10:21:24,946 [INFO] Middleware:1452 - No code input for Bsp Dependency
2025-08-27 10:21:24,954 [INFO] CodeEngine:265 - oldGeneratedFile, C:\ST\AB_LSTM\AB_LSTM\FSBL\MXTmpFiles\boot_code.tmp_save
2025-08-27 10:21:25,057 [INFO] CodeEngine:289 - Generated code: C:\ST\AB_LSTM\AB_LSTM\FSBL\MXTmpFiles\boot_code.tmp
2025-08-27 10:21:25,080 [INFO] CodeEngine:265 - oldGeneratedFile, C:\ST\AB_LSTM\AB_LSTM\FSBL\MXTmpFiles\cortex.tmp_save
2025-08-27 10:21:25,205 [INFO] CodeEngine:289 - Generated code: C:\ST\AB_LSTM\AB_LSTM\FSBL\MXTmpFiles\cortex.tmp
2025-08-27 10:21:25,218 [INFO] Middleware:1452 - No code input for Bsp Dependency
2025-08-27 10:21:25,229 [INFO] CodeEngine:265 - oldGeneratedFile, C:\ST\AB_LSTM\AB_LSTM\FSBL\Core\Inc\extmem_manager.h_save
2025-08-27 10:21:25,387 [INFO] CodeEngine:289 - Generated code: C:\ST\AB_LSTM\AB_LSTM\FSBL\Core\Inc\extmem_manager.h
2025-08-27 10:21:25,399 [INFO] CodeEngine:265 - oldGeneratedFile, C:\ST\AB_LSTM\AB_LSTM\FSBL\Core\Src\extmem_manager.c_save
2025-08-27 10:21:25,586 [INFO] CodeEngine:289 - Generated code: C:\ST\AB_LSTM\AB_LSTM\FSBL\Core\Src\extmem_manager.c
2025-08-27 10:21:25,597 [INFO] CodeEngine:265 - oldGeneratedFile, C:\ST\AB_LSTM\AB_LSTM\FSBL\Core\Inc\stm32_extmem_conf.h_save
2025-08-27 10:21:25,721 [INFO] CodeEngine:289 - Generated code: C:\ST\AB_LSTM\AB_LSTM\FSBL\Core\Inc\stm32_extmem_conf.h
2025-08-27 10:21:25,730 [INFO] CodeEngine:265 - oldGeneratedFile, C:\ST\AB_LSTM\AB_LSTM\FSBL\MXTmpFiles\boot_code.tmp_save
2025-08-27 10:21:25,772 [INFO] CodeEngine:289 - Generated code: C:\ST\AB_LSTM\AB_LSTM\FSBL\MXTmpFiles\boot_code.tmp
2025-08-27 10:21:25,811 [INFO] CodeEngine:265 - oldGeneratedFile, C:\ST\AB_LSTM\AB_LSTM\FSBL\Core\Src\stm32n6xx_it.c_save
2025-08-27 10:21:26,012 [INFO] CodeEngine:289 - Generated code: C:\ST\AB_LSTM\AB_LSTM\FSBL\Core\Src\stm32n6xx_it.c
2025-08-27 10:21:26,021 [INFO] CodeEngine:265 - oldGeneratedFile, C:\ST\AB_LSTM\AB_LSTM\FSBL\Core\Inc\stm32n6xx_it.h_save
2025-08-27 10:21:26,098 [INFO] CodeEngine:289 - Generated code: C:\ST\AB_LSTM\AB_LSTM\FSBL\Core\Inc\stm32n6xx_it.h
2025-08-27 10:21:26,217 [INFO] CodeEngine:265 - oldGeneratedFile, C:\ST\AB_LSTM\AB_LSTM\FSBL\Core\Src\stm32n6xx_hal_msp.c_save
2025-08-27 10:21:26,410 [INFO] CodeEngine:289 - Generated code: C:\ST\AB_LSTM\AB_LSTM\FSBL\Core\Src\stm32n6xx_hal_msp.c
2025-08-27 10:21:26,424 [INFO] CodeEngine:265 - oldGeneratedFile, C:\ST\AB_LSTM\AB_LSTM\FSBL\MXTmpFiles\system.tmp_save
2025-08-27 10:21:26,486 [INFO] CodeEngine:289 - Generated code: C:\ST\AB_LSTM\AB_LSTM\FSBL\MXTmpFiles\system.tmp
2025-08-27 10:21:26,514 [INFO] CodeEngine:321 - oldGeneratedFile, C:\ST\AB_LSTM\AB_LSTM\FSBL\Core\Inc\stm32n6xx_hal_conf.h_save
2025-08-27 10:21:26,642 [INFO] CodeEngine:345 - Generated code: C:\ST\AB_LSTM\AB_LSTM\FSBL\Core\Inc\stm32n6xx_hal_conf.h
2025-08-27 10:21:26,660 [WARN] IPConfigManager:3238 - Warning: the RefConfig RCC_ConfigVoltageScaling is not available in your config.xml file
2025-08-27 10:21:26,666 [WARN] IPConfigManager:3238 - Warning: the RefConfig RCC_RTC_HSEDIV is not available in your config.xml file
2025-08-27 10:21:26,673 [ERROR] ApiDbMcu:560 - Cannot parse XSPIM_Config file : file do not exist
2025-08-27 10:21:26,691 [INFO] CodeEngine:265 - oldGeneratedFile, C:\ST\AB_LSTM\AB_LSTM\FSBL\Core\Inc\main.h_save
2025-08-27 10:21:26,821 [INFO] CodeEngine:289 - Generated code: C:\ST\AB_LSTM\AB_LSTM\FSBL\Core\Inc\main.h
2025-08-27 10:21:26,832 [INFO] CodeEngine:265 - oldGeneratedFile, C:\ST\AB_LSTM\AB_LSTM\FSBL\Core\Src\main.c_save
2025-08-27 10:21:26,991 [INFO] CodeEngine:289 - Generated code: C:\ST\AB_LSTM\AB_LSTM\FSBL\Core\Src\main.c
2025-08-27 10:21:27,034 [INFO] CodeGenerator:1619 - *******************Project context Appli selected
2025-08-27 10:21:27,064 [INFO] IP:3329 - RTE Config file name : RTE_Component
2025-08-27 10:21:27,064 [INFO] IP:3347 - RTE template : RTE_Components.ftl
2025-08-27 10:21:27,073 [INFO] CodeEngine:265 - oldGeneratedFile, C:\ST\AB_LSTM\AB_LSTM\MXTmpFiles\license.tmp_save
2025-08-27 10:21:27,148 [INFO] CodeEngine:289 - Generated code: C:\ST\AB_LSTM\AB_LSTM\MXTmpFiles\license.tmp
2025-08-27 10:21:27,170 [INFO] CodeEngine:265 - oldGeneratedFile, C:\ST\AB_LSTM\AB_LSTM\Appli\MXTmpFiles\gpio.tmp_save
2025-08-27 10:21:27,260 [INFO] CodeEngine:289 - Generated code: C:\ST\AB_LSTM\AB_LSTM\Appli\MXTmpFiles\gpio.tmp
2025-08-27 10:21:27,344 [WARN] IPConfigManager:103 - WARNING: Missing Config File for NVIC ip!!
2025-08-27 10:21:27,432 [INFO] Middleware:1452 - No code input for Bsp Dependency
2025-08-27 10:21:27,433 [INFO] Middleware:1452 - No code input for Bsp Dependency
2025-08-27 10:21:27,433 [INFO] IP:3329 - RTE Config file name : RTE_Component
2025-08-27 10:21:27,433 [INFO] IP:3347 - RTE template : RTE_Components.ftl
2025-08-27 10:21:27,443 [INFO] CodeEngine:265 - oldGeneratedFile, C:\ST\AB_LSTM\AB_LSTM\Appli\MXTmpFiles\cortex.tmp_save
2025-08-27 10:21:27,522 [INFO] CodeEngine:289 - Generated code: C:\ST\AB_LSTM\AB_LSTM\Appli\MXTmpFiles\cortex.tmp
2025-08-27 10:21:27,555 [INFO] CodeEngine:265 - oldGeneratedFile, C:\ST\AB_LSTM\AB_LSTM\Appli\Core\Inc\stm32n6xx_nucleo_conf.h_save
2025-08-27 10:21:27,669 [INFO] CodeEngine:289 - Generated code: C:\ST\AB_LSTM\AB_LSTM\Appli\Core\Inc\stm32n6xx_nucleo_conf.h
2025-08-27 10:21:27,677 [INFO] CodeEngine:265 - oldGeneratedFile, C:\ST\AB_LSTM\AB_LSTM\Appli\MXTmpFiles\bsp_inc.tmp_save
2025-08-27 10:21:27,731 [INFO] CodeEngine:289 - Generated code: C:\ST\AB_LSTM\AB_LSTM\Appli\MXTmpFiles\bsp_inc.tmp
2025-08-27 10:21:27,743 [INFO] CodeEngine:265 - oldGeneratedFile, C:\ST\AB_LSTM\AB_LSTM\Appli\MXTmpFiles\bsp_common_vars.tmp_save
2025-08-27 10:21:27,790 [INFO] CodeEngine:289 - Generated code: C:\ST\AB_LSTM\AB_LSTM\Appli\MXTmpFiles\bsp_common_vars.tmp
2025-08-27 10:21:27,796 [INFO] CodeEngine:265 - oldGeneratedFile, C:\ST\AB_LSTM\AB_LSTM\Appli\MXTmpFiles\bsp_common_init.tmp_save
2025-08-27 10:21:27,855 [INFO] CodeEngine:289 - Generated code: C:\ST\AB_LSTM\AB_LSTM\Appli\MXTmpFiles\bsp_common_init.tmp
2025-08-27 10:21:27,868 [INFO] CodeEngine:265 - oldGeneratedFile, C:\ST\AB_LSTM\AB_LSTM\Appli\MXTmpFiles\bsp_common_demo_before_while.tmp_save
2025-08-27 10:21:27,907 [INFO] CodeEngine:289 - Generated code: C:\ST\AB_LSTM\AB_LSTM\Appli\MXTmpFiles\bsp_common_demo_before_while.tmp
2025-08-27 10:21:27,912 [INFO] CodeEngine:265 - oldGeneratedFile, C:\ST\AB_LSTM\AB_LSTM\Appli\MXTmpFiles\bsp_common_demo_inside_while.tmp_save
2025-08-27 10:21:27,949 [INFO] CodeEngine:289 - Generated code: C:\ST\AB_LSTM\AB_LSTM\Appli\MXTmpFiles\bsp_common_demo_inside_while.tmp
2025-08-27 10:21:27,954 [INFO] CodeEngine:265 - oldGeneratedFile, C:\ST\AB_LSTM\AB_LSTM\Appli\MXTmpFiles\bsp_common_demo_fct.tmp_save
2025-08-27 10:21:27,991 [INFO] CodeEngine:289 - Generated code: C:\ST\AB_LSTM\AB_LSTM\Appli\MXTmpFiles\bsp_common_demo_fct.tmp
2025-08-27 10:21:27,994 [INFO] Middleware:1452 - No code input for Bsp Dependency
2025-08-27 10:21:27,994 [INFO] Middleware:1452 - No code input for Bsp Dependency
2025-08-27 10:21:27,995 [INFO] IP:3329 - RTE Config file name : RTE_Component
2025-08-27 10:21:27,995 [INFO] IP:3347 - RTE template : RTE_Components.ftl
2025-08-27 10:21:28,003 [INFO] CodeEngine:265 - oldGeneratedFile, C:\ST\AB_LSTM\AB_LSTM\Appli\X-CUBE-AI\App\app_x-cube-ai.h_save
2025-08-27 10:21:28,090 [INFO] CodeEngine:289 - Generated code: C:\ST\AB_LSTM\AB_LSTM\Appli\X-CUBE-AI\App\app_x-cube-ai.h
2025-08-27 10:21:28,098 [INFO] CodeEngine:265 - oldGeneratedFile, C:\ST\AB_LSTM\AB_LSTM\Appli\X-CUBE-AI\constants_ai.h_save
2025-08-27 10:21:28,157 [INFO] CodeEngine:289 - Generated code: C:\ST\AB_LSTM\AB_LSTM\Appli\X-CUBE-AI\constants_ai.h
2025-08-27 10:21:28,163 [INFO] CodeEngine:265 - oldGeneratedFile, C:\ST\AB_LSTM\AB_LSTM\Appli\X-CUBE-AI\App\app_x-cube-ai.c_save
2025-08-27 10:21:28,243 [INFO] CodeEngine:289 - Generated code: C:\ST\AB_LSTM\AB_LSTM\Appli\X-CUBE-AI\App\app_x-cube-ai.c
2025-08-27 10:21:28,274 [INFO] CodeEngine:265 - oldGeneratedFile, C:\ST\AB_LSTM\AB_LSTM\Appli\Core\Src\stm32n6xx_it.c_save
2025-08-27 10:21:28,396 [INFO] CodeEngine:289 - Generated code: C:\ST\AB_LSTM\AB_LSTM\Appli\Core\Src\stm32n6xx_it.c
2025-08-27 10:21:28,402 [INFO] CodeEngine:265 - oldGeneratedFile, C:\ST\AB_LSTM\AB_LSTM\Appli\Core\Inc\stm32n6xx_it.h_save
2025-08-27 10:21:28,462 [INFO] CodeEngine:289 - Generated code: C:\ST\AB_LSTM\AB_LSTM\Appli\Core\Inc\stm32n6xx_it.h
2025-08-27 10:21:28,466 [INFO] IP:3329 - RTE Config file name : RTE_Component
2025-08-27 10:21:28,466 [INFO] IP:3347 - RTE template : RTE_Components.ftl
2025-08-27 10:21:28,466 [INFO] CodeGenerator:2312 - Add RTE Code Input 
2025-08-27 10:21:28,474 [INFO] CodeEngine:265 - oldGeneratedFile, C:\ST\AB_LSTM\AB_LSTM\Appli\Core\Inc\RTE_Components.h_save
2025-08-27 10:21:28,560 [INFO] CodeEngine:289 - Generated code: C:\ST\AB_LSTM\AB_LSTM\Appli\Core\Inc\RTE_Components.h
2025-08-27 10:21:28,570 [INFO] CodeEngine:265 - oldGeneratedFile, C:\ST\AB_LSTM\AB_LSTM\Appli\MXTmpFiles\RIFInit.tmp_save
2025-08-27 10:21:28,643 [INFO] CodeEngine:289 - Generated code: C:\ST\AB_LSTM\AB_LSTM\Appli\MXTmpFiles\RIFInit.tmp
2025-08-27 10:21:28,717 [INFO] CodeEngine:265 - oldGeneratedFile, C:\ST\AB_LSTM\AB_LSTM\Appli\Core\Src\stm32n6xx_hal_msp.c_save
2025-08-27 10:21:28,897 [INFO] CodeEngine:289 - Generated code: C:\ST\AB_LSTM\AB_LSTM\Appli\Core\Src\stm32n6xx_hal_msp.c
2025-08-27 10:21:28,904 [INFO] CodeEngine:265 - oldGeneratedFile, C:\ST\AB_LSTM\AB_LSTM\Appli\MXTmpFiles\system.tmp_save
2025-08-27 10:21:28,936 [INFO] CodeEngine:289 - Generated code: C:\ST\AB_LSTM\AB_LSTM\Appli\MXTmpFiles\system.tmp
2025-08-27 10:21:28,946 [INFO] CodeEngine:321 - oldGeneratedFile, C:\ST\AB_LSTM\AB_LSTM\Appli\Core\Inc\stm32n6xx_hal_conf.h_save
2025-08-27 10:21:29,037 [INFO] CodeEngine:345 - Generated code: C:\ST\AB_LSTM\AB_LSTM\Appli\Core\Inc\stm32n6xx_hal_conf.h
2025-08-27 10:21:29,049 [WARN] IPConfigManager:3238 - Warning: the RefConfig RCC_ConfigVoltageScaling is not available in your config.xml file
2025-08-27 10:21:29,050 [WARN] IPConfigManager:3238 - Warning: the RefConfig RCC_RTC_HSEDIV is not available in your config.xml file
2025-08-27 10:21:29,058 [WARN] IPConfigManager:3811 - IP not found : TIM
2025-08-27 10:21:29,059 [WARN] CodeGenerator:4259 - IP not found : null
2025-08-27 10:21:29,066 [INFO] CodeEngine:265 - oldGeneratedFile, C:\ST\AB_LSTM\AB_LSTM\Appli\Core\Inc\main.h_save
2025-08-27 10:21:29,166 [INFO] CodeEngine:289 - Generated code: C:\ST\AB_LSTM\AB_LSTM\Appli\Core\Inc\main.h
2025-08-27 10:21:29,177 [INFO] CodeEngine:265 - oldGeneratedFile, C:\ST\AB_LSTM\AB_LSTM\Appli\Core\Src\main.c_save
2025-08-27 10:21:29,304 [INFO] CodeEngine:289 - Generated code: C:\ST\AB_LSTM\AB_LSTM\Appli\Core\Src\main.c
2025-08-27 10:21:29,314 [INFO] CodeEngine:265 - oldGeneratedFile, C:\ST\AB_LSTM\AB_LSTM\Appli\Core\Src\secure_nsc.c_save
2025-08-27 10:21:29,410 [INFO] CodeEngine:289 - Generated code: C:\ST\AB_LSTM\AB_LSTM\Appli\Core\Src\secure_nsc.c
2025-08-27 10:21:29,418 [INFO] CodeEngine:265 - oldGeneratedFile, C:\ST\AB_LSTM\AB_LSTM\Appli\Core\Inc\partition_stm32n657xx.h_save
2025-08-27 10:21:29,486 [INFO] CodeEngine:289 - Generated code: C:\ST\AB_LSTM\AB_LSTM\Appli\Core\Inc\partition_stm32n657xx.h
2025-08-27 10:21:29,492 [INFO] CodeEngine:265 - oldGeneratedFile, C:\ST\AB_LSTM\AB_LSTM\Secure_nsclib\secure_nsc.h_save
2025-08-27 10:21:29,546 [INFO] CodeEngine:289 - Generated code: C:\ST\AB_LSTM\AB_LSTM\Secure_nsclib\secure_nsc.h
2025-08-27 10:21:29,572 [INFO] CodeGenerator:1707 - *******************Project context ExtMemLoader Not selected
2025-08-27 10:21:30,473 [INFO] AInterface:322 - ModelName:network; files:[C:\Users\ZOJOLDRI\OneDrive - Carl Zeiss AG\Dokumente\Zeiss\SMT\Bachelor\AB Encoder Model\AB_Encoder_Synthetic_Data\lstm_ab_encoder.h5]; type:Keras; compression:None
2025-08-27 10:21:30,473 [INFO] AInterface:526 - workspaceTempDir: C:/Users/ZOJOLDRI/AppData/Local/Temp/mxAI_workspace51706014955850015352237496760517242
2025-08-27 10:21:30,474 [INFO] AInterface:1176 - Setting Env: C:/Users/ZOJOLDRI/STM32Cube/Repository/Packs/STMicroelectronics/X-CUBE-AI/10.2.0/Utilities/windows
2025-08-27 10:21:30,482 [INFO] STM32CubeIDEBuilder:265 - Looking for gnu-tools-for-stm32 tools/bin/arm-none-eabi-gcc.exe in C:\ST\STM32CubeIDE_1.19.0\STM32CubeIDE
2025-08-27 10:21:30,496 [INFO] STM32CubeIDEBuilder:294 - checking C:\ST\STM32CubeIDE_1.19.0\STM32CubeIDE\plugins\com.st.stm32cube.ide.mcu.externaltools.gnu-tools-for-stm32.13.3.rel1.win32_1.0.0.202411081344\tools\bin\arm-none-eabi-gcc.exe
2025-08-27 10:21:30,496 [INFO] STM32CubeIDEBuilder:297 - ret=C:\ST\STM32CubeIDE_1.19.0\STM32CubeIDE\plugins\com.st.stm32cube.ide.mcu.externaltools.gnu-tools-for-stm32.13.3.rel1.win32_1.0.0.202411081344\tools\bin\arm-none-eabi-gcc.exe
2025-08-27 10:21:30,497 [INFO] STM32CubeIDEBuilder:311 - returning C:\ST\STM32CubeIDE_1.19.0\STM32CubeIDE\plugins\com.st.stm32cube.ide.mcu.externaltools.gnu-tools-for-stm32.13.3.rel1.win32_1.0.0.202411081344\tools\bin\arm-none-eabi-gcc.exe
2025-08-27 10:21:30,497 [INFO] AInterface:1233 - Custom PATH variable: C:/Users/ZOJOLDRI/STM32Cube/Repository/Packs/STMicroelectronics/X-CUBE-AI/10.2.0/Utilities/windows;C:/Users/ZOJOLDRI/STM32Cube/Repository/Packs/STMicroelectronics/X-CUBE-AI/10.2.0/Utilities/windows/mingw64/bin;C:/Users/ZOJOLDRI/STM32Cube/Repository/Packs/STMicroelectronics/X-CUBE-AI/10.2.0/Utilities/windows/mingw64/libexec/gcc/x86_64-w64-mingw32/7.3.0;;C:\ST\STM32CubeIDE_1.19.0\STM32CubeIDE\plugins\com.st.stm32cube.ide.mcu.externaltools.gnu-tools-for-stm32.13.3.rel1.win32_1.0.0.202411081344\tools\bin
2025-08-27 10:21:30,499 [INFO] CmdLine:115 - Command: C:/Users/ZOJOLDRI/STM32Cube/Repository/Packs/STMicroelectronics/X-CUBE-AI/10.2.0/Utilities/windows/stedgeai.exe generate --target stm32n6 --name network -m C:/Users/ZOJOLDRI/OneDrive - Carl Zeiss AG/Dokumente/Zeiss/SMT/Bachelor/AB Encoder Model/AB_Encoder_Synthetic_Data/lstm_ab_encoder.h5 --compression none --verbosity 1 --workspace C:/Users/ZOJOLDRI/AppData/Local/Temp/mxAI_workspace51706014955850015352237496760517242 --output C:/Users/ZOJOLDRI/.stm32cubemx/network_output
2025-08-27 10:21:30,499 [INFO] AIModelDetailledView:2380 - Analysis status: pending
2025-08-27 10:21:36,453 [INFO] CmdLine:76 - ST Edge AI Core v2.2.0-20266 2adc00962
2025-08-27 10:22:28,745 [INFO] CmdLine:76 - Creating c (debug) info json file C:\Users\ZOJOLDRI\.stm32cubemx\network_output\network_c_info.json
2025-08-27 10:22:28,777 [INFO] CmdLine:76 -  
2025-08-27 10:22:28,777 [INFO] CmdLine:76 -  Exec/report summary (generate)
2025-08-27 10:22:28,777 [INFO] CmdLine:76 -  ---------------------------------------------------------------------------------------------------------------------------------------------------------------
2025-08-27 10:22:28,778 [INFO] CmdLine:76 -  model file         :   C:\Users\ZOJOLDRI\OneDrive - Carl Zeiss AG\Dokumente\Zeiss\SMT\Bachelor\AB Encoder Model\AB_Encoder_Synthetic_Data\lstm_ab_encoder.h5   
2025-08-27 10:22:28,778 [INFO] CmdLine:76 -  type               :   keras                                                                                                                                   
2025-08-27 10:22:28,778 [INFO] CmdLine:76 -  c_name             :   network                                                                                                                                 
2025-08-27 10:22:28,778 [INFO] CmdLine:76 -  compression        :   none                                                                                                                                    
2025-08-27 10:22:28,778 [INFO] CmdLine:76 -  options            :   allocate-inputs, allocate-outputs                                                                                                       
2025-08-27 10:22:28,778 [INFO] CmdLine:76 -  optimization       :   balanced                                                                                                                                
2025-08-27 10:22:28,779 [INFO] CmdLine:76 -  target/series      :   stm32n6                                                                                                                                 
2025-08-27 10:22:28,779 [INFO] CmdLine:76 -  workspace dir      :   C:\Users\ZOJOLDRI\AppData\Local\Temp\mxAI_workspace51706014955850015352237496760517242                                                  
2025-08-27 10:22:28,779 [INFO] CmdLine:76 -  output dir         :   C:\Users\ZOJOLDRI\.stm32cubemx\network_output                                                                                           
2025-08-27 10:22:28,779 [INFO] CmdLine:76 -  model_fmt          :   float                                                                                                                                   
2025-08-27 10:22:28,779 [INFO] CmdLine:76 -  model_name         :   lstm_ab_encoder                                                                                                                         
2025-08-27 10:22:28,779 [INFO] CmdLine:76 -  model_hash         :   0xa47bada8397fa61bef25ba35fe6f4e01                                                                                                      
2025-08-27 10:22:28,779 [INFO] CmdLine:76 -  params #           :   6,100 items (23.83 KiB)                                                                                                                 
2025-08-27 10:22:28,779 [INFO] CmdLine:76 -  ---------------------------------------------------------------------------------------------------------------------------------------------------------------
2025-08-27 10:22:28,779 [INFO] CmdLine:76 -  input 1/1          :   'input_0', f32(1x20x10), 800 Bytes, activations                                                                                         
2025-08-27 10:22:28,780 [INFO] CmdLine:76 -  output 1/1         :   'output', f32(1x4), 16 Bytes, activations                                                                                               
2025-08-27 10:22:28,780 [INFO] CmdLine:76 -  macc               :   111,392                                                                                                                                 
2025-08-27 10:22:28,780 [INFO] CmdLine:76 -  weights (ro)       :   24,784 B (24.20 KiB) (1 segment) / +384(+1.6%) vs float model                                                                           
2025-08-27 10:22:28,780 [INFO] CmdLine:76 -  activations (rw)   :   1,824 B (1.78 KiB) (1 segment) *                                                                                                        
2025-08-27 10:22:28,780 [INFO] CmdLine:76 -  ram (total)        :   1,824 B (1.78 KiB) = 1,824 + 0 + 0                                                                                                      
2025-08-27 10:22:28,780 [INFO] CmdLine:76 -  ---------------------------------------------------------------------------------------------------------------------------------------------------------------
2025-08-27 10:22:28,780 [INFO] CmdLine:76 -  (*) 'input'/'output' buffers are allocated in the activations buffer
2025-08-27 10:22:28,782 [INFO] CmdLine:76 - Computing AI RT data/code size (target=stm32n6)..
2025-08-27 10:22:34,889 [INFO] CmdLine:76 -  Requested memory size by section - "stm32n6" target
2025-08-27 10:22:34,889 [INFO] CmdLine:76 -  ------------------------------- -------- -------- ------- -------
2025-08-27 10:22:34,890 [INFO] CmdLine:76 -  module                              text   rodata    data     bss
2025-08-27 10:22:34,890 [INFO] CmdLine:76 -  ------------------------------- -------- -------- ------- -------
2025-08-27 10:22:34,890 [INFO] CmdLine:76 -  NetworkRuntime1020_CM55_GCC.a     15,800       32       0       0
2025-08-27 10:22:34,890 [INFO] CmdLine:76 -  network.o                            596       40   1,888     136
2025-08-27 10:22:34,891 [INFO] CmdLine:76 -  network_data.o                        48       16      88       0
2025-08-27 10:22:34,891 [INFO] CmdLine:76 -  lib (toolchain)*                   1,132      340       0       0
2025-08-27 10:22:34,891 [INFO] CmdLine:76 -  ------------------------------- -------- -------- ------- -------
2025-08-27 10:22:34,891 [INFO] CmdLine:76 -  RT total**                        17,576      428   1,976     136
2025-08-27 10:22:34,892 [INFO] CmdLine:76 -  ------------------------------- -------- -------- ------- -------
2025-08-27 10:22:34,892 [INFO] CmdLine:76 -  weights                                0   24,784       0       0
2025-08-27 10:22:34,892 [INFO] CmdLine:76 -  activations                            0        0       0   1,824
2025-08-27 10:22:34,892 [INFO] CmdLine:76 -  io                                     0        0       0       0
2025-08-27 10:22:34,892 [INFO] CmdLine:76 -  ------------------------------- -------- -------- ------- -------
2025-08-27 10:22:34,892 [INFO] CmdLine:76 -  TOTAL                             17,576   25,212   1,976   1,960
2025-08-27 10:22:34,892 [INFO] CmdLine:76 -  ------------------------------- -------- -------- ------- -------
2025-08-27 10:22:34,892 [INFO] CmdLine:76 -  *  toolchain objects (libm/libgcc*)
2025-08-27 10:22:34,892 [INFO] CmdLine:76 -  ** RT AI runtime objects (kernels+infrastructure)
2025-08-27 10:22:34,892 [INFO] CmdLine:76 -   Summary - "stm32n6" target
2025-08-27 10:22:34,893 [INFO] CmdLine:76 -   ---------------------------------------------------
2025-08-27 10:22:34,893 [INFO] CmdLine:76 -                FLASH (ro)      %*   RAM (rw)       %
2025-08-27 10:22:34,893 [INFO] CmdLine:76 -   ---------------------------------------------------
2025-08-27 10:22:34,893 [INFO] CmdLine:76 -   RT total         19,980   44.6%      2,112   53.7%
2025-08-27 10:22:34,893 [INFO] CmdLine:76 -   ---------------------------------------------------
2025-08-27 10:22:34,893 [INFO] CmdLine:76 -   TOTAL            44,764              3,936
2025-08-27 10:22:34,894 [INFO] CmdLine:76 -   ---------------------------------------------------
2025-08-27 10:22:34,894 [INFO] CmdLine:76 -   *  rt/total
2025-08-27 10:22:34,894 [INFO] CmdLine:76 -  Generated files (7)
2025-08-27 10:22:34,894 [INFO] CmdLine:76 -  ---------------------------------------------------------------------
2025-08-27 10:22:34,894 [INFO] CmdLine:76 -  C:\Users\ZOJOLDRI\.stm32cubemx\network_output\network_data_params.h
2025-08-27 10:22:34,894 [INFO] CmdLine:76 -  C:\Users\ZOJOLDRI\.stm32cubemx\network_output\network_data_params.c
2025-08-27 10:22:34,894 [INFO] CmdLine:76 -  C:\Users\ZOJOLDRI\.stm32cubemx\network_output\network_data.h
2025-08-27 10:22:34,894 [INFO] CmdLine:76 -  C:\Users\ZOJOLDRI\.stm32cubemx\network_output\network_data.c
2025-08-27 10:22:34,894 [INFO] CmdLine:76 -  C:\Users\ZOJOLDRI\.stm32cubemx\network_output\network_config.h
2025-08-27 10:22:34,894 [INFO] CmdLine:76 -  C:\Users\ZOJOLDRI\.stm32cubemx\network_output\network.h
2025-08-27 10:22:34,894 [INFO] CmdLine:76 -  C:\Users\ZOJOLDRI\.stm32cubemx\network_output\network.c
2025-08-27 10:22:34,894 [INFO] CmdLine:76 - Creating txt report file C:\Users\ZOJOLDRI\.stm32cubemx\network_output\network_generate_report.txt
2025-08-27 10:22:37,508 [INFO] CmdLine:76 - elapsed time (generate): 61.055s
2025-08-27 10:22:37,906 [INFO] CmdLine:148 - stedgeai exit with status: 0
2025-08-27 10:22:37,921 [INFO] AIModelDetailledView:2380 - Analysis status: done
2025-08-27 10:22:38,906 [INFO] ProjectBuilder:3606 - Time for Copy HAL[1] : 502mS.
2025-08-27 10:22:38,906 [ERROR] Middleware:2950 - Invalid RefComponent list
2025-08-27 10:22:38,906 [ERROR] Middleware:2950 - Invalid RefComponent list
2025-08-27 10:22:38,906 [ERROR] Middleware:2950 - Invalid RefComponent list
2025-08-27 10:22:38,906 [ERROR] Middleware:2950 - Invalid RefComponent list
2025-08-27 10:22:38,906 [ERROR] Middleware:2950 - Invalid RefComponent list
2025-08-27 10:22:38,906 [ERROR] Middleware:2950 - Invalid RefComponent list
2025-08-27 10:22:38,906 [ERROR] Middleware:2950 - Invalid RefComponent list
2025-08-27 10:22:38,906 [ERROR] Middleware:2950 - Invalid RefComponent list
2025-08-27 10:22:38,906 [ERROR] Middleware:2950 - Invalid RefComponent list
2025-08-27 10:22:38,906 [ERROR] Middleware:2950 - Invalid RefComponent list
2025-08-27 10:22:38,906 [ERROR] Middleware:2950 - Invalid RefComponent list
2025-08-27 10:22:38,906 [ERROR] Middleware:2950 - Invalid RefComponent list
2025-08-27 10:22:38,906 [ERROR] Middleware:2950 - Invalid RefComponent list
2025-08-27 10:22:38,906 [ERROR] Middleware:2950 - Invalid RefComponent list
2025-08-27 10:22:38,906 [ERROR] Middleware:2950 - Invalid RefComponent list
2025-08-27 10:22:38,906 [ERROR] Middleware:2950 - Invalid RefComponent list
2025-08-27 10:22:38,906 [ERROR] Middleware:2950 - Invalid RefComponent list
2025-08-27 10:22:38,906 [ERROR] Middleware:2950 - Invalid RefComponent list
2025-08-27 10:22:38,906 [ERROR] Middleware:2950 - Invalid RefComponent list
2025-08-27 10:22:38,906 [ERROR] Middleware:2950 - Invalid RefComponent list
2025-08-27 10:22:38,906 [ERROR] Middleware:2950 - Invalid RefComponent list
2025-08-27 10:22:38,906 [ERROR] Middleware:2950 - Invalid RefComponent list
2025-08-27 10:22:38,906 [ERROR] Middleware:2950 - Invalid RefComponent list
2025-08-27 10:22:38,906 [ERROR] Middleware:2950 - Invalid RefComponent list
2025-08-27 10:22:38,906 [ERROR] Middleware:2950 - Invalid RefComponent list
2025-08-27 10:22:38,906 [ERROR] Middleware:2950 - Invalid RefComponent list
2025-08-27 10:22:38,906 [ERROR] Middleware:2950 - Invalid RefComponent list
2025-08-27 10:22:38,906 [ERROR] Middleware:2950 - Invalid RefComponent list
2025-08-27 10:22:38,907 [ERROR] Middleware:2950 - Invalid RefComponent list
2025-08-27 10:22:38,907 [ERROR] Middleware:2950 - Invalid RefComponent list
2025-08-27 10:22:38,907 [ERROR] Middleware:2950 - Invalid RefComponent list
2025-08-27 10:22:38,907 [ERROR] Middleware:2950 - Invalid RefComponent list
2025-08-27 10:22:38,907 [ERROR] Middleware:2950 - Invalid RefComponent list
2025-08-27 10:22:38,907 [ERROR] Middleware:2950 - Invalid RefComponent list
2025-08-27 10:22:38,907 [ERROR] Middleware:2950 - Invalid RefComponent list
2025-08-27 10:22:38,907 [ERROR] Middleware:2950 - Invalid RefComponent list
2025-08-27 10:22:38,907 [ERROR] Middleware:2950 - Invalid RefComponent list
2025-08-27 10:22:38,907 [ERROR] Middleware:2950 - Invalid RefComponent list
2025-08-27 10:22:38,907 [ERROR] Middleware:2950 - Invalid RefComponent list
2025-08-27 10:22:38,907 [ERROR] Middleware:2950 - Invalid RefComponent list
2025-08-27 10:22:38,907 [ERROR] Middleware:2950 - Invalid RefComponent list
2025-08-27 10:22:38,907 [ERROR] Middleware:2950 - Invalid RefComponent list
2025-08-27 10:22:38,907 [ERROR] Middleware:2950 - Invalid RefComponent list
2025-08-27 10:22:38,907 [ERROR] Middleware:2950 - Invalid RefComponent list
2025-08-27 10:22:38,907 [ERROR] Middleware:2950 - Invalid RefComponent list
2025-08-27 10:22:38,907 [ERROR] Middleware:2950 - Invalid RefComponent list
2025-08-27 10:22:38,907 [ERROR] Middleware:2950 - Invalid RefComponent list
2025-08-27 10:22:38,907 [ERROR] Middleware:2950 - Invalid RefComponent list
2025-08-27 10:22:38,907 [ERROR] Middleware:2950 - Invalid RefComponent list
2025-08-27 10:22:38,907 [ERROR] Middleware:2950 - Invalid RefComponent list
2025-08-27 10:22:38,907 [ERROR] Middleware:2950 - Invalid RefComponent list
2025-08-27 10:22:38,907 [ERROR] Middleware:2950 - Invalid RefComponent list
2025-08-27 10:22:38,907 [ERROR] Middleware:2950 - Invalid RefComponent list
2025-08-27 10:22:38,907 [ERROR] Middleware:2950 - Invalid RefComponent list
2025-08-27 10:22:38,907 [ERROR] Middleware:2950 - Invalid RefComponent list
2025-08-27 10:22:38,907 [ERROR] Middleware:2950 - Invalid RefComponent list
2025-08-27 10:22:38,907 [ERROR] Middleware:2950 - Invalid RefComponent list
2025-08-27 10:22:38,907 [ERROR] Middleware:2950 - Invalid RefComponent list
2025-08-27 10:22:38,907 [ERROR] Middleware:2950 - Invalid RefComponent list
2025-08-27 10:22:38,907 [ERROR] Middleware:2950 - Invalid RefComponent list
2025-08-27 10:22:38,907 [ERROR] Middleware:2950 - Invalid RefComponent list
2025-08-27 10:22:38,907 [ERROR] Middleware:2950 - Invalid RefComponent list
2025-08-27 10:22:38,907 [ERROR] Middleware:2950 - Invalid RefComponent list
2025-08-27 10:22:38,907 [ERROR] Middleware:2950 - Invalid RefComponent list
2025-08-27 10:22:38,907 [ERROR] Middleware:2950 - Invalid RefComponent list
2025-08-27 10:22:38,907 [ERROR] Middleware:2950 - Invalid RefComponent list
2025-08-27 10:22:38,907 [ERROR] Middleware:2950 - Invalid RefComponent list
2025-08-27 10:22:38,907 [ERROR] Middleware:2950 - Invalid RefComponent list
2025-08-27 10:22:38,907 [ERROR] Middleware:2950 - Invalid RefComponent list
2025-08-27 10:22:38,907 [ERROR] Middleware:2950 - Invalid RefComponent list
2025-08-27 10:22:38,921 [INFO] ProjectBuilder:5216 - Project Generator version: 4.7.0-B52
2025-08-27 10:22:38,972 [INFO] ConfigFileManager:1595 - The Die is : DIE486
2025-08-27 10:22:48,538 [INFO] ProjectBuilder:5056 - Time for Generating toolchain IDE Files: 9617mS.
2025-08-27 10:22:48,540 [INFO] ProjectBuilder:3463 - Time for Copy CMSIS : 1mS.
2025-08-27 10:22:48,550 [INFO] ProjectBuilder:3463 - Time for Copy CMSIS : 0mS.
2025-08-27 11:02:38,278 [INFO] WebApp:194 - Connection lost
2025-08-27 11:02:38,569 [INFO] WebApp:191 - Connection restablished
2025-08-27 12:59:12,297 [INFO] WebApp:194 - Connection lost
2025-08-27 12:59:12,576 [INFO] WebApp:191 - Connection restablished
2025-08-27 13:51:07,152 [WARN] IP:2250 - RefParam_XIP_memory not found: check if there is a RefParameter without a condition.
2025-08-27 13:51:07,152 [WARN] IP:2250 - RefParam_MEMORY_1_Size not found: check if there is a RefParameter without a condition.
2025-08-27 13:51:07,152 [WARN] IP:2250 - RefParam_MEMORY_1_FreqMax not found: check if there is a RefParameter without a condition.
2025-08-27 13:51:07,152 [WARN] IP:2250 - RefParam_MEMORY_1_ReadReg not found: check if there is a RefParameter without a condition.
2025-08-27 13:51:07,152 [WARN] IP:2250 - RefParam_MEMORY_1_WriteReg not found: check if there is a RefParameter without a condition.
2025-08-27 13:51:07,152 [WARN] IP:2250 - RefParam_MEMORY_1_RegSize not found: check if there is a RefParameter without a condition.
2025-08-27 13:51:07,153 [WARN] IP:2250 - RefParam_MEMORY_1_RegDummyCycle not found: check if there is a RefParameter without a condition.
2025-08-27 13:51:07,153 [WARN] IP:2250 - RefParam_MEMORY_1_WriteCommand not found: check if there is a RefParameter without a condition.
2025-08-27 13:51:07,153 [WARN] IP:2250 - RefParam_MEMORY_1_WriteDummyCycle not found: check if there is a RefParameter without a condition.
2025-08-27 13:51:07,153 [WARN] IP:2250 - RefParam_MEMORY_1_ReadCommand not found: check if there is a RefParameter without a condition.
2025-08-27 13:51:07,153 [WARN] IP:2250 - RefParam_MEMORY_1_WrapReadCommand not found: check if there is a RefParameter without a condition.
2025-08-27 13:51:07,153 [WARN] IP:2250 - RefParam_MEMORY_1_ReadDummyCycle not found: check if there is a RefParameter without a condition.
2025-08-27 13:51:07,153 [WARN] IP:2250 - RefParam_MEMORY_1_NumberOfConfig not found: check if there is a RefParameter without a condition.
2025-08-27 13:51:07,153 [WARN] IP:2250 - RefParam_MEMORY_1_Config1_WriteMask not found: check if there is a RefParameter without a condition.
2025-08-27 13:51:07,153 [WARN] IP:2250 - RefParam_MEMORY_1_Config1_WriteValue not found: check if there is a RefParameter without a condition.
2025-08-27 13:51:07,153 [WARN] IP:2250 - RefParam_MEMORY_1_Config1_RegAddress not found: check if there is a RefParameter without a condition.
2025-08-27 13:51:07,153 [WARN] IP:2250 - RefParam_MEMORY_1_Config2_WriteMask not found: check if there is a RefParameter without a condition.
2025-08-27 13:51:07,153 [WARN] IP:2250 - RefParam_MEMORY_1_Config2_WriteValue not found: check if there is a RefParameter without a condition.
2025-08-27 13:51:07,154 [WARN] IP:2250 - RefParam_MEMORY_1_Config2_RegAddress not found: check if there is a RefParameter without a condition.
2025-08-27 13:51:07,154 [WARN] IP:2250 - RefParam_MEMORY_1_Config3_WriteMask not found: check if there is a RefParameter without a condition.
2025-08-27 13:51:07,154 [WARN] IP:2250 - RefParam_MEMORY_1_Config3_WriteValue not found: check if there is a RefParameter without a condition.
2025-08-27 13:51:07,154 [WARN] IP:2250 - RefParam_MEMORY_1_Config3_RegAddress not found: check if there is a RefParameter without a condition.
2025-08-27 13:51:07,154 [WARN] IP:2250 - RefParam_MEMORY_2_Instance not found: check if there is a RefParameter without a condition.
2025-08-27 13:51:07,154 [WARN] IP:2250 - RefParam_MEMORY_2_ConfigType not found: check if there is a RefParameter without a condition.
2025-08-27 13:51:07,154 [WARN] IP:2250 - RefParam_MEMORY_2_Size not found: check if there is a RefParameter without a condition.
2025-08-27 13:51:07,155 [WARN] IP:2250 - RefParam_MEMORY_2_FreqMax not found: check if there is a RefParameter without a condition.
2025-08-27 13:51:07,155 [WARN] IP:2250 - RefParam_MEMORY_2_ReadReg not found: check if there is a RefParameter without a condition.
2025-08-27 13:51:07,155 [WARN] IP:2250 - RefParam_MEMORY_2_WriteReg not found: check if there is a RefParameter without a condition.
2025-08-27 13:51:07,155 [WARN] IP:2250 - RefParam_MEMORY_2_RegSize not found: check if there is a RefParameter without a condition.
2025-08-27 13:51:07,155 [WARN] IP:2250 - RefParam_MEMORY_2_RegDummyCycle not found: check if there is a RefParameter without a condition.
2025-08-27 13:51:07,155 [WARN] IP:2250 - RefParam_MEMORY_2_WriteCommand not found: check if there is a RefParameter without a condition.
2025-08-27 13:51:07,155 [WARN] IP:2250 - RefParam_MEMORY_2_WriteDummyCycle not found: check if there is a RefParameter without a condition.
2025-08-27 13:51:07,155 [WARN] IP:2250 - RefParam_MEMORY_2_ReadCommand not found: check if there is a RefParameter without a condition.
2025-08-27 13:51:07,155 [WARN] IP:2250 - RefParam_MEMORY_2_WrapReadCommand not found: check if there is a RefParameter without a condition.
2025-08-27 13:51:07,155 [WARN] IP:2250 - RefParam_MEMORY_2_ReadDummyCycle not found: check if there is a RefParameter without a condition.
2025-08-27 13:51:07,155 [WARN] IP:2250 - RefParam_MEMORY_2_NumberOfConfig not found: check if there is a RefParameter without a condition.
2025-08-27 13:51:07,155 [WARN] IP:2250 - RefParam_MEMORY_2_Config1_WriteMask not found: check if there is a RefParameter without a condition.
2025-08-27 13:51:07,155 [WARN] IP:2250 - RefParam_MEMORY_2_Config1_WriteValue not found: check if there is a RefParameter without a condition.
2025-08-27 13:51:07,155 [WARN] IP:2250 - RefParam_MEMORY_2_Config1_RegAddress not found: check if there is a RefParameter without a condition.
2025-08-27 13:51:07,155 [WARN] IP:2250 - RefParam_MEMORY_2_Config2_WriteMask not found: check if there is a RefParameter without a condition.
2025-08-27 13:51:07,156 [WARN] IP:2250 - RefParam_MEMORY_2_Config2_WriteValue not found: check if there is a RefParameter without a condition.
2025-08-27 13:51:07,156 [WARN] IP:2250 - RefParam_MEMORY_2_Config2_RegAddress not found: check if there is a RefParameter without a condition.
2025-08-27 13:51:07,156 [WARN] IP:2250 - RefParam_MEMORY_2_Config3_WriteMask not found: check if there is a RefParameter without a condition.
2025-08-27 13:51:07,156 [WARN] IP:2250 - RefParam_MEMORY_2_Config3_WriteValue not found: check if there is a RefParameter without a condition.
2025-08-27 13:51:07,156 [WARN] IP:2250 - RefParam_MEMORY_2_Config3_RegAddress not found: check if there is a RefParameter without a condition.
2025-08-27 13:51:07,447 [INFO] NvicIntPanel:101 - NVIC parent = com.st.microxplorer.plugins.ip.nvic.MultiNvicIntPanel[,0,0,0x0,invalid,layout=javax.swing.BoxLayout,alignmentX=0.0,alignmentY=0.0,border=,flags=9,maximumSize=,minimumSize=,preferredSize=]
2025-08-27 13:51:07,787 [WARN] IP:2250 - RefParam_XIP_memory not found: check if there is a RefParameter without a condition.
2025-08-27 13:51:07,787 [WARN] IP:2250 - RefParam_MEMORY_1_Size not found: check if there is a RefParameter without a condition.
2025-08-27 13:51:07,787 [WARN] IP:2250 - RefParam_MEMORY_1_FreqMax not found: check if there is a RefParameter without a condition.
2025-08-27 13:51:07,787 [WARN] IP:2250 - RefParam_MEMORY_1_ReadReg not found: check if there is a RefParameter without a condition.
2025-08-27 13:51:07,787 [WARN] IP:2250 - RefParam_MEMORY_1_WriteReg not found: check if there is a RefParameter without a condition.
2025-08-27 13:51:07,787 [WARN] IP:2250 - RefParam_MEMORY_1_RegSize not found: check if there is a RefParameter without a condition.
2025-08-27 13:51:07,788 [WARN] IP:2250 - RefParam_MEMORY_1_RegDummyCycle not found: check if there is a RefParameter without a condition.
2025-08-27 13:51:07,788 [WARN] IP:2250 - RefParam_MEMORY_1_WriteCommand not found: check if there is a RefParameter without a condition.
2025-08-27 13:51:07,788 [WARN] IP:2250 - RefParam_MEMORY_1_WriteDummyCycle not found: check if there is a RefParameter without a condition.
2025-08-27 13:51:07,788 [WARN] IP:2250 - RefParam_MEMORY_1_ReadCommand not found: check if there is a RefParameter without a condition.
2025-08-27 13:51:07,788 [WARN] IP:2250 - RefParam_MEMORY_1_WrapReadCommand not found: check if there is a RefParameter without a condition.
2025-08-27 13:51:07,788 [WARN] IP:2250 - RefParam_MEMORY_1_ReadDummyCycle not found: check if there is a RefParameter without a condition.
2025-08-27 13:51:07,788 [WARN] IP:2250 - RefParam_MEMORY_1_NumberOfConfig not found: check if there is a RefParameter without a condition.
2025-08-27 13:51:07,788 [WARN] IP:2250 - RefParam_MEMORY_1_Config1_WriteMask not found: check if there is a RefParameter without a condition.
2025-08-27 13:51:07,788 [WARN] IP:2250 - RefParam_MEMORY_1_Config1_WriteValue not found: check if there is a RefParameter without a condition.
2025-08-27 13:51:07,788 [WARN] IP:2250 - RefParam_MEMORY_1_Config1_RegAddress not found: check if there is a RefParameter without a condition.
2025-08-27 13:51:07,788 [WARN] IP:2250 - RefParam_MEMORY_1_Config2_WriteMask not found: check if there is a RefParameter without a condition.
2025-08-27 13:51:07,789 [WARN] IP:2250 - RefParam_MEMORY_1_Config2_WriteValue not found: check if there is a RefParameter without a condition.
2025-08-27 13:51:07,789 [WARN] IP:2250 - RefParam_MEMORY_1_Config2_RegAddress not found: check if there is a RefParameter without a condition.
2025-08-27 13:51:07,789 [WARN] IP:2250 - RefParam_MEMORY_1_Config3_WriteMask not found: check if there is a RefParameter without a condition.
2025-08-27 13:51:07,789 [WARN] IP:2250 - RefParam_MEMORY_1_Config3_WriteValue not found: check if there is a RefParameter without a condition.
2025-08-27 13:51:07,789 [WARN] IP:2250 - RefParam_MEMORY_1_Config3_RegAddress not found: check if there is a RefParameter without a condition.
2025-08-27 13:51:07,789 [WARN] IP:2250 - RefParam_MEMORY_2_Instance not found: check if there is a RefParameter without a condition.
2025-08-27 13:51:07,789 [WARN] IP:2250 - RefParam_MEMORY_2_ConfigType not found: check if there is a RefParameter without a condition.
2025-08-27 13:51:07,789 [WARN] IP:2250 - RefParam_MEMORY_2_Size not found: check if there is a RefParameter without a condition.
2025-08-27 13:51:07,789 [WARN] IP:2250 - RefParam_MEMORY_2_FreqMax not found: check if there is a RefParameter without a condition.
2025-08-27 13:51:07,789 [WARN] IP:2250 - RefParam_MEMORY_2_ReadReg not found: check if there is a RefParameter without a condition.
2025-08-27 13:51:07,789 [WARN] IP:2250 - RefParam_MEMORY_2_WriteReg not found: check if there is a RefParameter without a condition.
2025-08-27 13:51:07,790 [WARN] IP:2250 - RefParam_MEMORY_2_RegSize not found: check if there is a RefParameter without a condition.
2025-08-27 13:51:07,790 [WARN] IP:2250 - RefParam_MEMORY_2_RegDummyCycle not found: check if there is a RefParameter without a condition.
2025-08-27 13:51:07,790 [WARN] IP:2250 - RefParam_MEMORY_2_WriteCommand not found: check if there is a RefParameter without a condition.
2025-08-27 13:51:07,790 [WARN] IP:2250 - RefParam_MEMORY_2_WriteDummyCycle not found: check if there is a RefParameter without a condition.
2025-08-27 13:51:07,790 [WARN] IP:2250 - RefParam_MEMORY_2_ReadCommand not found: check if there is a RefParameter without a condition.
2025-08-27 13:51:07,790 [WARN] IP:2250 - RefParam_MEMORY_2_WrapReadCommand not found: check if there is a RefParameter without a condition.
2025-08-27 13:51:07,790 [WARN] IP:2250 - RefParam_MEMORY_2_ReadDummyCycle not found: check if there is a RefParameter without a condition.
2025-08-27 13:51:07,790 [WARN] IP:2250 - RefParam_MEMORY_2_NumberOfConfig not found: check if there is a RefParameter without a condition.
2025-08-27 13:51:07,790 [WARN] IP:2250 - RefParam_MEMORY_2_Config1_WriteMask not found: check if there is a RefParameter without a condition.
2025-08-27 13:51:07,790 [WARN] IP:2250 - RefParam_MEMORY_2_Config1_WriteValue not found: check if there is a RefParameter without a condition.
2025-08-27 13:51:07,790 [WARN] IP:2250 - RefParam_MEMORY_2_Config1_RegAddress not found: check if there is a RefParameter without a condition.
2025-08-27 13:51:07,790 [WARN] IP:2250 - RefParam_MEMORY_2_Config2_WriteMask not found: check if there is a RefParameter without a condition.
2025-08-27 13:51:07,790 [WARN] IP:2250 - RefParam_MEMORY_2_Config2_WriteValue not found: check if there is a RefParameter without a condition.
2025-08-27 13:51:07,790 [WARN] IP:2250 - RefParam_MEMORY_2_Config2_RegAddress not found: check if there is a RefParameter without a condition.
2025-08-27 13:51:07,791 [WARN] IP:2250 - RefParam_MEMORY_2_Config3_WriteMask not found: check if there is a RefParameter without a condition.
2025-08-27 13:51:07,791 [WARN] IP:2250 - RefParam_MEMORY_2_Config3_WriteValue not found: check if there is a RefParameter without a condition.
2025-08-27 13:51:07,791 [WARN] IP:2250 - RefParam_MEMORY_2_Config3_RegAddress not found: check if there is a RefParameter without a condition.
2025-08-27 13:51:08,007 [INFO] NvicIntPanel:101 - NVIC parent = com.st.microxplorer.plugins.ip.nvic.MultiNvicIntPanel[,0,0,0x0,invalid,layout=javax.swing.BoxLayout,alignmentX=0.0,alignmentY=0.0,border=,flags=9,maximumSize=,minimumSize=,preferredSize=]
2025-08-27 13:51:15,979 [INFO] UtilMem:75 - End SaveConfig() Used Memory: 846167056 Bytes (1073741824)
2025-08-27 13:51:17,036 [ERROR] IocParser:95 - Exception caught: null
2025-08-27 13:51:18,784 [INFO] UtilMem:75 - End SaveConfig() Used Memory: 894401552 Bytes (1073741824)
2025-08-27 13:51:19,486 [ERROR] IocParser:95 - Exception caught: null
2025-08-27 13:51:24,345 [INFO] UtilMem:75 - End SaveConfig() Used Memory: 682948464 Bytes (1073741824)
2025-08-27 13:51:25,010 [ERROR] IocParser:95 - Exception caught: null
2025-08-27 13:51:25,125 [INFO] BlockDiagram:2775 - set Specific Code input for plugin: EXTMEM_MANAGER
2025-08-27 13:51:25,125 [INFO] BlockDiagram:2775 - set Specific Code input for plugin: RAMCFG
2025-08-27 13:51:25,125 [INFO] BlockDiagram:2775 - set Specific Code input for plugin: RCC
2025-08-27 13:51:25,125 [INFO] BlockDiagram:2775 - set Specific Code input for plugin: CORTEX_M55_FSBL
2025-08-27 13:51:25,125 [INFO] BlockDiagram:2775 - set Specific Code input for plugin: XSPIM
2025-08-27 13:51:25,125 [INFO] BlockDiagram:2775 - set Specific Code input for plugin: STMicroelectronics.X-CUBE-AI.10.2.0
2025-08-27 13:51:25,125 [INFO] BlockDiagram:2775 - set Specific Code input for plugin: XSPI
2025-08-27 13:51:25,126 [INFO] BlockDiagram:2775 - set Specific Code input for plugin: NUCLEO-N657X0-Q
2025-08-27 13:51:25,126 [INFO] BlockDiagram:2775 - set Specific Code input for plugin: TIM1_8N6
2025-08-27 13:51:25,126 [INFO] BlockDiagram:2775 - set Specific Code input for plugin: CACHEAXI
2025-08-27 13:51:25,126 [INFO] BlockDiagram:2775 - set Specific Code input for plugin: BSEC
2025-08-27 13:51:25,126 [INFO] BlockDiagram:2775 - set Specific Code input for plugin: LPUART
2025-08-27 13:51:25,126 [INFO] BlockDiagram:2775 - set Specific Code input for plugin: NVIC
2025-08-27 13:51:25,126 [INFO] BlockDiagram:2775 - set Specific Code input for plugin: GPIO
2025-08-27 13:51:25,126 [INFO] BlockDiagram:2775 - set Specific Code input for plugin: RIF
2025-08-27 13:51:25,126 [INFO] BlockDiagram:2775 - set Specific Code input for plugin: NVIC1
2025-08-27 13:51:25,128 [INFO] CodeGenerator:892 - code generatio: config db path: C:\ST\STM32CubeIDE_1.19.0\STM32CubeIDE\plugins\com.st.stm32cube.common.mx_6.15.0.202507011659\\db\
2025-08-27 13:51:25,154 [WARN] IP:2250 - RefParam_XIP_memory not found: check if there is a RefParameter without a condition.
2025-08-27 13:51:25,155 [WARN] IP:2250 - RefParam_MEMORY_1_Size not found: check if there is a RefParameter without a condition.
2025-08-27 13:51:25,155 [WARN] IP:2250 - RefParam_MEMORY_1_FreqMax not found: check if there is a RefParameter without a condition.
2025-08-27 13:51:25,155 [WARN] IP:2250 - RefParam_MEMORY_1_ReadReg not found: check if there is a RefParameter without a condition.
2025-08-27 13:51:25,155 [WARN] IP:2250 - RefParam_MEMORY_1_WriteReg not found: check if there is a RefParameter without a condition.
2025-08-27 13:51:25,155 [WARN] IP:2250 - RefParam_MEMORY_1_RegSize not found: check if there is a RefParameter without a condition.
2025-08-27 13:51:25,155 [WARN] IP:2250 - RefParam_MEMORY_1_RegDummyCycle not found: check if there is a RefParameter without a condition.
2025-08-27 13:51:25,155 [WARN] IP:2250 - RefParam_MEMORY_1_WriteCommand not found: check if there is a RefParameter without a condition.
2025-08-27 13:51:25,155 [WARN] IP:2250 - RefParam_MEMORY_1_WriteDummyCycle not found: check if there is a RefParameter without a condition.
2025-08-27 13:51:25,155 [WARN] IP:2250 - RefParam_MEMORY_1_ReadCommand not found: check if there is a RefParameter without a condition.
2025-08-27 13:51:25,155 [WARN] IP:2250 - RefParam_MEMORY_1_WrapReadCommand not found: check if there is a RefParameter without a condition.
2025-08-27 13:51:25,155 [WARN] IP:2250 - RefParam_MEMORY_1_ReadDummyCycle not found: check if there is a RefParameter without a condition.
2025-08-27 13:51:25,155 [WARN] IP:2250 - RefParam_MEMORY_1_NumberOfConfig not found: check if there is a RefParameter without a condition.
2025-08-27 13:51:25,156 [WARN] IP:2250 - RefParam_MEMORY_1_Config1_WriteMask not found: check if there is a RefParameter without a condition.
2025-08-27 13:51:25,156 [WARN] IP:2250 - RefParam_MEMORY_1_Config1_WriteValue not found: check if there is a RefParameter without a condition.
2025-08-27 13:51:25,156 [WARN] IP:2250 - RefParam_MEMORY_1_Config1_RegAddress not found: check if there is a RefParameter without a condition.
2025-08-27 13:51:25,156 [WARN] IP:2250 - RefParam_MEMORY_1_Config2_WriteMask not found: check if there is a RefParameter without a condition.
2025-08-27 13:51:25,156 [WARN] IP:2250 - RefParam_MEMORY_1_Config2_WriteValue not found: check if there is a RefParameter without a condition.
2025-08-27 13:51:25,156 [WARN] IP:2250 - RefParam_MEMORY_1_Config2_RegAddress not found: check if there is a RefParameter without a condition.
2025-08-27 13:51:25,156 [WARN] IP:2250 - RefParam_MEMORY_1_Config3_WriteMask not found: check if there is a RefParameter without a condition.
2025-08-27 13:51:25,156 [WARN] IP:2250 - RefParam_MEMORY_1_Config3_WriteValue not found: check if there is a RefParameter without a condition.
2025-08-27 13:51:25,156 [WARN] IP:2250 - RefParam_MEMORY_1_Config3_RegAddress not found: check if there is a RefParameter without a condition.
2025-08-27 13:51:25,156 [WARN] IP:2250 - RefParam_MEMORY_2_Instance not found: check if there is a RefParameter without a condition.
2025-08-27 13:51:25,156 [WARN] IP:2250 - RefParam_MEMORY_2_ConfigType not found: check if there is a RefParameter without a condition.
2025-08-27 13:51:25,156 [WARN] IP:2250 - RefParam_MEMORY_2_Size not found: check if there is a RefParameter without a condition.
2025-08-27 13:51:25,156 [WARN] IP:2250 - RefParam_MEMORY_2_FreqMax not found: check if there is a RefParameter without a condition.
2025-08-27 13:51:25,156 [WARN] IP:2250 - RefParam_MEMORY_2_ReadReg not found: check if there is a RefParameter without a condition.
2025-08-27 13:51:25,156 [WARN] IP:2250 - RefParam_MEMORY_2_WriteReg not found: check if there is a RefParameter without a condition.
2025-08-27 13:51:25,156 [WARN] IP:2250 - RefParam_MEMORY_2_RegSize not found: check if there is a RefParameter without a condition.
2025-08-27 13:51:25,156 [WARN] IP:2250 - RefParam_MEMORY_2_RegDummyCycle not found: check if there is a RefParameter without a condition.
2025-08-27 13:51:25,156 [WARN] IP:2250 - RefParam_MEMORY_2_WriteCommand not found: check if there is a RefParameter without a condition.
2025-08-27 13:51:25,156 [WARN] IP:2250 - RefParam_MEMORY_2_WriteDummyCycle not found: check if there is a RefParameter without a condition.
2025-08-27 13:51:25,156 [WARN] IP:2250 - RefParam_MEMORY_2_ReadCommand not found: check if there is a RefParameter without a condition.
2025-08-27 13:51:25,157 [WARN] IP:2250 - RefParam_MEMORY_2_WrapReadCommand not found: check if there is a RefParameter without a condition.
2025-08-27 13:51:25,157 [WARN] IP:2250 - RefParam_MEMORY_2_ReadDummyCycle not found: check if there is a RefParameter without a condition.
2025-08-27 13:51:25,157 [WARN] IP:2250 - RefParam_MEMORY_2_NumberOfConfig not found: check if there is a RefParameter without a condition.
2025-08-27 13:51:25,157 [WARN] IP:2250 - RefParam_MEMORY_2_Config1_WriteMask not found: check if there is a RefParameter without a condition.
2025-08-27 13:51:25,157 [WARN] IP:2250 - RefParam_MEMORY_2_Config1_WriteValue not found: check if there is a RefParameter without a condition.
2025-08-27 13:51:25,157 [WARN] IP:2250 - RefParam_MEMORY_2_Config1_RegAddress not found: check if there is a RefParameter without a condition.
2025-08-27 13:51:25,157 [WARN] IP:2250 - RefParam_MEMORY_2_Config2_WriteMask not found: check if there is a RefParameter without a condition.
2025-08-27 13:51:25,157 [WARN] IP:2250 - RefParam_MEMORY_2_Config2_WriteValue not found: check if there is a RefParameter without a condition.
2025-08-27 13:51:25,157 [WARN] IP:2250 - RefParam_MEMORY_2_Config2_RegAddress not found: check if there is a RefParameter without a condition.
2025-08-27 13:51:25,157 [WARN] IP:2250 - RefParam_MEMORY_2_Config3_WriteMask not found: check if there is a RefParameter without a condition.
2025-08-27 13:51:25,157 [WARN] IP:2250 - RefParam_MEMORY_2_Config3_WriteValue not found: check if there is a RefParameter without a condition.
2025-08-27 13:51:25,157 [WARN] IP:2250 - RefParam_MEMORY_2_Config3_RegAddress not found: check if there is a RefParameter without a condition.
2025-08-27 13:51:25,240 [INFO] Middleware:1452 - No code input for Bsp Dependency
2025-08-27 13:51:25,241 [INFO] Middleware:1452 - No code input for Bsp Dependency
2025-08-27 13:51:25,242 [INFO] Middleware:1452 - No code input for Bsp Dependency
2025-08-27 13:51:25,243 [INFO] Middleware:1452 - No code input for Bsp Dependency
2025-08-27 13:51:25,243 [INFO] Middleware:1452 - No code input for Bsp Dependency
2025-08-27 13:51:25,243 [INFO] IP:3329 - RTE Config file name : RTE_Component
2025-08-27 13:51:25,243 [INFO] IP:3347 - RTE template : RTE_Components.ftl
2025-08-27 13:51:25,244 [INFO] Middleware:1452 - No code input for Bsp Dependency
2025-08-27 13:51:25,245 [INFO] Middleware:1452 - No code input for Bsp Dependency
2025-08-27 13:51:25,246 [INFO] Middleware:1452 - No code input for Bsp Dependency
2025-08-27 13:51:25,246 [INFO] CodeGenerator:1619 - *******************Project context FSBL selected
2025-08-27 13:51:25,304 [INFO] CodeEngine:265 - oldGeneratedFile, C:\ST\AB_LSTM\AB_LSTM\MXTmpFiles\license.tmp_save
2025-08-27 13:51:25,649 [INFO] CodeEngine:289 - Generated code: C:\ST\AB_LSTM\AB_LSTM\MXTmpFiles\license.tmp
2025-08-27 13:51:25,705 [INFO] CodeEngine:265 - oldGeneratedFile, C:\ST\AB_LSTM\AB_LSTM\FSBL\MXTmpFiles\gpio.tmp_save
2025-08-27 13:51:25,857 [INFO] CodeEngine:289 - Generated code: C:\ST\AB_LSTM\AB_LSTM\FSBL\MXTmpFiles\gpio.tmp
2025-08-27 13:51:26,005 [WARN] IPConfigManager:103 - WARNING: Missing Config File for XSPIM ip!!
2025-08-27 13:51:26,054 [INFO] Middleware:1452 - No code input for Bsp Dependency
2025-08-27 13:51:26,062 [INFO] CodeEngine:265 - oldGeneratedFile, C:\ST\AB_LSTM\AB_LSTM\FSBL\MXTmpFiles\boot_code.tmp_save
2025-08-27 13:51:26,170 [INFO] CodeEngine:289 - Generated code: C:\ST\AB_LSTM\AB_LSTM\FSBL\MXTmpFiles\boot_code.tmp
2025-08-27 13:51:26,190 [INFO] CodeEngine:265 - oldGeneratedFile, C:\ST\AB_LSTM\AB_LSTM\FSBL\MXTmpFiles\cortex.tmp_save
2025-08-27 13:51:26,307 [INFO] CodeEngine:289 - Generated code: C:\ST\AB_LSTM\AB_LSTM\FSBL\MXTmpFiles\cortex.tmp
2025-08-27 13:51:26,319 [INFO] Middleware:1452 - No code input for Bsp Dependency
2025-08-27 13:51:26,329 [INFO] CodeEngine:265 - oldGeneratedFile, C:\ST\AB_LSTM\AB_LSTM\FSBL\Core\Inc\extmem_manager.h_save
2025-08-27 13:51:26,455 [INFO] CodeEngine:289 - Generated code: C:\ST\AB_LSTM\AB_LSTM\FSBL\Core\Inc\extmem_manager.h
2025-08-27 13:51:26,462 [INFO] CodeEngine:265 - oldGeneratedFile, C:\ST\AB_LSTM\AB_LSTM\FSBL\Core\Src\extmem_manager.c_save
2025-08-27 13:51:26,566 [INFO] CodeEngine:289 - Generated code: C:\ST\AB_LSTM\AB_LSTM\FSBL\Core\Src\extmem_manager.c
2025-08-27 13:51:26,572 [INFO] CodeEngine:265 - oldGeneratedFile, C:\ST\AB_LSTM\AB_LSTM\FSBL\Core\Inc\stm32_extmem_conf.h_save
2025-08-27 13:51:26,685 [INFO] CodeEngine:289 - Generated code: C:\ST\AB_LSTM\AB_LSTM\FSBL\Core\Inc\stm32_extmem_conf.h
2025-08-27 13:51:26,693 [INFO] CodeEngine:265 - oldGeneratedFile, C:\ST\AB_LSTM\AB_LSTM\FSBL\MXTmpFiles\boot_code.tmp_save
2025-08-27 13:51:26,739 [INFO] CodeEngine:289 - Generated code: C:\ST\AB_LSTM\AB_LSTM\FSBL\MXTmpFiles\boot_code.tmp
2025-08-27 13:51:26,771 [INFO] CodeEngine:265 - oldGeneratedFile, C:\ST\AB_LSTM\AB_LSTM\FSBL\Core\Src\stm32n6xx_it.c_save
2025-08-27 13:51:26,961 [INFO] CodeEngine:289 - Generated code: C:\ST\AB_LSTM\AB_LSTM\FSBL\Core\Src\stm32n6xx_it.c
2025-08-27 13:51:26,968 [INFO] CodeEngine:265 - oldGeneratedFile, C:\ST\AB_LSTM\AB_LSTM\FSBL\Core\Inc\stm32n6xx_it.h_save
2025-08-27 13:51:27,060 [INFO] CodeEngine:289 - Generated code: C:\ST\AB_LSTM\AB_LSTM\FSBL\Core\Inc\stm32n6xx_it.h
2025-08-27 13:51:27,166 [INFO] CodeEngine:265 - oldGeneratedFile, C:\ST\AB_LSTM\AB_LSTM\FSBL\Core\Src\stm32n6xx_hal_msp.c_save
2025-08-27 13:51:27,358 [INFO] CodeEngine:289 - Generated code: C:\ST\AB_LSTM\AB_LSTM\FSBL\Core\Src\stm32n6xx_hal_msp.c
2025-08-27 13:51:27,373 [INFO] CodeEngine:265 - oldGeneratedFile, C:\ST\AB_LSTM\AB_LSTM\FSBL\MXTmpFiles\system.tmp_save
2025-08-27 13:51:27,431 [INFO] CodeEngine:289 - Generated code: C:\ST\AB_LSTM\AB_LSTM\FSBL\MXTmpFiles\system.tmp
2025-08-27 13:51:27,453 [INFO] CodeEngine:321 - oldGeneratedFile, C:\ST\AB_LSTM\AB_LSTM\FSBL\Core\Inc\stm32n6xx_hal_conf.h_save
2025-08-27 13:51:27,577 [INFO] CodeEngine:345 - Generated code: C:\ST\AB_LSTM\AB_LSTM\FSBL\Core\Inc\stm32n6xx_hal_conf.h
2025-08-27 13:51:27,596 [WARN] IPConfigManager:3238 - Warning: the RefConfig RCC_ConfigVoltageScaling is not available in your config.xml file
2025-08-27 13:51:27,602 [WARN] IPConfigManager:3238 - Warning: the RefConfig RCC_RTC_HSEDIV is not available in your config.xml file
2025-08-27 13:51:27,610 [ERROR] ApiDbMcu:560 - Cannot parse XSPIM_Config file : file do not exist
2025-08-27 13:51:27,623 [INFO] CodeEngine:265 - oldGeneratedFile, C:\ST\AB_LSTM\AB_LSTM\FSBL\Core\Inc\main.h_save
2025-08-27 13:51:27,761 [INFO] CodeEngine:289 - Generated code: C:\ST\AB_LSTM\AB_LSTM\FSBL\Core\Inc\main.h
2025-08-27 13:51:27,769 [INFO] CodeEngine:265 - oldGeneratedFile, C:\ST\AB_LSTM\AB_LSTM\FSBL\Core\Src\main.c_save
2025-08-27 13:51:27,927 [INFO] CodeEngine:289 - Generated code: C:\ST\AB_LSTM\AB_LSTM\FSBL\Core\Src\main.c
2025-08-27 13:51:27,993 [INFO] CodeGenerator:1619 - *******************Project context Appli selected
2025-08-27 13:51:28,049 [INFO] IP:3329 - RTE Config file name : RTE_Component
2025-08-27 13:51:28,049 [INFO] IP:3347 - RTE template : RTE_Components.ftl
2025-08-27 13:51:28,064 [INFO] CodeEngine:265 - oldGeneratedFile, C:\ST\AB_LSTM\AB_LSTM\MXTmpFiles\license.tmp_save
2025-08-27 13:51:28,153 [INFO] CodeEngine:289 - Generated code: C:\ST\AB_LSTM\AB_LSTM\MXTmpFiles\license.tmp
2025-08-27 13:51:28,175 [INFO] CodeEngine:265 - oldGeneratedFile, C:\ST\AB_LSTM\AB_LSTM\Appli\MXTmpFiles\gpio.tmp_save
2025-08-27 13:51:28,265 [INFO] CodeEngine:289 - Generated code: C:\ST\AB_LSTM\AB_LSTM\Appli\MXTmpFiles\gpio.tmp
2025-08-27 13:51:28,328 [WARN] IPConfigManager:103 - WARNING: Missing Config File for NVIC ip!!
2025-08-27 13:51:28,392 [INFO] Middleware:1452 - No code input for Bsp Dependency
2025-08-27 13:51:28,393 [INFO] Middleware:1452 - No code input for Bsp Dependency
2025-08-27 13:51:28,393 [INFO] IP:3329 - RTE Config file name : RTE_Component
2025-08-27 13:51:28,393 [INFO] IP:3347 - RTE template : RTE_Components.ftl
2025-08-27 13:51:28,404 [INFO] CodeEngine:265 - oldGeneratedFile, C:\ST\AB_LSTM\AB_LSTM\Appli\MXTmpFiles\cortex.tmp_save
2025-08-27 13:51:28,470 [INFO] CodeEngine:289 - Generated code: C:\ST\AB_LSTM\AB_LSTM\Appli\MXTmpFiles\cortex.tmp
2025-08-27 13:51:28,499 [INFO] CodeEngine:265 - oldGeneratedFile, C:\ST\AB_LSTM\AB_LSTM\Appli\Core\Inc\stm32n6xx_nucleo_conf.h_save
2025-08-27 13:51:28,588 [INFO] CodeEngine:289 - Generated code: C:\ST\AB_LSTM\AB_LSTM\Appli\Core\Inc\stm32n6xx_nucleo_conf.h
2025-08-27 13:51:28,593 [INFO] CodeEngine:265 - oldGeneratedFile, C:\ST\AB_LSTM\AB_LSTM\Appli\MXTmpFiles\bsp_inc.tmp_save
2025-08-27 13:51:28,637 [INFO] CodeEngine:289 - Generated code: C:\ST\AB_LSTM\AB_LSTM\Appli\MXTmpFiles\bsp_inc.tmp
2025-08-27 13:51:28,647 [INFO] CodeEngine:265 - oldGeneratedFile, C:\ST\AB_LSTM\AB_LSTM\Appli\MXTmpFiles\bsp_common_vars.tmp_save
2025-08-27 13:51:28,683 [INFO] CodeEngine:289 - Generated code: C:\ST\AB_LSTM\AB_LSTM\Appli\MXTmpFiles\bsp_common_vars.tmp
2025-08-27 13:51:28,687 [INFO] CodeEngine:265 - oldGeneratedFile, C:\ST\AB_LSTM\AB_LSTM\Appli\MXTmpFiles\bsp_common_init.tmp_save
2025-08-27 13:51:28,729 [INFO] CodeEngine:289 - Generated code: C:\ST\AB_LSTM\AB_LSTM\Appli\MXTmpFiles\bsp_common_init.tmp
2025-08-27 13:51:28,739 [INFO] CodeEngine:265 - oldGeneratedFile, C:\ST\AB_LSTM\AB_LSTM\Appli\MXTmpFiles\bsp_common_demo_before_while.tmp_save
2025-08-27 13:51:28,774 [INFO] CodeEngine:289 - Generated code: C:\ST\AB_LSTM\AB_LSTM\Appli\MXTmpFiles\bsp_common_demo_before_while.tmp
2025-08-27 13:51:28,777 [INFO] CodeEngine:265 - oldGeneratedFile, C:\ST\AB_LSTM\AB_LSTM\Appli\MXTmpFiles\bsp_common_demo_inside_while.tmp_save
2025-08-27 13:51:28,813 [INFO] CodeEngine:289 - Generated code: C:\ST\AB_LSTM\AB_LSTM\Appli\MXTmpFiles\bsp_common_demo_inside_while.tmp
2025-08-27 13:51:28,817 [INFO] CodeEngine:265 - oldGeneratedFile, C:\ST\AB_LSTM\AB_LSTM\Appli\MXTmpFiles\bsp_common_demo_fct.tmp_save
2025-08-27 13:51:28,853 [INFO] CodeEngine:289 - Generated code: C:\ST\AB_LSTM\AB_LSTM\Appli\MXTmpFiles\bsp_common_demo_fct.tmp
2025-08-27 13:51:28,856 [INFO] Middleware:1452 - No code input for Bsp Dependency
2025-08-27 13:51:28,857 [INFO] Middleware:1452 - No code input for Bsp Dependency
2025-08-27 13:51:28,857 [INFO] IP:3329 - RTE Config file name : RTE_Component
2025-08-27 13:51:28,857 [INFO] IP:3347 - RTE template : RTE_Components.ftl
2025-08-27 13:51:28,863 [INFO] CodeEngine:265 - oldGeneratedFile, C:\ST\AB_LSTM\AB_LSTM\Appli\X-CUBE-AI\App\app_x-cube-ai.h_save
2025-08-27 13:51:28,956 [INFO] CodeEngine:289 - Generated code: C:\ST\AB_LSTM\AB_LSTM\Appli\X-CUBE-AI\App\app_x-cube-ai.h
2025-08-27 13:51:28,961 [INFO] CodeEngine:265 - oldGeneratedFile, C:\ST\AB_LSTM\AB_LSTM\Appli\X-CUBE-AI\constants_ai.h_save
2025-08-27 13:51:29,024 [INFO] CodeEngine:289 - Generated code: C:\ST\AB_LSTM\AB_LSTM\Appli\X-CUBE-AI\constants_ai.h
2025-08-27 13:51:29,030 [INFO] CodeEngine:265 - oldGeneratedFile, C:\ST\AB_LSTM\AB_LSTM\Appli\X-CUBE-AI\App\app_x-cube-ai.c_save
2025-08-27 13:51:29,112 [INFO] CodeEngine:289 - Generated code: C:\ST\AB_LSTM\AB_LSTM\Appli\X-CUBE-AI\App\app_x-cube-ai.c
2025-08-27 13:51:29,144 [INFO] CodeEngine:265 - oldGeneratedFile, C:\ST\AB_LSTM\AB_LSTM\Appli\Core\Src\stm32n6xx_it.c_save
2025-08-27 13:51:29,306 [INFO] CodeEngine:289 - Generated code: C:\ST\AB_LSTM\AB_LSTM\Appli\Core\Src\stm32n6xx_it.c
2025-08-27 13:51:29,320 [INFO] CodeEngine:265 - oldGeneratedFile, C:\ST\AB_LSTM\AB_LSTM\Appli\Core\Inc\stm32n6xx_it.h_save
2025-08-27 13:51:29,376 [INFO] CodeEngine:289 - Generated code: C:\ST\AB_LSTM\AB_LSTM\Appli\Core\Inc\stm32n6xx_it.h
2025-08-27 13:51:29,379 [INFO] IP:3329 - RTE Config file name : RTE_Component
2025-08-27 13:51:29,379 [INFO] IP:3347 - RTE template : RTE_Components.ftl
2025-08-27 13:51:29,379 [INFO] CodeGenerator:2312 - Add RTE Code Input 
2025-08-27 13:51:29,386 [INFO] CodeEngine:265 - oldGeneratedFile, C:\ST\AB_LSTM\AB_LSTM\Appli\Core\Inc\RTE_Components.h_save
2025-08-27 13:51:29,477 [INFO] CodeEngine:289 - Generated code: C:\ST\AB_LSTM\AB_LSTM\Appli\Core\Inc\RTE_Components.h
2025-08-27 13:51:29,485 [INFO] CodeEngine:265 - oldGeneratedFile, C:\ST\AB_LSTM\AB_LSTM\Appli\MXTmpFiles\RIFInit.tmp_save
2025-08-27 13:51:29,565 [INFO] CodeEngine:289 - Generated code: C:\ST\AB_LSTM\AB_LSTM\Appli\MXTmpFiles\RIFInit.tmp
2025-08-27 13:51:29,624 [INFO] CodeEngine:265 - oldGeneratedFile, C:\ST\AB_LSTM\AB_LSTM\Appli\Core\Src\stm32n6xx_hal_msp.c_save
2025-08-27 13:51:29,763 [INFO] CodeEngine:289 - Generated code: C:\ST\AB_LSTM\AB_LSTM\Appli\Core\Src\stm32n6xx_hal_msp.c
2025-08-27 13:51:29,768 [INFO] CodeEngine:265 - oldGeneratedFile, C:\ST\AB_LSTM\AB_LSTM\Appli\MXTmpFiles\system.tmp_save
2025-08-27 13:51:29,797 [INFO] CodeEngine:289 - Generated code: C:\ST\AB_LSTM\AB_LSTM\Appli\MXTmpFiles\system.tmp
2025-08-27 13:51:29,808 [INFO] CodeEngine:321 - oldGeneratedFile, C:\ST\AB_LSTM\AB_LSTM\Appli\Core\Inc\stm32n6xx_hal_conf.h_save
2025-08-27 13:51:29,902 [INFO] CodeEngine:345 - Generated code: C:\ST\AB_LSTM\AB_LSTM\Appli\Core\Inc\stm32n6xx_hal_conf.h
2025-08-27 13:51:29,916 [WARN] IPConfigManager:3238 - Warning: the RefConfig RCC_ConfigVoltageScaling is not available in your config.xml file
2025-08-27 13:51:29,917 [WARN] IPConfigManager:3238 - Warning: the RefConfig RCC_RTC_HSEDIV is not available in your config.xml file
2025-08-27 13:51:29,927 [WARN] IPConfigManager:3811 - IP not found : TIM
2025-08-27 13:51:29,928 [WARN] CodeGenerator:4259 - IP not found : null
2025-08-27 13:51:29,935 [INFO] CodeEngine:265 - oldGeneratedFile, C:\ST\AB_LSTM\AB_LSTM\Appli\Core\Inc\main.h_save
2025-08-27 13:51:30,041 [INFO] CodeEngine:289 - Generated code: C:\ST\AB_LSTM\AB_LSTM\Appli\Core\Inc\main.h
2025-08-27 13:51:30,047 [INFO] CodeEngine:265 - oldGeneratedFile, C:\ST\AB_LSTM\AB_LSTM\Appli\Core\Src\main.c_save
2025-08-27 13:51:30,168 [INFO] CodeEngine:289 - Generated code: C:\ST\AB_LSTM\AB_LSTM\Appli\Core\Src\main.c
2025-08-27 13:51:30,178 [INFO] CodeEngine:265 - oldGeneratedFile, C:\ST\AB_LSTM\AB_LSTM\Appli\Core\Src\secure_nsc.c_save
2025-08-27 13:51:30,260 [INFO] CodeEngine:289 - Generated code: C:\ST\AB_LSTM\AB_LSTM\Appli\Core\Src\secure_nsc.c
2025-08-27 13:51:30,266 [INFO] CodeEngine:265 - oldGeneratedFile, C:\ST\AB_LSTM\AB_LSTM\Appli\Core\Inc\partition_stm32n657xx.h_save
2025-08-27 13:51:30,344 [INFO] CodeEngine:289 - Generated code: C:\ST\AB_LSTM\AB_LSTM\Appli\Core\Inc\partition_stm32n657xx.h
2025-08-27 13:51:30,349 [INFO] CodeEngine:265 - oldGeneratedFile, C:\ST\AB_LSTM\AB_LSTM\Secure_nsclib\secure_nsc.h_save
2025-08-27 13:51:30,415 [INFO] CodeEngine:289 - Generated code: C:\ST\AB_LSTM\AB_LSTM\Secure_nsclib\secure_nsc.h
2025-08-27 13:51:30,443 [INFO] CodeGenerator:1707 - *******************Project context ExtMemLoader Not selected
2025-08-27 13:51:31,311 [INFO] AInterface:322 - ModelName:network; files:[C:\Users\ZOJOLDRI\OneDrive - Carl Zeiss AG\Dokumente\Zeiss\SMT\Bachelor\AB Encoder Model\AB_Encoder_Synthetic_Data\lstm_ab_encoder.h5]; type:Keras; compression:None
2025-08-27 13:51:31,311 [INFO] AInterface:526 - workspaceTempDir: C:/Users/ZOJOLDRI/AppData/Local/Temp/mxAI_workspace5296609771307005130835346827855286
2025-08-27 13:51:31,311 [INFO] AInterface:1176 - Setting Env: C:/Users/ZOJOLDRI/STM32Cube/Repository/Packs/STMicroelectronics/X-CUBE-AI/10.2.0/Utilities/windows
2025-08-27 13:51:31,320 [INFO] STM32CubeIDEBuilder:265 - Looking for gnu-tools-for-stm32 tools/bin/arm-none-eabi-gcc.exe in C:\ST\STM32CubeIDE_1.19.0\STM32CubeIDE
2025-08-27 13:51:31,322 [INFO] STM32CubeIDEBuilder:294 - checking C:\ST\STM32CubeIDE_1.19.0\STM32CubeIDE\plugins\com.st.stm32cube.ide.mcu.externaltools.gnu-tools-for-stm32.13.3.rel1.win32_1.0.0.202411081344\tools\bin\arm-none-eabi-gcc.exe
2025-08-27 13:51:31,322 [INFO] STM32CubeIDEBuilder:297 - ret=C:\ST\STM32CubeIDE_1.19.0\STM32CubeIDE\plugins\com.st.stm32cube.ide.mcu.externaltools.gnu-tools-for-stm32.13.3.rel1.win32_1.0.0.202411081344\tools\bin\arm-none-eabi-gcc.exe
2025-08-27 13:51:31,323 [INFO] STM32CubeIDEBuilder:311 - returning C:\ST\STM32CubeIDE_1.19.0\STM32CubeIDE\plugins\com.st.stm32cube.ide.mcu.externaltools.gnu-tools-for-stm32.13.3.rel1.win32_1.0.0.202411081344\tools\bin\arm-none-eabi-gcc.exe
2025-08-27 13:51:31,323 [INFO] AInterface:1233 - Custom PATH variable: C:/Users/ZOJOLDRI/STM32Cube/Repository/Packs/STMicroelectronics/X-CUBE-AI/10.2.0/Utilities/windows;C:/Users/ZOJOLDRI/STM32Cube/Repository/Packs/STMicroelectronics/X-CUBE-AI/10.2.0/Utilities/windows/mingw64/bin;C:/Users/ZOJOLDRI/STM32Cube/Repository/Packs/STMicroelectronics/X-CUBE-AI/10.2.0/Utilities/windows/mingw64/libexec/gcc/x86_64-w64-mingw32/7.3.0;;C:\ST\STM32CubeIDE_1.19.0\STM32CubeIDE\plugins\com.st.stm32cube.ide.mcu.externaltools.gnu-tools-for-stm32.13.3.rel1.win32_1.0.0.202411081344\tools\bin
2025-08-27 13:51:31,324 [INFO] CmdLine:115 - Command: C:/Users/ZOJOLDRI/STM32Cube/Repository/Packs/STMicroelectronics/X-CUBE-AI/10.2.0/Utilities/windows/stedgeai.exe generate --target stm32n6 --name network -m C:/Users/ZOJOLDRI/OneDrive - Carl Zeiss AG/Dokumente/Zeiss/SMT/Bachelor/AB Encoder Model/AB_Encoder_Synthetic_Data/lstm_ab_encoder.h5 --compression none --verbosity 1 --workspace C:/Users/ZOJOLDRI/AppData/Local/Temp/mxAI_workspace5296609771307005130835346827855286 --output C:/Users/ZOJOLDRI/.stm32cubemx/network_output
2025-08-27 13:51:31,325 [INFO] AIModelDetailledView:2380 - Analysis status: pending
2025-08-27 13:51:41,445 [INFO] CmdLine:76 - ST Edge AI Core v2.2.0-20266 2adc00962
2025-08-27 13:53:04,977 [INFO] CmdLine:76 - Creating c (debug) info json file C:\Users\ZOJOLDRI\.stm32cubemx\network_output\network_c_info.json
2025-08-27 13:53:05,004 [INFO] CmdLine:76 -  
2025-08-27 13:53:05,004 [INFO] CmdLine:76 -  Exec/report summary (generate)
2025-08-27 13:53:05,005 [INFO] CmdLine:76 -  ---------------------------------------------------------------------------------------------------------------------------------------------------------------
2025-08-27 13:53:05,005 [INFO] CmdLine:76 -  model file         :   C:\Users\ZOJOLDRI\OneDrive - Carl Zeiss AG\Dokumente\Zeiss\SMT\Bachelor\AB Encoder Model\AB_Encoder_Synthetic_Data\lstm_ab_encoder.h5   
2025-08-27 13:53:05,005 [INFO] CmdLine:76 -  type               :   keras                                                                                                                                   
2025-08-27 13:53:05,005 [INFO] CmdLine:76 -  c_name             :   network                                                                                                                                 
2025-08-27 13:53:05,005 [INFO] CmdLine:76 -  compression        :   none                                                                                                                                    
2025-08-27 13:53:05,006 [INFO] CmdLine:76 -  options            :   allocate-inputs, allocate-outputs                                                                                                       
2025-08-27 13:53:05,006 [INFO] CmdLine:76 -  optimization       :   balanced                                                                                                                                
2025-08-27 13:53:05,006 [INFO] CmdLine:76 -  target/series      :   stm32n6                                                                                                                                 
2025-08-27 13:53:05,006 [INFO] CmdLine:76 -  workspace dir      :   C:\Users\ZOJOLDRI\AppData\Local\Temp\mxAI_workspace5296609771307005130835346827855286                                                   
2025-08-27 13:53:05,006 [INFO] CmdLine:76 -  output dir         :   C:\Users\ZOJOLDRI\.stm32cubemx\network_output                                                                                           
2025-08-27 13:53:05,006 [INFO] CmdLine:76 -  model_fmt          :   float                                                                                                                                   
2025-08-27 13:53:05,006 [INFO] CmdLine:76 -  model_name         :   lstm_ab_encoder                                                                                                                         
2025-08-27 13:53:05,006 [INFO] CmdLine:76 -  model_hash         :   0xa47bada8397fa61bef25ba35fe6f4e01                                                                                                      
2025-08-27 13:53:05,006 [INFO] CmdLine:76 -  params #           :   6,100 items (23.83 KiB)                                                                                                                 
2025-08-27 13:53:05,007 [INFO] CmdLine:76 -  ---------------------------------------------------------------------------------------------------------------------------------------------------------------
2025-08-27 13:53:05,007 [INFO] CmdLine:76 -  input 1/1          :   'input_0', f32(1x20x10), 800 Bytes, activations                                                                                         
2025-08-27 13:53:05,008 [INFO] CmdLine:76 -  output 1/1         :   'output', f32(1x4), 16 Bytes, activations                                                                                               
2025-08-27 13:53:05,008 [INFO] CmdLine:76 -  macc               :   111,392                                                                                                                                 
2025-08-27 13:53:05,008 [INFO] CmdLine:76 -  weights (ro)       :   24,784 B (24.20 KiB) (1 segment) / +384(+1.6%) vs float model                                                                           
2025-08-27 13:53:05,008 [INFO] CmdLine:76 -  activations (rw)   :   1,824 B (1.78 KiB) (1 segment) *                                                                                                        
2025-08-27 13:53:05,009 [INFO] CmdLine:76 -  ram (total)        :   1,824 B (1.78 KiB) = 1,824 + 0 + 0                                                                                                      
2025-08-27 13:53:05,009 [INFO] CmdLine:76 -  ---------------------------------------------------------------------------------------------------------------------------------------------------------------
2025-08-27 13:53:05,009 [INFO] CmdLine:76 -  (*) 'input'/'output' buffers are allocated in the activations buffer
2025-08-27 13:53:05,009 [INFO] CmdLine:76 - Computing AI RT data/code size (target=stm32n6)..
2025-08-27 13:53:11,962 [INFO] CmdLine:76 -  Requested memory size by section - "stm32n6" target
2025-08-27 13:53:11,962 [INFO] CmdLine:76 -  ------------------------------- -------- -------- ------- -------
2025-08-27 13:53:11,963 [INFO] CmdLine:76 -  module                              text   rodata    data     bss
2025-08-27 13:53:11,963 [INFO] CmdLine:76 -  ------------------------------- -------- -------- ------- -------
2025-08-27 13:53:11,964 [INFO] CmdLine:76 -  NetworkRuntime1020_CM55_GCC.a     15,800       32       0       0
2025-08-27 13:53:11,964 [INFO] CmdLine:76 -  network.o                            596       40   1,888     136
2025-08-27 13:53:11,964 [INFO] CmdLine:76 -  network_data.o                        48       16      88       0
2025-08-27 13:53:11,964 [INFO] CmdLine:76 -  lib (toolchain)*                   1,132      340       0       0
2025-08-27 13:53:11,964 [INFO] CmdLine:76 -  ------------------------------- -------- -------- ------- -------
2025-08-27 13:53:11,964 [INFO] CmdLine:76 -  RT total**                        17,576      428   1,976     136
2025-08-27 13:53:11,965 [INFO] CmdLine:76 -  ------------------------------- -------- -------- ------- -------
2025-08-27 13:53:11,965 [INFO] CmdLine:76 -  weights                                0   24,784       0       0
2025-08-27 13:53:11,965 [INFO] CmdLine:76 -  activations                            0        0       0   1,824
2025-08-27 13:53:11,965 [INFO] CmdLine:76 -  io                                     0        0       0       0
2025-08-27 13:53:11,965 [INFO] CmdLine:76 -  ------------------------------- -------- -------- ------- -------
2025-08-27 13:53:11,965 [INFO] CmdLine:76 -  TOTAL                             17,576   25,212   1,976   1,960
2025-08-27 13:53:11,965 [INFO] CmdLine:76 -  ------------------------------- -------- -------- ------- -------
2025-08-27 13:53:11,965 [INFO] CmdLine:76 -  *  toolchain objects (libm/libgcc*)
2025-08-27 13:53:11,966 [INFO] CmdLine:76 -  ** RT AI runtime objects (kernels+infrastructure)
2025-08-27 13:53:11,966 [INFO] CmdLine:76 -   Summary - "stm32n6" target
2025-08-27 13:53:11,966 [INFO] CmdLine:76 -   ---------------------------------------------------
2025-08-27 13:53:11,966 [INFO] CmdLine:76 -                FLASH (ro)      %*   RAM (rw)       %
2025-08-27 13:53:11,966 [INFO] CmdLine:76 -   ---------------------------------------------------
2025-08-27 13:53:11,966 [INFO] CmdLine:76 -   RT total         19,980   44.6%      2,112   53.7%
2025-08-27 13:53:11,966 [INFO] CmdLine:76 -   ---------------------------------------------------
2025-08-27 13:53:11,967 [INFO] CmdLine:76 -   TOTAL            44,764              3,936
2025-08-27 13:53:11,967 [INFO] CmdLine:76 -   ---------------------------------------------------
2025-08-27 13:53:11,967 [INFO] CmdLine:76 -   *  rt/total
2025-08-27 13:53:11,967 [INFO] CmdLine:76 -  Generated files (7)
2025-08-27 13:53:11,967 [INFO] CmdLine:76 -  ---------------------------------------------------------------------
2025-08-27 13:53:11,968 [INFO] CmdLine:76 -  C:\Users\ZOJOLDRI\.stm32cubemx\network_output\network_data_params.h
2025-08-27 13:53:11,968 [INFO] CmdLine:76 -  C:\Users\ZOJOLDRI\.stm32cubemx\network_output\network_data_params.c
2025-08-27 13:53:11,968 [INFO] CmdLine:76 -  C:\Users\ZOJOLDRI\.stm32cubemx\network_output\network_data.h
2025-08-27 13:53:11,968 [INFO] CmdLine:76 -  C:\Users\ZOJOLDRI\.stm32cubemx\network_output\network_data.c
2025-08-27 13:53:11,969 [INFO] CmdLine:76 -  C:\Users\ZOJOLDRI\.stm32cubemx\network_output\network_config.h
2025-08-27 13:53:11,969 [INFO] CmdLine:76 -  C:\Users\ZOJOLDRI\.stm32cubemx\network_output\network.h
2025-08-27 13:53:11,969 [INFO] CmdLine:76 -  C:\Users\ZOJOLDRI\.stm32cubemx\network_output\network.c
2025-08-27 13:53:11,969 [INFO] CmdLine:76 - Creating txt report file C:\Users\ZOJOLDRI\.stm32cubemx\network_output\network_generate_report.txt
2025-08-27 13:53:14,631 [INFO] CmdLine:76 - elapsed time (generate): 93.184s
2025-08-27 13:53:14,990 [INFO] CmdLine:148 - stedgeai exit with status: 0
2025-08-27 13:53:15,002 [INFO] AIModelDetailledView:2380 - Analysis status: done
2025-08-27 13:53:15,783 [INFO] ProjectBuilder:3606 - Time for Copy HAL[1] : 378mS.
2025-08-27 13:53:15,784 [ERROR] Middleware:2950 - Invalid RefComponent list
2025-08-27 13:53:15,784 [ERROR] Middleware:2950 - Invalid RefComponent list
2025-08-27 13:53:15,784 [ERROR] Middleware:2950 - Invalid RefComponent list
2025-08-27 13:53:15,784 [ERROR] Middleware:2950 - Invalid RefComponent list
2025-08-27 13:53:15,784 [ERROR] Middleware:2950 - Invalid RefComponent list
2025-08-27 13:53:15,784 [ERROR] Middleware:2950 - Invalid RefComponent list
2025-08-27 13:53:15,784 [ERROR] Middleware:2950 - Invalid RefComponent list
2025-08-27 13:53:15,784 [ERROR] Middleware:2950 - Invalid RefComponent list
2025-08-27 13:53:15,784 [ERROR] Middleware:2950 - Invalid RefComponent list
2025-08-27 13:53:15,784 [ERROR] Middleware:2950 - Invalid RefComponent list
2025-08-27 13:53:15,784 [ERROR] Middleware:2950 - Invalid RefComponent list
2025-08-27 13:53:15,784 [ERROR] Middleware:2950 - Invalid RefComponent list
2025-08-27 13:53:15,784 [ERROR] Middleware:2950 - Invalid RefComponent list
2025-08-27 13:53:15,784 [ERROR] Middleware:2950 - Invalid RefComponent list
2025-08-27 13:53:15,784 [ERROR] Middleware:2950 - Invalid RefComponent list
2025-08-27 13:53:15,784 [ERROR] Middleware:2950 - Invalid RefComponent list
2025-08-27 13:53:15,784 [ERROR] Middleware:2950 - Invalid RefComponent list
2025-08-27 13:53:15,784 [ERROR] Middleware:2950 - Invalid RefComponent list
2025-08-27 13:53:15,784 [ERROR] Middleware:2950 - Invalid RefComponent list
2025-08-27 13:53:15,784 [ERROR] Middleware:2950 - Invalid RefComponent list
2025-08-27 13:53:15,784 [ERROR] Middleware:2950 - Invalid RefComponent list
2025-08-27 13:53:15,784 [ERROR] Middleware:2950 - Invalid RefComponent list
2025-08-27 13:53:15,784 [ERROR] Middleware:2950 - Invalid RefComponent list
2025-08-27 13:53:15,784 [ERROR] Middleware:2950 - Invalid RefComponent list
2025-08-27 13:53:15,784 [ERROR] Middleware:2950 - Invalid RefComponent list
2025-08-27 13:53:15,784 [ERROR] Middleware:2950 - Invalid RefComponent list
2025-08-27 13:53:15,784 [ERROR] Middleware:2950 - Invalid RefComponent list
2025-08-27 13:53:15,784 [ERROR] Middleware:2950 - Invalid RefComponent list
2025-08-27 13:53:15,784 [ERROR] Middleware:2950 - Invalid RefComponent list
2025-08-27 13:53:15,784 [ERROR] Middleware:2950 - Invalid RefComponent list
2025-08-27 13:53:15,784 [ERROR] Middleware:2950 - Invalid RefComponent list
2025-08-27 13:53:15,784 [ERROR] Middleware:2950 - Invalid RefComponent list
2025-08-27 13:53:15,784 [ERROR] Middleware:2950 - Invalid RefComponent list
2025-08-27 13:53:15,784 [ERROR] Middleware:2950 - Invalid RefComponent list
2025-08-27 13:53:15,784 [ERROR] Middleware:2950 - Invalid RefComponent list
2025-08-27 13:53:15,784 [ERROR] Middleware:2950 - Invalid RefComponent list
2025-08-27 13:53:15,784 [ERROR] Middleware:2950 - Invalid RefComponent list
2025-08-27 13:53:15,784 [ERROR] Middleware:2950 - Invalid RefComponent list
2025-08-27 13:53:15,784 [ERROR] Middleware:2950 - Invalid RefComponent list
2025-08-27 13:53:15,784 [ERROR] Middleware:2950 - Invalid RefComponent list
2025-08-27 13:53:15,784 [ERROR] Middleware:2950 - Invalid RefComponent list
2025-08-27 13:53:15,784 [ERROR] Middleware:2950 - Invalid RefComponent list
2025-08-27 13:53:15,784 [ERROR] Middleware:2950 - Invalid RefComponent list
2025-08-27 13:53:15,784 [ERROR] Middleware:2950 - Invalid RefComponent list
2025-08-27 13:53:15,784 [ERROR] Middleware:2950 - Invalid RefComponent list
2025-08-27 13:53:15,784 [ERROR] Middleware:2950 - Invalid RefComponent list
2025-08-27 13:53:15,784 [ERROR] Middleware:2950 - Invalid RefComponent list
2025-08-27 13:53:15,784 [ERROR] Middleware:2950 - Invalid RefComponent list
2025-08-27 13:53:15,784 [ERROR] Middleware:2950 - Invalid RefComponent list
2025-08-27 13:53:15,784 [ERROR] Middleware:2950 - Invalid RefComponent list
2025-08-27 13:53:15,784 [ERROR] Middleware:2950 - Invalid RefComponent list
2025-08-27 13:53:15,784 [ERROR] Middleware:2950 - Invalid RefComponent list
2025-08-27 13:53:15,784 [ERROR] Middleware:2950 - Invalid RefComponent list
2025-08-27 13:53:15,784 [ERROR] Middleware:2950 - Invalid RefComponent list
2025-08-27 13:53:15,784 [ERROR] Middleware:2950 - Invalid RefComponent list
2025-08-27 13:53:15,784 [ERROR] Middleware:2950 - Invalid RefComponent list
2025-08-27 13:53:15,784 [ERROR] Middleware:2950 - Invalid RefComponent list
2025-08-27 13:53:15,784 [ERROR] Middleware:2950 - Invalid RefComponent list
2025-08-27 13:53:15,784 [ERROR] Middleware:2950 - Invalid RefComponent list
2025-08-27 13:53:15,784 [ERROR] Middleware:2950 - Invalid RefComponent list
2025-08-27 13:53:15,785 [ERROR] Middleware:2950 - Invalid RefComponent list
2025-08-27 13:53:15,785 [ERROR] Middleware:2950 - Invalid RefComponent list
2025-08-27 13:53:15,785 [ERROR] Middleware:2950 - Invalid RefComponent list
2025-08-27 13:53:15,785 [ERROR] Middleware:2950 - Invalid RefComponent list
2025-08-27 13:53:15,785 [ERROR] Middleware:2950 - Invalid RefComponent list
2025-08-27 13:53:15,785 [ERROR] Middleware:2950 - Invalid RefComponent list
2025-08-27 13:53:15,785 [ERROR] Middleware:2950 - Invalid RefComponent list
2025-08-27 13:53:15,785 [ERROR] Middleware:2950 - Invalid RefComponent list
2025-08-27 13:53:15,785 [ERROR] Middleware:2950 - Invalid RefComponent list
2025-08-27 13:53:15,785 [ERROR] Middleware:2950 - Invalid RefComponent list
2025-08-27 13:53:15,801 [INFO] ProjectBuilder:5216 - Project Generator version: 4.7.0-B52
2025-08-27 13:53:15,863 [INFO] ConfigFileManager:1595 - The Die is : DIE486
2025-08-27 13:53:26,514 [INFO] ProjectBuilder:5056 - Time for Generating toolchain IDE Files: 10712mS.
2025-08-27 13:53:26,516 [INFO] ProjectBuilder:3463 - Time for Copy CMSIS : 2mS.
2025-08-27 13:53:26,525 [INFO] ProjectBuilder:3463 - Time for Copy CMSIS : 0mS.
2025-08-27 16:59:13,819 [INFO] WebApp:194 - Connection lost
2025-08-27 16:59:14,123 [INFO] WebApp:191 - Connection restablished
2025-08-27 18:39:19,051 [INFO] WebApp:194 - Connection lost
2025-08-27 18:39:19,402 [INFO] WebApp:191 - Connection restablished
