2025-08-29 00:03:13,086 [INFO] MainUpdater:2872 - connection check result : 10
2025-08-29 00:03:13,096 [INFO] MainUpdater:2872 - connection check result : 10
2025-08-29 00:03:13,132 [ERROR] IocParser:95 - Exception caught: null
2025-08-29 00:03:13,590 [INFO] MicroXplorer:468 - Change Database Path : 
2025-08-29 00:03:13,590 [INFO] MicroXplorer:498 - Change Database Version : DB.6.0.150
2025-08-29 00:03:13,677 [ERROR] ProjectManagerView:395 - 
java.lang.NullPointerException: Cannot invoke "javax.swing.JTextField.getText()" because the return value of "java.util.List.get(int)" is null
	at com.st.microxplorer.plugins.projectmanager.gui.ProjectChoiceTab$9.caretUpdate(ProjectChoiceTab.java:2706) ~[filemanager.jar:?]
	at javax.swing.text.JTextComponent.fireCaretUpdate(JTextComponent.java:408) ~[?:?]
	at javax.swing.text.JTextComponent$MutableCaretEvent.fire(JTextComponent.java:4484) ~[?:?]
	at javax.swing.text.JTextComponent$MutableCaretEvent.stateChanged(JTextComponent.java:4506) ~[?:?]
	at javax.swing.text.DefaultCaret.fireStateChanged(DefaultCaret.java:857) ~[?:?]
	at javax.swing.text.DefaultCaret.changeCaretPosition(DefaultCaret.java:1343) ~[?:?]
	at javax.swing.text.DefaultCaret.handleSetDot(DefaultCaret.java:1242) ~[?:?]
	at javax.swing.text.DefaultCaret.setDot(DefaultCaret.java:1223) ~[?:?]
	at javax.swing.text.DefaultCaret$Handler.insertUpdate(DefaultCaret.java:1819) ~[?:?]
	at javax.swing.text.AbstractDocument.fireInsertUpdate(AbstractDocument.java:227) ~[?:?]
	at javax.swing.text.AbstractDocument.handleInsertString(AbstractDocument.java:781) ~[?:?]
	at javax.swing.text.AbstractDocument.insertString(AbstractDocument.java:740) ~[?:?]
	at javax.swing.text.PlainDocument.insertString(PlainDocument.java:131) ~[?:?]
	at javax.swing.text.AbstractDocument.replace(AbstractDocument.java:699) ~[?:?]
	at javax.swing.text.JTextComponent.setText(JTextComponent.java:1725) ~[?:?]
	at com.st.microxplorer.plugins.projectmanager.gui.ProjectChoiceTab.createHeapStackFields(ProjectChoiceTab.java:993) ~[filemanager.jar:?]
	at com.st.microxplorer.plugins.projectmanager.gui.ProjectChoiceTab.buildLinkSettingsPanel(ProjectChoiceTab.java:3813) ~[filemanager.jar:?]
	at com.st.microxplorer.plugins.projectmanager.gui.ProjectChoiceTab.defineWindowsFields(ProjectChoiceTab.java:1987) ~[filemanager.jar:?]
	at com.st.microxplorer.plugins.projectmanager.gui.ProjectChoiceTab.updateSettings(ProjectChoiceTab.java:558) ~[filemanager.jar:?]
	at com.st.microxplorer.plugins.projectmanager.gui.ProjectSettingsPanel.UpdateDialog(ProjectSettingsPanel.java:247) ~[filemanager.jar:?]
	at com.st.microxplorer.plugins.projectmanager.ProjectManagerView.propertyChange(ProjectManagerView.java:392) ~[filemanager.jar:?]
	at java.beans.PropertyChangeSupport.fire(PropertyChangeSupport.java:343) ~[?:?]
	at java.beans.PropertyChangeSupport.firePropertyChange(PropertyChangeSupport.java:335) ~[?:?]
	at java.beans.PropertyChangeSupport.firePropertyChange(PropertyChangeSupport.java:268) ~[?:?]
	at com.st.microxplorer.util.MXPropertyChangeSupport.firePropertyChange(MXPropertyChangeSupport.java:54) ~[STM32CubeMX.jar:?]
	at com.st.microxplorer.mxsystem.MxSystem.closeConfig(MxSystem.java:899) ~[STM32CubeMX.jar:?]
	at com.st.microxplorer.maingui.MainPanel.closeConfig(MainPanel.java:792) ~[STM32CubeMX.jar:?]
	at com.st.microxplorer.plugins.filemanager.engine.OpenFileManager.loadConfigurationFile(OpenFileManager.java:288) ~[filemanager.jar:?]
	at com.st.microxplorer.plugins.filemanager.engine.MainFileManager.userLoadConfig(MainFileManager.java:364) ~[filemanager.jar:?]
	at com.st.microxplorer.plugins.filemanager.engine.MainFileManager.userLoadConfig(MainFileManager.java:342) ~[filemanager.jar:?]
	at com.st.microxplorer.plugins.filemanager.FileManagerView.getSpecificTask(FileManagerView.java:264) ~[filemanager.jar:?]
	at com.st.stm32cube.common.mx.editor.CubeMxEditor.getMxTabbedPaneInstance(CubeMxEditor.java:1198) ~[com.st.stm32cube.common.mx_6.15.0.202507011659/:?]
	at com.st.stm32cube.common.mx.editor.CubeMxEditor$12$1.createSwingComponent(CubeMxEditor.java:1068) ~[com.st.stm32cube.common.mx_6.15.0.202507011659/:?]
	at com.st.stm32cube.common.mx.oss.core.awtswtbridge.EmbeddedSwingComposite.doComponentCreation(EmbeddedSwingComposite.java:492) ~[com.st.stm32cube.common.mx.oss_6.15.0.202507011659/:?]
	at com.st.stm32cube.common.mx.oss.core.awtswtbridge.EmbeddedSwingComposite$4.run(EmbeddedSwingComposite.java:291) ~[com.st.stm32cube.common.mx.oss_6.15.0.202507011659/:?]
	at com.st.stm32cube.common.mx.oss.core.awtswtbridge.AwtEnvironment$2.run(AwtEnvironment.java:166) ~[com.st.stm32cube.common.mx.oss_6.15.0.202507011659/:?]
	at java.awt.event.InvocationEvent.dispatch(InvocationEvent.java:318) ~[?:?]
	at java.awt.EventQueue.dispatchEventImpl(EventQueue.java:773) ~[?:?]
	at java.awt.EventQueue$4.run(EventQueue.java:720) ~[?:?]
	at java.awt.EventQueue$4.run(EventQueue.java:714) ~[?:?]
	at java.security.AccessController.doPrivileged(AccessController.java:400) ~[?:?]
	at java.security.ProtectionDomain$JavaSecurityAccessImpl.doIntersectionPrivilege(ProtectionDomain.java:87) ~[?:?]
	at java.awt.EventQueue.dispatchEvent(EventQueue.java:742) ~[?:?]
	at java.awt.EventDispatchThread.pumpOneEventForFilters(EventDispatchThread.java:203) ~[?:?]
	at java.awt.EventDispatchThread.pumpEventsForFilter(EventDispatchThread.java:124) ~[?:?]
	at java.awt.EventDispatchThread.pumpEventsForHierarchy(EventDispatchThread.java:113) ~[?:?]
	at java.awt.EventDispatchThread.pumpEvents(EventDispatchThread.java:109) ~[?:?]
	at java.awt.EventDispatchThread.pumpEvents(EventDispatchThread.java:101) ~[?:?]
	at java.awt.EventDispatchThread.run(EventDispatchThread.java:90) ~[?:?]
2025-08-29 00:03:13,714 [WARN] ThirdParty:871 - waiting for thirdparty lock release [close project]
2025-08-29 00:03:13,715 [INFO] ThirdParty:873 - entering critical section [close project]
2025-08-29 00:03:13,721 [INFO] ThirdParty:883 - exiting critical section [close project]
2025-08-29 00:03:13,733 [INFO] PinOutPanel:1589 - setPackage(No Configuration,No Configuration)
2025-08-29 00:03:13,741 [INFO] AI:982 - onDisable adding AI com.st.microxplorer.plugins.ip.ai.AI@2396ca34 on STMicroelectronics.X-CUBE-AI.10.2.0_Appli
2025-08-29 00:03:14,027 [INFO] UtilMem:75 - Begin LoadConfig() Used Memory: 923290056 Bytes (1073741824)
2025-08-29 00:03:14,030 [INFO] MicroXplorer:468 - Change Database Path : 
2025-08-29 00:03:14,030 [INFO] MicroXplorer:498 - Change Database Version : DB.6.0.150
2025-08-29 00:03:14,030 [INFO] OpenFileManager:355 - Change cursor
2025-08-29 00:03:14,245 [INFO] RulesReader:64 - Compatibility file has been processed (317 Rules)
2025-08-29 00:03:14,285 [INFO] Mcu:2029 - Initializing MCU STM32N657X0HxQ STM32N657X0HxQ STM32N657X0H3Q
2025-08-29 00:03:20,450 [INFO] Context:786 - Trying to add GPIOservice into a context  which must be forbidden
2025-08-29 00:03:20,450 [INFO] Context:786 - Trying to add GPIOservice into a context  which must be forbidden
2025-08-29 00:03:20,450 [INFO] Context:786 - Trying to add GPIOservice into a context  which must be forbidden
2025-08-29 00:03:20,450 [INFO] Context:786 - Trying to add GPIOservice into a context  which must be forbidden
2025-08-29 00:03:20,451 [INFO] Context:786 - Trying to add GPIOservice into a context  which must be forbidden
2025-08-29 00:03:22,566 [INFO] ApiDbMcu:532 - Load IP Config File for STMicroelectronics.X-CUBE-AI.10.2.0_Appli
2025-08-29 00:03:22,785 [INFO] ApiDbMcu:532 - Load IP Config File for NUCLEO-N657X0-Q
2025-08-29 00:03:22,929 [INFO] Context:786 - Trying to add GPIOservice into a context  which must be forbidden
2025-08-29 00:03:22,934 [INFO] Context:786 - Trying to add GPIOservice into a context  which must be forbidden
2025-08-29 00:03:22,937 [ERROR] Context:921 - The IP RIF is not set in context FSBL
2025-08-29 00:03:22,942 [INFO] Context:786 - Trying to add GPIOservice into a context  which must be forbidden
2025-08-29 00:03:22,969 [INFO] ImportTextPane:234 - (OptionalMessage_ERROR) Unable to find key (Mcu.IP15) in loaded IOC file
2025-08-29 00:03:22,969 [INFO] ImportTextPane:234 - (OptionalMessage_ERROR) Unknown IP (dummy)
2025-08-29 00:03:23,117 [WARN] ModelIntegratedComponent:63 - No mode defined for component null
2025-08-29 00:03:23,117 [WARN] ModelIntegratedComponent:63 - No mode defined for component null
2025-08-29 00:03:23,118 [WARN] ModelIntegratedComponent:63 - No mode defined for component null
2025-08-29 00:03:23,118 [WARN] ModelIntegratedComponent:63 - No mode defined for component null
2025-08-29 00:03:23,118 [WARN] ModelIntegratedComponent:63 - No mode defined for component null
2025-08-29 00:03:23,118 [WARN] ModelIntegratedComponent:63 - No mode defined for component null
2025-08-29 00:03:23,118 [WARN] ModelIntegratedComponent:63 - No mode defined for component null
2025-08-29 00:03:23,118 [WARN] ModelIntegratedComponent:63 - No mode defined for component null
2025-08-29 00:03:23,119 [WARN] ModelIntegratedComponent:63 - No mode defined for component null
2025-08-29 00:03:23,119 [WARN] ModelIntegratedComponent:63 - No mode defined for component null
2025-08-29 00:03:23,119 [WARN] ModelIntegratedComponent:63 - No mode defined for component null
2025-08-29 00:03:23,119 [WARN] ModelIntegratedComponent:63 - No mode defined for component null
2025-08-29 00:03:23,119 [WARN] ModelIntegratedComponent:63 - No mode defined for component null
2025-08-29 00:03:23,119 [WARN] ModelIntegratedComponent:63 - No mode defined for component null
2025-08-29 00:03:23,119 [WARN] ModelIntegratedComponent:63 - No mode defined for component null
2025-08-29 00:03:23,119 [WARN] ModelIntegratedComponent:63 - No mode defined for component null
2025-08-29 00:03:23,119 [WARN] ModelIntegratedComponent:63 - No mode defined for component null
2025-08-29 00:03:23,119 [WARN] ModelIntegratedComponent:63 - No mode defined for component null
2025-08-29 00:03:23,119 [WARN] ModelIntegratedComponent:63 - No mode defined for component null
2025-08-29 00:03:23,119 [WARN] ModelIntegratedComponent:63 - No mode defined for component null
2025-08-29 00:03:23,119 [WARN] ModelIntegratedComponent:63 - No mode defined for component null
2025-08-29 00:03:23,119 [WARN] ModelIntegratedComponent:63 - No mode defined for component null
2025-08-29 00:03:23,120 [WARN] ModelIntegratedComponent:63 - No mode defined for component null
2025-08-29 00:03:23,120 [WARN] ModelIntegratedComponent:63 - No mode defined for component null
2025-08-29 00:03:23,120 [WARN] ModelIntegratedComponent:63 - No mode defined for component null
2025-08-29 00:03:23,120 [WARN] ModelIntegratedComponent:63 - No mode defined for component null
2025-08-29 00:03:23,120 [WARN] ModelIntegratedComponent:63 - No mode defined for component null
2025-08-29 00:03:23,120 [WARN] ModelIntegratedComponent:63 - No mode defined for component null
2025-08-29 00:03:23,120 [WARN] ModelIntegratedComponent:63 - No mode defined for component null
2025-08-29 00:03:23,120 [WARN] ModelIntegratedComponent:63 - No mode defined for component null
2025-08-29 00:03:23,120 [WARN] ModelIntegratedComponent:63 - No mode defined for component null
2025-08-29 00:03:23,120 [WARN] ModelIntegratedComponent:63 - No mode defined for component null
2025-08-29 00:03:23,120 [WARN] ModelIntegratedComponent:63 - No mode defined for component null
2025-08-29 00:03:23,121 [WARN] ModelIntegratedComponent:63 - No mode defined for component null
2025-08-29 00:03:23,121 [WARN] ModelIntegratedComponent:63 - No mode defined for component null
2025-08-29 00:03:23,121 [WARN] ModelPack:524 - Component already loaded: STMicroelectronics:HAL Drivers:0.0.0:STMicroelectronics:Device:STMicro_Driver:XSPI:HAL::0.0.1:HAL_XSPI
2025-08-29 00:03:23,135 [INFO] RtosManager:558 - Registered RTOS mode: class=RTOS, group=ThreadX, mode=Core, owner=THREADX
2025-08-29 00:03:23,239 [WARN] ModelIntegratedComponent:63 - No mode defined for component null
2025-08-29 00:03:23,239 [WARN] ModelIntegratedComponent:63 - No mode defined for component null
2025-08-29 00:03:23,240 [WARN] ModelIntegratedComponent:63 - No mode defined for component null
2025-08-29 00:03:23,240 [WARN] ModelIntegratedComponent:63 - No mode defined for component null
2025-08-29 00:03:23,240 [WARN] ModelIntegratedComponent:63 - No mode defined for component null
2025-08-29 00:03:23,240 [WARN] ModelIntegratedComponent:63 - No mode defined for component null
2025-08-29 00:03:23,241 [WARN] ModelIntegratedComponent:63 - No mode defined for component null
2025-08-29 00:03:23,241 [WARN] ModelIntegratedComponent:63 - No mode defined for component null
2025-08-29 00:03:23,241 [WARN] ModelIntegratedComponent:63 - No mode defined for component null
2025-08-29 00:03:23,241 [WARN] ModelIntegratedComponent:63 - No mode defined for component null
2025-08-29 00:03:23,241 [WARN] ModelIntegratedComponent:63 - No mode defined for component null
2025-08-29 00:03:23,241 [WARN] ModelIntegratedComponent:63 - No mode defined for component null
2025-08-29 00:03:23,241 [WARN] ModelIntegratedComponent:63 - No mode defined for component null
2025-08-29 00:03:23,241 [WARN] ModelIntegratedComponent:63 - No mode defined for component null
2025-08-29 00:03:23,241 [WARN] ModelIntegratedComponent:63 - No mode defined for component null
2025-08-29 00:03:23,241 [WARN] ModelIntegratedComponent:63 - No mode defined for component null
2025-08-29 00:03:23,241 [WARN] ModelIntegratedComponent:63 - No mode defined for component null
2025-08-29 00:03:23,241 [WARN] ModelIntegratedComponent:63 - No mode defined for component null
2025-08-29 00:03:23,242 [WARN] ModelIntegratedComponent:63 - No mode defined for component null
2025-08-29 00:03:23,242 [WARN] ModelIntegratedComponent:63 - No mode defined for component null
2025-08-29 00:03:23,242 [WARN] ModelIntegratedComponent:63 - No mode defined for component null
2025-08-29 00:03:23,242 [WARN] ModelIntegratedComponent:63 - No mode defined for component null
2025-08-29 00:03:23,242 [WARN] ModelIntegratedComponent:63 - No mode defined for component null
2025-08-29 00:03:23,242 [WARN] ModelIntegratedComponent:63 - No mode defined for component null
2025-08-29 00:03:23,242 [WARN] ModelIntegratedComponent:63 - No mode defined for component null
2025-08-29 00:03:23,242 [WARN] ModelIntegratedComponent:63 - No mode defined for component null
2025-08-29 00:03:23,242 [WARN] ModelIntegratedComponent:63 - No mode defined for component null
2025-08-29 00:03:23,242 [WARN] ModelIntegratedComponent:63 - No mode defined for component null
2025-08-29 00:03:23,242 [WARN] ModelIntegratedComponent:63 - No mode defined for component null
2025-08-29 00:03:23,242 [WARN] ModelIntegratedComponent:63 - No mode defined for component null
2025-08-29 00:03:23,242 [WARN] ModelIntegratedComponent:63 - No mode defined for component null
2025-08-29 00:03:23,242 [WARN] ModelIntegratedComponent:63 - No mode defined for component null
2025-08-29 00:03:23,243 [WARN] ModelIntegratedComponent:63 - No mode defined for component null
2025-08-29 00:03:23,243 [WARN] ModelIntegratedComponent:63 - No mode defined for component null
2025-08-29 00:03:23,243 [WARN] ModelIntegratedComponent:63 - No mode defined for component null
2025-08-29 00:03:23,243 [WARN] ModelPack:524 - Component already loaded: STMicroelectronics:HAL Drivers:0.0.0:STMicroelectronics:Device:STMicro_Driver:XSPI:HAL::0.0.1:HAL_XSPI
2025-08-29 00:03:23,246 [INFO] RtosManager:558 - Registered RTOS mode: class=RTOS, group=ThreadX, mode=Core, owner=THREADX
2025-08-29 00:03:23,294 [WARN] ModelIntegratedComponent:63 - No mode defined for component null
2025-08-29 00:03:23,295 [WARN] ModelIntegratedComponent:63 - No mode defined for component null
2025-08-29 00:03:23,295 [WARN] ModelIntegratedComponent:63 - No mode defined for component null
2025-08-29 00:03:23,295 [WARN] ModelIntegratedComponent:63 - No mode defined for component null
2025-08-29 00:03:23,295 [WARN] ModelIntegratedComponent:63 - No mode defined for component null
2025-08-29 00:03:23,295 [WARN] ModelIntegratedComponent:63 - No mode defined for component null
2025-08-29 00:03:23,296 [WARN] ModelIntegratedComponent:63 - No mode defined for component null
2025-08-29 00:03:23,296 [WARN] ModelIntegratedComponent:63 - No mode defined for component null
2025-08-29 00:03:23,296 [WARN] ModelIntegratedComponent:63 - No mode defined for component null
2025-08-29 00:03:23,296 [WARN] ModelIntegratedComponent:63 - No mode defined for component null
2025-08-29 00:03:23,296 [WARN] ModelIntegratedComponent:63 - No mode defined for component null
2025-08-29 00:03:23,296 [WARN] ModelIntegratedComponent:63 - No mode defined for component null
2025-08-29 00:03:23,296 [WARN] ModelIntegratedComponent:63 - No mode defined for component null
2025-08-29 00:03:23,296 [WARN] ModelIntegratedComponent:63 - No mode defined for component null
2025-08-29 00:03:23,296 [WARN] ModelIntegratedComponent:63 - No mode defined for component null
2025-08-29 00:03:23,296 [WARN] ModelIntegratedComponent:63 - No mode defined for component null
2025-08-29 00:03:23,296 [WARN] ModelIntegratedComponent:63 - No mode defined for component null
2025-08-29 00:03:23,297 [WARN] ModelIntegratedComponent:63 - No mode defined for component null
2025-08-29 00:03:23,297 [WARN] ModelIntegratedComponent:63 - No mode defined for component null
2025-08-29 00:03:23,297 [WARN] ModelIntegratedComponent:63 - No mode defined for component null
2025-08-29 00:03:23,297 [WARN] ModelIntegratedComponent:63 - No mode defined for component null
2025-08-29 00:03:23,297 [WARN] ModelIntegratedComponent:63 - No mode defined for component null
2025-08-29 00:03:23,297 [WARN] ModelIntegratedComponent:63 - No mode defined for component null
2025-08-29 00:03:23,297 [WARN] ModelIntegratedComponent:63 - No mode defined for component null
2025-08-29 00:03:23,297 [WARN] ModelIntegratedComponent:63 - No mode defined for component null
2025-08-29 00:03:23,297 [WARN] ModelIntegratedComponent:63 - No mode defined for component null
2025-08-29 00:03:23,298 [WARN] ModelIntegratedComponent:63 - No mode defined for component null
2025-08-29 00:03:23,298 [WARN] ModelIntegratedComponent:63 - No mode defined for component null
2025-08-29 00:03:23,298 [WARN] ModelIntegratedComponent:63 - No mode defined for component null
2025-08-29 00:03:23,298 [WARN] ModelIntegratedComponent:63 - No mode defined for component null
2025-08-29 00:03:23,298 [WARN] ModelIntegratedComponent:63 - No mode defined for component null
2025-08-29 00:03:23,298 [WARN] ModelIntegratedComponent:63 - No mode defined for component null
2025-08-29 00:03:23,298 [WARN] ModelIntegratedComponent:63 - No mode defined for component null
2025-08-29 00:03:23,298 [WARN] ModelIntegratedComponent:63 - No mode defined for component null
2025-08-29 00:03:23,298 [WARN] ModelIntegratedComponent:63 - No mode defined for component null
2025-08-29 00:03:23,299 [WARN] ModelPack:524 - Component already loaded: STMicroelectronics:HAL Drivers:0.0.0:STMicroelectronics:Device:STMicro_Driver:XSPI:HAL::0.0.1:HAL_XSPI
2025-08-29 00:03:23,302 [INFO] RtosManager:558 - Registered RTOS mode: class=RTOS, group=ThreadX, mode=Core, owner=THREADX
2025-08-29 00:03:23,359 [ERROR] ThirdPartyModel:1051 - Thirdparty pack not in same context : STMicroelectronics.X-CUBE-AI.10.2.0_Appli
2025-08-29 00:03:23,360 [ERROR] ThirdPartyModel:1051 - Thirdparty pack not in same context : STMicroelectronics.X-CUBE-AI.10.2.0_Appli
2025-08-29 00:03:24,137 [INFO] ApiDbMcu:532 - Load IP Config File for EXTMEM_MANAGER
2025-08-29 00:03:24,154 [INFO] ThirdPartyModel:298 - Start build external matchings
2025-08-29 00:03:24,344 [INFO] ThirdPartyModel:316 - End build external matchings
2025-08-29 00:03:24,366 [INFO] ThirdPartyModel:298 - Start build external matchings
2025-08-29 00:03:24,547 [INFO] ThirdPartyModel:316 - End build external matchings
2025-08-29 00:03:24,552 [INFO] ThirdPartyModel:298 - Start build external matchings
2025-08-29 00:03:24,740 [INFO] ThirdPartyModel:316 - End build external matchings
2025-08-29 00:03:24,747 [INFO] ImportTextPane:234 - (OptionalMessage_ERROR) IP (CORTEX_M55_FSBL) : Invalid parameter (Attributes0)
2025-08-29 00:03:24,747 [INFO] ImportTextPane:234 - (OptionalMessage_ERROR) IP (CORTEX_M55_FSBL) : Invalid parameter (Memorytype0)
2025-08-29 00:03:24,747 [INFO] ImportTextPane:234 - (OptionalMessage_ERROR) IP (CORTEX_M55_FSBL) : Parameter (CacheableAttribute0) has invalid value (MPU_WRITE_BACK)
2025-08-29 00:03:24,748 [INFO] ImportTextPane:234 - (OptionalMessage_ERROR) IP (CORTEX_M55_FSBL) : Parameter (TransientAttribute0) has invalid value (MPU_NON_TRANSIENT)
2025-08-29 00:03:24,748 [INFO] ImportTextPane:234 - (OptionalMessage_ERROR) IP (CORTEX_M55_FSBL) : Parameter (AllocateAttribute0) has invalid value (MPU_R_ALLOCATE)
2025-08-29 00:03:24,748 [WARN] IP:2250 - RefParam_XIP_memory not found: check if there is a RefParameter without a condition.
2025-08-29 00:03:24,748 [WARN] IP:2250 - RefParam_MEMORY_1_Size not found: check if there is a RefParameter without a condition.
2025-08-29 00:03:24,748 [WARN] IP:2250 - RefParam_MEMORY_1_FreqMax not found: check if there is a RefParameter without a condition.
2025-08-29 00:03:24,748 [WARN] IP:2250 - RefParam_MEMORY_1_ReadReg not found: check if there is a RefParameter without a condition.
2025-08-29 00:03:24,748 [WARN] IP:2250 - RefParam_MEMORY_1_WriteReg not found: check if there is a RefParameter without a condition.
2025-08-29 00:03:24,748 [WARN] IP:2250 - RefParam_MEMORY_1_RegSize not found: check if there is a RefParameter without a condition.
2025-08-29 00:03:24,748 [WARN] IP:2250 - RefParam_MEMORY_1_RegDummyCycle not found: check if there is a RefParameter without a condition.
2025-08-29 00:03:24,748 [WARN] IP:2250 - RefParam_MEMORY_1_WriteCommand not found: check if there is a RefParameter without a condition.
2025-08-29 00:03:24,748 [WARN] IP:2250 - RefParam_MEMORY_1_WriteDummyCycle not found: check if there is a RefParameter without a condition.
2025-08-29 00:03:24,748 [WARN] IP:2250 - RefParam_MEMORY_1_ReadCommand not found: check if there is a RefParameter without a condition.
2025-08-29 00:03:24,748 [WARN] IP:2250 - RefParam_MEMORY_1_WrapReadCommand not found: check if there is a RefParameter without a condition.
2025-08-29 00:03:24,748 [WARN] IP:2250 - RefParam_MEMORY_1_ReadDummyCycle not found: check if there is a RefParameter without a condition.
2025-08-29 00:03:24,748 [WARN] IP:2250 - RefParam_MEMORY_1_NumberOfConfig not found: check if there is a RefParameter without a condition.
2025-08-29 00:03:24,748 [WARN] IP:2250 - RefParam_MEMORY_1_Config1_WriteMask not found: check if there is a RefParameter without a condition.
2025-08-29 00:03:24,748 [WARN] IP:2250 - RefParam_MEMORY_1_Config1_WriteValue not found: check if there is a RefParameter without a condition.
2025-08-29 00:03:24,748 [WARN] IP:2250 - RefParam_MEMORY_1_Config1_RegAddress not found: check if there is a RefParameter without a condition.
2025-08-29 00:03:24,748 [WARN] IP:2250 - RefParam_MEMORY_1_Config2_WriteMask not found: check if there is a RefParameter without a condition.
2025-08-29 00:03:24,748 [WARN] IP:2250 - RefParam_MEMORY_1_Config2_WriteValue not found: check if there is a RefParameter without a condition.
2025-08-29 00:03:24,748 [WARN] IP:2250 - RefParam_MEMORY_1_Config2_RegAddress not found: check if there is a RefParameter without a condition.
2025-08-29 00:03:24,748 [WARN] IP:2250 - RefParam_MEMORY_1_Config3_WriteMask not found: check if there is a RefParameter without a condition.
2025-08-29 00:03:24,748 [WARN] IP:2250 - RefParam_MEMORY_1_Config3_WriteValue not found: check if there is a RefParameter without a condition.
2025-08-29 00:03:24,749 [WARN] IP:2250 - RefParam_MEMORY_1_Config3_RegAddress not found: check if there is a RefParameter without a condition.
2025-08-29 00:03:24,749 [WARN] IP:2250 - RefParam_MEMORY_2_Instance not found: check if there is a RefParameter without a condition.
2025-08-29 00:03:24,749 [WARN] IP:2250 - RefParam_MEMORY_2_ConfigType not found: check if there is a RefParameter without a condition.
2025-08-29 00:03:24,749 [WARN] IP:2250 - RefParam_MEMORY_2_Size not found: check if there is a RefParameter without a condition.
2025-08-29 00:03:24,749 [WARN] IP:2250 - RefParam_MEMORY_2_FreqMax not found: check if there is a RefParameter without a condition.
2025-08-29 00:03:24,749 [WARN] IP:2250 - RefParam_MEMORY_2_ReadReg not found: check if there is a RefParameter without a condition.
2025-08-29 00:03:24,749 [WARN] IP:2250 - RefParam_MEMORY_2_WriteReg not found: check if there is a RefParameter without a condition.
2025-08-29 00:03:24,749 [WARN] IP:2250 - RefParam_MEMORY_2_RegSize not found: check if there is a RefParameter without a condition.
2025-08-29 00:03:24,749 [WARN] IP:2250 - RefParam_MEMORY_2_RegDummyCycle not found: check if there is a RefParameter without a condition.
2025-08-29 00:03:24,749 [WARN] IP:2250 - RefParam_MEMORY_2_WriteCommand not found: check if there is a RefParameter without a condition.
2025-08-29 00:03:24,749 [WARN] IP:2250 - RefParam_MEMORY_2_WriteDummyCycle not found: check if there is a RefParameter without a condition.
2025-08-29 00:03:24,749 [WARN] IP:2250 - RefParam_MEMORY_2_ReadCommand not found: check if there is a RefParameter without a condition.
2025-08-29 00:03:24,749 [WARN] IP:2250 - RefParam_MEMORY_2_WrapReadCommand not found: check if there is a RefParameter without a condition.
2025-08-29 00:03:24,749 [WARN] IP:2250 - RefParam_MEMORY_2_ReadDummyCycle not found: check if there is a RefParameter without a condition.
2025-08-29 00:03:24,749 [WARN] IP:2250 - RefParam_MEMORY_2_NumberOfConfig not found: check if there is a RefParameter without a condition.
2025-08-29 00:03:24,749 [WARN] IP:2250 - RefParam_MEMORY_2_Config1_WriteMask not found: check if there is a RefParameter without a condition.
2025-08-29 00:03:24,749 [WARN] IP:2250 - RefParam_MEMORY_2_Config1_WriteValue not found: check if there is a RefParameter without a condition.
2025-08-29 00:03:24,749 [WARN] IP:2250 - RefParam_MEMORY_2_Config1_RegAddress not found: check if there is a RefParameter without a condition.
2025-08-29 00:03:24,749 [WARN] IP:2250 - RefParam_MEMORY_2_Config2_WriteMask not found: check if there is a RefParameter without a condition.
2025-08-29 00:03:24,749 [WARN] IP:2250 - RefParam_MEMORY_2_Config2_WriteValue not found: check if there is a RefParameter without a condition.
2025-08-29 00:03:24,749 [WARN] IP:2250 - RefParam_MEMORY_2_Config2_RegAddress not found: check if there is a RefParameter without a condition.
2025-08-29 00:03:24,749 [WARN] IP:2250 - RefParam_MEMORY_2_Config3_WriteMask not found: check if there is a RefParameter without a condition.
2025-08-29 00:03:24,749 [WARN] IP:2250 - RefParam_MEMORY_2_Config3_WriteValue not found: check if there is a RefParameter without a condition.
2025-08-29 00:03:24,749 [WARN] IP:2250 - RefParam_MEMORY_2_Config3_RegAddress not found: check if there is a RefParameter without a condition.
2025-08-29 00:03:24,764 [INFO] ImportTextPane:234 - (OptionalMessage_ERROR) IP (RIF) : Invalid parameter ()
2025-08-29 00:03:24,765 [INFO] ImportTextPane:234 - (OptionalMessage_ERROR) IP (RIF) : Invalid parameter ()
2025-08-29 00:03:24,765 [INFO] ImportTextPane:234 - (OptionalMessage_ERROR) IP (RIF) : Invalid parameter ()
2025-08-29 00:03:24,765 [INFO] ImportTextPane:234 - (OptionalMessage_ERROR) IP (RIF) : Invalid parameter ()
2025-08-29 00:03:24,765 [INFO] ImportTextPane:234 - (OptionalMessage_ERROR) IP (RIF) : Invalid parameter ()
2025-08-29 00:03:24,765 [INFO] ImportTextPane:234 - (OptionalMessage_ERROR) IP (STMicroelectronics.X-CUBE-AI.10.2.0_Appli) : Parameter (ModelName) has Id (f791fad752eeb64fd5ada2722a9584e122ebc38b9eccb3c0c9cfd36ad2dc72e4) currently not set
2025-08-29 00:03:24,765 [INFO] ImportTextPane:234 - (OptionalMessage_ERROR) IP (STMicroelectronics.X-CUBE-AI.10.2.0_Appli) : Parameter (ModelKind) has Id (f791fad752eeb64fd5ada2722a9584e122ebc38b9eccb3c0c9cfd36ad2dc72e4) currently not set
2025-08-29 00:03:24,765 [INFO] ImportTextPane:234 - (OptionalMessage_ERROR) IP (STMicroelectronics.X-CUBE-AI.10.2.0_Appli) : Parameter (ModelCompression) has Id (f791fad752eeb64fd5ada2722a9584e122ebc38b9eccb3c0c9cfd36ad2dc72e4) currently not set
2025-08-29 00:03:24,765 [INFO] ImportTextPane:234 - (OptionalMessage_ERROR) IP (STMicroelectronics.X-CUBE-AI.10.2.0_Appli) : Invalid parameter (LatestDirectoryUsed)
2025-08-29 00:03:24,765 [INFO] ImportTextPane:234 - (OptionalMessage_ERROR) IP (STMicroelectronics.X-CUBE-AI.10.2.0_Appli) : Parameter (ModelStructureFile) has Id (f791fad752eeb64fd5ada2722a9584e122ebc38b9eccb3c0c9cfd36ad2dc72e4) currently not set
2025-08-29 00:03:24,765 [INFO] ImportTextPane:234 - (OptionalMessage_ERROR) IP (STMicroelectronics.X-CUBE-AI.10.2.0_Appli) : Parameter (ModelMacc) has Id (f791fad752eeb64fd5ada2722a9584e122ebc38b9eccb3c0c9cfd36ad2dc72e4) currently not set
2025-08-29 00:03:24,765 [INFO] ImportTextPane:234 - (OptionalMessage_ERROR) IP (STMicroelectronics.X-CUBE-AI.10.2.0_Appli) : Parameter (ModelActualCompression) has Id (f791fad752eeb64fd5ada2722a9584e122ebc38b9eccb3c0c9cfd36ad2dc72e4) currently not set
2025-08-29 00:03:24,765 [INFO] ImportTextPane:234 - (OptionalMessage_ERROR) IP (STMicroelectronics.X-CUBE-AI.10.2.0_Appli) : Parameter (ModelRamOccupation) has Id (f791fad752eeb64fd5ada2722a9584e122ebc38b9eccb3c0c9cfd36ad2dc72e4) currently not set
2025-08-29 00:03:24,765 [INFO] ImportTextPane:234 - (OptionalMessage_ERROR) IP (STMicroelectronics.X-CUBE-AI.10.2.0_Appli) : Parameter (ModelFlashOccupation) has Id (f791fad752eeb64fd5ada2722a9584e122ebc38b9eccb3c0c9cfd36ad2dc72e4) currently not set
2025-08-29 00:03:24,765 [INFO] ImportTextPane:234 - (OptionalMessage_ERROR) IP (STMicroelectronics.X-CUBE-AI.10.2.0_Appli) : Parameter (copyWeightToRam) has Id (f791fad752eeb64fd5ada2722a9584e122ebc38b9eccb3c0c9cfd36ad2dc72e4) currently not set
2025-08-29 00:03:24,765 [INFO] ImportTextPane:234 - (OptionalMessage_ERROR) IP (STMicroelectronics.X-CUBE-AI.10.2.0_Appli) : Invalid parameter (useInputAllocation)
2025-08-29 00:03:24,765 [INFO] ImportTextPane:234 - (OptionalMessage_ERROR) IP (STMicroelectronics.X-CUBE-AI.10.2.0_Appli) : Invalid parameter (useOutputAllocation)
2025-08-29 00:03:24,765 [INFO] ImportTextPane:234 - (OptionalMessage_ERROR) IP (STMicroelectronics.X-CUBE-AI.10.2.0_Appli) : Invalid parameter (customLayerConfigEnabled)
2025-08-29 00:03:24,765 [INFO] ImportTextPane:234 - (OptionalMessage_ERROR) IP (STMicroelectronics.X-CUBE-AI.10.2.0_Appli) : Invalid parameter (noOnnxIoTranspose)
2025-08-29 00:03:24,766 [INFO] ImportTextPane:234 - (OptionalMessage_ERROR) IP (STMicroelectronics.X-CUBE-AI.10.2.0_Appli) : Parameter (ModelType) has Id (f791fad752eeb64fd5ada2722a9584e122ebc38b9eccb3c0c9cfd36ad2dc72e4) currently not set
2025-08-29 00:03:24,766 [INFO] ImportTextPane:234 - (OptionalMessage_ERROR) IP (STMicroelectronics.X-CUBE-AI.10.2.0_Appli) : Invalid parameter (MaximumNumberOfInputLayer)
2025-08-29 00:03:24,766 [INFO] ImportTextPane:234 - (OptionalMessage_ERROR) IP (STMicroelectronics.X-CUBE-AI.10.2.0_Appli) : Invalid parameter (MaximumNumberOfOutputLayer)
2025-08-29 00:03:24,766 [INFO] ImportTextPane:234 - (OptionalMessage_ERROR) IP (STMicroelectronics.X-CUBE-AI.10.2.0_Appli) : Invalid parameter (ValidationInputFileHistory)
2025-08-29 00:03:24,766 [INFO] ImportTextPane:234 - (OptionalMessage_ERROR) IP (STMicroelectronics.X-CUBE-AI.10.2.0_Appli) : Invalid parameter (useInputAllocation)
2025-08-29 00:03:24,766 [INFO] ImportTextPane:234 - (OptionalMessage_ERROR) IP (STMicroelectronics.X-CUBE-AI.10.2.0_Appli) : Invalid parameter (useOutputAllocation)
2025-08-29 00:03:24,766 [INFO] ImportTextPane:234 - (OptionalMessage_ERROR) IP (STMicroelectronics.X-CUBE-AI.10.2.0_Appli) : Invalid parameter (customLayerConfigEnabled)
2025-08-29 00:03:24,766 [INFO] ImportTextPane:234 - (OptionalMessage_ERROR) IP (STMicroelectronics.X-CUBE-AI.10.2.0_Appli) : Invalid parameter (noOnnxIoTranspose)
2025-08-29 00:03:24,766 [INFO] ImportTextPane:234 - (OptionalMessage_ERROR) IP (STMicroelectronics.X-CUBE-AI.10.2.0_Appli) : Invalid parameter (ValidationInputFile)
2025-08-29 00:03:25,036 [INFO] UtilMem:75 - End LoadConfig() Used Memory: 759704328 Bytes (1073741824)
2025-08-29 00:03:25,123 [WARN] ThirdParty:833 - waiting for thirdparty lock release [change project]
2025-08-29 00:03:25,124 [INFO] ThirdParty:835 - entering critical section [change project]
2025-08-29 00:03:25,124 [INFO] ThirdParty:1030 - CMSIS Pack Vendor :STMicroelectronics X-CUBE-PM33A1 1.0.0
2025-08-29 00:03:25,124 [INFO] ThirdParty:1030 - CMSIS Pack Vendor :STMicroelectronics USBPD 4.1
2025-08-29 00:03:25,124 [INFO] ThirdParty:1030 - CMSIS Pack Vendor :STMicroelectronics X-CUBE-NFC9 1.0.0
2025-08-29 00:03:25,124 [INFO] ThirdParty:1030 - CMSIS Pack Vendor :wolfSSL I-CUBE-wolfSSL 5.8.0
2025-08-29 00:03:25,124 [INFO] ThirdParty:1030 - CMSIS Pack Vendor :STMicroelectronics USB_HOST 2.0.0
2025-08-29 00:03:25,124 [INFO] ThirdParty:1030 - CMSIS Pack Vendor :STMicroelectronics FP-SNS-MOTENVWB1 1.4.0
2025-08-29 00:03:25,124 [INFO] ThirdParty:1030 - CMSIS Pack Vendor :STMicroelectronics X-CUBE-AZRTOS-F4 1.1.0
2025-08-29 00:03:25,124 [INFO] ThirdParty:1030 - CMSIS Pack Vendor :STMicroelectronics LIBJPEG 8.0.0
2025-08-29 00:03:25,124 [INFO] ThirdParty:1030 - CMSIS Pack Vendor :STMicroelectronics FP-ATR-ASTRA1 2.0.2
2025-08-29 00:03:25,124 [INFO] ThirdParty:1030 - CMSIS Pack Vendor :STMicroelectronics X-CUBE-BLE1 7.1.0
2025-08-29 00:03:25,124 [INFO] ThirdParty:1030 - CMSIS Pack Vendor :Avnet-IotConnect X-CUBE-IoTC-DA16k-PMOD 1.0.0
2025-08-29 00:03:25,124 [INFO] ThirdParty:1030 - CMSIS Pack Vendor :STMicroelectronics X-CUBE-SMBUS 2.1.0
2025-08-29 00:03:25,124 [INFO] ThirdParty:1030 - CMSIS Pack Vendor :wolfSSL I-CUBE-wolfMQTT 1.19.2
2025-08-29 00:03:25,124 [INFO] ThirdParty:1030 - CMSIS Pack Vendor :STMicroelectronics USB_DEVICE 3.0.0
2025-08-29 00:03:25,124 [INFO] ThirdParty:1030 - CMSIS Pack Vendor :STMicroelectronics X-CUBE-ISPU 2.1.0
2025-08-29 00:03:25,124 [INFO] ThirdParty:1030 - CMSIS Pack Vendor :STMicroelectronics X-CUBE-EEPRMA1 5.2.0
2025-08-29 00:03:25,124 [INFO] ThirdParty:1030 - CMSIS Pack Vendor :STMicroelectronics X-CUBE-BLEMGR 4.1.0
2025-08-29 00:03:25,124 [INFO] ThirdParty:1030 - CMSIS Pack Vendor :STMicroelectronics X-CUBE-AZRTOS-WB 2.0.0
2025-08-29 00:03:25,124 [INFO] ThirdParty:1030 - CMSIS Pack Vendor :STMicroelectronics X-CUBE-ST60 1.0.0
2025-08-29 00:03:25,124 [INFO] ThirdParty:1030 - CMSIS Pack Vendor :STMicroelectronics X-CUBE-GNSS1 7.0.1
2025-08-29 00:03:25,124 [INFO] ThirdParty:1030 - CMSIS Pack Vendor :STMicroelectronics X-CUBE-NFC12 1.0.0
2025-08-29 00:03:25,124 [INFO] ThirdParty:1030 - CMSIS Pack Vendor :STMicroelectronics X-CUBE-AZRTOS-F7 1.1.0
2025-08-29 00:03:25,124 [INFO] ThirdParty:1030 - CMSIS Pack Vendor :STMicroelectronics X-CUBE-AZRTOS-L5 2.0.0
2025-08-29 00:03:25,124 [INFO] ThirdParty:1030 - CMSIS Pack Vendor :STMicroelectronics X-CUBE-TOUCHGFX 4.25.0
2025-08-29 00:03:25,124 [INFO] ThirdParty:1030 - CMSIS Pack Vendor :STMicroelectronics USB_DEVICE 2.0.0
2025-08-29 00:03:25,124 [INFO] ThirdParty:1030 - CMSIS Pack Vendor :STMicroelectronics X-CUBE-NFC6 3.1.0
2025-08-29 00:03:25,124 [INFO] ThirdParty:1030 - CMSIS Pack Vendor :STMicroelectronics X-CUBE-AI 10.1.0
2025-08-29 00:03:25,124 [INFO] ThirdParty:1030 - CMSIS Pack Vendor :STMicroelectronics FP-SNS-STBOX1 2.0.0
2025-08-29 00:03:25,124 [INFO] ThirdParty:1030 - CMSIS Pack Vendor :quantropi X-CUBE-qispace-sdk-base 2.1.0
2025-08-29 00:03:25,124 [INFO] ThirdParty:1030 - CMSIS Pack Vendor :STMicroelectronics FreeRTOS 0.0.1
2025-08-29 00:03:25,124 [INFO] ThirdParty:1030 - CMSIS Pack Vendor :STMicroelectronics X-CUBE-AZRTOS-G0 1.1.0
2025-08-29 00:03:25,124 [INFO] ThirdParty:1030 - CMSIS Pack Vendor :STMicroelectronics X-CUBE-SAFEA1 1.2.2
2025-08-29 00:03:25,124 [INFO] ThirdParty:1030 - CMSIS Pack Vendor :STMicroelectronics X-CUBE-NFC4 3.0.0
2025-08-29 00:03:25,124 [INFO] ThirdParty:1030 - CMSIS Pack Vendor :STMicroelectronics X-CUBE-SUBG2 5.0.0
2025-08-29 00:03:25,124 [INFO] ThirdParty:1030 - CMSIS Pack Vendor :STMicroelectronics X-CUBE-AZRTOS-H7RS 1.1.0
2025-08-29 00:03:25,124 [INFO] ThirdParty:1030 - CMSIS Pack Vendor :STMicroelectronics STM32_WPAN 1.0.0
2025-08-29 00:03:25,124 [INFO] ThirdParty:1030 - CMSIS Pack Vendor :EmbeddedOffice I-CUBE-FS-RTOS 1.0.1
2025-08-29 00:03:25,124 [INFO] ThirdParty:1030 - CMSIS Pack Vendor :STMicroelectronics lwIP 2.0.3
2025-08-29 00:03:25,124 [INFO] ThirdParty:1030 - CMSIS Pack Vendor :Cesanta I-CUBE-Mongoose 7.13.0
2025-08-29 00:03:25,124 [INFO] ThirdParty:1030 - CMSIS Pack Vendor :STMicroelectronics USB_HOST 1.0.0
2025-08-29 00:03:25,124 [INFO] ThirdParty:1030 - CMSIS Pack Vendor :Infineon AIROC-Wi-Fi-Bluetooth-STM32 1.7.1
2025-08-29 00:03:25,124 [INFO] ThirdParty:1030 - CMSIS Pack Vendor :STMicroelectronics X-CUBE-AZRTOS-G4 2.0.0
2025-08-29 00:03:25,124 [INFO] ThirdParty:1030 - CMSIS Pack Vendor :STMicroelectronics X-CUBE-WB05N 2.0.0
2025-08-29 00:03:25,124 [INFO] ThirdParty:1030 - CMSIS Pack Vendor :STMicroelectronics PDM2PCM 3.1.0
2025-08-29 00:03:25,124 [INFO] ThirdParty:1030 - CMSIS Pack Vendor :STMicroelectronics PDM2PCM 3.3.0
2025-08-29 00:03:25,124 [INFO] ThirdParty:1030 - CMSIS Pack Vendor :wolfSSL I-CUBE-wolfTPM 3.8.0
2025-08-29 00:03:25,124 [INFO] ThirdParty:1030 - CMSIS Pack Vendor :STMicroelectronics X-CUBE-AZRTOS-H7 3.4.0
2025-08-29 00:03:25,124 [INFO] ThirdParty:1030 - CMSIS Pack Vendor :STMicroelectronics X-CUBE-DISPLAY 3.0.0
2025-08-29 00:03:25,124 [INFO] ThirdParty:1030 - CMSIS Pack Vendor :wolfSSL I-CUBE-wolfSSH 1.4.20
2025-08-29 00:03:25,124 [INFO] ThirdParty:1030 - CMSIS Pack Vendor :STMicroelectronics X-CUBE-NFC7 2.0.0
2025-08-29 00:03:25,124 [INFO] ThirdParty:1030 - CMSIS Pack Vendor :STMicroelectronics X-CUBE-TCPP 4.2.0
2025-08-29 00:03:25,124 [INFO] ThirdParty:1030 - CMSIS Pack Vendor :RealThread X-CUBE-RT-Thread_Nano 4.1.1
2025-08-29 00:03:25,124 [INFO] ThirdParty:1030 - CMSIS Pack Vendor :STMicroelectronics FP-ATR-SIGFOX1 3.2.0
2025-08-29 00:03:25,125 [INFO] ThirdParty:1030 - CMSIS Pack Vendor :STMicroelectronics X-CUBE-NFC10 1.0.0
2025-08-29 00:03:25,125 [INFO] ThirdParty:1030 - CMSIS Pack Vendor :STMicroelectronics X-CUBE-FREERTOS 1.3.1
2025-08-29 00:03:25,125 [INFO] ThirdParty:1030 - CMSIS Pack Vendor :STMicroelectronics HAL Drivers 0.0.0
2025-08-29 00:03:25,125 [INFO] ThirdParty:1030 - CMSIS Pack Vendor :STMicroelectronics MBEDTLS 2.16.2
2025-08-29 00:03:25,125 [INFO] ThirdParty:1030 - CMSIS Pack Vendor :STMicroelectronics X-CUBE-IPS 3.1.0
2025-08-29 00:03:25,125 [INFO] ThirdParty:1030 - CMSIS Pack Vendor :STMicroelectronics X-CUBE-ALS 1.0.2
2025-08-29 00:03:25,125 [INFO] ThirdParty:1030 - CMSIS Pack Vendor :emotas I-CUBE-CANOPEN 1.3.0
2025-08-29 00:03:25,125 [INFO] ThirdParty:1030 - CMSIS Pack Vendor :STMicroelectronics MBEDTLS 2.14.1
2025-08-29 00:03:25,125 [INFO] ThirdParty:1030 - CMSIS Pack Vendor :ITTIA_DB I-CUBE-ITTIADB 8.9.0
2025-08-29 00:03:25,125 [INFO] ThirdParty:1030 - CMSIS Pack Vendor :portGmbH I-Cube-SoM-uGOAL 1.1.0
2025-08-29 00:03:25,125 [INFO] ThirdParty:1030 - CMSIS Pack Vendor :STMicroelectronics X-CUBE-ST67W61 1.0.0
2025-08-29 00:03:25,125 [INFO] ThirdParty:1030 - CMSIS Pack Vendor :STMicroelectronics FP-SNS-STBOX1 2.1.0
2025-08-29 00:03:25,125 [INFO] ThirdParty:1030 - CMSIS Pack Vendor :STMicroelectronics X-CUBE-AI 10.2.0
2025-08-29 00:03:25,125 [INFO] ThirdParty:1030 - CMSIS Pack Vendor :STMicroelectronics FP-SNS-STAIOTCFT 1.0.0
2025-08-29 00:03:25,125 [INFO] ThirdParty:1030 - CMSIS Pack Vendor :STMicroelectronics ThreadX 1.0.0
2025-08-29 00:03:25,125 [INFO] ThirdParty:1030 - CMSIS Pack Vendor :STMicroelectronics FP-SNS-SMARTAG2 1.2.0
2025-08-29 00:03:25,125 [INFO] ThirdParty:1030 - CMSIS Pack Vendor :STMicroelectronics FP-SNS-FLIGHT1 5.1.0
2025-08-29 00:03:25,125 [INFO] ThirdParty:1030 - CMSIS Pack Vendor :STMicroelectronics X-CUBE-AZRTOS-WL 2.0.0
2025-08-29 00:03:25,125 [INFO] ThirdParty:1030 - CMSIS Pack Vendor :SEGGER I-CUBE-embOS 1.3.1
2025-08-29 00:03:25,125 [INFO] ThirdParty:1030 - CMSIS Pack Vendor :STMicroelectronics X-CUBE-ALGOBUILD 1.4.0
2025-08-29 00:03:25,125 [INFO] ThirdParty:1030 - CMSIS Pack Vendor :STMicroelectronics X-CUBE-DPower 1.3.0
2025-08-29 00:03:25,125 [INFO] ThirdParty:1030 - CMSIS Pack Vendor :STMicroelectronics X-CUBE-MEMS1 11.3.0
2025-08-29 00:03:25,125 [INFO] ThirdParty:1030 - CMSIS Pack Vendor :STMicroelectronics FP-SNS-MOTENV1 5.0.0
2025-08-29 00:03:25,125 [INFO] ThirdParty:1030 - CMSIS Pack Vendor :STMicroelectronics USB_DEVICE 1.0.0
2025-08-29 00:03:25,125 [INFO] ThirdParty:1030 - CMSIS Pack Vendor :STMicroelectronics X-CUBE-AZRTOS-L4 2.0.0
2025-08-29 00:03:25,125 [INFO] ThirdParty:1030 - CMSIS Pack Vendor :STMicroelectronics ThreadX 0.0.2
2025-08-29 00:03:25,125 [INFO] ThirdParty:1030 - CMSIS Pack Vendor :WES I-CUBE-Cesium 1.3.0
2025-08-29 00:03:25,125 [INFO] ThirdParty:1030 - CMSIS Pack Vendor :STMicroelectronics lwIP 2.1.2
2025-08-29 00:03:25,125 [INFO] ThirdParty:1030 - CMSIS Pack Vendor :STMicroelectronics X-CUBE-SFXS2LP1 4.0.0
2025-08-29 00:03:25,125 [INFO] ThirdParty:1030 - CMSIS Pack Vendor :STMicroelectronics X-CUBE-BLE2 3.3.0
2025-08-29 00:03:25,125 [INFO] ThirdParty:1030 - CMSIS Pack Vendor :STMicroelectronics X-CUBE-TOF1 3.4.3
2025-08-29 00:03:25,125 [INFO] ThirdParty:1030 - CMSIS Pack Vendor :STMicroelectronics PDM2PCM 3.2.0
2025-08-29 00:03:25,125 [INFO] ThirdParty:841 - exiting critical section [change project]
2025-08-29 00:03:25,558 [INFO] PinOutPanel:1589 - setPackage(No Configuration,No Configuration)
2025-08-29 00:03:25,559 [INFO] PinOutPanel:1589 - setPackage(STM32N657X0HxQ,VFBGA264)
2025-08-29 00:03:26,298 [INFO] UtilMem:75 - Before build in PCC Used Memory: 953675856 Bytes (1073741824)
2025-08-29 00:03:26,631 [INFO] UtilMem:75 - After build in PCC Used Memory: 1013971024 Bytes (1073741824)
2025-08-29 00:03:26,661 [INFO] IPUIPlugin:80 - create IPUIPlugin
2025-08-29 00:03:26,661 [INFO] IPUIPlugin:80 - create IPUIPlugin
2025-08-29 00:03:26,661 [INFO] IPUIPlugin:80 - create IPUIPlugin
2025-08-29 00:03:26,661 [INFO] IPUIPlugin:80 - create IPUIPlugin
2025-08-29 00:03:26,661 [INFO] IPUIPlugin:80 - create IPUIPlugin
2025-08-29 00:03:26,661 [INFO] IPUIPlugin:80 - create IPUIPlugin
2025-08-29 00:03:26,662 [INFO] IPUIPlugin:80 - create IPUIPlugin
2025-08-29 00:03:26,662 [INFO] IPUIPlugin:80 - create IPUIPlugin
2025-08-29 00:03:26,662 [INFO] IPUIPlugin:80 - create IPUIPlugin
2025-08-29 00:03:26,662 [INFO] IPUIPlugin:80 - create IPUIPlugin
2025-08-29 00:03:26,672 [INFO] IPUIPlugin:80 - create IPUIPlugin
2025-08-29 00:03:26,672 [INFO] IPUIPlugin:80 - create IPUIPlugin
2025-08-29 00:03:26,672 [INFO] IPUIPlugin:80 - create IPUIPlugin
2025-08-29 00:03:26,672 [INFO] IPUIPlugin:80 - create IPUIPlugin
2025-08-29 00:03:26,672 [INFO] IPUIPlugin:80 - create IPUIPlugin
2025-08-29 00:03:26,672 [INFO] IPUIPlugin:80 - create IPUIPlugin
2025-08-29 00:03:26,672 [INFO] IPUIPlugin:80 - create IPUIPlugin
2025-08-29 00:03:26,672 [INFO] IPUIPlugin:80 - create IPUIPlugin
2025-08-29 00:03:26,673 [INFO] IPUIPlugin:80 - create IPUIPlugin
2025-08-29 00:03:26,673 [INFO] IPUIPlugin:80 - create IPUIPlugin
2025-08-29 00:03:26,673 [INFO] IPUIPlugin:80 - create IPUIPlugin
2025-08-29 00:03:26,673 [INFO] IPUIPlugin:80 - create IPUIPlugin
2025-08-29 00:03:26,673 [INFO] IPUIPlugin:80 - create IPUIPlugin
2025-08-29 00:03:26,673 [INFO] IPUIPlugin:80 - create IPUIPlugin
2025-08-29 00:03:26,673 [INFO] IPUIPlugin:80 - create IPUIPlugin
2025-08-29 00:03:26,673 [INFO] IPUIPlugin:80 - create IPUIPlugin
2025-08-29 00:03:26,673 [INFO] IPUIPlugin:80 - create IPUIPlugin
2025-08-29 00:03:26,673 [INFO] IPUIPlugin:80 - create IPUIPlugin
2025-08-29 00:03:26,673 [INFO] IPUIPlugin:80 - create IPUIPlugin
2025-08-29 00:03:26,674 [INFO] IPUIPlugin:80 - create IPUIPlugin
2025-08-29 00:03:26,674 [INFO] IPUIPlugin:80 - create IPUIPlugin
2025-08-29 00:03:26,674 [INFO] IPUIPlugin:80 - create IPUIPlugin
2025-08-29 00:03:26,674 [INFO] IPUIPlugin:80 - create IPUIPlugin
2025-08-29 00:03:26,674 [INFO] IPUIPlugin:80 - create IPUIPlugin
2025-08-29 00:03:26,675 [INFO] IPUIPlugin:80 - create IPUIPlugin
2025-08-29 00:03:26,675 [INFO] IPUIPlugin:80 - create IPUIPlugin
2025-08-29 00:03:26,675 [INFO] IPUIPlugin:80 - create IPUIPlugin
2025-08-29 00:03:26,675 [INFO] IPUIPlugin:80 - create IPUIPlugin
2025-08-29 00:03:26,675 [INFO] IPUIPlugin:80 - create IPUIPlugin
2025-08-29 00:03:26,675 [INFO] IPUIPlugin:80 - create IPUIPlugin
2025-08-29 00:03:26,675 [INFO] IPUIPlugin:80 - create IPUIPlugin
2025-08-29 00:03:26,675 [INFO] IPUIPlugin:80 - create IPUIPlugin
2025-08-29 00:03:26,675 [INFO] IPUIPlugin:80 - create IPUIPlugin
2025-08-29 00:03:26,675 [INFO] IPUIPlugin:80 - create IPUIPlugin
2025-08-29 00:03:26,676 [INFO] IPUIPlugin:80 - create IPUIPlugin
2025-08-29 00:03:26,676 [INFO] IPUIPlugin:80 - create IPUIPlugin
2025-08-29 00:03:26,676 [INFO] IPUIPlugin:80 - create IPUIPlugin
2025-08-29 00:03:26,676 [INFO] IPUIPlugin:80 - create IPUIPlugin
2025-08-29 00:03:26,676 [INFO] IPUIPlugin:80 - create IPUIPlugin
2025-08-29 00:03:26,677 [INFO] IPUIPlugin:80 - create IPUIPlugin
2025-08-29 00:03:26,677 [INFO] IPUIPlugin:80 - create IPUIPlugin
2025-08-29 00:03:26,677 [INFO] IPUIPlugin:80 - create IPUIPlugin
2025-08-29 00:03:26,677 [INFO] IPUIPlugin:80 - create IPUIPlugin
2025-08-29 00:03:26,677 [INFO] IPUIPlugin:80 - create IPUIPlugin
2025-08-29 00:03:26,677 [INFO] IPUIPlugin:80 - create IPUIPlugin
2025-08-29 00:03:26,678 [INFO] IPUIPlugin:80 - create IPUIPlugin
2025-08-29 00:03:26,678 [INFO] IPUIPlugin:80 - create IPUIPlugin
2025-08-29 00:03:26,678 [INFO] IPUIPlugin:80 - create IPUIPlugin
2025-08-29 00:03:26,678 [INFO] IPUIPlugin:80 - create IPUIPlugin
2025-08-29 00:03:26,678 [INFO] IPUIPlugin:80 - create IPUIPlugin
2025-08-29 00:03:26,679 [INFO] IPUIPlugin:80 - create IPUIPlugin
2025-08-29 00:03:26,679 [INFO] IPUIPlugin:80 - create IPUIPlugin
2025-08-29 00:03:26,679 [INFO] IPUIPlugin:80 - create IPUIPlugin
2025-08-29 00:03:26,679 [INFO] IPUIPlugin:80 - create IPUIPlugin
2025-08-29 00:03:26,679 [INFO] IPUIPlugin:80 - create IPUIPlugin
2025-08-29 00:03:26,679 [INFO] IPUIPlugin:80 - create IPUIPlugin
2025-08-29 00:03:26,680 [INFO] IPUIPlugin:80 - create IPUIPlugin
2025-08-29 00:03:26,680 [INFO] IPUIPlugin:80 - create IPUIPlugin
2025-08-29 00:03:26,680 [INFO] IPUIPlugin:80 - create IPUIPlugin
2025-08-29 00:03:26,681 [INFO] IPUIPlugin:80 - create IPUIPlugin
2025-08-29 00:03:26,681 [INFO] IPUIPlugin:80 - create IPUIPlugin
2025-08-29 00:03:26,681 [INFO] IPUIPlugin:80 - create IPUIPlugin
2025-08-29 00:03:26,681 [INFO] IPUIPlugin:80 - create IPUIPlugin
2025-08-29 00:03:26,681 [INFO] IPUIPlugin:80 - create IPUIPlugin
2025-08-29 00:03:26,681 [INFO] IPUIPlugin:80 - create IPUIPlugin
2025-08-29 00:03:26,682 [INFO] IPUIPlugin:80 - create IPUIPlugin
2025-08-29 00:03:26,682 [INFO] IPUIPlugin:80 - create IPUIPlugin
2025-08-29 00:03:26,682 [INFO] IPUIPlugin:80 - create IPUIPlugin
2025-08-29 00:03:26,682 [INFO] IPUIPlugin:80 - create IPUIPlugin
2025-08-29 00:03:26,683 [INFO] IPUIPlugin:80 - create IPUIPlugin
2025-08-29 00:03:26,683 [INFO] IPUIPlugin:80 - create IPUIPlugin
2025-08-29 00:03:26,683 [INFO] IPUIPlugin:80 - create IPUIPlugin
2025-08-29 00:03:26,684 [INFO] IPUIPlugin:80 - create IPUIPlugin
2025-08-29 00:03:26,684 [INFO] IPUIPlugin:80 - create IPUIPlugin
2025-08-29 00:03:26,684 [INFO] IPUIPlugin:80 - create IPUIPlugin
2025-08-29 00:03:26,684 [INFO] IPUIPlugin:80 - create IPUIPlugin
2025-08-29 00:03:26,685 [INFO] IPUIPlugin:80 - create IPUIPlugin
2025-08-29 00:03:26,685 [INFO] IPUIPlugin:80 - create IPUIPlugin
2025-08-29 00:03:26,686 [INFO] IPUIPlugin:80 - create IPUIPlugin
2025-08-29 00:03:26,686 [INFO] IPUIPlugin:80 - create IPUIPlugin
2025-08-29 00:03:26,687 [INFO] IPUIPlugin:80 - create IPUIPlugin
2025-08-29 00:03:26,687 [INFO] IPUIPlugin:80 - create IPUIPlugin
2025-08-29 00:03:26,687 [INFO] IPUIPlugin:80 - create IPUIPlugin
2025-08-29 00:03:26,687 [INFO] IPUIPlugin:80 - create IPUIPlugin
2025-08-29 00:03:26,688 [INFO] IPUIPlugin:80 - create IPUIPlugin
2025-08-29 00:03:26,688 [INFO] IPUIPlugin:80 - create IPUIPlugin
2025-08-29 00:03:26,688 [INFO] IPUIPlugin:80 - create IPUIPlugin
2025-08-29 00:03:26,688 [INFO] IPUIPlugin:80 - create IPUIPlugin
2025-08-29 00:03:26,689 [INFO] IPUIPlugin:80 - create IPUIPlugin
2025-08-29 00:03:26,689 [INFO] IPUIPlugin:80 - create IPUIPlugin
2025-08-29 00:03:26,689 [INFO] IPUIPlugin:80 - create IPUIPlugin
2025-08-29 00:03:26,689 [INFO] IPUIPlugin:80 - create IPUIPlugin
2025-08-29 00:03:26,690 [INFO] IPUIPlugin:80 - create IPUIPlugin
2025-08-29 00:03:26,690 [INFO] IPUIPlugin:80 - create IPUIPlugin
2025-08-29 00:03:26,690 [INFO] IPUIPlugin:80 - create IPUIPlugin
2025-08-29 00:03:26,691 [INFO] IPUIPlugin:80 - create IPUIPlugin
2025-08-29 00:03:26,691 [INFO] IPUIPlugin:80 - create IPUIPlugin
2025-08-29 00:03:26,691 [INFO] IPUIPlugin:80 - create IPUIPlugin
2025-08-29 00:03:26,691 [INFO] IPUIPlugin:80 - create IPUIPlugin
2025-08-29 00:03:26,692 [INFO] IPUIPlugin:80 - create IPUIPlugin
2025-08-29 00:03:26,692 [INFO] IPUIPlugin:80 - create IPUIPlugin
2025-08-29 00:03:26,692 [INFO] IPUIPlugin:80 - create IPUIPlugin
2025-08-29 00:03:26,693 [INFO] IPUIPlugin:80 - create IPUIPlugin
2025-08-29 00:03:26,693 [INFO] IPUIPlugin:80 - create IPUIPlugin
2025-08-29 00:03:26,693 [INFO] IPUIPlugin:80 - create IPUIPlugin
2025-08-29 00:03:26,694 [INFO] IPUIPlugin:80 - create IPUIPlugin
2025-08-29 00:03:26,694 [INFO] IPUIPlugin:80 - create IPUIPlugin
2025-08-29 00:03:26,695 [INFO] IPUIPlugin:80 - create IPUIPlugin
2025-08-29 00:03:26,695 [INFO] IPUIPlugin:80 - create IPUIPlugin
2025-08-29 00:03:26,695 [INFO] IPUIPlugin:80 - create IPUIPlugin
2025-08-29 00:03:26,696 [INFO] IPUIPlugin:80 - create IPUIPlugin
2025-08-29 00:03:26,696 [INFO] IPUIPlugin:80 - create IPUIPlugin
2025-08-29 00:03:26,697 [INFO] IPUIPlugin:80 - create IPUIPlugin
2025-08-29 00:03:26,697 [INFO] IPUIPlugin:80 - create IPUIPlugin
2025-08-29 00:03:26,697 [INFO] IPUIPlugin:80 - create IPUIPlugin
2025-08-29 00:03:26,698 [INFO] IPUIPlugin:80 - create IPUIPlugin
2025-08-29 00:03:26,698 [INFO] IPUIPlugin:80 - create IPUIPlugin
2025-08-29 00:03:26,699 [INFO] IPUIPlugin:80 - create IPUIPlugin
2025-08-29 00:03:26,699 [INFO] IPUIPlugin:80 - create IPUIPlugin
2025-08-29 00:03:26,699 [INFO] IPUIPlugin:80 - create IPUIPlugin
2025-08-29 00:03:26,700 [INFO] IPUIPlugin:80 - create IPUIPlugin
2025-08-29 00:03:26,700 [INFO] IPUIPlugin:80 - create IPUIPlugin
2025-08-29 00:03:26,708 [INFO] AI:982 - onDisable adding AI com.st.microxplorer.plugins.ip.ai.AI@6ebe13af on STMicroelectronics.X-CUBE-AI.10.2.0_Appli
2025-08-29 00:03:26,716 [WARN] IP:2250 - RefParam_XIP_memory not found: check if there is a RefParameter without a condition.
2025-08-29 00:03:26,717 [WARN] IP:2250 - RefParam_MEMORY_1_Size not found: check if there is a RefParameter without a condition.
2025-08-29 00:03:26,717 [WARN] IP:2250 - RefParam_MEMORY_1_FreqMax not found: check if there is a RefParameter without a condition.
2025-08-29 00:03:26,717 [WARN] IP:2250 - RefParam_MEMORY_1_ReadReg not found: check if there is a RefParameter without a condition.
2025-08-29 00:03:26,717 [WARN] IP:2250 - RefParam_MEMORY_1_WriteReg not found: check if there is a RefParameter without a condition.
2025-08-29 00:03:26,717 [WARN] IP:2250 - RefParam_MEMORY_1_RegSize not found: check if there is a RefParameter without a condition.
2025-08-29 00:03:26,717 [WARN] IP:2250 - RefParam_MEMORY_1_RegDummyCycle not found: check if there is a RefParameter without a condition.
2025-08-29 00:03:26,717 [WARN] IP:2250 - RefParam_MEMORY_1_WriteCommand not found: check if there is a RefParameter without a condition.
2025-08-29 00:03:26,717 [WARN] IP:2250 - RefParam_MEMORY_1_WriteDummyCycle not found: check if there is a RefParameter without a condition.
2025-08-29 00:03:26,717 [WARN] IP:2250 - RefParam_MEMORY_1_ReadCommand not found: check if there is a RefParameter without a condition.
2025-08-29 00:03:26,717 [WARN] IP:2250 - RefParam_MEMORY_1_WrapReadCommand not found: check if there is a RefParameter without a condition.
2025-08-29 00:03:26,717 [WARN] IP:2250 - RefParam_MEMORY_1_ReadDummyCycle not found: check if there is a RefParameter without a condition.
2025-08-29 00:03:26,717 [WARN] IP:2250 - RefParam_MEMORY_1_NumberOfConfig not found: check if there is a RefParameter without a condition.
2025-08-29 00:03:26,717 [WARN] IP:2250 - RefParam_MEMORY_1_Config1_WriteMask not found: check if there is a RefParameter without a condition.
2025-08-29 00:03:26,717 [WARN] IP:2250 - RefParam_MEMORY_1_Config1_WriteValue not found: check if there is a RefParameter without a condition.
2025-08-29 00:03:26,717 [WARN] IP:2250 - RefParam_MEMORY_1_Config1_RegAddress not found: check if there is a RefParameter without a condition.
2025-08-29 00:03:26,717 [WARN] IP:2250 - RefParam_MEMORY_1_Config2_WriteMask not found: check if there is a RefParameter without a condition.
2025-08-29 00:03:26,717 [WARN] IP:2250 - RefParam_MEMORY_1_Config2_WriteValue not found: check if there is a RefParameter without a condition.
2025-08-29 00:03:26,717 [WARN] IP:2250 - RefParam_MEMORY_1_Config2_RegAddress not found: check if there is a RefParameter without a condition.
2025-08-29 00:03:26,717 [WARN] IP:2250 - RefParam_MEMORY_1_Config3_WriteMask not found: check if there is a RefParameter without a condition.
2025-08-29 00:03:26,717 [WARN] IP:2250 - RefParam_MEMORY_1_Config3_WriteValue not found: check if there is a RefParameter without a condition.
2025-08-29 00:03:26,717 [WARN] IP:2250 - RefParam_MEMORY_1_Config3_RegAddress not found: check if there is a RefParameter without a condition.
2025-08-29 00:03:26,717 [WARN] IP:2250 - RefParam_MEMORY_2_Instance not found: check if there is a RefParameter without a condition.
2025-08-29 00:03:26,717 [WARN] IP:2250 - RefParam_MEMORY_2_ConfigType not found: check if there is a RefParameter without a condition.
2025-08-29 00:03:26,717 [WARN] IP:2250 - RefParam_MEMORY_2_Size not found: check if there is a RefParameter without a condition.
2025-08-29 00:03:26,717 [WARN] IP:2250 - RefParam_MEMORY_2_FreqMax not found: check if there is a RefParameter without a condition.
2025-08-29 00:03:26,717 [WARN] IP:2250 - RefParam_MEMORY_2_ReadReg not found: check if there is a RefParameter without a condition.
2025-08-29 00:03:26,717 [WARN] IP:2250 - RefParam_MEMORY_2_WriteReg not found: check if there is a RefParameter without a condition.
2025-08-29 00:03:26,717 [WARN] IP:2250 - RefParam_MEMORY_2_RegSize not found: check if there is a RefParameter without a condition.
2025-08-29 00:03:26,717 [WARN] IP:2250 - RefParam_MEMORY_2_RegDummyCycle not found: check if there is a RefParameter without a condition.
2025-08-29 00:03:26,717 [WARN] IP:2250 - RefParam_MEMORY_2_WriteCommand not found: check if there is a RefParameter without a condition.
2025-08-29 00:03:26,717 [WARN] IP:2250 - RefParam_MEMORY_2_WriteDummyCycle not found: check if there is a RefParameter without a condition.
2025-08-29 00:03:26,717 [WARN] IP:2250 - RefParam_MEMORY_2_ReadCommand not found: check if there is a RefParameter without a condition.
2025-08-29 00:03:26,717 [WARN] IP:2250 - RefParam_MEMORY_2_WrapReadCommand not found: check if there is a RefParameter without a condition.
2025-08-29 00:03:26,717 [WARN] IP:2250 - RefParam_MEMORY_2_ReadDummyCycle not found: check if there is a RefParameter without a condition.
2025-08-29 00:03:26,717 [WARN] IP:2250 - RefParam_MEMORY_2_NumberOfConfig not found: check if there is a RefParameter without a condition.
2025-08-29 00:03:26,717 [WARN] IP:2250 - RefParam_MEMORY_2_Config1_WriteMask not found: check if there is a RefParameter without a condition.
2025-08-29 00:03:26,717 [WARN] IP:2250 - RefParam_MEMORY_2_Config1_WriteValue not found: check if there is a RefParameter without a condition.
2025-08-29 00:03:26,717 [WARN] IP:2250 - RefParam_MEMORY_2_Config1_RegAddress not found: check if there is a RefParameter without a condition.
2025-08-29 00:03:26,717 [WARN] IP:2250 - RefParam_MEMORY_2_Config2_WriteMask not found: check if there is a RefParameter without a condition.
2025-08-29 00:03:26,717 [WARN] IP:2250 - RefParam_MEMORY_2_Config2_WriteValue not found: check if there is a RefParameter without a condition.
2025-08-29 00:03:26,717 [WARN] IP:2250 - RefParam_MEMORY_2_Config2_RegAddress not found: check if there is a RefParameter without a condition.
2025-08-29 00:03:26,717 [WARN] IP:2250 - RefParam_MEMORY_2_Config3_WriteMask not found: check if there is a RefParameter without a condition.
2025-08-29 00:03:26,718 [WARN] IP:2250 - RefParam_MEMORY_2_Config3_WriteValue not found: check if there is a RefParameter without a condition.
2025-08-29 00:03:26,718 [WARN] IP:2250 - RefParam_MEMORY_2_Config3_RegAddress not found: check if there is a RefParameter without a condition.
2025-08-29 00:03:26,892 [INFO] CADModel:165 - CPN selected for project levelSTM32N657X0H3Q
2025-08-29 00:03:26,892 [INFO] CADModel:114 - Register for checkConnection events
2025-08-29 00:03:27,276 [ERROR] Context:921 - The IP LTDC is not set in context FSBL
2025-08-29 00:03:27,276 [ERROR] Context:921 - The IP LTDC is not set in context Appli
2025-08-29 00:03:27,276 [ERROR] Context:921 - The IP LTDC is not set in context ExtMemLoader
2025-08-29 00:03:27,987 [ERROR] Context:921 - The IP PWR is not set in context FSBL
2025-08-29 00:03:27,987 [ERROR] Context:921 - The IP PWR is not set in context Appli
2025-08-29 00:03:27,987 [ERROR] Context:921 - The IP PWR is not set in context ExtMemLoader
2025-08-29 00:03:28,260 [ERROR] Context:921 - The IP RTC is not set in context FSBL
2025-08-29 00:03:28,260 [ERROR] Context:921 - The IP RTC is not set in context Appli
2025-08-29 00:03:28,260 [ERROR] Context:921 - The IP RTC is not set in context ExtMemLoader
2025-08-29 00:03:28,648 [INFO] OpenFileManager:386 - Restore cursor
2025-08-29 00:03:29,002 [WARN] IP:2250 - RefParam_XIP_memory not found: check if there is a RefParameter without a condition.
2025-08-29 00:03:29,003 [WARN] IP:2250 - RefParam_MEMORY_1_Size not found: check if there is a RefParameter without a condition.
2025-08-29 00:03:29,003 [WARN] IP:2250 - RefParam_MEMORY_1_FreqMax not found: check if there is a RefParameter without a condition.
2025-08-29 00:03:29,003 [WARN] IP:2250 - RefParam_MEMORY_1_ReadReg not found: check if there is a RefParameter without a condition.
2025-08-29 00:03:29,003 [WARN] IP:2250 - RefParam_MEMORY_1_WriteReg not found: check if there is a RefParameter without a condition.
2025-08-29 00:03:29,003 [WARN] IP:2250 - RefParam_MEMORY_1_RegSize not found: check if there is a RefParameter without a condition.
2025-08-29 00:03:29,003 [WARN] IP:2250 - RefParam_MEMORY_1_RegDummyCycle not found: check if there is a RefParameter without a condition.
2025-08-29 00:03:29,003 [WARN] IP:2250 - RefParam_MEMORY_1_WriteCommand not found: check if there is a RefParameter without a condition.
2025-08-29 00:03:29,003 [WARN] IP:2250 - RefParam_MEMORY_1_WriteDummyCycle not found: check if there is a RefParameter without a condition.
2025-08-29 00:03:29,003 [WARN] IP:2250 - RefParam_MEMORY_1_ReadCommand not found: check if there is a RefParameter without a condition.
2025-08-29 00:03:29,003 [WARN] IP:2250 - RefParam_MEMORY_1_WrapReadCommand not found: check if there is a RefParameter without a condition.
2025-08-29 00:03:29,003 [WARN] IP:2250 - RefParam_MEMORY_1_ReadDummyCycle not found: check if there is a RefParameter without a condition.
2025-08-29 00:03:29,003 [WARN] IP:2250 - RefParam_MEMORY_1_NumberOfConfig not found: check if there is a RefParameter without a condition.
2025-08-29 00:03:29,003 [WARN] IP:2250 - RefParam_MEMORY_1_Config1_WriteMask not found: check if there is a RefParameter without a condition.
2025-08-29 00:03:29,003 [WARN] IP:2250 - RefParam_MEMORY_1_Config1_WriteValue not found: check if there is a RefParameter without a condition.
2025-08-29 00:03:29,003 [WARN] IP:2250 - RefParam_MEMORY_1_Config1_RegAddress not found: check if there is a RefParameter without a condition.
2025-08-29 00:03:29,003 [WARN] IP:2250 - RefParam_MEMORY_1_Config2_WriteMask not found: check if there is a RefParameter without a condition.
2025-08-29 00:03:29,003 [WARN] IP:2250 - RefParam_MEMORY_1_Config2_WriteValue not found: check if there is a RefParameter without a condition.
2025-08-29 00:03:29,003 [WARN] IP:2250 - RefParam_MEMORY_1_Config2_RegAddress not found: check if there is a RefParameter without a condition.
2025-08-29 00:03:29,003 [WARN] IP:2250 - RefParam_MEMORY_1_Config3_WriteMask not found: check if there is a RefParameter without a condition.
2025-08-29 00:03:29,003 [WARN] IP:2250 - RefParam_MEMORY_1_Config3_WriteValue not found: check if there is a RefParameter without a condition.
2025-08-29 00:03:29,003 [WARN] IP:2250 - RefParam_MEMORY_1_Config3_RegAddress not found: check if there is a RefParameter without a condition.
2025-08-29 00:03:29,003 [WARN] IP:2250 - RefParam_MEMORY_2_Instance not found: check if there is a RefParameter without a condition.
2025-08-29 00:03:29,003 [WARN] IP:2250 - RefParam_MEMORY_2_ConfigType not found: check if there is a RefParameter without a condition.
2025-08-29 00:03:29,003 [WARN] IP:2250 - RefParam_MEMORY_2_Size not found: check if there is a RefParameter without a condition.
2025-08-29 00:03:29,003 [WARN] IP:2250 - RefParam_MEMORY_2_FreqMax not found: check if there is a RefParameter without a condition.
2025-08-29 00:03:29,003 [WARN] IP:2250 - RefParam_MEMORY_2_ReadReg not found: check if there is a RefParameter without a condition.
2025-08-29 00:03:29,003 [WARN] IP:2250 - RefParam_MEMORY_2_WriteReg not found: check if there is a RefParameter without a condition.
2025-08-29 00:03:29,003 [WARN] IP:2250 - RefParam_MEMORY_2_RegSize not found: check if there is a RefParameter without a condition.
2025-08-29 00:03:29,003 [WARN] IP:2250 - RefParam_MEMORY_2_RegDummyCycle not found: check if there is a RefParameter without a condition.
2025-08-29 00:03:29,003 [WARN] IP:2250 - RefParam_MEMORY_2_WriteCommand not found: check if there is a RefParameter without a condition.
2025-08-29 00:03:29,003 [WARN] IP:2250 - RefParam_MEMORY_2_WriteDummyCycle not found: check if there is a RefParameter without a condition.
2025-08-29 00:03:29,003 [WARN] IP:2250 - RefParam_MEMORY_2_ReadCommand not found: check if there is a RefParameter without a condition.
2025-08-29 00:03:29,003 [WARN] IP:2250 - RefParam_MEMORY_2_WrapReadCommand not found: check if there is a RefParameter without a condition.
2025-08-29 00:03:29,003 [WARN] IP:2250 - RefParam_MEMORY_2_ReadDummyCycle not found: check if there is a RefParameter without a condition.
2025-08-29 00:03:29,003 [WARN] IP:2250 - RefParam_MEMORY_2_NumberOfConfig not found: check if there is a RefParameter without a condition.
2025-08-29 00:03:29,003 [WARN] IP:2250 - RefParam_MEMORY_2_Config1_WriteMask not found: check if there is a RefParameter without a condition.
2025-08-29 00:03:29,003 [WARN] IP:2250 - RefParam_MEMORY_2_Config1_WriteValue not found: check if there is a RefParameter without a condition.
2025-08-29 00:03:29,003 [WARN] IP:2250 - RefParam_MEMORY_2_Config1_RegAddress not found: check if there is a RefParameter without a condition.
2025-08-29 00:03:29,003 [WARN] IP:2250 - RefParam_MEMORY_2_Config2_WriteMask not found: check if there is a RefParameter without a condition.
2025-08-29 00:03:29,003 [WARN] IP:2250 - RefParam_MEMORY_2_Config2_WriteValue not found: check if there is a RefParameter without a condition.
2025-08-29 00:03:29,003 [WARN] IP:2250 - RefParam_MEMORY_2_Config2_RegAddress not found: check if there is a RefParameter without a condition.
2025-08-29 00:03:29,003 [WARN] IP:2250 - RefParam_MEMORY_2_Config3_WriteMask not found: check if there is a RefParameter without a condition.
2025-08-29 00:03:29,003 [WARN] IP:2250 - RefParam_MEMORY_2_Config3_WriteValue not found: check if there is a RefParameter without a condition.
2025-08-29 00:03:29,003 [WARN] IP:2250 - RefParam_MEMORY_2_Config3_RegAddress not found: check if there is a RefParameter without a condition.
2025-08-29 00:03:29,336 [INFO] AIMainUI:1270 - Restoring parameters from IP...
2025-08-29 00:03:29,336 [INFO] AIMainUI:1393 - No old model detected
2025-08-29 00:03:29,390 [INFO] AInterface:116 - AInterface using toolDir: C:/Users/ZOJOLDRI/STM32Cube/Repository/Packs/STMicroelectronics/X-CUBE-AI/10.2.0/Utilities/windows
2025-08-29 00:03:29,396 [INFO] AIModelDetailledView:2380 - Analysis status: -
2025-08-29 00:03:29,397 [INFO] AIModelDetailledView:929 - Selected model: Keras
2025-08-29 00:03:29,454 [INFO] AIModelDetailledView:2380 - Analysis status: done
2025-08-29 00:14:58,517 [INFO] WebApp:194 - Connection lost
2025-08-29 00:14:58,901 [INFO] WebApp:191 - Connection restablished
2025-08-29 00:16:34,533 [INFO] WebApp:194 - Connection lost
2025-08-29 00:16:34,902 [INFO] WebApp:191 - Connection restablished
2025-08-29 00:16:46,520 [INFO] WebApp:194 - Connection lost
2025-08-29 00:16:46,855 [INFO] WebApp:191 - Connection restablished
2025-08-29 09:41:15,697 [INFO] WebApp:194 - Connection lost
2025-08-29 09:41:17,651 [INFO] WebApp:191 - Connection restablished
2025-08-29 09:41:17,715 [INFO] WebApp:194 - Connection lost
2025-08-29 09:41:17,876 [INFO] WebApp:191 - Connection restablished
2025-08-29 09:41:19,728 [INFO] WebApp:194 - Connection lost
2025-08-29 09:41:20,324 [INFO] WebApp:191 - Connection restablished
2025-08-29 10:04:18,117 [INFO] WebApp:194 - Connection lost
2025-08-29 10:04:19,108 [INFO] WebApp:191 - Connection restablished
2025-08-29 10:04:22,868 [INFO] WebApp:194 - Connection lost
2025-08-29 10:04:23,285 [INFO] WebApp:191 - Connection restablished
2025-08-29 10:04:24,004 [INFO] WebApp:194 - Connection lost
2025-08-29 10:04:25,001 [INFO] WebApp:191 - Connection restablished
2025-08-29 10:21:49,923 [INFO] MainUpdater:2872 - connection check result : 10
2025-08-29 10:21:49,923 [INFO] MainUpdater:2872 - connection check result : 10
2025-08-29 10:21:49,949 [ERROR] IocParser:95 - Exception caught: null
2025-08-29 10:21:50,062 [INFO] MicroXplorer:468 - Change Database Path : 
2025-08-29 10:21:50,062 [INFO] MicroXplorer:498 - Change Database Version : DB.6.0.150
2025-08-29 10:21:50,112 [ERROR] ProjectManagerView:395 - 
java.lang.NullPointerException: Cannot invoke "javax.swing.JTextField.getText()" because the return value of "java.util.List.get(int)" is null
	at com.st.microxplorer.plugins.projectmanager.gui.ProjectChoiceTab$9.caretUpdate(ProjectChoiceTab.java:2706) ~[filemanager.jar:?]
	at javax.swing.text.JTextComponent.fireCaretUpdate(JTextComponent.java:408) ~[?:?]
	at javax.swing.text.JTextComponent$MutableCaretEvent.fire(JTextComponent.java:4484) ~[?:?]
	at javax.swing.text.JTextComponent$MutableCaretEvent.stateChanged(JTextComponent.java:4506) ~[?:?]
	at javax.swing.text.DefaultCaret.fireStateChanged(DefaultCaret.java:857) ~[?:?]
	at javax.swing.text.DefaultCaret.changeCaretPosition(DefaultCaret.java:1343) ~[?:?]
	at javax.swing.text.DefaultCaret.handleSetDot(DefaultCaret.java:1242) ~[?:?]
	at javax.swing.text.DefaultCaret.setDot(DefaultCaret.java:1223) ~[?:?]
	at javax.swing.text.DefaultCaret$Handler.insertUpdate(DefaultCaret.java:1819) ~[?:?]
	at javax.swing.text.AbstractDocument.fireInsertUpdate(AbstractDocument.java:227) ~[?:?]
	at javax.swing.text.AbstractDocument.handleInsertString(AbstractDocument.java:781) ~[?:?]
	at javax.swing.text.AbstractDocument.insertString(AbstractDocument.java:740) ~[?:?]
	at javax.swing.text.PlainDocument.insertString(PlainDocument.java:131) ~[?:?]
	at javax.swing.text.AbstractDocument.replace(AbstractDocument.java:699) ~[?:?]
	at javax.swing.text.JTextComponent.setText(JTextComponent.java:1725) ~[?:?]
	at com.st.microxplorer.plugins.projectmanager.gui.ProjectChoiceTab.createHeapStackFields(ProjectChoiceTab.java:993) ~[filemanager.jar:?]
	at com.st.microxplorer.plugins.projectmanager.gui.ProjectChoiceTab.buildLinkSettingsPanel(ProjectChoiceTab.java:3813) ~[filemanager.jar:?]
	at com.st.microxplorer.plugins.projectmanager.gui.ProjectChoiceTab.defineWindowsFields(ProjectChoiceTab.java:1987) ~[filemanager.jar:?]
	at com.st.microxplorer.plugins.projectmanager.gui.ProjectChoiceTab.updateSettings(ProjectChoiceTab.java:558) ~[filemanager.jar:?]
	at com.st.microxplorer.plugins.projectmanager.gui.ProjectSettingsPanel.UpdateDialog(ProjectSettingsPanel.java:247) ~[filemanager.jar:?]
	at com.st.microxplorer.plugins.projectmanager.ProjectManagerView.propertyChange(ProjectManagerView.java:392) ~[filemanager.jar:?]
	at java.beans.PropertyChangeSupport.fire(PropertyChangeSupport.java:343) ~[?:?]
	at java.beans.PropertyChangeSupport.firePropertyChange(PropertyChangeSupport.java:335) ~[?:?]
	at java.beans.PropertyChangeSupport.firePropertyChange(PropertyChangeSupport.java:268) ~[?:?]
	at com.st.microxplorer.util.MXPropertyChangeSupport.firePropertyChange(MXPropertyChangeSupport.java:54) ~[STM32CubeMX.jar:?]
	at com.st.microxplorer.mxsystem.MxSystem.closeConfig(MxSystem.java:899) ~[STM32CubeMX.jar:?]
	at com.st.microxplorer.maingui.MainPanel.closeConfig(MainPanel.java:792) ~[STM32CubeMX.jar:?]
	at com.st.microxplorer.plugins.filemanager.engine.OpenFileManager.loadConfigurationFile(OpenFileManager.java:288) ~[filemanager.jar:?]
	at com.st.microxplorer.plugins.filemanager.engine.MainFileManager.userLoadConfig(MainFileManager.java:364) ~[filemanager.jar:?]
	at com.st.microxplorer.plugins.filemanager.engine.MainFileManager.userLoadConfig(MainFileManager.java:342) ~[filemanager.jar:?]
	at com.st.microxplorer.plugins.filemanager.FileManagerView.getSpecificTask(FileManagerView.java:264) ~[filemanager.jar:?]
	at com.st.stm32cube.common.mx.editor.CubeMxEditor.getMxTabbedPaneInstance(CubeMxEditor.java:1198) ~[com.st.stm32cube.common.mx_6.15.0.202507011659/:?]
	at com.st.stm32cube.common.mx.editor.CubeMxEditor$12$1.createSwingComponent(CubeMxEditor.java:1068) ~[com.st.stm32cube.common.mx_6.15.0.202507011659/:?]
	at com.st.stm32cube.common.mx.oss.core.awtswtbridge.EmbeddedSwingComposite.doComponentCreation(EmbeddedSwingComposite.java:492) ~[com.st.stm32cube.common.mx.oss_6.15.0.202507011659/:?]
	at com.st.stm32cube.common.mx.oss.core.awtswtbridge.EmbeddedSwingComposite$4.run(EmbeddedSwingComposite.java:291) ~[com.st.stm32cube.common.mx.oss_6.15.0.202507011659/:?]
	at com.st.stm32cube.common.mx.oss.core.awtswtbridge.AwtEnvironment$2.run(AwtEnvironment.java:166) ~[com.st.stm32cube.common.mx.oss_6.15.0.202507011659/:?]
	at java.awt.event.InvocationEvent.dispatch(InvocationEvent.java:318) ~[?:?]
	at java.awt.EventQueue.dispatchEventImpl(EventQueue.java:773) ~[?:?]
	at java.awt.EventQueue$4.run(EventQueue.java:720) ~[?:?]
	at java.awt.EventQueue$4.run(EventQueue.java:714) ~[?:?]
	at java.security.AccessController.doPrivileged(AccessController.java:400) ~[?:?]
	at java.security.ProtectionDomain$JavaSecurityAccessImpl.doIntersectionPrivilege(ProtectionDomain.java:87) ~[?:?]
	at java.awt.EventQueue.dispatchEvent(EventQueue.java:742) ~[?:?]
	at java.awt.EventDispatchThread.pumpOneEventForFilters(EventDispatchThread.java:203) ~[?:?]
	at java.awt.EventDispatchThread.pumpEventsForFilter(EventDispatchThread.java:124) ~[?:?]
	at java.awt.EventDispatchThread.pumpEventsForHierarchy(EventDispatchThread.java:113) ~[?:?]
	at java.awt.EventDispatchThread.pumpEvents(EventDispatchThread.java:109) ~[?:?]
	at java.awt.EventDispatchThread.pumpEvents(EventDispatchThread.java:101) ~[?:?]
	at java.awt.EventDispatchThread.run(EventDispatchThread.java:90) ~[?:?]
2025-08-29 10:21:50,115 [WARN] ThirdParty:871 - waiting for thirdparty lock release [close project]
2025-08-29 10:21:50,115 [INFO] ThirdParty:873 - entering critical section [close project]
2025-08-29 10:21:50,115 [INFO] ThirdParty:883 - exiting critical section [close project]
2025-08-29 10:21:50,122 [INFO] PinOutPanel:1589 - setPackage(No Configuration,No Configuration)
2025-08-29 10:21:50,133 [INFO] AI:982 - onDisable adding AI com.st.microxplorer.plugins.ip.ai.AI@6ebe13af on STMicroelectronics.X-CUBE-AI.10.2.0_Appli
2025-08-29 10:21:50,308 [INFO] UtilMem:75 - Begin LoadConfig() Used Memory: 970228592 Bytes (1073741824)
2025-08-29 10:21:50,309 [INFO] MicroXplorer:468 - Change Database Path : 
2025-08-29 10:21:50,309 [INFO] MicroXplorer:498 - Change Database Version : DB.6.0.150
2025-08-29 10:21:50,309 [INFO] OpenFileManager:355 - Change cursor
2025-08-29 10:21:50,486 [INFO] Mcu:2029 - Initializing MCU STM32N657X0HxQ STM32N657X0HxQ STM32N657X0H3Q
2025-08-29 10:21:55,560 [INFO] Context:786 - Trying to add GPIOservice into a context  which must be forbidden
2025-08-29 10:21:55,560 [INFO] Context:786 - Trying to add GPIOservice into a context  which must be forbidden
2025-08-29 10:21:55,560 [INFO] Context:786 - Trying to add GPIOservice into a context  which must be forbidden
2025-08-29 10:21:55,560 [INFO] Context:786 - Trying to add GPIOservice into a context  which must be forbidden
2025-08-29 10:21:55,560 [INFO] Context:786 - Trying to add GPIOservice into a context  which must be forbidden
2025-08-29 10:21:57,436 [INFO] ApiDbMcu:532 - Load IP Config File for STMicroelectronics.X-CUBE-AI.10.2.0_Appli
2025-08-29 10:21:57,597 [INFO] ApiDbMcu:532 - Load IP Config File for NUCLEO-N657X0-Q
2025-08-29 10:21:57,734 [INFO] Context:786 - Trying to add GPIOservice into a context  which must be forbidden
2025-08-29 10:21:57,740 [INFO] Context:786 - Trying to add GPIOservice into a context  which must be forbidden
2025-08-29 10:21:57,745 [ERROR] Context:921 - The IP RIF is not set in context FSBL
2025-08-29 10:21:57,750 [INFO] Context:786 - Trying to add GPIOservice into a context  which must be forbidden
2025-08-29 10:21:57,780 [INFO] ImportTextPane:234 - (OptionalMessage_ERROR) Unable to find key (Mcu.IP15) in loaded IOC file
2025-08-29 10:21:57,780 [INFO] ImportTextPane:234 - (OptionalMessage_ERROR) Unknown IP (dummy)
2025-08-29 10:21:57,918 [WARN] ModelIntegratedComponent:63 - No mode defined for component null
2025-08-29 10:21:57,918 [WARN] ModelIntegratedComponent:63 - No mode defined for component null
2025-08-29 10:21:57,918 [WARN] ModelIntegratedComponent:63 - No mode defined for component null
2025-08-29 10:21:57,918 [WARN] ModelIntegratedComponent:63 - No mode defined for component null
2025-08-29 10:21:57,918 [WARN] ModelIntegratedComponent:63 - No mode defined for component null
2025-08-29 10:21:57,918 [WARN] ModelIntegratedComponent:63 - No mode defined for component null
2025-08-29 10:21:57,919 [WARN] ModelIntegratedComponent:63 - No mode defined for component null
2025-08-29 10:21:57,919 [WARN] ModelIntegratedComponent:63 - No mode defined for component null
2025-08-29 10:21:57,919 [WARN] ModelIntegratedComponent:63 - No mode defined for component null
2025-08-29 10:21:57,919 [WARN] ModelIntegratedComponent:63 - No mode defined for component null
2025-08-29 10:21:57,919 [WARN] ModelIntegratedComponent:63 - No mode defined for component null
2025-08-29 10:21:57,919 [WARN] ModelIntegratedComponent:63 - No mode defined for component null
2025-08-29 10:21:57,919 [WARN] ModelIntegratedComponent:63 - No mode defined for component null
2025-08-29 10:21:57,919 [WARN] ModelIntegratedComponent:63 - No mode defined for component null
2025-08-29 10:21:57,919 [WARN] ModelIntegratedComponent:63 - No mode defined for component null
2025-08-29 10:21:57,919 [WARN] ModelIntegratedComponent:63 - No mode defined for component null
2025-08-29 10:21:57,919 [WARN] ModelIntegratedComponent:63 - No mode defined for component null
2025-08-29 10:21:57,920 [WARN] ModelIntegratedComponent:63 - No mode defined for component null
2025-08-29 10:21:57,920 [WARN] ModelIntegratedComponent:63 - No mode defined for component null
2025-08-29 10:21:57,920 [WARN] ModelIntegratedComponent:63 - No mode defined for component null
2025-08-29 10:21:57,920 [WARN] ModelIntegratedComponent:63 - No mode defined for component null
2025-08-29 10:21:57,920 [WARN] ModelIntegratedComponent:63 - No mode defined for component null
2025-08-29 10:21:57,920 [WARN] ModelIntegratedComponent:63 - No mode defined for component null
2025-08-29 10:21:57,920 [WARN] ModelIntegratedComponent:63 - No mode defined for component null
2025-08-29 10:21:57,921 [WARN] ModelIntegratedComponent:63 - No mode defined for component null
2025-08-29 10:21:57,921 [WARN] ModelIntegratedComponent:63 - No mode defined for component null
2025-08-29 10:21:57,921 [WARN] ModelIntegratedComponent:63 - No mode defined for component null
2025-08-29 10:21:57,921 [WARN] ModelIntegratedComponent:63 - No mode defined for component null
2025-08-29 10:21:57,921 [WARN] ModelIntegratedComponent:63 - No mode defined for component null
2025-08-29 10:21:57,921 [WARN] ModelIntegratedComponent:63 - No mode defined for component null
2025-08-29 10:21:57,921 [WARN] ModelIntegratedComponent:63 - No mode defined for component null
2025-08-29 10:21:57,921 [WARN] ModelIntegratedComponent:63 - No mode defined for component null
2025-08-29 10:21:57,921 [WARN] ModelIntegratedComponent:63 - No mode defined for component null
2025-08-29 10:21:57,921 [WARN] ModelIntegratedComponent:63 - No mode defined for component null
2025-08-29 10:21:57,922 [WARN] ModelIntegratedComponent:63 - No mode defined for component null
2025-08-29 10:21:57,922 [WARN] ModelPack:524 - Component already loaded: STMicroelectronics:HAL Drivers:0.0.0:STMicroelectronics:Device:STMicro_Driver:XSPI:HAL::0.0.1:HAL_XSPI
2025-08-29 10:21:57,940 [INFO] RtosManager:558 - Registered RTOS mode: class=RTOS, group=ThreadX, mode=Core, owner=THREADX
2025-08-29 10:21:58,100 [WARN] ModelIntegratedComponent:63 - No mode defined for component null
2025-08-29 10:21:58,100 [WARN] ModelIntegratedComponent:63 - No mode defined for component null
2025-08-29 10:21:58,100 [WARN] ModelIntegratedComponent:63 - No mode defined for component null
2025-08-29 10:21:58,100 [WARN] ModelIntegratedComponent:63 - No mode defined for component null
2025-08-29 10:21:58,100 [WARN] ModelIntegratedComponent:63 - No mode defined for component null
2025-08-29 10:21:58,100 [WARN] ModelIntegratedComponent:63 - No mode defined for component null
2025-08-29 10:21:58,100 [WARN] ModelIntegratedComponent:63 - No mode defined for component null
2025-08-29 10:21:58,101 [WARN] ModelIntegratedComponent:63 - No mode defined for component null
2025-08-29 10:21:58,101 [WARN] ModelIntegratedComponent:63 - No mode defined for component null
2025-08-29 10:21:58,101 [WARN] ModelIntegratedComponent:63 - No mode defined for component null
2025-08-29 10:21:58,101 [WARN] ModelIntegratedComponent:63 - No mode defined for component null
2025-08-29 10:21:58,101 [WARN] ModelIntegratedComponent:63 - No mode defined for component null
2025-08-29 10:21:58,101 [WARN] ModelIntegratedComponent:63 - No mode defined for component null
2025-08-29 10:21:58,101 [WARN] ModelIntegratedComponent:63 - No mode defined for component null
2025-08-29 10:21:58,101 [WARN] ModelIntegratedComponent:63 - No mode defined for component null
2025-08-29 10:21:58,101 [WARN] ModelIntegratedComponent:63 - No mode defined for component null
2025-08-29 10:21:58,101 [WARN] ModelIntegratedComponent:63 - No mode defined for component null
2025-08-29 10:21:58,101 [WARN] ModelIntegratedComponent:63 - No mode defined for component null
2025-08-29 10:21:58,101 [WARN] ModelIntegratedComponent:63 - No mode defined for component null
2025-08-29 10:21:58,101 [WARN] ModelIntegratedComponent:63 - No mode defined for component null
2025-08-29 10:21:58,101 [WARN] ModelIntegratedComponent:63 - No mode defined for component null
2025-08-29 10:21:58,101 [WARN] ModelIntegratedComponent:63 - No mode defined for component null
2025-08-29 10:21:58,101 [WARN] ModelIntegratedComponent:63 - No mode defined for component null
2025-08-29 10:21:58,101 [WARN] ModelIntegratedComponent:63 - No mode defined for component null
2025-08-29 10:21:58,101 [WARN] ModelIntegratedComponent:63 - No mode defined for component null
2025-08-29 10:21:58,101 [WARN] ModelIntegratedComponent:63 - No mode defined for component null
2025-08-29 10:21:58,102 [WARN] ModelIntegratedComponent:63 - No mode defined for component null
2025-08-29 10:21:58,102 [WARN] ModelIntegratedComponent:63 - No mode defined for component null
2025-08-29 10:21:58,102 [WARN] ModelIntegratedComponent:63 - No mode defined for component null
2025-08-29 10:21:58,102 [WARN] ModelIntegratedComponent:63 - No mode defined for component null
2025-08-29 10:21:58,102 [WARN] ModelIntegratedComponent:63 - No mode defined for component null
2025-08-29 10:21:58,102 [WARN] ModelIntegratedComponent:63 - No mode defined for component null
2025-08-29 10:21:58,102 [WARN] ModelIntegratedComponent:63 - No mode defined for component null
2025-08-29 10:21:58,102 [WARN] ModelIntegratedComponent:63 - No mode defined for component null
2025-08-29 10:21:58,102 [WARN] ModelIntegratedComponent:63 - No mode defined for component null
2025-08-29 10:21:58,102 [WARN] ModelPack:524 - Component already loaded: STMicroelectronics:HAL Drivers:0.0.0:STMicroelectronics:Device:STMicro_Driver:XSPI:HAL::0.0.1:HAL_XSPI
2025-08-29 10:21:58,105 [INFO] RtosManager:558 - Registered RTOS mode: class=RTOS, group=ThreadX, mode=Core, owner=THREADX
2025-08-29 10:21:58,159 [WARN] ModelIntegratedComponent:63 - No mode defined for component null
2025-08-29 10:21:58,159 [WARN] ModelIntegratedComponent:63 - No mode defined for component null
2025-08-29 10:21:58,160 [WARN] ModelIntegratedComponent:63 - No mode defined for component null
2025-08-29 10:21:58,160 [WARN] ModelIntegratedComponent:63 - No mode defined for component null
2025-08-29 10:21:58,160 [WARN] ModelIntegratedComponent:63 - No mode defined for component null
2025-08-29 10:21:58,160 [WARN] ModelIntegratedComponent:63 - No mode defined for component null
2025-08-29 10:21:58,160 [WARN] ModelIntegratedComponent:63 - No mode defined for component null
2025-08-29 10:21:58,160 [WARN] ModelIntegratedComponent:63 - No mode defined for component null
2025-08-29 10:21:58,160 [WARN] ModelIntegratedComponent:63 - No mode defined for component null
2025-08-29 10:21:58,160 [WARN] ModelIntegratedComponent:63 - No mode defined for component null
2025-08-29 10:21:58,160 [WARN] ModelIntegratedComponent:63 - No mode defined for component null
2025-08-29 10:21:58,160 [WARN] ModelIntegratedComponent:63 - No mode defined for component null
2025-08-29 10:21:58,160 [WARN] ModelIntegratedComponent:63 - No mode defined for component null
2025-08-29 10:21:58,160 [WARN] ModelIntegratedComponent:63 - No mode defined for component null
2025-08-29 10:21:58,160 [WARN] ModelIntegratedComponent:63 - No mode defined for component null
2025-08-29 10:21:58,160 [WARN] ModelIntegratedComponent:63 - No mode defined for component null
2025-08-29 10:21:58,161 [WARN] ModelIntegratedComponent:63 - No mode defined for component null
2025-08-29 10:21:58,161 [WARN] ModelIntegratedComponent:63 - No mode defined for component null
2025-08-29 10:21:58,161 [WARN] ModelIntegratedComponent:63 - No mode defined for component null
2025-08-29 10:21:58,161 [WARN] ModelIntegratedComponent:63 - No mode defined for component null
2025-08-29 10:21:58,161 [WARN] ModelIntegratedComponent:63 - No mode defined for component null
2025-08-29 10:21:58,161 [WARN] ModelIntegratedComponent:63 - No mode defined for component null
2025-08-29 10:21:58,161 [WARN] ModelIntegratedComponent:63 - No mode defined for component null
2025-08-29 10:21:58,161 [WARN] ModelIntegratedComponent:63 - No mode defined for component null
2025-08-29 10:21:58,161 [WARN] ModelIntegratedComponent:63 - No mode defined for component null
2025-08-29 10:21:58,161 [WARN] ModelIntegratedComponent:63 - No mode defined for component null
2025-08-29 10:21:58,161 [WARN] ModelIntegratedComponent:63 - No mode defined for component null
2025-08-29 10:21:58,161 [WARN] ModelIntegratedComponent:63 - No mode defined for component null
2025-08-29 10:21:58,161 [WARN] ModelIntegratedComponent:63 - No mode defined for component null
2025-08-29 10:21:58,161 [WARN] ModelIntegratedComponent:63 - No mode defined for component null
2025-08-29 10:21:58,161 [WARN] ModelIntegratedComponent:63 - No mode defined for component null
2025-08-29 10:21:58,161 [WARN] ModelIntegratedComponent:63 - No mode defined for component null
2025-08-29 10:21:58,161 [WARN] ModelIntegratedComponent:63 - No mode defined for component null
2025-08-29 10:21:58,161 [WARN] ModelIntegratedComponent:63 - No mode defined for component null
2025-08-29 10:21:58,161 [WARN] ModelIntegratedComponent:63 - No mode defined for component null
2025-08-29 10:21:58,161 [WARN] ModelPack:524 - Component already loaded: STMicroelectronics:HAL Drivers:0.0.0:STMicroelectronics:Device:STMicro_Driver:XSPI:HAL::0.0.1:HAL_XSPI
2025-08-29 10:21:58,164 [INFO] RtosManager:558 - Registered RTOS mode: class=RTOS, group=ThreadX, mode=Core, owner=THREADX
2025-08-29 10:21:58,214 [ERROR] ThirdPartyModel:1051 - Thirdparty pack not in same context : STMicroelectronics.X-CUBE-AI.10.2.0_Appli
2025-08-29 10:21:58,214 [ERROR] ThirdPartyModel:1051 - Thirdparty pack not in same context : STMicroelectronics.X-CUBE-AI.10.2.0_Appli
2025-08-29 10:21:58,916 [INFO] ApiDbMcu:532 - Load IP Config File for EXTMEM_MANAGER
2025-08-29 10:21:58,933 [INFO] ThirdPartyModel:298 - Start build external matchings
2025-08-29 10:21:59,120 [INFO] ThirdPartyModel:316 - End build external matchings
2025-08-29 10:21:59,128 [INFO] ThirdPartyModel:298 - Start build external matchings
2025-08-29 10:21:59,324 [INFO] ThirdPartyModel:316 - End build external matchings
2025-08-29 10:21:59,330 [INFO] ThirdPartyModel:298 - Start build external matchings
2025-08-29 10:21:59,529 [INFO] ThirdPartyModel:316 - End build external matchings
2025-08-29 10:21:59,538 [INFO] ImportTextPane:234 - (OptionalMessage_ERROR) IP (CORTEX_M55_FSBL) : Invalid parameter (Attributes0)
2025-08-29 10:21:59,539 [INFO] ImportTextPane:234 - (OptionalMessage_ERROR) IP (CORTEX_M55_FSBL) : Invalid parameter (Memorytype0)
2025-08-29 10:21:59,539 [INFO] ImportTextPane:234 - (OptionalMessage_ERROR) IP (CORTEX_M55_FSBL) : Parameter (CacheableAttribute0) has invalid value (MPU_WRITE_BACK)
2025-08-29 10:21:59,539 [INFO] ImportTextPane:234 - (OptionalMessage_ERROR) IP (CORTEX_M55_FSBL) : Parameter (TransientAttribute0) has invalid value (MPU_NON_TRANSIENT)
2025-08-29 10:21:59,539 [INFO] ImportTextPane:234 - (OptionalMessage_ERROR) IP (CORTEX_M55_FSBL) : Parameter (AllocateAttribute0) has invalid value (MPU_R_ALLOCATE)
2025-08-29 10:21:59,539 [WARN] IP:2250 - RefParam_XIP_memory not found: check if there is a RefParameter without a condition.
2025-08-29 10:21:59,539 [WARN] IP:2250 - RefParam_MEMORY_1_Size not found: check if there is a RefParameter without a condition.
2025-08-29 10:21:59,539 [WARN] IP:2250 - RefParam_MEMORY_1_FreqMax not found: check if there is a RefParameter without a condition.
2025-08-29 10:21:59,539 [WARN] IP:2250 - RefParam_MEMORY_1_ReadReg not found: check if there is a RefParameter without a condition.
2025-08-29 10:21:59,540 [WARN] IP:2250 - RefParam_MEMORY_1_WriteReg not found: check if there is a RefParameter without a condition.
2025-08-29 10:21:59,540 [WARN] IP:2250 - RefParam_MEMORY_1_RegSize not found: check if there is a RefParameter without a condition.
2025-08-29 10:21:59,540 [WARN] IP:2250 - RefParam_MEMORY_1_RegDummyCycle not found: check if there is a RefParameter without a condition.
2025-08-29 10:21:59,540 [WARN] IP:2250 - RefParam_MEMORY_1_WriteCommand not found: check if there is a RefParameter without a condition.
2025-08-29 10:21:59,540 [WARN] IP:2250 - RefParam_MEMORY_1_WriteDummyCycle not found: check if there is a RefParameter without a condition.
2025-08-29 10:21:59,540 [WARN] IP:2250 - RefParam_MEMORY_1_ReadCommand not found: check if there is a RefParameter without a condition.
2025-08-29 10:21:59,540 [WARN] IP:2250 - RefParam_MEMORY_1_WrapReadCommand not found: check if there is a RefParameter without a condition.
2025-08-29 10:21:59,540 [WARN] IP:2250 - RefParam_MEMORY_1_ReadDummyCycle not found: check if there is a RefParameter without a condition.
2025-08-29 10:21:59,540 [WARN] IP:2250 - RefParam_MEMORY_1_NumberOfConfig not found: check if there is a RefParameter without a condition.
2025-08-29 10:21:59,540 [WARN] IP:2250 - RefParam_MEMORY_1_Config1_WriteMask not found: check if there is a RefParameter without a condition.
2025-08-29 10:21:59,540 [WARN] IP:2250 - RefParam_MEMORY_1_Config1_WriteValue not found: check if there is a RefParameter without a condition.
2025-08-29 10:21:59,540 [WARN] IP:2250 - RefParam_MEMORY_1_Config1_RegAddress not found: check if there is a RefParameter without a condition.
2025-08-29 10:21:59,540 [WARN] IP:2250 - RefParam_MEMORY_1_Config2_WriteMask not found: check if there is a RefParameter without a condition.
2025-08-29 10:21:59,540 [WARN] IP:2250 - RefParam_MEMORY_1_Config2_WriteValue not found: check if there is a RefParameter without a condition.
2025-08-29 10:21:59,541 [WARN] IP:2250 - RefParam_MEMORY_1_Config2_RegAddress not found: check if there is a RefParameter without a condition.
2025-08-29 10:21:59,541 [WARN] IP:2250 - RefParam_MEMORY_1_Config3_WriteMask not found: check if there is a RefParameter without a condition.
2025-08-29 10:21:59,541 [WARN] IP:2250 - RefParam_MEMORY_1_Config3_WriteValue not found: check if there is a RefParameter without a condition.
2025-08-29 10:21:59,541 [WARN] IP:2250 - RefParam_MEMORY_1_Config3_RegAddress not found: check if there is a RefParameter without a condition.
2025-08-29 10:21:59,541 [WARN] IP:2250 - RefParam_MEMORY_2_Instance not found: check if there is a RefParameter without a condition.
2025-08-29 10:21:59,541 [WARN] IP:2250 - RefParam_MEMORY_2_ConfigType not found: check if there is a RefParameter without a condition.
2025-08-29 10:21:59,541 [WARN] IP:2250 - RefParam_MEMORY_2_Size not found: check if there is a RefParameter without a condition.
2025-08-29 10:21:59,541 [WARN] IP:2250 - RefParam_MEMORY_2_FreqMax not found: check if there is a RefParameter without a condition.
2025-08-29 10:21:59,541 [WARN] IP:2250 - RefParam_MEMORY_2_ReadReg not found: check if there is a RefParameter without a condition.
2025-08-29 10:21:59,541 [WARN] IP:2250 - RefParam_MEMORY_2_WriteReg not found: check if there is a RefParameter without a condition.
2025-08-29 10:21:59,541 [WARN] IP:2250 - RefParam_MEMORY_2_RegSize not found: check if there is a RefParameter without a condition.
2025-08-29 10:21:59,541 [WARN] IP:2250 - RefParam_MEMORY_2_RegDummyCycle not found: check if there is a RefParameter without a condition.
2025-08-29 10:21:59,541 [WARN] IP:2250 - RefParam_MEMORY_2_WriteCommand not found: check if there is a RefParameter without a condition.
2025-08-29 10:21:59,542 [WARN] IP:2250 - RefParam_MEMORY_2_WriteDummyCycle not found: check if there is a RefParameter without a condition.
2025-08-29 10:21:59,542 [WARN] IP:2250 - RefParam_MEMORY_2_ReadCommand not found: check if there is a RefParameter without a condition.
2025-08-29 10:21:59,542 [WARN] IP:2250 - RefParam_MEMORY_2_WrapReadCommand not found: check if there is a RefParameter without a condition.
2025-08-29 10:21:59,542 [WARN] IP:2250 - RefParam_MEMORY_2_ReadDummyCycle not found: check if there is a RefParameter without a condition.
2025-08-29 10:21:59,542 [WARN] IP:2250 - RefParam_MEMORY_2_NumberOfConfig not found: check if there is a RefParameter without a condition.
2025-08-29 10:21:59,542 [WARN] IP:2250 - RefParam_MEMORY_2_Config1_WriteMask not found: check if there is a RefParameter without a condition.
2025-08-29 10:21:59,542 [WARN] IP:2250 - RefParam_MEMORY_2_Config1_WriteValue not found: check if there is a RefParameter without a condition.
2025-08-29 10:21:59,542 [WARN] IP:2250 - RefParam_MEMORY_2_Config1_RegAddress not found: check if there is a RefParameter without a condition.
2025-08-29 10:21:59,542 [WARN] IP:2250 - RefParam_MEMORY_2_Config2_WriteMask not found: check if there is a RefParameter without a condition.
2025-08-29 10:21:59,542 [WARN] IP:2250 - RefParam_MEMORY_2_Config2_WriteValue not found: check if there is a RefParameter without a condition.
2025-08-29 10:21:59,542 [WARN] IP:2250 - RefParam_MEMORY_2_Config2_RegAddress not found: check if there is a RefParameter without a condition.
2025-08-29 10:21:59,542 [WARN] IP:2250 - RefParam_MEMORY_2_Config3_WriteMask not found: check if there is a RefParameter without a condition.
2025-08-29 10:21:59,542 [WARN] IP:2250 - RefParam_MEMORY_2_Config3_WriteValue not found: check if there is a RefParameter without a condition.
2025-08-29 10:21:59,542 [WARN] IP:2250 - RefParam_MEMORY_2_Config3_RegAddress not found: check if there is a RefParameter without a condition.
2025-08-29 10:21:59,559 [INFO] ImportTextPane:234 - (OptionalMessage_ERROR) IP (RIF) : Invalid parameter ()
2025-08-29 10:21:59,559 [INFO] ImportTextPane:234 - (OptionalMessage_ERROR) IP (RIF) : Invalid parameter ()
2025-08-29 10:21:59,560 [INFO] ImportTextPane:234 - (OptionalMessage_ERROR) IP (RIF) : Invalid parameter ()
2025-08-29 10:21:59,560 [INFO] ImportTextPane:234 - (OptionalMessage_ERROR) IP (RIF) : Invalid parameter ()
2025-08-29 10:21:59,560 [INFO] ImportTextPane:234 - (OptionalMessage_ERROR) IP (RIF) : Invalid parameter ()
2025-08-29 10:21:59,560 [INFO] ImportTextPane:234 - (OptionalMessage_ERROR) IP (STMicroelectronics.X-CUBE-AI.10.2.0_Appli) : Parameter (ModelName) has Id (f791fad752eeb64fd5ada2722a9584e122ebc38b9eccb3c0c9cfd36ad2dc72e4) currently not set
2025-08-29 10:21:59,560 [INFO] ImportTextPane:234 - (OptionalMessage_ERROR) IP (STMicroelectronics.X-CUBE-AI.10.2.0_Appli) : Parameter (ModelKind) has Id (f791fad752eeb64fd5ada2722a9584e122ebc38b9eccb3c0c9cfd36ad2dc72e4) currently not set
2025-08-29 10:21:59,560 [INFO] ImportTextPane:234 - (OptionalMessage_ERROR) IP (STMicroelectronics.X-CUBE-AI.10.2.0_Appli) : Parameter (ModelCompression) has Id (f791fad752eeb64fd5ada2722a9584e122ebc38b9eccb3c0c9cfd36ad2dc72e4) currently not set
2025-08-29 10:21:59,560 [INFO] ImportTextPane:234 - (OptionalMessage_ERROR) IP (STMicroelectronics.X-CUBE-AI.10.2.0_Appli) : Invalid parameter (LatestDirectoryUsed)
2025-08-29 10:21:59,560 [INFO] ImportTextPane:234 - (OptionalMessage_ERROR) IP (STMicroelectronics.X-CUBE-AI.10.2.0_Appli) : Parameter (ModelStructureFile) has Id (f791fad752eeb64fd5ada2722a9584e122ebc38b9eccb3c0c9cfd36ad2dc72e4) currently not set
2025-08-29 10:21:59,560 [INFO] ImportTextPane:234 - (OptionalMessage_ERROR) IP (STMicroelectronics.X-CUBE-AI.10.2.0_Appli) : Parameter (ModelMacc) has Id (f791fad752eeb64fd5ada2722a9584e122ebc38b9eccb3c0c9cfd36ad2dc72e4) currently not set
2025-08-29 10:21:59,560 [INFO] ImportTextPane:234 - (OptionalMessage_ERROR) IP (STMicroelectronics.X-CUBE-AI.10.2.0_Appli) : Parameter (ModelActualCompression) has Id (f791fad752eeb64fd5ada2722a9584e122ebc38b9eccb3c0c9cfd36ad2dc72e4) currently not set
2025-08-29 10:21:59,560 [INFO] ImportTextPane:234 - (OptionalMessage_ERROR) IP (STMicroelectronics.X-CUBE-AI.10.2.0_Appli) : Parameter (ModelRamOccupation) has Id (f791fad752eeb64fd5ada2722a9584e122ebc38b9eccb3c0c9cfd36ad2dc72e4) currently not set
2025-08-29 10:21:59,560 [INFO] ImportTextPane:234 - (OptionalMessage_ERROR) IP (STMicroelectronics.X-CUBE-AI.10.2.0_Appli) : Parameter (ModelFlashOccupation) has Id (f791fad752eeb64fd5ada2722a9584e122ebc38b9eccb3c0c9cfd36ad2dc72e4) currently not set
2025-08-29 10:21:59,560 [INFO] ImportTextPane:234 - (OptionalMessage_ERROR) IP (STMicroelectronics.X-CUBE-AI.10.2.0_Appli) : Parameter (copyWeightToRam) has Id (f791fad752eeb64fd5ada2722a9584e122ebc38b9eccb3c0c9cfd36ad2dc72e4) currently not set
2025-08-29 10:21:59,560 [INFO] ImportTextPane:234 - (OptionalMessage_ERROR) IP (STMicroelectronics.X-CUBE-AI.10.2.0_Appli) : Invalid parameter (useInputAllocation)
2025-08-29 10:21:59,560 [INFO] ImportTextPane:234 - (OptionalMessage_ERROR) IP (STMicroelectronics.X-CUBE-AI.10.2.0_Appli) : Invalid parameter (useOutputAllocation)
2025-08-29 10:21:59,560 [INFO] ImportTextPane:234 - (OptionalMessage_ERROR) IP (STMicroelectronics.X-CUBE-AI.10.2.0_Appli) : Invalid parameter (customLayerConfigEnabled)
2025-08-29 10:21:59,560 [INFO] ImportTextPane:234 - (OptionalMessage_ERROR) IP (STMicroelectronics.X-CUBE-AI.10.2.0_Appli) : Invalid parameter (noOnnxIoTranspose)
2025-08-29 10:21:59,561 [INFO] ImportTextPane:234 - (OptionalMessage_ERROR) IP (STMicroelectronics.X-CUBE-AI.10.2.0_Appli) : Parameter (ModelType) has Id (f791fad752eeb64fd5ada2722a9584e122ebc38b9eccb3c0c9cfd36ad2dc72e4) currently not set
2025-08-29 10:21:59,561 [INFO] ImportTextPane:234 - (OptionalMessage_ERROR) IP (STMicroelectronics.X-CUBE-AI.10.2.0_Appli) : Invalid parameter (MaximumNumberOfInputLayer)
2025-08-29 10:21:59,561 [INFO] ImportTextPane:234 - (OptionalMessage_ERROR) IP (STMicroelectronics.X-CUBE-AI.10.2.0_Appli) : Invalid parameter (MaximumNumberOfOutputLayer)
2025-08-29 10:21:59,561 [INFO] ImportTextPane:234 - (OptionalMessage_ERROR) IP (STMicroelectronics.X-CUBE-AI.10.2.0_Appli) : Invalid parameter (ValidationInputFileHistory)
2025-08-29 10:21:59,561 [INFO] ImportTextPane:234 - (OptionalMessage_ERROR) IP (STMicroelectronics.X-CUBE-AI.10.2.0_Appli) : Invalid parameter (useInputAllocation)
2025-08-29 10:21:59,561 [INFO] ImportTextPane:234 - (OptionalMessage_ERROR) IP (STMicroelectronics.X-CUBE-AI.10.2.0_Appli) : Invalid parameter (useOutputAllocation)
2025-08-29 10:21:59,561 [INFO] ImportTextPane:234 - (OptionalMessage_ERROR) IP (STMicroelectronics.X-CUBE-AI.10.2.0_Appli) : Invalid parameter (customLayerConfigEnabled)
2025-08-29 10:21:59,561 [INFO] ImportTextPane:234 - (OptionalMessage_ERROR) IP (STMicroelectronics.X-CUBE-AI.10.2.0_Appli) : Invalid parameter (noOnnxIoTranspose)
2025-08-29 10:21:59,561 [INFO] ImportTextPane:234 - (OptionalMessage_ERROR) IP (STMicroelectronics.X-CUBE-AI.10.2.0_Appli) : Invalid parameter (ValidationInputFile)
2025-08-29 10:21:59,865 [INFO] UtilMem:75 - End LoadConfig() Used Memory: 646415760 Bytes (1073741824)
2025-08-29 10:21:59,952 [WARN] ThirdParty:833 - waiting for thirdparty lock release [change project]
2025-08-29 10:21:59,952 [INFO] ThirdParty:835 - entering critical section [change project]
2025-08-29 10:21:59,952 [INFO] ThirdParty:1030 - CMSIS Pack Vendor :STMicroelectronics X-CUBE-PM33A1 1.0.0
2025-08-29 10:21:59,952 [INFO] ThirdParty:1030 - CMSIS Pack Vendor :STMicroelectronics USBPD 4.1
2025-08-29 10:21:59,952 [INFO] ThirdParty:1030 - CMSIS Pack Vendor :STMicroelectronics X-CUBE-NFC9 1.0.0
2025-08-29 10:21:59,952 [INFO] ThirdParty:1030 - CMSIS Pack Vendor :wolfSSL I-CUBE-wolfSSL 5.8.0
2025-08-29 10:21:59,952 [INFO] ThirdParty:1030 - CMSIS Pack Vendor :STMicroelectronics USB_HOST 2.0.0
2025-08-29 10:21:59,952 [INFO] ThirdParty:1030 - CMSIS Pack Vendor :STMicroelectronics FP-SNS-MOTENVWB1 1.4.0
2025-08-29 10:21:59,952 [INFO] ThirdParty:1030 - CMSIS Pack Vendor :STMicroelectronics X-CUBE-AZRTOS-F4 1.1.0
2025-08-29 10:21:59,952 [INFO] ThirdParty:1030 - CMSIS Pack Vendor :STMicroelectronics LIBJPEG 8.0.0
2025-08-29 10:21:59,952 [INFO] ThirdParty:1030 - CMSIS Pack Vendor :STMicroelectronics FP-ATR-ASTRA1 2.0.2
2025-08-29 10:21:59,952 [INFO] ThirdParty:1030 - CMSIS Pack Vendor :STMicroelectronics X-CUBE-BLE1 7.1.0
2025-08-29 10:21:59,952 [INFO] ThirdParty:1030 - CMSIS Pack Vendor :Avnet-IotConnect X-CUBE-IoTC-DA16k-PMOD 1.0.0
2025-08-29 10:21:59,952 [INFO] ThirdParty:1030 - CMSIS Pack Vendor :STMicroelectronics X-CUBE-SMBUS 2.1.0
2025-08-29 10:21:59,952 [INFO] ThirdParty:1030 - CMSIS Pack Vendor :wolfSSL I-CUBE-wolfMQTT 1.19.2
2025-08-29 10:21:59,952 [INFO] ThirdParty:1030 - CMSIS Pack Vendor :STMicroelectronics USB_DEVICE 3.0.0
2025-08-29 10:21:59,952 [INFO] ThirdParty:1030 - CMSIS Pack Vendor :STMicroelectronics X-CUBE-ISPU 2.1.0
2025-08-29 10:21:59,952 [INFO] ThirdParty:1030 - CMSIS Pack Vendor :STMicroelectronics X-CUBE-EEPRMA1 5.2.0
2025-08-29 10:21:59,952 [INFO] ThirdParty:1030 - CMSIS Pack Vendor :STMicroelectronics X-CUBE-BLEMGR 4.1.0
2025-08-29 10:21:59,952 [INFO] ThirdParty:1030 - CMSIS Pack Vendor :STMicroelectronics X-CUBE-AZRTOS-WB 2.0.0
2025-08-29 10:21:59,952 [INFO] ThirdParty:1030 - CMSIS Pack Vendor :STMicroelectronics X-CUBE-ST60 1.0.0
2025-08-29 10:21:59,952 [INFO] ThirdParty:1030 - CMSIS Pack Vendor :STMicroelectronics X-CUBE-GNSS1 7.0.1
2025-08-29 10:21:59,952 [INFO] ThirdParty:1030 - CMSIS Pack Vendor :STMicroelectronics X-CUBE-NFC12 1.0.0
2025-08-29 10:21:59,952 [INFO] ThirdParty:1030 - CMSIS Pack Vendor :STMicroelectronics X-CUBE-AZRTOS-F7 1.1.0
2025-08-29 10:21:59,952 [INFO] ThirdParty:1030 - CMSIS Pack Vendor :STMicroelectronics X-CUBE-AZRTOS-L5 2.0.0
2025-08-29 10:21:59,952 [INFO] ThirdParty:1030 - CMSIS Pack Vendor :STMicroelectronics X-CUBE-TOUCHGFX 4.25.0
2025-08-29 10:21:59,952 [INFO] ThirdParty:1030 - CMSIS Pack Vendor :STMicroelectronics USB_DEVICE 2.0.0
2025-08-29 10:21:59,952 [INFO] ThirdParty:1030 - CMSIS Pack Vendor :STMicroelectronics X-CUBE-NFC6 3.1.0
2025-08-29 10:21:59,952 [INFO] ThirdParty:1030 - CMSIS Pack Vendor :STMicroelectronics X-CUBE-AI 10.1.0
2025-08-29 10:21:59,952 [INFO] ThirdParty:1030 - CMSIS Pack Vendor :STMicroelectronics FP-SNS-STBOX1 2.0.0
2025-08-29 10:21:59,952 [INFO] ThirdParty:1030 - CMSIS Pack Vendor :quantropi X-CUBE-qispace-sdk-base 2.1.0
2025-08-29 10:21:59,952 [INFO] ThirdParty:1030 - CMSIS Pack Vendor :STMicroelectronics FreeRTOS 0.0.1
2025-08-29 10:21:59,952 [INFO] ThirdParty:1030 - CMSIS Pack Vendor :STMicroelectronics X-CUBE-AZRTOS-G0 1.1.0
2025-08-29 10:21:59,952 [INFO] ThirdParty:1030 - CMSIS Pack Vendor :STMicroelectronics X-CUBE-SAFEA1 1.2.2
2025-08-29 10:21:59,952 [INFO] ThirdParty:1030 - CMSIS Pack Vendor :STMicroelectronics X-CUBE-NFC4 3.0.0
2025-08-29 10:21:59,952 [INFO] ThirdParty:1030 - CMSIS Pack Vendor :STMicroelectronics X-CUBE-SUBG2 5.0.0
2025-08-29 10:21:59,952 [INFO] ThirdParty:1030 - CMSIS Pack Vendor :STMicroelectronics X-CUBE-AZRTOS-H7RS 1.1.0
2025-08-29 10:21:59,952 [INFO] ThirdParty:1030 - CMSIS Pack Vendor :STMicroelectronics STM32_WPAN 1.0.0
2025-08-29 10:21:59,952 [INFO] ThirdParty:1030 - CMSIS Pack Vendor :EmbeddedOffice I-CUBE-FS-RTOS 1.0.1
2025-08-29 10:21:59,953 [INFO] ThirdParty:1030 - CMSIS Pack Vendor :STMicroelectronics lwIP 2.0.3
2025-08-29 10:21:59,953 [INFO] ThirdParty:1030 - CMSIS Pack Vendor :Cesanta I-CUBE-Mongoose 7.13.0
2025-08-29 10:21:59,953 [INFO] ThirdParty:1030 - CMSIS Pack Vendor :STMicroelectronics USB_HOST 1.0.0
2025-08-29 10:21:59,953 [INFO] ThirdParty:1030 - CMSIS Pack Vendor :Infineon AIROC-Wi-Fi-Bluetooth-STM32 1.7.1
2025-08-29 10:21:59,953 [INFO] ThirdParty:1030 - CMSIS Pack Vendor :STMicroelectronics X-CUBE-AZRTOS-G4 2.0.0
2025-08-29 10:21:59,953 [INFO] ThirdParty:1030 - CMSIS Pack Vendor :STMicroelectronics X-CUBE-WB05N 2.0.0
2025-08-29 10:21:59,953 [INFO] ThirdParty:1030 - CMSIS Pack Vendor :STMicroelectronics PDM2PCM 3.1.0
2025-08-29 10:21:59,953 [INFO] ThirdParty:1030 - CMSIS Pack Vendor :STMicroelectronics PDM2PCM 3.3.0
2025-08-29 10:21:59,953 [INFO] ThirdParty:1030 - CMSIS Pack Vendor :wolfSSL I-CUBE-wolfTPM 3.8.0
2025-08-29 10:21:59,953 [INFO] ThirdParty:1030 - CMSIS Pack Vendor :STMicroelectronics X-CUBE-AZRTOS-H7 3.4.0
2025-08-29 10:21:59,953 [INFO] ThirdParty:1030 - CMSIS Pack Vendor :STMicroelectronics X-CUBE-DISPLAY 3.0.0
2025-08-29 10:21:59,953 [INFO] ThirdParty:1030 - CMSIS Pack Vendor :wolfSSL I-CUBE-wolfSSH 1.4.20
2025-08-29 10:21:59,953 [INFO] ThirdParty:1030 - CMSIS Pack Vendor :STMicroelectronics X-CUBE-NFC7 2.0.0
2025-08-29 10:21:59,953 [INFO] ThirdParty:1030 - CMSIS Pack Vendor :STMicroelectronics X-CUBE-TCPP 4.2.0
2025-08-29 10:21:59,953 [INFO] ThirdParty:1030 - CMSIS Pack Vendor :RealThread X-CUBE-RT-Thread_Nano 4.1.1
2025-08-29 10:21:59,953 [INFO] ThirdParty:1030 - CMSIS Pack Vendor :STMicroelectronics FP-ATR-SIGFOX1 3.2.0
2025-08-29 10:21:59,953 [INFO] ThirdParty:1030 - CMSIS Pack Vendor :STMicroelectronics X-CUBE-NFC10 1.0.0
2025-08-29 10:21:59,953 [INFO] ThirdParty:1030 - CMSIS Pack Vendor :STMicroelectronics X-CUBE-FREERTOS 1.3.1
2025-08-29 10:21:59,953 [INFO] ThirdParty:1030 - CMSIS Pack Vendor :STMicroelectronics HAL Drivers 0.0.0
2025-08-29 10:21:59,953 [INFO] ThirdParty:1030 - CMSIS Pack Vendor :STMicroelectronics MBEDTLS 2.16.2
2025-08-29 10:21:59,953 [INFO] ThirdParty:1030 - CMSIS Pack Vendor :STMicroelectronics X-CUBE-IPS 3.1.0
2025-08-29 10:21:59,953 [INFO] ThirdParty:1030 - CMSIS Pack Vendor :STMicroelectronics X-CUBE-ALS 1.0.2
2025-08-29 10:21:59,953 [INFO] ThirdParty:1030 - CMSIS Pack Vendor :emotas I-CUBE-CANOPEN 1.3.0
2025-08-29 10:21:59,953 [INFO] ThirdParty:1030 - CMSIS Pack Vendor :STMicroelectronics MBEDTLS 2.14.1
2025-08-29 10:21:59,953 [INFO] ThirdParty:1030 - CMSIS Pack Vendor :ITTIA_DB I-CUBE-ITTIADB 8.9.0
2025-08-29 10:21:59,953 [INFO] ThirdParty:1030 - CMSIS Pack Vendor :portGmbH I-Cube-SoM-uGOAL 1.1.0
2025-08-29 10:21:59,953 [INFO] ThirdParty:1030 - CMSIS Pack Vendor :STMicroelectronics X-CUBE-ST67W61 1.0.0
2025-08-29 10:21:59,953 [INFO] ThirdParty:1030 - CMSIS Pack Vendor :STMicroelectronics FP-SNS-STBOX1 2.1.0
2025-08-29 10:21:59,953 [INFO] ThirdParty:1030 - CMSIS Pack Vendor :STMicroelectronics X-CUBE-AI 10.2.0
2025-08-29 10:21:59,953 [INFO] ThirdParty:1030 - CMSIS Pack Vendor :STMicroelectronics FP-SNS-STAIOTCFT 1.0.0
2025-08-29 10:21:59,953 [INFO] ThirdParty:1030 - CMSIS Pack Vendor :STMicroelectronics ThreadX 1.0.0
2025-08-29 10:21:59,953 [INFO] ThirdParty:1030 - CMSIS Pack Vendor :STMicroelectronics FP-SNS-SMARTAG2 1.2.0
2025-08-29 10:21:59,953 [INFO] ThirdParty:1030 - CMSIS Pack Vendor :STMicroelectronics FP-SNS-FLIGHT1 5.1.0
2025-08-29 10:21:59,953 [INFO] ThirdParty:1030 - CMSIS Pack Vendor :STMicroelectronics X-CUBE-AZRTOS-WL 2.0.0
2025-08-29 10:21:59,953 [INFO] ThirdParty:1030 - CMSIS Pack Vendor :SEGGER I-CUBE-embOS 1.3.1
2025-08-29 10:21:59,953 [INFO] ThirdParty:1030 - CMSIS Pack Vendor :STMicroelectronics X-CUBE-ALGOBUILD 1.4.0
2025-08-29 10:21:59,953 [INFO] ThirdParty:1030 - CMSIS Pack Vendor :STMicroelectronics X-CUBE-DPower 1.3.0
2025-08-29 10:21:59,953 [INFO] ThirdParty:1030 - CMSIS Pack Vendor :STMicroelectronics X-CUBE-MEMS1 11.3.0
2025-08-29 10:21:59,953 [INFO] ThirdParty:1030 - CMSIS Pack Vendor :STMicroelectronics FP-SNS-MOTENV1 5.0.0
2025-08-29 10:21:59,953 [INFO] ThirdParty:1030 - CMSIS Pack Vendor :STMicroelectronics USB_DEVICE 1.0.0
2025-08-29 10:21:59,953 [INFO] ThirdParty:1030 - CMSIS Pack Vendor :STMicroelectronics X-CUBE-AZRTOS-L4 2.0.0
2025-08-29 10:21:59,953 [INFO] ThirdParty:1030 - CMSIS Pack Vendor :STMicroelectronics ThreadX 0.0.2
2025-08-29 10:21:59,953 [INFO] ThirdParty:1030 - CMSIS Pack Vendor :WES I-CUBE-Cesium 1.3.0
2025-08-29 10:21:59,953 [INFO] ThirdParty:1030 - CMSIS Pack Vendor :STMicroelectronics lwIP 2.1.2
2025-08-29 10:21:59,953 [INFO] ThirdParty:1030 - CMSIS Pack Vendor :STMicroelectronics X-CUBE-SFXS2LP1 4.0.0
2025-08-29 10:21:59,953 [INFO] ThirdParty:1030 - CMSIS Pack Vendor :STMicroelectronics X-CUBE-BLE2 3.3.0
2025-08-29 10:21:59,953 [INFO] ThirdParty:1030 - CMSIS Pack Vendor :STMicroelectronics X-CUBE-TOF1 3.4.3
2025-08-29 10:21:59,953 [INFO] ThirdParty:1030 - CMSIS Pack Vendor :STMicroelectronics PDM2PCM 3.2.0
2025-08-29 10:21:59,953 [INFO] ThirdParty:841 - exiting critical section [change project]
2025-08-29 10:22:00,331 [INFO] PinOutPanel:1589 - setPackage(No Configuration,No Configuration)
2025-08-29 10:22:00,334 [INFO] PinOutPanel:1589 - setPackage(STM32N657X0HxQ,VFBGA264)
2025-08-29 10:22:01,132 [INFO] UtilMem:75 - Before build in PCC Used Memory: 890908144 Bytes (1073741824)
2025-08-29 10:22:01,442 [INFO] UtilMem:75 - After build in PCC Used Memory: 948579824 Bytes (1073741824)
2025-08-29 10:22:01,468 [INFO] IPUIPlugin:80 - create IPUIPlugin
2025-08-29 10:22:01,468 [INFO] IPUIPlugin:80 - create IPUIPlugin
2025-08-29 10:22:01,468 [INFO] IPUIPlugin:80 - create IPUIPlugin
2025-08-29 10:22:01,468 [INFO] IPUIPlugin:80 - create IPUIPlugin
2025-08-29 10:22:01,468 [INFO] IPUIPlugin:80 - create IPUIPlugin
2025-08-29 10:22:01,469 [INFO] IPUIPlugin:80 - create IPUIPlugin
2025-08-29 10:22:01,469 [INFO] IPUIPlugin:80 - create IPUIPlugin
2025-08-29 10:22:01,469 [INFO] IPUIPlugin:80 - create IPUIPlugin
2025-08-29 10:22:01,469 [INFO] IPUIPlugin:80 - create IPUIPlugin
2025-08-29 10:22:01,469 [INFO] IPUIPlugin:80 - create IPUIPlugin
2025-08-29 10:22:01,469 [INFO] IPUIPlugin:80 - create IPUIPlugin
2025-08-29 10:22:01,469 [INFO] IPUIPlugin:80 - create IPUIPlugin
2025-08-29 10:22:01,469 [INFO] IPUIPlugin:80 - create IPUIPlugin
2025-08-29 10:22:01,469 [INFO] IPUIPlugin:80 - create IPUIPlugin
2025-08-29 10:22:01,469 [INFO] IPUIPlugin:80 - create IPUIPlugin
2025-08-29 10:22:01,469 [INFO] IPUIPlugin:80 - create IPUIPlugin
2025-08-29 10:22:01,469 [INFO] IPUIPlugin:80 - create IPUIPlugin
2025-08-29 10:22:01,469 [INFO] IPUIPlugin:80 - create IPUIPlugin
2025-08-29 10:22:01,470 [INFO] IPUIPlugin:80 - create IPUIPlugin
2025-08-29 10:22:01,470 [INFO] IPUIPlugin:80 - create IPUIPlugin
2025-08-29 10:22:01,470 [INFO] IPUIPlugin:80 - create IPUIPlugin
2025-08-29 10:22:01,470 [INFO] IPUIPlugin:80 - create IPUIPlugin
2025-08-29 10:22:01,470 [INFO] IPUIPlugin:80 - create IPUIPlugin
2025-08-29 10:22:01,470 [INFO] IPUIPlugin:80 - create IPUIPlugin
2025-08-29 10:22:01,470 [INFO] IPUIPlugin:80 - create IPUIPlugin
2025-08-29 10:22:01,470 [INFO] IPUIPlugin:80 - create IPUIPlugin
2025-08-29 10:22:01,470 [INFO] IPUIPlugin:80 - create IPUIPlugin
2025-08-29 10:22:01,470 [INFO] IPUIPlugin:80 - create IPUIPlugin
2025-08-29 10:22:01,471 [INFO] IPUIPlugin:80 - create IPUIPlugin
2025-08-29 10:22:01,471 [INFO] IPUIPlugin:80 - create IPUIPlugin
2025-08-29 10:22:01,471 [INFO] IPUIPlugin:80 - create IPUIPlugin
2025-08-29 10:22:01,471 [INFO] IPUIPlugin:80 - create IPUIPlugin
2025-08-29 10:22:01,471 [INFO] IPUIPlugin:80 - create IPUIPlugin
2025-08-29 10:22:01,471 [INFO] IPUIPlugin:80 - create IPUIPlugin
2025-08-29 10:22:01,471 [INFO] IPUIPlugin:80 - create IPUIPlugin
2025-08-29 10:22:01,471 [INFO] IPUIPlugin:80 - create IPUIPlugin
2025-08-29 10:22:01,471 [INFO] IPUIPlugin:80 - create IPUIPlugin
2025-08-29 10:22:01,472 [INFO] IPUIPlugin:80 - create IPUIPlugin
2025-08-29 10:22:01,472 [INFO] IPUIPlugin:80 - create IPUIPlugin
2025-08-29 10:22:01,472 [INFO] IPUIPlugin:80 - create IPUIPlugin
2025-08-29 10:22:01,472 [INFO] IPUIPlugin:80 - create IPUIPlugin
2025-08-29 10:22:01,472 [INFO] IPUIPlugin:80 - create IPUIPlugin
2025-08-29 10:22:01,472 [INFO] IPUIPlugin:80 - create IPUIPlugin
2025-08-29 10:22:01,472 [INFO] IPUIPlugin:80 - create IPUIPlugin
2025-08-29 10:22:01,472 [INFO] IPUIPlugin:80 - create IPUIPlugin
2025-08-29 10:22:01,472 [INFO] IPUIPlugin:80 - create IPUIPlugin
2025-08-29 10:22:01,473 [INFO] IPUIPlugin:80 - create IPUIPlugin
2025-08-29 10:22:01,473 [INFO] IPUIPlugin:80 - create IPUIPlugin
2025-08-29 10:22:01,473 [INFO] IPUIPlugin:80 - create IPUIPlugin
2025-08-29 10:22:01,473 [INFO] IPUIPlugin:80 - create IPUIPlugin
2025-08-29 10:22:01,473 [INFO] IPUIPlugin:80 - create IPUIPlugin
2025-08-29 10:22:01,473 [INFO] IPUIPlugin:80 - create IPUIPlugin
2025-08-29 10:22:01,474 [INFO] IPUIPlugin:80 - create IPUIPlugin
2025-08-29 10:22:01,474 [INFO] IPUIPlugin:80 - create IPUIPlugin
2025-08-29 10:22:01,474 [INFO] IPUIPlugin:80 - create IPUIPlugin
2025-08-29 10:22:01,474 [INFO] IPUIPlugin:80 - create IPUIPlugin
2025-08-29 10:22:01,474 [INFO] IPUIPlugin:80 - create IPUIPlugin
2025-08-29 10:22:01,474 [INFO] IPUIPlugin:80 - create IPUIPlugin
2025-08-29 10:22:01,475 [INFO] IPUIPlugin:80 - create IPUIPlugin
2025-08-29 10:22:01,475 [INFO] IPUIPlugin:80 - create IPUIPlugin
2025-08-29 10:22:01,475 [INFO] IPUIPlugin:80 - create IPUIPlugin
2025-08-29 10:22:01,475 [INFO] IPUIPlugin:80 - create IPUIPlugin
2025-08-29 10:22:01,475 [INFO] IPUIPlugin:80 - create IPUIPlugin
2025-08-29 10:22:01,476 [INFO] IPUIPlugin:80 - create IPUIPlugin
2025-08-29 10:22:01,476 [INFO] IPUIPlugin:80 - create IPUIPlugin
2025-08-29 10:22:01,476 [INFO] IPUIPlugin:80 - create IPUIPlugin
2025-08-29 10:22:01,476 [INFO] IPUIPlugin:80 - create IPUIPlugin
2025-08-29 10:22:01,476 [INFO] IPUIPlugin:80 - create IPUIPlugin
2025-08-29 10:22:01,477 [INFO] IPUIPlugin:80 - create IPUIPlugin
2025-08-29 10:22:01,477 [INFO] IPUIPlugin:80 - create IPUIPlugin
2025-08-29 10:22:01,477 [INFO] IPUIPlugin:80 - create IPUIPlugin
2025-08-29 10:22:01,477 [INFO] IPUIPlugin:80 - create IPUIPlugin
2025-08-29 10:22:01,478 [INFO] IPUIPlugin:80 - create IPUIPlugin
2025-08-29 10:22:01,478 [INFO] IPUIPlugin:80 - create IPUIPlugin
2025-08-29 10:22:01,478 [INFO] IPUIPlugin:80 - create IPUIPlugin
2025-08-29 10:22:01,478 [INFO] IPUIPlugin:80 - create IPUIPlugin
2025-08-29 10:22:01,478 [INFO] IPUIPlugin:80 - create IPUIPlugin
2025-08-29 10:22:01,478 [INFO] IPUIPlugin:80 - create IPUIPlugin
2025-08-29 10:22:01,479 [INFO] IPUIPlugin:80 - create IPUIPlugin
2025-08-29 10:22:01,479 [INFO] IPUIPlugin:80 - create IPUIPlugin
2025-08-29 10:22:01,479 [INFO] IPUIPlugin:80 - create IPUIPlugin
2025-08-29 10:22:01,479 [INFO] IPUIPlugin:80 - create IPUIPlugin
2025-08-29 10:22:01,480 [INFO] IPUIPlugin:80 - create IPUIPlugin
2025-08-29 10:22:01,480 [INFO] IPUIPlugin:80 - create IPUIPlugin
2025-08-29 10:22:01,480 [INFO] IPUIPlugin:80 - create IPUIPlugin
2025-08-29 10:22:01,480 [INFO] IPUIPlugin:80 - create IPUIPlugin
2025-08-29 10:22:01,481 [INFO] IPUIPlugin:80 - create IPUIPlugin
2025-08-29 10:22:01,481 [INFO] IPUIPlugin:80 - create IPUIPlugin
2025-08-29 10:22:01,482 [INFO] IPUIPlugin:80 - create IPUIPlugin
2025-08-29 10:22:01,483 [INFO] IPUIPlugin:80 - create IPUIPlugin
2025-08-29 10:22:01,483 [INFO] IPUIPlugin:80 - create IPUIPlugin
2025-08-29 10:22:01,483 [INFO] IPUIPlugin:80 - create IPUIPlugin
2025-08-29 10:22:01,483 [INFO] IPUIPlugin:80 - create IPUIPlugin
2025-08-29 10:22:01,483 [INFO] IPUIPlugin:80 - create IPUIPlugin
2025-08-29 10:22:01,485 [INFO] IPUIPlugin:80 - create IPUIPlugin
2025-08-29 10:22:01,485 [INFO] IPUIPlugin:80 - create IPUIPlugin
2025-08-29 10:22:01,485 [INFO] IPUIPlugin:80 - create IPUIPlugin
2025-08-29 10:22:01,485 [INFO] IPUIPlugin:80 - create IPUIPlugin
2025-08-29 10:22:01,485 [INFO] IPUIPlugin:80 - create IPUIPlugin
2025-08-29 10:22:01,486 [INFO] IPUIPlugin:80 - create IPUIPlugin
2025-08-29 10:22:01,486 [INFO] IPUIPlugin:80 - create IPUIPlugin
2025-08-29 10:22:01,486 [INFO] IPUIPlugin:80 - create IPUIPlugin
2025-08-29 10:22:01,486 [INFO] IPUIPlugin:80 - create IPUIPlugin
2025-08-29 10:22:01,487 [INFO] IPUIPlugin:80 - create IPUIPlugin
2025-08-29 10:22:01,487 [INFO] IPUIPlugin:80 - create IPUIPlugin
2025-08-29 10:22:01,487 [INFO] IPUIPlugin:80 - create IPUIPlugin
2025-08-29 10:22:01,487 [INFO] IPUIPlugin:80 - create IPUIPlugin
2025-08-29 10:22:01,488 [INFO] IPUIPlugin:80 - create IPUIPlugin
2025-08-29 10:22:01,488 [INFO] IPUIPlugin:80 - create IPUIPlugin
2025-08-29 10:22:01,488 [INFO] IPUIPlugin:80 - create IPUIPlugin
2025-08-29 10:22:01,489 [INFO] IPUIPlugin:80 - create IPUIPlugin
2025-08-29 10:22:01,489 [INFO] IPUIPlugin:80 - create IPUIPlugin
2025-08-29 10:22:01,489 [INFO] IPUIPlugin:80 - create IPUIPlugin
2025-08-29 10:22:01,490 [INFO] IPUIPlugin:80 - create IPUIPlugin
2025-08-29 10:22:01,490 [INFO] IPUIPlugin:80 - create IPUIPlugin
2025-08-29 10:22:01,490 [INFO] IPUIPlugin:80 - create IPUIPlugin
2025-08-29 10:22:01,490 [INFO] IPUIPlugin:80 - create IPUIPlugin
2025-08-29 10:22:01,491 [INFO] IPUIPlugin:80 - create IPUIPlugin
2025-08-29 10:22:01,491 [INFO] IPUIPlugin:80 - create IPUIPlugin
2025-08-29 10:22:01,491 [INFO] IPUIPlugin:80 - create IPUIPlugin
2025-08-29 10:22:01,492 [INFO] IPUIPlugin:80 - create IPUIPlugin
2025-08-29 10:22:01,492 [INFO] IPUIPlugin:80 - create IPUIPlugin
2025-08-29 10:22:01,492 [INFO] IPUIPlugin:80 - create IPUIPlugin
2025-08-29 10:22:01,493 [INFO] IPUIPlugin:80 - create IPUIPlugin
2025-08-29 10:22:01,493 [INFO] IPUIPlugin:80 - create IPUIPlugin
2025-08-29 10:22:01,494 [INFO] IPUIPlugin:80 - create IPUIPlugin
2025-08-29 10:22:01,494 [INFO] IPUIPlugin:80 - create IPUIPlugin
2025-08-29 10:22:01,495 [INFO] IPUIPlugin:80 - create IPUIPlugin
2025-08-29 10:22:01,495 [INFO] IPUIPlugin:80 - create IPUIPlugin
2025-08-29 10:22:01,495 [INFO] IPUIPlugin:80 - create IPUIPlugin
2025-08-29 10:22:01,496 [INFO] IPUIPlugin:80 - create IPUIPlugin
2025-08-29 10:22:01,496 [INFO] IPUIPlugin:80 - create IPUIPlugin
2025-08-29 10:22:01,504 [INFO] AI:982 - onDisable adding AI com.st.microxplorer.plugins.ip.ai.AI@5aa87652 on STMicroelectronics.X-CUBE-AI.10.2.0_Appli
2025-08-29 10:22:01,512 [WARN] IP:2250 - RefParam_XIP_memory not found: check if there is a RefParameter without a condition.
2025-08-29 10:22:01,513 [WARN] IP:2250 - RefParam_MEMORY_1_Size not found: check if there is a RefParameter without a condition.
2025-08-29 10:22:01,513 [WARN] IP:2250 - RefParam_MEMORY_1_FreqMax not found: check if there is a RefParameter without a condition.
2025-08-29 10:22:01,513 [WARN] IP:2250 - RefParam_MEMORY_1_ReadReg not found: check if there is a RefParameter without a condition.
2025-08-29 10:22:01,513 [WARN] IP:2250 - RefParam_MEMORY_1_WriteReg not found: check if there is a RefParameter without a condition.
2025-08-29 10:22:01,513 [WARN] IP:2250 - RefParam_MEMORY_1_RegSize not found: check if there is a RefParameter without a condition.
2025-08-29 10:22:01,513 [WARN] IP:2250 - RefParam_MEMORY_1_RegDummyCycle not found: check if there is a RefParameter without a condition.
2025-08-29 10:22:01,513 [WARN] IP:2250 - RefParam_MEMORY_1_WriteCommand not found: check if there is a RefParameter without a condition.
2025-08-29 10:22:01,513 [WARN] IP:2250 - RefParam_MEMORY_1_WriteDummyCycle not found: check if there is a RefParameter without a condition.
2025-08-29 10:22:01,513 [WARN] IP:2250 - RefParam_MEMORY_1_ReadCommand not found: check if there is a RefParameter without a condition.
2025-08-29 10:22:01,513 [WARN] IP:2250 - RefParam_MEMORY_1_WrapReadCommand not found: check if there is a RefParameter without a condition.
2025-08-29 10:22:01,513 [WARN] IP:2250 - RefParam_MEMORY_1_ReadDummyCycle not found: check if there is a RefParameter without a condition.
2025-08-29 10:22:01,513 [WARN] IP:2250 - RefParam_MEMORY_1_NumberOfConfig not found: check if there is a RefParameter without a condition.
2025-08-29 10:22:01,513 [WARN] IP:2250 - RefParam_MEMORY_1_Config1_WriteMask not found: check if there is a RefParameter without a condition.
2025-08-29 10:22:01,513 [WARN] IP:2250 - RefParam_MEMORY_1_Config1_WriteValue not found: check if there is a RefParameter without a condition.
2025-08-29 10:22:01,513 [WARN] IP:2250 - RefParam_MEMORY_1_Config1_RegAddress not found: check if there is a RefParameter without a condition.
2025-08-29 10:22:01,513 [WARN] IP:2250 - RefParam_MEMORY_1_Config2_WriteMask not found: check if there is a RefParameter without a condition.
2025-08-29 10:22:01,513 [WARN] IP:2250 - RefParam_MEMORY_1_Config2_WriteValue not found: check if there is a RefParameter without a condition.
2025-08-29 10:22:01,513 [WARN] IP:2250 - RefParam_MEMORY_1_Config2_RegAddress not found: check if there is a RefParameter without a condition.
2025-08-29 10:22:01,513 [WARN] IP:2250 - RefParam_MEMORY_1_Config3_WriteMask not found: check if there is a RefParameter without a condition.
2025-08-29 10:22:01,513 [WARN] IP:2250 - RefParam_MEMORY_1_Config3_WriteValue not found: check if there is a RefParameter without a condition.
2025-08-29 10:22:01,513 [WARN] IP:2250 - RefParam_MEMORY_1_Config3_RegAddress not found: check if there is a RefParameter without a condition.
2025-08-29 10:22:01,513 [WARN] IP:2250 - RefParam_MEMORY_2_Instance not found: check if there is a RefParameter without a condition.
2025-08-29 10:22:01,513 [WARN] IP:2250 - RefParam_MEMORY_2_ConfigType not found: check if there is a RefParameter without a condition.
2025-08-29 10:22:01,513 [WARN] IP:2250 - RefParam_MEMORY_2_Size not found: check if there is a RefParameter without a condition.
2025-08-29 10:22:01,513 [WARN] IP:2250 - RefParam_MEMORY_2_FreqMax not found: check if there is a RefParameter without a condition.
2025-08-29 10:22:01,513 [WARN] IP:2250 - RefParam_MEMORY_2_ReadReg not found: check if there is a RefParameter without a condition.
2025-08-29 10:22:01,513 [WARN] IP:2250 - RefParam_MEMORY_2_WriteReg not found: check if there is a RefParameter without a condition.
2025-08-29 10:22:01,513 [WARN] IP:2250 - RefParam_MEMORY_2_RegSize not found: check if there is a RefParameter without a condition.
2025-08-29 10:22:01,513 [WARN] IP:2250 - RefParam_MEMORY_2_RegDummyCycle not found: check if there is a RefParameter without a condition.
2025-08-29 10:22:01,513 [WARN] IP:2250 - RefParam_MEMORY_2_WriteCommand not found: check if there is a RefParameter without a condition.
2025-08-29 10:22:01,513 [WARN] IP:2250 - RefParam_MEMORY_2_WriteDummyCycle not found: check if there is a RefParameter without a condition.
2025-08-29 10:22:01,513 [WARN] IP:2250 - RefParam_MEMORY_2_ReadCommand not found: check if there is a RefParameter without a condition.
2025-08-29 10:22:01,513 [WARN] IP:2250 - RefParam_MEMORY_2_WrapReadCommand not found: check if there is a RefParameter without a condition.
2025-08-29 10:22:01,513 [WARN] IP:2250 - RefParam_MEMORY_2_ReadDummyCycle not found: check if there is a RefParameter without a condition.
2025-08-29 10:22:01,513 [WARN] IP:2250 - RefParam_MEMORY_2_NumberOfConfig not found: check if there is a RefParameter without a condition.
2025-08-29 10:22:01,513 [WARN] IP:2250 - RefParam_MEMORY_2_Config1_WriteMask not found: check if there is a RefParameter without a condition.
2025-08-29 10:22:01,513 [WARN] IP:2250 - RefParam_MEMORY_2_Config1_WriteValue not found: check if there is a RefParameter without a condition.
2025-08-29 10:22:01,513 [WARN] IP:2250 - RefParam_MEMORY_2_Config1_RegAddress not found: check if there is a RefParameter without a condition.
2025-08-29 10:22:01,513 [WARN] IP:2250 - RefParam_MEMORY_2_Config2_WriteMask not found: check if there is a RefParameter without a condition.
2025-08-29 10:22:01,513 [WARN] IP:2250 - RefParam_MEMORY_2_Config2_WriteValue not found: check if there is a RefParameter without a condition.
2025-08-29 10:22:01,513 [WARN] IP:2250 - RefParam_MEMORY_2_Config2_RegAddress not found: check if there is a RefParameter without a condition.
2025-08-29 10:22:01,513 [WARN] IP:2250 - RefParam_MEMORY_2_Config3_WriteMask not found: check if there is a RefParameter without a condition.
2025-08-29 10:22:01,513 [WARN] IP:2250 - RefParam_MEMORY_2_Config3_WriteValue not found: check if there is a RefParameter without a condition.
2025-08-29 10:22:01,513 [WARN] IP:2250 - RefParam_MEMORY_2_Config3_RegAddress not found: check if there is a RefParameter without a condition.
2025-08-29 10:22:01,685 [INFO] CADModel:165 - CPN selected for project levelSTM32N657X0H3Q
2025-08-29 10:22:01,685 [INFO] CADModel:114 - Register for checkConnection events
2025-08-29 10:22:02,082 [ERROR] Context:921 - The IP LTDC is not set in context FSBL
2025-08-29 10:22:02,082 [ERROR] Context:921 - The IP LTDC is not set in context Appli
2025-08-29 10:22:02,082 [ERROR] Context:921 - The IP LTDC is not set in context ExtMemLoader
2025-08-29 10:22:02,764 [ERROR] Context:921 - The IP PWR is not set in context FSBL
2025-08-29 10:22:02,764 [ERROR] Context:921 - The IP PWR is not set in context Appli
2025-08-29 10:22:02,764 [ERROR] Context:921 - The IP PWR is not set in context ExtMemLoader
2025-08-29 10:22:03,040 [ERROR] Context:921 - The IP RTC is not set in context FSBL
2025-08-29 10:22:03,040 [ERROR] Context:921 - The IP RTC is not set in context Appli
2025-08-29 10:22:03,040 [ERROR] Context:921 - The IP RTC is not set in context ExtMemLoader
2025-08-29 10:22:03,436 [INFO] OpenFileManager:386 - Restore cursor
2025-08-29 10:22:03,839 [WARN] IP:2250 - RefParam_XIP_memory not found: check if there is a RefParameter without a condition.
2025-08-29 10:22:03,839 [WARN] IP:2250 - RefParam_MEMORY_1_Size not found: check if there is a RefParameter without a condition.
2025-08-29 10:22:03,839 [WARN] IP:2250 - RefParam_MEMORY_1_FreqMax not found: check if there is a RefParameter without a condition.
2025-08-29 10:22:03,839 [WARN] IP:2250 - RefParam_MEMORY_1_ReadReg not found: check if there is a RefParameter without a condition.
2025-08-29 10:22:03,839 [WARN] IP:2250 - RefParam_MEMORY_1_WriteReg not found: check if there is a RefParameter without a condition.
2025-08-29 10:22:03,839 [WARN] IP:2250 - RefParam_MEMORY_1_RegSize not found: check if there is a RefParameter without a condition.
2025-08-29 10:22:03,839 [WARN] IP:2250 - RefParam_MEMORY_1_RegDummyCycle not found: check if there is a RefParameter without a condition.
2025-08-29 10:22:03,839 [WARN] IP:2250 - RefParam_MEMORY_1_WriteCommand not found: check if there is a RefParameter without a condition.
2025-08-29 10:22:03,839 [WARN] IP:2250 - RefParam_MEMORY_1_WriteDummyCycle not found: check if there is a RefParameter without a condition.
2025-08-29 10:22:03,839 [WARN] IP:2250 - RefParam_MEMORY_1_ReadCommand not found: check if there is a RefParameter without a condition.
2025-08-29 10:22:03,839 [WARN] IP:2250 - RefParam_MEMORY_1_WrapReadCommand not found: check if there is a RefParameter without a condition.
2025-08-29 10:22:03,839 [WARN] IP:2250 - RefParam_MEMORY_1_ReadDummyCycle not found: check if there is a RefParameter without a condition.
2025-08-29 10:22:03,839 [WARN] IP:2250 - RefParam_MEMORY_1_NumberOfConfig not found: check if there is a RefParameter without a condition.
2025-08-29 10:22:03,839 [WARN] IP:2250 - RefParam_MEMORY_1_Config1_WriteMask not found: check if there is a RefParameter without a condition.
2025-08-29 10:22:03,839 [WARN] IP:2250 - RefParam_MEMORY_1_Config1_WriteValue not found: check if there is a RefParameter without a condition.
2025-08-29 10:22:03,839 [WARN] IP:2250 - RefParam_MEMORY_1_Config1_RegAddress not found: check if there is a RefParameter without a condition.
2025-08-29 10:22:03,839 [WARN] IP:2250 - RefParam_MEMORY_1_Config2_WriteMask not found: check if there is a RefParameter without a condition.
2025-08-29 10:22:03,839 [WARN] IP:2250 - RefParam_MEMORY_1_Config2_WriteValue not found: check if there is a RefParameter without a condition.
2025-08-29 10:22:03,839 [WARN] IP:2250 - RefParam_MEMORY_1_Config2_RegAddress not found: check if there is a RefParameter without a condition.
2025-08-29 10:22:03,839 [WARN] IP:2250 - RefParam_MEMORY_1_Config3_WriteMask not found: check if there is a RefParameter without a condition.
2025-08-29 10:22:03,839 [WARN] IP:2250 - RefParam_MEMORY_1_Config3_WriteValue not found: check if there is a RefParameter without a condition.
2025-08-29 10:22:03,839 [WARN] IP:2250 - RefParam_MEMORY_1_Config3_RegAddress not found: check if there is a RefParameter without a condition.
2025-08-29 10:22:03,839 [WARN] IP:2250 - RefParam_MEMORY_2_Instance not found: check if there is a RefParameter without a condition.
2025-08-29 10:22:03,839 [WARN] IP:2250 - RefParam_MEMORY_2_ConfigType not found: check if there is a RefParameter without a condition.
2025-08-29 10:22:03,839 [WARN] IP:2250 - RefParam_MEMORY_2_Size not found: check if there is a RefParameter without a condition.
2025-08-29 10:22:03,839 [WARN] IP:2250 - RefParam_MEMORY_2_FreqMax not found: check if there is a RefParameter without a condition.
2025-08-29 10:22:03,839 [WARN] IP:2250 - RefParam_MEMORY_2_ReadReg not found: check if there is a RefParameter without a condition.
2025-08-29 10:22:03,839 [WARN] IP:2250 - RefParam_MEMORY_2_WriteReg not found: check if there is a RefParameter without a condition.
2025-08-29 10:22:03,839 [WARN] IP:2250 - RefParam_MEMORY_2_RegSize not found: check if there is a RefParameter without a condition.
2025-08-29 10:22:03,839 [WARN] IP:2250 - RefParam_MEMORY_2_RegDummyCycle not found: check if there is a RefParameter without a condition.
2025-08-29 10:22:03,839 [WARN] IP:2250 - RefParam_MEMORY_2_WriteCommand not found: check if there is a RefParameter without a condition.
2025-08-29 10:22:03,839 [WARN] IP:2250 - RefParam_MEMORY_2_WriteDummyCycle not found: check if there is a RefParameter without a condition.
2025-08-29 10:22:03,839 [WARN] IP:2250 - RefParam_MEMORY_2_ReadCommand not found: check if there is a RefParameter without a condition.
2025-08-29 10:22:03,839 [WARN] IP:2250 - RefParam_MEMORY_2_WrapReadCommand not found: check if there is a RefParameter without a condition.
2025-08-29 10:22:03,839 [WARN] IP:2250 - RefParam_MEMORY_2_ReadDummyCycle not found: check if there is a RefParameter without a condition.
2025-08-29 10:22:03,839 [WARN] IP:2250 - RefParam_MEMORY_2_NumberOfConfig not found: check if there is a RefParameter without a condition.
2025-08-29 10:22:03,839 [WARN] IP:2250 - RefParam_MEMORY_2_Config1_WriteMask not found: check if there is a RefParameter without a condition.
2025-08-29 10:22:03,839 [WARN] IP:2250 - RefParam_MEMORY_2_Config1_WriteValue not found: check if there is a RefParameter without a condition.
2025-08-29 10:22:03,839 [WARN] IP:2250 - RefParam_MEMORY_2_Config1_RegAddress not found: check if there is a RefParameter without a condition.
2025-08-29 10:22:03,839 [WARN] IP:2250 - RefParam_MEMORY_2_Config2_WriteMask not found: check if there is a RefParameter without a condition.
2025-08-29 10:22:03,839 [WARN] IP:2250 - RefParam_MEMORY_2_Config2_WriteValue not found: check if there is a RefParameter without a condition.
2025-08-29 10:22:03,839 [WARN] IP:2250 - RefParam_MEMORY_2_Config2_RegAddress not found: check if there is a RefParameter without a condition.
2025-08-29 10:22:03,839 [WARN] IP:2250 - RefParam_MEMORY_2_Config3_WriteMask not found: check if there is a RefParameter without a condition.
2025-08-29 10:22:03,839 [WARN] IP:2250 - RefParam_MEMORY_2_Config3_WriteValue not found: check if there is a RefParameter without a condition.
2025-08-29 10:22:03,839 [WARN] IP:2250 - RefParam_MEMORY_2_Config3_RegAddress not found: check if there is a RefParameter without a condition.
2025-08-29 10:22:04,070 [INFO] AIMainUI:1270 - Restoring parameters from IP...
2025-08-29 10:22:04,070 [INFO] AIMainUI:1393 - No old model detected
2025-08-29 10:22:04,126 [INFO] AInterface:116 - AInterface using toolDir: C:/Users/ZOJOLDRI/STM32Cube/Repository/Packs/STMicroelectronics/X-CUBE-AI/10.2.0/Utilities/windows
2025-08-29 10:22:04,141 [INFO] AIModelDetailledView:2380 - Analysis status: -
2025-08-29 10:22:04,141 [INFO] AIModelDetailledView:929 - Selected model: Keras
2025-08-29 10:22:04,189 [INFO] AIModelDetailledView:2380 - Analysis status: done
2025-08-29 10:23:57,547 [INFO] NvicIntPanel:101 - NVIC parent = com.st.microxplorer.plugins.ip.nvic.MultiNvicIntPanel[,0,0,0x0,invalid,layout=javax.swing.BoxLayout,alignmentX=0.0,alignmentY=0.0,border=,flags=9,maximumSize=,minimumSize=,preferredSize=]
2025-08-29 10:23:57,656 [WARN] IP:2250 - RefParam_XIP_memory not found: check if there is a RefParameter without a condition.
2025-08-29 10:23:57,656 [WARN] IP:2250 - RefParam_MEMORY_1_Size not found: check if there is a RefParameter without a condition.
2025-08-29 10:23:57,657 [WARN] IP:2250 - RefParam_MEMORY_1_FreqMax not found: check if there is a RefParameter without a condition.
2025-08-29 10:23:57,657 [WARN] IP:2250 - RefParam_MEMORY_1_ReadReg not found: check if there is a RefParameter without a condition.
2025-08-29 10:23:57,657 [WARN] IP:2250 - RefParam_MEMORY_1_WriteReg not found: check if there is a RefParameter without a condition.
2025-08-29 10:23:57,657 [WARN] IP:2250 - RefParam_MEMORY_1_RegSize not found: check if there is a RefParameter without a condition.
2025-08-29 10:23:57,657 [WARN] IP:2250 - RefParam_MEMORY_1_RegDummyCycle not found: check if there is a RefParameter without a condition.
2025-08-29 10:23:57,657 [WARN] IP:2250 - RefParam_MEMORY_1_WriteCommand not found: check if there is a RefParameter without a condition.
2025-08-29 10:23:57,657 [WARN] IP:2250 - RefParam_MEMORY_1_WriteDummyCycle not found: check if there is a RefParameter without a condition.
2025-08-29 10:23:57,657 [WARN] IP:2250 - RefParam_MEMORY_1_ReadCommand not found: check if there is a RefParameter without a condition.
2025-08-29 10:23:57,657 [WARN] IP:2250 - RefParam_MEMORY_1_WrapReadCommand not found: check if there is a RefParameter without a condition.
2025-08-29 10:23:57,657 [WARN] IP:2250 - RefParam_MEMORY_1_ReadDummyCycle not found: check if there is a RefParameter without a condition.
2025-08-29 10:23:57,657 [WARN] IP:2250 - RefParam_MEMORY_1_NumberOfConfig not found: check if there is a RefParameter without a condition.
2025-08-29 10:23:57,657 [WARN] IP:2250 - RefParam_MEMORY_1_Config1_WriteMask not found: check if there is a RefParameter without a condition.
2025-08-29 10:23:57,657 [WARN] IP:2250 - RefParam_MEMORY_1_Config1_WriteValue not found: check if there is a RefParameter without a condition.
2025-08-29 10:23:57,657 [WARN] IP:2250 - RefParam_MEMORY_1_Config1_RegAddress not found: check if there is a RefParameter without a condition.
2025-08-29 10:23:57,657 [WARN] IP:2250 - RefParam_MEMORY_1_Config2_WriteMask not found: check if there is a RefParameter without a condition.
2025-08-29 10:23:57,657 [WARN] IP:2250 - RefParam_MEMORY_1_Config2_WriteValue not found: check if there is a RefParameter without a condition.
2025-08-29 10:23:57,657 [WARN] IP:2250 - RefParam_MEMORY_1_Config2_RegAddress not found: check if there is a RefParameter without a condition.
2025-08-29 10:23:57,657 [WARN] IP:2250 - RefParam_MEMORY_1_Config3_WriteMask not found: check if there is a RefParameter without a condition.
2025-08-29 10:23:57,657 [WARN] IP:2250 - RefParam_MEMORY_1_Config3_WriteValue not found: check if there is a RefParameter without a condition.
2025-08-29 10:23:57,657 [WARN] IP:2250 - RefParam_MEMORY_1_Config3_RegAddress not found: check if there is a RefParameter without a condition.
2025-08-29 10:23:57,657 [WARN] IP:2250 - RefParam_MEMORY_2_Instance not found: check if there is a RefParameter without a condition.
2025-08-29 10:23:57,657 [WARN] IP:2250 - RefParam_MEMORY_2_ConfigType not found: check if there is a RefParameter without a condition.
2025-08-29 10:23:57,657 [WARN] IP:2250 - RefParam_MEMORY_2_Size not found: check if there is a RefParameter without a condition.
2025-08-29 10:23:57,657 [WARN] IP:2250 - RefParam_MEMORY_2_FreqMax not found: check if there is a RefParameter without a condition.
2025-08-29 10:23:57,657 [WARN] IP:2250 - RefParam_MEMORY_2_ReadReg not found: check if there is a RefParameter without a condition.
2025-08-29 10:23:57,657 [WARN] IP:2250 - RefParam_MEMORY_2_WriteReg not found: check if there is a RefParameter without a condition.
2025-08-29 10:23:57,657 [WARN] IP:2250 - RefParam_MEMORY_2_RegSize not found: check if there is a RefParameter without a condition.
2025-08-29 10:23:57,657 [WARN] IP:2250 - RefParam_MEMORY_2_RegDummyCycle not found: check if there is a RefParameter without a condition.
2025-08-29 10:23:57,657 [WARN] IP:2250 - RefParam_MEMORY_2_WriteCommand not found: check if there is a RefParameter without a condition.
2025-08-29 10:23:57,657 [WARN] IP:2250 - RefParam_MEMORY_2_WriteDummyCycle not found: check if there is a RefParameter without a condition.
2025-08-29 10:23:57,657 [WARN] IP:2250 - RefParam_MEMORY_2_ReadCommand not found: check if there is a RefParameter without a condition.
2025-08-29 10:23:57,657 [WARN] IP:2250 - RefParam_MEMORY_2_WrapReadCommand not found: check if there is a RefParameter without a condition.
2025-08-29 10:23:57,657 [WARN] IP:2250 - RefParam_MEMORY_2_ReadDummyCycle not found: check if there is a RefParameter without a condition.
2025-08-29 10:23:57,657 [WARN] IP:2250 - RefParam_MEMORY_2_NumberOfConfig not found: check if there is a RefParameter without a condition.
2025-08-29 10:23:57,657 [WARN] IP:2250 - RefParam_MEMORY_2_Config1_WriteMask not found: check if there is a RefParameter without a condition.
2025-08-29 10:23:57,657 [WARN] IP:2250 - RefParam_MEMORY_2_Config1_WriteValue not found: check if there is a RefParameter without a condition.
2025-08-29 10:23:57,657 [WARN] IP:2250 - RefParam_MEMORY_2_Config1_RegAddress not found: check if there is a RefParameter without a condition.
2025-08-29 10:23:57,657 [WARN] IP:2250 - RefParam_MEMORY_2_Config2_WriteMask not found: check if there is a RefParameter without a condition.
2025-08-29 10:23:57,657 [WARN] IP:2250 - RefParam_MEMORY_2_Config2_WriteValue not found: check if there is a RefParameter without a condition.
2025-08-29 10:23:57,657 [WARN] IP:2250 - RefParam_MEMORY_2_Config2_RegAddress not found: check if there is a RefParameter without a condition.
2025-08-29 10:23:57,657 [WARN] IP:2250 - RefParam_MEMORY_2_Config3_WriteMask not found: check if there is a RefParameter without a condition.
2025-08-29 10:23:57,657 [WARN] IP:2250 - RefParam_MEMORY_2_Config3_WriteValue not found: check if there is a RefParameter without a condition.
2025-08-29 10:23:57,657 [WARN] IP:2250 - RefParam_MEMORY_2_Config3_RegAddress not found: check if there is a RefParameter without a condition.
2025-08-29 10:24:02,907 [WARN] MainPanel:289 - <html><b><center>Warning: This peripheral has no parameters to be configured<br></b></html>
2025-08-29 10:27:13,219 [INFO] NvicIntPanel:101 - NVIC parent = com.st.microxplorer.plugins.ip.nvic.MultiNvicIntPanel[,0,0,744x170,layout=javax.swing.BoxLayout,alignmentX=0.0,alignmentY=0.0,border=,flags=9,maximumSize=,minimumSize=,preferredSize=]
2025-08-29 10:27:13,225 [INFO] NvicIntPanel:101 - NVIC parent = com.st.microxplorer.plugins.ip.nvic.MultiNvicIntPanel[,0,0,744x170,invalid,layout=javax.swing.BoxLayout,alignmentX=0.0,alignmentY=0.0,border=,flags=9,maximumSize=,minimumSize=,preferredSize=]
2025-08-29 10:27:26,767 [WARN] IP:2250 - RefParam_XIP_memory not found: check if there is a RefParameter without a condition.
2025-08-29 10:27:26,768 [WARN] IP:2250 - RefParam_MEMORY_1_Size not found: check if there is a RefParameter without a condition.
2025-08-29 10:27:26,768 [WARN] IP:2250 - RefParam_MEMORY_1_FreqMax not found: check if there is a RefParameter without a condition.
2025-08-29 10:27:26,768 [WARN] IP:2250 - RefParam_MEMORY_1_ReadReg not found: check if there is a RefParameter without a condition.
2025-08-29 10:27:26,768 [WARN] IP:2250 - RefParam_MEMORY_1_WriteReg not found: check if there is a RefParameter without a condition.
2025-08-29 10:27:26,768 [WARN] IP:2250 - RefParam_MEMORY_1_RegSize not found: check if there is a RefParameter without a condition.
2025-08-29 10:27:26,768 [WARN] IP:2250 - RefParam_MEMORY_1_RegDummyCycle not found: check if there is a RefParameter without a condition.
2025-08-29 10:27:26,768 [WARN] IP:2250 - RefParam_MEMORY_1_WriteCommand not found: check if there is a RefParameter without a condition.
2025-08-29 10:27:26,768 [WARN] IP:2250 - RefParam_MEMORY_1_WriteDummyCycle not found: check if there is a RefParameter without a condition.
2025-08-29 10:27:26,768 [WARN] IP:2250 - RefParam_MEMORY_1_ReadCommand not found: check if there is a RefParameter without a condition.
2025-08-29 10:27:26,768 [WARN] IP:2250 - RefParam_MEMORY_1_WrapReadCommand not found: check if there is a RefParameter without a condition.
2025-08-29 10:27:26,768 [WARN] IP:2250 - RefParam_MEMORY_1_ReadDummyCycle not found: check if there is a RefParameter without a condition.
2025-08-29 10:27:26,768 [WARN] IP:2250 - RefParam_MEMORY_1_NumberOfConfig not found: check if there is a RefParameter without a condition.
2025-08-29 10:27:26,768 [WARN] IP:2250 - RefParam_MEMORY_1_Config1_WriteMask not found: check if there is a RefParameter without a condition.
2025-08-29 10:27:26,768 [WARN] IP:2250 - RefParam_MEMORY_1_Config1_WriteValue not found: check if there is a RefParameter without a condition.
2025-08-29 10:27:26,768 [WARN] IP:2250 - RefParam_MEMORY_1_Config1_RegAddress not found: check if there is a RefParameter without a condition.
2025-08-29 10:27:26,768 [WARN] IP:2250 - RefParam_MEMORY_1_Config2_WriteMask not found: check if there is a RefParameter without a condition.
2025-08-29 10:27:26,768 [WARN] IP:2250 - RefParam_MEMORY_1_Config2_WriteValue not found: check if there is a RefParameter without a condition.
2025-08-29 10:27:26,768 [WARN] IP:2250 - RefParam_MEMORY_1_Config2_RegAddress not found: check if there is a RefParameter without a condition.
2025-08-29 10:27:26,768 [WARN] IP:2250 - RefParam_MEMORY_1_Config3_WriteMask not found: check if there is a RefParameter without a condition.
2025-08-29 10:27:26,768 [WARN] IP:2250 - RefParam_MEMORY_1_Config3_WriteValue not found: check if there is a RefParameter without a condition.
2025-08-29 10:27:26,768 [WARN] IP:2250 - RefParam_MEMORY_1_Config3_RegAddress not found: check if there is a RefParameter without a condition.
2025-08-29 10:27:26,768 [WARN] IP:2250 - RefParam_MEMORY_2_Instance not found: check if there is a RefParameter without a condition.
2025-08-29 10:27:26,768 [WARN] IP:2250 - RefParam_MEMORY_2_ConfigType not found: check if there is a RefParameter without a condition.
2025-08-29 10:27:26,768 [WARN] IP:2250 - RefParam_MEMORY_2_Size not found: check if there is a RefParameter without a condition.
2025-08-29 10:27:26,768 [WARN] IP:2250 - RefParam_MEMORY_2_FreqMax not found: check if there is a RefParameter without a condition.
2025-08-29 10:27:26,768 [WARN] IP:2250 - RefParam_MEMORY_2_ReadReg not found: check if there is a RefParameter without a condition.
2025-08-29 10:27:26,768 [WARN] IP:2250 - RefParam_MEMORY_2_WriteReg not found: check if there is a RefParameter without a condition.
2025-08-29 10:27:26,768 [WARN] IP:2250 - RefParam_MEMORY_2_RegSize not found: check if there is a RefParameter without a condition.
2025-08-29 10:27:26,768 [WARN] IP:2250 - RefParam_MEMORY_2_RegDummyCycle not found: check if there is a RefParameter without a condition.
2025-08-29 10:27:26,768 [WARN] IP:2250 - RefParam_MEMORY_2_WriteCommand not found: check if there is a RefParameter without a condition.
2025-08-29 10:27:26,768 [WARN] IP:2250 - RefParam_MEMORY_2_WriteDummyCycle not found: check if there is a RefParameter without a condition.
2025-08-29 10:27:26,768 [WARN] IP:2250 - RefParam_MEMORY_2_ReadCommand not found: check if there is a RefParameter without a condition.
2025-08-29 10:27:26,768 [WARN] IP:2250 - RefParam_MEMORY_2_WrapReadCommand not found: check if there is a RefParameter without a condition.
2025-08-29 10:27:26,768 [WARN] IP:2250 - RefParam_MEMORY_2_ReadDummyCycle not found: check if there is a RefParameter without a condition.
2025-08-29 10:27:26,768 [WARN] IP:2250 - RefParam_MEMORY_2_NumberOfConfig not found: check if there is a RefParameter without a condition.
2025-08-29 10:27:26,768 [WARN] IP:2250 - RefParam_MEMORY_2_Config1_WriteMask not found: check if there is a RefParameter without a condition.
2025-08-29 10:27:26,768 [WARN] IP:2250 - RefParam_MEMORY_2_Config1_WriteValue not found: check if there is a RefParameter without a condition.
2025-08-29 10:27:26,768 [WARN] IP:2250 - RefParam_MEMORY_2_Config1_RegAddress not found: check if there is a RefParameter without a condition.
2025-08-29 10:27:26,768 [WARN] IP:2250 - RefParam_MEMORY_2_Config2_WriteMask not found: check if there is a RefParameter without a condition.
2025-08-29 10:27:26,768 [WARN] IP:2250 - RefParam_MEMORY_2_Config2_WriteValue not found: check if there is a RefParameter without a condition.
2025-08-29 10:27:26,768 [WARN] IP:2250 - RefParam_MEMORY_2_Config2_RegAddress not found: check if there is a RefParameter without a condition.
2025-08-29 10:27:26,768 [WARN] IP:2250 - RefParam_MEMORY_2_Config3_WriteMask not found: check if there is a RefParameter without a condition.
2025-08-29 10:27:26,768 [WARN] IP:2250 - RefParam_MEMORY_2_Config3_WriteValue not found: check if there is a RefParameter without a condition.
2025-08-29 10:27:26,768 [WARN] IP:2250 - RefParam_MEMORY_2_Config3_RegAddress not found: check if there is a RefParameter without a condition.
2025-08-29 10:27:26,955 [INFO] NvicIntPanel:101 - NVIC parent = com.st.microxplorer.plugins.ip.nvic.MultiNvicIntPanel[,0,0,0x0,invalid,layout=javax.swing.BoxLayout,alignmentX=0.0,alignmentY=0.0,border=,flags=9,maximumSize=,minimumSize=,preferredSize=]
2025-08-29 10:27:26,960 [INFO] NvicIntPanel:101 - NVIC parent = com.st.microxplorer.plugins.ip.nvic.MultiNvicIntPanel[,0,0,0x0,invalid,layout=javax.swing.BoxLayout,alignmentX=0.0,alignmentY=0.0,border=,flags=9,maximumSize=,minimumSize=,preferredSize=]
2025-08-29 10:34:31,131 [INFO] NvicIntPanel:101 - NVIC parent = com.st.microxplorer.plugins.ip.nvic.MultiNvicIntPanel[,0,0,0x0,invalid,layout=javax.swing.BoxLayout,alignmentX=0.0,alignmentY=0.0,border=,flags=9,maximumSize=,minimumSize=,preferredSize=]
2025-08-29 10:34:31,135 [INFO] NvicIntPanel:101 - NVIC parent = com.st.microxplorer.plugins.ip.nvic.MultiNvicIntPanel[,0,0,0x0,invalid,layout=javax.swing.BoxLayout,alignmentX=0.0,alignmentY=0.0,border=,flags=9,maximumSize=,minimumSize=,preferredSize=]
2025-08-29 10:34:34,937 [INFO] NvicIntPanel:101 - NVIC parent = com.st.microxplorer.plugins.ip.nvic.MultiNvicIntPanel[,0,0,0x0,invalid,layout=javax.swing.BoxLayout,alignmentX=0.0,alignmentY=0.0,border=,flags=9,maximumSize=,minimumSize=,preferredSize=]
2025-08-29 10:34:34,941 [INFO] NvicIntPanel:101 - NVIC parent = com.st.microxplorer.plugins.ip.nvic.MultiNvicIntPanel[,0,0,0x0,invalid,layout=javax.swing.BoxLayout,alignmentX=0.0,alignmentY=0.0,border=,flags=9,maximumSize=,minimumSize=,preferredSize=]
2025-08-29 10:36:32,949 [WARN] IP:2250 - RefParam_XIP_memory not found: check if there is a RefParameter without a condition.
2025-08-29 10:36:32,949 [WARN] IP:2250 - RefParam_MEMORY_1_Size not found: check if there is a RefParameter without a condition.
2025-08-29 10:36:32,949 [WARN] IP:2250 - RefParam_MEMORY_1_FreqMax not found: check if there is a RefParameter without a condition.
2025-08-29 10:36:32,949 [WARN] IP:2250 - RefParam_MEMORY_1_ReadReg not found: check if there is a RefParameter without a condition.
2025-08-29 10:36:32,949 [WARN] IP:2250 - RefParam_MEMORY_1_WriteReg not found: check if there is a RefParameter without a condition.
2025-08-29 10:36:32,949 [WARN] IP:2250 - RefParam_MEMORY_1_RegSize not found: check if there is a RefParameter without a condition.
2025-08-29 10:36:32,949 [WARN] IP:2250 - RefParam_MEMORY_1_RegDummyCycle not found: check if there is a RefParameter without a condition.
2025-08-29 10:36:32,949 [WARN] IP:2250 - RefParam_MEMORY_1_WriteCommand not found: check if there is a RefParameter without a condition.
2025-08-29 10:36:32,949 [WARN] IP:2250 - RefParam_MEMORY_1_WriteDummyCycle not found: check if there is a RefParameter without a condition.
2025-08-29 10:36:32,950 [WARN] IP:2250 - RefParam_MEMORY_1_ReadCommand not found: check if there is a RefParameter without a condition.
2025-08-29 10:36:32,950 [WARN] IP:2250 - RefParam_MEMORY_1_WrapReadCommand not found: check if there is a RefParameter without a condition.
2025-08-29 10:36:32,950 [WARN] IP:2250 - RefParam_MEMORY_1_ReadDummyCycle not found: check if there is a RefParameter without a condition.
2025-08-29 10:36:32,950 [WARN] IP:2250 - RefParam_MEMORY_1_NumberOfConfig not found: check if there is a RefParameter without a condition.
2025-08-29 10:36:32,950 [WARN] IP:2250 - RefParam_MEMORY_1_Config1_WriteMask not found: check if there is a RefParameter without a condition.
2025-08-29 10:36:32,950 [WARN] IP:2250 - RefParam_MEMORY_1_Config1_WriteValue not found: check if there is a RefParameter without a condition.
2025-08-29 10:36:32,950 [WARN] IP:2250 - RefParam_MEMORY_1_Config1_RegAddress not found: check if there is a RefParameter without a condition.
2025-08-29 10:36:32,950 [WARN] IP:2250 - RefParam_MEMORY_1_Config2_WriteMask not found: check if there is a RefParameter without a condition.
2025-08-29 10:36:32,950 [WARN] IP:2250 - RefParam_MEMORY_1_Config2_WriteValue not found: check if there is a RefParameter without a condition.
2025-08-29 10:36:32,950 [WARN] IP:2250 - RefParam_MEMORY_1_Config2_RegAddress not found: check if there is a RefParameter without a condition.
2025-08-29 10:36:32,950 [WARN] IP:2250 - RefParam_MEMORY_1_Config3_WriteMask not found: check if there is a RefParameter without a condition.
2025-08-29 10:36:32,950 [WARN] IP:2250 - RefParam_MEMORY_1_Config3_WriteValue not found: check if there is a RefParameter without a condition.
2025-08-29 10:36:32,950 [WARN] IP:2250 - RefParam_MEMORY_1_Config3_RegAddress not found: check if there is a RefParameter without a condition.
2025-08-29 10:36:32,950 [WARN] IP:2250 - RefParam_MEMORY_2_Instance not found: check if there is a RefParameter without a condition.
2025-08-29 10:36:32,950 [WARN] IP:2250 - RefParam_MEMORY_2_ConfigType not found: check if there is a RefParameter without a condition.
2025-08-29 10:36:32,950 [WARN] IP:2250 - RefParam_MEMORY_2_Size not found: check if there is a RefParameter without a condition.
2025-08-29 10:36:32,950 [WARN] IP:2250 - RefParam_MEMORY_2_FreqMax not found: check if there is a RefParameter without a condition.
2025-08-29 10:36:32,950 [WARN] IP:2250 - RefParam_MEMORY_2_ReadReg not found: check if there is a RefParameter without a condition.
2025-08-29 10:36:32,950 [WARN] IP:2250 - RefParam_MEMORY_2_WriteReg not found: check if there is a RefParameter without a condition.
2025-08-29 10:36:32,950 [WARN] IP:2250 - RefParam_MEMORY_2_RegSize not found: check if there is a RefParameter without a condition.
2025-08-29 10:36:32,950 [WARN] IP:2250 - RefParam_MEMORY_2_RegDummyCycle not found: check if there is a RefParameter without a condition.
2025-08-29 10:36:32,950 [WARN] IP:2250 - RefParam_MEMORY_2_WriteCommand not found: check if there is a RefParameter without a condition.
2025-08-29 10:36:32,950 [WARN] IP:2250 - RefParam_MEMORY_2_WriteDummyCycle not found: check if there is a RefParameter without a condition.
2025-08-29 10:36:32,950 [WARN] IP:2250 - RefParam_MEMORY_2_ReadCommand not found: check if there is a RefParameter without a condition.
2025-08-29 10:36:32,950 [WARN] IP:2250 - RefParam_MEMORY_2_WrapReadCommand not found: check if there is a RefParameter without a condition.
2025-08-29 10:36:32,950 [WARN] IP:2250 - RefParam_MEMORY_2_ReadDummyCycle not found: check if there is a RefParameter without a condition.
2025-08-29 10:36:32,950 [WARN] IP:2250 - RefParam_MEMORY_2_NumberOfConfig not found: check if there is a RefParameter without a condition.
2025-08-29 10:36:32,950 [WARN] IP:2250 - RefParam_MEMORY_2_Config1_WriteMask not found: check if there is a RefParameter without a condition.
2025-08-29 10:36:32,950 [WARN] IP:2250 - RefParam_MEMORY_2_Config1_WriteValue not found: check if there is a RefParameter without a condition.
2025-08-29 10:36:32,950 [WARN] IP:2250 - RefParam_MEMORY_2_Config1_RegAddress not found: check if there is a RefParameter without a condition.
2025-08-29 10:36:32,950 [WARN] IP:2250 - RefParam_MEMORY_2_Config2_WriteMask not found: check if there is a RefParameter without a condition.
2025-08-29 10:36:32,950 [WARN] IP:2250 - RefParam_MEMORY_2_Config2_WriteValue not found: check if there is a RefParameter without a condition.
2025-08-29 10:36:32,950 [WARN] IP:2250 - RefParam_MEMORY_2_Config2_RegAddress not found: check if there is a RefParameter without a condition.
2025-08-29 10:36:32,950 [WARN] IP:2250 - RefParam_MEMORY_2_Config3_WriteMask not found: check if there is a RefParameter without a condition.
2025-08-29 10:36:32,950 [WARN] IP:2250 - RefParam_MEMORY_2_Config3_WriteValue not found: check if there is a RefParameter without a condition.
2025-08-29 10:36:32,950 [WARN] IP:2250 - RefParam_MEMORY_2_Config3_RegAddress not found: check if there is a RefParameter without a condition.
2025-08-29 10:36:33,138 [INFO] NvicIntPanel:101 - NVIC parent = com.st.microxplorer.plugins.ip.nvic.MultiNvicIntPanel[,0,0,0x0,invalid,layout=javax.swing.BoxLayout,alignmentX=0.0,alignmentY=0.0,border=,flags=9,maximumSize=,minimumSize=,preferredSize=]
2025-08-29 10:36:33,138 [INFO] NvicIntPanel:101 - NVIC parent = com.st.microxplorer.plugins.ip.nvic.MultiNvicIntPanel[,0,0,0x0,invalid,layout=javax.swing.BoxLayout,alignmentX=0.0,alignmentY=0.0,border=,flags=9,maximumSize=,minimumSize=,preferredSize=]
2025-08-29 10:58:50,944 [INFO] NvicIntPanel:101 - NVIC parent = com.st.microxplorer.plugins.ip.nvic.MultiNvicIntPanel[,0,0,0x0,invalid,layout=javax.swing.BoxLayout,alignmentX=0.0,alignmentY=0.0,border=,flags=9,maximumSize=,minimumSize=,preferredSize=]
2025-08-29 10:58:50,949 [INFO] NvicIntPanel:101 - NVIC parent = com.st.microxplorer.plugins.ip.nvic.MultiNvicIntPanel[,0,0,0x0,invalid,layout=javax.swing.BoxLayout,alignmentX=0.0,alignmentY=0.0,border=,flags=9,maximumSize=,minimumSize=,preferredSize=]
2025-08-29 10:58:51,555 [INFO] NvicIntPanel:101 - NVIC parent = com.st.microxplorer.plugins.ip.nvic.MultiNvicIntPanel[,0,0,0x0,invalid,layout=javax.swing.BoxLayout,alignmentX=0.0,alignmentY=0.0,border=,flags=9,maximumSize=,minimumSize=,preferredSize=]
2025-08-29 10:58:51,560 [INFO] NvicIntPanel:101 - NVIC parent = com.st.microxplorer.plugins.ip.nvic.MultiNvicIntPanel[,0,0,0x0,invalid,layout=javax.swing.BoxLayout,alignmentX=0.0,alignmentY=0.0,border=,flags=9,maximumSize=,minimumSize=,preferredSize=]
2025-08-29 10:59:14,176 [INFO] NvicIntPanel:101 - NVIC parent = com.st.microxplorer.plugins.ip.nvic.MultiNvicIntPanel[,0,0,0x0,invalid,layout=javax.swing.BoxLayout,alignmentX=0.0,alignmentY=0.0,border=,flags=9,maximumSize=,minimumSize=,preferredSize=]
2025-08-29 10:59:14,182 [INFO] NvicIntPanel:101 - NVIC parent = com.st.microxplorer.plugins.ip.nvic.MultiNvicIntPanel[,0,0,0x0,invalid,layout=javax.swing.BoxLayout,alignmentX=0.0,alignmentY=0.0,border=,flags=9,maximumSize=,minimumSize=,preferredSize=]
2025-08-29 11:00:01,902 [INFO] NvicIntPanel:101 - NVIC parent = com.st.microxplorer.plugins.ip.nvic.MultiNvicIntPanel[,0,0,0x0,invalid,layout=javax.swing.BoxLayout,alignmentX=0.0,alignmentY=0.0,border=,flags=9,maximumSize=,minimumSize=,preferredSize=]
2025-08-29 11:00:01,907 [INFO] NvicIntPanel:101 - NVIC parent = com.st.microxplorer.plugins.ip.nvic.MultiNvicIntPanel[,0,0,0x0,invalid,layout=javax.swing.BoxLayout,alignmentX=0.0,alignmentY=0.0,border=,flags=9,maximumSize=,minimumSize=,preferredSize=]
2025-08-29 11:00:17,814 [INFO] NvicIntPanel:101 - NVIC parent = com.st.microxplorer.plugins.ip.nvic.MultiNvicIntPanel[,0,0,0x0,invalid,layout=javax.swing.BoxLayout,alignmentX=0.0,alignmentY=0.0,border=,flags=9,maximumSize=,minimumSize=,preferredSize=]
2025-08-29 11:00:17,816 [INFO] NvicIntPanel:101 - NVIC parent = com.st.microxplorer.plugins.ip.nvic.MultiNvicIntPanel[,0,0,0x0,invalid,layout=javax.swing.BoxLayout,alignmentX=0.0,alignmentY=0.0,border=,flags=9,maximumSize=,minimumSize=,preferredSize=]
2025-08-29 11:00:37,696 [INFO] NvicIntPanel:101 - NVIC parent = com.st.microxplorer.plugins.ip.nvic.MultiNvicIntPanel[,0,0,0x0,invalid,layout=javax.swing.BoxLayout,alignmentX=0.0,alignmentY=0.0,border=,flags=9,maximumSize=,minimumSize=,preferredSize=]
2025-08-29 11:00:37,701 [INFO] NvicIntPanel:101 - NVIC parent = com.st.microxplorer.plugins.ip.nvic.MultiNvicIntPanel[,0,0,0x0,invalid,layout=javax.swing.BoxLayout,alignmentX=0.0,alignmentY=0.0,border=,flags=9,maximumSize=,minimumSize=,preferredSize=]
2025-08-29 11:00:47,779 [INFO] NvicIntPanel:101 - NVIC parent = com.st.microxplorer.plugins.ip.nvic.MultiNvicIntPanel[,0,0,0x0,invalid,layout=javax.swing.BoxLayout,alignmentX=0.0,alignmentY=0.0,border=,flags=9,maximumSize=,minimumSize=,preferredSize=]
2025-08-29 11:00:47,784 [INFO] NvicIntPanel:101 - NVIC parent = com.st.microxplorer.plugins.ip.nvic.MultiNvicIntPanel[,0,0,0x0,invalid,layout=javax.swing.BoxLayout,alignmentX=0.0,alignmentY=0.0,border=,flags=9,maximumSize=,minimumSize=,preferredSize=]
2025-08-29 11:00:50,476 [INFO] NvicIntPanel:101 - NVIC parent = com.st.microxplorer.plugins.ip.nvic.MultiNvicIntPanel[,0,0,0x0,invalid,layout=javax.swing.BoxLayout,alignmentX=0.0,alignmentY=0.0,border=,flags=9,maximumSize=,minimumSize=,preferredSize=]
2025-08-29 11:00:50,481 [INFO] NvicIntPanel:101 - NVIC parent = com.st.microxplorer.plugins.ip.nvic.MultiNvicIntPanel[,0,0,0x0,invalid,layout=javax.swing.BoxLayout,alignmentX=0.0,alignmentY=0.0,border=,flags=9,maximumSize=,minimumSize=,preferredSize=]
2025-08-29 11:02:04,615 [INFO] NvicIntPanel:101 - NVIC parent = com.st.microxplorer.plugins.ip.nvic.MultiNvicIntPanel[,0,0,0x0,invalid,layout=javax.swing.BoxLayout,alignmentX=0.0,alignmentY=0.0,border=,flags=9,maximumSize=,minimumSize=,preferredSize=]
2025-08-29 11:02:04,620 [INFO] NvicIntPanel:101 - NVIC parent = com.st.microxplorer.plugins.ip.nvic.MultiNvicIntPanel[,0,0,0x0,invalid,layout=javax.swing.BoxLayout,alignmentX=0.0,alignmentY=0.0,border=,flags=9,maximumSize=,minimumSize=,preferredSize=]
2025-08-29 11:02:08,839 [INFO] NvicIntPanel:101 - NVIC parent = com.st.microxplorer.plugins.ip.nvic.MultiNvicIntPanel[,0,0,0x0,invalid,layout=javax.swing.BoxLayout,alignmentX=0.0,alignmentY=0.0,border=,flags=9,maximumSize=,minimumSize=,preferredSize=]
2025-08-29 11:02:08,844 [INFO] NvicIntPanel:101 - NVIC parent = com.st.microxplorer.plugins.ip.nvic.MultiNvicIntPanel[,0,0,0x0,invalid,layout=javax.swing.BoxLayout,alignmentX=0.0,alignmentY=0.0,border=,flags=9,maximumSize=,minimumSize=,preferredSize=]
2025-08-29 11:02:14,488 [INFO] NvicIntPanel:101 - NVIC parent = com.st.microxplorer.plugins.ip.nvic.MultiNvicIntPanel[,0,0,0x0,invalid,layout=javax.swing.BoxLayout,alignmentX=0.0,alignmentY=0.0,border=,flags=9,maximumSize=,minimumSize=,preferredSize=]
2025-08-29 11:02:14,493 [INFO] NvicIntPanel:101 - NVIC parent = com.st.microxplorer.plugins.ip.nvic.MultiNvicIntPanel[,0,0,0x0,invalid,layout=javax.swing.BoxLayout,alignmentX=0.0,alignmentY=0.0,border=,flags=9,maximumSize=,minimumSize=,preferredSize=]
2025-08-29 11:04:55,867 [INFO] UtilMem:75 - End SaveConfig() Used Memory: 673210888 Bytes (1073741824)
2025-08-29 11:04:57,117 [ERROR] IocParser:95 - Exception caught: null
2025-08-29 11:04:57,277 [INFO] UtilMem:75 - End SaveConfig() Used Memory: 741733416 Bytes (1073741824)
2025-08-29 11:04:59,197 [INFO] UtilMem:75 - End SaveConfig() Used Memory: 997628696 Bytes (1073741824)
2025-08-29 11:05:00,038 [ERROR] IocParser:95 - Exception caught: null
2025-08-29 11:05:00,437 [INFO] BlockDiagram:2775 - set Specific Code input for plugin: EXTMEM_MANAGER
2025-08-29 11:05:00,437 [INFO] BlockDiagram:2775 - set Specific Code input for plugin: RAMCFG
2025-08-29 11:05:00,437 [INFO] BlockDiagram:2775 - set Specific Code input for plugin: RCC
2025-08-29 11:05:00,437 [INFO] BlockDiagram:2775 - set Specific Code input for plugin: CORTEX_M55_FSBL
2025-08-29 11:05:00,437 [INFO] BlockDiagram:2775 - set Specific Code input for plugin: XSPIM
2025-08-29 11:05:00,437 [INFO] BlockDiagram:2775 - set Specific Code input for plugin: GPDMA
2025-08-29 11:05:00,437 [INFO] BlockDiagram:2775 - set Specific Code input for plugin: STMicroelectronics.X-CUBE-AI.10.2.0
2025-08-29 11:05:00,437 [INFO] BlockDiagram:2775 - set Specific Code input for plugin: XSPI
2025-08-29 11:05:00,437 [INFO] BlockDiagram:2775 - set Specific Code input for plugin: NUCLEO-N657X0-Q
2025-08-29 11:05:00,437 [INFO] BlockDiagram:2775 - set Specific Code input for plugin: TIM1_8N6
2025-08-29 11:05:00,438 [INFO] BlockDiagram:2775 - set Specific Code input for plugin: CACHEAXI
2025-08-29 11:05:00,438 [INFO] BlockDiagram:2775 - set Specific Code input for plugin: BSEC
2025-08-29 11:05:00,438 [INFO] BlockDiagram:2775 - set Specific Code input for plugin: LPUART
2025-08-29 11:05:00,438 [INFO] BlockDiagram:2775 - set Specific Code input for plugin: NVIC
2025-08-29 11:05:00,438 [INFO] BlockDiagram:2775 - set Specific Code input for plugin: GPIO
2025-08-29 11:05:00,438 [INFO] BlockDiagram:2775 - set Specific Code input for plugin: RIF
2025-08-29 11:05:00,439 [INFO] BlockDiagram:2775 - set Specific Code input for plugin: NVIC1
2025-08-29 11:05:00,442 [INFO] CodeGenerator:892 - code generatio: config db path: C:\ST\STM32CubeIDE_1.19.0\STM32CubeIDE\plugins\com.st.stm32cube.common.mx_6.15.0.202507011659\\db\
2025-08-29 11:05:00,459 [WARN] IP:2250 - RefParam_XIP_memory not found: check if there is a RefParameter without a condition.
2025-08-29 11:05:00,460 [WARN] IP:2250 - RefParam_MEMORY_1_Size not found: check if there is a RefParameter without a condition.
2025-08-29 11:05:00,460 [WARN] IP:2250 - RefParam_MEMORY_1_FreqMax not found: check if there is a RefParameter without a condition.
2025-08-29 11:05:00,460 [WARN] IP:2250 - RefParam_MEMORY_1_ReadReg not found: check if there is a RefParameter without a condition.
2025-08-29 11:05:00,460 [WARN] IP:2250 - RefParam_MEMORY_1_WriteReg not found: check if there is a RefParameter without a condition.
2025-08-29 11:05:00,460 [WARN] IP:2250 - RefParam_MEMORY_1_RegSize not found: check if there is a RefParameter without a condition.
2025-08-29 11:05:00,460 [WARN] IP:2250 - RefParam_MEMORY_1_RegDummyCycle not found: check if there is a RefParameter without a condition.
2025-08-29 11:05:00,460 [WARN] IP:2250 - RefParam_MEMORY_1_WriteCommand not found: check if there is a RefParameter without a condition.
2025-08-29 11:05:00,460 [WARN] IP:2250 - RefParam_MEMORY_1_WriteDummyCycle not found: check if there is a RefParameter without a condition.
2025-08-29 11:05:00,460 [WARN] IP:2250 - RefParam_MEMORY_1_ReadCommand not found: check if there is a RefParameter without a condition.
2025-08-29 11:05:00,460 [WARN] IP:2250 - RefParam_MEMORY_1_WrapReadCommand not found: check if there is a RefParameter without a condition.
2025-08-29 11:05:00,460 [WARN] IP:2250 - RefParam_MEMORY_1_ReadDummyCycle not found: check if there is a RefParameter without a condition.
2025-08-29 11:05:00,460 [WARN] IP:2250 - RefParam_MEMORY_1_NumberOfConfig not found: check if there is a RefParameter without a condition.
2025-08-29 11:05:00,460 [WARN] IP:2250 - RefParam_MEMORY_1_Config1_WriteMask not found: check if there is a RefParameter without a condition.
2025-08-29 11:05:00,460 [WARN] IP:2250 - RefParam_MEMORY_1_Config1_WriteValue not found: check if there is a RefParameter without a condition.
2025-08-29 11:05:00,460 [WARN] IP:2250 - RefParam_MEMORY_1_Config1_RegAddress not found: check if there is a RefParameter without a condition.
2025-08-29 11:05:00,460 [WARN] IP:2250 - RefParam_MEMORY_1_Config2_WriteMask not found: check if there is a RefParameter without a condition.
2025-08-29 11:05:00,460 [WARN] IP:2250 - RefParam_MEMORY_1_Config2_WriteValue not found: check if there is a RefParameter without a condition.
2025-08-29 11:05:00,460 [WARN] IP:2250 - RefParam_MEMORY_1_Config2_RegAddress not found: check if there is a RefParameter without a condition.
2025-08-29 11:05:00,460 [WARN] IP:2250 - RefParam_MEMORY_1_Config3_WriteMask not found: check if there is a RefParameter without a condition.
2025-08-29 11:05:00,460 [WARN] IP:2250 - RefParam_MEMORY_1_Config3_WriteValue not found: check if there is a RefParameter without a condition.
2025-08-29 11:05:00,460 [WARN] IP:2250 - RefParam_MEMORY_1_Config3_RegAddress not found: check if there is a RefParameter without a condition.
2025-08-29 11:05:00,460 [WARN] IP:2250 - RefParam_MEMORY_2_Instance not found: check if there is a RefParameter without a condition.
2025-08-29 11:05:00,460 [WARN] IP:2250 - RefParam_MEMORY_2_ConfigType not found: check if there is a RefParameter without a condition.
2025-08-29 11:05:00,460 [WARN] IP:2250 - RefParam_MEMORY_2_Size not found: check if there is a RefParameter without a condition.
2025-08-29 11:05:00,460 [WARN] IP:2250 - RefParam_MEMORY_2_FreqMax not found: check if there is a RefParameter without a condition.
2025-08-29 11:05:00,461 [WARN] IP:2250 - RefParam_MEMORY_2_ReadReg not found: check if there is a RefParameter without a condition.
2025-08-29 11:05:00,461 [WARN] IP:2250 - RefParam_MEMORY_2_WriteReg not found: check if there is a RefParameter without a condition.
2025-08-29 11:05:00,461 [WARN] IP:2250 - RefParam_MEMORY_2_RegSize not found: check if there is a RefParameter without a condition.
2025-08-29 11:05:00,461 [WARN] IP:2250 - RefParam_MEMORY_2_RegDummyCycle not found: check if there is a RefParameter without a condition.
2025-08-29 11:05:00,461 [WARN] IP:2250 - RefParam_MEMORY_2_WriteCommand not found: check if there is a RefParameter without a condition.
2025-08-29 11:05:00,461 [WARN] IP:2250 - RefParam_MEMORY_2_WriteDummyCycle not found: check if there is a RefParameter without a condition.
2025-08-29 11:05:00,461 [WARN] IP:2250 - RefParam_MEMORY_2_ReadCommand not found: check if there is a RefParameter without a condition.
2025-08-29 11:05:00,461 [WARN] IP:2250 - RefParam_MEMORY_2_WrapReadCommand not found: check if there is a RefParameter without a condition.
2025-08-29 11:05:00,461 [WARN] IP:2250 - RefParam_MEMORY_2_ReadDummyCycle not found: check if there is a RefParameter without a condition.
2025-08-29 11:05:00,461 [WARN] IP:2250 - RefParam_MEMORY_2_NumberOfConfig not found: check if there is a RefParameter without a condition.
2025-08-29 11:05:00,461 [WARN] IP:2250 - RefParam_MEMORY_2_Config1_WriteMask not found: check if there is a RefParameter without a condition.
2025-08-29 11:05:00,461 [WARN] IP:2250 - RefParam_MEMORY_2_Config1_WriteValue not found: check if there is a RefParameter without a condition.
2025-08-29 11:05:00,461 [WARN] IP:2250 - RefParam_MEMORY_2_Config1_RegAddress not found: check if there is a RefParameter without a condition.
2025-08-29 11:05:00,461 [WARN] IP:2250 - RefParam_MEMORY_2_Config2_WriteMask not found: check if there is a RefParameter without a condition.
2025-08-29 11:05:00,461 [WARN] IP:2250 - RefParam_MEMORY_2_Config2_WriteValue not found: check if there is a RefParameter without a condition.
2025-08-29 11:05:00,461 [WARN] IP:2250 - RefParam_MEMORY_2_Config2_RegAddress not found: check if there is a RefParameter without a condition.
2025-08-29 11:05:00,461 [WARN] IP:2250 - RefParam_MEMORY_2_Config3_WriteMask not found: check if there is a RefParameter without a condition.
2025-08-29 11:05:00,461 [WARN] IP:2250 - RefParam_MEMORY_2_Config3_WriteValue not found: check if there is a RefParameter without a condition.
2025-08-29 11:05:00,461 [WARN] IP:2250 - RefParam_MEMORY_2_Config3_RegAddress not found: check if there is a RefParameter without a condition.
2025-08-29 11:05:00,630 [INFO] Middleware:1452 - No code input for Bsp Dependency
2025-08-29 11:05:00,632 [INFO] Middleware:1452 - No code input for Bsp Dependency
2025-08-29 11:05:00,634 [INFO] Middleware:1452 - No code input for Bsp Dependency
2025-08-29 11:05:00,635 [INFO] Middleware:1452 - No code input for Bsp Dependency
2025-08-29 11:05:00,635 [INFO] Middleware:1452 - No code input for Bsp Dependency
2025-08-29 11:05:00,635 [INFO] IP:3329 - RTE Config file name : RTE_Component
2025-08-29 11:05:00,635 [INFO] IP:3347 - RTE template : RTE_Components.ftl
2025-08-29 11:05:00,637 [INFO] Middleware:1452 - No code input for Bsp Dependency
2025-08-29 11:05:00,637 [INFO] Middleware:1452 - No code input for Bsp Dependency
2025-08-29 11:05:00,638 [INFO] Middleware:1452 - No code input for Bsp Dependency
2025-08-29 11:05:00,639 [INFO] CodeGenerator:1619 - *******************Project context FSBL selected
2025-08-29 11:05:00,768 [INFO] CodeEngine:265 - oldGeneratedFile, C:\ST\AB_LSTM\AB_LSTM\MXTmpFiles\license.tmp_save
2025-08-29 11:05:01,052 [INFO] CodeEngine:289 - Generated code: C:\ST\AB_LSTM\AB_LSTM\MXTmpFiles\license.tmp
2025-08-29 11:05:01,162 [INFO] CodeEngine:265 - oldGeneratedFile, C:\ST\AB_LSTM\AB_LSTM\FSBL\MXTmpFiles\gpio.tmp_save
2025-08-29 11:05:01,297 [INFO] CodeEngine:289 - Generated code: C:\ST\AB_LSTM\AB_LSTM\FSBL\MXTmpFiles\gpio.tmp
2025-08-29 11:05:02,026 [WARN] IPConfigManager:103 - WARNING: Missing Config File for XSPIM ip!!
2025-08-29 11:05:02,132 [INFO] Middleware:1452 - No code input for Bsp Dependency
2025-08-29 11:05:02,147 [INFO] CodeEngine:265 - oldGeneratedFile, C:\ST\AB_LSTM\AB_LSTM\FSBL\MXTmpFiles\boot_code.tmp_save
2025-08-29 11:05:02,260 [INFO] CodeEngine:289 - Generated code: C:\ST\AB_LSTM\AB_LSTM\FSBL\MXTmpFiles\boot_code.tmp
2025-08-29 11:05:02,288 [INFO] CodeEngine:265 - oldGeneratedFile, C:\ST\AB_LSTM\AB_LSTM\FSBL\MXTmpFiles\cortex.tmp_save
2025-08-29 11:05:02,411 [INFO] CodeEngine:289 - Generated code: C:\ST\AB_LSTM\AB_LSTM\FSBL\MXTmpFiles\cortex.tmp
2025-08-29 11:05:02,424 [INFO] Middleware:1452 - No code input for Bsp Dependency
2025-08-29 11:05:02,435 [INFO] CodeEngine:265 - oldGeneratedFile, C:\ST\AB_LSTM\AB_LSTM\FSBL\Core\Inc\extmem_manager.h_save
2025-08-29 11:05:02,561 [INFO] CodeEngine:289 - Generated code: C:\ST\AB_LSTM\AB_LSTM\FSBL\Core\Inc\extmem_manager.h
2025-08-29 11:05:02,570 [INFO] CodeEngine:265 - oldGeneratedFile, C:\ST\AB_LSTM\AB_LSTM\FSBL\Core\Src\extmem_manager.c_save
2025-08-29 11:05:02,689 [INFO] CodeEngine:289 - Generated code: C:\ST\AB_LSTM\AB_LSTM\FSBL\Core\Src\extmem_manager.c
2025-08-29 11:05:02,699 [INFO] CodeEngine:265 - oldGeneratedFile, C:\ST\AB_LSTM\AB_LSTM\FSBL\Core\Inc\stm32_extmem_conf.h_save
2025-08-29 11:05:02,816 [INFO] CodeEngine:289 - Generated code: C:\ST\AB_LSTM\AB_LSTM\FSBL\Core\Inc\stm32_extmem_conf.h
2025-08-29 11:05:02,823 [INFO] CodeEngine:265 - oldGeneratedFile, C:\ST\AB_LSTM\AB_LSTM\FSBL\MXTmpFiles\boot_code.tmp_save
2025-08-29 11:05:02,869 [INFO] CodeEngine:289 - Generated code: C:\ST\AB_LSTM\AB_LSTM\FSBL\MXTmpFiles\boot_code.tmp
2025-08-29 11:05:02,946 [INFO] CodeEngine:265 - oldGeneratedFile, C:\ST\AB_LSTM\AB_LSTM\FSBL\Core\Src\stm32n6xx_it.c_save
2025-08-29 11:05:03,164 [INFO] CodeEngine:289 - Generated code: C:\ST\AB_LSTM\AB_LSTM\FSBL\Core\Src\stm32n6xx_it.c
2025-08-29 11:05:03,174 [INFO] CodeEngine:265 - oldGeneratedFile, C:\ST\AB_LSTM\AB_LSTM\FSBL\Core\Inc\stm32n6xx_it.h_save
2025-08-29 11:05:03,259 [INFO] CodeEngine:289 - Generated code: C:\ST\AB_LSTM\AB_LSTM\FSBL\Core\Inc\stm32n6xx_it.h
2025-08-29 11:05:03,455 [INFO] CodeEngine:265 - oldGeneratedFile, C:\ST\AB_LSTM\AB_LSTM\FSBL\Core\Src\stm32n6xx_hal_msp.c_save
2025-08-29 11:05:03,651 [INFO] CodeEngine:289 - Generated code: C:\ST\AB_LSTM\AB_LSTM\FSBL\Core\Src\stm32n6xx_hal_msp.c
2025-08-29 11:05:03,663 [INFO] CodeEngine:265 - oldGeneratedFile, C:\ST\AB_LSTM\AB_LSTM\FSBL\MXTmpFiles\system.tmp_save
2025-08-29 11:05:03,723 [INFO] CodeEngine:289 - Generated code: C:\ST\AB_LSTM\AB_LSTM\FSBL\MXTmpFiles\system.tmp
2025-08-29 11:05:03,750 [INFO] CodeEngine:321 - oldGeneratedFile, C:\ST\AB_LSTM\AB_LSTM\FSBL\Core\Inc\stm32n6xx_hal_conf.h_save
2025-08-29 11:05:03,871 [INFO] CodeEngine:345 - Generated code: C:\ST\AB_LSTM\AB_LSTM\FSBL\Core\Inc\stm32n6xx_hal_conf.h
2025-08-29 11:05:03,892 [WARN] IPConfigManager:3238 - Warning: the RefConfig RCC_ConfigVoltageScaling is not available in your config.xml file
2025-08-29 11:05:03,897 [WARN] IPConfigManager:3238 - Warning: the RefConfig RCC_RTC_HSEDIV is not available in your config.xml file
2025-08-29 11:05:03,912 [INFO] ApiDbMcu:532 - Load IP Config File for BSEC
2025-08-29 11:05:03,953 [INFO] ApiDbMcu:532 - Load IP Config File for GPDMA1
2025-08-29 11:05:03,956 [INFO] ApiDbMcu:532 - Load IP Config File for XSPI2
2025-08-29 11:05:03,956 [ERROR] ApiDbMcu:560 - Cannot parse XSPIM_Config file : file do not exist
2025-08-29 11:05:03,960 [INFO] ApiDbMcu:532 - Load IP Config File for RCC
2025-08-29 11:05:03,983 [INFO] CodeEngine:265 - oldGeneratedFile, C:\ST\AB_LSTM\AB_LSTM\FSBL\Core\Inc\main.h_save
2025-08-29 11:05:04,114 [INFO] CodeEngine:289 - Generated code: C:\ST\AB_LSTM\AB_LSTM\FSBL\Core\Inc\main.h
2025-08-29 11:05:04,122 [INFO] CodeEngine:265 - oldGeneratedFile, C:\ST\AB_LSTM\AB_LSTM\FSBL\Core\Src\main.c_save
2025-08-29 11:05:04,325 [INFO] CodeEngine:289 - Generated code: C:\ST\AB_LSTM\AB_LSTM\FSBL\Core\Src\main.c
2025-08-29 11:05:04,407 [INFO] CodeGenerator:1619 - *******************Project context Appli selected
2025-08-29 11:05:04,440 [INFO] IP:3329 - RTE Config file name : RTE_Component
2025-08-29 11:05:04,440 [INFO] IP:3347 - RTE template : RTE_Components.ftl
2025-08-29 11:05:04,451 [INFO] CodeEngine:265 - oldGeneratedFile, C:\ST\AB_LSTM\AB_LSTM\MXTmpFiles\license.tmp_save
2025-08-29 11:05:04,524 [INFO] CodeEngine:289 - Generated code: C:\ST\AB_LSTM\AB_LSTM\MXTmpFiles\license.tmp
2025-08-29 11:05:04,548 [INFO] CodeEngine:265 - oldGeneratedFile, C:\ST\AB_LSTM\AB_LSTM\Appli\MXTmpFiles\gpio.tmp_save
2025-08-29 11:05:04,647 [INFO] CodeEngine:289 - Generated code: C:\ST\AB_LSTM\AB_LSTM\Appli\MXTmpFiles\gpio.tmp
2025-08-29 11:05:04,837 [WARN] IPConfigManager:103 - WARNING: Missing Config File for NVIC ip!!
2025-08-29 11:05:05,018 [INFO] Middleware:1452 - No code input for Bsp Dependency
2025-08-29 11:05:05,020 [INFO] Middleware:1452 - No code input for Bsp Dependency
2025-08-29 11:05:05,020 [INFO] IP:3329 - RTE Config file name : RTE_Component
2025-08-29 11:05:05,020 [INFO] IP:3347 - RTE template : RTE_Components.ftl
2025-08-29 11:05:05,030 [INFO] CodeEngine:265 - oldGeneratedFile, C:\ST\AB_LSTM\AB_LSTM\Appli\MXTmpFiles\cortex.tmp_save
2025-08-29 11:05:05,104 [INFO] CodeEngine:289 - Generated code: C:\ST\AB_LSTM\AB_LSTM\Appli\MXTmpFiles\cortex.tmp
2025-08-29 11:05:05,139 [INFO] CodeEngine:265 - oldGeneratedFile, C:\ST\AB_LSTM\AB_LSTM\Appli\Core\Inc\stm32n6xx_nucleo_conf.h_save
2025-08-29 11:05:05,265 [INFO] CodeEngine:289 - Generated code: C:\ST\AB_LSTM\AB_LSTM\Appli\Core\Inc\stm32n6xx_nucleo_conf.h
2025-08-29 11:05:05,272 [INFO] CodeEngine:265 - oldGeneratedFile, C:\ST\AB_LSTM\AB_LSTM\Appli\MXTmpFiles\bsp_inc.tmp_save
2025-08-29 11:05:05,329 [INFO] CodeEngine:289 - Generated code: C:\ST\AB_LSTM\AB_LSTM\Appli\MXTmpFiles\bsp_inc.tmp
2025-08-29 11:05:05,344 [INFO] CodeEngine:265 - oldGeneratedFile, C:\ST\AB_LSTM\AB_LSTM\Appli\MXTmpFiles\bsp_common_vars.tmp_save
2025-08-29 11:05:05,393 [INFO] CodeEngine:289 - Generated code: C:\ST\AB_LSTM\AB_LSTM\Appli\MXTmpFiles\bsp_common_vars.tmp
2025-08-29 11:05:05,398 [INFO] CodeEngine:265 - oldGeneratedFile, C:\ST\AB_LSTM\AB_LSTM\Appli\MXTmpFiles\bsp_common_init.tmp_save
2025-08-29 11:05:05,459 [INFO] CodeEngine:289 - Generated code: C:\ST\AB_LSTM\AB_LSTM\Appli\MXTmpFiles\bsp_common_init.tmp
2025-08-29 11:05:05,475 [INFO] CodeEngine:265 - oldGeneratedFile, C:\ST\AB_LSTM\AB_LSTM\Appli\MXTmpFiles\bsp_common_demo_before_while.tmp_save
2025-08-29 11:05:05,524 [INFO] CodeEngine:289 - Generated code: C:\ST\AB_LSTM\AB_LSTM\Appli\MXTmpFiles\bsp_common_demo_before_while.tmp
2025-08-29 11:05:05,530 [INFO] CodeEngine:265 - oldGeneratedFile, C:\ST\AB_LSTM\AB_LSTM\Appli\MXTmpFiles\bsp_common_demo_inside_while.tmp_save
2025-08-29 11:05:05,579 [INFO] CodeEngine:289 - Generated code: C:\ST\AB_LSTM\AB_LSTM\Appli\MXTmpFiles\bsp_common_demo_inside_while.tmp
2025-08-29 11:05:05,585 [INFO] CodeEngine:265 - oldGeneratedFile, C:\ST\AB_LSTM\AB_LSTM\Appli\MXTmpFiles\bsp_common_demo_fct.tmp_save
2025-08-29 11:05:05,633 [INFO] CodeEngine:289 - Generated code: C:\ST\AB_LSTM\AB_LSTM\Appli\MXTmpFiles\bsp_common_demo_fct.tmp
2025-08-29 11:05:05,638 [INFO] Middleware:1452 - No code input for Bsp Dependency
2025-08-29 11:05:05,638 [INFO] Middleware:1452 - No code input for Bsp Dependency
2025-08-29 11:05:05,638 [INFO] IP:3329 - RTE Config file name : RTE_Component
2025-08-29 11:05:05,638 [INFO] IP:3347 - RTE template : RTE_Components.ftl
2025-08-29 11:05:05,648 [INFO] CodeEngine:265 - oldGeneratedFile, C:\ST\AB_LSTM\AB_LSTM\Appli\X-CUBE-AI\App\app_x-cube-ai.h_save
2025-08-29 11:05:05,768 [INFO] CodeEngine:289 - Generated code: C:\ST\AB_LSTM\AB_LSTM\Appli\X-CUBE-AI\App\app_x-cube-ai.h
2025-08-29 11:05:05,778 [INFO] CodeEngine:265 - oldGeneratedFile, C:\ST\AB_LSTM\AB_LSTM\Appli\X-CUBE-AI\constants_ai.h_save
2025-08-29 11:05:05,855 [INFO] CodeEngine:289 - Generated code: C:\ST\AB_LSTM\AB_LSTM\Appli\X-CUBE-AI\constants_ai.h
2025-08-29 11:05:05,863 [INFO] CodeEngine:265 - oldGeneratedFile, C:\ST\AB_LSTM\AB_LSTM\Appli\X-CUBE-AI\App\app_x-cube-ai.c_save
2025-08-29 11:05:05,976 [INFO] CodeEngine:289 - Generated code: C:\ST\AB_LSTM\AB_LSTM\Appli\X-CUBE-AI\App\app_x-cube-ai.c
2025-08-29 11:05:06,041 [INFO] CodeEngine:265 - oldGeneratedFile, C:\ST\AB_LSTM\AB_LSTM\Appli\Core\Src\stm32n6xx_it.c_save
2025-08-29 11:05:06,218 [INFO] CodeEngine:289 - Generated code: C:\ST\AB_LSTM\AB_LSTM\Appli\Core\Src\stm32n6xx_it.c
2025-08-29 11:05:06,225 [INFO] CodeEngine:265 - oldGeneratedFile, C:\ST\AB_LSTM\AB_LSTM\Appli\Core\Inc\stm32n6xx_it.h_save
2025-08-29 11:05:06,306 [INFO] CodeEngine:289 - Generated code: C:\ST\AB_LSTM\AB_LSTM\Appli\Core\Inc\stm32n6xx_it.h
2025-08-29 11:05:06,311 [INFO] IP:3329 - RTE Config file name : RTE_Component
2025-08-29 11:05:06,311 [INFO] IP:3347 - RTE template : RTE_Components.ftl
2025-08-29 11:05:06,311 [INFO] CodeGenerator:2312 - Add RTE Code Input 
2025-08-29 11:05:06,322 [INFO] CodeEngine:265 - oldGeneratedFile, C:\ST\AB_LSTM\AB_LSTM\Appli\Core\Inc\RTE_Components.h_save
2025-08-29 11:05:06,440 [INFO] CodeEngine:289 - Generated code: C:\ST\AB_LSTM\AB_LSTM\Appli\Core\Inc\RTE_Components.h
2025-08-29 11:05:06,453 [INFO] CodeEngine:265 - oldGeneratedFile, C:\ST\AB_LSTM\AB_LSTM\Appli\MXTmpFiles\RIFInit.tmp_save
2025-08-29 11:05:06,551 [INFO] CodeEngine:289 - Generated code: C:\ST\AB_LSTM\AB_LSTM\Appli\MXTmpFiles\RIFInit.tmp
2025-08-29 11:05:06,669 [INFO] CodeEngine:265 - oldGeneratedFile, C:\ST\AB_LSTM\AB_LSTM\Appli\Core\Src\stm32n6xx_hal_msp.c_save
2025-08-29 11:05:06,866 [INFO] CodeEngine:289 - Generated code: C:\ST\AB_LSTM\AB_LSTM\Appli\Core\Src\stm32n6xx_hal_msp.c
2025-08-29 11:05:06,873 [INFO] CodeEngine:265 - oldGeneratedFile, C:\ST\AB_LSTM\AB_LSTM\Appli\MXTmpFiles\system.tmp_save
2025-08-29 11:05:06,920 [INFO] CodeEngine:289 - Generated code: C:\ST\AB_LSTM\AB_LSTM\Appli\MXTmpFiles\system.tmp
2025-08-29 11:05:06,935 [INFO] CodeEngine:321 - oldGeneratedFile, C:\ST\AB_LSTM\AB_LSTM\Appli\Core\Inc\stm32n6xx_hal_conf.h_save
2025-08-29 11:05:07,056 [INFO] CodeEngine:345 - Generated code: C:\ST\AB_LSTM\AB_LSTM\Appli\Core\Inc\stm32n6xx_hal_conf.h
2025-08-29 11:05:07,073 [WARN] IPConfigManager:3238 - Warning: the RefConfig RCC_ConfigVoltageScaling is not available in your config.xml file
2025-08-29 11:05:07,074 [WARN] IPConfigManager:3238 - Warning: the RefConfig RCC_RTC_HSEDIV is not available in your config.xml file
2025-08-29 11:05:07,086 [INFO] ApiDbMcu:532 - Load IP Config File for CACHEAXI
2025-08-29 11:05:07,095 [INFO] ApiDbMcu:532 - Load IP Config File for LPUART1
2025-08-29 11:05:07,098 [INFO] ApiDbMcu:532 - Load IP Config File for RAMCFG
2025-08-29 11:05:07,100 [INFO] ApiDbMcu:532 - Load IP Config File for RIF
2025-08-29 11:05:07,112 [INFO] ApiDbMcu:532 - Load IP Config File for TIM1
2025-08-29 11:05:07,120 [WARN] IPConfigManager:3811 - IP not found : TIM
2025-08-29 11:05:07,122 [WARN] CodeGenerator:4259 - IP not found : null
2025-08-29 11:05:07,134 [INFO] CodeEngine:265 - oldGeneratedFile, C:\ST\AB_LSTM\AB_LSTM\Appli\Core\Inc\main.h_save
2025-08-29 11:05:07,291 [INFO] CodeEngine:289 - Generated code: C:\ST\AB_LSTM\AB_LSTM\Appli\Core\Inc\main.h
2025-08-29 11:05:07,306 [INFO] CodeEngine:265 - oldGeneratedFile, C:\ST\AB_LSTM\AB_LSTM\Appli\Core\Src\main.c_save
2025-08-29 11:05:07,464 [INFO] CodeEngine:289 - Generated code: C:\ST\AB_LSTM\AB_LSTM\Appli\Core\Src\main.c
2025-08-29 11:05:07,477 [INFO] CodeEngine:265 - oldGeneratedFile, C:\ST\AB_LSTM\AB_LSTM\Appli\Core\Src\secure_nsc.c_save
2025-08-29 11:05:07,566 [INFO] CodeEngine:289 - Generated code: C:\ST\AB_LSTM\AB_LSTM\Appli\Core\Src\secure_nsc.c
2025-08-29 11:05:07,574 [INFO] CodeEngine:265 - oldGeneratedFile, C:\ST\AB_LSTM\AB_LSTM\Appli\Core\Inc\partition_stm32n657xx.h_save
2025-08-29 11:05:07,647 [INFO] CodeEngine:289 - Generated code: C:\ST\AB_LSTM\AB_LSTM\Appli\Core\Inc\partition_stm32n657xx.h
2025-08-29 11:05:07,653 [INFO] CodeEngine:265 - oldGeneratedFile, C:\ST\AB_LSTM\AB_LSTM\Secure_nsclib\secure_nsc.h_save
2025-08-29 11:05:07,709 [INFO] CodeEngine:289 - Generated code: C:\ST\AB_LSTM\AB_LSTM\Secure_nsclib\secure_nsc.h
2025-08-29 11:05:07,750 [INFO] CodeGenerator:1707 - *******************Project context ExtMemLoader Not selected
2025-08-29 11:05:08,704 [INFO] AInterface:322 - ModelName:network; files:[C:\Users\ZOJOLDRI\OneDrive - Carl Zeiss AG\Dokumente\Zeiss\SMT\Bachelor\AB Encoder Model\AB_Encoder_Synthetic_Data\lstm_ab_encoder.h5]; type:Keras; compression:None
2025-08-29 11:05:08,705 [INFO] AInterface:526 - workspaceTempDir: C:/Users/ZOJOLDRI/AppData/Local/Temp/mxAI_workspace6925000628135005090368464123922743
2025-08-29 11:05:08,706 [INFO] AInterface:1176 - Setting Env: C:/Users/ZOJOLDRI/STM32Cube/Repository/Packs/STMicroelectronics/X-CUBE-AI/10.2.0/Utilities/windows
2025-08-29 11:05:08,713 [INFO] STM32CubeIDEBuilder:265 - Looking for gnu-tools-for-stm32 tools/bin/arm-none-eabi-gcc.exe in C:\ST\STM32CubeIDE_1.19.0\STM32CubeIDE
2025-08-29 11:05:08,715 [INFO] STM32CubeIDEBuilder:294 - checking C:\ST\STM32CubeIDE_1.19.0\STM32CubeIDE\plugins\com.st.stm32cube.ide.mcu.externaltools.gnu-tools-for-stm32.13.3.rel1.win32_1.0.0.202411081344\tools\bin\arm-none-eabi-gcc.exe
2025-08-29 11:05:08,717 [INFO] STM32CubeIDEBuilder:297 - ret=C:\ST\STM32CubeIDE_1.19.0\STM32CubeIDE\plugins\com.st.stm32cube.ide.mcu.externaltools.gnu-tools-for-stm32.13.3.rel1.win32_1.0.0.202411081344\tools\bin\arm-none-eabi-gcc.exe
2025-08-29 11:05:08,717 [INFO] STM32CubeIDEBuilder:311 - returning C:\ST\STM32CubeIDE_1.19.0\STM32CubeIDE\plugins\com.st.stm32cube.ide.mcu.externaltools.gnu-tools-for-stm32.13.3.rel1.win32_1.0.0.202411081344\tools\bin\arm-none-eabi-gcc.exe
2025-08-29 11:05:08,717 [INFO] AInterface:1233 - Custom PATH variable: C:/Users/ZOJOLDRI/STM32Cube/Repository/Packs/STMicroelectronics/X-CUBE-AI/10.2.0/Utilities/windows;C:/Users/ZOJOLDRI/STM32Cube/Repository/Packs/STMicroelectronics/X-CUBE-AI/10.2.0/Utilities/windows/mingw64/bin;C:/Users/ZOJOLDRI/STM32Cube/Repository/Packs/STMicroelectronics/X-CUBE-AI/10.2.0/Utilities/windows/mingw64/libexec/gcc/x86_64-w64-mingw32/7.3.0;;C:\ST\STM32CubeIDE_1.19.0\STM32CubeIDE\plugins\com.st.stm32cube.ide.mcu.externaltools.gnu-tools-for-stm32.13.3.rel1.win32_1.0.0.202411081344\tools\bin
2025-08-29 11:05:08,720 [INFO] CmdLine:115 - Command: C:/Users/ZOJOLDRI/STM32Cube/Repository/Packs/STMicroelectronics/X-CUBE-AI/10.2.0/Utilities/windows/stedgeai.exe generate --target stm32n6 --name network -m C:/Users/ZOJOLDRI/OneDrive - Carl Zeiss AG/Dokumente/Zeiss/SMT/Bachelor/AB Encoder Model/AB_Encoder_Synthetic_Data/lstm_ab_encoder.h5 --compression none --verbosity 1 --workspace C:/Users/ZOJOLDRI/AppData/Local/Temp/mxAI_workspace6925000628135005090368464123922743 --output C:/Users/ZOJOLDRI/.stm32cubemx/network_output
2025-08-29 11:05:08,720 [INFO] AIModelDetailledView:2380 - Analysis status: pending
2025-08-29 11:05:16,312 [INFO] CmdLine:76 - ST Edge AI Core v2.2.0-20266 2adc00962
2025-08-29 11:06:45,617 [INFO] CmdLine:76 - Creating c (debug) info json file C:\Users\ZOJOLDRI\.stm32cubemx\network_output\network_c_info.json
2025-08-29 11:06:45,638 [INFO] CmdLine:76 -  
2025-08-29 11:06:45,638 [INFO] CmdLine:76 -  Exec/report summary (generate)
2025-08-29 11:06:45,639 [INFO] CmdLine:76 -  ---------------------------------------------------------------------------------------------------------------------------------------------------------------
2025-08-29 11:06:45,639 [INFO] CmdLine:76 -  model file         :   C:\Users\ZOJOLDRI\OneDrive - Carl Zeiss AG\Dokumente\Zeiss\SMT\Bachelor\AB Encoder Model\AB_Encoder_Synthetic_Data\lstm_ab_encoder.h5   
2025-08-29 11:06:45,639 [INFO] CmdLine:76 -  type               :   keras                                                                                                                                   
2025-08-29 11:06:45,639 [INFO] CmdLine:76 -  c_name             :   network                                                                                                                                 
2025-08-29 11:06:45,639 [INFO] CmdLine:76 -  compression        :   none                                                                                                                                    
2025-08-29 11:06:45,639 [INFO] CmdLine:76 -  options            :   allocate-inputs, allocate-outputs                                                                                                       
2025-08-29 11:06:45,639 [INFO] CmdLine:76 -  optimization       :   balanced                                                                                                                                
2025-08-29 11:06:45,639 [INFO] CmdLine:76 -  target/series      :   stm32n6                                                                                                                                 
2025-08-29 11:06:45,639 [INFO] CmdLine:76 -  workspace dir      :   C:\Users\ZOJOLDRI\AppData\Local\Temp\mxAI_workspace6925000628135005090368464123922743                                                   
2025-08-29 11:06:45,639 [INFO] CmdLine:76 -  output dir         :   C:\Users\ZOJOLDRI\.stm32cubemx\network_output                                                                                           
2025-08-29 11:06:45,641 [INFO] CmdLine:76 -  model_fmt          :   float                                                                                                                                   
2025-08-29 11:06:45,641 [INFO] CmdLine:76 -  model_name         :   lstm_ab_encoder                                                                                                                         
2025-08-29 11:06:45,641 [INFO] CmdLine:76 -  model_hash         :   0xa47bada8397fa61bef25ba35fe6f4e01                                                                                                      
2025-08-29 11:06:45,641 [INFO] CmdLine:76 -  params #           :   6,100 items (23.83 KiB)                                                                                                                 
2025-08-29 11:06:45,641 [INFO] CmdLine:76 -  ---------------------------------------------------------------------------------------------------------------------------------------------------------------
2025-08-29 11:06:45,641 [INFO] CmdLine:76 -  input 1/1          :   'input_0', f32(1x20x10), 800 Bytes, activations                                                                                         
2025-08-29 11:06:45,641 [INFO] CmdLine:76 -  output 1/1         :   'output', f32(1x4), 16 Bytes, activations                                                                                               
2025-08-29 11:06:45,641 [INFO] CmdLine:76 -  macc               :   111,392                                                                                                                                 
2025-08-29 11:06:45,641 [INFO] CmdLine:76 -  weights (ro)       :   24,784 B (24.20 KiB) (1 segment) / +384(+1.6%) vs float model                                                                           
2025-08-29 11:06:45,641 [INFO] CmdLine:76 -  activations (rw)   :   1,824 B (1.78 KiB) (1 segment) *                                                                                                        
2025-08-29 11:06:45,642 [INFO] CmdLine:76 -  ram (total)        :   1,824 B (1.78 KiB) = 1,824 + 0 + 0                                                                                                      
2025-08-29 11:06:45,642 [INFO] CmdLine:76 -  ---------------------------------------------------------------------------------------------------------------------------------------------------------------
2025-08-29 11:06:45,642 [INFO] CmdLine:76 -  (*) 'input'/'output' buffers are allocated in the activations buffer
2025-08-29 11:06:45,644 [INFO] CmdLine:76 - Computing AI RT data/code size (target=stm32n6)..
2025-08-29 11:06:51,975 [INFO] CmdLine:76 -  Requested memory size by section - "stm32n6" target
2025-08-29 11:06:51,975 [INFO] CmdLine:76 -  ------------------------------- -------- -------- ------- -------
2025-08-29 11:06:51,976 [INFO] CmdLine:76 -  module                              text   rodata    data     bss
2025-08-29 11:06:51,976 [INFO] CmdLine:76 -  ------------------------------- -------- -------- ------- -------
2025-08-29 11:06:51,976 [INFO] CmdLine:76 -  NetworkRuntime1020_CM55_GCC.a     15,800       32       0       0
2025-08-29 11:06:51,976 [INFO] CmdLine:76 -  network.o                            596       40   1,888     136
2025-08-29 11:06:51,976 [INFO] CmdLine:76 -  network_data.o                        48       16      88       0
2025-08-29 11:06:51,976 [INFO] CmdLine:76 -  lib (toolchain)*                   1,132      340       0       0
2025-08-29 11:06:51,976 [INFO] CmdLine:76 -  ------------------------------- -------- -------- ------- -------
2025-08-29 11:06:51,977 [INFO] CmdLine:76 -  RT total**                        17,576      428   1,976     136
2025-08-29 11:06:51,977 [INFO] CmdLine:76 -  ------------------------------- -------- -------- ------- -------
2025-08-29 11:06:51,977 [INFO] CmdLine:76 -  weights                                0   24,784       0       0
2025-08-29 11:06:51,977 [INFO] CmdLine:76 -  activations                            0        0       0   1,824
2025-08-29 11:06:51,977 [INFO] CmdLine:76 -  io                                     0        0       0       0
2025-08-29 11:06:51,977 [INFO] CmdLine:76 -  ------------------------------- -------- -------- ------- -------
2025-08-29 11:06:51,977 [INFO] CmdLine:76 -  TOTAL                             17,576   25,212   1,976   1,960
2025-08-29 11:06:51,978 [INFO] CmdLine:76 -  ------------------------------- -------- -------- ------- -------
2025-08-29 11:06:51,978 [INFO] CmdLine:76 -  *  toolchain objects (libm/libgcc*)
2025-08-29 11:06:51,978 [INFO] CmdLine:76 -  ** RT AI runtime objects (kernels+infrastructure)
2025-08-29 11:06:51,978 [INFO] CmdLine:76 -   Summary - "stm32n6" target
2025-08-29 11:06:51,978 [INFO] CmdLine:76 -   ---------------------------------------------------
2025-08-29 11:06:51,978 [INFO] CmdLine:76 -                FLASH (ro)      %*   RAM (rw)       %
2025-08-29 11:06:51,978 [INFO] CmdLine:76 -   ---------------------------------------------------
2025-08-29 11:06:51,978 [INFO] CmdLine:76 -   RT total         19,980   44.6%      2,112   53.7%
2025-08-29 11:06:51,978 [INFO] CmdLine:76 -   ---------------------------------------------------
2025-08-29 11:06:51,978 [INFO] CmdLine:76 -   TOTAL            44,764              3,936
2025-08-29 11:06:51,978 [INFO] CmdLine:76 -   ---------------------------------------------------
2025-08-29 11:06:51,979 [INFO] CmdLine:76 -   *  rt/total
2025-08-29 11:06:51,979 [INFO] CmdLine:76 -  Generated files (7)
2025-08-29 11:06:51,979 [INFO] CmdLine:76 -  ---------------------------------------------------------------------
2025-08-29 11:06:51,979 [INFO] CmdLine:76 -  C:\Users\ZOJOLDRI\.stm32cubemx\network_output\network_data_params.h
2025-08-29 11:06:51,979 [INFO] CmdLine:76 -  C:\Users\ZOJOLDRI\.stm32cubemx\network_output\network_data_params.c
2025-08-29 11:06:51,979 [INFO] CmdLine:76 -  C:\Users\ZOJOLDRI\.stm32cubemx\network_output\network_data.h
2025-08-29 11:06:51,979 [INFO] CmdLine:76 -  C:\Users\ZOJOLDRI\.stm32cubemx\network_output\network_data.c
2025-08-29 11:06:51,979 [INFO] CmdLine:76 -  C:\Users\ZOJOLDRI\.stm32cubemx\network_output\network_config.h
2025-08-29 11:06:51,980 [INFO] CmdLine:76 -  C:\Users\ZOJOLDRI\.stm32cubemx\network_output\network.h
2025-08-29 11:06:51,980 [INFO] CmdLine:76 -  C:\Users\ZOJOLDRI\.stm32cubemx\network_output\network.c
2025-08-29 11:06:51,980 [INFO] CmdLine:76 - Creating txt report file C:\Users\ZOJOLDRI\.stm32cubemx\network_output\network_generate_report.txt
2025-08-29 11:06:55,044 [INFO] CmdLine:76 - elapsed time (generate): 98.732s
2025-08-29 11:06:55,426 [INFO] CmdLine:148 - stedgeai exit with status: 0
2025-08-29 11:06:55,443 [INFO] AIModelDetailledView:2380 - Analysis status: done
2025-08-29 11:06:56,426 [INFO] ProjectBuilder:3606 - Time for Copy HAL[1] : 441mS.
2025-08-29 11:06:56,426 [ERROR] Middleware:2950 - Invalid RefComponent list
2025-08-29 11:06:56,426 [ERROR] Middleware:2950 - Invalid RefComponent list
2025-08-29 11:06:56,426 [ERROR] Middleware:2950 - Invalid RefComponent list
2025-08-29 11:06:56,426 [ERROR] Middleware:2950 - Invalid RefComponent list
2025-08-29 11:06:56,426 [ERROR] Middleware:2950 - Invalid RefComponent list
2025-08-29 11:06:56,426 [ERROR] Middleware:2950 - Invalid RefComponent list
2025-08-29 11:06:56,426 [ERROR] Middleware:2950 - Invalid RefComponent list
2025-08-29 11:06:56,427 [ERROR] Middleware:2950 - Invalid RefComponent list
2025-08-29 11:06:56,427 [ERROR] Middleware:2950 - Invalid RefComponent list
2025-08-29 11:06:56,427 [ERROR] Middleware:2950 - Invalid RefComponent list
2025-08-29 11:06:56,427 [ERROR] Middleware:2950 - Invalid RefComponent list
2025-08-29 11:06:56,427 [ERROR] Middleware:2950 - Invalid RefComponent list
2025-08-29 11:06:56,427 [ERROR] Middleware:2950 - Invalid RefComponent list
2025-08-29 11:06:56,427 [ERROR] Middleware:2950 - Invalid RefComponent list
2025-08-29 11:06:56,427 [ERROR] Middleware:2950 - Invalid RefComponent list
2025-08-29 11:06:56,427 [ERROR] Middleware:2950 - Invalid RefComponent list
2025-08-29 11:06:56,427 [ERROR] Middleware:2950 - Invalid RefComponent list
2025-08-29 11:06:56,427 [ERROR] Middleware:2950 - Invalid RefComponent list
2025-08-29 11:06:56,427 [ERROR] Middleware:2950 - Invalid RefComponent list
2025-08-29 11:06:56,427 [ERROR] Middleware:2950 - Invalid RefComponent list
2025-08-29 11:06:56,427 [ERROR] Middleware:2950 - Invalid RefComponent list
2025-08-29 11:06:56,427 [ERROR] Middleware:2950 - Invalid RefComponent list
2025-08-29 11:06:56,427 [ERROR] Middleware:2950 - Invalid RefComponent list
2025-08-29 11:06:56,427 [ERROR] Middleware:2950 - Invalid RefComponent list
2025-08-29 11:06:56,427 [ERROR] Middleware:2950 - Invalid RefComponent list
2025-08-29 11:06:56,427 [ERROR] Middleware:2950 - Invalid RefComponent list
2025-08-29 11:06:56,427 [ERROR] Middleware:2950 - Invalid RefComponent list
2025-08-29 11:06:56,427 [ERROR] Middleware:2950 - Invalid RefComponent list
2025-08-29 11:06:56,427 [ERROR] Middleware:2950 - Invalid RefComponent list
2025-08-29 11:06:56,427 [ERROR] Middleware:2950 - Invalid RefComponent list
2025-08-29 11:06:56,427 [ERROR] Middleware:2950 - Invalid RefComponent list
2025-08-29 11:06:56,427 [ERROR] Middleware:2950 - Invalid RefComponent list
2025-08-29 11:06:56,427 [ERROR] Middleware:2950 - Invalid RefComponent list
2025-08-29 11:06:56,427 [ERROR] Middleware:2950 - Invalid RefComponent list
2025-08-29 11:06:56,427 [ERROR] Middleware:2950 - Invalid RefComponent list
2025-08-29 11:06:56,427 [ERROR] Middleware:2950 - Invalid RefComponent list
2025-08-29 11:06:56,427 [ERROR] Middleware:2950 - Invalid RefComponent list
2025-08-29 11:06:56,427 [ERROR] Middleware:2950 - Invalid RefComponent list
2025-08-29 11:06:56,427 [ERROR] Middleware:2950 - Invalid RefComponent list
2025-08-29 11:06:56,427 [ERROR] Middleware:2950 - Invalid RefComponent list
2025-08-29 11:06:56,427 [ERROR] Middleware:2950 - Invalid RefComponent list
2025-08-29 11:06:56,427 [ERROR] Middleware:2950 - Invalid RefComponent list
2025-08-29 11:06:56,427 [ERROR] Middleware:2950 - Invalid RefComponent list
2025-08-29 11:06:56,427 [ERROR] Middleware:2950 - Invalid RefComponent list
2025-08-29 11:06:56,427 [ERROR] Middleware:2950 - Invalid RefComponent list
2025-08-29 11:06:56,427 [ERROR] Middleware:2950 - Invalid RefComponent list
2025-08-29 11:06:56,427 [ERROR] Middleware:2950 - Invalid RefComponent list
2025-08-29 11:06:56,427 [ERROR] Middleware:2950 - Invalid RefComponent list
2025-08-29 11:06:56,427 [ERROR] Middleware:2950 - Invalid RefComponent list
2025-08-29 11:06:56,427 [ERROR] Middleware:2950 - Invalid RefComponent list
2025-08-29 11:06:56,427 [ERROR] Middleware:2950 - Invalid RefComponent list
2025-08-29 11:06:56,427 [ERROR] Middleware:2950 - Invalid RefComponent list
2025-08-29 11:06:56,427 [ERROR] Middleware:2950 - Invalid RefComponent list
2025-08-29 11:06:56,427 [ERROR] Middleware:2950 - Invalid RefComponent list
2025-08-29 11:06:56,427 [ERROR] Middleware:2950 - Invalid RefComponent list
2025-08-29 11:06:56,427 [ERROR] Middleware:2950 - Invalid RefComponent list
2025-08-29 11:06:56,427 [ERROR] Middleware:2950 - Invalid RefComponent list
2025-08-29 11:06:56,427 [ERROR] Middleware:2950 - Invalid RefComponent list
2025-08-29 11:06:56,427 [ERROR] Middleware:2950 - Invalid RefComponent list
2025-08-29 11:06:56,427 [ERROR] Middleware:2950 - Invalid RefComponent list
2025-08-29 11:06:56,427 [ERROR] Middleware:2950 - Invalid RefComponent list
2025-08-29 11:06:56,428 [ERROR] Middleware:2950 - Invalid RefComponent list
2025-08-29 11:06:56,428 [ERROR] Middleware:2950 - Invalid RefComponent list
2025-08-29 11:06:56,428 [ERROR] Middleware:2950 - Invalid RefComponent list
2025-08-29 11:06:56,428 [ERROR] Middleware:2950 - Invalid RefComponent list
2025-08-29 11:06:56,428 [ERROR] Middleware:2950 - Invalid RefComponent list
2025-08-29 11:06:56,428 [ERROR] Middleware:2950 - Invalid RefComponent list
2025-08-29 11:06:56,428 [ERROR] Middleware:2950 - Invalid RefComponent list
2025-08-29 11:06:56,428 [ERROR] Middleware:2950 - Invalid RefComponent list
2025-08-29 11:06:56,428 [ERROR] Middleware:2950 - Invalid RefComponent list
2025-08-29 11:06:56,447 [INFO] ProjectBuilder:5216 - Project Generator version: 4.7.0-B52
2025-08-29 11:06:56,505 [INFO] ConfigFileManager:1595 - The Die is : DIE486
2025-08-29 11:07:07,102 [INFO] ProjectBuilder:5056 - Time for Generating toolchain IDE Files: 10655mS.
2025-08-29 11:07:07,105 [INFO] ProjectBuilder:3463 - Time for Copy CMSIS : 1mS.
2025-08-29 11:07:07,118 [INFO] ProjectBuilder:3463 - Time for Copy CMSIS : 0mS.
2025-08-29 11:11:51,811 [INFO] WebApp:194 - Connection lost
2025-08-29 11:11:52,207 [INFO] WebApp:191 - Connection restablished
2025-08-29 11:38:23,304 [INFO] WebApp:194 - Connection lost
2025-08-29 11:38:23,675 [INFO] WebApp:191 - Connection restablished
2025-08-29 12:23:00,790 [INFO] WebApp:194 - Connection lost
2025-08-29 12:23:01,188 [INFO] WebApp:191 - Connection restablished
2025-08-29 12:26:01,775 [INFO] WebApp:194 - Connection lost
2025-08-29 12:26:02,176 [INFO] WebApp:191 - Connection restablished
2025-08-29 12:33:39,283 [INFO] WebApp:194 - Connection lost
2025-08-29 12:33:39,689 [INFO] WebApp:191 - Connection restablished
2025-08-29 12:36:40,300 [INFO] WebApp:194 - Connection lost
2025-08-29 12:36:40,662 [INFO] WebApp:191 - Connection restablished
2025-08-29 20:41:20,815 [INFO] WebApp:194 - Connection lost
2025-08-29 20:41:23,470 [INFO] WebApp:191 - Connection restablished
2025-08-29 20:48:25,017 [WARN] IP:2250 - Memorytype0 not found: check if there is a RefParameter without a condition.
2025-08-29 20:48:25,017 [WARN] IP:2250 - LL_DeviceAttribute20 not found: check if there is a RefParameter without a condition.
2025-08-29 20:48:25,017 [WARN] IP:2250 - DeviceAttribute0 not found: check if there is a RefParameter without a condition.
2025-08-29 20:48:25,017 [WARN] IP:2250 - DeviceAttribute20 not found: check if there is a RefParameter without a condition.
2025-08-29 20:48:25,018 [WARN] IP:2250 - DeviceAttribute1 not found: check if there is a RefParameter without a condition.
2025-08-29 20:48:25,018 [WARN] IP:2250 - Memorytype2 not found: check if there is a RefParameter without a condition.
2025-08-29 20:48:25,019 [WARN] IP:2250 - LL_DeviceAttribute22 not found: check if there is a RefParameter without a condition.
2025-08-29 20:48:25,019 [WARN] IP:2250 - DeviceAttribute2 not found: check if there is a RefParameter without a condition.
2025-08-29 20:48:25,019 [WARN] IP:2250 - Memorytype3 not found: check if there is a RefParameter without a condition.
2025-08-29 20:48:25,020 [WARN] IP:2250 - LL_DeviceAttribute23 not found: check if there is a RefParameter without a condition.
2025-08-29 20:48:25,020 [WARN] IP:2250 - DeviceAttribute3 not found: check if there is a RefParameter without a condition.
2025-08-29 20:48:25,020 [WARN] IP:2250 - Memorytype4 not found: check if there is a RefParameter without a condition.
2025-08-29 20:48:25,021 [WARN] IP:2250 - LL_DeviceAttribute24 not found: check if there is a RefParameter without a condition.
2025-08-29 20:48:25,021 [WARN] IP:2250 - DeviceAttribute4 not found: check if there is a RefParameter without a condition.
2025-08-29 20:48:25,022 [WARN] IP:2250 - Memorytype5 not found: check if there is a RefParameter without a condition.
2025-08-29 20:48:25,022 [WARN] IP:2250 - LL_DeviceAttribute25 not found: check if there is a RefParameter without a condition.
2025-08-29 20:48:25,022 [WARN] IP:2250 - DeviceAttribute5 not found: check if there is a RefParameter without a condition.
2025-08-29 20:48:25,022 [WARN] IP:2250 - Memorytype6 not found: check if there is a RefParameter without a condition.
2025-08-29 20:48:25,022 [WARN] IP:2250 - LL_DeviceAttribute26 not found: check if there is a RefParameter without a condition.
2025-08-29 20:48:25,023 [WARN] IP:2250 - DeviceAttribute6 not found: check if there is a RefParameter without a condition.
2025-08-29 20:48:25,023 [WARN] IP:2250 - Memorytype7 not found: check if there is a RefParameter without a condition.
2025-08-29 20:48:25,024 [WARN] IP:2250 - LL_DeviceAttribute27 not found: check if there is a RefParameter without a condition.
2025-08-29 20:48:25,024 [WARN] IP:2250 - DeviceAttribute7 not found: check if there is a RefParameter without a condition.
2025-08-29 20:49:42,781 [WARN] IP:2250 - Memorytype0 not found: check if there is a RefParameter without a condition.
2025-08-29 20:49:42,781 [WARN] IP:2250 - LL_DeviceAttribute20 not found: check if there is a RefParameter without a condition.
2025-08-29 20:49:42,781 [WARN] IP:2250 - DeviceAttribute0 not found: check if there is a RefParameter without a condition.
2025-08-29 20:49:42,781 [WARN] IP:2250 - DeviceAttribute20 not found: check if there is a RefParameter without a condition.
2025-08-29 20:49:42,781 [WARN] IP:2250 - DeviceAttribute1 not found: check if there is a RefParameter without a condition.
2025-08-29 20:49:42,781 [WARN] IP:2250 - Memorytype2 not found: check if there is a RefParameter without a condition.
2025-08-29 20:49:42,781 [WARN] IP:2250 - LL_DeviceAttribute22 not found: check if there is a RefParameter without a condition.
2025-08-29 20:49:42,782 [WARN] IP:2250 - DeviceAttribute2 not found: check if there is a RefParameter without a condition.
2025-08-29 20:49:42,782 [WARN] IP:2250 - Memorytype3 not found: check if there is a RefParameter without a condition.
2025-08-29 20:49:42,782 [WARN] IP:2250 - LL_DeviceAttribute23 not found: check if there is a RefParameter without a condition.
2025-08-29 20:49:42,782 [WARN] IP:2250 - DeviceAttribute3 not found: check if there is a RefParameter without a condition.
2025-08-29 20:49:42,782 [WARN] IP:2250 - Memorytype4 not found: check if there is a RefParameter without a condition.
2025-08-29 20:49:42,782 [WARN] IP:2250 - LL_DeviceAttribute24 not found: check if there is a RefParameter without a condition.
2025-08-29 20:49:42,782 [WARN] IP:2250 - DeviceAttribute4 not found: check if there is a RefParameter without a condition.
2025-08-29 20:49:42,782 [WARN] IP:2250 - Memorytype5 not found: check if there is a RefParameter without a condition.
2025-08-29 20:49:42,782 [WARN] IP:2250 - LL_DeviceAttribute25 not found: check if there is a RefParameter without a condition.
2025-08-29 20:49:42,782 [WARN] IP:2250 - DeviceAttribute5 not found: check if there is a RefParameter without a condition.
2025-08-29 20:49:42,782 [WARN] IP:2250 - Memorytype6 not found: check if there is a RefParameter without a condition.
2025-08-29 20:49:42,782 [WARN] IP:2250 - LL_DeviceAttribute26 not found: check if there is a RefParameter without a condition.
2025-08-29 20:49:42,782 [WARN] IP:2250 - DeviceAttribute6 not found: check if there is a RefParameter without a condition.
2025-08-29 20:49:42,782 [WARN] IP:2250 - Memorytype7 not found: check if there is a RefParameter without a condition.
2025-08-29 20:49:42,783 [WARN] IP:2250 - LL_DeviceAttribute27 not found: check if there is a RefParameter without a condition.
2025-08-29 20:49:42,783 [WARN] IP:2250 - DeviceAttribute7 not found: check if there is a RefParameter without a condition.
2025-08-29 20:49:45,539 [WARN] IP:2250 - Memorytype0 not found: check if there is a RefParameter without a condition.
2025-08-29 20:49:45,539 [WARN] IP:2250 - LL_DeviceAttribute20 not found: check if there is a RefParameter without a condition.
2025-08-29 20:49:45,539 [WARN] IP:2250 - DeviceAttribute0 not found: check if there is a RefParameter without a condition.
2025-08-29 20:49:45,539 [WARN] IP:2250 - DeviceAttribute20 not found: check if there is a RefParameter without a condition.
2025-08-29 20:49:45,539 [WARN] IP:2250 - DeviceAttribute1 not found: check if there is a RefParameter without a condition.
2025-08-29 20:49:45,540 [WARN] IP:2250 - Memorytype2 not found: check if there is a RefParameter without a condition.
2025-08-29 20:49:45,540 [WARN] IP:2250 - LL_DeviceAttribute22 not found: check if there is a RefParameter without a condition.
2025-08-29 20:49:45,540 [WARN] IP:2250 - DeviceAttribute2 not found: check if there is a RefParameter without a condition.
2025-08-29 20:49:45,540 [WARN] IP:2250 - Memorytype3 not found: check if there is a RefParameter without a condition.
2025-08-29 20:49:45,540 [WARN] IP:2250 - LL_DeviceAttribute23 not found: check if there is a RefParameter without a condition.
2025-08-29 20:49:45,540 [WARN] IP:2250 - DeviceAttribute3 not found: check if there is a RefParameter without a condition.
2025-08-29 20:49:45,540 [WARN] IP:2250 - Memorytype4 not found: check if there is a RefParameter without a condition.
2025-08-29 20:49:45,540 [WARN] IP:2250 - LL_DeviceAttribute24 not found: check if there is a RefParameter without a condition.
2025-08-29 20:49:45,540 [WARN] IP:2250 - DeviceAttribute4 not found: check if there is a RefParameter without a condition.
2025-08-29 20:49:45,540 [WARN] IP:2250 - Memorytype5 not found: check if there is a RefParameter without a condition.
2025-08-29 20:49:45,540 [WARN] IP:2250 - LL_DeviceAttribute25 not found: check if there is a RefParameter without a condition.
2025-08-29 20:49:45,540 [WARN] IP:2250 - DeviceAttribute5 not found: check if there is a RefParameter without a condition.
2025-08-29 20:49:45,540 [WARN] IP:2250 - Memorytype6 not found: check if there is a RefParameter without a condition.
2025-08-29 20:49:45,540 [WARN] IP:2250 - LL_DeviceAttribute26 not found: check if there is a RefParameter without a condition.
2025-08-29 20:49:45,540 [WARN] IP:2250 - DeviceAttribute6 not found: check if there is a RefParameter without a condition.
2025-08-29 20:49:45,540 [WARN] IP:2250 - Memorytype7 not found: check if there is a RefParameter without a condition.
2025-08-29 20:49:45,541 [WARN] IP:2250 - LL_DeviceAttribute27 not found: check if there is a RefParameter without a condition.
2025-08-29 20:49:45,541 [WARN] IP:2250 - DeviceAttribute7 not found: check if there is a RefParameter without a condition.
2025-08-29 20:50:24,751 [WARN] IP:2250 - Memorytype0 not found: check if there is a RefParameter without a condition.
2025-08-29 20:50:24,751 [WARN] IP:2250 - LL_DeviceAttribute20 not found: check if there is a RefParameter without a condition.
2025-08-29 20:50:24,751 [WARN] IP:2250 - DeviceAttribute0 not found: check if there is a RefParameter without a condition.
2025-08-29 20:50:24,751 [WARN] IP:2250 - DeviceAttribute20 not found: check if there is a RefParameter without a condition.
2025-08-29 20:50:24,751 [WARN] IP:2250 - DeviceAttribute1 not found: check if there is a RefParameter without a condition.
2025-08-29 20:50:24,751 [WARN] IP:2250 - Memorytype2 not found: check if there is a RefParameter without a condition.
2025-08-29 20:50:24,751 [WARN] IP:2250 - LL_DeviceAttribute22 not found: check if there is a RefParameter without a condition.
2025-08-29 20:50:24,751 [WARN] IP:2250 - DeviceAttribute2 not found: check if there is a RefParameter without a condition.
2025-08-29 20:50:24,751 [WARN] IP:2250 - Memorytype3 not found: check if there is a RefParameter without a condition.
2025-08-29 20:50:24,751 [WARN] IP:2250 - LL_DeviceAttribute23 not found: check if there is a RefParameter without a condition.
2025-08-29 20:50:24,751 [WARN] IP:2250 - DeviceAttribute3 not found: check if there is a RefParameter without a condition.
2025-08-29 20:50:24,752 [WARN] IP:2250 - Memorytype4 not found: check if there is a RefParameter without a condition.
2025-08-29 20:50:24,752 [WARN] IP:2250 - LL_DeviceAttribute24 not found: check if there is a RefParameter without a condition.
2025-08-29 20:50:24,752 [WARN] IP:2250 - DeviceAttribute4 not found: check if there is a RefParameter without a condition.
2025-08-29 20:50:24,752 [WARN] IP:2250 - Memorytype5 not found: check if there is a RefParameter without a condition.
2025-08-29 20:50:24,752 [WARN] IP:2250 - LL_DeviceAttribute25 not found: check if there is a RefParameter without a condition.
2025-08-29 20:50:24,752 [WARN] IP:2250 - DeviceAttribute5 not found: check if there is a RefParameter without a condition.
2025-08-29 20:50:24,752 [WARN] IP:2250 - Memorytype6 not found: check if there is a RefParameter without a condition.
2025-08-29 20:50:24,752 [WARN] IP:2250 - LL_DeviceAttribute26 not found: check if there is a RefParameter without a condition.
2025-08-29 20:50:24,752 [WARN] IP:2250 - DeviceAttribute6 not found: check if there is a RefParameter without a condition.
2025-08-29 20:50:24,752 [WARN] IP:2250 - Memorytype7 not found: check if there is a RefParameter without a condition.
2025-08-29 20:50:24,752 [WARN] IP:2250 - LL_DeviceAttribute27 not found: check if there is a RefParameter without a condition.
2025-08-29 20:50:24,752 [WARN] IP:2250 - DeviceAttribute7 not found: check if there is a RefParameter without a condition.
2025-08-29 20:51:44,987 [WARN] IP:2250 - RefParam_XIP_memory not found: check if there is a RefParameter without a condition.
2025-08-29 20:51:44,988 [WARN] IP:2250 - RefParam_MEMORY_1_Size not found: check if there is a RefParameter without a condition.
2025-08-29 20:51:44,988 [WARN] IP:2250 - RefParam_MEMORY_1_FreqMax not found: check if there is a RefParameter without a condition.
2025-08-29 20:51:44,988 [WARN] IP:2250 - RefParam_MEMORY_1_ReadReg not found: check if there is a RefParameter without a condition.
2025-08-29 20:51:44,988 [WARN] IP:2250 - RefParam_MEMORY_1_WriteReg not found: check if there is a RefParameter without a condition.
2025-08-29 20:51:44,988 [WARN] IP:2250 - RefParam_MEMORY_1_RegSize not found: check if there is a RefParameter without a condition.
2025-08-29 20:51:44,988 [WARN] IP:2250 - RefParam_MEMORY_1_RegDummyCycle not found: check if there is a RefParameter without a condition.
2025-08-29 20:51:44,988 [WARN] IP:2250 - RefParam_MEMORY_1_WriteCommand not found: check if there is a RefParameter without a condition.
2025-08-29 20:51:44,988 [WARN] IP:2250 - RefParam_MEMORY_1_WriteDummyCycle not found: check if there is a RefParameter without a condition.
2025-08-29 20:51:44,988 [WARN] IP:2250 - RefParam_MEMORY_1_ReadCommand not found: check if there is a RefParameter without a condition.
2025-08-29 20:51:44,988 [WARN] IP:2250 - RefParam_MEMORY_1_WrapReadCommand not found: check if there is a RefParameter without a condition.
2025-08-29 20:51:44,988 [WARN] IP:2250 - RefParam_MEMORY_1_ReadDummyCycle not found: check if there is a RefParameter without a condition.
2025-08-29 20:51:44,988 [WARN] IP:2250 - RefParam_MEMORY_1_NumberOfConfig not found: check if there is a RefParameter without a condition.
2025-08-29 20:51:44,988 [WARN] IP:2250 - RefParam_MEMORY_1_Config1_WriteMask not found: check if there is a RefParameter without a condition.
2025-08-29 20:51:44,988 [WARN] IP:2250 - RefParam_MEMORY_1_Config1_WriteValue not found: check if there is a RefParameter without a condition.
2025-08-29 20:51:44,988 [WARN] IP:2250 - RefParam_MEMORY_1_Config1_RegAddress not found: check if there is a RefParameter without a condition.
2025-08-29 20:51:44,988 [WARN] IP:2250 - RefParam_MEMORY_1_Config2_WriteMask not found: check if there is a RefParameter without a condition.
2025-08-29 20:51:44,988 [WARN] IP:2250 - RefParam_MEMORY_1_Config2_WriteValue not found: check if there is a RefParameter without a condition.
2025-08-29 20:51:44,988 [WARN] IP:2250 - RefParam_MEMORY_1_Config2_RegAddress not found: check if there is a RefParameter without a condition.
2025-08-29 20:51:44,988 [WARN] IP:2250 - RefParam_MEMORY_1_Config3_WriteMask not found: check if there is a RefParameter without a condition.
2025-08-29 20:51:44,989 [WARN] IP:2250 - RefParam_MEMORY_1_Config3_WriteValue not found: check if there is a RefParameter without a condition.
2025-08-29 20:51:44,989 [WARN] IP:2250 - RefParam_MEMORY_1_Config3_RegAddress not found: check if there is a RefParameter without a condition.
2025-08-29 20:51:44,989 [WARN] IP:2250 - RefParam_MEMORY_2_Instance not found: check if there is a RefParameter without a condition.
2025-08-29 20:51:44,989 [WARN] IP:2250 - RefParam_MEMORY_2_ConfigType not found: check if there is a RefParameter without a condition.
2025-08-29 20:51:44,989 [WARN] IP:2250 - RefParam_MEMORY_2_Size not found: check if there is a RefParameter without a condition.
2025-08-29 20:51:44,989 [WARN] IP:2250 - RefParam_MEMORY_2_FreqMax not found: check if there is a RefParameter without a condition.
2025-08-29 20:51:44,989 [WARN] IP:2250 - RefParam_MEMORY_2_ReadReg not found: check if there is a RefParameter without a condition.
2025-08-29 20:51:44,989 [WARN] IP:2250 - RefParam_MEMORY_2_WriteReg not found: check if there is a RefParameter without a condition.
2025-08-29 20:51:44,989 [WARN] IP:2250 - RefParam_MEMORY_2_RegSize not found: check if there is a RefParameter without a condition.
2025-08-29 20:51:44,989 [WARN] IP:2250 - RefParam_MEMORY_2_RegDummyCycle not found: check if there is a RefParameter without a condition.
2025-08-29 20:51:44,989 [WARN] IP:2250 - RefParam_MEMORY_2_WriteCommand not found: check if there is a RefParameter without a condition.
2025-08-29 20:51:44,989 [WARN] IP:2250 - RefParam_MEMORY_2_WriteDummyCycle not found: check if there is a RefParameter without a condition.
2025-08-29 20:51:44,989 [WARN] IP:2250 - RefParam_MEMORY_2_ReadCommand not found: check if there is a RefParameter without a condition.
2025-08-29 20:51:44,989 [WARN] IP:2250 - RefParam_MEMORY_2_WrapReadCommand not found: check if there is a RefParameter without a condition.
2025-08-29 20:51:44,989 [WARN] IP:2250 - RefParam_MEMORY_2_ReadDummyCycle not found: check if there is a RefParameter without a condition.
2025-08-29 20:51:44,989 [WARN] IP:2250 - RefParam_MEMORY_2_NumberOfConfig not found: check if there is a RefParameter without a condition.
2025-08-29 20:51:44,989 [WARN] IP:2250 - RefParam_MEMORY_2_Config1_WriteMask not found: check if there is a RefParameter without a condition.
2025-08-29 20:51:44,989 [WARN] IP:2250 - RefParam_MEMORY_2_Config1_WriteValue not found: check if there is a RefParameter without a condition.
2025-08-29 20:51:44,989 [WARN] IP:2250 - RefParam_MEMORY_2_Config1_RegAddress not found: check if there is a RefParameter without a condition.
2025-08-29 20:51:44,989 [WARN] IP:2250 - RefParam_MEMORY_2_Config2_WriteMask not found: check if there is a RefParameter without a condition.
2025-08-29 20:51:44,989 [WARN] IP:2250 - RefParam_MEMORY_2_Config2_WriteValue not found: check if there is a RefParameter without a condition.
2025-08-29 20:51:44,989 [WARN] IP:2250 - RefParam_MEMORY_2_Config2_RegAddress not found: check if there is a RefParameter without a condition.
2025-08-29 20:51:44,989 [WARN] IP:2250 - RefParam_MEMORY_2_Config3_WriteMask not found: check if there is a RefParameter without a condition.
2025-08-29 20:51:44,989 [WARN] IP:2250 - RefParam_MEMORY_2_Config3_WriteValue not found: check if there is a RefParameter without a condition.
2025-08-29 20:51:44,989 [WARN] IP:2250 - RefParam_MEMORY_2_Config3_RegAddress not found: check if there is a RefParameter without a condition.
2025-08-29 20:51:45,029 [WARN] IP:2250 - Memorytype0 not found: check if there is a RefParameter without a condition.
2025-08-29 20:51:45,030 [WARN] IP:2250 - LL_DeviceAttribute20 not found: check if there is a RefParameter without a condition.
2025-08-29 20:51:45,030 [WARN] IP:2250 - DeviceAttribute0 not found: check if there is a RefParameter without a condition.
2025-08-29 20:51:45,030 [WARN] IP:2250 - DeviceAttribute20 not found: check if there is a RefParameter without a condition.
2025-08-29 20:51:45,030 [WARN] IP:2250 - DeviceAttribute1 not found: check if there is a RefParameter without a condition.
2025-08-29 20:51:45,030 [WARN] IP:2250 - Memorytype2 not found: check if there is a RefParameter without a condition.
2025-08-29 20:51:45,030 [WARN] IP:2250 - LL_DeviceAttribute22 not found: check if there is a RefParameter without a condition.
2025-08-29 20:51:45,030 [WARN] IP:2250 - DeviceAttribute2 not found: check if there is a RefParameter without a condition.
2025-08-29 20:51:45,031 [WARN] IP:2250 - Memorytype3 not found: check if there is a RefParameter without a condition.
2025-08-29 20:51:45,031 [WARN] IP:2250 - LL_DeviceAttribute23 not found: check if there is a RefParameter without a condition.
2025-08-29 20:51:45,031 [WARN] IP:2250 - DeviceAttribute3 not found: check if there is a RefParameter without a condition.
2025-08-29 20:51:45,031 [WARN] IP:2250 - Memorytype4 not found: check if there is a RefParameter without a condition.
2025-08-29 20:51:45,031 [WARN] IP:2250 - LL_DeviceAttribute24 not found: check if there is a RefParameter without a condition.
2025-08-29 20:51:45,031 [WARN] IP:2250 - DeviceAttribute4 not found: check if there is a RefParameter without a condition.
2025-08-29 20:51:45,031 [WARN] IP:2250 - Memorytype5 not found: check if there is a RefParameter without a condition.
2025-08-29 20:51:45,031 [WARN] IP:2250 - LL_DeviceAttribute25 not found: check if there is a RefParameter without a condition.
2025-08-29 20:51:45,031 [WARN] IP:2250 - DeviceAttribute5 not found: check if there is a RefParameter without a condition.
2025-08-29 20:51:45,031 [WARN] IP:2250 - Memorytype6 not found: check if there is a RefParameter without a condition.
2025-08-29 20:51:45,031 [WARN] IP:2250 - LL_DeviceAttribute26 not found: check if there is a RefParameter without a condition.
2025-08-29 20:51:45,031 [WARN] IP:2250 - DeviceAttribute6 not found: check if there is a RefParameter without a condition.
2025-08-29 20:51:45,031 [WARN] IP:2250 - Memorytype7 not found: check if there is a RefParameter without a condition.
2025-08-29 20:51:45,031 [WARN] IP:2250 - LL_DeviceAttribute27 not found: check if there is a RefParameter without a condition.
2025-08-29 20:51:45,031 [WARN] IP:2250 - DeviceAttribute7 not found: check if there is a RefParameter without a condition.
2025-08-29 20:54:37,238 [WARN] IP:2250 - Memorytype0 not found: check if there is a RefParameter without a condition.
2025-08-29 20:54:37,239 [WARN] IP:2250 - LL_DeviceAttribute20 not found: check if there is a RefParameter without a condition.
2025-08-29 20:54:37,239 [WARN] IP:2250 - DeviceAttribute0 not found: check if there is a RefParameter without a condition.
2025-08-29 20:54:37,239 [WARN] IP:2250 - DeviceAttribute20 not found: check if there is a RefParameter without a condition.
2025-08-29 20:54:37,239 [WARN] IP:2250 - DeviceAttribute1 not found: check if there is a RefParameter without a condition.
2025-08-29 20:54:37,239 [WARN] IP:2250 - Memorytype2 not found: check if there is a RefParameter without a condition.
2025-08-29 20:54:37,239 [WARN] IP:2250 - LL_DeviceAttribute22 not found: check if there is a RefParameter without a condition.
2025-08-29 20:54:37,239 [WARN] IP:2250 - DeviceAttribute2 not found: check if there is a RefParameter without a condition.
2025-08-29 20:54:37,239 [WARN] IP:2250 - Memorytype3 not found: check if there is a RefParameter without a condition.
2025-08-29 20:54:37,239 [WARN] IP:2250 - LL_DeviceAttribute23 not found: check if there is a RefParameter without a condition.
2025-08-29 20:54:37,239 [WARN] IP:2250 - DeviceAttribute3 not found: check if there is a RefParameter without a condition.
2025-08-29 20:54:37,239 [WARN] IP:2250 - Memorytype4 not found: check if there is a RefParameter without a condition.
2025-08-29 20:54:37,239 [WARN] IP:2250 - LL_DeviceAttribute24 not found: check if there is a RefParameter without a condition.
2025-08-29 20:54:37,239 [WARN] IP:2250 - DeviceAttribute4 not found: check if there is a RefParameter without a condition.
2025-08-29 20:54:37,239 [WARN] IP:2250 - Memorytype5 not found: check if there is a RefParameter without a condition.
2025-08-29 20:54:37,239 [WARN] IP:2250 - LL_DeviceAttribute25 not found: check if there is a RefParameter without a condition.
2025-08-29 20:54:37,239 [WARN] IP:2250 - DeviceAttribute5 not found: check if there is a RefParameter without a condition.
2025-08-29 20:54:37,239 [WARN] IP:2250 - Memorytype6 not found: check if there is a RefParameter without a condition.
2025-08-29 20:54:37,239 [WARN] IP:2250 - LL_DeviceAttribute26 not found: check if there is a RefParameter without a condition.
2025-08-29 20:54:37,239 [WARN] IP:2250 - DeviceAttribute6 not found: check if there is a RefParameter without a condition.
2025-08-29 20:54:37,239 [WARN] IP:2250 - Memorytype7 not found: check if there is a RefParameter without a condition.
2025-08-29 20:54:37,239 [WARN] IP:2250 - LL_DeviceAttribute27 not found: check if there is a RefParameter without a condition.
2025-08-29 20:54:37,239 [WARN] IP:2250 - DeviceAttribute7 not found: check if there is a RefParameter without a condition.
2025-08-29 20:57:29,396 [WARN] IP:2250 - Memorytype0 not found: check if there is a RefParameter without a condition.
2025-08-29 20:57:29,396 [WARN] IP:2250 - LL_DeviceAttribute20 not found: check if there is a RefParameter without a condition.
2025-08-29 20:57:29,396 [WARN] IP:2250 - DeviceAttribute0 not found: check if there is a RefParameter without a condition.
2025-08-29 20:57:29,396 [WARN] IP:2250 - DeviceAttribute20 not found: check if there is a RefParameter without a condition.
2025-08-29 20:57:29,396 [WARN] IP:2250 - DeviceAttribute1 not found: check if there is a RefParameter without a condition.
2025-08-29 20:57:29,396 [WARN] IP:2250 - Memorytype2 not found: check if there is a RefParameter without a condition.
2025-08-29 20:57:29,396 [WARN] IP:2250 - LL_DeviceAttribute22 not found: check if there is a RefParameter without a condition.
2025-08-29 20:57:29,396 [WARN] IP:2250 - DeviceAttribute2 not found: check if there is a RefParameter without a condition.
2025-08-29 20:57:29,396 [WARN] IP:2250 - Memorytype3 not found: check if there is a RefParameter without a condition.
2025-08-29 20:57:29,397 [WARN] IP:2250 - LL_DeviceAttribute23 not found: check if there is a RefParameter without a condition.
2025-08-29 20:57:29,397 [WARN] IP:2250 - DeviceAttribute3 not found: check if there is a RefParameter without a condition.
2025-08-29 20:57:29,397 [WARN] IP:2250 - Memorytype4 not found: check if there is a RefParameter without a condition.
2025-08-29 20:57:29,397 [WARN] IP:2250 - LL_DeviceAttribute24 not found: check if there is a RefParameter without a condition.
2025-08-29 20:57:29,397 [WARN] IP:2250 - DeviceAttribute4 not found: check if there is a RefParameter without a condition.
2025-08-29 20:57:29,397 [WARN] IP:2250 - Memorytype5 not found: check if there is a RefParameter without a condition.
2025-08-29 20:57:29,397 [WARN] IP:2250 - LL_DeviceAttribute25 not found: check if there is a RefParameter without a condition.
2025-08-29 20:57:29,397 [WARN] IP:2250 - DeviceAttribute5 not found: check if there is a RefParameter without a condition.
2025-08-29 20:57:29,397 [WARN] IP:2250 - Memorytype6 not found: check if there is a RefParameter without a condition.
2025-08-29 20:57:29,397 [WARN] IP:2250 - LL_DeviceAttribute26 not found: check if there is a RefParameter without a condition.
2025-08-29 20:57:29,397 [WARN] IP:2250 - DeviceAttribute6 not found: check if there is a RefParameter without a condition.
2025-08-29 20:57:29,397 [WARN] IP:2250 - Memorytype7 not found: check if there is a RefParameter without a condition.
2025-08-29 20:57:29,397 [WARN] IP:2250 - LL_DeviceAttribute27 not found: check if there is a RefParameter without a condition.
2025-08-29 20:57:29,397 [WARN] IP:2250 - DeviceAttribute7 not found: check if there is a RefParameter without a condition.
2025-08-29 20:58:06,038 [WARN] IP:2250 - Memorytype0 not found: check if there is a RefParameter without a condition.
2025-08-29 20:58:06,038 [WARN] IP:2250 - LL_DeviceAttribute20 not found: check if there is a RefParameter without a condition.
2025-08-29 20:58:06,038 [WARN] IP:2250 - DeviceAttribute0 not found: check if there is a RefParameter without a condition.
2025-08-29 20:58:06,038 [WARN] IP:2250 - DeviceAttribute20 not found: check if there is a RefParameter without a condition.
2025-08-29 20:58:06,038 [WARN] IP:2250 - DeviceAttribute1 not found: check if there is a RefParameter without a condition.
2025-08-29 20:58:06,038 [WARN] IP:2250 - Memorytype2 not found: check if there is a RefParameter without a condition.
2025-08-29 20:58:06,038 [WARN] IP:2250 - LL_DeviceAttribute22 not found: check if there is a RefParameter without a condition.
2025-08-29 20:58:06,038 [WARN] IP:2250 - DeviceAttribute2 not found: check if there is a RefParameter without a condition.
2025-08-29 20:58:06,038 [WARN] IP:2250 - Memorytype3 not found: check if there is a RefParameter without a condition.
2025-08-29 20:58:06,038 [WARN] IP:2250 - LL_DeviceAttribute23 not found: check if there is a RefParameter without a condition.
2025-08-29 20:58:06,038 [WARN] IP:2250 - DeviceAttribute3 not found: check if there is a RefParameter without a condition.
2025-08-29 20:58:06,038 [WARN] IP:2250 - Memorytype4 not found: check if there is a RefParameter without a condition.
2025-08-29 20:58:06,038 [WARN] IP:2250 - LL_DeviceAttribute24 not found: check if there is a RefParameter without a condition.
2025-08-29 20:58:06,038 [WARN] IP:2250 - DeviceAttribute4 not found: check if there is a RefParameter without a condition.
2025-08-29 20:58:06,038 [WARN] IP:2250 - Memorytype5 not found: check if there is a RefParameter without a condition.
2025-08-29 20:58:06,038 [WARN] IP:2250 - LL_DeviceAttribute25 not found: check if there is a RefParameter without a condition.
2025-08-29 20:58:06,038 [WARN] IP:2250 - DeviceAttribute5 not found: check if there is a RefParameter without a condition.
2025-08-29 20:58:06,038 [WARN] IP:2250 - Memorytype6 not found: check if there is a RefParameter without a condition.
2025-08-29 20:58:06,038 [WARN] IP:2250 - LL_DeviceAttribute26 not found: check if there is a RefParameter without a condition.
2025-08-29 20:58:06,038 [WARN] IP:2250 - DeviceAttribute6 not found: check if there is a RefParameter without a condition.
2025-08-29 20:58:06,038 [WARN] IP:2250 - Memorytype7 not found: check if there is a RefParameter without a condition.
2025-08-29 20:58:06,038 [WARN] IP:2250 - LL_DeviceAttribute27 not found: check if there is a RefParameter without a condition.
2025-08-29 20:58:06,038 [WARN] IP:2250 - DeviceAttribute7 not found: check if there is a RefParameter without a condition.
2025-08-29 20:58:34,148 [WARN] IP:2250 - Memorytype0 not found: check if there is a RefParameter without a condition.
2025-08-29 20:58:34,148 [WARN] IP:2250 - LL_DeviceAttribute20 not found: check if there is a RefParameter without a condition.
2025-08-29 20:58:34,148 [WARN] IP:2250 - DeviceAttribute0 not found: check if there is a RefParameter without a condition.
2025-08-29 20:58:34,148 [WARN] IP:2250 - DeviceAttribute20 not found: check if there is a RefParameter without a condition.
2025-08-29 20:58:34,148 [WARN] IP:2250 - DeviceAttribute1 not found: check if there is a RefParameter without a condition.
2025-08-29 20:58:34,148 [WARN] IP:2250 - Memorytype2 not found: check if there is a RefParameter without a condition.
2025-08-29 20:58:34,148 [WARN] IP:2250 - LL_DeviceAttribute22 not found: check if there is a RefParameter without a condition.
2025-08-29 20:58:34,149 [WARN] IP:2250 - DeviceAttribute2 not found: check if there is a RefParameter without a condition.
2025-08-29 20:58:34,149 [WARN] IP:2250 - Memorytype3 not found: check if there is a RefParameter without a condition.
2025-08-29 20:58:34,149 [WARN] IP:2250 - LL_DeviceAttribute23 not found: check if there is a RefParameter without a condition.
2025-08-29 20:58:34,149 [WARN] IP:2250 - DeviceAttribute3 not found: check if there is a RefParameter without a condition.
2025-08-29 20:58:34,149 [WARN] IP:2250 - Memorytype4 not found: check if there is a RefParameter without a condition.
2025-08-29 20:58:34,149 [WARN] IP:2250 - LL_DeviceAttribute24 not found: check if there is a RefParameter without a condition.
2025-08-29 20:58:34,149 [WARN] IP:2250 - DeviceAttribute4 not found: check if there is a RefParameter without a condition.
2025-08-29 20:58:34,149 [WARN] IP:2250 - Memorytype5 not found: check if there is a RefParameter without a condition.
2025-08-29 20:58:34,149 [WARN] IP:2250 - LL_DeviceAttribute25 not found: check if there is a RefParameter without a condition.
2025-08-29 20:58:34,149 [WARN] IP:2250 - DeviceAttribute5 not found: check if there is a RefParameter without a condition.
2025-08-29 20:58:34,149 [WARN] IP:2250 - Memorytype6 not found: check if there is a RefParameter without a condition.
2025-08-29 20:58:34,149 [WARN] IP:2250 - LL_DeviceAttribute26 not found: check if there is a RefParameter without a condition.
2025-08-29 20:58:34,149 [WARN] IP:2250 - DeviceAttribute6 not found: check if there is a RefParameter without a condition.
2025-08-29 20:58:34,149 [WARN] IP:2250 - Memorytype7 not found: check if there is a RefParameter without a condition.
2025-08-29 20:58:34,149 [WARN] IP:2250 - LL_DeviceAttribute27 not found: check if there is a RefParameter without a condition.
2025-08-29 20:58:34,149 [WARN] IP:2250 - DeviceAttribute7 not found: check if there is a RefParameter without a condition.
2025-08-29 21:00:38,091 [INFO] UtilMem:75 - End SaveConfig() Used Memory: 668433872 Bytes (1073741824)
2025-08-29 21:00:39,418 [INFO] UtilMem:75 - End SaveConfig() Used Memory: 726585008 Bytes (1073741824)
2025-08-29 21:00:39,749 [ERROR] IocParser:95 - Exception caught: null
2025-08-29 21:00:42,445 [INFO] UtilMem:75 - End SaveConfig() Used Memory: 926336824 Bytes (1073741824)
2025-08-29 21:00:43,319 [ERROR] IocParser:95 - Exception caught: null
2025-08-29 21:00:43,537 [INFO] BlockDiagram:2775 - set Specific Code input for plugin: EXTMEM_MANAGER
2025-08-29 21:00:43,537 [INFO] BlockDiagram:2775 - set Specific Code input for plugin: RAMCFG
2025-08-29 21:00:43,537 [INFO] BlockDiagram:2775 - set Specific Code input for plugin: CORTEX_M55_S
2025-08-29 21:00:43,537 [INFO] BlockDiagram:2775 - set Specific Code input for plugin: RCC
2025-08-29 21:00:43,537 [INFO] BlockDiagram:2775 - set Specific Code input for plugin: CORTEX_M55_FSBL
2025-08-29 21:00:43,537 [INFO] BlockDiagram:2775 - set Specific Code input for plugin: XSPIM
2025-08-29 21:00:43,537 [INFO] BlockDiagram:2775 - set Specific Code input for plugin: GPDMA
2025-08-29 21:00:43,537 [INFO] BlockDiagram:2775 - set Specific Code input for plugin: STMicroelectronics.X-CUBE-AI.10.2.0
2025-08-29 21:00:43,537 [INFO] BlockDiagram:2775 - set Specific Code input for plugin: XSPI
2025-08-29 21:00:43,537 [INFO] BlockDiagram:2775 - set Specific Code input for plugin: NUCLEO-N657X0-Q
2025-08-29 21:00:43,537 [INFO] BlockDiagram:2775 - set Specific Code input for plugin: TIM1_8N6
2025-08-29 21:00:43,537 [INFO] BlockDiagram:2775 - set Specific Code input for plugin: CACHEAXI
2025-08-29 21:00:43,537 [INFO] BlockDiagram:2775 - set Specific Code input for plugin: BSEC
2025-08-29 21:00:43,537 [INFO] BlockDiagram:2775 - set Specific Code input for plugin: LPUART
2025-08-29 21:00:43,537 [INFO] BlockDiagram:2775 - set Specific Code input for plugin: NVIC
2025-08-29 21:00:43,538 [INFO] BlockDiagram:2775 - set Specific Code input for plugin: GPIO
2025-08-29 21:00:43,538 [INFO] BlockDiagram:2775 - set Specific Code input for plugin: RIF
2025-08-29 21:00:43,538 [INFO] BlockDiagram:2775 - set Specific Code input for plugin: NVIC1
2025-08-29 21:00:43,542 [INFO] CodeGenerator:892 - code generatio: config db path: C:\ST\STM32CubeIDE_1.19.0\STM32CubeIDE\plugins\com.st.stm32cube.common.mx_6.15.0.202507011659\\db\
2025-08-29 21:00:43,600 [WARN] IP:2250 - Memorytype0 not found: check if there is a RefParameter without a condition.
2025-08-29 21:00:43,602 [WARN] IP:2250 - LL_DeviceAttribute20 not found: check if there is a RefParameter without a condition.
2025-08-29 21:00:43,602 [WARN] IP:2250 - DeviceAttribute0 not found: check if there is a RefParameter without a condition.
2025-08-29 21:00:43,602 [WARN] IP:2250 - DeviceAttribute20 not found: check if there is a RefParameter without a condition.
2025-08-29 21:00:43,602 [WARN] IP:2250 - DeviceAttribute1 not found: check if there is a RefParameter without a condition.
2025-08-29 21:00:43,602 [WARN] IP:2250 - Memorytype2 not found: check if there is a RefParameter without a condition.
2025-08-29 21:00:43,602 [WARN] IP:2250 - LL_DeviceAttribute22 not found: check if there is a RefParameter without a condition.
2025-08-29 21:00:43,602 [WARN] IP:2250 - DeviceAttribute2 not found: check if there is a RefParameter without a condition.
2025-08-29 21:00:43,602 [WARN] IP:2250 - Memorytype3 not found: check if there is a RefParameter without a condition.
2025-08-29 21:00:43,602 [WARN] IP:2250 - LL_DeviceAttribute23 not found: check if there is a RefParameter without a condition.
2025-08-29 21:00:43,602 [WARN] IP:2250 - DeviceAttribute3 not found: check if there is a RefParameter without a condition.
2025-08-29 21:00:43,603 [WARN] IP:2250 - Memorytype4 not found: check if there is a RefParameter without a condition.
2025-08-29 21:00:43,603 [WARN] IP:2250 - LL_DeviceAttribute24 not found: check if there is a RefParameter without a condition.
2025-08-29 21:00:43,603 [WARN] IP:2250 - DeviceAttribute4 not found: check if there is a RefParameter without a condition.
2025-08-29 21:00:43,603 [WARN] IP:2250 - Memorytype5 not found: check if there is a RefParameter without a condition.
2025-08-29 21:00:43,603 [WARN] IP:2250 - LL_DeviceAttribute25 not found: check if there is a RefParameter without a condition.
2025-08-29 21:00:43,603 [WARN] IP:2250 - DeviceAttribute5 not found: check if there is a RefParameter without a condition.
2025-08-29 21:00:43,603 [WARN] IP:2250 - Memorytype6 not found: check if there is a RefParameter without a condition.
2025-08-29 21:00:43,603 [WARN] IP:2250 - LL_DeviceAttribute26 not found: check if there is a RefParameter without a condition.
2025-08-29 21:00:43,603 [WARN] IP:2250 - DeviceAttribute6 not found: check if there is a RefParameter without a condition.
2025-08-29 21:00:43,603 [WARN] IP:2250 - Memorytype7 not found: check if there is a RefParameter without a condition.
2025-08-29 21:00:43,603 [WARN] IP:2250 - LL_DeviceAttribute27 not found: check if there is a RefParameter without a condition.
2025-08-29 21:00:43,603 [WARN] IP:2250 - DeviceAttribute7 not found: check if there is a RefParameter without a condition.
2025-08-29 21:00:43,611 [WARN] IP:2250 - RefParam_XIP_memory not found: check if there is a RefParameter without a condition.
2025-08-29 21:00:43,612 [WARN] IP:2250 - RefParam_MEMORY_1_Size not found: check if there is a RefParameter without a condition.
2025-08-29 21:00:43,612 [WARN] IP:2250 - RefParam_MEMORY_1_FreqMax not found: check if there is a RefParameter without a condition.
2025-08-29 21:00:43,612 [WARN] IP:2250 - RefParam_MEMORY_1_ReadReg not found: check if there is a RefParameter without a condition.
2025-08-29 21:00:43,612 [WARN] IP:2250 - RefParam_MEMORY_1_WriteReg not found: check if there is a RefParameter without a condition.
2025-08-29 21:00:43,612 [WARN] IP:2250 - RefParam_MEMORY_1_RegSize not found: check if there is a RefParameter without a condition.
2025-08-29 21:00:43,612 [WARN] IP:2250 - RefParam_MEMORY_1_RegDummyCycle not found: check if there is a RefParameter without a condition.
2025-08-29 21:00:43,612 [WARN] IP:2250 - RefParam_MEMORY_1_WriteCommand not found: check if there is a RefParameter without a condition.
2025-08-29 21:00:43,612 [WARN] IP:2250 - RefParam_MEMORY_1_WriteDummyCycle not found: check if there is a RefParameter without a condition.
2025-08-29 21:00:43,612 [WARN] IP:2250 - RefParam_MEMORY_1_ReadCommand not found: check if there is a RefParameter without a condition.
2025-08-29 21:00:43,612 [WARN] IP:2250 - RefParam_MEMORY_1_WrapReadCommand not found: check if there is a RefParameter without a condition.
2025-08-29 21:00:43,612 [WARN] IP:2250 - RefParam_MEMORY_1_ReadDummyCycle not found: check if there is a RefParameter without a condition.
2025-08-29 21:00:43,612 [WARN] IP:2250 - RefParam_MEMORY_1_NumberOfConfig not found: check if there is a RefParameter without a condition.
2025-08-29 21:00:43,612 [WARN] IP:2250 - RefParam_MEMORY_1_Config1_WriteMask not found: check if there is a RefParameter without a condition.
2025-08-29 21:00:43,612 [WARN] IP:2250 - RefParam_MEMORY_1_Config1_WriteValue not found: check if there is a RefParameter without a condition.
2025-08-29 21:00:43,612 [WARN] IP:2250 - RefParam_MEMORY_1_Config1_RegAddress not found: check if there is a RefParameter without a condition.
2025-08-29 21:00:43,612 [WARN] IP:2250 - RefParam_MEMORY_1_Config2_WriteMask not found: check if there is a RefParameter without a condition.
2025-08-29 21:00:43,612 [WARN] IP:2250 - RefParam_MEMORY_1_Config2_WriteValue not found: check if there is a RefParameter without a condition.
2025-08-29 21:00:43,612 [WARN] IP:2250 - RefParam_MEMORY_1_Config2_RegAddress not found: check if there is a RefParameter without a condition.
2025-08-29 21:00:43,612 [WARN] IP:2250 - RefParam_MEMORY_1_Config3_WriteMask not found: check if there is a RefParameter without a condition.
2025-08-29 21:00:43,612 [WARN] IP:2250 - RefParam_MEMORY_1_Config3_WriteValue not found: check if there is a RefParameter without a condition.
2025-08-29 21:00:43,612 [WARN] IP:2250 - RefParam_MEMORY_1_Config3_RegAddress not found: check if there is a RefParameter without a condition.
2025-08-29 21:00:43,612 [WARN] IP:2250 - RefParam_MEMORY_2_Instance not found: check if there is a RefParameter without a condition.
2025-08-29 21:00:43,613 [WARN] IP:2250 - RefParam_MEMORY_2_ConfigType not found: check if there is a RefParameter without a condition.
2025-08-29 21:00:43,613 [WARN] IP:2250 - RefParam_MEMORY_2_Size not found: check if there is a RefParameter without a condition.
2025-08-29 21:00:43,613 [WARN] IP:2250 - RefParam_MEMORY_2_FreqMax not found: check if there is a RefParameter without a condition.
2025-08-29 21:00:43,613 [WARN] IP:2250 - RefParam_MEMORY_2_ReadReg not found: check if there is a RefParameter without a condition.
2025-08-29 21:00:43,613 [WARN] IP:2250 - RefParam_MEMORY_2_WriteReg not found: check if there is a RefParameter without a condition.
2025-08-29 21:00:43,613 [WARN] IP:2250 - RefParam_MEMORY_2_RegSize not found: check if there is a RefParameter without a condition.
2025-08-29 21:00:43,613 [WARN] IP:2250 - RefParam_MEMORY_2_RegDummyCycle not found: check if there is a RefParameter without a condition.
2025-08-29 21:00:43,613 [WARN] IP:2250 - RefParam_MEMORY_2_WriteCommand not found: check if there is a RefParameter without a condition.
2025-08-29 21:00:43,613 [WARN] IP:2250 - RefParam_MEMORY_2_WriteDummyCycle not found: check if there is a RefParameter without a condition.
2025-08-29 21:00:43,613 [WARN] IP:2250 - RefParam_MEMORY_2_ReadCommand not found: check if there is a RefParameter without a condition.
2025-08-29 21:00:43,613 [WARN] IP:2250 - RefParam_MEMORY_2_WrapReadCommand not found: check if there is a RefParameter without a condition.
2025-08-29 21:00:43,613 [WARN] IP:2250 - RefParam_MEMORY_2_ReadDummyCycle not found: check if there is a RefParameter without a condition.
2025-08-29 21:00:43,613 [WARN] IP:2250 - RefParam_MEMORY_2_NumberOfConfig not found: check if there is a RefParameter without a condition.
2025-08-29 21:00:43,613 [WARN] IP:2250 - RefParam_MEMORY_2_Config1_WriteMask not found: check if there is a RefParameter without a condition.
2025-08-29 21:00:43,613 [WARN] IP:2250 - RefParam_MEMORY_2_Config1_WriteValue not found: check if there is a RefParameter without a condition.
2025-08-29 21:00:43,613 [WARN] IP:2250 - RefParam_MEMORY_2_Config1_RegAddress not found: check if there is a RefParameter without a condition.
2025-08-29 21:00:43,613 [WARN] IP:2250 - RefParam_MEMORY_2_Config2_WriteMask not found: check if there is a RefParameter without a condition.
2025-08-29 21:00:43,613 [WARN] IP:2250 - RefParam_MEMORY_2_Config2_WriteValue not found: check if there is a RefParameter without a condition.
2025-08-29 21:00:43,613 [WARN] IP:2250 - RefParam_MEMORY_2_Config2_RegAddress not found: check if there is a RefParameter without a condition.
2025-08-29 21:00:43,613 [WARN] IP:2250 - RefParam_MEMORY_2_Config3_WriteMask not found: check if there is a RefParameter without a condition.
2025-08-29 21:00:43,613 [WARN] IP:2250 - RefParam_MEMORY_2_Config3_WriteValue not found: check if there is a RefParameter without a condition.
2025-08-29 21:00:43,613 [WARN] IP:2250 - RefParam_MEMORY_2_Config3_RegAddress not found: check if there is a RefParameter without a condition.
2025-08-29 21:00:43,791 [INFO] Middleware:1452 - No code input for Bsp Dependency
2025-08-29 21:00:43,793 [INFO] Middleware:1452 - No code input for Bsp Dependency
2025-08-29 21:00:43,794 [INFO] Middleware:1452 - No code input for Bsp Dependency
2025-08-29 21:00:43,795 [INFO] Middleware:1452 - No code input for Bsp Dependency
2025-08-29 21:00:43,795 [INFO] Middleware:1452 - No code input for Bsp Dependency
2025-08-29 21:00:43,796 [INFO] IP:3329 - RTE Config file name : RTE_Component
2025-08-29 21:00:43,796 [INFO] IP:3347 - RTE template : RTE_Components.ftl
2025-08-29 21:00:43,797 [INFO] Middleware:1452 - No code input for Bsp Dependency
2025-08-29 21:00:43,798 [INFO] Middleware:1452 - No code input for Bsp Dependency
2025-08-29 21:00:43,798 [INFO] Middleware:1452 - No code input for Bsp Dependency
2025-08-29 21:00:43,799 [INFO] CodeGenerator:1619 - *******************Project context FSBL selected
2025-08-29 21:00:43,848 [INFO] CodeEngine:265 - oldGeneratedFile, C:\ST\AB_LSTM\AB_LSTM\MXTmpFiles\license.tmp_save
2025-08-29 21:00:44,096 [INFO] CodeEngine:289 - Generated code: C:\ST\AB_LSTM\AB_LSTM\MXTmpFiles\license.tmp
2025-08-29 21:00:44,158 [INFO] CodeEngine:265 - oldGeneratedFile, C:\ST\AB_LSTM\AB_LSTM\FSBL\MXTmpFiles\gpio.tmp_save
2025-08-29 21:00:44,301 [INFO] CodeEngine:289 - Generated code: C:\ST\AB_LSTM\AB_LSTM\FSBL\MXTmpFiles\gpio.tmp
2025-08-29 21:00:44,482 [WARN] IPConfigManager:103 - WARNING: Missing Config File for XSPIM ip!!
2025-08-29 21:00:44,582 [INFO] Middleware:1452 - No code input for Bsp Dependency
2025-08-29 21:00:44,592 [INFO] CodeEngine:265 - oldGeneratedFile, C:\ST\AB_LSTM\AB_LSTM\FSBL\MXTmpFiles\boot_code.tmp_save
2025-08-29 21:00:44,715 [INFO] CodeEngine:289 - Generated code: C:\ST\AB_LSTM\AB_LSTM\FSBL\MXTmpFiles\boot_code.tmp
2025-08-29 21:00:44,740 [INFO] CodeEngine:265 - oldGeneratedFile, C:\ST\AB_LSTM\AB_LSTM\FSBL\MXTmpFiles\cortex.tmp_save
2025-08-29 21:00:44,874 [INFO] CodeEngine:289 - Generated code: C:\ST\AB_LSTM\AB_LSTM\FSBL\MXTmpFiles\cortex.tmp
2025-08-29 21:00:44,888 [INFO] Middleware:1452 - No code input for Bsp Dependency
2025-08-29 21:00:44,902 [INFO] CodeEngine:265 - oldGeneratedFile, C:\ST\AB_LSTM\AB_LSTM\FSBL\Core\Inc\extmem_manager.h_save
2025-08-29 21:00:45,036 [INFO] CodeEngine:289 - Generated code: C:\ST\AB_LSTM\AB_LSTM\FSBL\Core\Inc\extmem_manager.h
2025-08-29 21:00:45,046 [INFO] CodeEngine:265 - oldGeneratedFile, C:\ST\AB_LSTM\AB_LSTM\FSBL\Core\Src\extmem_manager.c_save
2025-08-29 21:00:45,163 [INFO] CodeEngine:289 - Generated code: C:\ST\AB_LSTM\AB_LSTM\FSBL\Core\Src\extmem_manager.c
2025-08-29 21:00:45,173 [INFO] CodeEngine:265 - oldGeneratedFile, C:\ST\AB_LSTM\AB_LSTM\FSBL\Core\Inc\stm32_extmem_conf.h_save
2025-08-29 21:00:45,293 [INFO] CodeEngine:289 - Generated code: C:\ST\AB_LSTM\AB_LSTM\FSBL\Core\Inc\stm32_extmem_conf.h
2025-08-29 21:00:45,302 [INFO] CodeEngine:265 - oldGeneratedFile, C:\ST\AB_LSTM\AB_LSTM\FSBL\MXTmpFiles\boot_code.tmp_save
2025-08-29 21:00:45,343 [INFO] CodeEngine:289 - Generated code: C:\ST\AB_LSTM\AB_LSTM\FSBL\MXTmpFiles\boot_code.tmp
2025-08-29 21:00:45,445 [INFO] CodeEngine:265 - oldGeneratedFile, C:\ST\AB_LSTM\AB_LSTM\FSBL\Core\Src\stm32n6xx_it.c_save
2025-08-29 21:00:45,656 [INFO] CodeEngine:289 - Generated code: C:\ST\AB_LSTM\AB_LSTM\FSBL\Core\Src\stm32n6xx_it.c
2025-08-29 21:00:45,664 [INFO] CodeEngine:265 - oldGeneratedFile, C:\ST\AB_LSTM\AB_LSTM\FSBL\Core\Inc\stm32n6xx_it.h_save
2025-08-29 21:00:45,741 [INFO] CodeEngine:289 - Generated code: C:\ST\AB_LSTM\AB_LSTM\FSBL\Core\Inc\stm32n6xx_it.h
2025-08-29 21:00:45,950 [INFO] CodeEngine:265 - oldGeneratedFile, C:\ST\AB_LSTM\AB_LSTM\FSBL\Core\Src\stm32n6xx_hal_msp.c_save
2025-08-29 21:00:46,181 [INFO] CodeEngine:289 - Generated code: C:\ST\AB_LSTM\AB_LSTM\FSBL\Core\Src\stm32n6xx_hal_msp.c
2025-08-29 21:00:46,196 [INFO] CodeEngine:265 - oldGeneratedFile, C:\ST\AB_LSTM\AB_LSTM\FSBL\MXTmpFiles\system.tmp_save
2025-08-29 21:00:46,254 [INFO] CodeEngine:289 - Generated code: C:\ST\AB_LSTM\AB_LSTM\FSBL\MXTmpFiles\system.tmp
2025-08-29 21:00:46,280 [INFO] CodeEngine:321 - oldGeneratedFile, C:\ST\AB_LSTM\AB_LSTM\FSBL\Core\Inc\stm32n6xx_hal_conf.h_save
2025-08-29 21:00:46,415 [INFO] CodeEngine:345 - Generated code: C:\ST\AB_LSTM\AB_LSTM\FSBL\Core\Inc\stm32n6xx_hal_conf.h
2025-08-29 21:00:46,436 [WARN] IPConfigManager:3238 - Warning: the RefConfig RCC_ConfigVoltageScaling is not available in your config.xml file
2025-08-29 21:00:46,442 [WARN] IPConfigManager:3238 - Warning: the RefConfig RCC_RTC_HSEDIV is not available in your config.xml file
2025-08-29 21:00:46,449 [ERROR] ApiDbMcu:560 - Cannot parse XSPIM_Config file : file do not exist
2025-08-29 21:00:46,468 [INFO] CodeEngine:265 - oldGeneratedFile, C:\ST\AB_LSTM\AB_LSTM\FSBL\Core\Inc\main.h_save
2025-08-29 21:00:46,605 [INFO] CodeEngine:289 - Generated code: C:\ST\AB_LSTM\AB_LSTM\FSBL\Core\Inc\main.h
2025-08-29 21:00:46,614 [INFO] CodeEngine:265 - oldGeneratedFile, C:\ST\AB_LSTM\AB_LSTM\FSBL\Core\Src\main.c_save
2025-08-29 21:00:46,759 [INFO] CodeEngine:289 - Generated code: C:\ST\AB_LSTM\AB_LSTM\FSBL\Core\Src\main.c
2025-08-29 21:00:46,805 [INFO] CodeGenerator:1619 - *******************Project context Appli selected
2025-08-29 21:00:46,836 [INFO] IP:3329 - RTE Config file name : RTE_Component
2025-08-29 21:00:46,836 [INFO] IP:3347 - RTE template : RTE_Components.ftl
2025-08-29 21:00:46,847 [INFO] CodeEngine:265 - oldGeneratedFile, C:\ST\AB_LSTM\AB_LSTM\MXTmpFiles\license.tmp_save
2025-08-29 21:00:46,926 [INFO] CodeEngine:289 - Generated code: C:\ST\AB_LSTM\AB_LSTM\MXTmpFiles\license.tmp
2025-08-29 21:00:46,951 [INFO] CodeEngine:265 - oldGeneratedFile, C:\ST\AB_LSTM\AB_LSTM\Appli\MXTmpFiles\gpio.tmp_save
2025-08-29 21:00:47,049 [INFO] CodeEngine:289 - Generated code: C:\ST\AB_LSTM\AB_LSTM\Appli\MXTmpFiles\gpio.tmp
2025-08-29 21:00:47,183 [WARN] IPConfigManager:103 - WARNING: Missing Config File for NVIC ip!!
2025-08-29 21:00:47,287 [INFO] Middleware:1452 - No code input for Bsp Dependency
2025-08-29 21:00:47,287 [INFO] Middleware:1452 - No code input for Bsp Dependency
2025-08-29 21:00:47,287 [INFO] IP:3329 - RTE Config file name : RTE_Component
2025-08-29 21:00:47,287 [INFO] IP:3347 - RTE template : RTE_Components.ftl
2025-08-29 21:00:47,298 [INFO] CodeEngine:265 - oldGeneratedFile, C:\ST\AB_LSTM\AB_LSTM\Appli\MXTmpFiles\cortex.tmp_save
2025-08-29 21:00:47,385 [INFO] CodeEngine:289 - Generated code: C:\ST\AB_LSTM\AB_LSTM\Appli\MXTmpFiles\cortex.tmp
2025-08-29 21:00:47,436 [INFO] CodeEngine:265 - oldGeneratedFile, C:\ST\AB_LSTM\AB_LSTM\Appli\Core\Inc\stm32n6xx_nucleo_conf.h_save
2025-08-29 21:00:47,557 [INFO] CodeEngine:289 - Generated code: C:\ST\AB_LSTM\AB_LSTM\Appli\Core\Inc\stm32n6xx_nucleo_conf.h
2025-08-29 21:00:47,565 [INFO] CodeEngine:265 - oldGeneratedFile, C:\ST\AB_LSTM\AB_LSTM\Appli\MXTmpFiles\bsp_inc.tmp_save
2025-08-29 21:00:47,616 [INFO] CodeEngine:289 - Generated code: C:\ST\AB_LSTM\AB_LSTM\Appli\MXTmpFiles\bsp_inc.tmp
2025-08-29 21:00:47,629 [INFO] CodeEngine:265 - oldGeneratedFile, C:\ST\AB_LSTM\AB_LSTM\Appli\MXTmpFiles\bsp_common_vars.tmp_save
2025-08-29 21:00:47,673 [INFO] CodeEngine:289 - Generated code: C:\ST\AB_LSTM\AB_LSTM\Appli\MXTmpFiles\bsp_common_vars.tmp
2025-08-29 21:00:47,679 [INFO] CodeEngine:265 - oldGeneratedFile, C:\ST\AB_LSTM\AB_LSTM\Appli\MXTmpFiles\bsp_common_init.tmp_save
2025-08-29 21:00:47,725 [INFO] CodeEngine:289 - Generated code: C:\ST\AB_LSTM\AB_LSTM\Appli\MXTmpFiles\bsp_common_init.tmp
2025-08-29 21:00:47,737 [INFO] CodeEngine:265 - oldGeneratedFile, C:\ST\AB_LSTM\AB_LSTM\Appli\MXTmpFiles\bsp_common_demo_before_while.tmp_save
2025-08-29 21:00:47,776 [INFO] CodeEngine:289 - Generated code: C:\ST\AB_LSTM\AB_LSTM\Appli\MXTmpFiles\bsp_common_demo_before_while.tmp
2025-08-29 21:00:47,782 [INFO] CodeEngine:265 - oldGeneratedFile, C:\ST\AB_LSTM\AB_LSTM\Appli\MXTmpFiles\bsp_common_demo_inside_while.tmp_save
2025-08-29 21:00:47,820 [INFO] CodeEngine:289 - Generated code: C:\ST\AB_LSTM\AB_LSTM\Appli\MXTmpFiles\bsp_common_demo_inside_while.tmp
2025-08-29 21:00:47,826 [INFO] CodeEngine:265 - oldGeneratedFile, C:\ST\AB_LSTM\AB_LSTM\Appli\MXTmpFiles\bsp_common_demo_fct.tmp_save
2025-08-29 21:00:47,864 [INFO] CodeEngine:289 - Generated code: C:\ST\AB_LSTM\AB_LSTM\Appli\MXTmpFiles\bsp_common_demo_fct.tmp
2025-08-29 21:00:47,869 [INFO] Middleware:1452 - No code input for Bsp Dependency
2025-08-29 21:00:47,869 [INFO] Middleware:1452 - No code input for Bsp Dependency
2025-08-29 21:00:47,869 [INFO] IP:3329 - RTE Config file name : RTE_Component
2025-08-29 21:00:47,869 [INFO] IP:3347 - RTE template : RTE_Components.ftl
2025-08-29 21:00:47,878 [INFO] CodeEngine:265 - oldGeneratedFile, C:\ST\AB_LSTM\AB_LSTM\Appli\X-CUBE-AI\App\app_x-cube-ai.h_save
2025-08-29 21:00:47,973 [INFO] CodeEngine:289 - Generated code: C:\ST\AB_LSTM\AB_LSTM\Appli\X-CUBE-AI\App\app_x-cube-ai.h
2025-08-29 21:00:47,981 [INFO] CodeEngine:265 - oldGeneratedFile, C:\ST\AB_LSTM\AB_LSTM\Appli\X-CUBE-AI\constants_ai.h_save
2025-08-29 21:00:48,042 [INFO] CodeEngine:289 - Generated code: C:\ST\AB_LSTM\AB_LSTM\Appli\X-CUBE-AI\constants_ai.h
2025-08-29 21:00:48,049 [INFO] CodeEngine:265 - oldGeneratedFile, C:\ST\AB_LSTM\AB_LSTM\Appli\X-CUBE-AI\App\app_x-cube-ai.c_save
2025-08-29 21:00:48,134 [INFO] CodeEngine:289 - Generated code: C:\ST\AB_LSTM\AB_LSTM\Appli\X-CUBE-AI\App\app_x-cube-ai.c
2025-08-29 21:00:48,192 [INFO] CodeEngine:265 - oldGeneratedFile, C:\ST\AB_LSTM\AB_LSTM\Appli\Core\Src\stm32n6xx_it.c_save
2025-08-29 21:00:48,344 [INFO] CodeEngine:289 - Generated code: C:\ST\AB_LSTM\AB_LSTM\Appli\Core\Src\stm32n6xx_it.c
2025-08-29 21:00:48,360 [INFO] CodeEngine:265 - oldGeneratedFile, C:\ST\AB_LSTM\AB_LSTM\Appli\Core\Inc\stm32n6xx_it.h_save
2025-08-29 21:00:48,424 [INFO] CodeEngine:289 - Generated code: C:\ST\AB_LSTM\AB_LSTM\Appli\Core\Inc\stm32n6xx_it.h
2025-08-29 21:00:48,428 [INFO] IP:3329 - RTE Config file name : RTE_Component
2025-08-29 21:00:48,428 [INFO] IP:3347 - RTE template : RTE_Components.ftl
2025-08-29 21:00:48,428 [INFO] CodeGenerator:2312 - Add RTE Code Input 
2025-08-29 21:00:48,438 [INFO] CodeEngine:265 - oldGeneratedFile, C:\ST\AB_LSTM\AB_LSTM\Appli\Core\Inc\RTE_Components.h_save
2025-08-29 21:00:48,542 [INFO] CodeEngine:289 - Generated code: C:\ST\AB_LSTM\AB_LSTM\Appli\Core\Inc\RTE_Components.h
2025-08-29 21:00:48,553 [INFO] CodeEngine:265 - oldGeneratedFile, C:\ST\AB_LSTM\AB_LSTM\Appli\MXTmpFiles\RIFInit.tmp_save
2025-08-29 21:00:48,629 [INFO] CodeEngine:289 - Generated code: C:\ST\AB_LSTM\AB_LSTM\Appli\MXTmpFiles\RIFInit.tmp
2025-08-29 21:00:48,719 [INFO] CodeEngine:265 - oldGeneratedFile, C:\ST\AB_LSTM\AB_LSTM\Appli\Core\Src\stm32n6xx_hal_msp.c_save
2025-08-29 21:00:48,922 [INFO] CodeEngine:289 - Generated code: C:\ST\AB_LSTM\AB_LSTM\Appli\Core\Src\stm32n6xx_hal_msp.c
2025-08-29 21:00:48,929 [INFO] CodeEngine:265 - oldGeneratedFile, C:\ST\AB_LSTM\AB_LSTM\Appli\MXTmpFiles\system.tmp_save
2025-08-29 21:00:48,971 [INFO] CodeEngine:289 - Generated code: C:\ST\AB_LSTM\AB_LSTM\Appli\MXTmpFiles\system.tmp
2025-08-29 21:00:48,985 [INFO] CodeEngine:321 - oldGeneratedFile, C:\ST\AB_LSTM\AB_LSTM\Appli\Core\Inc\stm32n6xx_hal_conf.h_save
2025-08-29 21:00:49,091 [INFO] CodeEngine:345 - Generated code: C:\ST\AB_LSTM\AB_LSTM\Appli\Core\Inc\stm32n6xx_hal_conf.h
2025-08-29 21:00:49,108 [WARN] IPConfigManager:3238 - Warning: the RefConfig RCC_ConfigVoltageScaling is not available in your config.xml file
2025-08-29 21:00:49,109 [WARN] IPConfigManager:3238 - Warning: the RefConfig RCC_RTC_HSEDIV is not available in your config.xml file
2025-08-29 21:00:49,121 [WARN] IPConfigManager:3811 - IP not found : TIM
2025-08-29 21:00:49,122 [WARN] CodeGenerator:4259 - IP not found : null
2025-08-29 21:00:49,129 [INFO] CodeEngine:265 - oldGeneratedFile, C:\ST\AB_LSTM\AB_LSTM\Appli\Core\Inc\main.h_save
2025-08-29 21:00:49,240 [INFO] CodeEngine:289 - Generated code: C:\ST\AB_LSTM\AB_LSTM\Appli\Core\Inc\main.h
2025-08-29 21:00:49,251 [INFO] CodeEngine:265 - oldGeneratedFile, C:\ST\AB_LSTM\AB_LSTM\Appli\Core\Src\main.c_save
2025-08-29 21:00:49,375 [INFO] CodeEngine:289 - Generated code: C:\ST\AB_LSTM\AB_LSTM\Appli\Core\Src\main.c
2025-08-29 21:00:49,386 [INFO] CodeEngine:265 - oldGeneratedFile, C:\ST\AB_LSTM\AB_LSTM\Appli\Core\Src\secure_nsc.c_save
2025-08-29 21:00:49,470 [INFO] CodeEngine:289 - Generated code: C:\ST\AB_LSTM\AB_LSTM\Appli\Core\Src\secure_nsc.c
2025-08-29 21:00:49,476 [INFO] CodeEngine:265 - oldGeneratedFile, C:\ST\AB_LSTM\AB_LSTM\Appli\Core\Inc\partition_stm32n657xx.h_save
2025-08-29 21:00:49,553 [INFO] CodeEngine:289 - Generated code: C:\ST\AB_LSTM\AB_LSTM\Appli\Core\Inc\partition_stm32n657xx.h
2025-08-29 21:00:49,561 [INFO] CodeEngine:265 - oldGeneratedFile, C:\ST\AB_LSTM\AB_LSTM\Secure_nsclib\secure_nsc.h_save
2025-08-29 21:00:49,618 [INFO] CodeEngine:289 - Generated code: C:\ST\AB_LSTM\AB_LSTM\Secure_nsclib\secure_nsc.h
2025-08-29 21:00:49,644 [INFO] CodeGenerator:1707 - *******************Project context ExtMemLoader Not selected
2025-08-29 21:00:50,532 [INFO] AInterface:322 - ModelName:network; files:[C:\Users\ZOJOLDRI\OneDrive - Carl Zeiss AG\Dokumente\Zeiss\SMT\Bachelor\AB Encoder Model\AB_Encoder_Synthetic_Data\lstm_ab_encoder.h5]; type:Keras; compression:None
2025-08-29 21:00:50,532 [INFO] AInterface:526 - workspaceTempDir: C:/Users/ZOJOLDRI/AppData/Local/Temp/mxAI_workspace7282479035277009513785793887074159
2025-08-29 21:00:50,533 [INFO] AInterface:1176 - Setting Env: C:/Users/ZOJOLDRI/STM32Cube/Repository/Packs/STMicroelectronics/X-CUBE-AI/10.2.0/Utilities/windows
2025-08-29 21:00:50,544 [INFO] STM32CubeIDEBuilder:265 - Looking for gnu-tools-for-stm32 tools/bin/arm-none-eabi-gcc.exe in C:\ST\STM32CubeIDE_1.19.0\STM32CubeIDE
2025-08-29 21:00:50,578 [INFO] STM32CubeIDEBuilder:294 - checking C:\ST\STM32CubeIDE_1.19.0\STM32CubeIDE\plugins\com.st.stm32cube.ide.mcu.externaltools.gnu-tools-for-stm32.13.3.rel1.win32_1.0.0.202411081344\tools\bin\arm-none-eabi-gcc.exe
2025-08-29 21:00:50,579 [INFO] STM32CubeIDEBuilder:297 - ret=C:\ST\STM32CubeIDE_1.19.0\STM32CubeIDE\plugins\com.st.stm32cube.ide.mcu.externaltools.gnu-tools-for-stm32.13.3.rel1.win32_1.0.0.202411081344\tools\bin\arm-none-eabi-gcc.exe
2025-08-29 21:00:50,579 [INFO] STM32CubeIDEBuilder:311 - returning C:\ST\STM32CubeIDE_1.19.0\STM32CubeIDE\plugins\com.st.stm32cube.ide.mcu.externaltools.gnu-tools-for-stm32.13.3.rel1.win32_1.0.0.202411081344\tools\bin\arm-none-eabi-gcc.exe
2025-08-29 21:00:50,579 [INFO] AInterface:1233 - Custom PATH variable: C:/Users/ZOJOLDRI/STM32Cube/Repository/Packs/STMicroelectronics/X-CUBE-AI/10.2.0/Utilities/windows;C:/Users/ZOJOLDRI/STM32Cube/Repository/Packs/STMicroelectronics/X-CUBE-AI/10.2.0/Utilities/windows/mingw64/bin;C:/Users/ZOJOLDRI/STM32Cube/Repository/Packs/STMicroelectronics/X-CUBE-AI/10.2.0/Utilities/windows/mingw64/libexec/gcc/x86_64-w64-mingw32/7.3.0;;C:\ST\STM32CubeIDE_1.19.0\STM32CubeIDE\plugins\com.st.stm32cube.ide.mcu.externaltools.gnu-tools-for-stm32.13.3.rel1.win32_1.0.0.202411081344\tools\bin
2025-08-29 21:00:50,582 [INFO] CmdLine:115 - Command: C:/Users/ZOJOLDRI/STM32Cube/Repository/Packs/STMicroelectronics/X-CUBE-AI/10.2.0/Utilities/windows/stedgeai.exe generate --target stm32n6 --name network -m C:/Users/ZOJOLDRI/OneDrive - Carl Zeiss AG/Dokumente/Zeiss/SMT/Bachelor/AB Encoder Model/AB_Encoder_Synthetic_Data/lstm_ab_encoder.h5 --compression none --verbosity 1 --workspace C:/Users/ZOJOLDRI/AppData/Local/Temp/mxAI_workspace7282479035277009513785793887074159 --output C:/Users/ZOJOLDRI/.stm32cubemx/network_output
2025-08-29 21:00:50,582 [INFO] AIModelDetailledView:2380 - Analysis status: pending
2025-08-29 21:00:57,344 [INFO] CmdLine:76 - ST Edge AI Core v2.2.0-20266 2adc00962
2025-08-29 21:02:04,712 [INFO] CmdLine:76 - Creating c (debug) info json file C:\Users\ZOJOLDRI\.stm32cubemx\network_output\network_c_info.json
2025-08-29 21:02:04,740 [INFO] CmdLine:76 -  
2025-08-29 21:02:04,740 [INFO] CmdLine:76 -  Exec/report summary (generate)
2025-08-29 21:02:04,740 [INFO] CmdLine:76 -  ---------------------------------------------------------------------------------------------------------------------------------------------------------------
2025-08-29 21:02:04,740 [INFO] CmdLine:76 -  model file         :   C:\Users\ZOJOLDRI\OneDrive - Carl Zeiss AG\Dokumente\Zeiss\SMT\Bachelor\AB Encoder Model\AB_Encoder_Synthetic_Data\lstm_ab_encoder.h5   
2025-08-29 21:02:04,741 [INFO] CmdLine:76 -  type               :   keras                                                                                                                                   
2025-08-29 21:02:04,741 [INFO] CmdLine:76 -  c_name             :   network                                                                                                                                 
2025-08-29 21:02:04,741 [INFO] CmdLine:76 -  compression        :   none                                                                                                                                    
2025-08-29 21:02:04,742 [INFO] CmdLine:76 -  options            :   allocate-inputs, allocate-outputs                                                                                                       
2025-08-29 21:02:04,742 [INFO] CmdLine:76 -  optimization       :   balanced                                                                                                                                
2025-08-29 21:02:04,742 [INFO] CmdLine:76 -  target/series      :   stm32n6                                                                                                                                 
2025-08-29 21:02:04,742 [INFO] CmdLine:76 -  workspace dir      :   C:\Users\ZOJOLDRI\AppData\Local\Temp\mxAI_workspace7282479035277009513785793887074159                                                   
2025-08-29 21:02:04,742 [INFO] CmdLine:76 -  output dir         :   C:\Users\ZOJOLDRI\.stm32cubemx\network_output                                                                                           
2025-08-29 21:02:04,742 [INFO] CmdLine:76 -  model_fmt          :   float                                                                                                                                   
2025-08-29 21:02:04,742 [INFO] CmdLine:76 -  model_name         :   lstm_ab_encoder                                                                                                                         
2025-08-29 21:02:04,743 [INFO] CmdLine:76 -  model_hash         :   0xa47bada8397fa61bef25ba35fe6f4e01                                                                                                      
2025-08-29 21:02:04,743 [INFO] CmdLine:76 -  params #           :   6,100 items (23.83 KiB)                                                                                                                 
2025-08-29 21:02:04,743 [INFO] CmdLine:76 -  ---------------------------------------------------------------------------------------------------------------------------------------------------------------
2025-08-29 21:02:04,743 [INFO] CmdLine:76 -  input 1/1          :   'input_0', f32(1x20x10), 800 Bytes, activations                                                                                         
2025-08-29 21:02:04,743 [INFO] CmdLine:76 -  output 1/1         :   'output', f32(1x4), 16 Bytes, activations                                                                                               
2025-08-29 21:02:04,743 [INFO] CmdLine:76 -  macc               :   111,392                                                                                                                                 
2025-08-29 21:02:04,743 [INFO] CmdLine:76 -  weights (ro)       :   24,784 B (24.20 KiB) (1 segment) / +384(+1.6%) vs float model                                                                           
2025-08-29 21:02:04,744 [INFO] CmdLine:76 -  activations (rw)   :   1,824 B (1.78 KiB) (1 segment) *                                                                                                        
2025-08-29 21:02:04,744 [INFO] CmdLine:76 -  ram (total)        :   1,824 B (1.78 KiB) = 1,824 + 0 + 0                                                                                                      
2025-08-29 21:02:04,744 [INFO] CmdLine:76 -  ---------------------------------------------------------------------------------------------------------------------------------------------------------------
2025-08-29 21:02:04,744 [INFO] CmdLine:76 -  (*) 'input'/'output' buffers are allocated in the activations buffer
2025-08-29 21:02:04,745 [INFO] CmdLine:76 - Computing AI RT data/code size (target=stm32n6)..
2025-08-29 21:02:11,255 [INFO] CmdLine:76 -  Requested memory size by section - "stm32n6" target
2025-08-29 21:02:11,255 [INFO] CmdLine:76 -  ------------------------------- -------- -------- ------- -------
2025-08-29 21:02:11,256 [INFO] CmdLine:76 -  module                              text   rodata    data     bss
2025-08-29 21:02:11,256 [INFO] CmdLine:76 -  ------------------------------- -------- -------- ------- -------
2025-08-29 21:02:11,256 [INFO] CmdLine:76 -  NetworkRuntime1020_CM55_GCC.a     15,800       32       0       0
2025-08-29 21:02:11,256 [INFO] CmdLine:76 -  network.o                            596       40   1,888     136
2025-08-29 21:02:11,256 [INFO] CmdLine:76 -  network_data.o                        48       16      88       0
2025-08-29 21:02:11,256 [INFO] CmdLine:76 -  lib (toolchain)*                   1,132      340       0       0
2025-08-29 21:02:11,256 [INFO] CmdLine:76 -  ------------------------------- -------- -------- ------- -------
2025-08-29 21:02:11,256 [INFO] CmdLine:76 -  RT total**                        17,576      428   1,976     136
2025-08-29 21:02:11,256 [INFO] CmdLine:76 -  ------------------------------- -------- -------- ------- -------
2025-08-29 21:02:11,256 [INFO] CmdLine:76 -  weights                                0   24,784       0       0
2025-08-29 21:02:11,257 [INFO] CmdLine:76 -  activations                            0        0       0   1,824
2025-08-29 21:02:11,257 [INFO] CmdLine:76 -  io                                     0        0       0       0
2025-08-29 21:02:11,257 [INFO] CmdLine:76 -  ------------------------------- -------- -------- ------- -------
2025-08-29 21:02:11,257 [INFO] CmdLine:76 -  TOTAL                             17,576   25,212   1,976   1,960
2025-08-29 21:02:11,257 [INFO] CmdLine:76 -  ------------------------------- -------- -------- ------- -------
2025-08-29 21:02:11,257 [INFO] CmdLine:76 -  *  toolchain objects (libm/libgcc*)
2025-08-29 21:02:11,257 [INFO] CmdLine:76 -  ** RT AI runtime objects (kernels+infrastructure)
2025-08-29 21:02:11,258 [INFO] CmdLine:76 -   Summary - "stm32n6" target
2025-08-29 21:02:11,258 [INFO] CmdLine:76 -   ---------------------------------------------------
2025-08-29 21:02:11,258 [INFO] CmdLine:76 -                FLASH (ro)      %*   RAM (rw)       %
2025-08-29 21:02:11,258 [INFO] CmdLine:76 -   ---------------------------------------------------
2025-08-29 21:02:11,258 [INFO] CmdLine:76 -   RT total         19,980   44.6%      2,112   53.7%
2025-08-29 21:02:11,258 [INFO] CmdLine:76 -   ---------------------------------------------------
2025-08-29 21:02:11,259 [INFO] CmdLine:76 -   TOTAL            44,764              3,936
2025-08-29 21:02:11,259 [INFO] CmdLine:76 -   ---------------------------------------------------
2025-08-29 21:02:11,259 [INFO] CmdLine:76 -   *  rt/total
2025-08-29 21:02:11,259 [INFO] CmdLine:76 -  Generated files (7)
2025-08-29 21:02:11,259 [INFO] CmdLine:76 -  ---------------------------------------------------------------------
2025-08-29 21:02:11,259 [INFO] CmdLine:76 -  C:\Users\ZOJOLDRI\.stm32cubemx\network_output\network_data_params.h
2025-08-29 21:02:11,259 [INFO] CmdLine:76 -  C:\Users\ZOJOLDRI\.stm32cubemx\network_output\network_data_params.c
2025-08-29 21:02:11,260 [INFO] CmdLine:76 -  C:\Users\ZOJOLDRI\.stm32cubemx\network_output\network_data.h
2025-08-29 21:02:11,260 [INFO] CmdLine:76 -  C:\Users\ZOJOLDRI\.stm32cubemx\network_output\network_data.c
2025-08-29 21:02:11,260 [INFO] CmdLine:76 -  C:\Users\ZOJOLDRI\.stm32cubemx\network_output\network_config.h
2025-08-29 21:02:11,260 [INFO] CmdLine:76 -  C:\Users\ZOJOLDRI\.stm32cubemx\network_output\network.h
2025-08-29 21:02:11,260 [INFO] CmdLine:76 -  C:\Users\ZOJOLDRI\.stm32cubemx\network_output\network.c
2025-08-29 21:02:11,260 [INFO] CmdLine:76 - Creating txt report file C:\Users\ZOJOLDRI\.stm32cubemx\network_output\network_generate_report.txt
2025-08-29 21:02:15,203 [INFO] CmdLine:76 - elapsed time (generate): 77.858s
2025-08-29 21:02:15,585 [INFO] CmdLine:148 - stedgeai exit with status: 0
2025-08-29 21:02:15,598 [INFO] AIModelDetailledView:2380 - Analysis status: done
2025-08-29 21:02:16,544 [INFO] ProjectBuilder:3606 - Time for Copy HAL[1] : 449mS.
2025-08-29 21:02:16,545 [ERROR] Middleware:2950 - Invalid RefComponent list
2025-08-29 21:02:16,545 [ERROR] Middleware:2950 - Invalid RefComponent list
2025-08-29 21:02:16,545 [ERROR] Middleware:2950 - Invalid RefComponent list
2025-08-29 21:02:16,545 [ERROR] Middleware:2950 - Invalid RefComponent list
2025-08-29 21:02:16,545 [ERROR] Middleware:2950 - Invalid RefComponent list
2025-08-29 21:02:16,545 [ERROR] Middleware:2950 - Invalid RefComponent list
2025-08-29 21:02:16,545 [ERROR] Middleware:2950 - Invalid RefComponent list
2025-08-29 21:02:16,545 [ERROR] Middleware:2950 - Invalid RefComponent list
2025-08-29 21:02:16,545 [ERROR] Middleware:2950 - Invalid RefComponent list
2025-08-29 21:02:16,545 [ERROR] Middleware:2950 - Invalid RefComponent list
2025-08-29 21:02:16,545 [ERROR] Middleware:2950 - Invalid RefComponent list
2025-08-29 21:02:16,545 [ERROR] Middleware:2950 - Invalid RefComponent list
2025-08-29 21:02:16,545 [ERROR] Middleware:2950 - Invalid RefComponent list
2025-08-29 21:02:16,545 [ERROR] Middleware:2950 - Invalid RefComponent list
2025-08-29 21:02:16,545 [ERROR] Middleware:2950 - Invalid RefComponent list
2025-08-29 21:02:16,545 [ERROR] Middleware:2950 - Invalid RefComponent list
2025-08-29 21:02:16,545 [ERROR] Middleware:2950 - Invalid RefComponent list
2025-08-29 21:02:16,545 [ERROR] Middleware:2950 - Invalid RefComponent list
2025-08-29 21:02:16,545 [ERROR] Middleware:2950 - Invalid RefComponent list
2025-08-29 21:02:16,545 [ERROR] Middleware:2950 - Invalid RefComponent list
2025-08-29 21:02:16,545 [ERROR] Middleware:2950 - Invalid RefComponent list
2025-08-29 21:02:16,545 [ERROR] Middleware:2950 - Invalid RefComponent list
2025-08-29 21:02:16,545 [ERROR] Middleware:2950 - Invalid RefComponent list
2025-08-29 21:02:16,545 [ERROR] Middleware:2950 - Invalid RefComponent list
2025-08-29 21:02:16,545 [ERROR] Middleware:2950 - Invalid RefComponent list
2025-08-29 21:02:16,545 [ERROR] Middleware:2950 - Invalid RefComponent list
2025-08-29 21:02:16,545 [ERROR] Middleware:2950 - Invalid RefComponent list
2025-08-29 21:02:16,545 [ERROR] Middleware:2950 - Invalid RefComponent list
2025-08-29 21:02:16,545 [ERROR] Middleware:2950 - Invalid RefComponent list
2025-08-29 21:02:16,545 [ERROR] Middleware:2950 - Invalid RefComponent list
2025-08-29 21:02:16,545 [ERROR] Middleware:2950 - Invalid RefComponent list
2025-08-29 21:02:16,545 [ERROR] Middleware:2950 - Invalid RefComponent list
2025-08-29 21:02:16,545 [ERROR] Middleware:2950 - Invalid RefComponent list
2025-08-29 21:02:16,545 [ERROR] Middleware:2950 - Invalid RefComponent list
2025-08-29 21:02:16,545 [ERROR] Middleware:2950 - Invalid RefComponent list
2025-08-29 21:02:16,545 [ERROR] Middleware:2950 - Invalid RefComponent list
2025-08-29 21:02:16,545 [ERROR] Middleware:2950 - Invalid RefComponent list
2025-08-29 21:02:16,545 [ERROR] Middleware:2950 - Invalid RefComponent list
2025-08-29 21:02:16,545 [ERROR] Middleware:2950 - Invalid RefComponent list
2025-08-29 21:02:16,545 [ERROR] Middleware:2950 - Invalid RefComponent list
2025-08-29 21:02:16,545 [ERROR] Middleware:2950 - Invalid RefComponent list
2025-08-29 21:02:16,545 [ERROR] Middleware:2950 - Invalid RefComponent list
2025-08-29 21:02:16,546 [ERROR] Middleware:2950 - Invalid RefComponent list
2025-08-29 21:02:16,546 [ERROR] Middleware:2950 - Invalid RefComponent list
2025-08-29 21:02:16,546 [ERROR] Middleware:2950 - Invalid RefComponent list
2025-08-29 21:02:16,546 [ERROR] Middleware:2950 - Invalid RefComponent list
2025-08-29 21:02:16,546 [ERROR] Middleware:2950 - Invalid RefComponent list
2025-08-29 21:02:16,546 [ERROR] Middleware:2950 - Invalid RefComponent list
2025-08-29 21:02:16,546 [ERROR] Middleware:2950 - Invalid RefComponent list
2025-08-29 21:02:16,546 [ERROR] Middleware:2950 - Invalid RefComponent list
2025-08-29 21:02:16,546 [ERROR] Middleware:2950 - Invalid RefComponent list
2025-08-29 21:02:16,546 [ERROR] Middleware:2950 - Invalid RefComponent list
2025-08-29 21:02:16,546 [ERROR] Middleware:2950 - Invalid RefComponent list
2025-08-29 21:02:16,546 [ERROR] Middleware:2950 - Invalid RefComponent list
2025-08-29 21:02:16,546 [ERROR] Middleware:2950 - Invalid RefComponent list
2025-08-29 21:02:16,546 [ERROR] Middleware:2950 - Invalid RefComponent list
2025-08-29 21:02:16,546 [ERROR] Middleware:2950 - Invalid RefComponent list
2025-08-29 21:02:16,546 [ERROR] Middleware:2950 - Invalid RefComponent list
2025-08-29 21:02:16,546 [ERROR] Middleware:2950 - Invalid RefComponent list
2025-08-29 21:02:16,546 [ERROR] Middleware:2950 - Invalid RefComponent list
2025-08-29 21:02:16,546 [ERROR] Middleware:2950 - Invalid RefComponent list
2025-08-29 21:02:16,546 [ERROR] Middleware:2950 - Invalid RefComponent list
2025-08-29 21:02:16,546 [ERROR] Middleware:2950 - Invalid RefComponent list
2025-08-29 21:02:16,546 [ERROR] Middleware:2950 - Invalid RefComponent list
2025-08-29 21:02:16,546 [ERROR] Middleware:2950 - Invalid RefComponent list
2025-08-29 21:02:16,546 [ERROR] Middleware:2950 - Invalid RefComponent list
2025-08-29 21:02:16,546 [ERROR] Middleware:2950 - Invalid RefComponent list
2025-08-29 21:02:16,546 [ERROR] Middleware:2950 - Invalid RefComponent list
2025-08-29 21:02:16,546 [ERROR] Middleware:2950 - Invalid RefComponent list
2025-08-29 21:02:16,546 [ERROR] Middleware:2950 - Invalid RefComponent list
2025-08-29 21:02:16,561 [INFO] ProjectBuilder:5216 - Project Generator version: 4.7.0-B52
2025-08-29 21:02:16,607 [INFO] ConfigFileManager:1595 - The Die is : DIE486
2025-08-29 21:02:25,638 [INFO] ProjectBuilder:5056 - Time for Generating toolchain IDE Files: 9076mS.
2025-08-29 21:02:25,640 [INFO] ProjectBuilder:3463 - Time for Copy CMSIS : 2mS.
2025-08-29 21:02:25,649 [INFO] ProjectBuilder:3463 - Time for Copy CMSIS : 0mS.
2025-08-29 22:10:06,822 [INFO] NvicIntPanel:101 - NVIC parent = com.st.microxplorer.plugins.ip.nvic.MultiNvicIntPanel[,0,0,739x305,layout=javax.swing.BoxLayout,alignmentX=0.0,alignmentY=0.0,border=,flags=9,maximumSize=,minimumSize=,preferredSize=]
2025-08-29 22:10:20,519 [INFO] NvicIntPanel:101 - NVIC parent = com.st.microxplorer.plugins.ip.nvic.MultiNvicIntPanel[,0,0,0x0,invalid,layout=javax.swing.BoxLayout,alignmentX=0.0,alignmentY=0.0,border=,flags=9,maximumSize=,minimumSize=,preferredSize=]
2025-08-29 22:10:21,818 [INFO] UtilMem:75 - End SaveConfig() Used Memory: 742763336 Bytes (1073741824)
2025-08-29 22:10:22,913 [INFO] UtilMem:75 - End SaveConfig() Used Memory: 801778864 Bytes (1073741824)
2025-08-29 22:10:23,056 [ERROR] IocParser:95 - Exception caught: null
2025-08-29 22:10:24,828 [INFO] UtilMem:75 - End SaveConfig() Used Memory: 919219360 Bytes (1073741824)
2025-08-29 22:10:25,650 [ERROR] IocParser:95 - Exception caught: null
2025-08-29 22:10:25,860 [INFO] BlockDiagram:2775 - set Specific Code input for plugin: EXTMEM_MANAGER
2025-08-29 22:10:25,861 [INFO] BlockDiagram:2775 - set Specific Code input for plugin: RAMCFG
2025-08-29 22:10:25,861 [INFO] BlockDiagram:2775 - set Specific Code input for plugin: CORTEX_M55_S
2025-08-29 22:10:25,861 [INFO] BlockDiagram:2775 - set Specific Code input for plugin: RCC
2025-08-29 22:10:25,861 [INFO] BlockDiagram:2775 - set Specific Code input for plugin: CORTEX_M55_FSBL
2025-08-29 22:10:25,861 [INFO] BlockDiagram:2775 - set Specific Code input for plugin: XSPIM
2025-08-29 22:10:25,861 [INFO] BlockDiagram:2775 - set Specific Code input for plugin: GPDMA
2025-08-29 22:10:25,861 [INFO] BlockDiagram:2775 - set Specific Code input for plugin: STMicroelectronics.X-CUBE-AI.10.2.0
2025-08-29 22:10:25,861 [INFO] BlockDiagram:2775 - set Specific Code input for plugin: XSPI
2025-08-29 22:10:25,861 [INFO] BlockDiagram:2775 - set Specific Code input for plugin: NUCLEO-N657X0-Q
2025-08-29 22:10:25,861 [INFO] BlockDiagram:2775 - set Specific Code input for plugin: TIM1_8N6
2025-08-29 22:10:25,861 [INFO] BlockDiagram:2775 - set Specific Code input for plugin: CACHEAXI
2025-08-29 22:10:25,861 [INFO] BlockDiagram:2775 - set Specific Code input for plugin: BSEC
2025-08-29 22:10:25,861 [INFO] BlockDiagram:2775 - set Specific Code input for plugin: LPUART
2025-08-29 22:10:25,861 [INFO] BlockDiagram:2775 - set Specific Code input for plugin: NVIC
2025-08-29 22:10:25,861 [INFO] BlockDiagram:2775 - set Specific Code input for plugin: GPIO
2025-08-29 22:10:25,861 [INFO] BlockDiagram:2775 - set Specific Code input for plugin: RIF
2025-08-29 22:10:25,861 [INFO] BlockDiagram:2775 - set Specific Code input for plugin: NVIC1
2025-08-29 22:10:25,863 [INFO] CodeGenerator:892 - code generatio: config db path: C:\ST\STM32CubeIDE_1.19.0\STM32CubeIDE\plugins\com.st.stm32cube.common.mx_6.15.0.202507011659\\db\
2025-08-29 22:10:25,878 [WARN] IP:2250 - Memorytype0 not found: check if there is a RefParameter without a condition.
2025-08-29 22:10:25,878 [WARN] IP:2250 - LL_DeviceAttribute20 not found: check if there is a RefParameter without a condition.
2025-08-29 22:10:25,878 [WARN] IP:2250 - DeviceAttribute0 not found: check if there is a RefParameter without a condition.
2025-08-29 22:10:25,878 [WARN] IP:2250 - DeviceAttribute20 not found: check if there is a RefParameter without a condition.
2025-08-29 22:10:25,878 [WARN] IP:2250 - DeviceAttribute1 not found: check if there is a RefParameter without a condition.
2025-08-29 22:10:25,878 [WARN] IP:2250 - Memorytype2 not found: check if there is a RefParameter without a condition.
2025-08-29 22:10:25,878 [WARN] IP:2250 - LL_DeviceAttribute22 not found: check if there is a RefParameter without a condition.
2025-08-29 22:10:25,878 [WARN] IP:2250 - DeviceAttribute2 not found: check if there is a RefParameter without a condition.
2025-08-29 22:10:25,878 [WARN] IP:2250 - Memorytype3 not found: check if there is a RefParameter without a condition.
2025-08-29 22:10:25,878 [WARN] IP:2250 - LL_DeviceAttribute23 not found: check if there is a RefParameter without a condition.
2025-08-29 22:10:25,878 [WARN] IP:2250 - DeviceAttribute3 not found: check if there is a RefParameter without a condition.
2025-08-29 22:10:25,878 [WARN] IP:2250 - Memorytype4 not found: check if there is a RefParameter without a condition.
2025-08-29 22:10:25,878 [WARN] IP:2250 - LL_DeviceAttribute24 not found: check if there is a RefParameter without a condition.
2025-08-29 22:10:25,879 [WARN] IP:2250 - DeviceAttribute4 not found: check if there is a RefParameter without a condition.
2025-08-29 22:10:25,879 [WARN] IP:2250 - Memorytype5 not found: check if there is a RefParameter without a condition.
2025-08-29 22:10:25,879 [WARN] IP:2250 - LL_DeviceAttribute25 not found: check if there is a RefParameter without a condition.
2025-08-29 22:10:25,879 [WARN] IP:2250 - DeviceAttribute5 not found: check if there is a RefParameter without a condition.
2025-08-29 22:10:25,879 [WARN] IP:2250 - Memorytype6 not found: check if there is a RefParameter without a condition.
2025-08-29 22:10:25,879 [WARN] IP:2250 - LL_DeviceAttribute26 not found: check if there is a RefParameter without a condition.
2025-08-29 22:10:25,879 [WARN] IP:2250 - DeviceAttribute6 not found: check if there is a RefParameter without a condition.
2025-08-29 22:10:25,879 [WARN] IP:2250 - Memorytype7 not found: check if there is a RefParameter without a condition.
2025-08-29 22:10:25,879 [WARN] IP:2250 - LL_DeviceAttribute27 not found: check if there is a RefParameter without a condition.
2025-08-29 22:10:25,879 [WARN] IP:2250 - DeviceAttribute7 not found: check if there is a RefParameter without a condition.
2025-08-29 22:10:25,884 [WARN] IP:2250 - RefParam_XIP_memory not found: check if there is a RefParameter without a condition.
2025-08-29 22:10:25,884 [WARN] IP:2250 - RefParam_MEMORY_1_Size not found: check if there is a RefParameter without a condition.
2025-08-29 22:10:25,884 [WARN] IP:2250 - RefParam_MEMORY_1_FreqMax not found: check if there is a RefParameter without a condition.
2025-08-29 22:10:25,884 [WARN] IP:2250 - RefParam_MEMORY_1_ReadReg not found: check if there is a RefParameter without a condition.
2025-08-29 22:10:25,884 [WARN] IP:2250 - RefParam_MEMORY_1_WriteReg not found: check if there is a RefParameter without a condition.
2025-08-29 22:10:25,884 [WARN] IP:2250 - RefParam_MEMORY_1_RegSize not found: check if there is a RefParameter without a condition.
2025-08-29 22:10:25,884 [WARN] IP:2250 - RefParam_MEMORY_1_RegDummyCycle not found: check if there is a RefParameter without a condition.
2025-08-29 22:10:25,884 [WARN] IP:2250 - RefParam_MEMORY_1_WriteCommand not found: check if there is a RefParameter without a condition.
2025-08-29 22:10:25,884 [WARN] IP:2250 - RefParam_MEMORY_1_WriteDummyCycle not found: check if there is a RefParameter without a condition.
2025-08-29 22:10:25,884 [WARN] IP:2250 - RefParam_MEMORY_1_ReadCommand not found: check if there is a RefParameter without a condition.
2025-08-29 22:10:25,884 [WARN] IP:2250 - RefParam_MEMORY_1_WrapReadCommand not found: check if there is a RefParameter without a condition.
2025-08-29 22:10:25,884 [WARN] IP:2250 - RefParam_MEMORY_1_ReadDummyCycle not found: check if there is a RefParameter without a condition.
2025-08-29 22:10:25,884 [WARN] IP:2250 - RefParam_MEMORY_1_NumberOfConfig not found: check if there is a RefParameter without a condition.
2025-08-29 22:10:25,885 [WARN] IP:2250 - RefParam_MEMORY_1_Config1_WriteMask not found: check if there is a RefParameter without a condition.
2025-08-29 22:10:25,885 [WARN] IP:2250 - RefParam_MEMORY_1_Config1_WriteValue not found: check if there is a RefParameter without a condition.
2025-08-29 22:10:25,885 [WARN] IP:2250 - RefParam_MEMORY_1_Config1_RegAddress not found: check if there is a RefParameter without a condition.
2025-08-29 22:10:25,885 [WARN] IP:2250 - RefParam_MEMORY_1_Config2_WriteMask not found: check if there is a RefParameter without a condition.
2025-08-29 22:10:25,885 [WARN] IP:2250 - RefParam_MEMORY_1_Config2_WriteValue not found: check if there is a RefParameter without a condition.
2025-08-29 22:10:25,885 [WARN] IP:2250 - RefParam_MEMORY_1_Config2_RegAddress not found: check if there is a RefParameter without a condition.
2025-08-29 22:10:25,885 [WARN] IP:2250 - RefParam_MEMORY_1_Config3_WriteMask not found: check if there is a RefParameter without a condition.
2025-08-29 22:10:25,885 [WARN] IP:2250 - RefParam_MEMORY_1_Config3_WriteValue not found: check if there is a RefParameter without a condition.
2025-08-29 22:10:25,885 [WARN] IP:2250 - RefParam_MEMORY_1_Config3_RegAddress not found: check if there is a RefParameter without a condition.
2025-08-29 22:10:25,885 [WARN] IP:2250 - RefParam_MEMORY_2_Instance not found: check if there is a RefParameter without a condition.
2025-08-29 22:10:25,885 [WARN] IP:2250 - RefParam_MEMORY_2_ConfigType not found: check if there is a RefParameter without a condition.
2025-08-29 22:10:25,885 [WARN] IP:2250 - RefParam_MEMORY_2_Size not found: check if there is a RefParameter without a condition.
2025-08-29 22:10:25,885 [WARN] IP:2250 - RefParam_MEMORY_2_FreqMax not found: check if there is a RefParameter without a condition.
2025-08-29 22:10:25,885 [WARN] IP:2250 - RefParam_MEMORY_2_ReadReg not found: check if there is a RefParameter without a condition.
2025-08-29 22:10:25,885 [WARN] IP:2250 - RefParam_MEMORY_2_WriteReg not found: check if there is a RefParameter without a condition.
2025-08-29 22:10:25,885 [WARN] IP:2250 - RefParam_MEMORY_2_RegSize not found: check if there is a RefParameter without a condition.
2025-08-29 22:10:25,885 [WARN] IP:2250 - RefParam_MEMORY_2_RegDummyCycle not found: check if there is a RefParameter without a condition.
2025-08-29 22:10:25,885 [WARN] IP:2250 - RefParam_MEMORY_2_WriteCommand not found: check if there is a RefParameter without a condition.
2025-08-29 22:10:25,885 [WARN] IP:2250 - RefParam_MEMORY_2_WriteDummyCycle not found: check if there is a RefParameter without a condition.
2025-08-29 22:10:25,885 [WARN] IP:2250 - RefParam_MEMORY_2_ReadCommand not found: check if there is a RefParameter without a condition.
2025-08-29 22:10:25,885 [WARN] IP:2250 - RefParam_MEMORY_2_WrapReadCommand not found: check if there is a RefParameter without a condition.
2025-08-29 22:10:25,885 [WARN] IP:2250 - RefParam_MEMORY_2_ReadDummyCycle not found: check if there is a RefParameter without a condition.
2025-08-29 22:10:25,885 [WARN] IP:2250 - RefParam_MEMORY_2_NumberOfConfig not found: check if there is a RefParameter without a condition.
2025-08-29 22:10:25,885 [WARN] IP:2250 - RefParam_MEMORY_2_Config1_WriteMask not found: check if there is a RefParameter without a condition.
2025-08-29 22:10:25,885 [WARN] IP:2250 - RefParam_MEMORY_2_Config1_WriteValue not found: check if there is a RefParameter without a condition.
2025-08-29 22:10:25,885 [WARN] IP:2250 - RefParam_MEMORY_2_Config1_RegAddress not found: check if there is a RefParameter without a condition.
2025-08-29 22:10:25,885 [WARN] IP:2250 - RefParam_MEMORY_2_Config2_WriteMask not found: check if there is a RefParameter without a condition.
2025-08-29 22:10:25,885 [WARN] IP:2250 - RefParam_MEMORY_2_Config2_WriteValue not found: check if there is a RefParameter without a condition.
2025-08-29 22:10:25,885 [WARN] IP:2250 - RefParam_MEMORY_2_Config2_RegAddress not found: check if there is a RefParameter without a condition.
2025-08-29 22:10:25,885 [WARN] IP:2250 - RefParam_MEMORY_2_Config3_WriteMask not found: check if there is a RefParameter without a condition.
2025-08-29 22:10:25,885 [WARN] IP:2250 - RefParam_MEMORY_2_Config3_WriteValue not found: check if there is a RefParameter without a condition.
2025-08-29 22:10:25,885 [WARN] IP:2250 - RefParam_MEMORY_2_Config3_RegAddress not found: check if there is a RefParameter without a condition.
2025-08-29 22:10:26,043 [INFO] Middleware:1452 - No code input for Bsp Dependency
2025-08-29 22:10:26,055 [INFO] Middleware:1452 - No code input for Bsp Dependency
2025-08-29 22:10:26,057 [INFO] Middleware:1452 - No code input for Bsp Dependency
2025-08-29 22:10:26,058 [INFO] Middleware:1452 - No code input for Bsp Dependency
2025-08-29 22:10:26,058 [INFO] Middleware:1452 - No code input for Bsp Dependency
2025-08-29 22:10:26,058 [INFO] IP:3329 - RTE Config file name : RTE_Component
2025-08-29 22:10:26,059 [INFO] IP:3347 - RTE template : RTE_Components.ftl
2025-08-29 22:10:26,060 [INFO] Middleware:1452 - No code input for Bsp Dependency
2025-08-29 22:10:26,061 [INFO] Middleware:1452 - No code input for Bsp Dependency
2025-08-29 22:10:26,062 [INFO] Middleware:1452 - No code input for Bsp Dependency
2025-08-29 22:10:26,062 [INFO] CodeGenerator:1619 - *******************Project context FSBL selected
2025-08-29 22:10:26,127 [INFO] CodeEngine:265 - oldGeneratedFile, C:\ST\AB_LSTM\AB_LSTM\MXTmpFiles\license.tmp_save
2025-08-29 22:10:26,471 [INFO] CodeEngine:289 - Generated code: C:\ST\AB_LSTM\AB_LSTM\MXTmpFiles\license.tmp
2025-08-29 22:10:26,529 [INFO] CodeEngine:265 - oldGeneratedFile, C:\ST\AB_LSTM\AB_LSTM\FSBL\MXTmpFiles\gpio.tmp_save
2025-08-29 22:10:26,678 [INFO] CodeEngine:289 - Generated code: C:\ST\AB_LSTM\AB_LSTM\FSBL\MXTmpFiles\gpio.tmp
2025-08-29 22:10:26,848 [WARN] IPConfigManager:103 - WARNING: Missing Config File for XSPIM ip!!
2025-08-29 22:10:26,944 [INFO] Middleware:1452 - No code input for Bsp Dependency
2025-08-29 22:10:26,954 [INFO] CodeEngine:265 - oldGeneratedFile, C:\ST\AB_LSTM\AB_LSTM\FSBL\MXTmpFiles\boot_code.tmp_save
2025-08-29 22:10:27,068 [INFO] CodeEngine:289 - Generated code: C:\ST\AB_LSTM\AB_LSTM\FSBL\MXTmpFiles\boot_code.tmp
2025-08-29 22:10:27,090 [INFO] CodeEngine:265 - oldGeneratedFile, C:\ST\AB_LSTM\AB_LSTM\FSBL\MXTmpFiles\cortex.tmp_save
2025-08-29 22:10:27,212 [INFO] CodeEngine:289 - Generated code: C:\ST\AB_LSTM\AB_LSTM\FSBL\MXTmpFiles\cortex.tmp
2025-08-29 22:10:27,225 [INFO] Middleware:1452 - No code input for Bsp Dependency
2025-08-29 22:10:27,236 [INFO] CodeEngine:265 - oldGeneratedFile, C:\ST\AB_LSTM\AB_LSTM\FSBL\Core\Inc\extmem_manager.h_save
2025-08-29 22:10:27,354 [INFO] CodeEngine:289 - Generated code: C:\ST\AB_LSTM\AB_LSTM\FSBL\Core\Inc\extmem_manager.h
2025-08-29 22:10:27,362 [INFO] CodeEngine:265 - oldGeneratedFile, C:\ST\AB_LSTM\AB_LSTM\FSBL\Core\Src\extmem_manager.c_save
2025-08-29 22:10:27,472 [INFO] CodeEngine:289 - Generated code: C:\ST\AB_LSTM\AB_LSTM\FSBL\Core\Src\extmem_manager.c
2025-08-29 22:10:27,479 [INFO] CodeEngine:265 - oldGeneratedFile, C:\ST\AB_LSTM\AB_LSTM\FSBL\Core\Inc\stm32_extmem_conf.h_save
2025-08-29 22:10:27,593 [INFO] CodeEngine:289 - Generated code: C:\ST\AB_LSTM\AB_LSTM\FSBL\Core\Inc\stm32_extmem_conf.h
2025-08-29 22:10:27,603 [INFO] CodeEngine:265 - oldGeneratedFile, C:\ST\AB_LSTM\AB_LSTM\FSBL\MXTmpFiles\boot_code.tmp_save
2025-08-29 22:10:27,649 [INFO] CodeEngine:289 - Generated code: C:\ST\AB_LSTM\AB_LSTM\FSBL\MXTmpFiles\boot_code.tmp
2025-08-29 22:10:27,713 [INFO] CodeEngine:265 - oldGeneratedFile, C:\ST\AB_LSTM\AB_LSTM\FSBL\Core\Src\stm32n6xx_it.c_save
2025-08-29 22:10:27,908 [INFO] CodeEngine:289 - Generated code: C:\ST\AB_LSTM\AB_LSTM\FSBL\Core\Src\stm32n6xx_it.c
2025-08-29 22:10:27,916 [INFO] CodeEngine:265 - oldGeneratedFile, C:\ST\AB_LSTM\AB_LSTM\FSBL\Core\Inc\stm32n6xx_it.h_save
2025-08-29 22:10:27,992 [INFO] CodeEngine:289 - Generated code: C:\ST\AB_LSTM\AB_LSTM\FSBL\Core\Inc\stm32n6xx_it.h
2025-08-29 22:10:28,149 [INFO] CodeEngine:265 - oldGeneratedFile, C:\ST\AB_LSTM\AB_LSTM\FSBL\Core\Src\stm32n6xx_hal_msp.c_save
2025-08-29 22:10:28,342 [INFO] CodeEngine:289 - Generated code: C:\ST\AB_LSTM\AB_LSTM\FSBL\Core\Src\stm32n6xx_hal_msp.c
2025-08-29 22:10:28,357 [INFO] CodeEngine:265 - oldGeneratedFile, C:\ST\AB_LSTM\AB_LSTM\FSBL\MXTmpFiles\system.tmp_save
2025-08-29 22:10:28,419 [INFO] CodeEngine:289 - Generated code: C:\ST\AB_LSTM\AB_LSTM\FSBL\MXTmpFiles\system.tmp
2025-08-29 22:10:28,444 [INFO] CodeEngine:321 - oldGeneratedFile, C:\ST\AB_LSTM\AB_LSTM\FSBL\Core\Inc\stm32n6xx_hal_conf.h_save
2025-08-29 22:10:28,601 [INFO] CodeEngine:345 - Generated code: C:\ST\AB_LSTM\AB_LSTM\FSBL\Core\Inc\stm32n6xx_hal_conf.h
2025-08-29 22:10:28,627 [WARN] IPConfigManager:3238 - Warning: the RefConfig RCC_ConfigVoltageScaling is not available in your config.xml file
2025-08-29 22:10:28,638 [WARN] IPConfigManager:3238 - Warning: the RefConfig RCC_RTC_HSEDIV is not available in your config.xml file
2025-08-29 22:10:28,651 [ERROR] ApiDbMcu:560 - Cannot parse XSPIM_Config file : file do not exist
2025-08-29 22:10:28,674 [INFO] CodeEngine:265 - oldGeneratedFile, C:\ST\AB_LSTM\AB_LSTM\FSBL\Core\Inc\main.h_save
2025-08-29 22:10:28,848 [INFO] CodeEngine:289 - Generated code: C:\ST\AB_LSTM\AB_LSTM\FSBL\Core\Inc\main.h
2025-08-29 22:10:28,856 [INFO] CodeEngine:265 - oldGeneratedFile, C:\ST\AB_LSTM\AB_LSTM\FSBL\Core\Src\main.c_save
2025-08-29 22:10:29,016 [INFO] CodeEngine:289 - Generated code: C:\ST\AB_LSTM\AB_LSTM\FSBL\Core\Src\main.c
2025-08-29 22:10:29,060 [INFO] CodeGenerator:1619 - *******************Project context Appli selected
2025-08-29 22:10:29,091 [INFO] IP:3329 - RTE Config file name : RTE_Component
2025-08-29 22:10:29,091 [INFO] IP:3347 - RTE template : RTE_Components.ftl
2025-08-29 22:10:29,104 [INFO] CodeEngine:265 - oldGeneratedFile, C:\ST\AB_LSTM\AB_LSTM\MXTmpFiles\license.tmp_save
2025-08-29 22:10:29,175 [INFO] CodeEngine:289 - Generated code: C:\ST\AB_LSTM\AB_LSTM\MXTmpFiles\license.tmp
2025-08-29 22:10:29,195 [INFO] CodeEngine:265 - oldGeneratedFile, C:\ST\AB_LSTM\AB_LSTM\Appli\MXTmpFiles\gpio.tmp_save
2025-08-29 22:10:29,267 [INFO] CodeEngine:289 - Generated code: C:\ST\AB_LSTM\AB_LSTM\Appli\MXTmpFiles\gpio.tmp
2025-08-29 22:10:29,362 [WARN] IPConfigManager:103 - WARNING: Missing Config File for NVIC ip!!
2025-08-29 22:10:29,446 [INFO] Middleware:1452 - No code input for Bsp Dependency
2025-08-29 22:10:29,447 [INFO] Middleware:1452 - No code input for Bsp Dependency
2025-08-29 22:10:29,447 [INFO] IP:3329 - RTE Config file name : RTE_Component
2025-08-29 22:10:29,447 [INFO] IP:3347 - RTE template : RTE_Components.ftl
2025-08-29 22:10:29,459 [INFO] CodeEngine:265 - oldGeneratedFile, C:\ST\AB_LSTM\AB_LSTM\Appli\MXTmpFiles\cortex.tmp_save
2025-08-29 22:10:29,536 [INFO] CodeEngine:289 - Generated code: C:\ST\AB_LSTM\AB_LSTM\Appli\MXTmpFiles\cortex.tmp
2025-08-29 22:10:29,570 [INFO] CodeEngine:265 - oldGeneratedFile, C:\ST\AB_LSTM\AB_LSTM\Appli\Core\Inc\stm32n6xx_nucleo_conf.h_save
2025-08-29 22:10:29,658 [INFO] CodeEngine:289 - Generated code: C:\ST\AB_LSTM\AB_LSTM\Appli\Core\Inc\stm32n6xx_nucleo_conf.h
2025-08-29 22:10:29,663 [INFO] CodeEngine:265 - oldGeneratedFile, C:\ST\AB_LSTM\AB_LSTM\Appli\MXTmpFiles\bsp_inc.tmp_save
2025-08-29 22:10:29,707 [INFO] CodeEngine:289 - Generated code: C:\ST\AB_LSTM\AB_LSTM\Appli\MXTmpFiles\bsp_inc.tmp
2025-08-29 22:10:29,718 [INFO] CodeEngine:265 - oldGeneratedFile, C:\ST\AB_LSTM\AB_LSTM\Appli\MXTmpFiles\bsp_common_vars.tmp_save
2025-08-29 22:10:29,755 [INFO] CodeEngine:289 - Generated code: C:\ST\AB_LSTM\AB_LSTM\Appli\MXTmpFiles\bsp_common_vars.tmp
2025-08-29 22:10:29,759 [INFO] CodeEngine:265 - oldGeneratedFile, C:\ST\AB_LSTM\AB_LSTM\Appli\MXTmpFiles\bsp_common_init.tmp_save
2025-08-29 22:10:29,802 [INFO] CodeEngine:289 - Generated code: C:\ST\AB_LSTM\AB_LSTM\Appli\MXTmpFiles\bsp_common_init.tmp
2025-08-29 22:10:29,812 [INFO] CodeEngine:265 - oldGeneratedFile, C:\ST\AB_LSTM\AB_LSTM\Appli\MXTmpFiles\bsp_common_demo_before_while.tmp_save
2025-08-29 22:10:29,850 [INFO] CodeEngine:289 - Generated code: C:\ST\AB_LSTM\AB_LSTM\Appli\MXTmpFiles\bsp_common_demo_before_while.tmp
2025-08-29 22:10:29,854 [INFO] CodeEngine:265 - oldGeneratedFile, C:\ST\AB_LSTM\AB_LSTM\Appli\MXTmpFiles\bsp_common_demo_inside_while.tmp_save
2025-08-29 22:10:29,889 [INFO] CodeEngine:289 - Generated code: C:\ST\AB_LSTM\AB_LSTM\Appli\MXTmpFiles\bsp_common_demo_inside_while.tmp
2025-08-29 22:10:29,893 [INFO] CodeEngine:265 - oldGeneratedFile, C:\ST\AB_LSTM\AB_LSTM\Appli\MXTmpFiles\bsp_common_demo_fct.tmp_save
2025-08-29 22:10:29,928 [INFO] CodeEngine:289 - Generated code: C:\ST\AB_LSTM\AB_LSTM\Appli\MXTmpFiles\bsp_common_demo_fct.tmp
2025-08-29 22:10:29,931 [INFO] Middleware:1452 - No code input for Bsp Dependency
2025-08-29 22:10:29,932 [INFO] Middleware:1452 - No code input for Bsp Dependency
2025-08-29 22:10:29,932 [INFO] IP:3329 - RTE Config file name : RTE_Component
2025-08-29 22:10:29,932 [INFO] IP:3347 - RTE template : RTE_Components.ftl
2025-08-29 22:10:29,941 [INFO] CodeEngine:265 - oldGeneratedFile, C:\ST\AB_LSTM\AB_LSTM\Appli\X-CUBE-AI\App\app_x-cube-ai.h_save
2025-08-29 22:10:30,034 [INFO] CodeEngine:289 - Generated code: C:\ST\AB_LSTM\AB_LSTM\Appli\X-CUBE-AI\App\app_x-cube-ai.h
2025-08-29 22:10:30,040 [INFO] CodeEngine:265 - oldGeneratedFile, C:\ST\AB_LSTM\AB_LSTM\Appli\X-CUBE-AI\constants_ai.h_save
2025-08-29 22:10:30,098 [INFO] CodeEngine:289 - Generated code: C:\ST\AB_LSTM\AB_LSTM\Appli\X-CUBE-AI\constants_ai.h
2025-08-29 22:10:30,104 [INFO] CodeEngine:265 - oldGeneratedFile, C:\ST\AB_LSTM\AB_LSTM\Appli\X-CUBE-AI\App\app_x-cube-ai.c_save
2025-08-29 22:10:30,186 [INFO] CodeEngine:289 - Generated code: C:\ST\AB_LSTM\AB_LSTM\Appli\X-CUBE-AI\App\app_x-cube-ai.c
2025-08-29 22:10:30,247 [INFO] CodeEngine:265 - oldGeneratedFile, C:\ST\AB_LSTM\AB_LSTM\Appli\Core\Src\stm32n6xx_it.c_save
2025-08-29 22:10:30,407 [INFO] CodeEngine:289 - Generated code: C:\ST\AB_LSTM\AB_LSTM\Appli\Core\Src\stm32n6xx_it.c
2025-08-29 22:10:30,415 [INFO] CodeEngine:265 - oldGeneratedFile, C:\ST\AB_LSTM\AB_LSTM\Appli\Core\Inc\stm32n6xx_it.h_save
2025-08-29 22:10:30,489 [INFO] CodeEngine:289 - Generated code: C:\ST\AB_LSTM\AB_LSTM\Appli\Core\Inc\stm32n6xx_it.h
2025-08-29 22:10:30,493 [INFO] IP:3329 - RTE Config file name : RTE_Component
2025-08-29 22:10:30,493 [INFO] IP:3347 - RTE template : RTE_Components.ftl
2025-08-29 22:10:30,493 [INFO] CodeGenerator:2312 - Add RTE Code Input 
2025-08-29 22:10:30,502 [INFO] CodeEngine:265 - oldGeneratedFile, C:\ST\AB_LSTM\AB_LSTM\Appli\Core\Inc\RTE_Components.h_save
2025-08-29 22:10:30,590 [INFO] CodeEngine:289 - Generated code: C:\ST\AB_LSTM\AB_LSTM\Appli\Core\Inc\RTE_Components.h
2025-08-29 22:10:30,599 [INFO] CodeEngine:265 - oldGeneratedFile, C:\ST\AB_LSTM\AB_LSTM\Appli\MXTmpFiles\RIFInit.tmp_save
2025-08-29 22:10:30,676 [INFO] CodeEngine:289 - Generated code: C:\ST\AB_LSTM\AB_LSTM\Appli\MXTmpFiles\RIFInit.tmp
2025-08-29 22:10:30,763 [INFO] CodeEngine:265 - oldGeneratedFile, C:\ST\AB_LSTM\AB_LSTM\Appli\Core\Src\stm32n6xx_hal_msp.c_save
2025-08-29 22:10:30,909 [INFO] CodeEngine:289 - Generated code: C:\ST\AB_LSTM\AB_LSTM\Appli\Core\Src\stm32n6xx_hal_msp.c
2025-08-29 22:10:30,914 [INFO] CodeEngine:265 - oldGeneratedFile, C:\ST\AB_LSTM\AB_LSTM\Appli\MXTmpFiles\system.tmp_save
2025-08-29 22:10:30,944 [INFO] CodeEngine:289 - Generated code: C:\ST\AB_LSTM\AB_LSTM\Appli\MXTmpFiles\system.tmp
2025-08-29 22:10:30,954 [INFO] CodeEngine:321 - oldGeneratedFile, C:\ST\AB_LSTM\AB_LSTM\Appli\Core\Inc\stm32n6xx_hal_conf.h_save
2025-08-29 22:10:31,045 [INFO] CodeEngine:345 - Generated code: C:\ST\AB_LSTM\AB_LSTM\Appli\Core\Inc\stm32n6xx_hal_conf.h
2025-08-29 22:10:31,058 [WARN] IPConfigManager:3238 - Warning: the RefConfig RCC_ConfigVoltageScaling is not available in your config.xml file
2025-08-29 22:10:31,059 [WARN] IPConfigManager:3238 - Warning: the RefConfig RCC_RTC_HSEDIV is not available in your config.xml file
2025-08-29 22:10:31,071 [WARN] IPConfigManager:3811 - IP not found : TIM
2025-08-29 22:10:31,073 [WARN] CodeGenerator:4259 - IP not found : null
2025-08-29 22:10:31,080 [INFO] CodeEngine:265 - oldGeneratedFile, C:\ST\AB_LSTM\AB_LSTM\Appli\Core\Inc\main.h_save
2025-08-29 22:10:31,182 [INFO] CodeEngine:289 - Generated code: C:\ST\AB_LSTM\AB_LSTM\Appli\Core\Inc\main.h
2025-08-29 22:10:31,192 [INFO] CodeEngine:265 - oldGeneratedFile, C:\ST\AB_LSTM\AB_LSTM\Appli\Core\Src\main.c_save
2025-08-29 22:10:31,314 [INFO] CodeEngine:289 - Generated code: C:\ST\AB_LSTM\AB_LSTM\Appli\Core\Src\main.c
2025-08-29 22:10:31,324 [INFO] CodeEngine:265 - oldGeneratedFile, C:\ST\AB_LSTM\AB_LSTM\Appli\Core\Src\secure_nsc.c_save
2025-08-29 22:10:31,422 [INFO] CodeEngine:289 - Generated code: C:\ST\AB_LSTM\AB_LSTM\Appli\Core\Src\secure_nsc.c
2025-08-29 22:10:31,434 [INFO] CodeEngine:265 - oldGeneratedFile, C:\ST\AB_LSTM\AB_LSTM\Appli\Core\Inc\partition_stm32n657xx.h_save
2025-08-29 22:10:31,581 [INFO] CodeEngine:289 - Generated code: C:\ST\AB_LSTM\AB_LSTM\Appli\Core\Inc\partition_stm32n657xx.h
2025-08-29 22:10:31,592 [INFO] CodeEngine:265 - oldGeneratedFile, C:\ST\AB_LSTM\AB_LSTM\Secure_nsclib\secure_nsc.h_save
2025-08-29 22:10:31,654 [INFO] CodeEngine:289 - Generated code: C:\ST\AB_LSTM\AB_LSTM\Secure_nsclib\secure_nsc.h
2025-08-29 22:10:31,680 [INFO] CodeGenerator:1707 - *******************Project context ExtMemLoader Not selected
2025-08-29 22:10:32,554 [INFO] AInterface:322 - ModelName:network; files:[C:\Users\ZOJOLDRI\OneDrive - Carl Zeiss AG\Dokumente\Zeiss\SMT\Bachelor\AB Encoder Model\AB_Encoder_Synthetic_Data\lstm_ab_encoder.h5]; type:Keras; compression:None
2025-08-29 22:10:32,554 [INFO] AInterface:526 - workspaceTempDir: C:/Users/ZOJOLDRI/AppData/Local/Temp/mxAI_workspace7324299312392008356781031895832720
2025-08-29 22:10:32,555 [INFO] AInterface:1176 - Setting Env: C:/Users/ZOJOLDRI/STM32Cube/Repository/Packs/STMicroelectronics/X-CUBE-AI/10.2.0/Utilities/windows
2025-08-29 22:10:32,565 [INFO] STM32CubeIDEBuilder:265 - Looking for gnu-tools-for-stm32 tools/bin/arm-none-eabi-gcc.exe in C:\ST\STM32CubeIDE_1.19.0\STM32CubeIDE
2025-08-29 22:10:32,567 [INFO] STM32CubeIDEBuilder:294 - checking C:\ST\STM32CubeIDE_1.19.0\STM32CubeIDE\plugins\com.st.stm32cube.ide.mcu.externaltools.gnu-tools-for-stm32.13.3.rel1.win32_1.0.0.202411081344\tools\bin\arm-none-eabi-gcc.exe
2025-08-29 22:10:32,567 [INFO] STM32CubeIDEBuilder:297 - ret=C:\ST\STM32CubeIDE_1.19.0\STM32CubeIDE\plugins\com.st.stm32cube.ide.mcu.externaltools.gnu-tools-for-stm32.13.3.rel1.win32_1.0.0.202411081344\tools\bin\arm-none-eabi-gcc.exe
2025-08-29 22:10:32,567 [INFO] STM32CubeIDEBuilder:311 - returning C:\ST\STM32CubeIDE_1.19.0\STM32CubeIDE\plugins\com.st.stm32cube.ide.mcu.externaltools.gnu-tools-for-stm32.13.3.rel1.win32_1.0.0.202411081344\tools\bin\arm-none-eabi-gcc.exe
2025-08-29 22:10:32,568 [INFO] AInterface:1233 - Custom PATH variable: C:/Users/ZOJOLDRI/STM32Cube/Repository/Packs/STMicroelectronics/X-CUBE-AI/10.2.0/Utilities/windows;C:/Users/ZOJOLDRI/STM32Cube/Repository/Packs/STMicroelectronics/X-CUBE-AI/10.2.0/Utilities/windows/mingw64/bin;C:/Users/ZOJOLDRI/STM32Cube/Repository/Packs/STMicroelectronics/X-CUBE-AI/10.2.0/Utilities/windows/mingw64/libexec/gcc/x86_64-w64-mingw32/7.3.0;;C:\ST\STM32CubeIDE_1.19.0\STM32CubeIDE\plugins\com.st.stm32cube.ide.mcu.externaltools.gnu-tools-for-stm32.13.3.rel1.win32_1.0.0.202411081344\tools\bin
2025-08-29 22:10:32,569 [INFO] CmdLine:115 - Command: C:/Users/ZOJOLDRI/STM32Cube/Repository/Packs/STMicroelectronics/X-CUBE-AI/10.2.0/Utilities/windows/stedgeai.exe generate --target stm32n6 --name network -m C:/Users/ZOJOLDRI/OneDrive - Carl Zeiss AG/Dokumente/Zeiss/SMT/Bachelor/AB Encoder Model/AB_Encoder_Synthetic_Data/lstm_ab_encoder.h5 --compression none --verbosity 1 --workspace C:/Users/ZOJOLDRI/AppData/Local/Temp/mxAI_workspace7324299312392008356781031895832720 --output C:/Users/ZOJOLDRI/.stm32cubemx/network_output
2025-08-29 22:10:32,569 [INFO] AIModelDetailledView:2380 - Analysis status: pending
2025-08-29 22:10:42,467 [INFO] CmdLine:76 - ST Edge AI Core v2.2.0-20266 2adc00962
2025-08-29 22:11:58,658 [INFO] CmdLine:76 - Creating c (debug) info json file C:\Users\ZOJOLDRI\.stm32cubemx\network_output\network_c_info.json
2025-08-29 22:11:58,674 [INFO] CmdLine:76 -  
2025-08-29 22:11:58,674 [INFO] CmdLine:76 -  Exec/report summary (generate)
2025-08-29 22:11:58,674 [INFO] CmdLine:76 -  ---------------------------------------------------------------------------------------------------------------------------------------------------------------
2025-08-29 22:11:58,674 [INFO] CmdLine:76 -  model file         :   C:\Users\ZOJOLDRI\OneDrive - Carl Zeiss AG\Dokumente\Zeiss\SMT\Bachelor\AB Encoder Model\AB_Encoder_Synthetic_Data\lstm_ab_encoder.h5   
2025-08-29 22:11:58,674 [INFO] CmdLine:76 -  type               :   keras                                                                                                                                   
2025-08-29 22:11:58,675 [INFO] CmdLine:76 -  c_name             :   network                                                                                                                                 
2025-08-29 22:11:58,675 [INFO] CmdLine:76 -  compression        :   none                                                                                                                                    
2025-08-29 22:11:58,675 [INFO] CmdLine:76 -  options            :   allocate-inputs, allocate-outputs                                                                                                       
2025-08-29 22:11:58,675 [INFO] CmdLine:76 -  optimization       :   balanced                                                                                                                                
2025-08-29 22:11:58,675 [INFO] CmdLine:76 -  target/series      :   stm32n6                                                                                                                                 
2025-08-29 22:11:58,675 [INFO] CmdLine:76 -  workspace dir      :   C:\Users\ZOJOLDRI\AppData\Local\Temp\mxAI_workspace7324299312392008356781031895832720                                                   
2025-08-29 22:11:58,675 [INFO] CmdLine:76 -  output dir         :   C:\Users\ZOJOLDRI\.stm32cubemx\network_output                                                                                           
2025-08-29 22:11:58,676 [INFO] CmdLine:76 -  model_fmt          :   float                                                                                                                                   
2025-08-29 22:11:58,676 [INFO] CmdLine:76 -  model_name         :   lstm_ab_encoder                                                                                                                         
2025-08-29 22:11:58,676 [INFO] CmdLine:76 -  model_hash         :   0xa47bada8397fa61bef25ba35fe6f4e01                                                                                                      
2025-08-29 22:11:58,676 [INFO] CmdLine:76 -  params #           :   6,100 items (23.83 KiB)                                                                                                                 
2025-08-29 22:11:58,676 [INFO] CmdLine:76 -  ---------------------------------------------------------------------------------------------------------------------------------------------------------------
2025-08-29 22:11:58,676 [INFO] CmdLine:76 -  input 1/1          :   'input_0', f32(1x20x10), 800 Bytes, activations                                                                                         
2025-08-29 22:11:58,676 [INFO] CmdLine:76 -  output 1/1         :   'output', f32(1x4), 16 Bytes, activations                                                                                               
2025-08-29 22:11:58,678 [INFO] CmdLine:76 -  macc               :   111,392                                                                                                                                 
2025-08-29 22:11:58,678 [INFO] CmdLine:76 -  weights (ro)       :   24,784 B (24.20 KiB) (1 segment) / +384(+1.6%) vs float model                                                                           
2025-08-29 22:11:58,678 [INFO] CmdLine:76 -  activations (rw)   :   1,824 B (1.78 KiB) (1 segment) *                                                                                                        
2025-08-29 22:11:58,678 [INFO] CmdLine:76 -  ram (total)        :   1,824 B (1.78 KiB) = 1,824 + 0 + 0                                                                                                      
2025-08-29 22:11:58,678 [INFO] CmdLine:76 -  ---------------------------------------------------------------------------------------------------------------------------------------------------------------
2025-08-29 22:11:58,678 [INFO] CmdLine:76 -  (*) 'input'/'output' buffers are allocated in the activations buffer
2025-08-29 22:11:58,678 [INFO] CmdLine:76 - Computing AI RT data/code size (target=stm32n6)..
2025-08-29 22:12:05,606 [INFO] CmdLine:76 -  Requested memory size by section - "stm32n6" target
2025-08-29 22:12:05,607 [INFO] CmdLine:76 -  ------------------------------- -------- -------- ------- -------
2025-08-29 22:12:05,608 [INFO] CmdLine:76 -  module                              text   rodata    data     bss
2025-08-29 22:12:05,608 [INFO] CmdLine:76 -  ------------------------------- -------- -------- ------- -------
2025-08-29 22:12:05,608 [INFO] CmdLine:76 -  NetworkRuntime1020_CM55_GCC.a     15,800       32       0       0
2025-08-29 22:12:05,609 [INFO] CmdLine:76 -  network.o                            596       40   1,888     136
2025-08-29 22:12:05,609 [INFO] CmdLine:76 -  network_data.o                        48       16      88       0
2025-08-29 22:12:05,609 [INFO] CmdLine:76 -  lib (toolchain)*                   1,132      340       0       0
2025-08-29 22:12:05,609 [INFO] CmdLine:76 -  ------------------------------- -------- -------- ------- -------
2025-08-29 22:12:05,609 [INFO] CmdLine:76 -  RT total**                        17,576      428   1,976     136
2025-08-29 22:12:05,610 [INFO] CmdLine:76 -  ------------------------------- -------- -------- ------- -------
2025-08-29 22:12:05,610 [INFO] CmdLine:76 -  weights                                0   24,784       0       0
2025-08-29 22:12:05,610 [INFO] CmdLine:76 -  activations                            0        0       0   1,824
2025-08-29 22:12:05,610 [INFO] CmdLine:76 -  io                                     0        0       0       0
2025-08-29 22:12:05,610 [INFO] CmdLine:76 -  ------------------------------- -------- -------- ------- -------
2025-08-29 22:12:05,610 [INFO] CmdLine:76 -  TOTAL                             17,576   25,212   1,976   1,960
2025-08-29 22:12:05,610 [INFO] CmdLine:76 -  ------------------------------- -------- -------- ------- -------
2025-08-29 22:12:05,610 [INFO] CmdLine:76 -  *  toolchain objects (libm/libgcc*)
2025-08-29 22:12:05,611 [INFO] CmdLine:76 -  ** RT AI runtime objects (kernels+infrastructure)
2025-08-29 22:12:05,611 [INFO] CmdLine:76 -   Summary - "stm32n6" target
2025-08-29 22:12:05,611 [INFO] CmdLine:76 -   ---------------------------------------------------
2025-08-29 22:12:05,611 [INFO] CmdLine:76 -                FLASH (ro)      %*   RAM (rw)       %
2025-08-29 22:12:05,611 [INFO] CmdLine:76 -   ---------------------------------------------------
2025-08-29 22:12:05,611 [INFO] CmdLine:76 -   RT total         19,980   44.6%      2,112   53.7%
2025-08-29 22:12:05,611 [INFO] CmdLine:76 -   ---------------------------------------------------
2025-08-29 22:12:05,611 [INFO] CmdLine:76 -   TOTAL            44,764              3,936
2025-08-29 22:12:05,612 [INFO] CmdLine:76 -   ---------------------------------------------------
2025-08-29 22:12:05,612 [INFO] CmdLine:76 -   *  rt/total
2025-08-29 22:12:05,612 [INFO] CmdLine:76 -  Generated files (7)
2025-08-29 22:12:05,613 [INFO] CmdLine:76 -  ---------------------------------------------------------------------
2025-08-29 22:12:05,613 [INFO] CmdLine:76 -  C:\Users\ZOJOLDRI\.stm32cubemx\network_output\network_data_params.h
2025-08-29 22:12:05,613 [INFO] CmdLine:76 -  C:\Users\ZOJOLDRI\.stm32cubemx\network_output\network_data_params.c
2025-08-29 22:12:05,613 [INFO] CmdLine:76 -  C:\Users\ZOJOLDRI\.stm32cubemx\network_output\network_data.h
2025-08-29 22:12:05,614 [INFO] CmdLine:76 -  C:\Users\ZOJOLDRI\.stm32cubemx\network_output\network_data.c
2025-08-29 22:12:05,614 [INFO] CmdLine:76 -  C:\Users\ZOJOLDRI\.stm32cubemx\network_output\network_config.h
2025-08-29 22:12:05,615 [INFO] CmdLine:76 -  C:\Users\ZOJOLDRI\.stm32cubemx\network_output\network.h
2025-08-29 22:12:05,615 [INFO] CmdLine:76 -  C:\Users\ZOJOLDRI\.stm32cubemx\network_output\network.c
2025-08-29 22:12:05,615 [INFO] CmdLine:76 - Creating txt report file C:\Users\ZOJOLDRI\.stm32cubemx\network_output\network_generate_report.txt
2025-08-29 22:12:09,502 [INFO] CmdLine:76 - elapsed time (generate): 87.035s
2025-08-29 22:12:09,920 [INFO] CmdLine:148 - stedgeai exit with status: 0
2025-08-29 22:12:09,935 [INFO] AIModelDetailledView:2380 - Analysis status: done
2025-08-29 22:12:10,829 [INFO] ProjectBuilder:3606 - Time for Copy HAL[1] : 367mS.
2025-08-29 22:12:10,829 [ERROR] Middleware:2950 - Invalid RefComponent list
2025-08-29 22:12:10,829 [ERROR] Middleware:2950 - Invalid RefComponent list
2025-08-29 22:12:10,829 [ERROR] Middleware:2950 - Invalid RefComponent list
2025-08-29 22:12:10,829 [ERROR] Middleware:2950 - Invalid RefComponent list
2025-08-29 22:12:10,829 [ERROR] Middleware:2950 - Invalid RefComponent list
2025-08-29 22:12:10,829 [ERROR] Middleware:2950 - Invalid RefComponent list
2025-08-29 22:12:10,829 [ERROR] Middleware:2950 - Invalid RefComponent list
2025-08-29 22:12:10,829 [ERROR] Middleware:2950 - Invalid RefComponent list
2025-08-29 22:12:10,829 [ERROR] Middleware:2950 - Invalid RefComponent list
2025-08-29 22:12:10,829 [ERROR] Middleware:2950 - Invalid RefComponent list
2025-08-29 22:12:10,829 [ERROR] Middleware:2950 - Invalid RefComponent list
2025-08-29 22:12:10,829 [ERROR] Middleware:2950 - Invalid RefComponent list
2025-08-29 22:12:10,829 [ERROR] Middleware:2950 - Invalid RefComponent list
2025-08-29 22:12:10,829 [ERROR] Middleware:2950 - Invalid RefComponent list
2025-08-29 22:12:10,829 [ERROR] Middleware:2950 - Invalid RefComponent list
2025-08-29 22:12:10,829 [ERROR] Middleware:2950 - Invalid RefComponent list
2025-08-29 22:12:10,829 [ERROR] Middleware:2950 - Invalid RefComponent list
2025-08-29 22:12:10,829 [ERROR] Middleware:2950 - Invalid RefComponent list
2025-08-29 22:12:10,829 [ERROR] Middleware:2950 - Invalid RefComponent list
2025-08-29 22:12:10,829 [ERROR] Middleware:2950 - Invalid RefComponent list
2025-08-29 22:12:10,829 [ERROR] Middleware:2950 - Invalid RefComponent list
2025-08-29 22:12:10,829 [ERROR] Middleware:2950 - Invalid RefComponent list
2025-08-29 22:12:10,829 [ERROR] Middleware:2950 - Invalid RefComponent list
2025-08-29 22:12:10,829 [ERROR] Middleware:2950 - Invalid RefComponent list
2025-08-29 22:12:10,829 [ERROR] Middleware:2950 - Invalid RefComponent list
2025-08-29 22:12:10,829 [ERROR] Middleware:2950 - Invalid RefComponent list
2025-08-29 22:12:10,829 [ERROR] Middleware:2950 - Invalid RefComponent list
2025-08-29 22:12:10,829 [ERROR] Middleware:2950 - Invalid RefComponent list
2025-08-29 22:12:10,830 [ERROR] Middleware:2950 - Invalid RefComponent list
2025-08-29 22:12:10,830 [ERROR] Middleware:2950 - Invalid RefComponent list
2025-08-29 22:12:10,830 [ERROR] Middleware:2950 - Invalid RefComponent list
2025-08-29 22:12:10,830 [ERROR] Middleware:2950 - Invalid RefComponent list
2025-08-29 22:12:10,830 [ERROR] Middleware:2950 - Invalid RefComponent list
2025-08-29 22:12:10,830 [ERROR] Middleware:2950 - Invalid RefComponent list
2025-08-29 22:12:10,830 [ERROR] Middleware:2950 - Invalid RefComponent list
2025-08-29 22:12:10,830 [ERROR] Middleware:2950 - Invalid RefComponent list
2025-08-29 22:12:10,830 [ERROR] Middleware:2950 - Invalid RefComponent list
2025-08-29 22:12:10,830 [ERROR] Middleware:2950 - Invalid RefComponent list
2025-08-29 22:12:10,830 [ERROR] Middleware:2950 - Invalid RefComponent list
2025-08-29 22:12:10,830 [ERROR] Middleware:2950 - Invalid RefComponent list
2025-08-29 22:12:10,830 [ERROR] Middleware:2950 - Invalid RefComponent list
2025-08-29 22:12:10,830 [ERROR] Middleware:2950 - Invalid RefComponent list
2025-08-29 22:12:10,830 [ERROR] Middleware:2950 - Invalid RefComponent list
2025-08-29 22:12:10,830 [ERROR] Middleware:2950 - Invalid RefComponent list
2025-08-29 22:12:10,830 [ERROR] Middleware:2950 - Invalid RefComponent list
2025-08-29 22:12:10,830 [ERROR] Middleware:2950 - Invalid RefComponent list
2025-08-29 22:12:10,830 [ERROR] Middleware:2950 - Invalid RefComponent list
2025-08-29 22:12:10,830 [ERROR] Middleware:2950 - Invalid RefComponent list
2025-08-29 22:12:10,830 [ERROR] Middleware:2950 - Invalid RefComponent list
2025-08-29 22:12:10,830 [ERROR] Middleware:2950 - Invalid RefComponent list
2025-08-29 22:12:10,830 [ERROR] Middleware:2950 - Invalid RefComponent list
2025-08-29 22:12:10,830 [ERROR] Middleware:2950 - Invalid RefComponent list
2025-08-29 22:12:10,830 [ERROR] Middleware:2950 - Invalid RefComponent list
2025-08-29 22:12:10,830 [ERROR] Middleware:2950 - Invalid RefComponent list
2025-08-29 22:12:10,830 [ERROR] Middleware:2950 - Invalid RefComponent list
2025-08-29 22:12:10,830 [ERROR] Middleware:2950 - Invalid RefComponent list
2025-08-29 22:12:10,830 [ERROR] Middleware:2950 - Invalid RefComponent list
2025-08-29 22:12:10,830 [ERROR] Middleware:2950 - Invalid RefComponent list
2025-08-29 22:12:10,830 [ERROR] Middleware:2950 - Invalid RefComponent list
2025-08-29 22:12:10,830 [ERROR] Middleware:2950 - Invalid RefComponent list
2025-08-29 22:12:10,830 [ERROR] Middleware:2950 - Invalid RefComponent list
2025-08-29 22:12:10,830 [ERROR] Middleware:2950 - Invalid RefComponent list
2025-08-29 22:12:10,830 [ERROR] Middleware:2950 - Invalid RefComponent list
2025-08-29 22:12:10,830 [ERROR] Middleware:2950 - Invalid RefComponent list
2025-08-29 22:12:10,830 [ERROR] Middleware:2950 - Invalid RefComponent list
2025-08-29 22:12:10,830 [ERROR] Middleware:2950 - Invalid RefComponent list
2025-08-29 22:12:10,830 [ERROR] Middleware:2950 - Invalid RefComponent list
2025-08-29 22:12:10,830 [ERROR] Middleware:2950 - Invalid RefComponent list
2025-08-29 22:12:10,830 [ERROR] Middleware:2950 - Invalid RefComponent list
2025-08-29 22:12:10,830 [ERROR] Middleware:2950 - Invalid RefComponent list
2025-08-29 22:12:10,852 [INFO] ProjectBuilder:5216 - Project Generator version: 4.7.0-B52
2025-08-29 22:12:10,917 [INFO] ConfigFileManager:1595 - The Die is : DIE486
2025-08-29 22:12:22,806 [INFO] ProjectBuilder:5056 - Time for Generating toolchain IDE Files: 11953mS.
2025-08-29 22:12:22,808 [INFO] ProjectBuilder:3463 - Time for Copy CMSIS : 2mS.
2025-08-29 22:12:22,819 [INFO] ProjectBuilder:3463 - Time for Copy CMSIS : 0mS.
