2025-08-15 12:03:18,358 [ERROR] LogOutputStream:75 - [STDERR_REDIRECT] Exception in thread "AWT-EventQueue-0" java.lang.ClassCastException: class sun.awt.windows.WEmbeddedFrame cannot be cast to class javax.swing.JFrame (sun.awt.windows.WEmbeddedFrame and javax.swing.JFrame are in module java.desktop of loader 'bootstrap')
2025-08-15 12:03:18,373 [ERROR] LogOutputStream:75 - [STDERR_REDIRECT] 	at com.st.microxplorer.plugins.clock.ClockConfigurationView.activatePlugin(ClockConfigurationView.java:424)
2025-08-15 12:03:18,374 [ERROR] LogOutputStream:75 - [STDERR_REDIRECT] 	at com.st.microxplorer.maingui.MainPanel$1.stateChanged(MainPanel.java:385)
2025-08-15 12:03:18,374 [ERROR] LogOutputStream:75 - [STDERR_REDIRECT] 	at java.desktop/javax.swing.JTabbedPane.fireStateChanged(JTabbedPane.java:446)
2025-08-15 12:03:18,375 [ERROR] LogOutputStream:75 - [STDERR_REDIRECT] 	at java.desktop/javax.swing.JTabbedPane$ModelListener.stateChanged(JTabbedPane.java:297)
2025-08-15 12:03:18,376 [ERROR] LogOutputStream:75 - [STDERR_REDIRECT] 	at java.desktop/javax.swing.DefaultSingleSelectionModel.fireStateChanged(DefaultSingleSelectionModel.java:148)
2025-08-15 12:03:18,376 [ERROR] LogOutputStream:75 - [STDERR_REDIRECT] 	at java.desktop/javax.swing.DefaultSingleSelectionModel.setSelectedIndex(DefaultSingleSelectionModel.java:79)
2025-08-15 12:03:18,377 [ERROR] LogOutputStream:75 - [STDERR_REDIRECT] 	at java.desktop/javax.swing.JTabbedPane.setSelectedIndexImpl(JTabbedPane.java:650)
2025-08-15 12:03:18,377 [ERROR] LogOutputStream:75 - [STDERR_REDIRECT] 	at java.desktop/javax.swing.JTabbedPane.setSelectedIndex(JTabbedPane.java:625)
2025-08-15 12:03:18,378 [ERROR] LogOutputStream:75 - [STDERR_REDIRECT] 	at java.desktop/javax.swing.plaf.basic.BasicTabbedPaneUI$Handler.mousePressed(BasicTabbedPaneUI.java:4140)
2025-08-15 12:03:18,379 [ERROR] LogOutputStream:75 - [STDERR_REDIRECT] 	at java.desktop/java.awt.Component.processMouseEvent(Component.java:6618)
2025-08-15 12:03:18,379 [ERROR] LogOutputStream:75 - [STDERR_REDIRECT] 	at java.desktop/javax.swing.JComponent.processMouseEvent(JComponent.java:3398)
2025-08-15 12:03:18,380 [ERROR] LogOutputStream:75 - [STDERR_REDIRECT] 	at java.desktop/java.awt.Component.processEvent(Component.java:6386)
2025-08-15 12:03:18,380 [ERROR] LogOutputStream:75 - [STDERR_REDIRECT] 	at java.desktop/java.awt.Container.processEvent(Container.java:2266)
2025-08-15 12:03:18,381 [ERROR] LogOutputStream:75 - [STDERR_REDIRECT] 	at java.desktop/java.awt.Component.dispatchEventImpl(Component.java:4996)
2025-08-15 12:03:18,381 [ERROR] LogOutputStream:75 - [STDERR_REDIRECT] 	at java.desktop/java.awt.Container.dispatchEventImpl(Container.java:2324)
2025-08-15 12:03:18,381 [ERROR] LogOutputStream:75 - [STDERR_REDIRECT] 	at java.desktop/java.awt.Component.dispatchEvent(Component.java:4828)
2025-08-15 12:03:18,382 [ERROR] LogOutputStream:75 - [STDERR_REDIRECT] 	at java.desktop/java.awt.LightweightDispatcher.retargetMouseEvent(Container.java:4948)
2025-08-15 12:03:18,383 [ERROR] LogOutputStream:75 - [STDERR_REDIRECT] 	at java.desktop/java.awt.LightweightDispatcher.processMouseEvent(Container.java:4572)
2025-08-15 12:03:18,383 [ERROR] LogOutputStream:75 - [STDERR_REDIRECT] 	at java.desktop/java.awt.LightweightDispatcher.dispatchEvent(Container.java:4516)
2025-08-15 12:03:18,383 [ERROR] LogOutputStream:75 - [STDERR_REDIRECT] 	at java.desktop/java.awt.Container.dispatchEventImpl(Container.java:2310)
2025-08-15 12:03:18,384 [ERROR] LogOutputStream:75 - [STDERR_REDIRECT] 	at java.desktop/java.awt.Component.dispatchEvent(Component.java:4828)
2025-08-15 12:03:18,384 [ERROR] LogOutputStream:75 - [STDERR_REDIRECT] 	at java.desktop/java.awt.EventQueue.dispatchEventImpl(EventQueue.java:775)
2025-08-15 12:03:18,385 [ERROR] LogOutputStream:75 - [STDERR_REDIRECT] 	at java.desktop/java.awt.EventQueue$4.run(EventQueue.java:720)
2025-08-15 12:03:18,385 [ERROR] LogOutputStream:75 - [STDERR_REDIRECT] 	at java.desktop/java.awt.EventQueue$4.run(EventQueue.java:714)
2025-08-15 12:03:18,387 [ERROR] LogOutputStream:75 - [STDERR_REDIRECT] 	at java.base/java.security.AccessController.doPrivileged(AccessController.java:400)
2025-08-15 12:03:18,388 [ERROR] LogOutputStream:75 - [STDERR_REDIRECT] 	at java.base/java.security.ProtectionDomain$JavaSecurityAccessImpl.doIntersectionPrivilege(ProtectionDomain.java:87)
2025-08-15 12:03:18,389 [ERROR] LogOutputStream:75 - [STDERR_REDIRECT] 	at java.base/java.security.ProtectionDomain$JavaSecurityAccessImpl.doIntersectionPrivilege(ProtectionDomain.java:98)
2025-08-15 12:03:18,390 [ERROR] LogOutputStream:75 - [STDERR_REDIRECT] 	at java.desktop/java.awt.EventQueue$5.run(EventQueue.java:747)
2025-08-15 12:03:18,391 [ERROR] LogOutputStream:75 - [STDERR_REDIRECT] 	at java.desktop/java.awt.EventQueue$5.run(EventQueue.java:745)
2025-08-15 12:03:18,392 [ERROR] LogOutputStream:75 - [STDERR_REDIRECT] 	at java.base/java.security.AccessController.doPrivileged(AccessController.java:400)
2025-08-15 12:03:18,393 [ERROR] LogOutputStream:75 - [STDERR_REDIRECT] 	at java.base/java.security.ProtectionDomain$JavaSecurityAccessImpl.doIntersectionPrivilege(ProtectionDomain.java:87)
2025-08-15 12:03:18,393 [ERROR] LogOutputStream:75 - [STDERR_REDIRECT] 	at java.desktop/java.awt.EventQueue.dispatchEvent(EventQueue.java:744)
2025-08-15 12:03:18,394 [ERROR] LogOutputStream:75 - [STDERR_REDIRECT] 	at java.desktop/java.awt.EventDispatchThread.pumpOneEventForFilters(EventDispatchThread.java:203)
2025-08-15 12:03:18,395 [ERROR] LogOutputStream:75 - [STDERR_REDIRECT] 	at java.desktop/java.awt.EventDispatchThread.pumpEventsForFilter(EventDispatchThread.java:124)
2025-08-15 12:03:18,395 [ERROR] LogOutputStream:75 - [STDERR_REDIRECT] 	at java.desktop/java.awt.EventDispatchThread.pumpEventsForHierarchy(EventDispatchThread.java:113)
2025-08-15 12:03:18,396 [ERROR] LogOutputStream:75 - [STDERR_REDIRECT] 	at java.desktop/java.awt.EventDispatchThread.pumpEvents(EventDispatchThread.java:109)
2025-08-15 12:03:18,397 [ERROR] LogOutputStream:75 - [STDERR_REDIRECT] 	at java.desktop/java.awt.EventDispatchThread.pumpEvents(EventDispatchThread.java:101)
2025-08-15 12:03:18,397 [ERROR] LogOutputStream:75 - [STDERR_REDIRECT] 	at java.desktop/java.awt.EventDispatchThread.run(EventDispatchThread.java:90)
2025-08-15 12:03:21,097 [WARN] IP:2250 - RefParam_LRUN_SRC_memory not found: check if there is a RefParameter without a condition.
2025-08-15 12:03:21,097 [WARN] IP:2250 - RefParam_LRUN_SRC_offset not found: check if there is a RefParameter without a condition.
2025-08-15 12:03:21,097 [WARN] IP:2250 - RefParam_LRUN_SRC_size not found: check if there is a RefParameter without a condition.
2025-08-15 12:03:21,097 [WARN] IP:2250 - RefParam_LRUN_DEST_memory not found: check if there is a RefParameter without a condition.
2025-08-15 12:03:21,097 [WARN] IP:2250 - RefParam_LRUN_DEST_offset not found: check if there is a RefParameter without a condition.
2025-08-15 12:03:21,097 [WARN] IP:2250 - RefParam_MEMORY_1_Size not found: check if there is a RefParameter without a condition.
2025-08-15 12:03:21,097 [WARN] IP:2250 - RefParam_MEMORY_1_FreqMax not found: check if there is a RefParameter without a condition.
2025-08-15 12:03:21,097 [WARN] IP:2250 - RefParam_MEMORY_1_ReadReg not found: check if there is a RefParameter without a condition.
2025-08-15 12:03:21,097 [WARN] IP:2250 - RefParam_MEMORY_1_WriteReg not found: check if there is a RefParameter without a condition.
2025-08-15 12:03:21,097 [WARN] IP:2250 - RefParam_MEMORY_1_RegSize not found: check if there is a RefParameter without a condition.
2025-08-15 12:03:21,097 [WARN] IP:2250 - RefParam_MEMORY_1_RegDummyCycle not found: check if there is a RefParameter without a condition.
2025-08-15 12:03:21,097 [WARN] IP:2250 - RefParam_MEMORY_1_WriteCommand not found: check if there is a RefParameter without a condition.
2025-08-15 12:03:21,097 [WARN] IP:2250 - RefParam_MEMORY_1_WriteDummyCycle not found: check if there is a RefParameter without a condition.
2025-08-15 12:03:21,097 [WARN] IP:2250 - RefParam_MEMORY_1_ReadCommand not found: check if there is a RefParameter without a condition.
2025-08-15 12:03:21,097 [WARN] IP:2250 - RefParam_MEMORY_1_WrapReadCommand not found: check if there is a RefParameter without a condition.
2025-08-15 12:03:21,097 [WARN] IP:2250 - RefParam_MEMORY_1_ReadDummyCycle not found: check if there is a RefParameter without a condition.
2025-08-15 12:03:21,097 [WARN] IP:2250 - RefParam_MEMORY_1_NumberOfConfig not found: check if there is a RefParameter without a condition.
2025-08-15 12:03:21,097 [WARN] IP:2250 - RefParam_MEMORY_1_Config1_WriteMask not found: check if there is a RefParameter without a condition.
2025-08-15 12:03:21,097 [WARN] IP:2250 - RefParam_MEMORY_1_Config1_WriteValue not found: check if there is a RefParameter without a condition.
2025-08-15 12:03:21,097 [WARN] IP:2250 - RefParam_MEMORY_1_Config1_RegAddress not found: check if there is a RefParameter without a condition.
2025-08-15 12:03:21,097 [WARN] IP:2250 - RefParam_MEMORY_1_Config2_WriteMask not found: check if there is a RefParameter without a condition.
2025-08-15 12:03:21,097 [WARN] IP:2250 - RefParam_MEMORY_1_Config2_WriteValue not found: check if there is a RefParameter without a condition.
2025-08-15 12:03:21,097 [WARN] IP:2250 - RefParam_MEMORY_1_Config2_RegAddress not found: check if there is a RefParameter without a condition.
2025-08-15 12:03:21,097 [WARN] IP:2250 - RefParam_MEMORY_1_Config3_WriteMask not found: check if there is a RefParameter without a condition.
2025-08-15 12:03:21,097 [WARN] IP:2250 - RefParam_MEMORY_1_Config3_WriteValue not found: check if there is a RefParameter without a condition.
2025-08-15 12:03:21,097 [WARN] IP:2250 - RefParam_MEMORY_1_Config3_RegAddress not found: check if there is a RefParameter without a condition.
2025-08-15 12:03:21,097 [WARN] IP:2250 - RefParam_MEMORY_2_Instance not found: check if there is a RefParameter without a condition.
2025-08-15 12:03:21,098 [WARN] IP:2250 - RefParam_MEMORY_2_ConfigType not found: check if there is a RefParameter without a condition.
2025-08-15 12:03:21,098 [WARN] IP:2250 - RefParam_MEMORY_2_Size not found: check if there is a RefParameter without a condition.
2025-08-15 12:03:21,098 [WARN] IP:2250 - RefParam_MEMORY_2_FreqMax not found: check if there is a RefParameter without a condition.
2025-08-15 12:03:21,098 [WARN] IP:2250 - RefParam_MEMORY_2_ReadReg not found: check if there is a RefParameter without a condition.
2025-08-15 12:03:21,098 [WARN] IP:2250 - RefParam_MEMORY_2_WriteReg not found: check if there is a RefParameter without a condition.
2025-08-15 12:03:21,098 [WARN] IP:2250 - RefParam_MEMORY_2_RegSize not found: check if there is a RefParameter without a condition.
2025-08-15 12:03:21,098 [WARN] IP:2250 - RefParam_MEMORY_2_RegDummyCycle not found: check if there is a RefParameter without a condition.
2025-08-15 12:03:21,098 [WARN] IP:2250 - RefParam_MEMORY_2_WriteCommand not found: check if there is a RefParameter without a condition.
2025-08-15 12:03:21,098 [WARN] IP:2250 - RefParam_MEMORY_2_WriteDummyCycle not found: check if there is a RefParameter without a condition.
2025-08-15 12:03:21,098 [WARN] IP:2250 - RefParam_MEMORY_2_ReadCommand not found: check if there is a RefParameter without a condition.
2025-08-15 12:03:21,098 [WARN] IP:2250 - RefParam_MEMORY_2_WrapReadCommand not found: check if there is a RefParameter without a condition.
2025-08-15 12:03:21,098 [WARN] IP:2250 - RefParam_MEMORY_2_ReadDummyCycle not found: check if there is a RefParameter without a condition.
2025-08-15 12:03:21,098 [WARN] IP:2250 - RefParam_MEMORY_2_NumberOfConfig not found: check if there is a RefParameter without a condition.
2025-08-15 12:03:21,098 [WARN] IP:2250 - RefParam_MEMORY_2_Config1_WriteMask not found: check if there is a RefParameter without a condition.
2025-08-15 12:03:21,098 [WARN] IP:2250 - RefParam_MEMORY_2_Config1_WriteValue not found: check if there is a RefParameter without a condition.
2025-08-15 12:03:21,098 [WARN] IP:2250 - RefParam_MEMORY_2_Config1_RegAddress not found: check if there is a RefParameter without a condition.
2025-08-15 12:03:21,098 [WARN] IP:2250 - RefParam_MEMORY_2_Config2_WriteMask not found: check if there is a RefParameter without a condition.
2025-08-15 12:03:21,098 [WARN] IP:2250 - RefParam_MEMORY_2_Config2_WriteValue not found: check if there is a RefParameter without a condition.
2025-08-15 12:03:21,098 [WARN] IP:2250 - RefParam_MEMORY_2_Config2_RegAddress not found: check if there is a RefParameter without a condition.
2025-08-15 12:03:21,098 [WARN] IP:2250 - RefParam_MEMORY_2_Config3_WriteMask not found: check if there is a RefParameter without a condition.
2025-08-15 12:03:21,098 [WARN] IP:2250 - RefParam_MEMORY_2_Config3_WriteValue not found: check if there is a RefParameter without a condition.
2025-08-15 12:03:21,098 [WARN] IP:2250 - RefParam_MEMORY_2_Config3_RegAddress not found: check if there is a RefParameter without a condition.
2025-08-15 12:03:21,103 [WARN] IP:2250 - pwrPrivilege not found: check if there is a RefParameter without a condition.
2025-08-15 12:03:21,103 [WARN] IP:2250 - pwrPrivilege not found: check if there is a RefParameter without a condition.
2025-08-15 12:03:21,109 [WARN] IP:2250 - Memorytype0 not found: check if there is a RefParameter without a condition.
2025-08-15 12:03:21,109 [WARN] IP:2250 - LL_DeviceAttribute20 not found: check if there is a RefParameter without a condition.
2025-08-15 12:03:21,109 [WARN] IP:2250 - DeviceAttribute0 not found: check if there is a RefParameter without a condition.
2025-08-15 12:03:21,109 [WARN] IP:2250 - DeviceAttribute20 not found: check if there is a RefParameter without a condition.
2025-08-15 12:03:21,109 [WARN] IP:2250 - DeviceAttribute1 not found: check if there is a RefParameter without a condition.
2025-08-15 12:03:21,109 [WARN] IP:2250 - Memorytype2 not found: check if there is a RefParameter without a condition.
2025-08-15 12:03:21,109 [WARN] IP:2250 - LL_DeviceAttribute22 not found: check if there is a RefParameter without a condition.
2025-08-15 12:03:21,109 [WARN] IP:2250 - DeviceAttribute2 not found: check if there is a RefParameter without a condition.
2025-08-15 12:03:21,109 [WARN] IP:2250 - Memorytype3 not found: check if there is a RefParameter without a condition.
2025-08-15 12:03:21,109 [WARN] IP:2250 - LL_DeviceAttribute23 not found: check if there is a RefParameter without a condition.
2025-08-15 12:03:21,109 [WARN] IP:2250 - DeviceAttribute3 not found: check if there is a RefParameter without a condition.
2025-08-15 12:03:21,109 [WARN] IP:2250 - Memorytype4 not found: check if there is a RefParameter without a condition.
2025-08-15 12:03:21,109 [WARN] IP:2250 - LL_DeviceAttribute24 not found: check if there is a RefParameter without a condition.
2025-08-15 12:03:21,109 [WARN] IP:2250 - DeviceAttribute4 not found: check if there is a RefParameter without a condition.
2025-08-15 12:03:21,109 [WARN] IP:2250 - Memorytype5 not found: check if there is a RefParameter without a condition.
2025-08-15 12:03:21,109 [WARN] IP:2250 - LL_DeviceAttribute25 not found: check if there is a RefParameter without a condition.
2025-08-15 12:03:21,109 [WARN] IP:2250 - DeviceAttribute5 not found: check if there is a RefParameter without a condition.
2025-08-15 12:03:21,109 [WARN] IP:2250 - Memorytype6 not found: check if there is a RefParameter without a condition.
2025-08-15 12:03:21,109 [WARN] IP:2250 - LL_DeviceAttribute26 not found: check if there is a RefParameter without a condition.
2025-08-15 12:03:21,109 [WARN] IP:2250 - DeviceAttribute6 not found: check if there is a RefParameter without a condition.
2025-08-15 12:03:21,109 [WARN] IP:2250 - Memorytype7 not found: check if there is a RefParameter without a condition.
2025-08-15 12:03:21,110 [WARN] IP:2250 - LL_DeviceAttribute27 not found: check if there is a RefParameter without a condition.
2025-08-15 12:03:21,110 [WARN] IP:2250 - DeviceAttribute7 not found: check if there is a RefParameter without a condition.
2025-08-15 12:03:21,152 [WARN] IP:2250 - DeviceAttribute0 not found: check if there is a RefParameter without a condition.
2025-08-15 12:03:21,153 [WARN] IP:2250 - Memorytype1 not found: check if there is a RefParameter without a condition.
2025-08-15 12:03:21,153 [WARN] IP:2250 - DeviceAttribute1 not found: check if there is a RefParameter without a condition.
2025-08-15 12:03:21,153 [WARN] IP:2250 - LL_DeviceAttribute21 not found: check if there is a RefParameter without a condition.
2025-08-15 12:03:21,153 [WARN] IP:2250 - Memorytype2 not found: check if there is a RefParameter without a condition.
2025-08-15 12:03:21,153 [WARN] IP:2250 - DeviceAttribute2 not found: check if there is a RefParameter without a condition.
2025-08-15 12:03:21,153 [WARN] IP:2250 - LL_DeviceAttribute22 not found: check if there is a RefParameter without a condition.
2025-08-15 12:03:21,153 [WARN] IP:2250 - Memorytype3 not found: check if there is a RefParameter without a condition.
2025-08-15 12:03:21,153 [WARN] IP:2250 - DeviceAttribute3 not found: check if there is a RefParameter without a condition.
2025-08-15 12:03:21,153 [WARN] IP:2250 - LL_DeviceAttribute23 not found: check if there is a RefParameter without a condition.
2025-08-15 12:03:21,153 [WARN] IP:2250 - Memorytype4 not found: check if there is a RefParameter without a condition.
2025-08-15 12:03:21,153 [WARN] IP:2250 - DeviceAttribute4 not found: check if there is a RefParameter without a condition.
2025-08-15 12:03:21,153 [WARN] IP:2250 - LL_DeviceAttribute24 not found: check if there is a RefParameter without a condition.
2025-08-15 12:03:21,153 [WARN] IP:2250 - Memorytype5 not found: check if there is a RefParameter without a condition.
2025-08-15 12:03:21,153 [WARN] IP:2250 - DeviceAttribute5 not found: check if there is a RefParameter without a condition.
2025-08-15 12:03:21,153 [WARN] IP:2250 - LL_DeviceAttribute25 not found: check if there is a RefParameter without a condition.
2025-08-15 12:03:21,153 [WARN] IP:2250 - Memorytype6 not found: check if there is a RefParameter without a condition.
2025-08-15 12:03:21,153 [WARN] IP:2250 - DeviceAttribute6 not found: check if there is a RefParameter without a condition.
2025-08-15 12:03:21,153 [WARN] IP:2250 - LL_DeviceAttribute26 not found: check if there is a RefParameter without a condition.
2025-08-15 12:03:21,153 [WARN] IP:2250 - Memorytype7 not found: check if there is a RefParameter without a condition.
2025-08-15 12:03:21,153 [WARN] IP:2250 - DeviceAttribute7 not found: check if there is a RefParameter without a condition.
2025-08-15 12:03:21,153 [WARN] IP:2250 - LL_DeviceAttribute27 not found: check if there is a RefParameter without a condition.
2025-08-15 12:03:23,282 [WARN] IP:2250 - RefParam_LRUN_SRC_memory not found: check if there is a RefParameter without a condition.
2025-08-15 12:03:23,282 [WARN] IP:2250 - RefParam_LRUN_SRC_offset not found: check if there is a RefParameter without a condition.
2025-08-15 12:03:23,282 [WARN] IP:2250 - RefParam_LRUN_SRC_size not found: check if there is a RefParameter without a condition.
2025-08-15 12:03:23,282 [WARN] IP:2250 - RefParam_LRUN_DEST_memory not found: check if there is a RefParameter without a condition.
2025-08-15 12:03:23,282 [WARN] IP:2250 - RefParam_LRUN_DEST_offset not found: check if there is a RefParameter without a condition.
2025-08-15 12:03:23,282 [WARN] IP:2250 - RefParam_MEMORY_1_Size not found: check if there is a RefParameter without a condition.
2025-08-15 12:03:23,282 [WARN] IP:2250 - RefParam_MEMORY_1_FreqMax not found: check if there is a RefParameter without a condition.
2025-08-15 12:03:23,282 [WARN] IP:2250 - RefParam_MEMORY_1_ReadReg not found: check if there is a RefParameter without a condition.
2025-08-15 12:03:23,282 [WARN] IP:2250 - RefParam_MEMORY_1_WriteReg not found: check if there is a RefParameter without a condition.
2025-08-15 12:03:23,282 [WARN] IP:2250 - RefParam_MEMORY_1_RegSize not found: check if there is a RefParameter without a condition.
2025-08-15 12:03:23,282 [WARN] IP:2250 - RefParam_MEMORY_1_RegDummyCycle not found: check if there is a RefParameter without a condition.
2025-08-15 12:03:23,282 [WARN] IP:2250 - RefParam_MEMORY_1_WriteCommand not found: check if there is a RefParameter without a condition.
2025-08-15 12:03:23,282 [WARN] IP:2250 - RefParam_MEMORY_1_WriteDummyCycle not found: check if there is a RefParameter without a condition.
2025-08-15 12:03:23,282 [WARN] IP:2250 - RefParam_MEMORY_1_ReadCommand not found: check if there is a RefParameter without a condition.
2025-08-15 12:03:23,282 [WARN] IP:2250 - RefParam_MEMORY_1_WrapReadCommand not found: check if there is a RefParameter without a condition.
2025-08-15 12:03:23,282 [WARN] IP:2250 - RefParam_MEMORY_1_ReadDummyCycle not found: check if there is a RefParameter without a condition.
2025-08-15 12:03:23,282 [WARN] IP:2250 - RefParam_MEMORY_1_NumberOfConfig not found: check if there is a RefParameter without a condition.
2025-08-15 12:03:23,282 [WARN] IP:2250 - RefParam_MEMORY_1_Config1_WriteMask not found: check if there is a RefParameter without a condition.
2025-08-15 12:03:23,282 [WARN] IP:2250 - RefParam_MEMORY_1_Config1_WriteValue not found: check if there is a RefParameter without a condition.
2025-08-15 12:03:23,282 [WARN] IP:2250 - RefParam_MEMORY_1_Config1_RegAddress not found: check if there is a RefParameter without a condition.
2025-08-15 12:03:23,282 [WARN] IP:2250 - RefParam_MEMORY_1_Config2_WriteMask not found: check if there is a RefParameter without a condition.
2025-08-15 12:03:23,282 [WARN] IP:2250 - RefParam_MEMORY_1_Config2_WriteValue not found: check if there is a RefParameter without a condition.
2025-08-15 12:03:23,282 [WARN] IP:2250 - RefParam_MEMORY_1_Config2_RegAddress not found: check if there is a RefParameter without a condition.
2025-08-15 12:03:23,282 [WARN] IP:2250 - RefParam_MEMORY_1_Config3_WriteMask not found: check if there is a RefParameter without a condition.
2025-08-15 12:03:23,282 [WARN] IP:2250 - RefParam_MEMORY_1_Config3_WriteValue not found: check if there is a RefParameter without a condition.
2025-08-15 12:03:23,282 [WARN] IP:2250 - RefParam_MEMORY_1_Config3_RegAddress not found: check if there is a RefParameter without a condition.
2025-08-15 12:03:23,282 [WARN] IP:2250 - RefParam_MEMORY_2_Instance not found: check if there is a RefParameter without a condition.
2025-08-15 12:03:23,282 [WARN] IP:2250 - RefParam_MEMORY_2_ConfigType not found: check if there is a RefParameter without a condition.
2025-08-15 12:03:23,282 [WARN] IP:2250 - RefParam_MEMORY_2_Size not found: check if there is a RefParameter without a condition.
2025-08-15 12:03:23,282 [WARN] IP:2250 - RefParam_MEMORY_2_FreqMax not found: check if there is a RefParameter without a condition.
2025-08-15 12:03:23,282 [WARN] IP:2250 - RefParam_MEMORY_2_ReadReg not found: check if there is a RefParameter without a condition.
2025-08-15 12:03:23,282 [WARN] IP:2250 - RefParam_MEMORY_2_WriteReg not found: check if there is a RefParameter without a condition.
2025-08-15 12:03:23,282 [WARN] IP:2250 - RefParam_MEMORY_2_RegSize not found: check if there is a RefParameter without a condition.
2025-08-15 12:03:23,282 [WARN] IP:2250 - RefParam_MEMORY_2_RegDummyCycle not found: check if there is a RefParameter without a condition.
2025-08-15 12:03:23,282 [WARN] IP:2250 - RefParam_MEMORY_2_WriteCommand not found: check if there is a RefParameter without a condition.
2025-08-15 12:03:23,282 [WARN] IP:2250 - RefParam_MEMORY_2_WriteDummyCycle not found: check if there is a RefParameter without a condition.
2025-08-15 12:03:23,282 [WARN] IP:2250 - RefParam_MEMORY_2_ReadCommand not found: check if there is a RefParameter without a condition.
2025-08-15 12:03:23,282 [WARN] IP:2250 - RefParam_MEMORY_2_WrapReadCommand not found: check if there is a RefParameter without a condition.
2025-08-15 12:03:23,282 [WARN] IP:2250 - RefParam_MEMORY_2_ReadDummyCycle not found: check if there is a RefParameter without a condition.
2025-08-15 12:03:23,282 [WARN] IP:2250 - RefParam_MEMORY_2_NumberOfConfig not found: check if there is a RefParameter without a condition.
2025-08-15 12:03:23,282 [WARN] IP:2250 - RefParam_MEMORY_2_Config1_WriteMask not found: check if there is a RefParameter without a condition.
2025-08-15 12:03:23,282 [WARN] IP:2250 - RefParam_MEMORY_2_Config1_WriteValue not found: check if there is a RefParameter without a condition.
2025-08-15 12:03:23,282 [WARN] IP:2250 - RefParam_MEMORY_2_Config1_RegAddress not found: check if there is a RefParameter without a condition.
2025-08-15 12:03:23,282 [WARN] IP:2250 - RefParam_MEMORY_2_Config2_WriteMask not found: check if there is a RefParameter without a condition.
2025-08-15 12:03:23,282 [WARN] IP:2250 - RefParam_MEMORY_2_Config2_WriteValue not found: check if there is a RefParameter without a condition.
2025-08-15 12:03:23,282 [WARN] IP:2250 - RefParam_MEMORY_2_Config2_RegAddress not found: check if there is a RefParameter without a condition.
2025-08-15 12:03:23,282 [WARN] IP:2250 - RefParam_MEMORY_2_Config3_WriteMask not found: check if there is a RefParameter without a condition.
2025-08-15 12:03:23,282 [WARN] IP:2250 - RefParam_MEMORY_2_Config3_WriteValue not found: check if there is a RefParameter without a condition.
2025-08-15 12:03:23,282 [WARN] IP:2250 - RefParam_MEMORY_2_Config3_RegAddress not found: check if there is a RefParameter without a condition.
2025-08-15 12:03:23,286 [WARN] IP:2250 - pwrPrivilege not found: check if there is a RefParameter without a condition.
2025-08-15 12:03:23,286 [WARN] IP:2250 - pwrPrivilege not found: check if there is a RefParameter without a condition.
2025-08-15 12:03:23,290 [WARN] IP:2250 - Memorytype0 not found: check if there is a RefParameter without a condition.
2025-08-15 12:03:23,290 [WARN] IP:2250 - LL_DeviceAttribute20 not found: check if there is a RefParameter without a condition.
2025-08-15 12:03:23,290 [WARN] IP:2250 - DeviceAttribute0 not found: check if there is a RefParameter without a condition.
2025-08-15 12:03:23,290 [WARN] IP:2250 - DeviceAttribute20 not found: check if there is a RefParameter without a condition.
2025-08-15 12:03:23,290 [WARN] IP:2250 - DeviceAttribute1 not found: check if there is a RefParameter without a condition.
2025-08-15 12:03:23,290 [WARN] IP:2250 - Memorytype2 not found: check if there is a RefParameter without a condition.
2025-08-15 12:03:23,290 [WARN] IP:2250 - LL_DeviceAttribute22 not found: check if there is a RefParameter without a condition.
2025-08-15 12:03:23,290 [WARN] IP:2250 - DeviceAttribute2 not found: check if there is a RefParameter without a condition.
2025-08-15 12:03:23,290 [WARN] IP:2250 - Memorytype3 not found: check if there is a RefParameter without a condition.
2025-08-15 12:03:23,290 [WARN] IP:2250 - LL_DeviceAttribute23 not found: check if there is a RefParameter without a condition.
2025-08-15 12:03:23,290 [WARN] IP:2250 - DeviceAttribute3 not found: check if there is a RefParameter without a condition.
2025-08-15 12:03:23,290 [WARN] IP:2250 - Memorytype4 not found: check if there is a RefParameter without a condition.
2025-08-15 12:03:23,290 [WARN] IP:2250 - LL_DeviceAttribute24 not found: check if there is a RefParameter without a condition.
2025-08-15 12:03:23,290 [WARN] IP:2250 - DeviceAttribute4 not found: check if there is a RefParameter without a condition.
2025-08-15 12:03:23,290 [WARN] IP:2250 - Memorytype5 not found: check if there is a RefParameter without a condition.
2025-08-15 12:03:23,290 [WARN] IP:2250 - LL_DeviceAttribute25 not found: check if there is a RefParameter without a condition.
2025-08-15 12:03:23,290 [WARN] IP:2250 - DeviceAttribute5 not found: check if there is a RefParameter without a condition.
2025-08-15 12:03:23,290 [WARN] IP:2250 - Memorytype6 not found: check if there is a RefParameter without a condition.
2025-08-15 12:03:23,290 [WARN] IP:2250 - LL_DeviceAttribute26 not found: check if there is a RefParameter without a condition.
2025-08-15 12:03:23,290 [WARN] IP:2250 - DeviceAttribute6 not found: check if there is a RefParameter without a condition.
2025-08-15 12:03:23,290 [WARN] IP:2250 - Memorytype7 not found: check if there is a RefParameter without a condition.
2025-08-15 12:03:23,290 [WARN] IP:2250 - LL_DeviceAttribute27 not found: check if there is a RefParameter without a condition.
2025-08-15 12:03:23,290 [WARN] IP:2250 - DeviceAttribute7 not found: check if there is a RefParameter without a condition.
2025-08-15 12:03:23,328 [WARN] IP:2250 - DeviceAttribute0 not found: check if there is a RefParameter without a condition.
2025-08-15 12:03:23,328 [WARN] IP:2250 - Memorytype1 not found: check if there is a RefParameter without a condition.
2025-08-15 12:03:23,328 [WARN] IP:2250 - DeviceAttribute1 not found: check if there is a RefParameter without a condition.
2025-08-15 12:03:23,328 [WARN] IP:2250 - LL_DeviceAttribute21 not found: check if there is a RefParameter without a condition.
2025-08-15 12:03:23,328 [WARN] IP:2250 - Memorytype2 not found: check if there is a RefParameter without a condition.
2025-08-15 12:03:23,328 [WARN] IP:2250 - DeviceAttribute2 not found: check if there is a RefParameter without a condition.
2025-08-15 12:03:23,328 [WARN] IP:2250 - LL_DeviceAttribute22 not found: check if there is a RefParameter without a condition.
2025-08-15 12:03:23,328 [WARN] IP:2250 - Memorytype3 not found: check if there is a RefParameter without a condition.
2025-08-15 12:03:23,328 [WARN] IP:2250 - DeviceAttribute3 not found: check if there is a RefParameter without a condition.
2025-08-15 12:03:23,328 [WARN] IP:2250 - LL_DeviceAttribute23 not found: check if there is a RefParameter without a condition.
2025-08-15 12:03:23,328 [WARN] IP:2250 - Memorytype4 not found: check if there is a RefParameter without a condition.
2025-08-15 12:03:23,328 [WARN] IP:2250 - DeviceAttribute4 not found: check if there is a RefParameter without a condition.
2025-08-15 12:03:23,328 [WARN] IP:2250 - LL_DeviceAttribute24 not found: check if there is a RefParameter without a condition.
2025-08-15 12:03:23,328 [WARN] IP:2250 - Memorytype5 not found: check if there is a RefParameter without a condition.
2025-08-15 12:03:23,328 [WARN] IP:2250 - DeviceAttribute5 not found: check if there is a RefParameter without a condition.
2025-08-15 12:03:23,328 [WARN] IP:2250 - LL_DeviceAttribute25 not found: check if there is a RefParameter without a condition.
2025-08-15 12:03:23,328 [WARN] IP:2250 - Memorytype6 not found: check if there is a RefParameter without a condition.
2025-08-15 12:03:23,328 [WARN] IP:2250 - DeviceAttribute6 not found: check if there is a RefParameter without a condition.
2025-08-15 12:03:23,328 [WARN] IP:2250 - LL_DeviceAttribute26 not found: check if there is a RefParameter without a condition.
2025-08-15 12:03:23,328 [WARN] IP:2250 - Memorytype7 not found: check if there is a RefParameter without a condition.
2025-08-15 12:03:23,328 [WARN] IP:2250 - DeviceAttribute7 not found: check if there is a RefParameter without a condition.
2025-08-15 12:03:23,328 [WARN] IP:2250 - LL_DeviceAttribute27 not found: check if there is a RefParameter without a condition.
2025-08-15 12:03:28,146 [INFO] AI:955 - getUI adding AI com.st.microxplorer.plugins.ip.ai.AI@540ad79c on STMicroelectronics.X-CUBE-AI.10.2.0_Appli
2025-08-15 12:03:47,420 [INFO] AInterface:116 - AInterface using toolDir: C:/Users/ZOJOLDRI/STM32Cube/Repository/Packs/STMicroelectronics/X-CUBE-AI/10.2.0/Utilities/windows
2025-08-15 12:03:47,473 [INFO] AIModelDetailledView:2380 - Analysis status: -
2025-08-15 12:03:47,473 [INFO] AIModelDetailledView:929 - Selected model: Keras
2025-08-15 12:04:16,792 [INFO] AInterface:259 - ModelName:network; files:[C:\Users\ZOJOLDRI\OneDrive - Carl Zeiss AG\Dokumente\Zeiss\SMT\Bachelor\AB Encoder Model\model.h5]; type:Keras; compression:None
2025-08-15 12:04:16,793 [INFO] AInterface:526 - workspaceTempDir: C:/Users/ZOJOLDRI/AppData/Local/Temp/mxAI_workspace1817919293290003630460058965542122
2025-08-15 12:04:16,793 [INFO] AInterface:1176 - Setting Env: C:/Users/ZOJOLDRI/STM32Cube/Repository/Packs/STMicroelectronics/X-CUBE-AI/10.2.0/Utilities/windows
2025-08-15 12:04:16,944 [INFO] STM32CubeIDEBuilder:265 - Looking for gnu-tools-for-stm32 tools/bin/arm-none-eabi-gcc.exe in C:\ST\STM32CubeIDE_1.19.0\STM32CubeIDE
2025-08-15 12:04:16,971 [INFO] STM32CubeIDEBuilder:294 - checking C:\ST\STM32CubeIDE_1.19.0\STM32CubeIDE\plugins\com.st.stm32cube.ide.mcu.externaltools.gnu-tools-for-stm32.13.3.rel1.win32_1.0.0.202411081344\tools\bin\arm-none-eabi-gcc.exe
2025-08-15 12:04:16,972 [INFO] STM32CubeIDEBuilder:297 - ret=C:\ST\STM32CubeIDE_1.19.0\STM32CubeIDE\plugins\com.st.stm32cube.ide.mcu.externaltools.gnu-tools-for-stm32.13.3.rel1.win32_1.0.0.202411081344\tools\bin\arm-none-eabi-gcc.exe
2025-08-15 12:04:16,972 [INFO] STM32CubeIDEBuilder:311 - returning C:\ST\STM32CubeIDE_1.19.0\STM32CubeIDE\plugins\com.st.stm32cube.ide.mcu.externaltools.gnu-tools-for-stm32.13.3.rel1.win32_1.0.0.202411081344\tools\bin\arm-none-eabi-gcc.exe
2025-08-15 12:04:16,973 [INFO] AInterface:1233 - Custom PATH variable: C:/Users/ZOJOLDRI/STM32Cube/Repository/Packs/STMicroelectronics/X-CUBE-AI/10.2.0/Utilities/windows;C:/Users/ZOJOLDRI/STM32Cube/Repository/Packs/STMicroelectronics/X-CUBE-AI/10.2.0/Utilities/windows/mingw64/bin;C:/Users/ZOJOLDRI/STM32Cube/Repository/Packs/STMicroelectronics/X-CUBE-AI/10.2.0/Utilities/windows/mingw64/libexec/gcc/x86_64-w64-mingw32/7.3.0;;C:\ST\STM32CubeIDE_1.19.0\STM32CubeIDE\plugins\com.st.stm32cube.ide.mcu.externaltools.gnu-tools-for-stm32.13.3.rel1.win32_1.0.0.202411081344\tools\bin
2025-08-15 12:04:16,979 [INFO] CmdLine:115 - Command: C:/Users/ZOJOLDRI/STM32Cube/Repository/Packs/STMicroelectronics/X-CUBE-AI/10.2.0/Utilities/windows/stedgeai.exe analyze --target stm32n6 --name network -m C:/Users/ZOJOLDRI/OneDrive - Carl Zeiss AG/Dokumente/Zeiss/SMT/Bachelor/AB Encoder Model/model.h5 --compression none --verbosity 1 --workspace C:/Users/ZOJOLDRI/AppData/Local/Temp/mxAI_workspace1817919293290003630460058965542122 --output C:/Users/ZOJOLDRI/.stm32cubemx/network_output
2025-08-15 12:04:16,983 [INFO] AIModelDetailledView:2380 - Analysis status: pending
2025-08-15 12:04:25,181 [INFO] CmdLine:76 - ST Edge AI Core v2.2.0-20266 2adc00962
2025-08-15 12:05:41,874 [INFO] CmdLine:76 - Creating c (debug) info json file C:\Users\ZOJOLDRI\.stm32cubemx\network_output\network_c_info.json
2025-08-15 12:05:41,900 [INFO] CmdLine:76 -  
2025-08-15 12:05:41,900 [INFO] CmdLine:76 -  Exec/report summary (analyze)
2025-08-15 12:05:41,900 [INFO] CmdLine:76 -  ---------------------------------------------------------------------------------------------------------------------------
2025-08-15 12:05:41,900 [INFO] CmdLine:76 -  model file         :   C:\Users\ZOJOLDRI\OneDrive - Carl Zeiss AG\Dokumente\Zeiss\SMT\Bachelor\AB Encoder Model\model.h5   
2025-08-15 12:05:41,901 [INFO] CmdLine:76 -  type               :   keras                                                                                               
2025-08-15 12:05:41,901 [INFO] CmdLine:76 -  c_name             :   network                                                                                             
2025-08-15 12:05:41,902 [INFO] CmdLine:76 -  compression        :   none                                                                                                
2025-08-15 12:05:41,902 [INFO] CmdLine:76 -  options            :   allocate-inputs, allocate-outputs                                                                   
2025-08-15 12:05:41,902 [INFO] CmdLine:76 -  optimization       :   balanced                                                                                            
2025-08-15 12:05:41,902 [INFO] CmdLine:76 -  target/series      :   stm32n6                                                                                             
2025-08-15 12:05:41,902 [INFO] CmdLine:76 -  workspace dir      :   C:\Users\ZOJOLDRI\AppData\Local\Temp\mxAI_workspace1817919293290003630460058965542122               
2025-08-15 12:05:41,902 [INFO] CmdLine:76 -  output dir         :   C:\Users\ZOJOLDRI\.stm32cubemx\network_output                                                       
2025-08-15 12:05:41,903 [INFO] CmdLine:76 -  model_fmt          :   float                                                                                               
2025-08-15 12:05:41,903 [INFO] CmdLine:76 -  model_name         :   model                                                                                               
2025-08-15 12:05:41,903 [INFO] CmdLine:76 -  model_hash         :   0x42f0b1708bfdc710e72cc06e8cd1ea19                                                                  
2025-08-15 12:05:41,903 [INFO] CmdLine:76 -  params #           :   491 items (1.92 KiB)                                                                                
2025-08-15 12:05:41,904 [INFO] CmdLine:76 -  ---------------------------------------------------------------------------------------------------------------------------
2025-08-15 12:05:41,904 [INFO] CmdLine:76 -  input 1/1          :   'input_0', f32(1x10x1), 40 Bytes, activations                                                       
2025-08-15 12:05:41,904 [INFO] CmdLine:76 -  output 1/1         :   'dense', f32(1x1), 4 Bytes, activations                                                             
2025-08-15 12:05:41,904 [INFO] CmdLine:76 -  macc               :   4,921                                                                                               
2025-08-15 12:05:41,904 [INFO] CmdLine:76 -  weights (ro)       :   2,084 B (2.04 KiB) (1 segment) / +120(+6.1%) vs float model                                         
2025-08-15 12:05:41,904 [INFO] CmdLine:76 -  activations (rw)   :   360 B (360 B) (1 segment) *                                                                         
2025-08-15 12:05:41,904 [INFO] CmdLine:76 -  ram (total)        :   360 B (360 B) = 360 + 0 + 0                                                                         
2025-08-15 12:05:41,904 [INFO] CmdLine:76 -  ---------------------------------------------------------------------------------------------------------------------------
2025-08-15 12:05:41,904 [INFO] CmdLine:76 -  (*) 'input'/'output' buffers are allocated in the activations buffer
2025-08-15 12:05:41,904 [INFO] CmdLine:76 - Computing AI RT data/code size (target=stm32n6)..
2025-08-15 12:05:48,222 [INFO] CmdLine:76 -  Model name - model
2025-08-15 12:05:48,223 [INFO] CmdLine:76 -  ------ --------------------- ---------------- ------------ ------- --------------
2025-08-15 12:05:48,223 [INFO] CmdLine:76 -  m_id   layer (original)      oshape           param/size      macc   connected to
2025-08-15 12:05:48,223 [INFO] CmdLine:76 -  ------ --------------------- ---------------- ------------ ------- --------------
2025-08-15 12:05:48,223 [INFO] CmdLine:76 -  0      input_0 (None)        [b:1,h:10,c:1]
2025-08-15 12:05:48,223 [INFO] CmdLine:76 -         lstm (LSTM)           [b:1,c:10]       480/1,920      4,900        input_0
2025-08-15 12:05:48,223 [INFO] CmdLine:76 -  ------ --------------------- ---------------- ------------ ------- --------------
2025-08-15 12:05:48,223 [INFO] CmdLine:76 -  1      dense_dense (Dense)   [b:1,c:1]        11/44             11           lstm
2025-08-15 12:05:48,224 [INFO] CmdLine:76 -         dense (Dense)         [b:1,c:1]                          10    dense_dense
2025-08-15 12:05:48,224 [INFO] CmdLine:76 -  ------ --------------------- ---------------- ------------ ------- --------------
2025-08-15 12:05:48,224 [INFO] CmdLine:76 -  model: macc=4,921 weights=1,964 activations=-- io=--
2025-08-15 12:05:48,224 [INFO] CmdLine:76 -  Number of operations per c-layer
2025-08-15 12:05:48,224 [INFO] CmdLine:76 -  ------- ------ ---------------------- ------- --------------
2025-08-15 12:05:48,224 [INFO] CmdLine:76 -  c_id    m_id   name (type)                #op           type
2025-08-15 12:05:48,224 [INFO] CmdLine:76 -  ------- ------ ---------------------- ------- --------------
2025-08-15 12:05:48,224 [INFO] CmdLine:76 -  0       0      lstm (LSTM)              4,900   smul_f32_f32
2025-08-15 12:05:48,224 [INFO] CmdLine:76 -  1       1      dense_dense (Dense)         11   smul_f32_f32
2025-08-15 12:05:48,224 [INFO] CmdLine:76 -  2       1      dense (Nonlinearity)        10     op_f32_f32
2025-08-15 12:05:48,225 [INFO] CmdLine:76 -  ------- ------ ---------------------- ------- --------------
2025-08-15 12:05:48,225 [INFO] CmdLine:76 -  total                                   4,921
2025-08-15 12:05:48,225 [INFO] CmdLine:76 -  Number of operation types
2025-08-15 12:05:48,225 [INFO] CmdLine:76 -  ---------------- ------- -----------
2025-08-15 12:05:48,225 [INFO] CmdLine:76 -  operation type         #           %
2025-08-15 12:05:48,225 [INFO] CmdLine:76 -  ---------------- ------- -----------
2025-08-15 12:05:48,225 [INFO] CmdLine:76 -  smul_f32_f32       4,911       99.8%
2025-08-15 12:05:48,225 [INFO] CmdLine:76 -  op_f32_f32            10        0.2%
2025-08-15 12:05:48,225 [INFO] CmdLine:76 -  Complexity report (model)
2025-08-15 12:05:48,225 [INFO] CmdLine:76 -  ------ ------------- ------------------------- ------------------------- --------
2025-08-15 12:05:48,225 [INFO] CmdLine:76 -  m_id   name          c_macc                    c_rom                     c_id
2025-08-15 12:05:48,225 [INFO] CmdLine:76 -  ------ ------------- ------------------------- ------------------------- --------
2025-08-15 12:05:48,226 [INFO] CmdLine:76 -  0      input_0       ||||||||||||||||  99.6%   ||||||||||||||||  97.9%   [0]
2025-08-15 12:05:48,226 [INFO] CmdLine:76 -  1      dense_dense   |                  0.4%   |                  2.1%   [1, 2]
2025-08-15 12:05:48,228 [INFO] CmdLine:76 -  ------ ------------- ------------------------- ------------------------- --------
2025-08-15 12:05:48,229 [INFO] CmdLine:76 -  macc=4,921 weights=2,084 act=360 ram_io=0
2025-08-15 12:05:48,229 [INFO] CmdLine:76 -  Requested memory size by section - "stm32n6" target
2025-08-15 12:05:48,230 [INFO] CmdLine:76 -  ------------------------------- -------- -------- ------- -----
2025-08-15 12:05:48,230 [INFO] CmdLine:76 -  module                              text   rodata    data   bss
2025-08-15 12:05:48,230 [INFO] CmdLine:76 -  ------------------------------- -------- -------- ------- -----
2025-08-15 12:05:48,230 [INFO] CmdLine:76 -  NetworkRuntime1020_CM55_GCC.a     14,376        0       0     0
2025-08-15 12:05:48,231 [INFO] CmdLine:76 -  network.o                            520       24   1,400   124
2025-08-15 12:05:48,231 [INFO] CmdLine:76 -  network_data.o                        48       16      88     0
2025-08-15 12:05:48,231 [INFO] CmdLine:76 -  lib (toolchain)*                   1,132      340       0     0
2025-08-15 12:05:48,231 [INFO] CmdLine:76 -  ------------------------------- -------- -------- ------- -----
2025-08-15 12:05:48,231 [INFO] CmdLine:76 -  RT total**                        16,076      380   1,488   124
2025-08-15 12:05:48,232 [INFO] CmdLine:76 -  ------------------------------- -------- -------- ------- -----
2025-08-15 12:05:48,232 [INFO] CmdLine:76 -  weights                                0    2,088       0     0
2025-08-15 12:05:48,232 [INFO] CmdLine:76 -  activations                            0        0       0   360
2025-08-15 12:05:48,233 [INFO] CmdLine:76 -  io                                     0        0       0     0
2025-08-15 12:05:48,233 [INFO] CmdLine:76 -  ------------------------------- -------- -------- ------- -----
2025-08-15 12:05:48,233 [INFO] CmdLine:76 -  TOTAL                             16,076    2,468   1,488   484
2025-08-15 12:05:48,233 [INFO] CmdLine:76 -  ------------------------------- -------- -------- ------- -----
2025-08-15 12:05:48,233 [INFO] CmdLine:76 -  *  toolchain objects (libm/libgcc*)
2025-08-15 12:05:48,234 [INFO] CmdLine:76 -  ** RT AI runtime objects (kernels+infrastructure)
2025-08-15 12:05:48,234 [INFO] CmdLine:76 -   Summary - "stm32n6" target
2025-08-15 12:05:48,234 [INFO] CmdLine:76 -   ---------------------------------------------------
2025-08-15 12:05:48,235 [INFO] CmdLine:76 -                FLASH (ro)      %*   RAM (rw)       %
2025-08-15 12:05:48,235 [INFO] CmdLine:76 -   ---------------------------------------------------
2025-08-15 12:05:48,235 [INFO] CmdLine:76 -   RT total         17,944   89.6%      1,612   81.7%
2025-08-15 12:05:48,236 [INFO] CmdLine:76 -   ---------------------------------------------------
2025-08-15 12:05:48,236 [INFO] CmdLine:76 -   TOTAL            20,032              1,972
2025-08-15 12:05:48,236 [INFO] CmdLine:76 -   ---------------------------------------------------
2025-08-15 12:05:48,236 [INFO] CmdLine:76 -   *  rt/total
2025-08-15 12:05:48,237 [INFO] CmdLine:76 - Creating txt report file C:\Users\ZOJOLDRI\.stm32cubemx\network_output\network_analyze_report.txt
2025-08-15 12:05:50,554 [INFO] CmdLine:76 - elapsed time (analyze): 85.374s
2025-08-15 12:05:50,929 [INFO] CmdLine:148 - stedgeai exit with status: 0
2025-08-15 12:05:50,942 [INFO] AIModelDetailledView:1184 - Model file:      model.h5
2025-08-15 12:05:50,943 [INFO] AIModelDetailledView:1184 - Total Flash:     20028 B (19.56 KiB)
2025-08-15 12:05:50,943 [INFO] AIModelDetailledView:1184 -     Weights:     2084 B (2.04 KiB)
2025-08-15 12:05:50,943 [INFO] AIModelDetailledView:1184 -     Library:     17944 B (17.52 KiB)
2025-08-15 12:05:50,943 [INFO] AIModelDetailledView:1184 - Total Ram:       1972 B (1.93 KiB)
2025-08-15 12:05:50,943 [INFO] AIModelDetailledView:1184 -     Activations: 360 B
2025-08-15 12:05:50,944 [INFO] AIModelDetailledView:1184 -     Library:     1612 B (1.57 KiB)
2025-08-15 12:05:50,944 [INFO] AIModelDetailledView:1184 -     Input:       40 B (included in Activations)
2025-08-15 12:05:50,944 [INFO] AIModelDetailledView:1184 -     Output:      4 B (included in Activations)
2025-08-15 12:05:50,944 [INFO] AIModelDetailledView:1184 - Done
2025-08-15 12:05:50,944 [INFO] AIModelDetailledView:2715 - Analyze complete on AI model
2025-08-15 12:05:51,116 [INFO] AIModelDetailledView:2380 - Analysis status: done
2025-08-15 12:08:13,496 [INFO] AInterface:526 - workspaceTempDir: C:/Users/ZOJOLDRI/AppData/Local/Temp/mxAI_workspace18202863217710015050340370217710854
2025-08-15 12:08:13,497 [INFO] AInterface:1176 - Setting Env: C:/Users/ZOJOLDRI/STM32Cube/Repository/Packs/STMicroelectronics/X-CUBE-AI/10.2.0/Utilities/windows
2025-08-15 12:08:13,497 [INFO] AInterface:1233 - Custom PATH variable: C:/Users/ZOJOLDRI/STM32Cube/Repository/Packs/STMicroelectronics/X-CUBE-AI/10.2.0/Utilities/windows;C:/Users/ZOJOLDRI/STM32Cube/Repository/Packs/STMicroelectronics/X-CUBE-AI/10.2.0/Utilities/windows/mingw64/bin;C:/Users/ZOJOLDRI/STM32Cube/Repository/Packs/STMicroelectronics/X-CUBE-AI/10.2.0/Utilities/windows/mingw64/libexec/gcc/x86_64-w64-mingw32/7.3.0;
2025-08-15 12:08:13,502 [INFO] CmdLine:115 - Command: C:/Users/ZOJOLDRI/STM32Cube/Repository/Packs/STMicroelectronics/X-CUBE-AI/10.2.0/Utilities/windows/stedgeai.exe validate --target stm32n6 --name network -m C:/Users/ZOJOLDRI/OneDrive - Carl Zeiss AG/Dokumente/Zeiss/SMT/Bachelor/AB Encoder Model/model.h5 --compression none --verbosity 1 --workspace C:/Users/ZOJOLDRI/AppData/Local/Temp/mxAI_workspace18202863217710015050340370217710854 --output C:/Users/ZOJOLDRI/.stm32cubemx/network_output --mode target --desc serial:921600
2025-08-15 12:08:14,565 [INFO] CmdLine:76 - ST Edge AI Core v2.2.0-20266 2adc00962
2025-08-15 12:08:19,560 [INFO] CmdLine:76 - Setting validation data...
2025-08-15 12:08:19,560 [INFO] CmdLine:76 -  generating random data, size=10, seed=42, range=(0, 1)
2025-08-15 12:08:19,562 [INFO] CmdLine:76 -    I[1]: (10, 10, 1, 1)/float32, min/max=[0.005522, 0.986887], mean/std=[0.470181, 0.295998]
2025-08-15 12:08:19,563 [INFO] CmdLine:76 -  no output/reference samples are provided
2025-08-15 12:08:19,567 [INFO] CmdLine:76 - Creating c (debug) info json file C:\Users\ZOJOLDRI\.stm32cubemx\network_output\network_c_info.json
2025-08-15 12:08:19,590 [INFO] CmdLine:76 -  
2025-08-15 12:08:19,591 [INFO] CmdLine:76 -  Exec/report summary (validate)
2025-08-15 12:08:19,591 [INFO] CmdLine:76 -  ---------------------------------------------------------------------------------------------------------------------------
2025-08-15 12:08:19,591 [INFO] CmdLine:76 -  model file         :   C:\Users\ZOJOLDRI\OneDrive - Carl Zeiss AG\Dokumente\Zeiss\SMT\Bachelor\AB Encoder Model\model.h5   
2025-08-15 12:08:19,591 [INFO] CmdLine:76 -  type               :   keras                                                                                               
2025-08-15 12:08:19,591 [INFO] CmdLine:76 -  c_name             :   network                                                                                             
2025-08-15 12:08:19,591 [INFO] CmdLine:76 -  compression        :   none                                                                                                
2025-08-15 12:08:19,591 [INFO] CmdLine:76 -  options            :   allocate-inputs, allocate-outputs                                                                   
2025-08-15 12:08:19,591 [INFO] CmdLine:76 -  optimization       :   balanced                                                                                            
2025-08-15 12:08:19,591 [INFO] CmdLine:76 -  target/series      :   stm32n6                                                                                             
2025-08-15 12:08:19,592 [INFO] CmdLine:76 -  workspace dir      :   C:\Users\ZOJOLDRI\AppData\Local\Temp\mxAI_workspace18202863217710015050340370217710854              
2025-08-15 12:08:19,592 [INFO] CmdLine:76 -  output dir         :   C:\Users\ZOJOLDRI\.stm32cubemx\network_output                                                       
2025-08-15 12:08:19,592 [INFO] CmdLine:76 -  model_fmt          :   float                                                                                               
2025-08-15 12:08:19,592 [INFO] CmdLine:76 -  model_name         :   model                                                                                               
2025-08-15 12:08:19,592 [INFO] CmdLine:76 -  model_hash         :   0x42f0b1708bfdc710e72cc06e8cd1ea19                                                                  
2025-08-15 12:08:19,592 [INFO] CmdLine:76 -  params #           :   491 items (1.92 KiB)                                                                                
2025-08-15 12:08:19,592 [INFO] CmdLine:76 -  ---------------------------------------------------------------------------------------------------------------------------
2025-08-15 12:08:19,594 [INFO] CmdLine:76 -  input 1/1          :   'input_0', f32(1x10x1), 40 Bytes, activations                                                       
2025-08-15 12:08:19,594 [INFO] CmdLine:76 -  output 1/1         :   'dense', f32(1x1), 4 Bytes, activations                                                             
2025-08-15 12:08:19,594 [INFO] CmdLine:76 -  macc               :   4,921                                                                                               
2025-08-15 12:08:19,594 [INFO] CmdLine:76 -  weights (ro)       :   2,084 B (2.04 KiB) (1 segment) / +120(+6.1%) vs float model                                         
2025-08-15 12:08:19,594 [INFO] CmdLine:76 -  activations (rw)   :   360 B (360 B) (1 segment) *                                                                         
2025-08-15 12:08:19,594 [INFO] CmdLine:76 -  ram (total)        :   360 B (360 B) = 360 + 0 + 0                                                                         
2025-08-15 12:08:19,594 [INFO] CmdLine:76 -  ---------------------------------------------------------------------------------------------------------------------------
2025-08-15 12:08:19,594 [INFO] CmdLine:76 -  (*) 'input'/'output' buffers are allocated in the activations buffer
2025-08-15 12:08:19,595 [INFO] CmdLine:76 - Running the Keras model...
2025-08-15 12:08:19,804 [INFO] CmdLine:76 - m1/1m 2m====================m7mm m0sm 120ms/step
2025-08-15 12:08:19,805 [INFO] CmdLine:76 - m1/1m 2m====================m7mm m0sm 130ms/step
2025-08-15 12:08:20,072 [INFO] CmdLine:76 - m1/1m 2m====================m7mm m0sm 46ms/step
2025-08-15 12:08:20,072 [INFO] CmdLine:76 - m1/1m 2m====================m7mm m0sm 55ms/step
2025-08-15 12:08:20,250 [INFO] CmdLine:76 - m1/1m 2m====================m7mm m0sm 47ms/step
2025-08-15 12:08:20,251 [INFO] CmdLine:76 - m1/1m 2m====================m7mm m0sm 56ms/step
2025-08-15 12:08:20,429 [INFO] CmdLine:76 - m1/1m 2m====================m7mm m0sm 47ms/step
2025-08-15 12:08:20,429 [INFO] CmdLine:76 - m1/1m 2m====================m7mm m0sm 56ms/step
2025-08-15 12:08:20,601 [INFO] CmdLine:76 - m1/1m 2m====================m7mm m0sm 44ms/step
2025-08-15 12:08:20,601 [INFO] CmdLine:76 - m1/1m 2m====================m7mm m0sm 53ms/step
2025-08-15 12:08:20,777 [INFO] CmdLine:76 - m1/1m 2m====================m7mm m0sm 48ms/step
2025-08-15 12:08:20,777 [INFO] CmdLine:76 - m1/1m 2m====================m7mm m0sm 58ms/step
2025-08-15 12:08:20,945 [INFO] CmdLine:76 - m1/1m 2m====================m7mm m0sm 45ms/step
2025-08-15 12:08:20,945 [INFO] CmdLine:76 - m1/1m 2m====================m7mm m0sm 54ms/step
2025-08-15 12:08:21,116 [INFO] CmdLine:76 - m1/1m 2m====================m7mm m0sm 45ms/step
2025-08-15 12:08:21,116 [INFO] CmdLine:76 - m1/1m 2m====================m7mm m0sm 53ms/step
2025-08-15 12:08:21,294 [INFO] CmdLine:76 - m1/1m 2m====================m7mm m0sm 46ms/step
2025-08-15 12:08:21,294 [INFO] CmdLine:76 - m1/1m 2m====================m7mm m0sm 56ms/step
2025-08-15 12:08:21,468 [INFO] CmdLine:76 - m1/1m 2m====================m7mm m0sm 46ms/step
2025-08-15 12:08:21,469 [INFO] CmdLine:76 - m1/1m 2m====================m7mm m0sm 55ms/step
2025-08-15 12:08:21,574 [INFO] CmdLine:76 - Running the ST.AI c-model (AI RUNNER)...(name=network, mode=TARGET)
2025-08-15 12:08:22,769 [INFO] CmdLine:76 - E200(ValidationError): TARGET: Unable to bind the ST.AI runtime with "network" c-model: []
2025-08-15 12:08:22,770 [INFO] CmdLine:76 -  E801(HwIOError): Invalid firmware - COM9:921600
2025-08-15 12:08:23,118 [INFO] CmdLine:148 - stedgeai exit with status: -1
2025-08-15 12:08:23,118 [ERROR] CmdLine:151 - stedgeai return with an error
2025-08-15 12:08:23,123 [INFO] AIModelDetailledView:2823 - Validation ended
2025-08-15 12:11:37,976 [INFO] CheckServerUpdateThread:120 - End of CheckServer Thread
2025-08-15 12:11:51,870 [INFO] AI:955 - getUI adding AI com.st.microxplorer.plugins.ip.ai.AI@540ad79c on STMicroelectronics.X-CUBE-AI.10.2.0_Appli
2025-08-15 12:11:52,307 [INFO] AI:955 - getUI adding AI com.st.microxplorer.plugins.ip.ai.AI@540ad79c on STMicroelectronics.X-CUBE-AI.10.2.0_Appli
2025-08-15 12:11:52,315 [WARN] IP:2250 - RefParam_LRUN_SRC_memory not found: check if there is a RefParameter without a condition.
2025-08-15 12:11:52,315 [WARN] IP:2250 - RefParam_LRUN_SRC_offset not found: check if there is a RefParameter without a condition.
2025-08-15 12:11:52,315 [WARN] IP:2250 - RefParam_LRUN_SRC_size not found: check if there is a RefParameter without a condition.
2025-08-15 12:11:52,315 [WARN] IP:2250 - RefParam_LRUN_DEST_memory not found: check if there is a RefParameter without a condition.
2025-08-15 12:11:52,315 [WARN] IP:2250 - RefParam_LRUN_DEST_offset not found: check if there is a RefParameter without a condition.
2025-08-15 12:11:52,315 [WARN] IP:2250 - RefParam_MEMORY_1_Size not found: check if there is a RefParameter without a condition.
2025-08-15 12:11:52,315 [WARN] IP:2250 - RefParam_MEMORY_1_FreqMax not found: check if there is a RefParameter without a condition.
2025-08-15 12:11:52,315 [WARN] IP:2250 - RefParam_MEMORY_1_ReadReg not found: check if there is a RefParameter without a condition.
2025-08-15 12:11:52,315 [WARN] IP:2250 - RefParam_MEMORY_1_WriteReg not found: check if there is a RefParameter without a condition.
2025-08-15 12:11:52,315 [WARN] IP:2250 - RefParam_MEMORY_1_RegSize not found: check if there is a RefParameter without a condition.
2025-08-15 12:11:52,315 [WARN] IP:2250 - RefParam_MEMORY_1_RegDummyCycle not found: check if there is a RefParameter without a condition.
2025-08-15 12:11:52,315 [WARN] IP:2250 - RefParam_MEMORY_1_WriteCommand not found: check if there is a RefParameter without a condition.
2025-08-15 12:11:52,315 [WARN] IP:2250 - RefParam_MEMORY_1_WriteDummyCycle not found: check if there is a RefParameter without a condition.
2025-08-15 12:11:52,315 [WARN] IP:2250 - RefParam_MEMORY_1_ReadCommand not found: check if there is a RefParameter without a condition.
2025-08-15 12:11:52,315 [WARN] IP:2250 - RefParam_MEMORY_1_WrapReadCommand not found: check if there is a RefParameter without a condition.
2025-08-15 12:11:52,315 [WARN] IP:2250 - RefParam_MEMORY_1_ReadDummyCycle not found: check if there is a RefParameter without a condition.
2025-08-15 12:11:52,315 [WARN] IP:2250 - RefParam_MEMORY_1_NumberOfConfig not found: check if there is a RefParameter without a condition.
2025-08-15 12:11:52,315 [WARN] IP:2250 - RefParam_MEMORY_1_Config1_WriteMask not found: check if there is a RefParameter without a condition.
2025-08-15 12:11:52,315 [WARN] IP:2250 - RefParam_MEMORY_1_Config1_WriteValue not found: check if there is a RefParameter without a condition.
2025-08-15 12:11:52,315 [WARN] IP:2250 - RefParam_MEMORY_1_Config1_RegAddress not found: check if there is a RefParameter without a condition.
2025-08-15 12:11:52,315 [WARN] IP:2250 - RefParam_MEMORY_1_Config2_WriteMask not found: check if there is a RefParameter without a condition.
2025-08-15 12:11:52,315 [WARN] IP:2250 - RefParam_MEMORY_1_Config2_WriteValue not found: check if there is a RefParameter without a condition.
2025-08-15 12:11:52,315 [WARN] IP:2250 - RefParam_MEMORY_1_Config2_RegAddress not found: check if there is a RefParameter without a condition.
2025-08-15 12:11:52,315 [WARN] IP:2250 - RefParam_MEMORY_1_Config3_WriteMask not found: check if there is a RefParameter without a condition.
2025-08-15 12:11:52,315 [WARN] IP:2250 - RefParam_MEMORY_1_Config3_WriteValue not found: check if there is a RefParameter without a condition.
2025-08-15 12:11:52,315 [WARN] IP:2250 - RefParam_MEMORY_1_Config3_RegAddress not found: check if there is a RefParameter without a condition.
2025-08-15 12:11:52,315 [WARN] IP:2250 - RefParam_MEMORY_2_Instance not found: check if there is a RefParameter without a condition.
2025-08-15 12:11:52,315 [WARN] IP:2250 - RefParam_MEMORY_2_ConfigType not found: check if there is a RefParameter without a condition.
2025-08-15 12:11:52,315 [WARN] IP:2250 - RefParam_MEMORY_2_Size not found: check if there is a RefParameter without a condition.
2025-08-15 12:11:52,315 [WARN] IP:2250 - RefParam_MEMORY_2_FreqMax not found: check if there is a RefParameter without a condition.
2025-08-15 12:11:52,315 [WARN] IP:2250 - RefParam_MEMORY_2_ReadReg not found: check if there is a RefParameter without a condition.
2025-08-15 12:11:52,315 [WARN] IP:2250 - RefParam_MEMORY_2_WriteReg not found: check if there is a RefParameter without a condition.
2025-08-15 12:11:52,315 [WARN] IP:2250 - RefParam_MEMORY_2_RegSize not found: check if there is a RefParameter without a condition.
2025-08-15 12:11:52,315 [WARN] IP:2250 - RefParam_MEMORY_2_RegDummyCycle not found: check if there is a RefParameter without a condition.
2025-08-15 12:11:52,315 [WARN] IP:2250 - RefParam_MEMORY_2_WriteCommand not found: check if there is a RefParameter without a condition.
2025-08-15 12:11:52,315 [WARN] IP:2250 - RefParam_MEMORY_2_WriteDummyCycle not found: check if there is a RefParameter without a condition.
2025-08-15 12:11:52,315 [WARN] IP:2250 - RefParam_MEMORY_2_ReadCommand not found: check if there is a RefParameter without a condition.
2025-08-15 12:11:52,315 [WARN] IP:2250 - RefParam_MEMORY_2_WrapReadCommand not found: check if there is a RefParameter without a condition.
2025-08-15 12:11:52,315 [WARN] IP:2250 - RefParam_MEMORY_2_ReadDummyCycle not found: check if there is a RefParameter without a condition.
2025-08-15 12:11:52,315 [WARN] IP:2250 - RefParam_MEMORY_2_NumberOfConfig not found: check if there is a RefParameter without a condition.
2025-08-15 12:11:52,315 [WARN] IP:2250 - RefParam_MEMORY_2_Config1_WriteMask not found: check if there is a RefParameter without a condition.
2025-08-15 12:11:52,315 [WARN] IP:2250 - RefParam_MEMORY_2_Config1_WriteValue not found: check if there is a RefParameter without a condition.
2025-08-15 12:11:52,315 [WARN] IP:2250 - RefParam_MEMORY_2_Config1_RegAddress not found: check if there is a RefParameter without a condition.
2025-08-15 12:11:52,315 [WARN] IP:2250 - RefParam_MEMORY_2_Config2_WriteMask not found: check if there is a RefParameter without a condition.
2025-08-15 12:11:52,315 [WARN] IP:2250 - RefParam_MEMORY_2_Config2_WriteValue not found: check if there is a RefParameter without a condition.
2025-08-15 12:11:52,315 [WARN] IP:2250 - RefParam_MEMORY_2_Config2_RegAddress not found: check if there is a RefParameter without a condition.
2025-08-15 12:11:52,315 [WARN] IP:2250 - RefParam_MEMORY_2_Config3_WriteMask not found: check if there is a RefParameter without a condition.
2025-08-15 12:11:52,315 [WARN] IP:2250 - RefParam_MEMORY_2_Config3_WriteValue not found: check if there is a RefParameter without a condition.
2025-08-15 12:11:52,315 [WARN] IP:2250 - RefParam_MEMORY_2_Config3_RegAddress not found: check if there is a RefParameter without a condition.
2025-08-15 12:11:52,319 [WARN] IP:2250 - pwrPrivilege not found: check if there is a RefParameter without a condition.
2025-08-15 12:11:52,319 [WARN] IP:2250 - pwrPrivilege not found: check if there is a RefParameter without a condition.
2025-08-15 12:11:52,323 [WARN] IP:2250 - Memorytype0 not found: check if there is a RefParameter without a condition.
2025-08-15 12:11:52,323 [WARN] IP:2250 - LL_DeviceAttribute20 not found: check if there is a RefParameter without a condition.
2025-08-15 12:11:52,323 [WARN] IP:2250 - DeviceAttribute0 not found: check if there is a RefParameter without a condition.
2025-08-15 12:11:52,323 [WARN] IP:2250 - DeviceAttribute20 not found: check if there is a RefParameter without a condition.
2025-08-15 12:11:52,323 [WARN] IP:2250 - DeviceAttribute1 not found: check if there is a RefParameter without a condition.
2025-08-15 12:11:52,323 [WARN] IP:2250 - Memorytype2 not found: check if there is a RefParameter without a condition.
2025-08-15 12:11:52,323 [WARN] IP:2250 - LL_DeviceAttribute22 not found: check if there is a RefParameter without a condition.
2025-08-15 12:11:52,323 [WARN] IP:2250 - DeviceAttribute2 not found: check if there is a RefParameter without a condition.
2025-08-15 12:11:52,323 [WARN] IP:2250 - Memorytype3 not found: check if there is a RefParameter without a condition.
2025-08-15 12:11:52,323 [WARN] IP:2250 - LL_DeviceAttribute23 not found: check if there is a RefParameter without a condition.
2025-08-15 12:11:52,323 [WARN] IP:2250 - DeviceAttribute3 not found: check if there is a RefParameter without a condition.
2025-08-15 12:11:52,323 [WARN] IP:2250 - Memorytype4 not found: check if there is a RefParameter without a condition.
2025-08-15 12:11:52,323 [WARN] IP:2250 - LL_DeviceAttribute24 not found: check if there is a RefParameter without a condition.
2025-08-15 12:11:52,323 [WARN] IP:2250 - DeviceAttribute4 not found: check if there is a RefParameter without a condition.
2025-08-15 12:11:52,323 [WARN] IP:2250 - Memorytype5 not found: check if there is a RefParameter without a condition.
2025-08-15 12:11:52,323 [WARN] IP:2250 - LL_DeviceAttribute25 not found: check if there is a RefParameter without a condition.
2025-08-15 12:11:52,323 [WARN] IP:2250 - DeviceAttribute5 not found: check if there is a RefParameter without a condition.
2025-08-15 12:11:52,323 [WARN] IP:2250 - Memorytype6 not found: check if there is a RefParameter without a condition.
2025-08-15 12:11:52,323 [WARN] IP:2250 - LL_DeviceAttribute26 not found: check if there is a RefParameter without a condition.
2025-08-15 12:11:52,323 [WARN] IP:2250 - DeviceAttribute6 not found: check if there is a RefParameter without a condition.
2025-08-15 12:11:52,323 [WARN] IP:2250 - Memorytype7 not found: check if there is a RefParameter without a condition.
2025-08-15 12:11:52,323 [WARN] IP:2250 - LL_DeviceAttribute27 not found: check if there is a RefParameter without a condition.
2025-08-15 12:11:52,323 [WARN] IP:2250 - DeviceAttribute7 not found: check if there is a RefParameter without a condition.
2025-08-15 12:11:52,363 [WARN] IP:2250 - DeviceAttribute0 not found: check if there is a RefParameter without a condition.
2025-08-15 12:11:52,364 [WARN] IP:2250 - Memorytype1 not found: check if there is a RefParameter without a condition.
2025-08-15 12:11:52,364 [WARN] IP:2250 - DeviceAttribute1 not found: check if there is a RefParameter without a condition.
2025-08-15 12:11:52,364 [WARN] IP:2250 - LL_DeviceAttribute21 not found: check if there is a RefParameter without a condition.
2025-08-15 12:11:52,364 [WARN] IP:2250 - Memorytype2 not found: check if there is a RefParameter without a condition.
2025-08-15 12:11:52,364 [WARN] IP:2250 - DeviceAttribute2 not found: check if there is a RefParameter without a condition.
2025-08-15 12:11:52,364 [WARN] IP:2250 - LL_DeviceAttribute22 not found: check if there is a RefParameter without a condition.
2025-08-15 12:11:52,364 [WARN] IP:2250 - Memorytype3 not found: check if there is a RefParameter without a condition.
2025-08-15 12:11:52,364 [WARN] IP:2250 - DeviceAttribute3 not found: check if there is a RefParameter without a condition.
2025-08-15 12:11:52,364 [WARN] IP:2250 - LL_DeviceAttribute23 not found: check if there is a RefParameter without a condition.
2025-08-15 12:11:52,364 [WARN] IP:2250 - Memorytype4 not found: check if there is a RefParameter without a condition.
2025-08-15 12:11:52,364 [WARN] IP:2250 - DeviceAttribute4 not found: check if there is a RefParameter without a condition.
2025-08-15 12:11:52,364 [WARN] IP:2250 - LL_DeviceAttribute24 not found: check if there is a RefParameter without a condition.
2025-08-15 12:11:52,364 [WARN] IP:2250 - Memorytype5 not found: check if there is a RefParameter without a condition.
2025-08-15 12:11:52,364 [WARN] IP:2250 - DeviceAttribute5 not found: check if there is a RefParameter without a condition.
2025-08-15 12:11:52,364 [WARN] IP:2250 - LL_DeviceAttribute25 not found: check if there is a RefParameter without a condition.
2025-08-15 12:11:52,364 [WARN] IP:2250 - Memorytype6 not found: check if there is a RefParameter without a condition.
2025-08-15 12:11:52,364 [WARN] IP:2250 - DeviceAttribute6 not found: check if there is a RefParameter without a condition.
2025-08-15 12:11:52,364 [WARN] IP:2250 - LL_DeviceAttribute26 not found: check if there is a RefParameter without a condition.
2025-08-15 12:11:52,364 [WARN] IP:2250 - Memorytype7 not found: check if there is a RefParameter without a condition.
2025-08-15 12:11:52,364 [WARN] IP:2250 - DeviceAttribute7 not found: check if there is a RefParameter without a condition.
2025-08-15 12:11:52,364 [WARN] IP:2250 - LL_DeviceAttribute27 not found: check if there is a RefParameter without a condition.
2025-08-15 12:11:58,466 [INFO] AInterface:526 - workspaceTempDir: C:/Users/ZOJOLDRI/AppData/Local/Temp/mxAI_workspace18225360204790016376901176538588432
2025-08-15 12:11:58,466 [INFO] AInterface:1176 - Setting Env: C:/Users/ZOJOLDRI/STM32Cube/Repository/Packs/STMicroelectronics/X-CUBE-AI/10.2.0/Utilities/windows
2025-08-15 12:11:58,467 [INFO] AInterface:1233 - Custom PATH variable: C:/Users/ZOJOLDRI/STM32Cube/Repository/Packs/STMicroelectronics/X-CUBE-AI/10.2.0/Utilities/windows;C:/Users/ZOJOLDRI/STM32Cube/Repository/Packs/STMicroelectronics/X-CUBE-AI/10.2.0/Utilities/windows/mingw64/bin;C:/Users/ZOJOLDRI/STM32Cube/Repository/Packs/STMicroelectronics/X-CUBE-AI/10.2.0/Utilities/windows/mingw64/libexec/gcc/x86_64-w64-mingw32/7.3.0;
2025-08-15 12:11:58,472 [INFO] CmdLine:115 - Command: C:/Users/ZOJOLDRI/STM32Cube/Repository/Packs/STMicroelectronics/X-CUBE-AI/10.2.0/Utilities/windows/stedgeai.exe validate --target stm32n6 --name network -m C:/Users/ZOJOLDRI/OneDrive - Carl Zeiss AG/Dokumente/Zeiss/SMT/Bachelor/AB Encoder Model/model.h5 --compression none --verbosity 1 --workspace C:/Users/ZOJOLDRI/AppData/Local/Temp/mxAI_workspace18225360204790016376901176538588432 --output C:/Users/ZOJOLDRI/.stm32cubemx/network_output --mode target --desc serial:921600
2025-08-15 12:11:59,510 [INFO] CmdLine:76 - ST Edge AI Core v2.2.0-20266 2adc00962
2025-08-15 12:12:04,836 [INFO] CmdLine:76 - Setting validation data...
2025-08-15 12:12:04,836 [INFO] CmdLine:76 -  generating random data, size=10, seed=42, range=(0, 1)
2025-08-15 12:12:04,836 [INFO] CmdLine:76 -    I[1]: (10, 10, 1, 1)/float32, min/max=[0.005522, 0.986887], mean/std=[0.470181, 0.295998]
2025-08-15 12:12:04,837 [INFO] CmdLine:76 -  no output/reference samples are provided
2025-08-15 12:12:04,842 [INFO] CmdLine:76 - Creating c (debug) info json file C:\Users\ZOJOLDRI\.stm32cubemx\network_output\network_c_info.json
2025-08-15 12:12:04,854 [INFO] CmdLine:76 -  
2025-08-15 12:12:04,854 [INFO] CmdLine:76 -  Exec/report summary (validate)
2025-08-15 12:12:04,854 [INFO] CmdLine:76 -  ---------------------------------------------------------------------------------------------------------------------------
2025-08-15 12:12:04,854 [INFO] CmdLine:76 -  model file         :   C:\Users\ZOJOLDRI\OneDrive - Carl Zeiss AG\Dokumente\Zeiss\SMT\Bachelor\AB Encoder Model\model.h5   
2025-08-15 12:12:04,854 [INFO] CmdLine:76 -  type               :   keras                                                                                               
2025-08-15 12:12:04,854 [INFO] CmdLine:76 -  c_name             :   network                                                                                             
2025-08-15 12:12:04,854 [INFO] CmdLine:76 -  compression        :   none                                                                                                
2025-08-15 12:12:04,854 [INFO] CmdLine:76 -  options            :   allocate-inputs, allocate-outputs                                                                   
2025-08-15 12:12:04,854 [INFO] CmdLine:76 -  optimization       :   balanced                                                                                            
2025-08-15 12:12:04,854 [INFO] CmdLine:76 -  target/series      :   stm32n6                                                                                             
2025-08-15 12:12:04,854 [INFO] CmdLine:76 -  workspace dir      :   C:\Users\ZOJOLDRI\AppData\Local\Temp\mxAI_workspace18225360204790016376901176538588432              
2025-08-15 12:12:04,856 [INFO] CmdLine:76 -  output dir         :   C:\Users\ZOJOLDRI\.stm32cubemx\network_output                                                       
2025-08-15 12:12:04,856 [INFO] CmdLine:76 -  model_fmt          :   float                                                                                               
2025-08-15 12:12:04,856 [INFO] CmdLine:76 -  model_name         :   model                                                                                               
2025-08-15 12:12:04,856 [INFO] CmdLine:76 -  model_hash         :   0x42f0b1708bfdc710e72cc06e8cd1ea19                                                                  
2025-08-15 12:12:04,856 [INFO] CmdLine:76 -  params #           :   491 items (1.92 KiB)                                                                                
2025-08-15 12:12:04,856 [INFO] CmdLine:76 -  ---------------------------------------------------------------------------------------------------------------------------
2025-08-15 12:12:04,856 [INFO] CmdLine:76 -  input 1/1          :   'input_0', f32(1x10x1), 40 Bytes, activations                                                       
2025-08-15 12:12:04,857 [INFO] CmdLine:76 -  output 1/1         :   'dense', f32(1x1), 4 Bytes, activations                                                             
2025-08-15 12:12:04,857 [INFO] CmdLine:76 -  macc               :   4,921                                                                                               
2025-08-15 12:12:04,857 [INFO] CmdLine:76 -  weights (ro)       :   2,084 B (2.04 KiB) (1 segment) / +120(+6.1%) vs float model                                         
2025-08-15 12:12:04,857 [INFO] CmdLine:76 -  activations (rw)   :   360 B (360 B) (1 segment) *                                                                         
2025-08-15 12:12:04,857 [INFO] CmdLine:76 -  ram (total)        :   360 B (360 B) = 360 + 0 + 0                                                                         
2025-08-15 12:12:04,857 [INFO] CmdLine:76 -  ---------------------------------------------------------------------------------------------------------------------------
2025-08-15 12:12:04,857 [INFO] CmdLine:76 -  (*) 'input'/'output' buffers are allocated in the activations buffer
2025-08-15 12:12:04,858 [INFO] CmdLine:76 - Running the Keras model...
2025-08-15 12:12:05,011 [INFO] CmdLine:76 - m1/1m 2m====================m7mm m0sm 101ms/step
2025-08-15 12:12:05,011 [INFO] CmdLine:76 - m1/1m 2m====================m7mm m0sm 111ms/step
2025-08-15 12:12:05,272 [INFO] CmdLine:76 - m1/1m 2m====================m7mm m0sm 48ms/step
2025-08-15 12:12:05,272 [INFO] CmdLine:76 - m1/1m 2m====================m7mm m0sm 57ms/step
2025-08-15 12:12:05,446 [INFO] CmdLine:76 - m1/1m 2m====================m7mm m0sm 45ms/step
2025-08-15 12:12:05,447 [INFO] CmdLine:76 - m1/1m 2m====================m7mm m0sm 54ms/step
2025-08-15 12:12:05,618 [INFO] CmdLine:76 - m1/1m 2m====================m7mm m0sm 47ms/step
2025-08-15 12:12:05,618 [INFO] CmdLine:76 - m1/1m 2m====================m7mm m0sm 56ms/step
2025-08-15 12:12:05,793 [INFO] CmdLine:76 - m1/1m 2m====================m7mm m0sm 45ms/step
2025-08-15 12:12:05,794 [INFO] CmdLine:76 - m1/1m 2m====================m7mm m0sm 54ms/step
2025-08-15 12:12:05,966 [INFO] CmdLine:76 - m1/1m 2m====================m7mm m0sm 48ms/step
2025-08-15 12:12:05,966 [INFO] CmdLine:76 - m1/1m 2m====================m7mm m0sm 58ms/step
2025-08-15 12:12:06,139 [INFO] CmdLine:76 - m1/1m 2m====================m7mm m0sm 47ms/step
2025-08-15 12:12:06,140 [INFO] CmdLine:76 - m1/1m 2m====================m7mm m0sm 56ms/step
2025-08-15 12:12:06,313 [INFO] CmdLine:76 - m1/1m 2m====================m7mm m0sm 45ms/step
2025-08-15 12:12:06,314 [INFO] CmdLine:76 - m1/1m 2m====================m7mm m0sm 55ms/step
2025-08-15 12:12:06,488 [INFO] CmdLine:76 - m1/1m 2m====================m7mm m0sm 43ms/step
2025-08-15 12:12:06,489 [INFO] CmdLine:76 - m1/1m 2m====================m7mm m0sm 53ms/step
2025-08-15 12:12:06,663 [INFO] CmdLine:76 - m1/1m 2m====================m7mm m0sm 46ms/step
2025-08-15 12:12:06,663 [INFO] CmdLine:76 - m1/1m 2m====================m7mm m0sm 56ms/step
2025-08-15 12:12:06,765 [INFO] CmdLine:76 - Running the ST.AI c-model (AI RUNNER)...(name=network, mode=TARGET)
2025-08-15 12:12:07,847 [INFO] CmdLine:76 - E200(ValidationError): TARGET: Unable to bind the ST.AI runtime with "network" c-model: []
2025-08-15 12:12:07,847 [INFO] CmdLine:76 -  E801(HwIOError): Invalid firmware - COM9:921600
2025-08-15 12:12:08,204 [INFO] CmdLine:148 - stedgeai exit with status: -1
2025-08-15 12:12:08,204 [ERROR] CmdLine:151 - stedgeai return with an error
2025-08-15 12:12:08,210 [INFO] AIModelDetailledView:2823 - Validation ended
2025-08-15 12:17:04,068 [INFO] AIModelDetailledView:2380 - Analysis status: -
2025-08-15 12:17:04,101 [INFO] AInterface:259 - ModelName:network; files:[C:\Users\ZOJOLDRI\OneDrive - Carl Zeiss AG\Dokumente\Zeiss\SMT\Bachelor\AB Encoder Model\model.h5]; type:Keras; compression:None
2025-08-15 12:17:04,101 [INFO] AInterface:526 - workspaceTempDir: C:/Users/ZOJOLDRI/AppData/Local/Temp/mxAI_workspace18255923727160013634663380673391014
2025-08-15 12:17:04,101 [INFO] AInterface:1176 - Setting Env: C:/Users/ZOJOLDRI/STM32Cube/Repository/Packs/STMicroelectronics/X-CUBE-AI/10.2.0/Utilities/windows
2025-08-15 12:17:04,103 [ERROR] LogOutputStream:75 - [STDERR_REDIRECT] Exception in thread "AWT-EventQueue-0" java.lang.ClassCastException: class javax.swing.SwingUtilities$SharedOwnerFrame cannot be cast to class com.st.microxplorer.maingui.MainFrame (javax.swing.SwingUtilities$SharedOwnerFrame is in module java.desktop of loader 'bootstrap'; com.st.microxplorer.maingui.MainFrame is in unnamed module of loader org.eclipse.osgi.internal.loader.EquinoxClassLoader @14590fe2)
2025-08-15 12:17:04,104 [ERROR] LogOutputStream:75 - [STDERR_REDIRECT] 	at com.st.microxplorer.plugins.ip.ai.model.AIAdvancedSettingsData.saveSettings(AIAdvancedSettingsData.java:655)
2025-08-15 12:17:04,105 [ERROR] LogOutputStream:75 - [STDERR_REDIRECT] 	at com.st.microxplorer.plugins.ip.ai.gui.AIAdvancedSettingsUI.okButtonActionPerformed(AIAdvancedSettingsUI.java:1888)
2025-08-15 12:17:04,106 [ERROR] LogOutputStream:75 - [STDERR_REDIRECT] 	at com.st.microxplorer.plugins.ip.ai.gui.AIAdvancedSettingsUI.access$3500(AIAdvancedSettingsUI.java:80)
2025-08-15 12:17:04,107 [ERROR] LogOutputStream:75 - [STDERR_REDIRECT] 	at com.st.microxplorer.plugins.ip.ai.gui.AIAdvancedSettingsUI$34.actionPerformed(AIAdvancedSettingsUI.java:1693)
2025-08-15 12:17:04,108 [INFO] STM32CubeIDEBuilder:265 - Looking for gnu-tools-for-stm32 tools/bin/arm-none-eabi-gcc.exe in C:\ST\STM32CubeIDE_1.19.0\STM32CubeIDE
2025-08-15 12:17:04,108 [ERROR] LogOutputStream:75 - [STDERR_REDIRECT] 	at java.desktop/javax.swing.AbstractButton.fireActionPerformed(AbstractButton.java:1972)
2025-08-15 12:17:04,108 [ERROR] LogOutputStream:75 - [STDERR_REDIRECT] 	at java.desktop/javax.swing.AbstractButton$Handler.actionPerformed(AbstractButton.java:2314)
2025-08-15 12:17:04,109 [ERROR] LogOutputStream:75 - [STDERR_REDIRECT] 	at java.desktop/javax.swing.DefaultButtonModel.fireActionPerformed(DefaultButtonModel.java:407)
2025-08-15 12:17:04,109 [INFO] STM32CubeIDEBuilder:294 - checking C:\ST\STM32CubeIDE_1.19.0\STM32CubeIDE\plugins\com.st.stm32cube.ide.mcu.externaltools.gnu-tools-for-stm32.13.3.rel1.win32_1.0.0.202411081344\tools\bin\arm-none-eabi-gcc.exe
2025-08-15 12:17:04,110 [ERROR] LogOutputStream:75 - [STDERR_REDIRECT] 	at java.desktop/javax.swing.DefaultButtonModel.setPressed(DefaultButtonModel.java:262)
2025-08-15 12:17:04,110 [INFO] STM32CubeIDEBuilder:297 - ret=C:\ST\STM32CubeIDE_1.19.0\STM32CubeIDE\plugins\com.st.stm32cube.ide.mcu.externaltools.gnu-tools-for-stm32.13.3.rel1.win32_1.0.0.202411081344\tools\bin\arm-none-eabi-gcc.exe
2025-08-15 12:17:04,110 [INFO] STM32CubeIDEBuilder:311 - returning C:\ST\STM32CubeIDE_1.19.0\STM32CubeIDE\plugins\com.st.stm32cube.ide.mcu.externaltools.gnu-tools-for-stm32.13.3.rel1.win32_1.0.0.202411081344\tools\bin\arm-none-eabi-gcc.exe
2025-08-15 12:17:04,110 [INFO] AInterface:1233 - Custom PATH variable: C:/Users/ZOJOLDRI/STM32Cube/Repository/Packs/STMicroelectronics/X-CUBE-AI/10.2.0/Utilities/windows;C:/Users/ZOJOLDRI/STM32Cube/Repository/Packs/STMicroelectronics/X-CUBE-AI/10.2.0/Utilities/windows/mingw64/bin;C:/Users/ZOJOLDRI/STM32Cube/Repository/Packs/STMicroelectronics/X-CUBE-AI/10.2.0/Utilities/windows/mingw64/libexec/gcc/x86_64-w64-mingw32/7.3.0;;C:\ST\STM32CubeIDE_1.19.0\STM32CubeIDE\plugins\com.st.stm32cube.ide.mcu.externaltools.gnu-tools-for-stm32.13.3.rel1.win32_1.0.0.202411081344\tools\bin
2025-08-15 12:17:04,111 [ERROR] LogOutputStream:75 - [STDERR_REDIRECT] 	at java.desktop/javax.swing.plaf.basic.BasicButtonListener.mouseReleased(BasicButtonListener.java:279)
2025-08-15 12:17:04,111 [ERROR] LogOutputStream:75 - [STDERR_REDIRECT] 	at java.desktop/java.awt.Component.processMouseEvent(Component.java:6621)
2025-08-15 12:17:04,112 [ERROR] LogOutputStream:75 - [STDERR_REDIRECT] 	at java.desktop/javax.swing.JComponent.processMouseEvent(JComponent.java:3398)
2025-08-15 12:17:04,112 [INFO] CmdLine:115 - Command: C:/Users/ZOJOLDRI/STM32Cube/Repository/Packs/STMicroelectronics/X-CUBE-AI/10.2.0/Utilities/windows/stedgeai.exe analyze --target stm32n6 --name network -m C:/Users/ZOJOLDRI/OneDrive - Carl Zeiss AG/Dokumente/Zeiss/SMT/Bachelor/AB Encoder Model/model.h5 --compression none --verbosity 1 --workspace C:/Users/ZOJOLDRI/AppData/Local/Temp/mxAI_workspace18255923727160013634663380673391014 --output C:/Users/ZOJOLDRI/.stm32cubemx/network_output
2025-08-15 12:17:04,112 [ERROR] LogOutputStream:75 - [STDERR_REDIRECT] 	at java.desktop/java.awt.Component.processEvent(Component.java:6386)
2025-08-15 12:17:04,113 [ERROR] LogOutputStream:75 - [STDERR_REDIRECT] 	at java.desktop/java.awt.Container.processEvent(Container.java:2266)
2025-08-15 12:17:04,113 [INFO] AIModelDetailledView:2380 - Analysis status: pending
2025-08-15 12:17:04,114 [ERROR] LogOutputStream:75 - [STDERR_REDIRECT] 	at java.desktop/java.awt.Component.dispatchEventImpl(Component.java:4996)
2025-08-15 12:17:04,114 [ERROR] LogOutputStream:75 - [STDERR_REDIRECT] 	at java.desktop/java.awt.Container.dispatchEventImpl(Container.java:2324)
2025-08-15 12:17:04,115 [ERROR] LogOutputStream:75 - [STDERR_REDIRECT] 	at java.desktop/java.awt.Component.dispatchEvent(Component.java:4828)
2025-08-15 12:17:04,115 [ERROR] LogOutputStream:75 - [STDERR_REDIRECT] 	at java.desktop/java.awt.LightweightDispatcher.retargetMouseEvent(Container.java:4948)
2025-08-15 12:17:04,116 [ERROR] LogOutputStream:75 - [STDERR_REDIRECT] 	at java.desktop/java.awt.LightweightDispatcher.processMouseEvent(Container.java:4575)
2025-08-15 12:17:04,116 [ERROR] LogOutputStream:75 - [STDERR_REDIRECT] 	at java.desktop/java.awt.LightweightDispatcher.dispatchEvent(Container.java:4516)
2025-08-15 12:17:04,117 [ERROR] LogOutputStream:75 - [STDERR_REDIRECT] 	at java.desktop/java.awt.Container.dispatchEventImpl(Container.java:2310)
2025-08-15 12:17:04,117 [ERROR] LogOutputStream:75 - [STDERR_REDIRECT] 	at java.desktop/java.awt.Window.dispatchEventImpl(Window.java:2780)
2025-08-15 12:17:04,118 [ERROR] LogOutputStream:75 - [STDERR_REDIRECT] 	at java.desktop/java.awt.Component.dispatchEvent(Component.java:4828)
2025-08-15 12:17:04,118 [ERROR] LogOutputStream:75 - [STDERR_REDIRECT] 	at java.desktop/java.awt.EventQueue.dispatchEventImpl(EventQueue.java:775)
2025-08-15 12:17:04,119 [ERROR] LogOutputStream:75 - [STDERR_REDIRECT] 	at java.desktop/java.awt.EventQueue$4.run(EventQueue.java:720)
2025-08-15 12:17:04,120 [ERROR] LogOutputStream:75 - [STDERR_REDIRECT] 	at java.desktop/java.awt.EventQueue$4.run(EventQueue.java:714)
2025-08-15 12:17:04,121 [ERROR] LogOutputStream:75 - [STDERR_REDIRECT] 	at java.base/java.security.AccessController.doPrivileged(AccessController.java:400)
2025-08-15 12:17:04,121 [ERROR] LogOutputStream:75 - [STDERR_REDIRECT] 	at java.base/java.security.ProtectionDomain$JavaSecurityAccessImpl.doIntersectionPrivilege(ProtectionDomain.java:87)
2025-08-15 12:17:04,122 [ERROR] LogOutputStream:75 - [STDERR_REDIRECT] 	at java.base/java.security.ProtectionDomain$JavaSecurityAccessImpl.doIntersectionPrivilege(ProtectionDomain.java:98)
2025-08-15 12:17:04,123 [ERROR] LogOutputStream:75 - [STDERR_REDIRECT] 	at java.desktop/java.awt.EventQueue$5.run(EventQueue.java:747)
2025-08-15 12:17:04,123 [ERROR] LogOutputStream:75 - [STDERR_REDIRECT] 	at java.desktop/java.awt.EventQueue$5.run(EventQueue.java:745)
2025-08-15 12:17:04,124 [ERROR] LogOutputStream:75 - [STDERR_REDIRECT] 	at java.base/java.security.AccessController.doPrivileged(AccessController.java:400)
2025-08-15 12:17:04,125 [ERROR] LogOutputStream:75 - [STDERR_REDIRECT] 	at java.base/java.security.ProtectionDomain$JavaSecurityAccessImpl.doIntersectionPrivilege(ProtectionDomain.java:87)
2025-08-15 12:17:04,125 [ERROR] LogOutputStream:75 - [STDERR_REDIRECT] 	at java.desktop/java.awt.EventQueue.dispatchEvent(EventQueue.java:744)
2025-08-15 12:17:04,126 [ERROR] LogOutputStream:75 - [STDERR_REDIRECT] 	at java.desktop/java.awt.EventDispatchThread.pumpOneEventForFilters(EventDispatchThread.java:203)
2025-08-15 12:17:04,127 [ERROR] LogOutputStream:75 - [STDERR_REDIRECT] 	at java.desktop/java.awt.EventDispatchThread.pumpEventsForFilter(EventDispatchThread.java:124)
2025-08-15 12:17:04,127 [ERROR] LogOutputStream:75 - [STDERR_REDIRECT] 	at java.desktop/java.awt.EventDispatchThread.pumpEventsForFilter(EventDispatchThread.java:117)
2025-08-15 12:17:04,128 [ERROR] LogOutputStream:75 - [STDERR_REDIRECT] 	at java.desktop/java.awt.WaitDispatchSupport$2.run(WaitDispatchSupport.java:191)
2025-08-15 12:17:04,128 [ERROR] LogOutputStream:75 - [STDERR_REDIRECT] 	at java.desktop/java.awt.WaitDispatchSupport$4.run(WaitDispatchSupport.java:236)
2025-08-15 12:17:04,129 [ERROR] LogOutputStream:75 - [STDERR_REDIRECT] 	at java.desktop/java.awt.WaitDispatchSupport$4.run(WaitDispatchSupport.java:234)
2025-08-15 12:17:04,129 [ERROR] LogOutputStream:75 - [STDERR_REDIRECT] 	at java.base/java.security.AccessController.doPrivileged(AccessController.java:319)
2025-08-15 12:17:04,130 [ERROR] LogOutputStream:75 - [STDERR_REDIRECT] 	at java.desktop/java.awt.WaitDispatchSupport.enter(WaitDispatchSupport.java:234)
2025-08-15 12:17:04,130 [ERROR] LogOutputStream:75 - [STDERR_REDIRECT] 	at java.desktop/java.awt.Dialog.show(Dialog.java:1079)
2025-08-15 12:17:04,130 [ERROR] LogOutputStream:75 - [STDERR_REDIRECT] 	at java.desktop/java.awt.Component.show(Component.java:1728)
2025-08-15 12:17:04,131 [ERROR] LogOutputStream:75 - [STDERR_REDIRECT] 	at java.desktop/java.awt.Component.setVisible(Component.java:1675)
2025-08-15 12:17:04,131 [ERROR] LogOutputStream:75 - [STDERR_REDIRECT] 	at java.desktop/java.awt.Window.setVisible(Window.java:1036)
2025-08-15 12:17:04,131 [ERROR] LogOutputStream:75 - [STDERR_REDIRECT] 	at java.desktop/java.awt.Dialog.setVisible(Dialog.java:1015)
2025-08-15 12:17:04,132 [ERROR] LogOutputStream:75 - [STDERR_REDIRECT] 	at com.st.microxplorer.plugins.ip.ai.gui.AIModelDetailledView.showAdvancedSettingsWindow(AIModelDetailledView.java:2915)
2025-08-15 12:17:04,132 [ERROR] LogOutputStream:75 - [STDERR_REDIRECT] 	at com.st.microxplorer.plugins.ip.ai.gui.AIModelDetailledView.actionPerformed(AIModelDetailledView.java:1895)
2025-08-15 12:17:04,133 [ERROR] LogOutputStream:75 - [STDERR_REDIRECT] 	at java.desktop/javax.swing.AbstractButton.fireActionPerformed(AbstractButton.java:1972)
2025-08-15 12:17:04,133 [ERROR] LogOutputStream:75 - [STDERR_REDIRECT] 	at java.desktop/javax.swing.AbstractButton$Handler.actionPerformed(AbstractButton.java:2314)
2025-08-15 12:17:04,134 [ERROR] LogOutputStream:75 - [STDERR_REDIRECT] 	at java.desktop/javax.swing.DefaultButtonModel.fireActionPerformed(DefaultButtonModel.java:407)
2025-08-15 12:17:04,134 [ERROR] LogOutputStream:75 - [STDERR_REDIRECT] 	at java.desktop/javax.swing.DefaultButtonModel.setPressed(DefaultButtonModel.java:262)
2025-08-15 12:17:04,136 [ERROR] LogOutputStream:75 - [STDERR_REDIRECT] 	at java.desktop/javax.swing.plaf.basic.BasicButtonListener.mouseReleased(BasicButtonListener.java:279)
2025-08-15 12:17:04,136 [ERROR] LogOutputStream:75 - [STDERR_REDIRECT] 	at java.desktop/java.awt.Component.processMouseEvent(Component.java:6621)
2025-08-15 12:17:04,137 [ERROR] LogOutputStream:75 - [STDERR_REDIRECT] 	at java.desktop/javax.swing.JComponent.processMouseEvent(JComponent.java:3398)
2025-08-15 12:17:04,137 [ERROR] LogOutputStream:75 - [STDERR_REDIRECT] 	at java.desktop/java.awt.Component.processEvent(Component.java:6386)
2025-08-15 12:17:04,138 [ERROR] LogOutputStream:75 - [STDERR_REDIRECT] 	at java.desktop/java.awt.Container.processEvent(Container.java:2266)
2025-08-15 12:17:04,138 [ERROR] LogOutputStream:75 - [STDERR_REDIRECT] 	at java.desktop/java.awt.Component.dispatchEventImpl(Component.java:4996)
2025-08-15 12:17:04,139 [ERROR] LogOutputStream:75 - [STDERR_REDIRECT] 	at java.desktop/java.awt.Container.dispatchEventImpl(Container.java:2324)
2025-08-15 12:17:04,139 [ERROR] LogOutputStream:75 - [STDERR_REDIRECT] 	at java.desktop/java.awt.Component.dispatchEvent(Component.java:4828)
2025-08-15 12:17:04,140 [ERROR] LogOutputStream:75 - [STDERR_REDIRECT] 	at java.desktop/java.awt.LightweightDispatcher.retargetMouseEvent(Container.java:4948)
2025-08-15 12:17:04,140 [ERROR] LogOutputStream:75 - [STDERR_REDIRECT] 	at java.desktop/java.awt.LightweightDispatcher.processMouseEvent(Container.java:4575)
2025-08-15 12:17:04,141 [ERROR] LogOutputStream:75 - [STDERR_REDIRECT] 	at java.desktop/java.awt.LightweightDispatcher.dispatchEvent(Container.java:4516)
2025-08-15 12:17:04,141 [ERROR] LogOutputStream:75 - [STDERR_REDIRECT] 	at java.desktop/java.awt.Container.dispatchEventImpl(Container.java:2310)
2025-08-15 12:17:04,142 [ERROR] LogOutputStream:75 - [STDERR_REDIRECT] 	at java.desktop/java.awt.Component.dispatchEvent(Component.java:4828)
2025-08-15 12:17:04,142 [ERROR] LogOutputStream:75 - [STDERR_REDIRECT] 	at java.desktop/java.awt.EventQueue.dispatchEventImpl(EventQueue.java:775)
2025-08-15 12:17:04,142 [ERROR] LogOutputStream:75 - [STDERR_REDIRECT] 	at java.desktop/java.awt.EventQueue$4.run(EventQueue.java:720)
2025-08-15 12:17:04,143 [ERROR] LogOutputStream:75 - [STDERR_REDIRECT] 	at java.desktop/java.awt.EventQueue$4.run(EventQueue.java:714)
2025-08-15 12:17:04,143 [ERROR] LogOutputStream:75 - [STDERR_REDIRECT] 	at java.base/java.security.AccessController.doPrivileged(AccessController.java:400)
2025-08-15 12:17:04,144 [ERROR] LogOutputStream:75 - [STDERR_REDIRECT] 	at java.base/java.security.ProtectionDomain$JavaSecurityAccessImpl.doIntersectionPrivilege(ProtectionDomain.java:87)
2025-08-15 12:17:04,145 [ERROR] LogOutputStream:75 - [STDERR_REDIRECT] 	at java.base/java.security.ProtectionDomain$JavaSecurityAccessImpl.doIntersectionPrivilege(ProtectionDomain.java:98)
2025-08-15 12:17:04,145 [ERROR] LogOutputStream:75 - [STDERR_REDIRECT] 	at java.desktop/java.awt.EventQueue$5.run(EventQueue.java:747)
2025-08-15 12:17:04,145 [ERROR] LogOutputStream:75 - [STDERR_REDIRECT] 	at java.desktop/java.awt.EventQueue$5.run(EventQueue.java:745)
2025-08-15 12:17:04,146 [ERROR] LogOutputStream:75 - [STDERR_REDIRECT] 	at java.base/java.security.AccessController.doPrivileged(AccessController.java:400)
2025-08-15 12:17:04,147 [ERROR] LogOutputStream:75 - [STDERR_REDIRECT] 	at java.base/java.security.ProtectionDomain$JavaSecurityAccessImpl.doIntersectionPrivilege(ProtectionDomain.java:87)
2025-08-15 12:17:04,147 [ERROR] LogOutputStream:75 - [STDERR_REDIRECT] 	at java.desktop/java.awt.EventQueue.dispatchEvent(EventQueue.java:744)
2025-08-15 12:17:04,148 [ERROR] LogOutputStream:75 - [STDERR_REDIRECT] 	at java.desktop/java.awt.EventDispatchThread.pumpOneEventForFilters(EventDispatchThread.java:203)
2025-08-15 12:17:04,148 [ERROR] LogOutputStream:75 - [STDERR_REDIRECT] 	at java.desktop/java.awt.EventDispatchThread.pumpEventsForFilter(EventDispatchThread.java:124)
2025-08-15 12:17:04,149 [ERROR] LogOutputStream:75 - [STDERR_REDIRECT] 	at java.desktop/java.awt.EventDispatchThread.pumpEventsForHierarchy(EventDispatchThread.java:113)
2025-08-15 12:17:04,150 [ERROR] LogOutputStream:75 - [STDERR_REDIRECT] 	at java.desktop/java.awt.EventDispatchThread.pumpEvents(EventDispatchThread.java:109)
2025-08-15 12:17:04,151 [ERROR] LogOutputStream:75 - [STDERR_REDIRECT] 	at java.desktop/java.awt.EventDispatchThread.pumpEvents(EventDispatchThread.java:101)
2025-08-15 12:17:04,152 [ERROR] LogOutputStream:75 - [STDERR_REDIRECT] 	at java.desktop/java.awt.EventDispatchThread.run(EventDispatchThread.java:90)
2025-08-15 12:17:13,318 [INFO] CmdLine:76 - ST Edge AI Core v2.2.0-20266 2adc00962
2025-08-15 12:18:26,422 [INFO] CmdLine:76 - Creating c (debug) info json file C:\Users\ZOJOLDRI\.stm32cubemx\network_output\network_c_info.json
2025-08-15 12:18:26,439 [INFO] CmdLine:76 -  
2025-08-15 12:18:26,439 [INFO] CmdLine:76 -  Exec/report summary (analyze)
2025-08-15 12:18:26,440 [INFO] CmdLine:76 -  ---------------------------------------------------------------------------------------------------------------------------
2025-08-15 12:18:26,440 [INFO] CmdLine:76 -  model file         :   C:\Users\ZOJOLDRI\OneDrive - Carl Zeiss AG\Dokumente\Zeiss\SMT\Bachelor\AB Encoder Model\model.h5   
2025-08-15 12:18:26,440 [INFO] CmdLine:76 -  type               :   keras                                                                                               
2025-08-15 12:18:26,440 [INFO] CmdLine:76 -  c_name             :   network                                                                                             
2025-08-15 12:18:26,440 [INFO] CmdLine:76 -  compression        :   none                                                                                                
2025-08-15 12:18:26,440 [INFO] CmdLine:76 -  options            :   allocate-inputs, allocate-outputs                                                                   
2025-08-15 12:18:26,440 [INFO] CmdLine:76 -  optimization       :   balanced                                                                                            
2025-08-15 12:18:26,440 [INFO] CmdLine:76 -  target/series      :   stm32n6                                                                                             
2025-08-15 12:18:26,440 [INFO] CmdLine:76 -  workspace dir      :   C:\Users\ZOJOLDRI\AppData\Local\Temp\mxAI_workspace18255923727160013634663380673391014              
2025-08-15 12:18:26,440 [INFO] CmdLine:76 -  output dir         :   C:\Users\ZOJOLDRI\.stm32cubemx\network_output                                                       
2025-08-15 12:18:26,440 [INFO] CmdLine:76 -  model_fmt          :   float                                                                                               
2025-08-15 12:18:26,440 [INFO] CmdLine:76 -  model_name         :   model                                                                                               
2025-08-15 12:18:26,440 [INFO] CmdLine:76 -  model_hash         :   0x42f0b1708bfdc710e72cc06e8cd1ea19                                                                  
2025-08-15 12:18:26,440 [INFO] CmdLine:76 -  params #           :   491 items (1.92 KiB)                                                                                
2025-08-15 12:18:26,441 [INFO] CmdLine:76 -  ---------------------------------------------------------------------------------------------------------------------------
2025-08-15 12:18:26,441 [INFO] CmdLine:76 -  input 1/1          :   'input_0', f32(1x10x1), 40 Bytes, activations                                                       
2025-08-15 12:18:26,441 [INFO] CmdLine:76 -  output 1/1         :   'dense', f32(1x1), 4 Bytes, activations                                                             
2025-08-15 12:18:26,441 [INFO] CmdLine:76 -  macc               :   4,921                                                                                               
2025-08-15 12:18:26,441 [INFO] CmdLine:76 -  weights (ro)       :   2,084 B (2.04 KiB) (1 segment) / +120(+6.1%) vs float model                                         
2025-08-15 12:18:26,441 [INFO] CmdLine:76 -  activations (rw)   :   360 B (360 B) (1 segment) *                                                                         
2025-08-15 12:18:26,441 [INFO] CmdLine:76 -  ram (total)        :   360 B (360 B) = 360 + 0 + 0                                                                         
2025-08-15 12:18:26,441 [INFO] CmdLine:76 -  ---------------------------------------------------------------------------------------------------------------------------
2025-08-15 12:18:26,441 [INFO] CmdLine:76 -  (*) 'input'/'output' buffers are allocated in the activations buffer
2025-08-15 12:18:26,442 [INFO] CmdLine:76 - Computing AI RT data/code size (target=stm32n6)..
2025-08-15 12:18:33,169 [INFO] CmdLine:76 -  Model name - model
2025-08-15 12:18:33,170 [INFO] CmdLine:76 -  ------ --------------------- ---------------- ------------ ------- --------------
2025-08-15 12:18:33,170 [INFO] CmdLine:76 -  m_id   layer (original)      oshape           param/size      macc   connected to
2025-08-15 12:18:33,170 [INFO] CmdLine:76 -  ------ --------------------- ---------------- ------------ ------- --------------
2025-08-15 12:18:33,170 [INFO] CmdLine:76 -  0      input_0 (None)        [b:1,h:10,c:1]
2025-08-15 12:18:33,170 [INFO] CmdLine:76 -         lstm (LSTM)           [b:1,c:10]       480/1,920      4,900        input_0
2025-08-15 12:18:33,171 [INFO] CmdLine:76 -  ------ --------------------- ---------------- ------------ ------- --------------
2025-08-15 12:18:33,171 [INFO] CmdLine:76 -  1      dense_dense (Dense)   [b:1,c:1]        11/44             11           lstm
2025-08-15 12:18:33,171 [INFO] CmdLine:76 -         dense (Dense)         [b:1,c:1]                          10    dense_dense
2025-08-15 12:18:33,171 [INFO] CmdLine:76 -  ------ --------------------- ---------------- ------------ ------- --------------
2025-08-15 12:18:33,171 [INFO] CmdLine:76 -  model: macc=4,921 weights=1,964 activations=-- io=--
2025-08-15 12:18:33,171 [INFO] CmdLine:76 -  Number of operations per c-layer
2025-08-15 12:18:33,171 [INFO] CmdLine:76 -  ------- ------ ---------------------- ------- --------------
2025-08-15 12:18:33,171 [INFO] CmdLine:76 -  c_id    m_id   name (type)                #op           type
2025-08-15 12:18:33,171 [INFO] CmdLine:76 -  ------- ------ ---------------------- ------- --------------
2025-08-15 12:18:33,171 [INFO] CmdLine:76 -  0       0      lstm (LSTM)              4,900   smul_f32_f32
2025-08-15 12:18:33,171 [INFO] CmdLine:76 -  1       1      dense_dense (Dense)         11   smul_f32_f32
2025-08-15 12:18:33,171 [INFO] CmdLine:76 -  2       1      dense (Nonlinearity)        10     op_f32_f32
2025-08-15 12:18:33,171 [INFO] CmdLine:76 -  ------- ------ ---------------------- ------- --------------
2025-08-15 12:18:33,171 [INFO] CmdLine:76 -  total                                   4,921
2025-08-15 12:18:33,172 [INFO] CmdLine:76 -  Number of operation types
2025-08-15 12:18:33,172 [INFO] CmdLine:76 -  ---------------- ------- -----------
2025-08-15 12:18:33,172 [INFO] CmdLine:76 -  operation type         #           %
2025-08-15 12:18:33,172 [INFO] CmdLine:76 -  ---------------- ------- -----------
2025-08-15 12:18:33,172 [INFO] CmdLine:76 -  smul_f32_f32       4,911       99.8%
2025-08-15 12:18:33,172 [INFO] CmdLine:76 -  op_f32_f32            10        0.2%
2025-08-15 12:18:33,172 [INFO] CmdLine:76 -  Complexity report (model)
2025-08-15 12:18:33,172 [INFO] CmdLine:76 -  ------ ------------- ------------------------- ------------------------- --------
2025-08-15 12:18:33,172 [INFO] CmdLine:76 -  m_id   name          c_macc                    c_rom                     c_id
2025-08-15 12:18:33,172 [INFO] CmdLine:76 -  ------ ------------- ------------------------- ------------------------- --------
2025-08-15 12:18:33,172 [INFO] CmdLine:76 -  0      input_0       ||||||||||||||||  99.6%   ||||||||||||||||  97.9%   [0]
2025-08-15 12:18:33,172 [INFO] CmdLine:76 -  1      dense_dense   |                  0.4%   |                  2.1%   [1, 2]
2025-08-15 12:18:33,172 [INFO] CmdLine:76 -  ------ ------------- ------------------------- ------------------------- --------
2025-08-15 12:18:33,172 [INFO] CmdLine:76 -  macc=4,921 weights=2,084 act=360 ram_io=0
2025-08-15 12:18:33,172 [INFO] CmdLine:76 -  Requested memory size by section - "stm32n6" target
2025-08-15 12:18:33,172 [INFO] CmdLine:76 -  ------------------------------- -------- -------- ------- -----
2025-08-15 12:18:33,173 [INFO] CmdLine:76 -  module                              text   rodata    data   bss
2025-08-15 12:18:33,173 [INFO] CmdLine:76 -  ------------------------------- -------- -------- ------- -----
2025-08-15 12:18:33,173 [INFO] CmdLine:76 -  NetworkRuntime1020_CM55_GCC.a     14,376        0       0     0
2025-08-15 12:18:33,173 [INFO] CmdLine:76 -  network.o                            520       24   1,400   124
2025-08-15 12:18:33,173 [INFO] CmdLine:76 -  network_data.o                        48       16      88     0
2025-08-15 12:18:33,173 [INFO] CmdLine:76 -  lib (toolchain)*                   1,132      340       0     0
2025-08-15 12:18:33,173 [INFO] CmdLine:76 -  ------------------------------- -------- -------- ------- -----
2025-08-15 12:18:33,173 [INFO] CmdLine:76 -  RT total**                        16,076      380   1,488   124
2025-08-15 12:18:33,173 [INFO] CmdLine:76 -  ------------------------------- -------- -------- ------- -----
2025-08-15 12:18:33,173 [INFO] CmdLine:76 -  weights                                0    2,088       0     0
2025-08-15 12:18:33,173 [INFO] CmdLine:76 -  activations                            0        0       0   360
2025-08-15 12:18:33,173 [INFO] CmdLine:76 -  io                                     0        0       0     0
2025-08-15 12:18:33,173 [INFO] CmdLine:76 -  ------------------------------- -------- -------- ------- -----
2025-08-15 12:18:33,174 [INFO] CmdLine:76 -  TOTAL                             16,076    2,468   1,488   484
2025-08-15 12:18:33,174 [INFO] CmdLine:76 -  ------------------------------- -------- -------- ------- -----
2025-08-15 12:18:33,174 [INFO] CmdLine:76 -  *  toolchain objects (libm/libgcc*)
2025-08-15 12:18:33,174 [INFO] CmdLine:76 -  ** RT AI runtime objects (kernels+infrastructure)
2025-08-15 12:18:33,174 [INFO] CmdLine:76 -   Summary - "stm32n6" target
2025-08-15 12:18:33,174 [INFO] CmdLine:76 -   ---------------------------------------------------
2025-08-15 12:18:33,174 [INFO] CmdLine:76 -                FLASH (ro)      %*   RAM (rw)       %
2025-08-15 12:18:33,174 [INFO] CmdLine:76 -   ---------------------------------------------------
2025-08-15 12:18:33,174 [INFO] CmdLine:76 -   RT total         17,944   89.6%      1,612   81.7%
2025-08-15 12:18:33,174 [INFO] CmdLine:76 -   ---------------------------------------------------
2025-08-15 12:18:33,174 [INFO] CmdLine:76 -   TOTAL            20,032              1,972
2025-08-15 12:18:33,174 [INFO] CmdLine:76 -   ---------------------------------------------------
2025-08-15 12:18:33,174 [INFO] CmdLine:76 -   *  rt/total
2025-08-15 12:18:33,174 [INFO] CmdLine:76 - Creating txt report file C:\Users\ZOJOLDRI\.stm32cubemx\network_output\network_analyze_report.txt
2025-08-15 12:18:35,487 [INFO] CmdLine:76 - elapsed time (analyze): 82.169s
2025-08-15 12:18:35,852 [INFO] CmdLine:148 - stedgeai exit with status: 0
2025-08-15 12:18:35,862 [INFO] AIModelDetailledView:1184 - Model file:      model.h5
2025-08-15 12:18:35,862 [INFO] AIModelDetailledView:1184 - Total Flash:     20028 B (19.56 KiB)
2025-08-15 12:18:35,862 [INFO] AIModelDetailledView:1184 -     Weights:     2084 B (2.04 KiB)
2025-08-15 12:18:35,862 [INFO] AIModelDetailledView:1184 -     Library:     17944 B (17.52 KiB)
2025-08-15 12:18:35,862 [INFO] AIModelDetailledView:1184 - Total Ram:       1972 B (1.93 KiB)
2025-08-15 12:18:35,862 [INFO] AIModelDetailledView:1184 -     Activations: 360 B
2025-08-15 12:18:35,863 [INFO] AIModelDetailledView:1184 -     Library:     1612 B (1.57 KiB)
2025-08-15 12:18:35,863 [INFO] AIModelDetailledView:1184 -     Input:       40 B (included in Activations)
2025-08-15 12:18:35,863 [INFO] AIModelDetailledView:1184 -     Output:      4 B (included in Activations)
2025-08-15 12:18:35,863 [INFO] AIModelDetailledView:1184 - Done
2025-08-15 12:18:35,863 [INFO] AIModelDetailledView:2715 - Analyze complete on AI model
2025-08-15 12:18:35,933 [INFO] AIModelDetailledView:2380 - Analysis status: done
2025-08-15 12:18:46,795 [INFO] UtilMem:75 - End SaveConfig() Used Memory: 734752304 Bytes (1073741824)
2025-08-15 12:18:48,782 [INFO] UtilMem:75 - End SaveConfig() Used Memory: 957926136 Bytes (1073741824)
2025-08-15 12:18:51,246 [INFO] UtilMem:75 - End SaveConfig() Used Memory: 938700336 Bytes (1073741824)
2025-08-15 12:18:51,863 [WARN] IP:2250 - pwrPrivilege not found: check if there is a RefParameter without a condition.
2025-08-15 12:18:52,091 [INFO] BlockDiagram:2775 - set Specific Code input for plugin: EXTMEM_MANAGER
2025-08-15 12:18:52,091 [INFO] BlockDiagram:2775 - set Specific Code input for plugin: PWR
2025-08-15 12:18:52,091 [INFO] BlockDiagram:2775 - set Specific Code input for plugin: CORTEX_M55_S
2025-08-15 12:18:52,091 [INFO] BlockDiagram:2775 - set Specific Code input for plugin: RCC
2025-08-15 12:18:52,091 [INFO] BlockDiagram:2775 - set Specific Code input for plugin: CORTEX_M55_FSBL
2025-08-15 12:18:52,091 [INFO] BlockDiagram:2775 - set Specific Code input for plugin: XSPIM
2025-08-15 12:18:52,091 [INFO] BlockDiagram:2775 - set Specific Code input for plugin: STMicroelectronics.X-CUBE-AI.10.2.0
2025-08-15 12:18:52,091 [INFO] BlockDiagram:2775 - set Specific Code input for plugin: XSPI
2025-08-15 12:18:52,091 [INFO] BlockDiagram:2775 - set Specific Code input for plugin: CACHEAXI
2025-08-15 12:18:52,091 [INFO] BlockDiagram:2775 - set Specific Code input for plugin: LPUART
2025-08-15 12:18:52,091 [INFO] BlockDiagram:2775 - set Specific Code input for plugin: NVIC
2025-08-15 12:18:52,091 [INFO] BlockDiagram:2775 - set Specific Code input for plugin: HDP
2025-08-15 12:18:52,091 [INFO] BlockDiagram:2775 - set Specific Code input for plugin: ICACHE
2025-08-15 12:18:52,091 [INFO] BlockDiagram:2775 - set Specific Code input for plugin: DEBUG
2025-08-15 12:18:52,092 [INFO] BlockDiagram:2775 - set Specific Code input for plugin: GPIO
2025-08-15 12:18:52,092 [INFO] BlockDiagram:2775 - set Specific Code input for plugin: RIF
2025-08-15 12:18:52,092 [INFO] BlockDiagram:2775 - set Specific Code input for plugin: NVIC1
2025-08-15 12:18:52,103 [INFO] CodeGenerator:892 - code generatio: config db path: C:\ST\STM32CubeIDE_1.19.0\STM32CubeIDE\plugins\com.st.stm32cube.common.mx_6.15.0.202507011659\\db\
2025-08-15 12:18:52,108 [WARN] IP:2250 - DeviceAttribute0 not found: check if there is a RefParameter without a condition.
2025-08-15 12:18:52,109 [WARN] IP:2250 - Memorytype1 not found: check if there is a RefParameter without a condition.
2025-08-15 12:18:52,109 [WARN] IP:2250 - DeviceAttribute1 not found: check if there is a RefParameter without a condition.
2025-08-15 12:18:52,109 [WARN] IP:2250 - LL_DeviceAttribute21 not found: check if there is a RefParameter without a condition.
2025-08-15 12:18:52,109 [WARN] IP:2250 - Memorytype2 not found: check if there is a RefParameter without a condition.
2025-08-15 12:18:52,109 [WARN] IP:2250 - DeviceAttribute2 not found: check if there is a RefParameter without a condition.
2025-08-15 12:18:52,109 [WARN] IP:2250 - LL_DeviceAttribute22 not found: check if there is a RefParameter without a condition.
2025-08-15 12:18:52,109 [WARN] IP:2250 - Memorytype3 not found: check if there is a RefParameter without a condition.
2025-08-15 12:18:52,109 [WARN] IP:2250 - DeviceAttribute3 not found: check if there is a RefParameter without a condition.
2025-08-15 12:18:52,109 [WARN] IP:2250 - LL_DeviceAttribute23 not found: check if there is a RefParameter without a condition.
2025-08-15 12:18:52,109 [WARN] IP:2250 - Memorytype4 not found: check if there is a RefParameter without a condition.
2025-08-15 12:18:52,109 [WARN] IP:2250 - DeviceAttribute4 not found: check if there is a RefParameter without a condition.
2025-08-15 12:18:52,109 [WARN] IP:2250 - LL_DeviceAttribute24 not found: check if there is a RefParameter without a condition.
2025-08-15 12:18:52,109 [WARN] IP:2250 - Memorytype5 not found: check if there is a RefParameter without a condition.
2025-08-15 12:18:52,109 [WARN] IP:2250 - DeviceAttribute5 not found: check if there is a RefParameter without a condition.
2025-08-15 12:18:52,109 [WARN] IP:2250 - LL_DeviceAttribute25 not found: check if there is a RefParameter without a condition.
2025-08-15 12:18:52,109 [WARN] IP:2250 - Memorytype6 not found: check if there is a RefParameter without a condition.
2025-08-15 12:18:52,109 [WARN] IP:2250 - DeviceAttribute6 not found: check if there is a RefParameter without a condition.
2025-08-15 12:18:52,109 [WARN] IP:2250 - LL_DeviceAttribute26 not found: check if there is a RefParameter without a condition.
2025-08-15 12:18:52,109 [WARN] IP:2250 - Memorytype7 not found: check if there is a RefParameter without a condition.
2025-08-15 12:18:52,109 [WARN] IP:2250 - DeviceAttribute7 not found: check if there is a RefParameter without a condition.
2025-08-15 12:18:52,109 [WARN] IP:2250 - LL_DeviceAttribute27 not found: check if there is a RefParameter without a condition.
2025-08-15 12:18:52,113 [WARN] IP:2250 - Memorytype0 not found: check if there is a RefParameter without a condition.
2025-08-15 12:18:52,113 [WARN] IP:2250 - LL_DeviceAttribute20 not found: check if there is a RefParameter without a condition.
2025-08-15 12:18:52,113 [WARN] IP:2250 - DeviceAttribute0 not found: check if there is a RefParameter without a condition.
2025-08-15 12:18:52,114 [WARN] IP:2250 - DeviceAttribute20 not found: check if there is a RefParameter without a condition.
2025-08-15 12:18:52,114 [WARN] IP:2250 - DeviceAttribute1 not found: check if there is a RefParameter without a condition.
2025-08-15 12:18:52,114 [WARN] IP:2250 - Memorytype2 not found: check if there is a RefParameter without a condition.
2025-08-15 12:18:52,114 [WARN] IP:2250 - LL_DeviceAttribute22 not found: check if there is a RefParameter without a condition.
2025-08-15 12:18:52,114 [WARN] IP:2250 - DeviceAttribute2 not found: check if there is a RefParameter without a condition.
2025-08-15 12:18:52,114 [WARN] IP:2250 - Memorytype3 not found: check if there is a RefParameter without a condition.
2025-08-15 12:18:52,114 [WARN] IP:2250 - LL_DeviceAttribute23 not found: check if there is a RefParameter without a condition.
2025-08-15 12:18:52,114 [WARN] IP:2250 - DeviceAttribute3 not found: check if there is a RefParameter without a condition.
2025-08-15 12:18:52,114 [WARN] IP:2250 - Memorytype4 not found: check if there is a RefParameter without a condition.
2025-08-15 12:18:52,114 [WARN] IP:2250 - LL_DeviceAttribute24 not found: check if there is a RefParameter without a condition.
2025-08-15 12:18:52,114 [WARN] IP:2250 - DeviceAttribute4 not found: check if there is a RefParameter without a condition.
2025-08-15 12:18:52,114 [WARN] IP:2250 - Memorytype5 not found: check if there is a RefParameter without a condition.
2025-08-15 12:18:52,114 [WARN] IP:2250 - LL_DeviceAttribute25 not found: check if there is a RefParameter without a condition.
2025-08-15 12:18:52,114 [WARN] IP:2250 - DeviceAttribute5 not found: check if there is a RefParameter without a condition.
2025-08-15 12:18:52,114 [WARN] IP:2250 - Memorytype6 not found: check if there is a RefParameter without a condition.
2025-08-15 12:18:52,114 [WARN] IP:2250 - LL_DeviceAttribute26 not found: check if there is a RefParameter without a condition.
2025-08-15 12:18:52,114 [WARN] IP:2250 - DeviceAttribute6 not found: check if there is a RefParameter without a condition.
2025-08-15 12:18:52,114 [WARN] IP:2250 - Memorytype7 not found: check if there is a RefParameter without a condition.
2025-08-15 12:18:52,114 [WARN] IP:2250 - LL_DeviceAttribute27 not found: check if there is a RefParameter without a condition.
2025-08-15 12:18:52,114 [WARN] IP:2250 - DeviceAttribute7 not found: check if there is a RefParameter without a condition.
2025-08-15 12:18:52,120 [WARN] IP:2250 - RefParam_LRUN_SRC_memory not found: check if there is a RefParameter without a condition.
2025-08-15 12:18:52,120 [WARN] IP:2250 - RefParam_LRUN_SRC_offset not found: check if there is a RefParameter without a condition.
2025-08-15 12:18:52,120 [WARN] IP:2250 - RefParam_LRUN_SRC_size not found: check if there is a RefParameter without a condition.
2025-08-15 12:18:52,120 [WARN] IP:2250 - RefParam_LRUN_DEST_memory not found: check if there is a RefParameter without a condition.
2025-08-15 12:18:52,120 [WARN] IP:2250 - RefParam_LRUN_DEST_offset not found: check if there is a RefParameter without a condition.
2025-08-15 12:18:52,120 [WARN] IP:2250 - RefParam_MEMORY_1_Size not found: check if there is a RefParameter without a condition.
2025-08-15 12:18:52,120 [WARN] IP:2250 - RefParam_MEMORY_1_FreqMax not found: check if there is a RefParameter without a condition.
2025-08-15 12:18:52,120 [WARN] IP:2250 - RefParam_MEMORY_1_ReadReg not found: check if there is a RefParameter without a condition.
2025-08-15 12:18:52,120 [WARN] IP:2250 - RefParam_MEMORY_1_WriteReg not found: check if there is a RefParameter without a condition.
2025-08-15 12:18:52,120 [WARN] IP:2250 - RefParam_MEMORY_1_RegSize not found: check if there is a RefParameter without a condition.
2025-08-15 12:18:52,120 [WARN] IP:2250 - RefParam_MEMORY_1_RegDummyCycle not found: check if there is a RefParameter without a condition.
2025-08-15 12:18:52,120 [WARN] IP:2250 - RefParam_MEMORY_1_WriteCommand not found: check if there is a RefParameter without a condition.
2025-08-15 12:18:52,120 [WARN] IP:2250 - RefParam_MEMORY_1_WriteDummyCycle not found: check if there is a RefParameter without a condition.
2025-08-15 12:18:52,120 [WARN] IP:2250 - RefParam_MEMORY_1_ReadCommand not found: check if there is a RefParameter without a condition.
2025-08-15 12:18:52,120 [WARN] IP:2250 - RefParam_MEMORY_1_WrapReadCommand not found: check if there is a RefParameter without a condition.
2025-08-15 12:18:52,120 [WARN] IP:2250 - RefParam_MEMORY_1_ReadDummyCycle not found: check if there is a RefParameter without a condition.
2025-08-15 12:18:52,120 [WARN] IP:2250 - RefParam_MEMORY_1_NumberOfConfig not found: check if there is a RefParameter without a condition.
2025-08-15 12:18:52,121 [WARN] IP:2250 - RefParam_MEMORY_1_Config1_WriteMask not found: check if there is a RefParameter without a condition.
2025-08-15 12:18:52,121 [WARN] IP:2250 - RefParam_MEMORY_1_Config1_WriteValue not found: check if there is a RefParameter without a condition.
2025-08-15 12:18:52,121 [WARN] IP:2250 - RefParam_MEMORY_1_Config1_RegAddress not found: check if there is a RefParameter without a condition.
2025-08-15 12:18:52,121 [WARN] IP:2250 - RefParam_MEMORY_1_Config2_WriteMask not found: check if there is a RefParameter without a condition.
2025-08-15 12:18:52,121 [WARN] IP:2250 - RefParam_MEMORY_1_Config2_WriteValue not found: check if there is a RefParameter without a condition.
2025-08-15 12:18:52,121 [WARN] IP:2250 - RefParam_MEMORY_1_Config2_RegAddress not found: check if there is a RefParameter without a condition.
2025-08-15 12:18:52,121 [WARN] IP:2250 - RefParam_MEMORY_1_Config3_WriteMask not found: check if there is a RefParameter without a condition.
2025-08-15 12:18:52,121 [WARN] IP:2250 - RefParam_MEMORY_1_Config3_WriteValue not found: check if there is a RefParameter without a condition.
2025-08-15 12:18:52,121 [WARN] IP:2250 - RefParam_MEMORY_1_Config3_RegAddress not found: check if there is a RefParameter without a condition.
2025-08-15 12:18:52,121 [WARN] IP:2250 - RefParam_MEMORY_2_Instance not found: check if there is a RefParameter without a condition.
2025-08-15 12:18:52,121 [WARN] IP:2250 - RefParam_MEMORY_2_ConfigType not found: check if there is a RefParameter without a condition.
2025-08-15 12:18:52,121 [WARN] IP:2250 - RefParam_MEMORY_2_Size not found: check if there is a RefParameter without a condition.
2025-08-15 12:18:52,121 [WARN] IP:2250 - RefParam_MEMORY_2_FreqMax not found: check if there is a RefParameter without a condition.
2025-08-15 12:18:52,121 [WARN] IP:2250 - RefParam_MEMORY_2_ReadReg not found: check if there is a RefParameter without a condition.
2025-08-15 12:18:52,121 [WARN] IP:2250 - RefParam_MEMORY_2_WriteReg not found: check if there is a RefParameter without a condition.
2025-08-15 12:18:52,121 [WARN] IP:2250 - RefParam_MEMORY_2_RegSize not found: check if there is a RefParameter without a condition.
2025-08-15 12:18:52,121 [WARN] IP:2250 - RefParam_MEMORY_2_RegDummyCycle not found: check if there is a RefParameter without a condition.
2025-08-15 12:18:52,121 [WARN] IP:2250 - RefParam_MEMORY_2_WriteCommand not found: check if there is a RefParameter without a condition.
2025-08-15 12:18:52,121 [WARN] IP:2250 - RefParam_MEMORY_2_WriteDummyCycle not found: check if there is a RefParameter without a condition.
2025-08-15 12:18:52,121 [WARN] IP:2250 - RefParam_MEMORY_2_ReadCommand not found: check if there is a RefParameter without a condition.
2025-08-15 12:18:52,121 [WARN] IP:2250 - RefParam_MEMORY_2_WrapReadCommand not found: check if there is a RefParameter without a condition.
2025-08-15 12:18:52,121 [WARN] IP:2250 - RefParam_MEMORY_2_ReadDummyCycle not found: check if there is a RefParameter without a condition.
2025-08-15 12:18:52,121 [WARN] IP:2250 - RefParam_MEMORY_2_NumberOfConfig not found: check if there is a RefParameter without a condition.
2025-08-15 12:18:52,121 [WARN] IP:2250 - RefParam_MEMORY_2_Config1_WriteMask not found: check if there is a RefParameter without a condition.
2025-08-15 12:18:52,121 [WARN] IP:2250 - RefParam_MEMORY_2_Config1_WriteValue not found: check if there is a RefParameter without a condition.
2025-08-15 12:18:52,121 [WARN] IP:2250 - RefParam_MEMORY_2_Config1_RegAddress not found: check if there is a RefParameter without a condition.
2025-08-15 12:18:52,121 [WARN] IP:2250 - RefParam_MEMORY_2_Config2_WriteMask not found: check if there is a RefParameter without a condition.
2025-08-15 12:18:52,121 [WARN] IP:2250 - RefParam_MEMORY_2_Config2_WriteValue not found: check if there is a RefParameter without a condition.
2025-08-15 12:18:52,121 [WARN] IP:2250 - RefParam_MEMORY_2_Config2_RegAddress not found: check if there is a RefParameter without a condition.
2025-08-15 12:18:52,121 [WARN] IP:2250 - RefParam_MEMORY_2_Config3_WriteMask not found: check if there is a RefParameter without a condition.
2025-08-15 12:18:52,121 [WARN] IP:2250 - RefParam_MEMORY_2_Config3_WriteValue not found: check if there is a RefParameter without a condition.
2025-08-15 12:18:52,121 [WARN] IP:2250 - RefParam_MEMORY_2_Config3_RegAddress not found: check if there is a RefParameter without a condition.
2025-08-15 12:18:52,136 [WARN] IP:2250 - pwrPrivilege not found: check if there is a RefParameter without a condition.
2025-08-15 12:18:52,219 [INFO] Middleware:1452 - No code input for Bsp Dependency
2025-08-15 12:18:52,221 [INFO] Middleware:1452 - No code input for Bsp Dependency
2025-08-15 12:18:52,222 [INFO] Middleware:1452 - No code input for Bsp Dependency
2025-08-15 12:18:52,223 [INFO] Middleware:1452 - No code input for Bsp Dependency
2025-08-15 12:18:52,224 [INFO] Middleware:1452 - No code input for Bsp Dependency
2025-08-15 12:18:52,225 [INFO] Middleware:1452 - No code input for Bsp Dependency
2025-08-15 12:18:52,226 [INFO] Middleware:1452 - No code input for Bsp Dependency
2025-08-15 12:18:52,226 [INFO] CodeGenerator:1619 - *******************Project context FSBL selected
2025-08-15 12:18:52,356 [INFO] CodeEngine:265 - oldGeneratedFile, C:\ST\AB_LSTM\AB_LSTM\MXTmpFiles\license.tmp_save
2025-08-15 12:18:52,670 [INFO] CodeEngine:289 - Generated code: C:\ST\AB_LSTM\AB_LSTM\MXTmpFiles\license.tmp
2025-08-15 12:18:52,785 [INFO] CodeEngine:265 - oldGeneratedFile, C:\ST\AB_LSTM\AB_LSTM\FSBL\MXTmpFiles\gpio.tmp_save
2025-08-15 12:18:52,950 [INFO] CodeEngine:289 - Generated code: C:\ST\AB_LSTM\AB_LSTM\FSBL\MXTmpFiles\gpio.tmp
2025-08-15 12:18:53,050 [WARN] IPConfigManager:103 - WARNING: Missing Config File for DEBUG ip!!
2025-08-15 12:18:53,207 [WARN] IPConfigManager:103 - WARNING: Missing Config File for HDP ip!!
2025-08-15 12:18:53,677 [WARN] IPConfigManager:103 - WARNING: Missing Config File for XSPIM ip!!
2025-08-15 12:18:53,732 [INFO] Middleware:1452 - No code input for Bsp Dependency
2025-08-15 12:18:53,742 [INFO] CodeEngine:265 - oldGeneratedFile, C:\ST\AB_LSTM\AB_LSTM\FSBL\MXTmpFiles\boot_code.tmp_save
2025-08-15 12:18:53,841 [INFO] CodeEngine:289 - Generated code: C:\ST\AB_LSTM\AB_LSTM\FSBL\MXTmpFiles\boot_code.tmp
2025-08-15 12:18:53,861 [INFO] CodeEngine:265 - oldGeneratedFile, C:\ST\AB_LSTM\AB_LSTM\FSBL\MXTmpFiles\cortex.tmp_save
2025-08-15 12:18:53,974 [INFO] CodeEngine:289 - Generated code: C:\ST\AB_LSTM\AB_LSTM\FSBL\MXTmpFiles\cortex.tmp
2025-08-15 12:18:53,987 [INFO] Middleware:1452 - No code input for Bsp Dependency
2025-08-15 12:18:53,998 [INFO] CodeEngine:265 - oldGeneratedFile, C:\ST\AB_LSTM\AB_LSTM\FSBL\Core\Inc\extmem_manager.h_save
2025-08-15 12:18:54,112 [INFO] CodeEngine:289 - Generated code: C:\ST\AB_LSTM\AB_LSTM\FSBL\Core\Inc\extmem_manager.h
2025-08-15 12:18:54,121 [INFO] CodeEngine:265 - oldGeneratedFile, C:\ST\AB_LSTM\AB_LSTM\FSBL\Core\Src\extmem_manager.c_save
2025-08-15 12:18:54,225 [INFO] CodeEngine:289 - Generated code: C:\ST\AB_LSTM\AB_LSTM\FSBL\Core\Src\extmem_manager.c
2025-08-15 12:18:54,236 [INFO] CodeEngine:265 - oldGeneratedFile, C:\ST\AB_LSTM\AB_LSTM\FSBL\Core\Inc\stm32_extmem_conf.h_save
2025-08-15 12:18:54,342 [INFO] CodeEngine:289 - Generated code: C:\ST\AB_LSTM\AB_LSTM\FSBL\Core\Inc\stm32_extmem_conf.h
2025-08-15 12:18:54,350 [INFO] CodeEngine:265 - oldGeneratedFile, C:\ST\AB_LSTM\AB_LSTM\FSBL\MXTmpFiles\boot_code.tmp_save
2025-08-15 12:18:54,389 [INFO] CodeEngine:289 - Generated code: C:\ST\AB_LSTM\AB_LSTM\FSBL\MXTmpFiles\boot_code.tmp
2025-08-15 12:18:54,421 [INFO] CodeEngine:265 - oldGeneratedFile, C:\ST\AB_LSTM\AB_LSTM\FSBL\Core\Src\stm32n6xx_it.c_save
2025-08-15 12:18:54,609 [INFO] CodeEngine:289 - Generated code: C:\ST\AB_LSTM\AB_LSTM\FSBL\Core\Src\stm32n6xx_it.c
2025-08-15 12:18:54,619 [INFO] CodeEngine:265 - oldGeneratedFile, C:\ST\AB_LSTM\AB_LSTM\FSBL\Core\Inc\stm32n6xx_it.h_save
2025-08-15 12:18:54,689 [INFO] CodeEngine:289 - Generated code: C:\ST\AB_LSTM\AB_LSTM\FSBL\Core\Inc\stm32n6xx_it.h
2025-08-15 12:18:54,790 [INFO] CodeEngine:265 - oldGeneratedFile, C:\ST\AB_LSTM\AB_LSTM\FSBL\Core\Src\stm32n6xx_hal_msp.c_save
2025-08-15 12:18:54,974 [INFO] CodeEngine:289 - Generated code: C:\ST\AB_LSTM\AB_LSTM\FSBL\Core\Src\stm32n6xx_hal_msp.c
2025-08-15 12:18:54,982 [INFO] CodeEngine:265 - oldGeneratedFile, C:\ST\AB_LSTM\AB_LSTM\FSBL\MXTmpFiles\system.tmp_save
2025-08-15 12:18:55,039 [INFO] CodeEngine:289 - Generated code: C:\ST\AB_LSTM\AB_LSTM\FSBL\MXTmpFiles\system.tmp
2025-08-15 12:18:55,061 [INFO] CodeEngine:321 - oldGeneratedFile, C:\ST\AB_LSTM\AB_LSTM\FSBL\Core\Inc\stm32n6xx_hal_conf.h_save
2025-08-15 12:18:55,178 [INFO] CodeEngine:345 - Generated code: C:\ST\AB_LSTM\AB_LSTM\FSBL\Core\Inc\stm32n6xx_hal_conf.h
2025-08-15 12:18:55,198 [WARN] IPConfigManager:3238 - Warning: the RefConfig RCC_ConfigVoltageScaling is not available in your config.xml file
2025-08-15 12:18:55,203 [WARN] IPConfigManager:3238 - Warning: the RefConfig RCC_RTC_HSEDIV is not available in your config.xml file
2025-08-15 12:18:55,216 [ERROR] ApiDbMcu:560 - Cannot parse HDP_Config file : file do not exist
2025-08-15 12:18:55,218 [INFO] ApiDbMcu:532 - Load IP Config File for ICACHE
2025-08-15 12:18:55,226 [INFO] ApiDbMcu:532 - Load IP Config File for LPUART1
2025-08-15 12:18:55,229 [INFO] ApiDbMcu:532 - Load IP Config File for XSPI2
2025-08-15 12:18:55,230 [ERROR] ApiDbMcu:560 - Cannot parse XSPIM_Config file : file do not exist
2025-08-15 12:18:55,234 [INFO] ApiDbMcu:532 - Load IP Config File for RCC
2025-08-15 12:18:55,252 [INFO] CodeEngine:265 - oldGeneratedFile, C:\ST\AB_LSTM\AB_LSTM\FSBL\Core\Inc\main.h_save
2025-08-15 12:18:55,377 [INFO] CodeEngine:289 - Generated code: C:\ST\AB_LSTM\AB_LSTM\FSBL\Core\Inc\main.h
2025-08-15 12:18:55,386 [INFO] CodeEngine:265 - oldGeneratedFile, C:\ST\AB_LSTM\AB_LSTM\FSBL\Core\Src\main.c_save
2025-08-15 12:18:55,518 [INFO] CodeEngine:289 - Generated code: C:\ST\AB_LSTM\AB_LSTM\FSBL\Core\Src\main.c
2025-08-15 12:18:55,566 [INFO] CodeGenerator:1619 - *******************Project context Appli selected
2025-08-15 12:18:55,603 [INFO] IP:3329 - RTE Config file name : RTE_Component
2025-08-15 12:18:55,604 [INFO] IP:3347 - RTE template : RTE_Components.ftl
2025-08-15 12:18:55,623 [INFO] CodeEngine:265 - oldGeneratedFile, C:\ST\AB_LSTM\AB_LSTM\MXTmpFiles\license.tmp_save
2025-08-15 12:18:55,735 [INFO] CodeEngine:289 - Generated code: C:\ST\AB_LSTM\AB_LSTM\MXTmpFiles\license.tmp
2025-08-15 12:18:55,763 [INFO] CodeEngine:265 - oldGeneratedFile, C:\ST\AB_LSTM\AB_LSTM\Appli\MXTmpFiles\gpio.tmp_save
2025-08-15 12:18:55,856 [INFO] CodeEngine:289 - Generated code: C:\ST\AB_LSTM\AB_LSTM\Appli\MXTmpFiles\gpio.tmp
2025-08-15 12:18:55,910 [WARN] IPConfigManager:103 - WARNING: Missing Config File for DEBUG ip!!
2025-08-15 12:18:55,933 [WARN] IPConfigManager:103 - WARNING: Missing Config File for NVIC ip!!
2025-08-15 12:18:55,989 [INFO] Middleware:1452 - No code input for Bsp Dependency
2025-08-15 12:18:55,996 [INFO] CodeEngine:265 - oldGeneratedFile, C:\ST\AB_LSTM\AB_LSTM\Appli\MXTmpFiles\cortex.tmp_save
2025-08-15 12:18:56,064 [INFO] CodeEngine:289 - Generated code: C:\ST\AB_LSTM\AB_LSTM\Appli\MXTmpFiles\cortex.tmp
2025-08-15 12:18:56,074 [INFO] Middleware:1452 - No code input for Bsp Dependency
2025-08-15 12:18:56,092 [INFO] CodeEngine:265 - oldGeneratedFile, C:\ST\AB_LSTM\AB_LSTM\Appli\Core\Src\stm32n6xx_it.c_save
2025-08-15 12:18:56,166 [INFO] CodeEngine:289 - Generated code: C:\ST\AB_LSTM\AB_LSTM\Appli\Core\Src\stm32n6xx_it.c
2025-08-15 12:18:56,171 [INFO] CodeEngine:265 - oldGeneratedFile, C:\ST\AB_LSTM\AB_LSTM\Appli\Core\Inc\stm32n6xx_it.h_save
2025-08-15 12:18:56,206 [INFO] CodeEngine:289 - Generated code: C:\ST\AB_LSTM\AB_LSTM\Appli\Core\Inc\stm32n6xx_it.h
2025-08-15 12:18:56,216 [INFO] CodeEngine:265 - oldGeneratedFile, C:\ST\AB_LSTM\AB_LSTM\Appli\MXTmpFiles\RIFInit.tmp_save
2025-08-15 12:18:56,288 [INFO] CodeEngine:289 - Generated code: C:\ST\AB_LSTM\AB_LSTM\Appli\MXTmpFiles\RIFInit.tmp
2025-08-15 12:18:56,328 [INFO] CodeEngine:265 - oldGeneratedFile, C:\ST\AB_LSTM\AB_LSTM\Appli\Core\Src\stm32n6xx_hal_msp.c_save
2025-08-15 12:18:56,452 [INFO] CodeEngine:289 - Generated code: C:\ST\AB_LSTM\AB_LSTM\Appli\Core\Src\stm32n6xx_hal_msp.c
2025-08-15 12:18:56,456 [INFO] CodeEngine:265 - oldGeneratedFile, C:\ST\AB_LSTM\AB_LSTM\Appli\MXTmpFiles\system.tmp_save
2025-08-15 12:18:56,489 [INFO] CodeEngine:289 - Generated code: C:\ST\AB_LSTM\AB_LSTM\Appli\MXTmpFiles\system.tmp
2025-08-15 12:18:56,501 [INFO] CodeEngine:321 - oldGeneratedFile, C:\ST\AB_LSTM\AB_LSTM\Appli\Core\Inc\stm32n6xx_hal_conf.h_save
2025-08-15 12:18:56,599 [INFO] CodeEngine:345 - Generated code: C:\ST\AB_LSTM\AB_LSTM\Appli\Core\Inc\stm32n6xx_hal_conf.h
2025-08-15 12:18:56,610 [WARN] IPConfigManager:3238 - Warning: the RefConfig RCC_ConfigVoltageScaling is not available in your config.xml file
2025-08-15 12:18:56,611 [WARN] IPConfigManager:3238 - Warning: the RefConfig RCC_RTC_HSEDIV is not available in your config.xml file
2025-08-15 12:18:56,618 [INFO] ApiDbMcu:532 - Load IP Config File for CACHEAXI
2025-08-15 12:18:56,619 [INFO] ApiDbMcu:532 - Load IP Config File for RIF
2025-08-15 12:18:56,630 [INFO] CodeEngine:265 - oldGeneratedFile, C:\ST\AB_LSTM\AB_LSTM\Appli\Core\Inc\main.h_save
2025-08-15 12:18:56,720 [INFO] CodeEngine:289 - Generated code: C:\ST\AB_LSTM\AB_LSTM\Appli\Core\Inc\main.h
2025-08-15 12:18:56,734 [INFO] CodeEngine:265 - oldGeneratedFile, C:\ST\AB_LSTM\AB_LSTM\Appli\Core\Src\main.c_save
2025-08-15 12:18:56,823 [INFO] CodeEngine:289 - Generated code: C:\ST\AB_LSTM\AB_LSTM\Appli\Core\Src\main.c
2025-08-15 12:18:56,835 [INFO] CodeEngine:265 - oldGeneratedFile, C:\ST\AB_LSTM\AB_LSTM\Appli\Core\Src\secure_nsc.c_save
2025-08-15 12:18:56,919 [INFO] CodeEngine:289 - Generated code: C:\ST\AB_LSTM\AB_LSTM\Appli\Core\Src\secure_nsc.c
2025-08-15 12:18:56,927 [INFO] CodeEngine:265 - oldGeneratedFile, C:\ST\AB_LSTM\AB_LSTM\Appli\Core\Inc\partition_stm32n657xx.h_save
2025-08-15 12:18:56,993 [INFO] CodeEngine:289 - Generated code: C:\ST\AB_LSTM\AB_LSTM\Appli\Core\Inc\partition_stm32n657xx.h
2025-08-15 12:18:57,002 [INFO] CodeEngine:265 - oldGeneratedFile, C:\ST\AB_LSTM\AB_LSTM\Secure_nsclib\secure_nsc.h_save
2025-08-15 12:18:57,056 [INFO] CodeEngine:289 - Generated code: C:\ST\AB_LSTM\AB_LSTM\Secure_nsclib\secure_nsc.h
2025-08-15 12:18:57,082 [INFO] CodeGenerator:1707 - *******************Project context ExtMemLoader Not selected
2025-08-15 12:18:57,874 [INFO] AInterface:322 - ModelName:network; files:[C:\Users\ZOJOLDRI\OneDrive - Carl Zeiss AG\Dokumente\Zeiss\SMT\Bachelor\AB Encoder Model\model.h5]; type:Keras; compression:None
2025-08-15 12:18:57,874 [INFO] AInterface:526 - workspaceTempDir: C:/Users/ZOJOLDRI/AppData/Local/Temp/mxAI_workspace18267301095080012345144839467976088
2025-08-15 12:18:57,874 [INFO] AInterface:1176 - Setting Env: C:/Users/ZOJOLDRI/STM32Cube/Repository/Packs/STMicroelectronics/X-CUBE-AI/10.2.0/Utilities/windows
2025-08-15 12:18:57,881 [INFO] STM32CubeIDEBuilder:265 - Looking for gnu-tools-for-stm32 tools/bin/arm-none-eabi-gcc.exe in C:\ST\STM32CubeIDE_1.19.0\STM32CubeIDE
2025-08-15 12:18:57,883 [INFO] STM32CubeIDEBuilder:294 - checking C:\ST\STM32CubeIDE_1.19.0\STM32CubeIDE\plugins\com.st.stm32cube.ide.mcu.externaltools.gnu-tools-for-stm32.13.3.rel1.win32_1.0.0.202411081344\tools\bin\arm-none-eabi-gcc.exe
2025-08-15 12:18:57,883 [INFO] STM32CubeIDEBuilder:297 - ret=C:\ST\STM32CubeIDE_1.19.0\STM32CubeIDE\plugins\com.st.stm32cube.ide.mcu.externaltools.gnu-tools-for-stm32.13.3.rel1.win32_1.0.0.202411081344\tools\bin\arm-none-eabi-gcc.exe
2025-08-15 12:18:57,883 [INFO] STM32CubeIDEBuilder:311 - returning C:\ST\STM32CubeIDE_1.19.0\STM32CubeIDE\plugins\com.st.stm32cube.ide.mcu.externaltools.gnu-tools-for-stm32.13.3.rel1.win32_1.0.0.202411081344\tools\bin\arm-none-eabi-gcc.exe
2025-08-15 12:18:57,883 [INFO] AInterface:1233 - Custom PATH variable: C:/Users/ZOJOLDRI/STM32Cube/Repository/Packs/STMicroelectronics/X-CUBE-AI/10.2.0/Utilities/windows;C:/Users/ZOJOLDRI/STM32Cube/Repository/Packs/STMicroelectronics/X-CUBE-AI/10.2.0/Utilities/windows/mingw64/bin;C:/Users/ZOJOLDRI/STM32Cube/Repository/Packs/STMicroelectronics/X-CUBE-AI/10.2.0/Utilities/windows/mingw64/libexec/gcc/x86_64-w64-mingw32/7.3.0;;C:\ST\STM32CubeIDE_1.19.0\STM32CubeIDE\plugins\com.st.stm32cube.ide.mcu.externaltools.gnu-tools-for-stm32.13.3.rel1.win32_1.0.0.202411081344\tools\bin
2025-08-15 12:18:57,886 [INFO] CmdLine:115 - Command: C:/Users/ZOJOLDRI/STM32Cube/Repository/Packs/STMicroelectronics/X-CUBE-AI/10.2.0/Utilities/windows/stedgeai.exe generate --target stm32n6 --name network -m C:/Users/ZOJOLDRI/OneDrive - Carl Zeiss AG/Dokumente/Zeiss/SMT/Bachelor/AB Encoder Model/model.h5 --compression none --verbosity 1 --workspace C:/Users/ZOJOLDRI/AppData/Local/Temp/mxAI_workspace18267301095080012345144839467976088 --output C:/Users/ZOJOLDRI/.stm32cubemx/network_output
2025-08-15 12:18:57,886 [INFO] AIModelDetailledView:2380 - Analysis status: pending
2025-08-15 12:18:58,918 [INFO] CmdLine:76 - ST Edge AI Core v2.2.0-20266 2adc00962
2025-08-15 12:19:04,043 [INFO] CmdLine:76 - Creating c (debug) info json file C:\Users\ZOJOLDRI\.stm32cubemx\network_output\network_c_info.json
2025-08-15 12:19:04,054 [INFO] CmdLine:76 -  
2025-08-15 12:19:04,054 [INFO] CmdLine:76 -  Exec/report summary (generate)
2025-08-15 12:19:04,054 [INFO] CmdLine:76 -  ---------------------------------------------------------------------------------------------------------------------------
2025-08-15 12:19:04,054 [INFO] CmdLine:76 -  model file         :   C:\Users\ZOJOLDRI\OneDrive - Carl Zeiss AG\Dokumente\Zeiss\SMT\Bachelor\AB Encoder Model\model.h5   
2025-08-15 12:19:04,054 [INFO] CmdLine:76 -  type               :   keras                                                                                               
2025-08-15 12:19:04,054 [INFO] CmdLine:76 -  c_name             :   network                                                                                             
2025-08-15 12:19:04,054 [INFO] CmdLine:76 -  compression        :   none                                                                                                
2025-08-15 12:19:04,055 [INFO] CmdLine:76 -  options            :   allocate-inputs, allocate-outputs                                                                   
2025-08-15 12:19:04,055 [INFO] CmdLine:76 -  optimization       :   balanced                                                                                            
2025-08-15 12:19:04,055 [INFO] CmdLine:76 -  target/series      :   stm32n6                                                                                             
2025-08-15 12:19:04,055 [INFO] CmdLine:76 -  workspace dir      :   C:\Users\ZOJOLDRI\AppData\Local\Temp\mxAI_workspace18267301095080012345144839467976088              
2025-08-15 12:19:04,055 [INFO] CmdLine:76 -  output dir         :   C:\Users\ZOJOLDRI\.stm32cubemx\network_output                                                       
2025-08-15 12:19:04,055 [INFO] CmdLine:76 -  model_fmt          :   float                                                                                               
2025-08-15 12:19:04,055 [INFO] CmdLine:76 -  model_name         :   model                                                                                               
2025-08-15 12:19:04,055 [INFO] CmdLine:76 -  model_hash         :   0x42f0b1708bfdc710e72cc06e8cd1ea19                                                                  
2025-08-15 12:19:04,055 [INFO] CmdLine:76 -  params #           :   491 items (1.92 KiB)                                                                                
2025-08-15 12:19:04,055 [INFO] CmdLine:76 -  ---------------------------------------------------------------------------------------------------------------------------
2025-08-15 12:19:04,055 [INFO] CmdLine:76 -  input 1/1          :   'input_0', f32(1x10x1), 40 Bytes, activations                                                       
2025-08-15 12:19:04,055 [INFO] CmdLine:76 -  output 1/1         :   'dense', f32(1x1), 4 Bytes, activations                                                             
2025-08-15 12:19:04,055 [INFO] CmdLine:76 -  macc               :   4,921                                                                                               
2025-08-15 12:19:04,055 [INFO] CmdLine:76 -  weights (ro)       :   2,084 B (2.04 KiB) (1 segment) / +120(+6.1%) vs float model                                         
2025-08-15 12:19:04,055 [INFO] CmdLine:76 -  activations (rw)   :   360 B (360 B) (1 segment) *                                                                         
2025-08-15 12:19:04,055 [INFO] CmdLine:76 -  ram (total)        :   360 B (360 B) = 360 + 0 + 0                                                                         
2025-08-15 12:19:04,055 [INFO] CmdLine:76 -  ---------------------------------------------------------------------------------------------------------------------------
2025-08-15 12:19:04,055 [INFO] CmdLine:76 -  (*) 'input'/'output' buffers are allocated in the activations buffer
2025-08-15 12:19:04,056 [INFO] CmdLine:76 - Computing AI RT data/code size (target=stm32n6)..
2025-08-15 12:19:08,914 [INFO] CmdLine:76 -  Requested memory size by section - "stm32n6" target
2025-08-15 12:19:08,914 [INFO] CmdLine:76 -  ------------------------------- -------- -------- ------- -----
2025-08-15 12:19:08,914 [INFO] CmdLine:76 -  module                              text   rodata    data   bss
2025-08-15 12:19:08,914 [INFO] CmdLine:76 -  ------------------------------- -------- -------- ------- -----
2025-08-15 12:19:08,914 [INFO] CmdLine:76 -  NetworkRuntime1020_CM55_GCC.a     14,376        0       0     0
2025-08-15 12:19:08,914 [INFO] CmdLine:76 -  network.o                            520       24   1,400   124
2025-08-15 12:19:08,914 [INFO] CmdLine:76 -  network_data.o                        48       16      88     0
2025-08-15 12:19:08,914 [INFO] CmdLine:76 -  lib (toolchain)*                   1,132      340       0     0
2025-08-15 12:19:08,914 [INFO] CmdLine:76 -  ------------------------------- -------- -------- ------- -----
2025-08-15 12:19:08,914 [INFO] CmdLine:76 -  RT total**                        16,076      380   1,488   124
2025-08-15 12:19:08,914 [INFO] CmdLine:76 -  ------------------------------- -------- -------- ------- -----
2025-08-15 12:19:08,914 [INFO] CmdLine:76 -  weights                                0    2,088       0     0
2025-08-15 12:19:08,914 [INFO] CmdLine:76 -  activations                            0        0       0   360
2025-08-15 12:19:08,914 [INFO] CmdLine:76 -  io                                     0        0       0     0
2025-08-15 12:19:08,914 [INFO] CmdLine:76 -  ------------------------------- -------- -------- ------- -----
2025-08-15 12:19:08,914 [INFO] CmdLine:76 -  TOTAL                             16,076    2,468   1,488   484
2025-08-15 12:19:08,914 [INFO] CmdLine:76 -  ------------------------------- -------- -------- ------- -----
2025-08-15 12:19:08,914 [INFO] CmdLine:76 -  *  toolchain objects (libm/libgcc*)
2025-08-15 12:19:08,915 [INFO] CmdLine:76 -  ** RT AI runtime objects (kernels+infrastructure)
2025-08-15 12:19:08,915 [INFO] CmdLine:76 -   Summary - "stm32n6" target
2025-08-15 12:19:08,915 [INFO] CmdLine:76 -   ---------------------------------------------------
2025-08-15 12:19:08,915 [INFO] CmdLine:76 -                FLASH (ro)      %*   RAM (rw)       %
2025-08-15 12:19:08,915 [INFO] CmdLine:76 -   ---------------------------------------------------
2025-08-15 12:19:08,915 [INFO] CmdLine:76 -   RT total         17,944   89.6%      1,612   81.7%
2025-08-15 12:19:08,915 [INFO] CmdLine:76 -   ---------------------------------------------------
2025-08-15 12:19:08,915 [INFO] CmdLine:76 -   TOTAL            20,032              1,972
2025-08-15 12:19:08,915 [INFO] CmdLine:76 -   ---------------------------------------------------
2025-08-15 12:19:08,915 [INFO] CmdLine:76 -   *  rt/total
2025-08-15 12:19:08,915 [INFO] CmdLine:76 -  Generated files (7)
2025-08-15 12:19:08,915 [INFO] CmdLine:76 -  ---------------------------------------------------------------------
2025-08-15 12:19:08,915 [INFO] CmdLine:76 -  C:\Users\ZOJOLDRI\.stm32cubemx\network_output\network_data_params.h
2025-08-15 12:19:08,915 [INFO] CmdLine:76 -  C:\Users\ZOJOLDRI\.stm32cubemx\network_output\network_data_params.c
2025-08-15 12:19:08,915 [INFO] CmdLine:76 -  C:\Users\ZOJOLDRI\.stm32cubemx\network_output\network_data.h
2025-08-15 12:19:08,915 [INFO] CmdLine:76 -  C:\Users\ZOJOLDRI\.stm32cubemx\network_output\network_data.c
2025-08-15 12:19:08,915 [INFO] CmdLine:76 -  C:\Users\ZOJOLDRI\.stm32cubemx\network_output\network_config.h
2025-08-15 12:19:08,915 [INFO] CmdLine:76 -  C:\Users\ZOJOLDRI\.stm32cubemx\network_output\network.h
2025-08-15 12:19:08,915 [INFO] CmdLine:76 -  C:\Users\ZOJOLDRI\.stm32cubemx\network_output\network.c
2025-08-15 12:19:08,915 [INFO] CmdLine:76 - Creating txt report file C:\Users\ZOJOLDRI\.stm32cubemx\network_output\network_generate_report.txt
2025-08-15 12:19:11,248 [INFO] CmdLine:76 - elapsed time (generate): 12.330s
2025-08-15 12:19:11,591 [INFO] CmdLine:148 - stedgeai exit with status: 0
2025-08-15 12:19:11,599 [INFO] AIModelDetailledView:2380 - Analysis status: done
2025-08-15 12:19:12,521 [INFO] ProjectBuilder:3606 - Time for Copy HAL[1] : 475mS.
2025-08-15 12:19:12,526 [ERROR] Middleware:2950 - Invalid RefComponent list
2025-08-15 12:19:12,526 [ERROR] Middleware:2950 - Invalid RefComponent list
2025-08-15 12:19:12,526 [ERROR] Middleware:2950 - Invalid RefComponent list
2025-08-15 12:19:12,526 [ERROR] Middleware:2950 - Invalid RefComponent list
2025-08-15 12:19:12,526 [ERROR] Middleware:2950 - Invalid RefComponent list
2025-08-15 12:19:12,526 [ERROR] Middleware:2950 - Invalid RefComponent list
2025-08-15 12:19:12,526 [ERROR] Middleware:2950 - Invalid RefComponent list
2025-08-15 12:19:12,526 [ERROR] Middleware:2950 - Invalid RefComponent list
2025-08-15 12:19:12,526 [ERROR] Middleware:2950 - Invalid RefComponent list
2025-08-15 12:19:12,526 [ERROR] Middleware:2950 - Invalid RefComponent list
2025-08-15 12:19:12,526 [ERROR] Middleware:2950 - Invalid RefComponent list
2025-08-15 12:19:12,526 [ERROR] Middleware:2950 - Invalid RefComponent list
2025-08-15 12:19:12,526 [ERROR] Middleware:2950 - Invalid RefComponent list
2025-08-15 12:19:12,526 [ERROR] Middleware:2950 - Invalid RefComponent list
2025-08-15 12:19:12,526 [ERROR] Middleware:2950 - Invalid RefComponent list
2025-08-15 12:19:12,526 [ERROR] Middleware:2950 - Invalid RefComponent list
2025-08-15 12:19:12,526 [ERROR] Middleware:2950 - Invalid RefComponent list
2025-08-15 12:19:12,526 [ERROR] Middleware:2950 - Invalid RefComponent list
2025-08-15 12:19:12,526 [ERROR] Middleware:2950 - Invalid RefComponent list
2025-08-15 12:19:12,526 [ERROR] Middleware:2950 - Invalid RefComponent list
2025-08-15 12:19:12,526 [ERROR] Middleware:2950 - Invalid RefComponent list
2025-08-15 12:19:12,526 [ERROR] Middleware:2950 - Invalid RefComponent list
2025-08-15 12:19:12,526 [ERROR] Middleware:2950 - Invalid RefComponent list
2025-08-15 12:19:12,527 [ERROR] Middleware:2950 - Invalid RefComponent list
2025-08-15 12:19:12,527 [ERROR] Middleware:2950 - Invalid RefComponent list
2025-08-15 12:19:12,527 [ERROR] Middleware:2950 - Invalid RefComponent list
2025-08-15 12:19:12,527 [ERROR] Middleware:2950 - Invalid RefComponent list
2025-08-15 12:19:12,527 [ERROR] Middleware:2950 - Invalid RefComponent list
2025-08-15 12:19:12,527 [ERROR] Middleware:2950 - Invalid RefComponent list
2025-08-15 12:19:12,527 [ERROR] Middleware:2950 - Invalid RefComponent list
2025-08-15 12:19:12,527 [ERROR] Middleware:2950 - Invalid RefComponent list
2025-08-15 12:19:12,527 [ERROR] Middleware:2950 - Invalid RefComponent list
2025-08-15 12:19:12,527 [ERROR] Middleware:2950 - Invalid RefComponent list
2025-08-15 12:19:12,527 [ERROR] Middleware:2950 - Invalid RefComponent list
2025-08-15 12:19:12,527 [ERROR] Middleware:2950 - Invalid RefComponent list
2025-08-15 12:19:12,527 [ERROR] Middleware:2950 - Invalid RefComponent list
2025-08-15 12:19:12,527 [ERROR] Middleware:2950 - Invalid RefComponent list
2025-08-15 12:19:12,527 [ERROR] Middleware:2950 - Invalid RefComponent list
2025-08-15 12:19:12,527 [ERROR] Middleware:2950 - Invalid RefComponent list
2025-08-15 12:19:12,527 [ERROR] Middleware:2950 - Invalid RefComponent list
2025-08-15 12:19:12,527 [ERROR] Middleware:2950 - Invalid RefComponent list
2025-08-15 12:19:12,527 [ERROR] Middleware:2950 - Invalid RefComponent list
2025-08-15 12:19:12,527 [ERROR] Middleware:2950 - Invalid RefComponent list
2025-08-15 12:19:12,528 [ERROR] Middleware:2950 - Invalid RefComponent list
2025-08-15 12:19:12,528 [ERROR] Middleware:2950 - Invalid RefComponent list
2025-08-15 12:19:12,528 [ERROR] Middleware:2950 - Invalid RefComponent list
2025-08-15 12:19:12,528 [ERROR] Middleware:2950 - Invalid RefComponent list
2025-08-15 12:19:12,528 [ERROR] Middleware:2950 - Invalid RefComponent list
2025-08-15 12:19:12,528 [ERROR] Middleware:2950 - Invalid RefComponent list
2025-08-15 12:19:12,528 [ERROR] Middleware:2950 - Invalid RefComponent list
2025-08-15 12:19:12,542 [INFO] ProjectBuilder:5216 - Project Generator version: 4.7.0-B52
2025-08-15 12:19:12,591 [INFO] ConfigFileManager:1595 - The Die is : DIE486
2025-08-15 12:19:19,903 [INFO] ProjectBuilder:5056 - Time for Generating toolchain IDE Files: 7361mS.
2025-08-15 12:19:19,905 [INFO] ProjectBuilder:3463 - Time for Copy CMSIS : 2mS.
2025-08-15 12:19:19,914 [INFO] ProjectBuilder:3463 - Time for Copy CMSIS : 0mS.
2025-08-15 12:31:06,065 [WARN] IP:2250 - RefParam_LRUN_SRC_memory not found: check if there is a RefParameter without a condition.
2025-08-15 12:31:06,065 [WARN] IP:2250 - RefParam_LRUN_SRC_offset not found: check if there is a RefParameter without a condition.
2025-08-15 12:31:06,065 [WARN] IP:2250 - RefParam_LRUN_SRC_size not found: check if there is a RefParameter without a condition.
2025-08-15 12:31:06,065 [WARN] IP:2250 - RefParam_LRUN_DEST_memory not found: check if there is a RefParameter without a condition.
2025-08-15 12:31:06,065 [WARN] IP:2250 - RefParam_LRUN_DEST_offset not found: check if there is a RefParameter without a condition.
2025-08-15 12:31:06,065 [WARN] IP:2250 - RefParam_MEMORY_1_Size not found: check if there is a RefParameter without a condition.
2025-08-15 12:31:06,065 [WARN] IP:2250 - RefParam_MEMORY_1_FreqMax not found: check if there is a RefParameter without a condition.
2025-08-15 12:31:06,065 [WARN] IP:2250 - RefParam_MEMORY_1_ReadReg not found: check if there is a RefParameter without a condition.
2025-08-15 12:31:06,065 [WARN] IP:2250 - RefParam_MEMORY_1_WriteReg not found: check if there is a RefParameter without a condition.
2025-08-15 12:31:06,065 [WARN] IP:2250 - RefParam_MEMORY_1_RegSize not found: check if there is a RefParameter without a condition.
2025-08-15 12:31:06,066 [WARN] IP:2250 - RefParam_MEMORY_1_RegDummyCycle not found: check if there is a RefParameter without a condition.
2025-08-15 12:31:06,066 [WARN] IP:2250 - RefParam_MEMORY_1_WriteCommand not found: check if there is a RefParameter without a condition.
2025-08-15 12:31:06,066 [WARN] IP:2250 - RefParam_MEMORY_1_WriteDummyCycle not found: check if there is a RefParameter without a condition.
2025-08-15 12:31:06,066 [WARN] IP:2250 - RefParam_MEMORY_1_ReadCommand not found: check if there is a RefParameter without a condition.
2025-08-15 12:31:06,066 [WARN] IP:2250 - RefParam_MEMORY_1_WrapReadCommand not found: check if there is a RefParameter without a condition.
2025-08-15 12:31:06,066 [WARN] IP:2250 - RefParam_MEMORY_1_ReadDummyCycle not found: check if there is a RefParameter without a condition.
2025-08-15 12:31:06,066 [WARN] IP:2250 - RefParam_MEMORY_1_NumberOfConfig not found: check if there is a RefParameter without a condition.
2025-08-15 12:31:06,066 [WARN] IP:2250 - RefParam_MEMORY_1_Config1_WriteMask not found: check if there is a RefParameter without a condition.
2025-08-15 12:31:06,066 [WARN] IP:2250 - RefParam_MEMORY_1_Config1_WriteValue not found: check if there is a RefParameter without a condition.
2025-08-15 12:31:06,066 [WARN] IP:2250 - RefParam_MEMORY_1_Config1_RegAddress not found: check if there is a RefParameter without a condition.
2025-08-15 12:31:06,066 [WARN] IP:2250 - RefParam_MEMORY_1_Config2_WriteMask not found: check if there is a RefParameter without a condition.
2025-08-15 12:31:06,066 [WARN] IP:2250 - RefParam_MEMORY_1_Config2_WriteValue not found: check if there is a RefParameter without a condition.
2025-08-15 12:31:06,066 [WARN] IP:2250 - RefParam_MEMORY_1_Config2_RegAddress not found: check if there is a RefParameter without a condition.
2025-08-15 12:31:06,066 [WARN] IP:2250 - RefParam_MEMORY_1_Config3_WriteMask not found: check if there is a RefParameter without a condition.
2025-08-15 12:31:06,066 [WARN] IP:2250 - RefParam_MEMORY_1_Config3_WriteValue not found: check if there is a RefParameter without a condition.
2025-08-15 12:31:06,066 [WARN] IP:2250 - RefParam_MEMORY_1_Config3_RegAddress not found: check if there is a RefParameter without a condition.
2025-08-15 12:31:06,066 [WARN] IP:2250 - RefParam_MEMORY_2_Instance not found: check if there is a RefParameter without a condition.
2025-08-15 12:31:06,067 [WARN] IP:2250 - RefParam_MEMORY_2_ConfigType not found: check if there is a RefParameter without a condition.
2025-08-15 12:31:06,067 [WARN] IP:2250 - RefParam_MEMORY_2_Size not found: check if there is a RefParameter without a condition.
2025-08-15 12:31:06,067 [WARN] IP:2250 - RefParam_MEMORY_2_FreqMax not found: check if there is a RefParameter without a condition.
2025-08-15 12:31:06,067 [WARN] IP:2250 - RefParam_MEMORY_2_ReadReg not found: check if there is a RefParameter without a condition.
2025-08-15 12:31:06,067 [WARN] IP:2250 - RefParam_MEMORY_2_WriteReg not found: check if there is a RefParameter without a condition.
2025-08-15 12:31:06,067 [WARN] IP:2250 - RefParam_MEMORY_2_RegSize not found: check if there is a RefParameter without a condition.
2025-08-15 12:31:06,067 [WARN] IP:2250 - RefParam_MEMORY_2_RegDummyCycle not found: check if there is a RefParameter without a condition.
2025-08-15 12:31:06,067 [WARN] IP:2250 - RefParam_MEMORY_2_WriteCommand not found: check if there is a RefParameter without a condition.
2025-08-15 12:31:06,067 [WARN] IP:2250 - RefParam_MEMORY_2_WriteDummyCycle not found: check if there is a RefParameter without a condition.
2025-08-15 12:31:06,067 [WARN] IP:2250 - RefParam_MEMORY_2_ReadCommand not found: check if there is a RefParameter without a condition.
2025-08-15 12:31:06,067 [WARN] IP:2250 - RefParam_MEMORY_2_WrapReadCommand not found: check if there is a RefParameter without a condition.
2025-08-15 12:31:06,067 [WARN] IP:2250 - RefParam_MEMORY_2_ReadDummyCycle not found: check if there is a RefParameter without a condition.
2025-08-15 12:31:06,067 [WARN] IP:2250 - RefParam_MEMORY_2_NumberOfConfig not found: check if there is a RefParameter without a condition.
2025-08-15 12:31:06,067 [WARN] IP:2250 - RefParam_MEMORY_2_Config1_WriteMask not found: check if there is a RefParameter without a condition.
2025-08-15 12:31:06,067 [WARN] IP:2250 - RefParam_MEMORY_2_Config1_WriteValue not found: check if there is a RefParameter without a condition.
2025-08-15 12:31:06,067 [WARN] IP:2250 - RefParam_MEMORY_2_Config1_RegAddress not found: check if there is a RefParameter without a condition.
2025-08-15 12:31:06,067 [WARN] IP:2250 - RefParam_MEMORY_2_Config2_WriteMask not found: check if there is a RefParameter without a condition.
2025-08-15 12:31:06,067 [WARN] IP:2250 - RefParam_MEMORY_2_Config2_WriteValue not found: check if there is a RefParameter without a condition.
2025-08-15 12:31:06,067 [WARN] IP:2250 - RefParam_MEMORY_2_Config2_RegAddress not found: check if there is a RefParameter without a condition.
2025-08-15 12:31:06,067 [WARN] IP:2250 - RefParam_MEMORY_2_Config3_WriteMask not found: check if there is a RefParameter without a condition.
2025-08-15 12:31:06,067 [WARN] IP:2250 - RefParam_MEMORY_2_Config3_WriteValue not found: check if there is a RefParameter without a condition.
2025-08-15 12:31:06,067 [WARN] IP:2250 - RefParam_MEMORY_2_Config3_RegAddress not found: check if there is a RefParameter without a condition.
2025-08-15 12:31:06,073 [WARN] IP:2250 - pwrPrivilege not found: check if there is a RefParameter without a condition.
2025-08-15 12:31:06,073 [WARN] IP:2250 - pwrPrivilege not found: check if there is a RefParameter without a condition.
2025-08-15 12:31:06,081 [WARN] IP:2250 - Memorytype0 not found: check if there is a RefParameter without a condition.
2025-08-15 12:31:06,081 [WARN] IP:2250 - LL_DeviceAttribute20 not found: check if there is a RefParameter without a condition.
2025-08-15 12:31:06,081 [WARN] IP:2250 - DeviceAttribute0 not found: check if there is a RefParameter without a condition.
2025-08-15 12:31:06,081 [WARN] IP:2250 - DeviceAttribute20 not found: check if there is a RefParameter without a condition.
2025-08-15 12:31:06,081 [WARN] IP:2250 - DeviceAttribute1 not found: check if there is a RefParameter without a condition.
2025-08-15 12:31:06,081 [WARN] IP:2250 - Memorytype2 not found: check if there is a RefParameter without a condition.
2025-08-15 12:31:06,081 [WARN] IP:2250 - LL_DeviceAttribute22 not found: check if there is a RefParameter without a condition.
2025-08-15 12:31:06,081 [WARN] IP:2250 - DeviceAttribute2 not found: check if there is a RefParameter without a condition.
2025-08-15 12:31:06,082 [WARN] IP:2250 - Memorytype3 not found: check if there is a RefParameter without a condition.
2025-08-15 12:31:06,082 [WARN] IP:2250 - LL_DeviceAttribute23 not found: check if there is a RefParameter without a condition.
2025-08-15 12:31:06,082 [WARN] IP:2250 - DeviceAttribute3 not found: check if there is a RefParameter without a condition.
2025-08-15 12:31:06,082 [WARN] IP:2250 - Memorytype4 not found: check if there is a RefParameter without a condition.
2025-08-15 12:31:06,082 [WARN] IP:2250 - LL_DeviceAttribute24 not found: check if there is a RefParameter without a condition.
2025-08-15 12:31:06,082 [WARN] IP:2250 - DeviceAttribute4 not found: check if there is a RefParameter without a condition.
2025-08-15 12:31:06,082 [WARN] IP:2250 - Memorytype5 not found: check if there is a RefParameter without a condition.
2025-08-15 12:31:06,082 [WARN] IP:2250 - LL_DeviceAttribute25 not found: check if there is a RefParameter without a condition.
2025-08-15 12:31:06,082 [WARN] IP:2250 - DeviceAttribute5 not found: check if there is a RefParameter without a condition.
2025-08-15 12:31:06,083 [WARN] IP:2250 - Memorytype6 not found: check if there is a RefParameter without a condition.
2025-08-15 12:31:06,083 [WARN] IP:2250 - LL_DeviceAttribute26 not found: check if there is a RefParameter without a condition.
2025-08-15 12:31:06,083 [WARN] IP:2250 - DeviceAttribute6 not found: check if there is a RefParameter without a condition.
2025-08-15 12:31:06,083 [WARN] IP:2250 - Memorytype7 not found: check if there is a RefParameter without a condition.
2025-08-15 12:31:06,083 [WARN] IP:2250 - LL_DeviceAttribute27 not found: check if there is a RefParameter without a condition.
2025-08-15 12:31:06,083 [WARN] IP:2250 - DeviceAttribute7 not found: check if there is a RefParameter without a condition.
2025-08-15 12:31:06,144 [WARN] IP:2250 - DeviceAttribute0 not found: check if there is a RefParameter without a condition.
2025-08-15 12:31:06,144 [WARN] IP:2250 - Memorytype1 not found: check if there is a RefParameter without a condition.
2025-08-15 12:31:06,144 [WARN] IP:2250 - DeviceAttribute1 not found: check if there is a RefParameter without a condition.
2025-08-15 12:31:06,144 [WARN] IP:2250 - LL_DeviceAttribute21 not found: check if there is a RefParameter without a condition.
2025-08-15 12:31:06,144 [WARN] IP:2250 - Memorytype2 not found: check if there is a RefParameter without a condition.
2025-08-15 12:31:06,144 [WARN] IP:2250 - DeviceAttribute2 not found: check if there is a RefParameter without a condition.
2025-08-15 12:31:06,144 [WARN] IP:2250 - LL_DeviceAttribute22 not found: check if there is a RefParameter without a condition.
2025-08-15 12:31:06,145 [WARN] IP:2250 - Memorytype3 not found: check if there is a RefParameter without a condition.
2025-08-15 12:31:06,145 [WARN] IP:2250 - DeviceAttribute3 not found: check if there is a RefParameter without a condition.
2025-08-15 12:31:06,145 [WARN] IP:2250 - LL_DeviceAttribute23 not found: check if there is a RefParameter without a condition.
2025-08-15 12:31:06,145 [WARN] IP:2250 - Memorytype4 not found: check if there is a RefParameter without a condition.
2025-08-15 12:31:06,145 [WARN] IP:2250 - DeviceAttribute4 not found: check if there is a RefParameter without a condition.
2025-08-15 12:31:06,145 [WARN] IP:2250 - LL_DeviceAttribute24 not found: check if there is a RefParameter without a condition.
2025-08-15 12:31:06,145 [WARN] IP:2250 - Memorytype5 not found: check if there is a RefParameter without a condition.
2025-08-15 12:31:06,145 [WARN] IP:2250 - DeviceAttribute5 not found: check if there is a RefParameter without a condition.
2025-08-15 12:31:06,145 [WARN] IP:2250 - LL_DeviceAttribute25 not found: check if there is a RefParameter without a condition.
2025-08-15 12:31:06,145 [WARN] IP:2250 - Memorytype6 not found: check if there is a RefParameter without a condition.
2025-08-15 12:31:06,145 [WARN] IP:2250 - DeviceAttribute6 not found: check if there is a RefParameter without a condition.
2025-08-15 12:31:06,145 [WARN] IP:2250 - LL_DeviceAttribute26 not found: check if there is a RefParameter without a condition.
2025-08-15 12:31:06,145 [WARN] IP:2250 - Memorytype7 not found: check if there is a RefParameter without a condition.
2025-08-15 12:31:06,145 [WARN] IP:2250 - DeviceAttribute7 not found: check if there is a RefParameter without a condition.
2025-08-15 12:31:06,145 [WARN] IP:2250 - LL_DeviceAttribute27 not found: check if there is a RefParameter without a condition.
2025-08-15 12:31:06,722 [WARN] IP:2250 - RefParam_LRUN_SRC_memory not found: check if there is a RefParameter without a condition.
2025-08-15 12:31:06,722 [WARN] IP:2250 - RefParam_LRUN_SRC_offset not found: check if there is a RefParameter without a condition.
2025-08-15 12:31:06,723 [WARN] IP:2250 - RefParam_LRUN_SRC_size not found: check if there is a RefParameter without a condition.
2025-08-15 12:31:06,723 [WARN] IP:2250 - RefParam_LRUN_DEST_memory not found: check if there is a RefParameter without a condition.
2025-08-15 12:31:06,723 [WARN] IP:2250 - RefParam_LRUN_DEST_offset not found: check if there is a RefParameter without a condition.
2025-08-15 12:31:06,723 [WARN] IP:2250 - RefParam_MEMORY_1_Size not found: check if there is a RefParameter without a condition.
2025-08-15 12:31:06,723 [WARN] IP:2250 - RefParam_MEMORY_1_FreqMax not found: check if there is a RefParameter without a condition.
2025-08-15 12:31:06,723 [WARN] IP:2250 - RefParam_MEMORY_1_ReadReg not found: check if there is a RefParameter without a condition.
2025-08-15 12:31:06,723 [WARN] IP:2250 - RefParam_MEMORY_1_WriteReg not found: check if there is a RefParameter without a condition.
2025-08-15 12:31:06,723 [WARN] IP:2250 - RefParam_MEMORY_1_RegSize not found: check if there is a RefParameter without a condition.
2025-08-15 12:31:06,723 [WARN] IP:2250 - RefParam_MEMORY_1_RegDummyCycle not found: check if there is a RefParameter without a condition.
2025-08-15 12:31:06,723 [WARN] IP:2250 - RefParam_MEMORY_1_WriteCommand not found: check if there is a RefParameter without a condition.
2025-08-15 12:31:06,723 [WARN] IP:2250 - RefParam_MEMORY_1_WriteDummyCycle not found: check if there is a RefParameter without a condition.
2025-08-15 12:31:06,723 [WARN] IP:2250 - RefParam_MEMORY_1_ReadCommand not found: check if there is a RefParameter without a condition.
2025-08-15 12:31:06,723 [WARN] IP:2250 - RefParam_MEMORY_1_WrapReadCommand not found: check if there is a RefParameter without a condition.
2025-08-15 12:31:06,723 [WARN] IP:2250 - RefParam_MEMORY_1_ReadDummyCycle not found: check if there is a RefParameter without a condition.
2025-08-15 12:31:06,723 [WARN] IP:2250 - RefParam_MEMORY_1_NumberOfConfig not found: check if there is a RefParameter without a condition.
2025-08-15 12:31:06,723 [WARN] IP:2250 - RefParam_MEMORY_1_Config1_WriteMask not found: check if there is a RefParameter without a condition.
2025-08-15 12:31:06,723 [WARN] IP:2250 - RefParam_MEMORY_1_Config1_WriteValue not found: check if there is a RefParameter without a condition.
2025-08-15 12:31:06,723 [WARN] IP:2250 - RefParam_MEMORY_1_Config1_RegAddress not found: check if there is a RefParameter without a condition.
2025-08-15 12:31:06,723 [WARN] IP:2250 - RefParam_MEMORY_1_Config2_WriteMask not found: check if there is a RefParameter without a condition.
2025-08-15 12:31:06,723 [WARN] IP:2250 - RefParam_MEMORY_1_Config2_WriteValue not found: check if there is a RefParameter without a condition.
2025-08-15 12:31:06,723 [WARN] IP:2250 - RefParam_MEMORY_1_Config2_RegAddress not found: check if there is a RefParameter without a condition.
2025-08-15 12:31:06,723 [WARN] IP:2250 - RefParam_MEMORY_1_Config3_WriteMask not found: check if there is a RefParameter without a condition.
2025-08-15 12:31:06,723 [WARN] IP:2250 - RefParam_MEMORY_1_Config3_WriteValue not found: check if there is a RefParameter without a condition.
2025-08-15 12:31:06,723 [WARN] IP:2250 - RefParam_MEMORY_1_Config3_RegAddress not found: check if there is a RefParameter without a condition.
2025-08-15 12:31:06,723 [WARN] IP:2250 - RefParam_MEMORY_2_Instance not found: check if there is a RefParameter without a condition.
2025-08-15 12:31:06,723 [WARN] IP:2250 - RefParam_MEMORY_2_ConfigType not found: check if there is a RefParameter without a condition.
2025-08-15 12:31:06,723 [WARN] IP:2250 - RefParam_MEMORY_2_Size not found: check if there is a RefParameter without a condition.
2025-08-15 12:31:06,723 [WARN] IP:2250 - RefParam_MEMORY_2_FreqMax not found: check if there is a RefParameter without a condition.
2025-08-15 12:31:06,723 [WARN] IP:2250 - RefParam_MEMORY_2_ReadReg not found: check if there is a RefParameter without a condition.
2025-08-15 12:31:06,723 [WARN] IP:2250 - RefParam_MEMORY_2_WriteReg not found: check if there is a RefParameter without a condition.
2025-08-15 12:31:06,723 [WARN] IP:2250 - RefParam_MEMORY_2_RegSize not found: check if there is a RefParameter without a condition.
2025-08-15 12:31:06,724 [WARN] IP:2250 - RefParam_MEMORY_2_RegDummyCycle not found: check if there is a RefParameter without a condition.
2025-08-15 12:31:06,724 [WARN] IP:2250 - RefParam_MEMORY_2_WriteCommand not found: check if there is a RefParameter without a condition.
2025-08-15 12:31:06,724 [WARN] IP:2250 - RefParam_MEMORY_2_WriteDummyCycle not found: check if there is a RefParameter without a condition.
2025-08-15 12:31:06,724 [WARN] IP:2250 - RefParam_MEMORY_2_ReadCommand not found: check if there is a RefParameter without a condition.
2025-08-15 12:31:06,724 [WARN] IP:2250 - RefParam_MEMORY_2_WrapReadCommand not found: check if there is a RefParameter without a condition.
2025-08-15 12:31:06,724 [WARN] IP:2250 - RefParam_MEMORY_2_ReadDummyCycle not found: check if there is a RefParameter without a condition.
2025-08-15 12:31:06,724 [WARN] IP:2250 - RefParam_MEMORY_2_NumberOfConfig not found: check if there is a RefParameter without a condition.
2025-08-15 12:31:06,724 [WARN] IP:2250 - RefParam_MEMORY_2_Config1_WriteMask not found: check if there is a RefParameter without a condition.
2025-08-15 12:31:06,724 [WARN] IP:2250 - RefParam_MEMORY_2_Config1_WriteValue not found: check if there is a RefParameter without a condition.
2025-08-15 12:31:06,724 [WARN] IP:2250 - RefParam_MEMORY_2_Config1_RegAddress not found: check if there is a RefParameter without a condition.
2025-08-15 12:31:06,724 [WARN] IP:2250 - RefParam_MEMORY_2_Config2_WriteMask not found: check if there is a RefParameter without a condition.
2025-08-15 12:31:06,724 [WARN] IP:2250 - RefParam_MEMORY_2_Config2_WriteValue not found: check if there is a RefParameter without a condition.
2025-08-15 12:31:06,724 [WARN] IP:2250 - RefParam_MEMORY_2_Config2_RegAddress not found: check if there is a RefParameter without a condition.
2025-08-15 12:31:06,724 [WARN] IP:2250 - RefParam_MEMORY_2_Config3_WriteMask not found: check if there is a RefParameter without a condition.
2025-08-15 12:31:06,724 [WARN] IP:2250 - RefParam_MEMORY_2_Config3_WriteValue not found: check if there is a RefParameter without a condition.
2025-08-15 12:31:06,724 [WARN] IP:2250 - RefParam_MEMORY_2_Config3_RegAddress not found: check if there is a RefParameter without a condition.
2025-08-15 12:31:06,729 [WARN] IP:2250 - pwrPrivilege not found: check if there is a RefParameter without a condition.
2025-08-15 12:31:06,729 [WARN] IP:2250 - pwrPrivilege not found: check if there is a RefParameter without a condition.
2025-08-15 12:31:06,734 [WARN] IP:2250 - Memorytype0 not found: check if there is a RefParameter without a condition.
2025-08-15 12:31:06,734 [WARN] IP:2250 - LL_DeviceAttribute20 not found: check if there is a RefParameter without a condition.
2025-08-15 12:31:06,734 [WARN] IP:2250 - DeviceAttribute0 not found: check if there is a RefParameter without a condition.
2025-08-15 12:31:06,734 [WARN] IP:2250 - DeviceAttribute20 not found: check if there is a RefParameter without a condition.
2025-08-15 12:31:06,735 [WARN] IP:2250 - DeviceAttribute1 not found: check if there is a RefParameter without a condition.
2025-08-15 12:31:06,735 [WARN] IP:2250 - Memorytype2 not found: check if there is a RefParameter without a condition.
2025-08-15 12:31:06,735 [WARN] IP:2250 - LL_DeviceAttribute22 not found: check if there is a RefParameter without a condition.
2025-08-15 12:31:06,735 [WARN] IP:2250 - DeviceAttribute2 not found: check if there is a RefParameter without a condition.
2025-08-15 12:31:06,735 [WARN] IP:2250 - Memorytype3 not found: check if there is a RefParameter without a condition.
2025-08-15 12:31:06,735 [WARN] IP:2250 - LL_DeviceAttribute23 not found: check if there is a RefParameter without a condition.
2025-08-15 12:31:06,735 [WARN] IP:2250 - DeviceAttribute3 not found: check if there is a RefParameter without a condition.
2025-08-15 12:31:06,735 [WARN] IP:2250 - Memorytype4 not found: check if there is a RefParameter without a condition.
2025-08-15 12:31:06,735 [WARN] IP:2250 - LL_DeviceAttribute24 not found: check if there is a RefParameter without a condition.
2025-08-15 12:31:06,735 [WARN] IP:2250 - DeviceAttribute4 not found: check if there is a RefParameter without a condition.
2025-08-15 12:31:06,735 [WARN] IP:2250 - Memorytype5 not found: check if there is a RefParameter without a condition.
2025-08-15 12:31:06,735 [WARN] IP:2250 - LL_DeviceAttribute25 not found: check if there is a RefParameter without a condition.
2025-08-15 12:31:06,735 [WARN] IP:2250 - DeviceAttribute5 not found: check if there is a RefParameter without a condition.
2025-08-15 12:31:06,735 [WARN] IP:2250 - Memorytype6 not found: check if there is a RefParameter without a condition.
2025-08-15 12:31:06,735 [WARN] IP:2250 - LL_DeviceAttribute26 not found: check if there is a RefParameter without a condition.
2025-08-15 12:31:06,735 [WARN] IP:2250 - DeviceAttribute6 not found: check if there is a RefParameter without a condition.
2025-08-15 12:31:06,735 [WARN] IP:2250 - Memorytype7 not found: check if there is a RefParameter without a condition.
2025-08-15 12:31:06,735 [WARN] IP:2250 - LL_DeviceAttribute27 not found: check if there is a RefParameter without a condition.
2025-08-15 12:31:06,735 [WARN] IP:2250 - DeviceAttribute7 not found: check if there is a RefParameter without a condition.
2025-08-15 12:31:06,798 [WARN] IP:2250 - DeviceAttribute0 not found: check if there is a RefParameter without a condition.
2025-08-15 12:31:06,798 [WARN] IP:2250 - Memorytype1 not found: check if there is a RefParameter without a condition.
2025-08-15 12:31:06,798 [WARN] IP:2250 - DeviceAttribute1 not found: check if there is a RefParameter without a condition.
2025-08-15 12:31:06,799 [WARN] IP:2250 - LL_DeviceAttribute21 not found: check if there is a RefParameter without a condition.
2025-08-15 12:31:06,799 [WARN] IP:2250 - Memorytype2 not found: check if there is a RefParameter without a condition.
2025-08-15 12:31:06,799 [WARN] IP:2250 - DeviceAttribute2 not found: check if there is a RefParameter without a condition.
2025-08-15 12:31:06,799 [WARN] IP:2250 - LL_DeviceAttribute22 not found: check if there is a RefParameter without a condition.
2025-08-15 12:31:06,799 [WARN] IP:2250 - Memorytype3 not found: check if there is a RefParameter without a condition.
2025-08-15 12:31:06,799 [WARN] IP:2250 - DeviceAttribute3 not found: check if there is a RefParameter without a condition.
2025-08-15 12:31:06,799 [WARN] IP:2250 - LL_DeviceAttribute23 not found: check if there is a RefParameter without a condition.
2025-08-15 12:31:06,799 [WARN] IP:2250 - Memorytype4 not found: check if there is a RefParameter without a condition.
2025-08-15 12:31:06,799 [WARN] IP:2250 - DeviceAttribute4 not found: check if there is a RefParameter without a condition.
2025-08-15 12:31:06,799 [WARN] IP:2250 - LL_DeviceAttribute24 not found: check if there is a RefParameter without a condition.
2025-08-15 12:31:06,799 [WARN] IP:2250 - Memorytype5 not found: check if there is a RefParameter without a condition.
2025-08-15 12:31:06,799 [WARN] IP:2250 - DeviceAttribute5 not found: check if there is a RefParameter without a condition.
2025-08-15 12:31:06,799 [WARN] IP:2250 - LL_DeviceAttribute25 not found: check if there is a RefParameter without a condition.
2025-08-15 12:31:06,799 [WARN] IP:2250 - Memorytype6 not found: check if there is a RefParameter without a condition.
2025-08-15 12:31:06,799 [WARN] IP:2250 - DeviceAttribute6 not found: check if there is a RefParameter without a condition.
2025-08-15 12:31:06,799 [WARN] IP:2250 - LL_DeviceAttribute26 not found: check if there is a RefParameter without a condition.
2025-08-15 12:31:06,799 [WARN] IP:2250 - Memorytype7 not found: check if there is a RefParameter without a condition.
2025-08-15 12:31:06,799 [WARN] IP:2250 - DeviceAttribute7 not found: check if there is a RefParameter without a condition.
2025-08-15 12:31:06,799 [WARN] IP:2250 - LL_DeviceAttribute27 not found: check if there is a RefParameter without a condition.
2025-08-15 12:31:07,103 [INFO] NvicIntPanel:101 - NVIC parent = com.st.microxplorer.plugins.ip.nvic.MultiNvicIntPanel[,0,0,0x0,invalid,layout=javax.swing.BoxLayout,alignmentX=0.0,alignmentY=0.0,border=,flags=9,maximumSize=,minimumSize=,preferredSize=]
2025-08-15 12:31:07,263 [WARN] IP:2250 - RefParam_LRUN_SRC_memory not found: check if there is a RefParameter without a condition.
2025-08-15 12:31:07,263 [WARN] IP:2250 - RefParam_LRUN_SRC_offset not found: check if there is a RefParameter without a condition.
2025-08-15 12:31:07,263 [WARN] IP:2250 - RefParam_LRUN_SRC_size not found: check if there is a RefParameter without a condition.
2025-08-15 12:31:07,263 [WARN] IP:2250 - RefParam_LRUN_DEST_memory not found: check if there is a RefParameter without a condition.
2025-08-15 12:31:07,263 [WARN] IP:2250 - RefParam_LRUN_DEST_offset not found: check if there is a RefParameter without a condition.
2025-08-15 12:31:07,263 [WARN] IP:2250 - RefParam_MEMORY_1_Size not found: check if there is a RefParameter without a condition.
2025-08-15 12:31:07,263 [WARN] IP:2250 - RefParam_MEMORY_1_FreqMax not found: check if there is a RefParameter without a condition.
2025-08-15 12:31:07,264 [WARN] IP:2250 - RefParam_MEMORY_1_ReadReg not found: check if there is a RefParameter without a condition.
2025-08-15 12:31:07,264 [WARN] IP:2250 - RefParam_MEMORY_1_WriteReg not found: check if there is a RefParameter without a condition.
2025-08-15 12:31:07,264 [WARN] IP:2250 - RefParam_MEMORY_1_RegSize not found: check if there is a RefParameter without a condition.
2025-08-15 12:31:07,264 [WARN] IP:2250 - RefParam_MEMORY_1_RegDummyCycle not found: check if there is a RefParameter without a condition.
2025-08-15 12:31:07,264 [WARN] IP:2250 - RefParam_MEMORY_1_WriteCommand not found: check if there is a RefParameter without a condition.
2025-08-15 12:31:07,264 [WARN] IP:2250 - RefParam_MEMORY_1_WriteDummyCycle not found: check if there is a RefParameter without a condition.
2025-08-15 12:31:07,264 [WARN] IP:2250 - RefParam_MEMORY_1_ReadCommand not found: check if there is a RefParameter without a condition.
2025-08-15 12:31:07,264 [WARN] IP:2250 - RefParam_MEMORY_1_WrapReadCommand not found: check if there is a RefParameter without a condition.
2025-08-15 12:31:07,264 [WARN] IP:2250 - RefParam_MEMORY_1_ReadDummyCycle not found: check if there is a RefParameter without a condition.
2025-08-15 12:31:07,264 [WARN] IP:2250 - RefParam_MEMORY_1_NumberOfConfig not found: check if there is a RefParameter without a condition.
2025-08-15 12:31:07,264 [WARN] IP:2250 - RefParam_MEMORY_1_Config1_WriteMask not found: check if there is a RefParameter without a condition.
2025-08-15 12:31:07,264 [WARN] IP:2250 - RefParam_MEMORY_1_Config1_WriteValue not found: check if there is a RefParameter without a condition.
2025-08-15 12:31:07,264 [WARN] IP:2250 - RefParam_MEMORY_1_Config1_RegAddress not found: check if there is a RefParameter without a condition.
2025-08-15 12:31:07,264 [WARN] IP:2250 - RefParam_MEMORY_1_Config2_WriteMask not found: check if there is a RefParameter without a condition.
2025-08-15 12:31:07,264 [WARN] IP:2250 - RefParam_MEMORY_1_Config2_WriteValue not found: check if there is a RefParameter without a condition.
2025-08-15 12:31:07,264 [WARN] IP:2250 - RefParam_MEMORY_1_Config2_RegAddress not found: check if there is a RefParameter without a condition.
2025-08-15 12:31:07,264 [WARN] IP:2250 - RefParam_MEMORY_1_Config3_WriteMask not found: check if there is a RefParameter without a condition.
2025-08-15 12:31:07,264 [WARN] IP:2250 - RefParam_MEMORY_1_Config3_WriteValue not found: check if there is a RefParameter without a condition.
2025-08-15 12:31:07,264 [WARN] IP:2250 - RefParam_MEMORY_1_Config3_RegAddress not found: check if there is a RefParameter without a condition.
2025-08-15 12:31:07,264 [WARN] IP:2250 - RefParam_MEMORY_2_Instance not found: check if there is a RefParameter without a condition.
2025-08-15 12:31:07,264 [WARN] IP:2250 - RefParam_MEMORY_2_ConfigType not found: check if there is a RefParameter without a condition.
2025-08-15 12:31:07,264 [WARN] IP:2250 - RefParam_MEMORY_2_Size not found: check if there is a RefParameter without a condition.
2025-08-15 12:31:07,264 [WARN] IP:2250 - RefParam_MEMORY_2_FreqMax not found: check if there is a RefParameter without a condition.
2025-08-15 12:31:07,264 [WARN] IP:2250 - RefParam_MEMORY_2_ReadReg not found: check if there is a RefParameter without a condition.
2025-08-15 12:31:07,264 [WARN] IP:2250 - RefParam_MEMORY_2_WriteReg not found: check if there is a RefParameter without a condition.
2025-08-15 12:31:07,264 [WARN] IP:2250 - RefParam_MEMORY_2_RegSize not found: check if there is a RefParameter without a condition.
2025-08-15 12:31:07,264 [WARN] IP:2250 - RefParam_MEMORY_2_RegDummyCycle not found: check if there is a RefParameter without a condition.
2025-08-15 12:31:07,264 [WARN] IP:2250 - RefParam_MEMORY_2_WriteCommand not found: check if there is a RefParameter without a condition.
2025-08-15 12:31:07,264 [WARN] IP:2250 - RefParam_MEMORY_2_WriteDummyCycle not found: check if there is a RefParameter without a condition.
2025-08-15 12:31:07,264 [WARN] IP:2250 - RefParam_MEMORY_2_ReadCommand not found: check if there is a RefParameter without a condition.
2025-08-15 12:31:07,264 [WARN] IP:2250 - RefParam_MEMORY_2_WrapReadCommand not found: check if there is a RefParameter without a condition.
2025-08-15 12:31:07,264 [WARN] IP:2250 - RefParam_MEMORY_2_ReadDummyCycle not found: check if there is a RefParameter without a condition.
2025-08-15 12:31:07,264 [WARN] IP:2250 - RefParam_MEMORY_2_NumberOfConfig not found: check if there is a RefParameter without a condition.
2025-08-15 12:31:07,264 [WARN] IP:2250 - RefParam_MEMORY_2_Config1_WriteMask not found: check if there is a RefParameter without a condition.
2025-08-15 12:31:07,264 [WARN] IP:2250 - RefParam_MEMORY_2_Config1_WriteValue not found: check if there is a RefParameter without a condition.
2025-08-15 12:31:07,264 [WARN] IP:2250 - RefParam_MEMORY_2_Config1_RegAddress not found: check if there is a RefParameter without a condition.
2025-08-15 12:31:07,264 [WARN] IP:2250 - RefParam_MEMORY_2_Config2_WriteMask not found: check if there is a RefParameter without a condition.
2025-08-15 12:31:07,264 [WARN] IP:2250 - RefParam_MEMORY_2_Config2_WriteValue not found: check if there is a RefParameter without a condition.
2025-08-15 12:31:07,264 [WARN] IP:2250 - RefParam_MEMORY_2_Config2_RegAddress not found: check if there is a RefParameter without a condition.
2025-08-15 12:31:07,264 [WARN] IP:2250 - RefParam_MEMORY_2_Config3_WriteMask not found: check if there is a RefParameter without a condition.
2025-08-15 12:31:07,264 [WARN] IP:2250 - RefParam_MEMORY_2_Config3_WriteValue not found: check if there is a RefParameter without a condition.
2025-08-15 12:31:07,264 [WARN] IP:2250 - RefParam_MEMORY_2_Config3_RegAddress not found: check if there is a RefParameter without a condition.
2025-08-15 12:31:07,269 [WARN] IP:2250 - pwrPrivilege not found: check if there is a RefParameter without a condition.
2025-08-15 12:31:07,269 [WARN] IP:2250 - pwrPrivilege not found: check if there is a RefParameter without a condition.
2025-08-15 12:31:07,274 [WARN] IP:2250 - Memorytype0 not found: check if there is a RefParameter without a condition.
2025-08-15 12:31:07,274 [WARN] IP:2250 - LL_DeviceAttribute20 not found: check if there is a RefParameter without a condition.
2025-08-15 12:31:07,274 [WARN] IP:2250 - DeviceAttribute0 not found: check if there is a RefParameter without a condition.
2025-08-15 12:31:07,274 [WARN] IP:2250 - DeviceAttribute20 not found: check if there is a RefParameter without a condition.
2025-08-15 12:31:07,274 [WARN] IP:2250 - DeviceAttribute1 not found: check if there is a RefParameter without a condition.
2025-08-15 12:31:07,274 [WARN] IP:2250 - Memorytype2 not found: check if there is a RefParameter without a condition.
2025-08-15 12:31:07,274 [WARN] IP:2250 - LL_DeviceAttribute22 not found: check if there is a RefParameter without a condition.
2025-08-15 12:31:07,274 [WARN] IP:2250 - DeviceAttribute2 not found: check if there is a RefParameter without a condition.
2025-08-15 12:31:07,274 [WARN] IP:2250 - Memorytype3 not found: check if there is a RefParameter without a condition.
2025-08-15 12:31:07,274 [WARN] IP:2250 - LL_DeviceAttribute23 not found: check if there is a RefParameter without a condition.
2025-08-15 12:31:07,274 [WARN] IP:2250 - DeviceAttribute3 not found: check if there is a RefParameter without a condition.
2025-08-15 12:31:07,274 [WARN] IP:2250 - Memorytype4 not found: check if there is a RefParameter without a condition.
2025-08-15 12:31:07,274 [WARN] IP:2250 - LL_DeviceAttribute24 not found: check if there is a RefParameter without a condition.
2025-08-15 12:31:07,274 [WARN] IP:2250 - DeviceAttribute4 not found: check if there is a RefParameter without a condition.
2025-08-15 12:31:07,274 [WARN] IP:2250 - Memorytype5 not found: check if there is a RefParameter without a condition.
2025-08-15 12:31:07,274 [WARN] IP:2250 - LL_DeviceAttribute25 not found: check if there is a RefParameter without a condition.
2025-08-15 12:31:07,274 [WARN] IP:2250 - DeviceAttribute5 not found: check if there is a RefParameter without a condition.
2025-08-15 12:31:07,274 [WARN] IP:2250 - Memorytype6 not found: check if there is a RefParameter without a condition.
2025-08-15 12:31:07,274 [WARN] IP:2250 - LL_DeviceAttribute26 not found: check if there is a RefParameter without a condition.
2025-08-15 12:31:07,274 [WARN] IP:2250 - DeviceAttribute6 not found: check if there is a RefParameter without a condition.
2025-08-15 12:31:07,274 [WARN] IP:2250 - Memorytype7 not found: check if there is a RefParameter without a condition.
2025-08-15 12:31:07,274 [WARN] IP:2250 - LL_DeviceAttribute27 not found: check if there is a RefParameter without a condition.
2025-08-15 12:31:07,274 [WARN] IP:2250 - DeviceAttribute7 not found: check if there is a RefParameter without a condition.
2025-08-15 12:31:07,324 [WARN] IP:2250 - DeviceAttribute0 not found: check if there is a RefParameter without a condition.
2025-08-15 12:31:07,324 [WARN] IP:2250 - Memorytype1 not found: check if there is a RefParameter without a condition.
2025-08-15 12:31:07,324 [WARN] IP:2250 - DeviceAttribute1 not found: check if there is a RefParameter without a condition.
2025-08-15 12:31:07,324 [WARN] IP:2250 - LL_DeviceAttribute21 not found: check if there is a RefParameter without a condition.
2025-08-15 12:31:07,324 [WARN] IP:2250 - Memorytype2 not found: check if there is a RefParameter without a condition.
2025-08-15 12:31:07,324 [WARN] IP:2250 - DeviceAttribute2 not found: check if there is a RefParameter without a condition.
2025-08-15 12:31:07,324 [WARN] IP:2250 - LL_DeviceAttribute22 not found: check if there is a RefParameter without a condition.
2025-08-15 12:31:07,324 [WARN] IP:2250 - Memorytype3 not found: check if there is a RefParameter without a condition.
2025-08-15 12:31:07,324 [WARN] IP:2250 - DeviceAttribute3 not found: check if there is a RefParameter without a condition.
2025-08-15 12:31:07,324 [WARN] IP:2250 - LL_DeviceAttribute23 not found: check if there is a RefParameter without a condition.
2025-08-15 12:31:07,324 [WARN] IP:2250 - Memorytype4 not found: check if there is a RefParameter without a condition.
2025-08-15 12:31:07,324 [WARN] IP:2250 - DeviceAttribute4 not found: check if there is a RefParameter without a condition.
2025-08-15 12:31:07,325 [WARN] IP:2250 - LL_DeviceAttribute24 not found: check if there is a RefParameter without a condition.
2025-08-15 12:31:07,325 [WARN] IP:2250 - Memorytype5 not found: check if there is a RefParameter without a condition.
2025-08-15 12:31:07,325 [WARN] IP:2250 - DeviceAttribute5 not found: check if there is a RefParameter without a condition.
2025-08-15 12:31:07,325 [WARN] IP:2250 - LL_DeviceAttribute25 not found: check if there is a RefParameter without a condition.
2025-08-15 12:31:07,325 [WARN] IP:2250 - Memorytype6 not found: check if there is a RefParameter without a condition.
2025-08-15 12:31:07,325 [WARN] IP:2250 - DeviceAttribute6 not found: check if there is a RefParameter without a condition.
2025-08-15 12:31:07,325 [WARN] IP:2250 - LL_DeviceAttribute26 not found: check if there is a RefParameter without a condition.
2025-08-15 12:31:07,325 [WARN] IP:2250 - Memorytype7 not found: check if there is a RefParameter without a condition.
2025-08-15 12:31:07,325 [WARN] IP:2250 - DeviceAttribute7 not found: check if there is a RefParameter without a condition.
2025-08-15 12:31:07,325 [WARN] IP:2250 - LL_DeviceAttribute27 not found: check if there is a RefParameter without a condition.
2025-08-15 12:31:07,484 [INFO] NvicIntPanel:101 - NVIC parent = com.st.microxplorer.plugins.ip.nvic.MultiNvicIntPanel[,0,0,0x0,invalid,layout=javax.swing.BoxLayout,alignmentX=0.0,alignmentY=0.0,border=,flags=9,maximumSize=,minimumSize=,preferredSize=]
2025-08-15 12:31:10,807 [WARN] IP:2250 - RefParam_LRUN_SRC_memory not found: check if there is a RefParameter without a condition.
2025-08-15 12:31:10,807 [WARN] IP:2250 - RefParam_LRUN_SRC_offset not found: check if there is a RefParameter without a condition.
2025-08-15 12:31:10,807 [WARN] IP:2250 - RefParam_LRUN_SRC_size not found: check if there is a RefParameter without a condition.
2025-08-15 12:31:10,807 [WARN] IP:2250 - RefParam_LRUN_DEST_memory not found: check if there is a RefParameter without a condition.
2025-08-15 12:31:10,807 [WARN] IP:2250 - RefParam_LRUN_DEST_offset not found: check if there is a RefParameter without a condition.
2025-08-15 12:31:10,807 [WARN] IP:2250 - RefParam_MEMORY_1_Size not found: check if there is a RefParameter without a condition.
2025-08-15 12:31:10,807 [WARN] IP:2250 - RefParam_MEMORY_1_FreqMax not found: check if there is a RefParameter without a condition.
2025-08-15 12:31:10,807 [WARN] IP:2250 - RefParam_MEMORY_1_ReadReg not found: check if there is a RefParameter without a condition.
2025-08-15 12:31:10,807 [WARN] IP:2250 - RefParam_MEMORY_1_WriteReg not found: check if there is a RefParameter without a condition.
2025-08-15 12:31:10,807 [WARN] IP:2250 - RefParam_MEMORY_1_RegSize not found: check if there is a RefParameter without a condition.
2025-08-15 12:31:10,807 [WARN] IP:2250 - RefParam_MEMORY_1_RegDummyCycle not found: check if there is a RefParameter without a condition.
2025-08-15 12:31:10,807 [WARN] IP:2250 - RefParam_MEMORY_1_WriteCommand not found: check if there is a RefParameter without a condition.
2025-08-15 12:31:10,807 [WARN] IP:2250 - RefParam_MEMORY_1_WriteDummyCycle not found: check if there is a RefParameter without a condition.
2025-08-15 12:31:10,807 [WARN] IP:2250 - RefParam_MEMORY_1_ReadCommand not found: check if there is a RefParameter without a condition.
2025-08-15 12:31:10,807 [WARN] IP:2250 - RefParam_MEMORY_1_WrapReadCommand not found: check if there is a RefParameter without a condition.
2025-08-15 12:31:10,807 [WARN] IP:2250 - RefParam_MEMORY_1_ReadDummyCycle not found: check if there is a RefParameter without a condition.
2025-08-15 12:31:10,807 [WARN] IP:2250 - RefParam_MEMORY_1_NumberOfConfig not found: check if there is a RefParameter without a condition.
2025-08-15 12:31:10,808 [WARN] IP:2250 - RefParam_MEMORY_1_Config1_WriteMask not found: check if there is a RefParameter without a condition.
2025-08-15 12:31:10,808 [WARN] IP:2250 - RefParam_MEMORY_1_Config1_WriteValue not found: check if there is a RefParameter without a condition.
2025-08-15 12:31:10,808 [WARN] IP:2250 - RefParam_MEMORY_1_Config1_RegAddress not found: check if there is a RefParameter without a condition.
2025-08-15 12:31:10,808 [WARN] IP:2250 - RefParam_MEMORY_1_Config2_WriteMask not found: check if there is a RefParameter without a condition.
2025-08-15 12:31:10,808 [WARN] IP:2250 - RefParam_MEMORY_1_Config2_WriteValue not found: check if there is a RefParameter without a condition.
2025-08-15 12:31:10,808 [WARN] IP:2250 - RefParam_MEMORY_1_Config2_RegAddress not found: check if there is a RefParameter without a condition.
2025-08-15 12:31:10,808 [WARN] IP:2250 - RefParam_MEMORY_1_Config3_WriteMask not found: check if there is a RefParameter without a condition.
2025-08-15 12:31:10,808 [WARN] IP:2250 - RefParam_MEMORY_1_Config3_WriteValue not found: check if there is a RefParameter without a condition.
2025-08-15 12:31:10,808 [WARN] IP:2250 - RefParam_MEMORY_1_Config3_RegAddress not found: check if there is a RefParameter without a condition.
2025-08-15 12:31:10,808 [WARN] IP:2250 - RefParam_MEMORY_2_Instance not found: check if there is a RefParameter without a condition.
2025-08-15 12:31:10,808 [WARN] IP:2250 - RefParam_MEMORY_2_ConfigType not found: check if there is a RefParameter without a condition.
2025-08-15 12:31:10,808 [WARN] IP:2250 - RefParam_MEMORY_2_Size not found: check if there is a RefParameter without a condition.
2025-08-15 12:31:10,808 [WARN] IP:2250 - RefParam_MEMORY_2_FreqMax not found: check if there is a RefParameter without a condition.
2025-08-15 12:31:10,808 [WARN] IP:2250 - RefParam_MEMORY_2_ReadReg not found: check if there is a RefParameter without a condition.
2025-08-15 12:31:10,808 [WARN] IP:2250 - RefParam_MEMORY_2_WriteReg not found: check if there is a RefParameter without a condition.
2025-08-15 12:31:10,808 [WARN] IP:2250 - RefParam_MEMORY_2_RegSize not found: check if there is a RefParameter without a condition.
2025-08-15 12:31:10,808 [WARN] IP:2250 - RefParam_MEMORY_2_RegDummyCycle not found: check if there is a RefParameter without a condition.
2025-08-15 12:31:10,808 [WARN] IP:2250 - RefParam_MEMORY_2_WriteCommand not found: check if there is a RefParameter without a condition.
2025-08-15 12:31:10,808 [WARN] IP:2250 - RefParam_MEMORY_2_WriteDummyCycle not found: check if there is a RefParameter without a condition.
2025-08-15 12:31:10,808 [WARN] IP:2250 - RefParam_MEMORY_2_ReadCommand not found: check if there is a RefParameter without a condition.
2025-08-15 12:31:10,808 [WARN] IP:2250 - RefParam_MEMORY_2_WrapReadCommand not found: check if there is a RefParameter without a condition.
2025-08-15 12:31:10,808 [WARN] IP:2250 - RefParam_MEMORY_2_ReadDummyCycle not found: check if there is a RefParameter without a condition.
2025-08-15 12:31:10,808 [WARN] IP:2250 - RefParam_MEMORY_2_NumberOfConfig not found: check if there is a RefParameter without a condition.
2025-08-15 12:31:10,808 [WARN] IP:2250 - RefParam_MEMORY_2_Config1_WriteMask not found: check if there is a RefParameter without a condition.
2025-08-15 12:31:10,808 [WARN] IP:2250 - RefParam_MEMORY_2_Config1_WriteValue not found: check if there is a RefParameter without a condition.
2025-08-15 12:31:10,808 [WARN] IP:2250 - RefParam_MEMORY_2_Config1_RegAddress not found: check if there is a RefParameter without a condition.
2025-08-15 12:31:10,808 [WARN] IP:2250 - RefParam_MEMORY_2_Config2_WriteMask not found: check if there is a RefParameter without a condition.
2025-08-15 12:31:10,808 [WARN] IP:2250 - RefParam_MEMORY_2_Config2_WriteValue not found: check if there is a RefParameter without a condition.
2025-08-15 12:31:10,808 [WARN] IP:2250 - RefParam_MEMORY_2_Config2_RegAddress not found: check if there is a RefParameter without a condition.
2025-08-15 12:31:10,808 [WARN] IP:2250 - RefParam_MEMORY_2_Config3_WriteMask not found: check if there is a RefParameter without a condition.
2025-08-15 12:31:10,808 [WARN] IP:2250 - RefParam_MEMORY_2_Config3_WriteValue not found: check if there is a RefParameter without a condition.
2025-08-15 12:31:10,808 [WARN] IP:2250 - RefParam_MEMORY_2_Config3_RegAddress not found: check if there is a RefParameter without a condition.
2025-08-15 12:31:10,812 [WARN] IP:2250 - pwrPrivilege not found: check if there is a RefParameter without a condition.
2025-08-15 12:31:10,812 [WARN] IP:2250 - pwrPrivilege not found: check if there is a RefParameter without a condition.
2025-08-15 12:31:10,817 [WARN] IP:2250 - Memorytype0 not found: check if there is a RefParameter without a condition.
2025-08-15 12:31:10,817 [WARN] IP:2250 - LL_DeviceAttribute20 not found: check if there is a RefParameter without a condition.
2025-08-15 12:31:10,817 [WARN] IP:2250 - DeviceAttribute0 not found: check if there is a RefParameter without a condition.
2025-08-15 12:31:10,817 [WARN] IP:2250 - DeviceAttribute20 not found: check if there is a RefParameter without a condition.
2025-08-15 12:31:10,817 [WARN] IP:2250 - DeviceAttribute1 not found: check if there is a RefParameter without a condition.
2025-08-15 12:31:10,817 [WARN] IP:2250 - Memorytype2 not found: check if there is a RefParameter without a condition.
2025-08-15 12:31:10,817 [WARN] IP:2250 - LL_DeviceAttribute22 not found: check if there is a RefParameter without a condition.
2025-08-15 12:31:10,817 [WARN] IP:2250 - DeviceAttribute2 not found: check if there is a RefParameter without a condition.
2025-08-15 12:31:10,817 [WARN] IP:2250 - Memorytype3 not found: check if there is a RefParameter without a condition.
2025-08-15 12:31:10,817 [WARN] IP:2250 - LL_DeviceAttribute23 not found: check if there is a RefParameter without a condition.
2025-08-15 12:31:10,817 [WARN] IP:2250 - DeviceAttribute3 not found: check if there is a RefParameter without a condition.
2025-08-15 12:31:10,817 [WARN] IP:2250 - Memorytype4 not found: check if there is a RefParameter without a condition.
2025-08-15 12:31:10,817 [WARN] IP:2250 - LL_DeviceAttribute24 not found: check if there is a RefParameter without a condition.
2025-08-15 12:31:10,817 [WARN] IP:2250 - DeviceAttribute4 not found: check if there is a RefParameter without a condition.
2025-08-15 12:31:10,817 [WARN] IP:2250 - Memorytype5 not found: check if there is a RefParameter without a condition.
2025-08-15 12:31:10,817 [WARN] IP:2250 - LL_DeviceAttribute25 not found: check if there is a RefParameter without a condition.
2025-08-15 12:31:10,817 [WARN] IP:2250 - DeviceAttribute5 not found: check if there is a RefParameter without a condition.
2025-08-15 12:31:10,817 [WARN] IP:2250 - Memorytype6 not found: check if there is a RefParameter without a condition.
2025-08-15 12:31:10,817 [WARN] IP:2250 - LL_DeviceAttribute26 not found: check if there is a RefParameter without a condition.
2025-08-15 12:31:10,817 [WARN] IP:2250 - DeviceAttribute6 not found: check if there is a RefParameter without a condition.
2025-08-15 12:31:10,817 [WARN] IP:2250 - Memorytype7 not found: check if there is a RefParameter without a condition.
2025-08-15 12:31:10,817 [WARN] IP:2250 - LL_DeviceAttribute27 not found: check if there is a RefParameter without a condition.
2025-08-15 12:31:10,817 [WARN] IP:2250 - DeviceAttribute7 not found: check if there is a RefParameter without a condition.
2025-08-15 12:31:10,872 [WARN] IP:2250 - DeviceAttribute0 not found: check if there is a RefParameter without a condition.
2025-08-15 12:31:10,872 [WARN] IP:2250 - Memorytype1 not found: check if there is a RefParameter without a condition.
2025-08-15 12:31:10,872 [WARN] IP:2250 - DeviceAttribute1 not found: check if there is a RefParameter without a condition.
2025-08-15 12:31:10,872 [WARN] IP:2250 - LL_DeviceAttribute21 not found: check if there is a RefParameter without a condition.
2025-08-15 12:31:10,872 [WARN] IP:2250 - Memorytype2 not found: check if there is a RefParameter without a condition.
2025-08-15 12:31:10,872 [WARN] IP:2250 - DeviceAttribute2 not found: check if there is a RefParameter without a condition.
2025-08-15 12:31:10,872 [WARN] IP:2250 - LL_DeviceAttribute22 not found: check if there is a RefParameter without a condition.
2025-08-15 12:31:10,872 [WARN] IP:2250 - Memorytype3 not found: check if there is a RefParameter without a condition.
2025-08-15 12:31:10,872 [WARN] IP:2250 - DeviceAttribute3 not found: check if there is a RefParameter without a condition.
2025-08-15 12:31:10,872 [WARN] IP:2250 - LL_DeviceAttribute23 not found: check if there is a RefParameter without a condition.
2025-08-15 12:31:10,872 [WARN] IP:2250 - Memorytype4 not found: check if there is a RefParameter without a condition.
2025-08-15 12:31:10,872 [WARN] IP:2250 - DeviceAttribute4 not found: check if there is a RefParameter without a condition.
2025-08-15 12:31:10,872 [WARN] IP:2250 - LL_DeviceAttribute24 not found: check if there is a RefParameter without a condition.
2025-08-15 12:31:10,872 [WARN] IP:2250 - Memorytype5 not found: check if there is a RefParameter without a condition.
2025-08-15 12:31:10,872 [WARN] IP:2250 - DeviceAttribute5 not found: check if there is a RefParameter without a condition.
2025-08-15 12:31:10,872 [WARN] IP:2250 - LL_DeviceAttribute25 not found: check if there is a RefParameter without a condition.
2025-08-15 12:31:10,872 [WARN] IP:2250 - Memorytype6 not found: check if there is a RefParameter without a condition.
2025-08-15 12:31:10,872 [WARN] IP:2250 - DeviceAttribute6 not found: check if there is a RefParameter without a condition.
2025-08-15 12:31:10,872 [WARN] IP:2250 - LL_DeviceAttribute26 not found: check if there is a RefParameter without a condition.
2025-08-15 12:31:10,872 [WARN] IP:2250 - Memorytype7 not found: check if there is a RefParameter without a condition.
2025-08-15 12:31:10,872 [WARN] IP:2250 - DeviceAttribute7 not found: check if there is a RefParameter without a condition.
2025-08-15 12:31:10,872 [WARN] IP:2250 - LL_DeviceAttribute27 not found: check if there is a RefParameter without a condition.
2025-08-15 12:31:11,026 [WARN] IP:2250 - RefParam_LRUN_SRC_memory not found: check if there is a RefParameter without a condition.
2025-08-15 12:31:11,026 [WARN] IP:2250 - RefParam_LRUN_SRC_offset not found: check if there is a RefParameter without a condition.
2025-08-15 12:31:11,026 [WARN] IP:2250 - RefParam_LRUN_SRC_size not found: check if there is a RefParameter without a condition.
2025-08-15 12:31:11,026 [WARN] IP:2250 - RefParam_LRUN_DEST_memory not found: check if there is a RefParameter without a condition.
2025-08-15 12:31:11,026 [WARN] IP:2250 - RefParam_LRUN_DEST_offset not found: check if there is a RefParameter without a condition.
2025-08-15 12:31:11,026 [WARN] IP:2250 - RefParam_MEMORY_1_Size not found: check if there is a RefParameter without a condition.
2025-08-15 12:31:11,026 [WARN] IP:2250 - RefParam_MEMORY_1_FreqMax not found: check if there is a RefParameter without a condition.
2025-08-15 12:31:11,026 [WARN] IP:2250 - RefParam_MEMORY_1_ReadReg not found: check if there is a RefParameter without a condition.
2025-08-15 12:31:11,026 [WARN] IP:2250 - RefParam_MEMORY_1_WriteReg not found: check if there is a RefParameter without a condition.
2025-08-15 12:31:11,026 [WARN] IP:2250 - RefParam_MEMORY_1_RegSize not found: check if there is a RefParameter without a condition.
2025-08-15 12:31:11,026 [WARN] IP:2250 - RefParam_MEMORY_1_RegDummyCycle not found: check if there is a RefParameter without a condition.
2025-08-15 12:31:11,026 [WARN] IP:2250 - RefParam_MEMORY_1_WriteCommand not found: check if there is a RefParameter without a condition.
2025-08-15 12:31:11,026 [WARN] IP:2250 - RefParam_MEMORY_1_WriteDummyCycle not found: check if there is a RefParameter without a condition.
2025-08-15 12:31:11,026 [WARN] IP:2250 - RefParam_MEMORY_1_ReadCommand not found: check if there is a RefParameter without a condition.
2025-08-15 12:31:11,026 [WARN] IP:2250 - RefParam_MEMORY_1_WrapReadCommand not found: check if there is a RefParameter without a condition.
2025-08-15 12:31:11,026 [WARN] IP:2250 - RefParam_MEMORY_1_ReadDummyCycle not found: check if there is a RefParameter without a condition.
2025-08-15 12:31:11,026 [WARN] IP:2250 - RefParam_MEMORY_1_NumberOfConfig not found: check if there is a RefParameter without a condition.
2025-08-15 12:31:11,026 [WARN] IP:2250 - RefParam_MEMORY_1_Config1_WriteMask not found: check if there is a RefParameter without a condition.
2025-08-15 12:31:11,026 [WARN] IP:2250 - RefParam_MEMORY_1_Config1_WriteValue not found: check if there is a RefParameter without a condition.
2025-08-15 12:31:11,026 [WARN] IP:2250 - RefParam_MEMORY_1_Config1_RegAddress not found: check if there is a RefParameter without a condition.
2025-08-15 12:31:11,026 [WARN] IP:2250 - RefParam_MEMORY_1_Config2_WriteMask not found: check if there is a RefParameter without a condition.
2025-08-15 12:31:11,026 [WARN] IP:2250 - RefParam_MEMORY_1_Config2_WriteValue not found: check if there is a RefParameter without a condition.
2025-08-15 12:31:11,026 [WARN] IP:2250 - RefParam_MEMORY_1_Config2_RegAddress not found: check if there is a RefParameter without a condition.
2025-08-15 12:31:11,027 [WARN] IP:2250 - RefParam_MEMORY_1_Config3_WriteMask not found: check if there is a RefParameter without a condition.
2025-08-15 12:31:11,027 [WARN] IP:2250 - RefParam_MEMORY_1_Config3_WriteValue not found: check if there is a RefParameter without a condition.
2025-08-15 12:31:11,027 [WARN] IP:2250 - RefParam_MEMORY_1_Config3_RegAddress not found: check if there is a RefParameter without a condition.
2025-08-15 12:31:11,027 [WARN] IP:2250 - RefParam_MEMORY_2_Instance not found: check if there is a RefParameter without a condition.
2025-08-15 12:31:11,027 [WARN] IP:2250 - RefParam_MEMORY_2_ConfigType not found: check if there is a RefParameter without a condition.
2025-08-15 12:31:11,027 [WARN] IP:2250 - RefParam_MEMORY_2_Size not found: check if there is a RefParameter without a condition.
2025-08-15 12:31:11,027 [WARN] IP:2250 - RefParam_MEMORY_2_FreqMax not found: check if there is a RefParameter without a condition.
2025-08-15 12:31:11,027 [WARN] IP:2250 - RefParam_MEMORY_2_ReadReg not found: check if there is a RefParameter without a condition.
2025-08-15 12:31:11,027 [WARN] IP:2250 - RefParam_MEMORY_2_WriteReg not found: check if there is a RefParameter without a condition.
2025-08-15 12:31:11,027 [WARN] IP:2250 - RefParam_MEMORY_2_RegSize not found: check if there is a RefParameter without a condition.
2025-08-15 12:31:11,027 [WARN] IP:2250 - RefParam_MEMORY_2_RegDummyCycle not found: check if there is a RefParameter without a condition.
2025-08-15 12:31:11,027 [WARN] IP:2250 - RefParam_MEMORY_2_WriteCommand not found: check if there is a RefParameter without a condition.
2025-08-15 12:31:11,027 [WARN] IP:2250 - RefParam_MEMORY_2_WriteDummyCycle not found: check if there is a RefParameter without a condition.
2025-08-15 12:31:11,027 [WARN] IP:2250 - RefParam_MEMORY_2_ReadCommand not found: check if there is a RefParameter without a condition.
2025-08-15 12:31:11,027 [WARN] IP:2250 - RefParam_MEMORY_2_WrapReadCommand not found: check if there is a RefParameter without a condition.
2025-08-15 12:31:11,027 [WARN] IP:2250 - RefParam_MEMORY_2_ReadDummyCycle not found: check if there is a RefParameter without a condition.
2025-08-15 12:31:11,027 [WARN] IP:2250 - RefParam_MEMORY_2_NumberOfConfig not found: check if there is a RefParameter without a condition.
2025-08-15 12:31:11,027 [WARN] IP:2250 - RefParam_MEMORY_2_Config1_WriteMask not found: check if there is a RefParameter without a condition.
2025-08-15 12:31:11,027 [WARN] IP:2250 - RefParam_MEMORY_2_Config1_WriteValue not found: check if there is a RefParameter without a condition.
2025-08-15 12:31:11,027 [WARN] IP:2250 - RefParam_MEMORY_2_Config1_RegAddress not found: check if there is a RefParameter without a condition.
2025-08-15 12:31:11,027 [WARN] IP:2250 - RefParam_MEMORY_2_Config2_WriteMask not found: check if there is a RefParameter without a condition.
2025-08-15 12:31:11,027 [WARN] IP:2250 - RefParam_MEMORY_2_Config2_WriteValue not found: check if there is a RefParameter without a condition.
2025-08-15 12:31:11,027 [WARN] IP:2250 - RefParam_MEMORY_2_Config2_RegAddress not found: check if there is a RefParameter without a condition.
2025-08-15 12:31:11,027 [WARN] IP:2250 - RefParam_MEMORY_2_Config3_WriteMask not found: check if there is a RefParameter without a condition.
2025-08-15 12:31:11,027 [WARN] IP:2250 - RefParam_MEMORY_2_Config3_WriteValue not found: check if there is a RefParameter without a condition.
2025-08-15 12:31:11,027 [WARN] IP:2250 - RefParam_MEMORY_2_Config3_RegAddress not found: check if there is a RefParameter without a condition.
2025-08-15 12:31:11,031 [WARN] IP:2250 - pwrPrivilege not found: check if there is a RefParameter without a condition.
2025-08-15 12:31:11,031 [WARN] IP:2250 - pwrPrivilege not found: check if there is a RefParameter without a condition.
2025-08-15 12:31:11,036 [WARN] IP:2250 - Memorytype0 not found: check if there is a RefParameter without a condition.
2025-08-15 12:31:11,036 [WARN] IP:2250 - LL_DeviceAttribute20 not found: check if there is a RefParameter without a condition.
2025-08-15 12:31:11,036 [WARN] IP:2250 - DeviceAttribute0 not found: check if there is a RefParameter without a condition.
2025-08-15 12:31:11,036 [WARN] IP:2250 - DeviceAttribute20 not found: check if there is a RefParameter without a condition.
2025-08-15 12:31:11,036 [WARN] IP:2250 - DeviceAttribute1 not found: check if there is a RefParameter without a condition.
2025-08-15 12:31:11,036 [WARN] IP:2250 - Memorytype2 not found: check if there is a RefParameter without a condition.
2025-08-15 12:31:11,036 [WARN] IP:2250 - LL_DeviceAttribute22 not found: check if there is a RefParameter without a condition.
2025-08-15 12:31:11,036 [WARN] IP:2250 - DeviceAttribute2 not found: check if there is a RefParameter without a condition.
2025-08-15 12:31:11,036 [WARN] IP:2250 - Memorytype3 not found: check if there is a RefParameter without a condition.
2025-08-15 12:31:11,036 [WARN] IP:2250 - LL_DeviceAttribute23 not found: check if there is a RefParameter without a condition.
2025-08-15 12:31:11,036 [WARN] IP:2250 - DeviceAttribute3 not found: check if there is a RefParameter without a condition.
2025-08-15 12:31:11,036 [WARN] IP:2250 - Memorytype4 not found: check if there is a RefParameter without a condition.
2025-08-15 12:31:11,036 [WARN] IP:2250 - LL_DeviceAttribute24 not found: check if there is a RefParameter without a condition.
2025-08-15 12:31:11,036 [WARN] IP:2250 - DeviceAttribute4 not found: check if there is a RefParameter without a condition.
2025-08-15 12:31:11,036 [WARN] IP:2250 - Memorytype5 not found: check if there is a RefParameter without a condition.
2025-08-15 12:31:11,037 [WARN] IP:2250 - LL_DeviceAttribute25 not found: check if there is a RefParameter without a condition.
2025-08-15 12:31:11,037 [WARN] IP:2250 - DeviceAttribute5 not found: check if there is a RefParameter without a condition.
2025-08-15 12:31:11,037 [WARN] IP:2250 - Memorytype6 not found: check if there is a RefParameter without a condition.
2025-08-15 12:31:11,037 [WARN] IP:2250 - LL_DeviceAttribute26 not found: check if there is a RefParameter without a condition.
2025-08-15 12:31:11,037 [WARN] IP:2250 - DeviceAttribute6 not found: check if there is a RefParameter without a condition.
2025-08-15 12:31:11,037 [WARN] IP:2250 - Memorytype7 not found: check if there is a RefParameter without a condition.
2025-08-15 12:31:11,037 [WARN] IP:2250 - LL_DeviceAttribute27 not found: check if there is a RefParameter without a condition.
2025-08-15 12:31:11,037 [WARN] IP:2250 - DeviceAttribute7 not found: check if there is a RefParameter without a condition.
2025-08-15 12:31:11,083 [WARN] IP:2250 - DeviceAttribute0 not found: check if there is a RefParameter without a condition.
2025-08-15 12:31:11,083 [WARN] IP:2250 - Memorytype1 not found: check if there is a RefParameter without a condition.
2025-08-15 12:31:11,083 [WARN] IP:2250 - DeviceAttribute1 not found: check if there is a RefParameter without a condition.
2025-08-15 12:31:11,083 [WARN] IP:2250 - LL_DeviceAttribute21 not found: check if there is a RefParameter without a condition.
2025-08-15 12:31:11,083 [WARN] IP:2250 - Memorytype2 not found: check if there is a RefParameter without a condition.
2025-08-15 12:31:11,083 [WARN] IP:2250 - DeviceAttribute2 not found: check if there is a RefParameter without a condition.
2025-08-15 12:31:11,083 [WARN] IP:2250 - LL_DeviceAttribute22 not found: check if there is a RefParameter without a condition.
2025-08-15 12:31:11,083 [WARN] IP:2250 - Memorytype3 not found: check if there is a RefParameter without a condition.
2025-08-15 12:31:11,083 [WARN] IP:2250 - DeviceAttribute3 not found: check if there is a RefParameter without a condition.
2025-08-15 12:31:11,083 [WARN] IP:2250 - LL_DeviceAttribute23 not found: check if there is a RefParameter without a condition.
2025-08-15 12:31:11,083 [WARN] IP:2250 - Memorytype4 not found: check if there is a RefParameter without a condition.
2025-08-15 12:31:11,083 [WARN] IP:2250 - DeviceAttribute4 not found: check if there is a RefParameter without a condition.
2025-08-15 12:31:11,083 [WARN] IP:2250 - LL_DeviceAttribute24 not found: check if there is a RefParameter without a condition.
2025-08-15 12:31:11,084 [WARN] IP:2250 - Memorytype5 not found: check if there is a RefParameter without a condition.
2025-08-15 12:31:11,084 [WARN] IP:2250 - DeviceAttribute5 not found: check if there is a RefParameter without a condition.
2025-08-15 12:31:11,084 [WARN] IP:2250 - LL_DeviceAttribute25 not found: check if there is a RefParameter without a condition.
2025-08-15 12:31:11,084 [WARN] IP:2250 - Memorytype6 not found: check if there is a RefParameter without a condition.
2025-08-15 12:31:11,084 [WARN] IP:2250 - DeviceAttribute6 not found: check if there is a RefParameter without a condition.
2025-08-15 12:31:11,084 [WARN] IP:2250 - LL_DeviceAttribute26 not found: check if there is a RefParameter without a condition.
2025-08-15 12:31:11,084 [WARN] IP:2250 - Memorytype7 not found: check if there is a RefParameter without a condition.
2025-08-15 12:31:11,084 [WARN] IP:2250 - DeviceAttribute7 not found: check if there is a RefParameter without a condition.
2025-08-15 12:31:11,084 [WARN] IP:2250 - LL_DeviceAttribute27 not found: check if there is a RefParameter without a condition.
2025-08-15 12:31:11,209 [WARN] IP:2250 - RefParam_LRUN_SRC_memory not found: check if there is a RefParameter without a condition.
2025-08-15 12:31:11,209 [WARN] IP:2250 - RefParam_LRUN_SRC_offset not found: check if there is a RefParameter without a condition.
2025-08-15 12:31:11,209 [WARN] IP:2250 - RefParam_LRUN_SRC_size not found: check if there is a RefParameter without a condition.
2025-08-15 12:31:11,209 [WARN] IP:2250 - RefParam_LRUN_DEST_memory not found: check if there is a RefParameter without a condition.
2025-08-15 12:31:11,209 [WARN] IP:2250 - RefParam_LRUN_DEST_offset not found: check if there is a RefParameter without a condition.
2025-08-15 12:31:11,209 [WARN] IP:2250 - RefParam_MEMORY_1_Size not found: check if there is a RefParameter without a condition.
2025-08-15 12:31:11,209 [WARN] IP:2250 - RefParam_MEMORY_1_FreqMax not found: check if there is a RefParameter without a condition.
2025-08-15 12:31:11,209 [WARN] IP:2250 - RefParam_MEMORY_1_ReadReg not found: check if there is a RefParameter without a condition.
2025-08-15 12:31:11,209 [WARN] IP:2250 - RefParam_MEMORY_1_WriteReg not found: check if there is a RefParameter without a condition.
2025-08-15 12:31:11,209 [WARN] IP:2250 - RefParam_MEMORY_1_RegSize not found: check if there is a RefParameter without a condition.
2025-08-15 12:31:11,209 [WARN] IP:2250 - RefParam_MEMORY_1_RegDummyCycle not found: check if there is a RefParameter without a condition.
2025-08-15 12:31:11,209 [WARN] IP:2250 - RefParam_MEMORY_1_WriteCommand not found: check if there is a RefParameter without a condition.
2025-08-15 12:31:11,209 [WARN] IP:2250 - RefParam_MEMORY_1_WriteDummyCycle not found: check if there is a RefParameter without a condition.
2025-08-15 12:31:11,209 [WARN] IP:2250 - RefParam_MEMORY_1_ReadCommand not found: check if there is a RefParameter without a condition.
2025-08-15 12:31:11,209 [WARN] IP:2250 - RefParam_MEMORY_1_WrapReadCommand not found: check if there is a RefParameter without a condition.
2025-08-15 12:31:11,209 [WARN] IP:2250 - RefParam_MEMORY_1_ReadDummyCycle not found: check if there is a RefParameter without a condition.
2025-08-15 12:31:11,209 [WARN] IP:2250 - RefParam_MEMORY_1_NumberOfConfig not found: check if there is a RefParameter without a condition.
2025-08-15 12:31:11,209 [WARN] IP:2250 - RefParam_MEMORY_1_Config1_WriteMask not found: check if there is a RefParameter without a condition.
2025-08-15 12:31:11,209 [WARN] IP:2250 - RefParam_MEMORY_1_Config1_WriteValue not found: check if there is a RefParameter without a condition.
2025-08-15 12:31:11,209 [WARN] IP:2250 - RefParam_MEMORY_1_Config1_RegAddress not found: check if there is a RefParameter without a condition.
2025-08-15 12:31:11,209 [WARN] IP:2250 - RefParam_MEMORY_1_Config2_WriteMask not found: check if there is a RefParameter without a condition.
2025-08-15 12:31:11,209 [WARN] IP:2250 - RefParam_MEMORY_1_Config2_WriteValue not found: check if there is a RefParameter without a condition.
2025-08-15 12:31:11,209 [WARN] IP:2250 - RefParam_MEMORY_1_Config2_RegAddress not found: check if there is a RefParameter without a condition.
2025-08-15 12:31:11,209 [WARN] IP:2250 - RefParam_MEMORY_1_Config3_WriteMask not found: check if there is a RefParameter without a condition.
2025-08-15 12:31:11,209 [WARN] IP:2250 - RefParam_MEMORY_1_Config3_WriteValue not found: check if there is a RefParameter without a condition.
2025-08-15 12:31:11,209 [WARN] IP:2250 - RefParam_MEMORY_1_Config3_RegAddress not found: check if there is a RefParameter without a condition.
2025-08-15 12:31:11,210 [WARN] IP:2250 - RefParam_MEMORY_2_Instance not found: check if there is a RefParameter without a condition.
2025-08-15 12:31:11,210 [WARN] IP:2250 - RefParam_MEMORY_2_ConfigType not found: check if there is a RefParameter without a condition.
2025-08-15 12:31:11,210 [WARN] IP:2250 - RefParam_MEMORY_2_Size not found: check if there is a RefParameter without a condition.
2025-08-15 12:31:11,210 [WARN] IP:2250 - RefParam_MEMORY_2_FreqMax not found: check if there is a RefParameter without a condition.
2025-08-15 12:31:11,210 [WARN] IP:2250 - RefParam_MEMORY_2_ReadReg not found: check if there is a RefParameter without a condition.
2025-08-15 12:31:11,210 [WARN] IP:2250 - RefParam_MEMORY_2_WriteReg not found: check if there is a RefParameter without a condition.
2025-08-15 12:31:11,210 [WARN] IP:2250 - RefParam_MEMORY_2_RegSize not found: check if there is a RefParameter without a condition.
2025-08-15 12:31:11,210 [WARN] IP:2250 - RefParam_MEMORY_2_RegDummyCycle not found: check if there is a RefParameter without a condition.
2025-08-15 12:31:11,210 [WARN] IP:2250 - RefParam_MEMORY_2_WriteCommand not found: check if there is a RefParameter without a condition.
2025-08-15 12:31:11,210 [WARN] IP:2250 - RefParam_MEMORY_2_WriteDummyCycle not found: check if there is a RefParameter without a condition.
2025-08-15 12:31:11,210 [WARN] IP:2250 - RefParam_MEMORY_2_ReadCommand not found: check if there is a RefParameter without a condition.
2025-08-15 12:31:11,210 [WARN] IP:2250 - RefParam_MEMORY_2_WrapReadCommand not found: check if there is a RefParameter without a condition.
2025-08-15 12:31:11,210 [WARN] IP:2250 - RefParam_MEMORY_2_ReadDummyCycle not found: check if there is a RefParameter without a condition.
2025-08-15 12:31:11,210 [WARN] IP:2250 - RefParam_MEMORY_2_NumberOfConfig not found: check if there is a RefParameter without a condition.
2025-08-15 12:31:11,210 [WARN] IP:2250 - RefParam_MEMORY_2_Config1_WriteMask not found: check if there is a RefParameter without a condition.
2025-08-15 12:31:11,210 [WARN] IP:2250 - RefParam_MEMORY_2_Config1_WriteValue not found: check if there is a RefParameter without a condition.
2025-08-15 12:31:11,210 [WARN] IP:2250 - RefParam_MEMORY_2_Config1_RegAddress not found: check if there is a RefParameter without a condition.
2025-08-15 12:31:11,210 [WARN] IP:2250 - RefParam_MEMORY_2_Config2_WriteMask not found: check if there is a RefParameter without a condition.
2025-08-15 12:31:11,210 [WARN] IP:2250 - RefParam_MEMORY_2_Config2_WriteValue not found: check if there is a RefParameter without a condition.
2025-08-15 12:31:11,210 [WARN] IP:2250 - RefParam_MEMORY_2_Config2_RegAddress not found: check if there is a RefParameter without a condition.
2025-08-15 12:31:11,210 [WARN] IP:2250 - RefParam_MEMORY_2_Config3_WriteMask not found: check if there is a RefParameter without a condition.
2025-08-15 12:31:11,210 [WARN] IP:2250 - RefParam_MEMORY_2_Config3_WriteValue not found: check if there is a RefParameter without a condition.
2025-08-15 12:31:11,210 [WARN] IP:2250 - RefParam_MEMORY_2_Config3_RegAddress not found: check if there is a RefParameter without a condition.
2025-08-15 12:31:11,213 [WARN] IP:2250 - pwrPrivilege not found: check if there is a RefParameter without a condition.
2025-08-15 12:31:11,213 [WARN] IP:2250 - pwrPrivilege not found: check if there is a RefParameter without a condition.
2025-08-15 12:31:11,217 [WARN] IP:2250 - Memorytype0 not found: check if there is a RefParameter without a condition.
2025-08-15 12:31:11,217 [WARN] IP:2250 - LL_DeviceAttribute20 not found: check if there is a RefParameter without a condition.
2025-08-15 12:31:11,217 [WARN] IP:2250 - DeviceAttribute0 not found: check if there is a RefParameter without a condition.
2025-08-15 12:31:11,217 [WARN] IP:2250 - DeviceAttribute20 not found: check if there is a RefParameter without a condition.
2025-08-15 12:31:11,217 [WARN] IP:2250 - DeviceAttribute1 not found: check if there is a RefParameter without a condition.
2025-08-15 12:31:11,217 [WARN] IP:2250 - Memorytype2 not found: check if there is a RefParameter without a condition.
2025-08-15 12:31:11,217 [WARN] IP:2250 - LL_DeviceAttribute22 not found: check if there is a RefParameter without a condition.
2025-08-15 12:31:11,217 [WARN] IP:2250 - DeviceAttribute2 not found: check if there is a RefParameter without a condition.
2025-08-15 12:31:11,217 [WARN] IP:2250 - Memorytype3 not found: check if there is a RefParameter without a condition.
2025-08-15 12:31:11,217 [WARN] IP:2250 - LL_DeviceAttribute23 not found: check if there is a RefParameter without a condition.
2025-08-15 12:31:11,217 [WARN] IP:2250 - DeviceAttribute3 not found: check if there is a RefParameter without a condition.
2025-08-15 12:31:11,217 [WARN] IP:2250 - Memorytype4 not found: check if there is a RefParameter without a condition.
2025-08-15 12:31:11,217 [WARN] IP:2250 - LL_DeviceAttribute24 not found: check if there is a RefParameter without a condition.
2025-08-15 12:31:11,217 [WARN] IP:2250 - DeviceAttribute4 not found: check if there is a RefParameter without a condition.
2025-08-15 12:31:11,217 [WARN] IP:2250 - Memorytype5 not found: check if there is a RefParameter without a condition.
2025-08-15 12:31:11,217 [WARN] IP:2250 - LL_DeviceAttribute25 not found: check if there is a RefParameter without a condition.
2025-08-15 12:31:11,217 [WARN] IP:2250 - DeviceAttribute5 not found: check if there is a RefParameter without a condition.
2025-08-15 12:31:11,217 [WARN] IP:2250 - Memorytype6 not found: check if there is a RefParameter without a condition.
2025-08-15 12:31:11,217 [WARN] IP:2250 - LL_DeviceAttribute26 not found: check if there is a RefParameter without a condition.
2025-08-15 12:31:11,217 [WARN] IP:2250 - DeviceAttribute6 not found: check if there is a RefParameter without a condition.
2025-08-15 12:31:11,217 [WARN] IP:2250 - Memorytype7 not found: check if there is a RefParameter without a condition.
2025-08-15 12:31:11,217 [WARN] IP:2250 - LL_DeviceAttribute27 not found: check if there is a RefParameter without a condition.
2025-08-15 12:31:11,217 [WARN] IP:2250 - DeviceAttribute7 not found: check if there is a RefParameter without a condition.
2025-08-15 12:31:11,257 [WARN] IP:2250 - DeviceAttribute0 not found: check if there is a RefParameter without a condition.
2025-08-15 12:31:11,257 [WARN] IP:2250 - Memorytype1 not found: check if there is a RefParameter without a condition.
2025-08-15 12:31:11,257 [WARN] IP:2250 - DeviceAttribute1 not found: check if there is a RefParameter without a condition.
2025-08-15 12:31:11,257 [WARN] IP:2250 - LL_DeviceAttribute21 not found: check if there is a RefParameter without a condition.
2025-08-15 12:31:11,257 [WARN] IP:2250 - Memorytype2 not found: check if there is a RefParameter without a condition.
2025-08-15 12:31:11,257 [WARN] IP:2250 - DeviceAttribute2 not found: check if there is a RefParameter without a condition.
2025-08-15 12:31:11,257 [WARN] IP:2250 - LL_DeviceAttribute22 not found: check if there is a RefParameter without a condition.
2025-08-15 12:31:11,257 [WARN] IP:2250 - Memorytype3 not found: check if there is a RefParameter without a condition.
2025-08-15 12:31:11,257 [WARN] IP:2250 - DeviceAttribute3 not found: check if there is a RefParameter without a condition.
2025-08-15 12:31:11,257 [WARN] IP:2250 - LL_DeviceAttribute23 not found: check if there is a RefParameter without a condition.
2025-08-15 12:31:11,257 [WARN] IP:2250 - Memorytype4 not found: check if there is a RefParameter without a condition.
2025-08-15 12:31:11,258 [WARN] IP:2250 - DeviceAttribute4 not found: check if there is a RefParameter without a condition.
2025-08-15 12:31:11,258 [WARN] IP:2250 - LL_DeviceAttribute24 not found: check if there is a RefParameter without a condition.
2025-08-15 12:31:11,258 [WARN] IP:2250 - Memorytype5 not found: check if there is a RefParameter without a condition.
2025-08-15 12:31:11,258 [WARN] IP:2250 - DeviceAttribute5 not found: check if there is a RefParameter without a condition.
2025-08-15 12:31:11,258 [WARN] IP:2250 - LL_DeviceAttribute25 not found: check if there is a RefParameter without a condition.
2025-08-15 12:31:11,258 [WARN] IP:2250 - Memorytype6 not found: check if there is a RefParameter without a condition.
2025-08-15 12:31:11,258 [WARN] IP:2250 - DeviceAttribute6 not found: check if there is a RefParameter without a condition.
2025-08-15 12:31:11,258 [WARN] IP:2250 - LL_DeviceAttribute26 not found: check if there is a RefParameter without a condition.
2025-08-15 12:31:11,258 [WARN] IP:2250 - Memorytype7 not found: check if there is a RefParameter without a condition.
2025-08-15 12:31:11,258 [WARN] IP:2250 - DeviceAttribute7 not found: check if there is a RefParameter without a condition.
2025-08-15 12:31:11,258 [WARN] IP:2250 - LL_DeviceAttribute27 not found: check if there is a RefParameter without a condition.
2025-08-15 12:31:30,093 [WARN] IP:2250 - RefParam_LRUN_SRC_memory not found: check if there is a RefParameter without a condition.
2025-08-15 12:31:30,093 [WARN] IP:2250 - RefParam_LRUN_SRC_offset not found: check if there is a RefParameter without a condition.
2025-08-15 12:31:30,093 [WARN] IP:2250 - RefParam_LRUN_SRC_size not found: check if there is a RefParameter without a condition.
2025-08-15 12:31:30,093 [WARN] IP:2250 - RefParam_LRUN_DEST_memory not found: check if there is a RefParameter without a condition.
2025-08-15 12:31:30,093 [WARN] IP:2250 - RefParam_LRUN_DEST_offset not found: check if there is a RefParameter without a condition.
2025-08-15 12:31:30,093 [WARN] IP:2250 - RefParam_MEMORY_1_Size not found: check if there is a RefParameter without a condition.
2025-08-15 12:31:30,093 [WARN] IP:2250 - RefParam_MEMORY_1_FreqMax not found: check if there is a RefParameter without a condition.
2025-08-15 12:31:30,093 [WARN] IP:2250 - RefParam_MEMORY_1_ReadReg not found: check if there is a RefParameter without a condition.
2025-08-15 12:31:30,093 [WARN] IP:2250 - RefParam_MEMORY_1_WriteReg not found: check if there is a RefParameter without a condition.
2025-08-15 12:31:30,093 [WARN] IP:2250 - RefParam_MEMORY_1_RegSize not found: check if there is a RefParameter without a condition.
2025-08-15 12:31:30,093 [WARN] IP:2250 - RefParam_MEMORY_1_RegDummyCycle not found: check if there is a RefParameter without a condition.
2025-08-15 12:31:30,093 [WARN] IP:2250 - RefParam_MEMORY_1_WriteCommand not found: check if there is a RefParameter without a condition.
2025-08-15 12:31:30,093 [WARN] IP:2250 - RefParam_MEMORY_1_WriteDummyCycle not found: check if there is a RefParameter without a condition.
2025-08-15 12:31:30,093 [WARN] IP:2250 - RefParam_MEMORY_1_ReadCommand not found: check if there is a RefParameter without a condition.
2025-08-15 12:31:30,093 [WARN] IP:2250 - RefParam_MEMORY_1_WrapReadCommand not found: check if there is a RefParameter without a condition.
2025-08-15 12:31:30,093 [WARN] IP:2250 - RefParam_MEMORY_1_ReadDummyCycle not found: check if there is a RefParameter without a condition.
2025-08-15 12:31:30,093 [WARN] IP:2250 - RefParam_MEMORY_1_NumberOfConfig not found: check if there is a RefParameter without a condition.
2025-08-15 12:31:30,093 [WARN] IP:2250 - RefParam_MEMORY_1_Config1_WriteMask not found: check if there is a RefParameter without a condition.
2025-08-15 12:31:30,093 [WARN] IP:2250 - RefParam_MEMORY_1_Config1_WriteValue not found: check if there is a RefParameter without a condition.
2025-08-15 12:31:30,093 [WARN] IP:2250 - RefParam_MEMORY_1_Config1_RegAddress not found: check if there is a RefParameter without a condition.
2025-08-15 12:31:30,093 [WARN] IP:2250 - RefParam_MEMORY_1_Config2_WriteMask not found: check if there is a RefParameter without a condition.
2025-08-15 12:31:30,093 [WARN] IP:2250 - RefParam_MEMORY_1_Config2_WriteValue not found: check if there is a RefParameter without a condition.
2025-08-15 12:31:30,093 [WARN] IP:2250 - RefParam_MEMORY_1_Config2_RegAddress not found: check if there is a RefParameter without a condition.
2025-08-15 12:31:30,093 [WARN] IP:2250 - RefParam_MEMORY_1_Config3_WriteMask not found: check if there is a RefParameter without a condition.
2025-08-15 12:31:30,093 [WARN] IP:2250 - RefParam_MEMORY_1_Config3_WriteValue not found: check if there is a RefParameter without a condition.
2025-08-15 12:31:30,093 [WARN] IP:2250 - RefParam_MEMORY_1_Config3_RegAddress not found: check if there is a RefParameter without a condition.
2025-08-15 12:31:30,093 [WARN] IP:2250 - RefParam_MEMORY_2_Instance not found: check if there is a RefParameter without a condition.
2025-08-15 12:31:30,093 [WARN] IP:2250 - RefParam_MEMORY_2_ConfigType not found: check if there is a RefParameter without a condition.
2025-08-15 12:31:30,093 [WARN] IP:2250 - RefParam_MEMORY_2_Size not found: check if there is a RefParameter without a condition.
2025-08-15 12:31:30,093 [WARN] IP:2250 - RefParam_MEMORY_2_FreqMax not found: check if there is a RefParameter without a condition.
2025-08-15 12:31:30,093 [WARN] IP:2250 - RefParam_MEMORY_2_ReadReg not found: check if there is a RefParameter without a condition.
2025-08-15 12:31:30,093 [WARN] IP:2250 - RefParam_MEMORY_2_WriteReg not found: check if there is a RefParameter without a condition.
2025-08-15 12:31:30,093 [WARN] IP:2250 - RefParam_MEMORY_2_RegSize not found: check if there is a RefParameter without a condition.
2025-08-15 12:31:30,093 [WARN] IP:2250 - RefParam_MEMORY_2_RegDummyCycle not found: check if there is a RefParameter without a condition.
2025-08-15 12:31:30,093 [WARN] IP:2250 - RefParam_MEMORY_2_WriteCommand not found: check if there is a RefParameter without a condition.
2025-08-15 12:31:30,093 [WARN] IP:2250 - RefParam_MEMORY_2_WriteDummyCycle not found: check if there is a RefParameter without a condition.
2025-08-15 12:31:30,093 [WARN] IP:2250 - RefParam_MEMORY_2_ReadCommand not found: check if there is a RefParameter without a condition.
2025-08-15 12:31:30,093 [WARN] IP:2250 - RefParam_MEMORY_2_WrapReadCommand not found: check if there is a RefParameter without a condition.
2025-08-15 12:31:30,093 [WARN] IP:2250 - RefParam_MEMORY_2_ReadDummyCycle not found: check if there is a RefParameter without a condition.
2025-08-15 12:31:30,093 [WARN] IP:2250 - RefParam_MEMORY_2_NumberOfConfig not found: check if there is a RefParameter without a condition.
2025-08-15 12:31:30,093 [WARN] IP:2250 - RefParam_MEMORY_2_Config1_WriteMask not found: check if there is a RefParameter without a condition.
2025-08-15 12:31:30,093 [WARN] IP:2250 - RefParam_MEMORY_2_Config1_WriteValue not found: check if there is a RefParameter without a condition.
2025-08-15 12:31:30,093 [WARN] IP:2250 - RefParam_MEMORY_2_Config1_RegAddress not found: check if there is a RefParameter without a condition.
2025-08-15 12:31:30,093 [WARN] IP:2250 - RefParam_MEMORY_2_Config2_WriteMask not found: check if there is a RefParameter without a condition.
2025-08-15 12:31:30,093 [WARN] IP:2250 - RefParam_MEMORY_2_Config2_WriteValue not found: check if there is a RefParameter without a condition.
2025-08-15 12:31:30,093 [WARN] IP:2250 - RefParam_MEMORY_2_Config2_RegAddress not found: check if there is a RefParameter without a condition.
2025-08-15 12:31:30,093 [WARN] IP:2250 - RefParam_MEMORY_2_Config3_WriteMask not found: check if there is a RefParameter without a condition.
2025-08-15 12:31:30,093 [WARN] IP:2250 - RefParam_MEMORY_2_Config3_WriteValue not found: check if there is a RefParameter without a condition.
2025-08-15 12:31:30,093 [WARN] IP:2250 - RefParam_MEMORY_2_Config3_RegAddress not found: check if there is a RefParameter without a condition.
2025-08-15 12:31:30,097 [WARN] IP:2250 - pwrPrivilege not found: check if there is a RefParameter without a condition.
2025-08-15 12:31:30,097 [WARN] IP:2250 - pwrPrivilege not found: check if there is a RefParameter without a condition.
2025-08-15 12:31:30,101 [WARN] IP:2250 - Memorytype0 not found: check if there is a RefParameter without a condition.
2025-08-15 12:31:30,101 [WARN] IP:2250 - LL_DeviceAttribute20 not found: check if there is a RefParameter without a condition.
2025-08-15 12:31:30,101 [WARN] IP:2250 - DeviceAttribute0 not found: check if there is a RefParameter without a condition.
2025-08-15 12:31:30,101 [WARN] IP:2250 - DeviceAttribute20 not found: check if there is a RefParameter without a condition.
2025-08-15 12:31:30,101 [WARN] IP:2250 - DeviceAttribute1 not found: check if there is a RefParameter without a condition.
2025-08-15 12:31:30,101 [WARN] IP:2250 - Memorytype2 not found: check if there is a RefParameter without a condition.
2025-08-15 12:31:30,101 [WARN] IP:2250 - LL_DeviceAttribute22 not found: check if there is a RefParameter without a condition.
2025-08-15 12:31:30,101 [WARN] IP:2250 - DeviceAttribute2 not found: check if there is a RefParameter without a condition.
2025-08-15 12:31:30,101 [WARN] IP:2250 - Memorytype3 not found: check if there is a RefParameter without a condition.
2025-08-15 12:31:30,101 [WARN] IP:2250 - LL_DeviceAttribute23 not found: check if there is a RefParameter without a condition.
2025-08-15 12:31:30,101 [WARN] IP:2250 - DeviceAttribute3 not found: check if there is a RefParameter without a condition.
2025-08-15 12:31:30,101 [WARN] IP:2250 - Memorytype4 not found: check if there is a RefParameter without a condition.
2025-08-15 12:31:30,101 [WARN] IP:2250 - LL_DeviceAttribute24 not found: check if there is a RefParameter without a condition.
2025-08-15 12:31:30,101 [WARN] IP:2250 - DeviceAttribute4 not found: check if there is a RefParameter without a condition.
2025-08-15 12:31:30,102 [WARN] IP:2250 - Memorytype5 not found: check if there is a RefParameter without a condition.
2025-08-15 12:31:30,102 [WARN] IP:2250 - LL_DeviceAttribute25 not found: check if there is a RefParameter without a condition.
2025-08-15 12:31:30,102 [WARN] IP:2250 - DeviceAttribute5 not found: check if there is a RefParameter without a condition.
2025-08-15 12:31:30,102 [WARN] IP:2250 - Memorytype6 not found: check if there is a RefParameter without a condition.
2025-08-15 12:31:30,102 [WARN] IP:2250 - LL_DeviceAttribute26 not found: check if there is a RefParameter without a condition.
2025-08-15 12:31:30,102 [WARN] IP:2250 - DeviceAttribute6 not found: check if there is a RefParameter without a condition.
2025-08-15 12:31:30,102 [WARN] IP:2250 - Memorytype7 not found: check if there is a RefParameter without a condition.
2025-08-15 12:31:30,102 [WARN] IP:2250 - LL_DeviceAttribute27 not found: check if there is a RefParameter without a condition.
2025-08-15 12:31:30,102 [WARN] IP:2250 - DeviceAttribute7 not found: check if there is a RefParameter without a condition.
2025-08-15 12:31:30,142 [WARN] IP:2250 - DeviceAttribute0 not found: check if there is a RefParameter without a condition.
2025-08-15 12:31:30,142 [WARN] IP:2250 - Memorytype1 not found: check if there is a RefParameter without a condition.
2025-08-15 12:31:30,142 [WARN] IP:2250 - DeviceAttribute1 not found: check if there is a RefParameter without a condition.
2025-08-15 12:31:30,142 [WARN] IP:2250 - LL_DeviceAttribute21 not found: check if there is a RefParameter without a condition.
2025-08-15 12:31:30,143 [WARN] IP:2250 - Memorytype2 not found: check if there is a RefParameter without a condition.
2025-08-15 12:31:30,143 [WARN] IP:2250 - DeviceAttribute2 not found: check if there is a RefParameter without a condition.
2025-08-15 12:31:30,143 [WARN] IP:2250 - LL_DeviceAttribute22 not found: check if there is a RefParameter without a condition.
2025-08-15 12:31:30,143 [WARN] IP:2250 - Memorytype3 not found: check if there is a RefParameter without a condition.
2025-08-15 12:31:30,143 [WARN] IP:2250 - DeviceAttribute3 not found: check if there is a RefParameter without a condition.
2025-08-15 12:31:30,143 [WARN] IP:2250 - LL_DeviceAttribute23 not found: check if there is a RefParameter without a condition.
2025-08-15 12:31:30,143 [WARN] IP:2250 - Memorytype4 not found: check if there is a RefParameter without a condition.
2025-08-15 12:31:30,143 [WARN] IP:2250 - DeviceAttribute4 not found: check if there is a RefParameter without a condition.
2025-08-15 12:31:30,143 [WARN] IP:2250 - LL_DeviceAttribute24 not found: check if there is a RefParameter without a condition.
2025-08-15 12:31:30,143 [WARN] IP:2250 - Memorytype5 not found: check if there is a RefParameter without a condition.
2025-08-15 12:31:30,143 [WARN] IP:2250 - DeviceAttribute5 not found: check if there is a RefParameter without a condition.
2025-08-15 12:31:30,143 [WARN] IP:2250 - LL_DeviceAttribute25 not found: check if there is a RefParameter without a condition.
2025-08-15 12:31:30,143 [WARN] IP:2250 - Memorytype6 not found: check if there is a RefParameter without a condition.
2025-08-15 12:31:30,143 [WARN] IP:2250 - DeviceAttribute6 not found: check if there is a RefParameter without a condition.
2025-08-15 12:31:30,143 [WARN] IP:2250 - LL_DeviceAttribute26 not found: check if there is a RefParameter without a condition.
2025-08-15 12:31:30,143 [WARN] IP:2250 - Memorytype7 not found: check if there is a RefParameter without a condition.
2025-08-15 12:31:30,143 [WARN] IP:2250 - DeviceAttribute7 not found: check if there is a RefParameter without a condition.
2025-08-15 12:31:30,143 [WARN] IP:2250 - LL_DeviceAttribute27 not found: check if there is a RefParameter without a condition.
2025-08-15 12:31:30,305 [WARN] IP:2250 - RefParam_LRUN_SRC_memory not found: check if there is a RefParameter without a condition.
2025-08-15 12:31:30,305 [WARN] IP:2250 - RefParam_LRUN_SRC_offset not found: check if there is a RefParameter without a condition.
2025-08-15 12:31:30,305 [WARN] IP:2250 - RefParam_LRUN_SRC_size not found: check if there is a RefParameter without a condition.
2025-08-15 12:31:30,305 [WARN] IP:2250 - RefParam_LRUN_DEST_memory not found: check if there is a RefParameter without a condition.
2025-08-15 12:31:30,305 [WARN] IP:2250 - RefParam_LRUN_DEST_offset not found: check if there is a RefParameter without a condition.
2025-08-15 12:31:30,305 [WARN] IP:2250 - RefParam_MEMORY_1_Size not found: check if there is a RefParameter without a condition.
2025-08-15 12:31:30,305 [WARN] IP:2250 - RefParam_MEMORY_1_FreqMax not found: check if there is a RefParameter without a condition.
2025-08-15 12:31:30,305 [WARN] IP:2250 - RefParam_MEMORY_1_ReadReg not found: check if there is a RefParameter without a condition.
2025-08-15 12:31:30,305 [WARN] IP:2250 - RefParam_MEMORY_1_WriteReg not found: check if there is a RefParameter without a condition.
2025-08-15 12:31:30,305 [WARN] IP:2250 - RefParam_MEMORY_1_RegSize not found: check if there is a RefParameter without a condition.
2025-08-15 12:31:30,305 [WARN] IP:2250 - RefParam_MEMORY_1_RegDummyCycle not found: check if there is a RefParameter without a condition.
2025-08-15 12:31:30,306 [WARN] IP:2250 - RefParam_MEMORY_1_WriteCommand not found: check if there is a RefParameter without a condition.
2025-08-15 12:31:30,306 [WARN] IP:2250 - RefParam_MEMORY_1_WriteDummyCycle not found: check if there is a RefParameter without a condition.
2025-08-15 12:31:30,306 [WARN] IP:2250 - RefParam_MEMORY_1_ReadCommand not found: check if there is a RefParameter without a condition.
2025-08-15 12:31:30,306 [WARN] IP:2250 - RefParam_MEMORY_1_WrapReadCommand not found: check if there is a RefParameter without a condition.
2025-08-15 12:31:30,306 [WARN] IP:2250 - RefParam_MEMORY_1_ReadDummyCycle not found: check if there is a RefParameter without a condition.
2025-08-15 12:31:30,306 [WARN] IP:2250 - RefParam_MEMORY_1_NumberOfConfig not found: check if there is a RefParameter without a condition.
2025-08-15 12:31:30,306 [WARN] IP:2250 - RefParam_MEMORY_1_Config1_WriteMask not found: check if there is a RefParameter without a condition.
2025-08-15 12:31:30,306 [WARN] IP:2250 - RefParam_MEMORY_1_Config1_WriteValue not found: check if there is a RefParameter without a condition.
2025-08-15 12:31:30,306 [WARN] IP:2250 - RefParam_MEMORY_1_Config1_RegAddress not found: check if there is a RefParameter without a condition.
2025-08-15 12:31:30,306 [WARN] IP:2250 - RefParam_MEMORY_1_Config2_WriteMask not found: check if there is a RefParameter without a condition.
2025-08-15 12:31:30,306 [WARN] IP:2250 - RefParam_MEMORY_1_Config2_WriteValue not found: check if there is a RefParameter without a condition.
2025-08-15 12:31:30,306 [WARN] IP:2250 - RefParam_MEMORY_1_Config2_RegAddress not found: check if there is a RefParameter without a condition.
2025-08-15 12:31:30,306 [WARN] IP:2250 - RefParam_MEMORY_1_Config3_WriteMask not found: check if there is a RefParameter without a condition.
2025-08-15 12:31:30,306 [WARN] IP:2250 - RefParam_MEMORY_1_Config3_WriteValue not found: check if there is a RefParameter without a condition.
2025-08-15 12:31:30,306 [WARN] IP:2250 - RefParam_MEMORY_1_Config3_RegAddress not found: check if there is a RefParameter without a condition.
2025-08-15 12:31:30,306 [WARN] IP:2250 - RefParam_MEMORY_2_Instance not found: check if there is a RefParameter without a condition.
2025-08-15 12:31:30,306 [WARN] IP:2250 - RefParam_MEMORY_2_ConfigType not found: check if there is a RefParameter without a condition.
2025-08-15 12:31:30,306 [WARN] IP:2250 - RefParam_MEMORY_2_Size not found: check if there is a RefParameter without a condition.
2025-08-15 12:31:30,306 [WARN] IP:2250 - RefParam_MEMORY_2_FreqMax not found: check if there is a RefParameter without a condition.
2025-08-15 12:31:30,306 [WARN] IP:2250 - RefParam_MEMORY_2_ReadReg not found: check if there is a RefParameter without a condition.
2025-08-15 12:31:30,306 [WARN] IP:2250 - RefParam_MEMORY_2_WriteReg not found: check if there is a RefParameter without a condition.
2025-08-15 12:31:30,306 [WARN] IP:2250 - RefParam_MEMORY_2_RegSize not found: check if there is a RefParameter without a condition.
2025-08-15 12:31:30,306 [WARN] IP:2250 - RefParam_MEMORY_2_RegDummyCycle not found: check if there is a RefParameter without a condition.
2025-08-15 12:31:30,306 [WARN] IP:2250 - RefParam_MEMORY_2_WriteCommand not found: check if there is a RefParameter without a condition.
2025-08-15 12:31:30,306 [WARN] IP:2250 - RefParam_MEMORY_2_WriteDummyCycle not found: check if there is a RefParameter without a condition.
2025-08-15 12:31:30,306 [WARN] IP:2250 - RefParam_MEMORY_2_ReadCommand not found: check if there is a RefParameter without a condition.
2025-08-15 12:31:30,306 [WARN] IP:2250 - RefParam_MEMORY_2_WrapReadCommand not found: check if there is a RefParameter without a condition.
2025-08-15 12:31:30,306 [WARN] IP:2250 - RefParam_MEMORY_2_ReadDummyCycle not found: check if there is a RefParameter without a condition.
2025-08-15 12:31:30,306 [WARN] IP:2250 - RefParam_MEMORY_2_NumberOfConfig not found: check if there is a RefParameter without a condition.
2025-08-15 12:31:30,306 [WARN] IP:2250 - RefParam_MEMORY_2_Config1_WriteMask not found: check if there is a RefParameter without a condition.
2025-08-15 12:31:30,306 [WARN] IP:2250 - RefParam_MEMORY_2_Config1_WriteValue not found: check if there is a RefParameter without a condition.
2025-08-15 12:31:30,306 [WARN] IP:2250 - RefParam_MEMORY_2_Config1_RegAddress not found: check if there is a RefParameter without a condition.
2025-08-15 12:31:30,306 [WARN] IP:2250 - RefParam_MEMORY_2_Config2_WriteMask not found: check if there is a RefParameter without a condition.
2025-08-15 12:31:30,306 [WARN] IP:2250 - RefParam_MEMORY_2_Config2_WriteValue not found: check if there is a RefParameter without a condition.
2025-08-15 12:31:30,306 [WARN] IP:2250 - RefParam_MEMORY_2_Config2_RegAddress not found: check if there is a RefParameter without a condition.
2025-08-15 12:31:30,306 [WARN] IP:2250 - RefParam_MEMORY_2_Config3_WriteMask not found: check if there is a RefParameter without a condition.
2025-08-15 12:31:30,306 [WARN] IP:2250 - RefParam_MEMORY_2_Config3_WriteValue not found: check if there is a RefParameter without a condition.
2025-08-15 12:31:30,306 [WARN] IP:2250 - RefParam_MEMORY_2_Config3_RegAddress not found: check if there is a RefParameter without a condition.
2025-08-15 12:31:30,309 [WARN] IP:2250 - pwrPrivilege not found: check if there is a RefParameter without a condition.
2025-08-15 12:31:30,310 [WARN] IP:2250 - pwrPrivilege not found: check if there is a RefParameter without a condition.
2025-08-15 12:31:30,313 [WARN] IP:2250 - Memorytype0 not found: check if there is a RefParameter without a condition.
2025-08-15 12:31:30,313 [WARN] IP:2250 - LL_DeviceAttribute20 not found: check if there is a RefParameter without a condition.
2025-08-15 12:31:30,313 [WARN] IP:2250 - DeviceAttribute0 not found: check if there is a RefParameter without a condition.
2025-08-15 12:31:30,313 [WARN] IP:2250 - DeviceAttribute20 not found: check if there is a RefParameter without a condition.
2025-08-15 12:31:30,313 [WARN] IP:2250 - DeviceAttribute1 not found: check if there is a RefParameter without a condition.
2025-08-15 12:31:30,313 [WARN] IP:2250 - Memorytype2 not found: check if there is a RefParameter without a condition.
2025-08-15 12:31:30,313 [WARN] IP:2250 - LL_DeviceAttribute22 not found: check if there is a RefParameter without a condition.
2025-08-15 12:31:30,313 [WARN] IP:2250 - DeviceAttribute2 not found: check if there is a RefParameter without a condition.
2025-08-15 12:31:30,313 [WARN] IP:2250 - Memorytype3 not found: check if there is a RefParameter without a condition.
2025-08-15 12:31:30,313 [WARN] IP:2250 - LL_DeviceAttribute23 not found: check if there is a RefParameter without a condition.
2025-08-15 12:31:30,313 [WARN] IP:2250 - DeviceAttribute3 not found: check if there is a RefParameter without a condition.
2025-08-15 12:31:30,314 [WARN] IP:2250 - Memorytype4 not found: check if there is a RefParameter without a condition.
2025-08-15 12:31:30,314 [WARN] IP:2250 - LL_DeviceAttribute24 not found: check if there is a RefParameter without a condition.
2025-08-15 12:31:30,314 [WARN] IP:2250 - DeviceAttribute4 not found: check if there is a RefParameter without a condition.
2025-08-15 12:31:30,314 [WARN] IP:2250 - Memorytype5 not found: check if there is a RefParameter without a condition.
2025-08-15 12:31:30,314 [WARN] IP:2250 - LL_DeviceAttribute25 not found: check if there is a RefParameter without a condition.
2025-08-15 12:31:30,314 [WARN] IP:2250 - DeviceAttribute5 not found: check if there is a RefParameter without a condition.
2025-08-15 12:31:30,314 [WARN] IP:2250 - Memorytype6 not found: check if there is a RefParameter without a condition.
2025-08-15 12:31:30,314 [WARN] IP:2250 - LL_DeviceAttribute26 not found: check if there is a RefParameter without a condition.
2025-08-15 12:31:30,314 [WARN] IP:2250 - DeviceAttribute6 not found: check if there is a RefParameter without a condition.
2025-08-15 12:31:30,314 [WARN] IP:2250 - Memorytype7 not found: check if there is a RefParameter without a condition.
2025-08-15 12:31:30,314 [WARN] IP:2250 - LL_DeviceAttribute27 not found: check if there is a RefParameter without a condition.
2025-08-15 12:31:30,314 [WARN] IP:2250 - DeviceAttribute7 not found: check if there is a RefParameter without a condition.
2025-08-15 12:31:30,355 [WARN] IP:2250 - DeviceAttribute0 not found: check if there is a RefParameter without a condition.
2025-08-15 12:31:30,356 [WARN] IP:2250 - Memorytype1 not found: check if there is a RefParameter without a condition.
2025-08-15 12:31:30,356 [WARN] IP:2250 - DeviceAttribute1 not found: check if there is a RefParameter without a condition.
2025-08-15 12:31:30,356 [WARN] IP:2250 - LL_DeviceAttribute21 not found: check if there is a RefParameter without a condition.
2025-08-15 12:31:30,356 [WARN] IP:2250 - Memorytype2 not found: check if there is a RefParameter without a condition.
2025-08-15 12:31:30,356 [WARN] IP:2250 - DeviceAttribute2 not found: check if there is a RefParameter without a condition.
2025-08-15 12:31:30,356 [WARN] IP:2250 - LL_DeviceAttribute22 not found: check if there is a RefParameter without a condition.
2025-08-15 12:31:30,356 [WARN] IP:2250 - Memorytype3 not found: check if there is a RefParameter without a condition.
2025-08-15 12:31:30,356 [WARN] IP:2250 - DeviceAttribute3 not found: check if there is a RefParameter without a condition.
2025-08-15 12:31:30,356 [WARN] IP:2250 - LL_DeviceAttribute23 not found: check if there is a RefParameter without a condition.
2025-08-15 12:31:30,356 [WARN] IP:2250 - Memorytype4 not found: check if there is a RefParameter without a condition.
2025-08-15 12:31:30,356 [WARN] IP:2250 - DeviceAttribute4 not found: check if there is a RefParameter without a condition.
2025-08-15 12:31:30,356 [WARN] IP:2250 - LL_DeviceAttribute24 not found: check if there is a RefParameter without a condition.
2025-08-15 12:31:30,356 [WARN] IP:2250 - Memorytype5 not found: check if there is a RefParameter without a condition.
2025-08-15 12:31:30,356 [WARN] IP:2250 - DeviceAttribute5 not found: check if there is a RefParameter without a condition.
2025-08-15 12:31:30,356 [WARN] IP:2250 - LL_DeviceAttribute25 not found: check if there is a RefParameter without a condition.
2025-08-15 12:31:30,356 [WARN] IP:2250 - Memorytype6 not found: check if there is a RefParameter without a condition.
2025-08-15 12:31:30,356 [WARN] IP:2250 - DeviceAttribute6 not found: check if there is a RefParameter without a condition.
2025-08-15 12:31:30,356 [WARN] IP:2250 - LL_DeviceAttribute26 not found: check if there is a RefParameter without a condition.
2025-08-15 12:31:30,356 [WARN] IP:2250 - Memorytype7 not found: check if there is a RefParameter without a condition.
2025-08-15 12:31:30,356 [WARN] IP:2250 - DeviceAttribute7 not found: check if there is a RefParameter without a condition.
2025-08-15 12:31:30,356 [WARN] IP:2250 - LL_DeviceAttribute27 not found: check if there is a RefParameter without a condition.
2025-08-15 12:31:30,463 [INFO] NvicIntPanel:101 - NVIC parent = com.st.microxplorer.plugins.ip.nvic.MultiNvicIntPanel[,0,0,0x0,invalid,layout=javax.swing.BoxLayout,alignmentX=0.0,alignmentY=0.0,border=,flags=9,maximumSize=,minimumSize=,preferredSize=]
2025-08-15 12:31:30,514 [WARN] IP:2250 - RefParam_LRUN_SRC_memory not found: check if there is a RefParameter without a condition.
2025-08-15 12:31:30,514 [WARN] IP:2250 - RefParam_LRUN_SRC_offset not found: check if there is a RefParameter without a condition.
2025-08-15 12:31:30,514 [WARN] IP:2250 - RefParam_LRUN_SRC_size not found: check if there is a RefParameter without a condition.
2025-08-15 12:31:30,514 [WARN] IP:2250 - RefParam_LRUN_DEST_memory not found: check if there is a RefParameter without a condition.
2025-08-15 12:31:30,514 [WARN] IP:2250 - RefParam_LRUN_DEST_offset not found: check if there is a RefParameter without a condition.
2025-08-15 12:31:30,514 [WARN] IP:2250 - RefParam_MEMORY_1_Size not found: check if there is a RefParameter without a condition.
2025-08-15 12:31:30,514 [WARN] IP:2250 - RefParam_MEMORY_1_FreqMax not found: check if there is a RefParameter without a condition.
2025-08-15 12:31:30,514 [WARN] IP:2250 - RefParam_MEMORY_1_ReadReg not found: check if there is a RefParameter without a condition.
2025-08-15 12:31:30,514 [WARN] IP:2250 - RefParam_MEMORY_1_WriteReg not found: check if there is a RefParameter without a condition.
2025-08-15 12:31:30,514 [WARN] IP:2250 - RefParam_MEMORY_1_RegSize not found: check if there is a RefParameter without a condition.
2025-08-15 12:31:30,514 [WARN] IP:2250 - RefParam_MEMORY_1_RegDummyCycle not found: check if there is a RefParameter without a condition.
2025-08-15 12:31:30,514 [WARN] IP:2250 - RefParam_MEMORY_1_WriteCommand not found: check if there is a RefParameter without a condition.
2025-08-15 12:31:30,514 [WARN] IP:2250 - RefParam_MEMORY_1_WriteDummyCycle not found: check if there is a RefParameter without a condition.
2025-08-15 12:31:30,514 [WARN] IP:2250 - RefParam_MEMORY_1_ReadCommand not found: check if there is a RefParameter without a condition.
2025-08-15 12:31:30,514 [WARN] IP:2250 - RefParam_MEMORY_1_WrapReadCommand not found: check if there is a RefParameter without a condition.
2025-08-15 12:31:30,514 [WARN] IP:2250 - RefParam_MEMORY_1_ReadDummyCycle not found: check if there is a RefParameter without a condition.
2025-08-15 12:31:30,514 [WARN] IP:2250 - RefParam_MEMORY_1_NumberOfConfig not found: check if there is a RefParameter without a condition.
2025-08-15 12:31:30,514 [WARN] IP:2250 - RefParam_MEMORY_1_Config1_WriteMask not found: check if there is a RefParameter without a condition.
2025-08-15 12:31:30,514 [WARN] IP:2250 - RefParam_MEMORY_1_Config1_WriteValue not found: check if there is a RefParameter without a condition.
2025-08-15 12:31:30,514 [WARN] IP:2250 - RefParam_MEMORY_1_Config1_RegAddress not found: check if there is a RefParameter without a condition.
2025-08-15 12:31:30,514 [WARN] IP:2250 - RefParam_MEMORY_1_Config2_WriteMask not found: check if there is a RefParameter without a condition.
2025-08-15 12:31:30,514 [WARN] IP:2250 - RefParam_MEMORY_1_Config2_WriteValue not found: check if there is a RefParameter without a condition.
2025-08-15 12:31:30,514 [WARN] IP:2250 - RefParam_MEMORY_1_Config2_RegAddress not found: check if there is a RefParameter without a condition.
2025-08-15 12:31:30,514 [WARN] IP:2250 - RefParam_MEMORY_1_Config3_WriteMask not found: check if there is a RefParameter without a condition.
2025-08-15 12:31:30,514 [WARN] IP:2250 - RefParam_MEMORY_1_Config3_WriteValue not found: check if there is a RefParameter without a condition.
2025-08-15 12:31:30,514 [WARN] IP:2250 - RefParam_MEMORY_1_Config3_RegAddress not found: check if there is a RefParameter without a condition.
2025-08-15 12:31:30,514 [WARN] IP:2250 - RefParam_MEMORY_2_Instance not found: check if there is a RefParameter without a condition.
2025-08-15 12:31:30,514 [WARN] IP:2250 - RefParam_MEMORY_2_ConfigType not found: check if there is a RefParameter without a condition.
2025-08-15 12:31:30,514 [WARN] IP:2250 - RefParam_MEMORY_2_Size not found: check if there is a RefParameter without a condition.
2025-08-15 12:31:30,514 [WARN] IP:2250 - RefParam_MEMORY_2_FreqMax not found: check if there is a RefParameter without a condition.
2025-08-15 12:31:30,514 [WARN] IP:2250 - RefParam_MEMORY_2_ReadReg not found: check if there is a RefParameter without a condition.
2025-08-15 12:31:30,514 [WARN] IP:2250 - RefParam_MEMORY_2_WriteReg not found: check if there is a RefParameter without a condition.
2025-08-15 12:31:30,514 [WARN] IP:2250 - RefParam_MEMORY_2_RegSize not found: check if there is a RefParameter without a condition.
2025-08-15 12:31:30,514 [WARN] IP:2250 - RefParam_MEMORY_2_RegDummyCycle not found: check if there is a RefParameter without a condition.
2025-08-15 12:31:30,514 [WARN] IP:2250 - RefParam_MEMORY_2_WriteCommand not found: check if there is a RefParameter without a condition.
2025-08-15 12:31:30,514 [WARN] IP:2250 - RefParam_MEMORY_2_WriteDummyCycle not found: check if there is a RefParameter without a condition.
2025-08-15 12:31:30,514 [WARN] IP:2250 - RefParam_MEMORY_2_ReadCommand not found: check if there is a RefParameter without a condition.
2025-08-15 12:31:30,514 [WARN] IP:2250 - RefParam_MEMORY_2_WrapReadCommand not found: check if there is a RefParameter without a condition.
2025-08-15 12:31:30,514 [WARN] IP:2250 - RefParam_MEMORY_2_ReadDummyCycle not found: check if there is a RefParameter without a condition.
2025-08-15 12:31:30,514 [WARN] IP:2250 - RefParam_MEMORY_2_NumberOfConfig not found: check if there is a RefParameter without a condition.
2025-08-15 12:31:30,514 [WARN] IP:2250 - RefParam_MEMORY_2_Config1_WriteMask not found: check if there is a RefParameter without a condition.
2025-08-15 12:31:30,514 [WARN] IP:2250 - RefParam_MEMORY_2_Config1_WriteValue not found: check if there is a RefParameter without a condition.
2025-08-15 12:31:30,514 [WARN] IP:2250 - RefParam_MEMORY_2_Config1_RegAddress not found: check if there is a RefParameter without a condition.
2025-08-15 12:31:30,514 [WARN] IP:2250 - RefParam_MEMORY_2_Config2_WriteMask not found: check if there is a RefParameter without a condition.
2025-08-15 12:31:30,514 [WARN] IP:2250 - RefParam_MEMORY_2_Config2_WriteValue not found: check if there is a RefParameter without a condition.
2025-08-15 12:31:30,514 [WARN] IP:2250 - RefParam_MEMORY_2_Config2_RegAddress not found: check if there is a RefParameter without a condition.
2025-08-15 12:31:30,514 [WARN] IP:2250 - RefParam_MEMORY_2_Config3_WriteMask not found: check if there is a RefParameter without a condition.
2025-08-15 12:31:30,514 [WARN] IP:2250 - RefParam_MEMORY_2_Config3_WriteValue not found: check if there is a RefParameter without a condition.
2025-08-15 12:31:30,514 [WARN] IP:2250 - RefParam_MEMORY_2_Config3_RegAddress not found: check if there is a RefParameter without a condition.
2025-08-15 12:31:30,518 [WARN] IP:2250 - pwrPrivilege not found: check if there is a RefParameter without a condition.
2025-08-15 12:31:30,518 [WARN] IP:2250 - pwrPrivilege not found: check if there is a RefParameter without a condition.
2025-08-15 12:31:30,522 [WARN] IP:2250 - Memorytype0 not found: check if there is a RefParameter without a condition.
2025-08-15 12:31:30,522 [WARN] IP:2250 - LL_DeviceAttribute20 not found: check if there is a RefParameter without a condition.
2025-08-15 12:31:30,522 [WARN] IP:2250 - DeviceAttribute0 not found: check if there is a RefParameter without a condition.
2025-08-15 12:31:30,522 [WARN] IP:2250 - DeviceAttribute20 not found: check if there is a RefParameter without a condition.
2025-08-15 12:31:30,522 [WARN] IP:2250 - DeviceAttribute1 not found: check if there is a RefParameter without a condition.
2025-08-15 12:31:30,522 [WARN] IP:2250 - Memorytype2 not found: check if there is a RefParameter without a condition.
2025-08-15 12:31:30,522 [WARN] IP:2250 - LL_DeviceAttribute22 not found: check if there is a RefParameter without a condition.
2025-08-15 12:31:30,522 [WARN] IP:2250 - DeviceAttribute2 not found: check if there is a RefParameter without a condition.
2025-08-15 12:31:30,522 [WARN] IP:2250 - Memorytype3 not found: check if there is a RefParameter without a condition.
2025-08-15 12:31:30,522 [WARN] IP:2250 - LL_DeviceAttribute23 not found: check if there is a RefParameter without a condition.
2025-08-15 12:31:30,523 [WARN] IP:2250 - DeviceAttribute3 not found: check if there is a RefParameter without a condition.
2025-08-15 12:31:30,523 [WARN] IP:2250 - Memorytype4 not found: check if there is a RefParameter without a condition.
2025-08-15 12:31:30,523 [WARN] IP:2250 - LL_DeviceAttribute24 not found: check if there is a RefParameter without a condition.
2025-08-15 12:31:30,523 [WARN] IP:2250 - DeviceAttribute4 not found: check if there is a RefParameter without a condition.
2025-08-15 12:31:30,523 [WARN] IP:2250 - Memorytype5 not found: check if there is a RefParameter without a condition.
2025-08-15 12:31:30,523 [WARN] IP:2250 - LL_DeviceAttribute25 not found: check if there is a RefParameter without a condition.
2025-08-15 12:31:30,523 [WARN] IP:2250 - DeviceAttribute5 not found: check if there is a RefParameter without a condition.
2025-08-15 12:31:30,523 [WARN] IP:2250 - Memorytype6 not found: check if there is a RefParameter without a condition.
2025-08-15 12:31:30,523 [WARN] IP:2250 - LL_DeviceAttribute26 not found: check if there is a RefParameter without a condition.
2025-08-15 12:31:30,523 [WARN] IP:2250 - DeviceAttribute6 not found: check if there is a RefParameter without a condition.
2025-08-15 12:31:30,523 [WARN] IP:2250 - Memorytype7 not found: check if there is a RefParameter without a condition.
2025-08-15 12:31:30,523 [WARN] IP:2250 - LL_DeviceAttribute27 not found: check if there is a RefParameter without a condition.
2025-08-15 12:31:30,523 [WARN] IP:2250 - DeviceAttribute7 not found: check if there is a RefParameter without a condition.
2025-08-15 12:31:30,566 [WARN] IP:2250 - DeviceAttribute0 not found: check if there is a RefParameter without a condition.
2025-08-15 12:31:30,566 [WARN] IP:2250 - Memorytype1 not found: check if there is a RefParameter without a condition.
2025-08-15 12:31:30,566 [WARN] IP:2250 - DeviceAttribute1 not found: check if there is a RefParameter without a condition.
2025-08-15 12:31:30,566 [WARN] IP:2250 - LL_DeviceAttribute21 not found: check if there is a RefParameter without a condition.
2025-08-15 12:31:30,566 [WARN] IP:2250 - Memorytype2 not found: check if there is a RefParameter without a condition.
2025-08-15 12:31:30,566 [WARN] IP:2250 - DeviceAttribute2 not found: check if there is a RefParameter without a condition.
2025-08-15 12:31:30,566 [WARN] IP:2250 - LL_DeviceAttribute22 not found: check if there is a RefParameter without a condition.
2025-08-15 12:31:30,566 [WARN] IP:2250 - Memorytype3 not found: check if there is a RefParameter without a condition.
2025-08-15 12:31:30,566 [WARN] IP:2250 - DeviceAttribute3 not found: check if there is a RefParameter without a condition.
2025-08-15 12:31:30,566 [WARN] IP:2250 - LL_DeviceAttribute23 not found: check if there is a RefParameter without a condition.
2025-08-15 12:31:30,566 [WARN] IP:2250 - Memorytype4 not found: check if there is a RefParameter without a condition.
2025-08-15 12:31:30,566 [WARN] IP:2250 - DeviceAttribute4 not found: check if there is a RefParameter without a condition.
2025-08-15 12:31:30,566 [WARN] IP:2250 - LL_DeviceAttribute24 not found: check if there is a RefParameter without a condition.
2025-08-15 12:31:30,566 [WARN] IP:2250 - Memorytype5 not found: check if there is a RefParameter without a condition.
2025-08-15 12:31:30,566 [WARN] IP:2250 - DeviceAttribute5 not found: check if there is a RefParameter without a condition.
2025-08-15 12:31:30,566 [WARN] IP:2250 - LL_DeviceAttribute25 not found: check if there is a RefParameter without a condition.
2025-08-15 12:31:30,566 [WARN] IP:2250 - Memorytype6 not found: check if there is a RefParameter without a condition.
2025-08-15 12:31:30,566 [WARN] IP:2250 - DeviceAttribute6 not found: check if there is a RefParameter without a condition.
2025-08-15 12:31:30,566 [WARN] IP:2250 - LL_DeviceAttribute26 not found: check if there is a RefParameter without a condition.
2025-08-15 12:31:30,566 [WARN] IP:2250 - Memorytype7 not found: check if there is a RefParameter without a condition.
2025-08-15 12:31:30,566 [WARN] IP:2250 - DeviceAttribute7 not found: check if there is a RefParameter without a condition.
2025-08-15 12:31:30,566 [WARN] IP:2250 - LL_DeviceAttribute27 not found: check if there is a RefParameter without a condition.
2025-08-15 12:31:30,674 [INFO] NvicIntPanel:101 - NVIC parent = com.st.microxplorer.plugins.ip.nvic.MultiNvicIntPanel[,0,0,0x0,invalid,layout=javax.swing.BoxLayout,alignmentX=0.0,alignmentY=0.0,border=,flags=9,maximumSize=,minimumSize=,preferredSize=]
2025-08-15 12:36:39,570 [INFO] NvicIntPanel:101 - NVIC parent = com.st.microxplorer.plugins.ip.nvic.MultiNvicIntPanel[,0,0,0x0,invalid,layout=javax.swing.BoxLayout,alignmentX=0.0,alignmentY=0.0,border=,flags=9,maximumSize=,minimumSize=,preferredSize=]
2025-08-15 12:37:07,357 [INFO] NvicIntPanel:101 - NVIC parent = com.st.microxplorer.plugins.ip.nvic.MultiNvicIntPanel[,0,0,0x0,invalid,layout=javax.swing.BoxLayout,alignmentX=0.0,alignmentY=0.0,border=,flags=9,maximumSize=,minimumSize=,preferredSize=]
2025-08-15 12:37:15,653 [INFO] NvicIntPanel:101 - NVIC parent = com.st.microxplorer.plugins.ip.nvic.MultiNvicIntPanel[,0,0,0x0,invalid,layout=javax.swing.BoxLayout,alignmentX=0.0,alignmentY=0.0,border=,flags=9,maximumSize=,minimumSize=,preferredSize=]
2025-08-15 12:37:28,344 [INFO] NvicIntPanel:101 - NVIC parent = com.st.microxplorer.plugins.ip.nvic.MultiNvicIntPanel[,0,0,0x0,invalid,layout=javax.swing.BoxLayout,alignmentX=0.0,alignmentY=0.0,border=,flags=9,maximumSize=,minimumSize=,preferredSize=]
2025-08-15 12:40:14,637 [INFO] UtilMem:75 - End SaveConfig() Used Memory: 1032745808 Bytes (1073741824)
2025-08-15 12:40:16,089 [INFO] UtilMem:75 - End SaveConfig() Used Memory: 887174744 Bytes (1073741824)
2025-08-15 12:40:18,921 [INFO] UtilMem:75 - End SaveConfig() Used Memory: 831219152 Bytes (1073741824)
2025-08-15 12:40:19,783 [WARN] IP:2250 - pwrPrivilege not found: check if there is a RefParameter without a condition.
2025-08-15 12:40:20,015 [INFO] BlockDiagram:2775 - set Specific Code input for plugin: EXTMEM_MANAGER
2025-08-15 12:40:20,015 [INFO] BlockDiagram:2775 - set Specific Code input for plugin: PWR
2025-08-15 12:40:20,015 [INFO] BlockDiagram:2775 - set Specific Code input for plugin: CORTEX_M55_S
2025-08-15 12:40:20,015 [INFO] BlockDiagram:2775 - set Specific Code input for plugin: RCC
2025-08-15 12:40:20,015 [INFO] BlockDiagram:2775 - set Specific Code input for plugin: CORTEX_M55_FSBL
2025-08-15 12:40:20,015 [INFO] BlockDiagram:2775 - set Specific Code input for plugin: XSPIM
2025-08-15 12:40:20,015 [INFO] BlockDiagram:2775 - set Specific Code input for plugin: STMicroelectronics.X-CUBE-AI.10.2.0
2025-08-15 12:40:20,015 [INFO] BlockDiagram:2775 - set Specific Code input for plugin: XSPI
2025-08-15 12:40:20,015 [INFO] BlockDiagram:2775 - set Specific Code input for plugin: TIM1_8N6
2025-08-15 12:40:20,015 [INFO] BlockDiagram:2775 - set Specific Code input for plugin: CACHEAXI
2025-08-15 12:40:20,015 [INFO] BlockDiagram:2775 - set Specific Code input for plugin: LPUART
2025-08-15 12:40:20,015 [INFO] BlockDiagram:2775 - set Specific Code input for plugin: NVIC
2025-08-15 12:40:20,016 [INFO] BlockDiagram:2775 - set Specific Code input for plugin: HDP
2025-08-15 12:40:20,016 [INFO] BlockDiagram:2775 - set Specific Code input for plugin: ICACHE
2025-08-15 12:40:20,016 [INFO] BlockDiagram:2775 - set Specific Code input for plugin: DEBUG
2025-08-15 12:40:20,016 [INFO] BlockDiagram:2775 - set Specific Code input for plugin: GPIO
2025-08-15 12:40:20,016 [INFO] BlockDiagram:2775 - set Specific Code input for plugin: RIF
2025-08-15 12:40:20,016 [INFO] BlockDiagram:2775 - set Specific Code input for plugin: NVIC1
2025-08-15 12:40:20,018 [INFO] CodeGenerator:892 - code generatio: config db path: C:\ST\STM32CubeIDE_1.19.0\STM32CubeIDE\plugins\com.st.stm32cube.common.mx_6.15.0.202507011659\\db\
2025-08-15 12:40:20,023 [WARN] IP:2250 - DeviceAttribute0 not found: check if there is a RefParameter without a condition.
2025-08-15 12:40:20,024 [WARN] IP:2250 - Memorytype1 not found: check if there is a RefParameter without a condition.
2025-08-15 12:40:20,024 [WARN] IP:2250 - DeviceAttribute1 not found: check if there is a RefParameter without a condition.
2025-08-15 12:40:20,024 [WARN] IP:2250 - LL_DeviceAttribute21 not found: check if there is a RefParameter without a condition.
2025-08-15 12:40:20,024 [WARN] IP:2250 - Memorytype2 not found: check if there is a RefParameter without a condition.
2025-08-15 12:40:20,024 [WARN] IP:2250 - DeviceAttribute2 not found: check if there is a RefParameter without a condition.
2025-08-15 12:40:20,024 [WARN] IP:2250 - LL_DeviceAttribute22 not found: check if there is a RefParameter without a condition.
2025-08-15 12:40:20,024 [WARN] IP:2250 - Memorytype3 not found: check if there is a RefParameter without a condition.
2025-08-15 12:40:20,024 [WARN] IP:2250 - DeviceAttribute3 not found: check if there is a RefParameter without a condition.
2025-08-15 12:40:20,024 [WARN] IP:2250 - LL_DeviceAttribute23 not found: check if there is a RefParameter without a condition.
2025-08-15 12:40:20,024 [WARN] IP:2250 - Memorytype4 not found: check if there is a RefParameter without a condition.
2025-08-15 12:40:20,024 [WARN] IP:2250 - DeviceAttribute4 not found: check if there is a RefParameter without a condition.
2025-08-15 12:40:20,024 [WARN] IP:2250 - LL_DeviceAttribute24 not found: check if there is a RefParameter without a condition.
2025-08-15 12:40:20,024 [WARN] IP:2250 - Memorytype5 not found: check if there is a RefParameter without a condition.
2025-08-15 12:40:20,024 [WARN] IP:2250 - DeviceAttribute5 not found: check if there is a RefParameter without a condition.
2025-08-15 12:40:20,024 [WARN] IP:2250 - LL_DeviceAttribute25 not found: check if there is a RefParameter without a condition.
2025-08-15 12:40:20,024 [WARN] IP:2250 - Memorytype6 not found: check if there is a RefParameter without a condition.
2025-08-15 12:40:20,024 [WARN] IP:2250 - DeviceAttribute6 not found: check if there is a RefParameter without a condition.
2025-08-15 12:40:20,024 [WARN] IP:2250 - LL_DeviceAttribute26 not found: check if there is a RefParameter without a condition.
2025-08-15 12:40:20,024 [WARN] IP:2250 - Memorytype7 not found: check if there is a RefParameter without a condition.
2025-08-15 12:40:20,024 [WARN] IP:2250 - DeviceAttribute7 not found: check if there is a RefParameter without a condition.
2025-08-15 12:40:20,024 [WARN] IP:2250 - LL_DeviceAttribute27 not found: check if there is a RefParameter without a condition.
2025-08-15 12:40:20,029 [WARN] IP:2250 - Memorytype0 not found: check if there is a RefParameter without a condition.
2025-08-15 12:40:20,029 [WARN] IP:2250 - LL_DeviceAttribute20 not found: check if there is a RefParameter without a condition.
2025-08-15 12:40:20,029 [WARN] IP:2250 - DeviceAttribute0 not found: check if there is a RefParameter without a condition.
2025-08-15 12:40:20,029 [WARN] IP:2250 - DeviceAttribute20 not found: check if there is a RefParameter without a condition.
2025-08-15 12:40:20,029 [WARN] IP:2250 - DeviceAttribute1 not found: check if there is a RefParameter without a condition.
2025-08-15 12:40:20,029 [WARN] IP:2250 - Memorytype2 not found: check if there is a RefParameter without a condition.
2025-08-15 12:40:20,029 [WARN] IP:2250 - LL_DeviceAttribute22 not found: check if there is a RefParameter without a condition.
2025-08-15 12:40:20,029 [WARN] IP:2250 - DeviceAttribute2 not found: check if there is a RefParameter without a condition.
2025-08-15 12:40:20,029 [WARN] IP:2250 - Memorytype3 not found: check if there is a RefParameter without a condition.
2025-08-15 12:40:20,029 [WARN] IP:2250 - LL_DeviceAttribute23 not found: check if there is a RefParameter without a condition.
2025-08-15 12:40:20,029 [WARN] IP:2250 - DeviceAttribute3 not found: check if there is a RefParameter without a condition.
2025-08-15 12:40:20,030 [WARN] IP:2250 - Memorytype4 not found: check if there is a RefParameter without a condition.
2025-08-15 12:40:20,030 [WARN] IP:2250 - LL_DeviceAttribute24 not found: check if there is a RefParameter without a condition.
2025-08-15 12:40:20,030 [WARN] IP:2250 - DeviceAttribute4 not found: check if there is a RefParameter without a condition.
2025-08-15 12:40:20,030 [WARN] IP:2250 - Memorytype5 not found: check if there is a RefParameter without a condition.
2025-08-15 12:40:20,030 [WARN] IP:2250 - LL_DeviceAttribute25 not found: check if there is a RefParameter without a condition.
2025-08-15 12:40:20,030 [WARN] IP:2250 - DeviceAttribute5 not found: check if there is a RefParameter without a condition.
2025-08-15 12:40:20,030 [WARN] IP:2250 - Memorytype6 not found: check if there is a RefParameter without a condition.
2025-08-15 12:40:20,030 [WARN] IP:2250 - LL_DeviceAttribute26 not found: check if there is a RefParameter without a condition.
2025-08-15 12:40:20,030 [WARN] IP:2250 - DeviceAttribute6 not found: check if there is a RefParameter without a condition.
2025-08-15 12:40:20,030 [WARN] IP:2250 - Memorytype7 not found: check if there is a RefParameter without a condition.
2025-08-15 12:40:20,030 [WARN] IP:2250 - LL_DeviceAttribute27 not found: check if there is a RefParameter without a condition.
2025-08-15 12:40:20,030 [WARN] IP:2250 - DeviceAttribute7 not found: check if there is a RefParameter without a condition.
2025-08-15 12:40:20,037 [WARN] IP:2250 - RefParam_LRUN_SRC_memory not found: check if there is a RefParameter without a condition.
2025-08-15 12:40:20,038 [WARN] IP:2250 - RefParam_LRUN_SRC_offset not found: check if there is a RefParameter without a condition.
2025-08-15 12:40:20,038 [WARN] IP:2250 - RefParam_LRUN_SRC_size not found: check if there is a RefParameter without a condition.
2025-08-15 12:40:20,038 [WARN] IP:2250 - RefParam_LRUN_DEST_memory not found: check if there is a RefParameter without a condition.
2025-08-15 12:40:20,038 [WARN] IP:2250 - RefParam_LRUN_DEST_offset not found: check if there is a RefParameter without a condition.
2025-08-15 12:40:20,038 [WARN] IP:2250 - RefParam_MEMORY_1_Size not found: check if there is a RefParameter without a condition.
2025-08-15 12:40:20,038 [WARN] IP:2250 - RefParam_MEMORY_1_FreqMax not found: check if there is a RefParameter without a condition.
2025-08-15 12:40:20,038 [WARN] IP:2250 - RefParam_MEMORY_1_ReadReg not found: check if there is a RefParameter without a condition.
2025-08-15 12:40:20,038 [WARN] IP:2250 - RefParam_MEMORY_1_WriteReg not found: check if there is a RefParameter without a condition.
2025-08-15 12:40:20,038 [WARN] IP:2250 - RefParam_MEMORY_1_RegSize not found: check if there is a RefParameter without a condition.
2025-08-15 12:40:20,038 [WARN] IP:2250 - RefParam_MEMORY_1_RegDummyCycle not found: check if there is a RefParameter without a condition.
2025-08-15 12:40:20,038 [WARN] IP:2250 - RefParam_MEMORY_1_WriteCommand not found: check if there is a RefParameter without a condition.
2025-08-15 12:40:20,038 [WARN] IP:2250 - RefParam_MEMORY_1_WriteDummyCycle not found: check if there is a RefParameter without a condition.
2025-08-15 12:40:20,038 [WARN] IP:2250 - RefParam_MEMORY_1_ReadCommand not found: check if there is a RefParameter without a condition.
2025-08-15 12:40:20,038 [WARN] IP:2250 - RefParam_MEMORY_1_WrapReadCommand not found: check if there is a RefParameter without a condition.
2025-08-15 12:40:20,038 [WARN] IP:2250 - RefParam_MEMORY_1_ReadDummyCycle not found: check if there is a RefParameter without a condition.
2025-08-15 12:40:20,038 [WARN] IP:2250 - RefParam_MEMORY_1_NumberOfConfig not found: check if there is a RefParameter without a condition.
2025-08-15 12:40:20,038 [WARN] IP:2250 - RefParam_MEMORY_1_Config1_WriteMask not found: check if there is a RefParameter without a condition.
2025-08-15 12:40:20,038 [WARN] IP:2250 - RefParam_MEMORY_1_Config1_WriteValue not found: check if there is a RefParameter without a condition.
2025-08-15 12:40:20,038 [WARN] IP:2250 - RefParam_MEMORY_1_Config1_RegAddress not found: check if there is a RefParameter without a condition.
2025-08-15 12:40:20,038 [WARN] IP:2250 - RefParam_MEMORY_1_Config2_WriteMask not found: check if there is a RefParameter without a condition.
2025-08-15 12:40:20,038 [WARN] IP:2250 - RefParam_MEMORY_1_Config2_WriteValue not found: check if there is a RefParameter without a condition.
2025-08-15 12:40:20,038 [WARN] IP:2250 - RefParam_MEMORY_1_Config2_RegAddress not found: check if there is a RefParameter without a condition.
2025-08-15 12:40:20,038 [WARN] IP:2250 - RefParam_MEMORY_1_Config3_WriteMask not found: check if there is a RefParameter without a condition.
2025-08-15 12:40:20,038 [WARN] IP:2250 - RefParam_MEMORY_1_Config3_WriteValue not found: check if there is a RefParameter without a condition.
2025-08-15 12:40:20,038 [WARN] IP:2250 - RefParam_MEMORY_1_Config3_RegAddress not found: check if there is a RefParameter without a condition.
2025-08-15 12:40:20,039 [WARN] IP:2250 - RefParam_MEMORY_2_Instance not found: check if there is a RefParameter without a condition.
2025-08-15 12:40:20,039 [WARN] IP:2250 - RefParam_MEMORY_2_ConfigType not found: check if there is a RefParameter without a condition.
2025-08-15 12:40:20,039 [WARN] IP:2250 - RefParam_MEMORY_2_Size not found: check if there is a RefParameter without a condition.
2025-08-15 12:40:20,039 [WARN] IP:2250 - RefParam_MEMORY_2_FreqMax not found: check if there is a RefParameter without a condition.
2025-08-15 12:40:20,039 [WARN] IP:2250 - RefParam_MEMORY_2_ReadReg not found: check if there is a RefParameter without a condition.
2025-08-15 12:40:20,039 [WARN] IP:2250 - RefParam_MEMORY_2_WriteReg not found: check if there is a RefParameter without a condition.
2025-08-15 12:40:20,039 [WARN] IP:2250 - RefParam_MEMORY_2_RegSize not found: check if there is a RefParameter without a condition.
2025-08-15 12:40:20,039 [WARN] IP:2250 - RefParam_MEMORY_2_RegDummyCycle not found: check if there is a RefParameter without a condition.
2025-08-15 12:40:20,039 [WARN] IP:2250 - RefParam_MEMORY_2_WriteCommand not found: check if there is a RefParameter without a condition.
2025-08-15 12:40:20,039 [WARN] IP:2250 - RefParam_MEMORY_2_WriteDummyCycle not found: check if there is a RefParameter without a condition.
2025-08-15 12:40:20,039 [WARN] IP:2250 - RefParam_MEMORY_2_ReadCommand not found: check if there is a RefParameter without a condition.
2025-08-15 12:40:20,039 [WARN] IP:2250 - RefParam_MEMORY_2_WrapReadCommand not found: check if there is a RefParameter without a condition.
2025-08-15 12:40:20,039 [WARN] IP:2250 - RefParam_MEMORY_2_ReadDummyCycle not found: check if there is a RefParameter without a condition.
2025-08-15 12:40:20,039 [WARN] IP:2250 - RefParam_MEMORY_2_NumberOfConfig not found: check if there is a RefParameter without a condition.
2025-08-15 12:40:20,039 [WARN] IP:2250 - RefParam_MEMORY_2_Config1_WriteMask not found: check if there is a RefParameter without a condition.
2025-08-15 12:40:20,039 [WARN] IP:2250 - RefParam_MEMORY_2_Config1_WriteValue not found: check if there is a RefParameter without a condition.
2025-08-15 12:40:20,039 [WARN] IP:2250 - RefParam_MEMORY_2_Config1_RegAddress not found: check if there is a RefParameter without a condition.
2025-08-15 12:40:20,039 [WARN] IP:2250 - RefParam_MEMORY_2_Config2_WriteMask not found: check if there is a RefParameter without a condition.
2025-08-15 12:40:20,039 [WARN] IP:2250 - RefParam_MEMORY_2_Config2_WriteValue not found: check if there is a RefParameter without a condition.
2025-08-15 12:40:20,039 [WARN] IP:2250 - RefParam_MEMORY_2_Config2_RegAddress not found: check if there is a RefParameter without a condition.
2025-08-15 12:40:20,039 [WARN] IP:2250 - RefParam_MEMORY_2_Config3_WriteMask not found: check if there is a RefParameter without a condition.
2025-08-15 12:40:20,039 [WARN] IP:2250 - RefParam_MEMORY_2_Config3_WriteValue not found: check if there is a RefParameter without a condition.
2025-08-15 12:40:20,039 [WARN] IP:2250 - RefParam_MEMORY_2_Config3_RegAddress not found: check if there is a RefParameter without a condition.
2025-08-15 12:40:20,054 [WARN] IP:2250 - pwrPrivilege not found: check if there is a RefParameter without a condition.
2025-08-15 12:40:20,157 [INFO] Middleware:1452 - No code input for Bsp Dependency
2025-08-15 12:40:20,158 [INFO] Middleware:1452 - No code input for Bsp Dependency
2025-08-15 12:40:20,159 [INFO] Middleware:1452 - No code input for Bsp Dependency
2025-08-15 12:40:20,160 [INFO] Middleware:1452 - No code input for Bsp Dependency
2025-08-15 12:40:20,161 [INFO] Middleware:1452 - No code input for Bsp Dependency
2025-08-15 12:40:20,162 [INFO] Middleware:1452 - No code input for Bsp Dependency
2025-08-15 12:40:20,163 [INFO] Middleware:1452 - No code input for Bsp Dependency
2025-08-15 12:40:20,163 [INFO] CodeGenerator:1619 - *******************Project context FSBL selected
2025-08-15 12:40:20,223 [INFO] CodeEngine:265 - oldGeneratedFile, C:\ST\AB_LSTM\AB_LSTM\MXTmpFiles\license.tmp_save
2025-08-15 12:40:20,537 [INFO] CodeEngine:289 - Generated code: C:\ST\AB_LSTM\AB_LSTM\MXTmpFiles\license.tmp
2025-08-15 12:40:20,594 [INFO] CodeEngine:265 - oldGeneratedFile, C:\ST\AB_LSTM\AB_LSTM\FSBL\MXTmpFiles\gpio.tmp_save
2025-08-15 12:40:20,775 [INFO] CodeEngine:289 - Generated code: C:\ST\AB_LSTM\AB_LSTM\FSBL\MXTmpFiles\gpio.tmp
2025-08-15 12:40:20,826 [WARN] IPConfigManager:103 - WARNING: Missing Config File for DEBUG ip!!
2025-08-15 12:40:20,901 [WARN] IPConfigManager:103 - WARNING: Missing Config File for HDP ip!!
2025-08-15 12:40:21,103 [WARN] IPConfigManager:103 - WARNING: Missing Config File for XSPIM ip!!
2025-08-15 12:40:21,161 [INFO] Middleware:1452 - No code input for Bsp Dependency
2025-08-15 12:40:21,175 [INFO] CodeEngine:265 - oldGeneratedFile, C:\ST\AB_LSTM\AB_LSTM\FSBL\MXTmpFiles\boot_code.tmp_save
2025-08-15 12:40:21,299 [INFO] CodeEngine:289 - Generated code: C:\ST\AB_LSTM\AB_LSTM\FSBL\MXTmpFiles\boot_code.tmp
2025-08-15 12:40:21,324 [INFO] CodeEngine:265 - oldGeneratedFile, C:\ST\AB_LSTM\AB_LSTM\FSBL\MXTmpFiles\cortex.tmp_save
2025-08-15 12:40:21,462 [INFO] CodeEngine:289 - Generated code: C:\ST\AB_LSTM\AB_LSTM\FSBL\MXTmpFiles\cortex.tmp
2025-08-15 12:40:21,474 [INFO] Middleware:1452 - No code input for Bsp Dependency
2025-08-15 12:40:21,483 [INFO] CodeEngine:265 - oldGeneratedFile, C:\ST\AB_LSTM\AB_LSTM\FSBL\Core\Inc\extmem_manager.h_save
2025-08-15 12:40:21,599 [INFO] CodeEngine:289 - Generated code: C:\ST\AB_LSTM\AB_LSTM\FSBL\Core\Inc\extmem_manager.h
2025-08-15 12:40:21,607 [INFO] CodeEngine:265 - oldGeneratedFile, C:\ST\AB_LSTM\AB_LSTM\FSBL\Core\Src\extmem_manager.c_save
2025-08-15 12:40:21,723 [INFO] CodeEngine:289 - Generated code: C:\ST\AB_LSTM\AB_LSTM\FSBL\Core\Src\extmem_manager.c
2025-08-15 12:40:21,730 [INFO] CodeEngine:265 - oldGeneratedFile, C:\ST\AB_LSTM\AB_LSTM\FSBL\Core\Inc\stm32_extmem_conf.h_save
2025-08-15 12:40:21,849 [INFO] CodeEngine:289 - Generated code: C:\ST\AB_LSTM\AB_LSTM\FSBL\Core\Inc\stm32_extmem_conf.h
2025-08-15 12:40:21,857 [INFO] CodeEngine:265 - oldGeneratedFile, C:\ST\AB_LSTM\AB_LSTM\FSBL\MXTmpFiles\boot_code.tmp_save
2025-08-15 12:40:21,902 [INFO] CodeEngine:289 - Generated code: C:\ST\AB_LSTM\AB_LSTM\FSBL\MXTmpFiles\boot_code.tmp
2025-08-15 12:40:21,938 [INFO] CodeEngine:265 - oldGeneratedFile, C:\ST\AB_LSTM\AB_LSTM\FSBL\Core\Src\stm32n6xx_it.c_save
2025-08-15 12:40:22,144 [INFO] CodeEngine:289 - Generated code: C:\ST\AB_LSTM\AB_LSTM\FSBL\Core\Src\stm32n6xx_it.c
2025-08-15 12:40:22,152 [INFO] CodeEngine:265 - oldGeneratedFile, C:\ST\AB_LSTM\AB_LSTM\FSBL\Core\Inc\stm32n6xx_it.h_save
2025-08-15 12:40:22,243 [INFO] CodeEngine:289 - Generated code: C:\ST\AB_LSTM\AB_LSTM\FSBL\Core\Inc\stm32n6xx_it.h
2025-08-15 12:40:22,338 [INFO] CodeEngine:265 - oldGeneratedFile, C:\ST\AB_LSTM\AB_LSTM\FSBL\Core\Src\stm32n6xx_hal_msp.c_save
2025-08-15 12:40:22,490 [INFO] CodeEngine:289 - Generated code: C:\ST\AB_LSTM\AB_LSTM\FSBL\Core\Src\stm32n6xx_hal_msp.c
2025-08-15 12:40:22,495 [INFO] CodeEngine:265 - oldGeneratedFile, C:\ST\AB_LSTM\AB_LSTM\FSBL\MXTmpFiles\system.tmp_save
2025-08-15 12:40:22,552 [INFO] CodeEngine:289 - Generated code: C:\ST\AB_LSTM\AB_LSTM\FSBL\MXTmpFiles\system.tmp
2025-08-15 12:40:22,577 [INFO] CodeEngine:321 - oldGeneratedFile, C:\ST\AB_LSTM\AB_LSTM\FSBL\Core\Inc\stm32n6xx_hal_conf.h_save
2025-08-15 12:40:22,715 [INFO] CodeEngine:345 - Generated code: C:\ST\AB_LSTM\AB_LSTM\FSBL\Core\Inc\stm32n6xx_hal_conf.h
2025-08-15 12:40:22,737 [WARN] IPConfigManager:3238 - Warning: the RefConfig RCC_ConfigVoltageScaling is not available in your config.xml file
2025-08-15 12:40:22,745 [WARN] IPConfigManager:3238 - Warning: the RefConfig RCC_RTC_HSEDIV is not available in your config.xml file
2025-08-15 12:40:22,755 [ERROR] ApiDbMcu:560 - Cannot parse HDP_Config file : file do not exist
2025-08-15 12:40:22,755 [ERROR] ApiDbMcu:560 - Cannot parse XSPIM_Config file : file do not exist
2025-08-15 12:40:22,773 [INFO] CodeEngine:265 - oldGeneratedFile, C:\ST\AB_LSTM\AB_LSTM\FSBL\Core\Inc\main.h_save
2025-08-15 12:40:22,935 [INFO] CodeEngine:289 - Generated code: C:\ST\AB_LSTM\AB_LSTM\FSBL\Core\Inc\main.h
2025-08-15 12:40:22,943 [INFO] CodeEngine:265 - oldGeneratedFile, C:\ST\AB_LSTM\AB_LSTM\FSBL\Core\Src\main.c_save
2025-08-15 12:40:23,123 [INFO] CodeEngine:289 - Generated code: C:\ST\AB_LSTM\AB_LSTM\FSBL\Core\Src\main.c
2025-08-15 12:40:23,165 [INFO] CodeGenerator:1619 - *******************Project context Appli selected
2025-08-15 12:40:23,197 [INFO] IP:3329 - RTE Config file name : RTE_Component
2025-08-15 12:40:23,198 [INFO] IP:3347 - RTE template : RTE_Components.ftl
2025-08-15 12:40:23,211 [INFO] CodeEngine:265 - oldGeneratedFile, C:\ST\AB_LSTM\AB_LSTM\MXTmpFiles\license.tmp_save
2025-08-15 12:40:23,289 [INFO] CodeEngine:289 - Generated code: C:\ST\AB_LSTM\AB_LSTM\MXTmpFiles\license.tmp
2025-08-15 12:40:23,313 [INFO] CodeEngine:265 - oldGeneratedFile, C:\ST\AB_LSTM\AB_LSTM\Appli\MXTmpFiles\gpio.tmp_save
2025-08-15 12:40:23,412 [INFO] CodeEngine:289 - Generated code: C:\ST\AB_LSTM\AB_LSTM\Appli\MXTmpFiles\gpio.tmp
2025-08-15 12:40:23,459 [WARN] IPConfigManager:103 - WARNING: Missing Config File for DEBUG ip!!
2025-08-15 12:40:23,493 [WARN] IPConfigManager:103 - WARNING: Missing Config File for NVIC ip!!
2025-08-15 12:40:23,722 [INFO] Middleware:1452 - No code input for Bsp Dependency
2025-08-15 12:40:23,733 [INFO] CodeEngine:265 - oldGeneratedFile, C:\ST\AB_LSTM\AB_LSTM\Appli\MXTmpFiles\cortex.tmp_save
2025-08-15 12:40:23,822 [INFO] CodeEngine:289 - Generated code: C:\ST\AB_LSTM\AB_LSTM\Appli\MXTmpFiles\cortex.tmp
2025-08-15 12:40:23,835 [INFO] Middleware:1452 - No code input for Bsp Dependency
2025-08-15 12:40:23,862 [INFO] CodeEngine:265 - oldGeneratedFile, C:\ST\AB_LSTM\AB_LSTM\Appli\Core\Src\stm32n6xx_it.c_save
2025-08-15 12:40:23,966 [INFO] CodeEngine:289 - Generated code: C:\ST\AB_LSTM\AB_LSTM\Appli\Core\Src\stm32n6xx_it.c
2025-08-15 12:40:23,974 [INFO] CodeEngine:265 - oldGeneratedFile, C:\ST\AB_LSTM\AB_LSTM\Appli\Core\Inc\stm32n6xx_it.h_save
2025-08-15 12:40:24,019 [INFO] CodeEngine:289 - Generated code: C:\ST\AB_LSTM\AB_LSTM\Appli\Core\Inc\stm32n6xx_it.h
2025-08-15 12:40:24,030 [INFO] CodeEngine:265 - oldGeneratedFile, C:\ST\AB_LSTM\AB_LSTM\Appli\MXTmpFiles\RIFInit.tmp_save
2025-08-15 12:40:24,126 [INFO] CodeEngine:289 - Generated code: C:\ST\AB_LSTM\AB_LSTM\Appli\MXTmpFiles\RIFInit.tmp
2025-08-15 12:40:24,190 [INFO] CodeEngine:265 - oldGeneratedFile, C:\ST\AB_LSTM\AB_LSTM\Appli\Core\Src\stm32n6xx_hal_msp.c_save
2025-08-15 12:40:24,370 [INFO] CodeEngine:289 - Generated code: C:\ST\AB_LSTM\AB_LSTM\Appli\Core\Src\stm32n6xx_hal_msp.c
2025-08-15 12:40:24,378 [INFO] CodeEngine:265 - oldGeneratedFile, C:\ST\AB_LSTM\AB_LSTM\Appli\MXTmpFiles\system.tmp_save
2025-08-15 12:40:24,418 [INFO] CodeEngine:289 - Generated code: C:\ST\AB_LSTM\AB_LSTM\Appli\MXTmpFiles\system.tmp
2025-08-15 12:40:24,432 [INFO] CodeEngine:321 - oldGeneratedFile, C:\ST\AB_LSTM\AB_LSTM\Appli\Core\Inc\stm32n6xx_hal_conf.h_save
2025-08-15 12:40:24,553 [INFO] CodeEngine:345 - Generated code: C:\ST\AB_LSTM\AB_LSTM\Appli\Core\Inc\stm32n6xx_hal_conf.h
2025-08-15 12:40:24,570 [WARN] IPConfigManager:3238 - Warning: the RefConfig RCC_ConfigVoltageScaling is not available in your config.xml file
2025-08-15 12:40:24,572 [WARN] IPConfigManager:3238 - Warning: the RefConfig RCC_RTC_HSEDIV is not available in your config.xml file
2025-08-15 12:40:24,595 [INFO] ApiDbMcu:532 - Load IP Config File for TIM4
2025-08-15 12:40:24,600 [WARN] IPConfigManager:3811 - IP not found : TIM
2025-08-15 12:40:24,601 [WARN] CodeGenerator:4259 - IP not found : null
2025-08-15 12:40:24,609 [INFO] CodeEngine:265 - oldGeneratedFile, C:\ST\AB_LSTM\AB_LSTM\Appli\Core\Inc\main.h_save
2025-08-15 12:40:24,743 [INFO] CodeEngine:289 - Generated code: C:\ST\AB_LSTM\AB_LSTM\Appli\Core\Inc\main.h
2025-08-15 12:40:24,751 [INFO] CodeEngine:265 - oldGeneratedFile, C:\ST\AB_LSTM\AB_LSTM\Appli\Core\Src\main.c_save
2025-08-15 12:40:24,906 [INFO] CodeEngine:289 - Generated code: C:\ST\AB_LSTM\AB_LSTM\Appli\Core\Src\main.c
2025-08-15 12:40:24,918 [INFO] CodeEngine:265 - oldGeneratedFile, C:\ST\AB_LSTM\AB_LSTM\Appli\Core\Src\secure_nsc.c_save
2025-08-15 12:40:25,021 [INFO] CodeEngine:289 - Generated code: C:\ST\AB_LSTM\AB_LSTM\Appli\Core\Src\secure_nsc.c
2025-08-15 12:40:25,028 [INFO] CodeEngine:265 - oldGeneratedFile, C:\ST\AB_LSTM\AB_LSTM\Appli\Core\Inc\partition_stm32n657xx.h_save
2025-08-15 12:40:25,126 [INFO] CodeEngine:289 - Generated code: C:\ST\AB_LSTM\AB_LSTM\Appli\Core\Inc\partition_stm32n657xx.h
2025-08-15 12:40:25,133 [INFO] CodeEngine:265 - oldGeneratedFile, C:\ST\AB_LSTM\AB_LSTM\Secure_nsclib\secure_nsc.h_save
2025-08-15 12:40:25,206 [INFO] CodeEngine:289 - Generated code: C:\ST\AB_LSTM\AB_LSTM\Secure_nsclib\secure_nsc.h
2025-08-15 12:40:25,238 [INFO] CodeGenerator:1707 - *******************Project context ExtMemLoader Not selected
2025-08-15 12:40:26,157 [INFO] AInterface:322 - ModelName:network; files:[C:\Users\ZOJOLDRI\OneDrive - Carl Zeiss AG\Dokumente\Zeiss\SMT\Bachelor\AB Encoder Model\model.h5]; type:Keras; compression:None
2025-08-15 12:40:26,157 [INFO] AInterface:526 - workspaceTempDir: C:/Users/ZOJOLDRI/AppData/Local/Temp/mxAI_workspace1839612827760009747581460460597357
2025-08-15 12:40:26,157 [INFO] AInterface:1176 - Setting Env: C:/Users/ZOJOLDRI/STM32Cube/Repository/Packs/STMicroelectronics/X-CUBE-AI/10.2.0/Utilities/windows
2025-08-15 12:40:26,163 [INFO] STM32CubeIDEBuilder:265 - Looking for gnu-tools-for-stm32 tools/bin/arm-none-eabi-gcc.exe in C:\ST\STM32CubeIDE_1.19.0\STM32CubeIDE
2025-08-15 12:40:26,165 [INFO] STM32CubeIDEBuilder:294 - checking C:\ST\STM32CubeIDE_1.19.0\STM32CubeIDE\plugins\com.st.stm32cube.ide.mcu.externaltools.gnu-tools-for-stm32.13.3.rel1.win32_1.0.0.202411081344\tools\bin\arm-none-eabi-gcc.exe
2025-08-15 12:40:26,165 [INFO] STM32CubeIDEBuilder:297 - ret=C:\ST\STM32CubeIDE_1.19.0\STM32CubeIDE\plugins\com.st.stm32cube.ide.mcu.externaltools.gnu-tools-for-stm32.13.3.rel1.win32_1.0.0.202411081344\tools\bin\arm-none-eabi-gcc.exe
2025-08-15 12:40:26,165 [INFO] STM32CubeIDEBuilder:311 - returning C:\ST\STM32CubeIDE_1.19.0\STM32CubeIDE\plugins\com.st.stm32cube.ide.mcu.externaltools.gnu-tools-for-stm32.13.3.rel1.win32_1.0.0.202411081344\tools\bin\arm-none-eabi-gcc.exe
2025-08-15 12:40:26,166 [INFO] AInterface:1233 - Custom PATH variable: C:/Users/ZOJOLDRI/STM32Cube/Repository/Packs/STMicroelectronics/X-CUBE-AI/10.2.0/Utilities/windows;C:/Users/ZOJOLDRI/STM32Cube/Repository/Packs/STMicroelectronics/X-CUBE-AI/10.2.0/Utilities/windows/mingw64/bin;C:/Users/ZOJOLDRI/STM32Cube/Repository/Packs/STMicroelectronics/X-CUBE-AI/10.2.0/Utilities/windows/mingw64/libexec/gcc/x86_64-w64-mingw32/7.3.0;;C:\ST\STM32CubeIDE_1.19.0\STM32CubeIDE\plugins\com.st.stm32cube.ide.mcu.externaltools.gnu-tools-for-stm32.13.3.rel1.win32_1.0.0.202411081344\tools\bin
2025-08-15 12:40:26,168 [INFO] CmdLine:115 - Command: C:/Users/ZOJOLDRI/STM32Cube/Repository/Packs/STMicroelectronics/X-CUBE-AI/10.2.0/Utilities/windows/stedgeai.exe generate --target stm32n6 --name network -m C:/Users/ZOJOLDRI/OneDrive - Carl Zeiss AG/Dokumente/Zeiss/SMT/Bachelor/AB Encoder Model/model.h5 --compression none --verbosity 1 --workspace C:/Users/ZOJOLDRI/AppData/Local/Temp/mxAI_workspace1839612827760009747581460460597357 --output C:/Users/ZOJOLDRI/.stm32cubemx/network_output
2025-08-15 12:40:26,168 [INFO] AIModelDetailledView:2380 - Analysis status: pending
2025-08-15 12:40:35,532 [INFO] CmdLine:76 - ST Edge AI Core v2.2.0-20266 2adc00962
2025-08-15 12:41:42,397 [INFO] CmdLine:76 - Creating c (debug) info json file C:\Users\ZOJOLDRI\.stm32cubemx\network_output\network_c_info.json
2025-08-15 12:41:42,409 [INFO] CmdLine:76 -  
2025-08-15 12:41:42,409 [INFO] CmdLine:76 -  Exec/report summary (generate)
2025-08-15 12:41:42,409 [INFO] CmdLine:76 -  ---------------------------------------------------------------------------------------------------------------------------
2025-08-15 12:41:42,409 [INFO] CmdLine:76 -  model file         :   C:\Users\ZOJOLDRI\OneDrive - Carl Zeiss AG\Dokumente\Zeiss\SMT\Bachelor\AB Encoder Model\model.h5   
2025-08-15 12:41:42,410 [INFO] CmdLine:76 -  type               :   keras                                                                                               
2025-08-15 12:41:42,410 [INFO] CmdLine:76 -  c_name             :   network                                                                                             
2025-08-15 12:41:42,410 [INFO] CmdLine:76 -  compression        :   none                                                                                                
2025-08-15 12:41:42,410 [INFO] CmdLine:76 -  options            :   allocate-inputs, allocate-outputs                                                                   
2025-08-15 12:41:42,410 [INFO] CmdLine:76 -  optimization       :   balanced                                                                                            
2025-08-15 12:41:42,410 [INFO] CmdLine:76 -  target/series      :   stm32n6                                                                                             
2025-08-15 12:41:42,410 [INFO] CmdLine:76 -  workspace dir      :   C:\Users\ZOJOLDRI\AppData\Local\Temp\mxAI_workspace1839612827760009747581460460597357               
2025-08-15 12:41:42,410 [INFO] CmdLine:76 -  output dir         :   C:\Users\ZOJOLDRI\.stm32cubemx\network_output                                                       
2025-08-15 12:41:42,410 [INFO] CmdLine:76 -  model_fmt          :   float                                                                                               
2025-08-15 12:41:42,410 [INFO] CmdLine:76 -  model_name         :   model                                                                                               
2025-08-15 12:41:42,411 [INFO] CmdLine:76 -  model_hash         :   0x42f0b1708bfdc710e72cc06e8cd1ea19                                                                  
2025-08-15 12:41:42,411 [INFO] CmdLine:76 -  params #           :   491 items (1.92 KiB)                                                                                
2025-08-15 12:41:42,411 [INFO] CmdLine:76 -  ---------------------------------------------------------------------------------------------------------------------------
2025-08-15 12:41:42,411 [INFO] CmdLine:76 -  input 1/1          :   'input_0', f32(1x10x1), 40 Bytes, activations                                                       
2025-08-15 12:41:42,411 [INFO] CmdLine:76 -  output 1/1         :   'dense', f32(1x1), 4 Bytes, activations                                                             
2025-08-15 12:41:42,411 [INFO] CmdLine:76 -  macc               :   4,921                                                                                               
2025-08-15 12:41:42,411 [INFO] CmdLine:76 -  weights (ro)       :   2,084 B (2.04 KiB) (1 segment) / +120(+6.1%) vs float model                                         
2025-08-15 12:41:42,411 [INFO] CmdLine:76 -  activations (rw)   :   360 B (360 B) (1 segment) *                                                                         
2025-08-15 12:41:42,411 [INFO] CmdLine:76 -  ram (total)        :   360 B (360 B) = 360 + 0 + 0                                                                         
2025-08-15 12:41:42,412 [INFO] CmdLine:76 -  ---------------------------------------------------------------------------------------------------------------------------
2025-08-15 12:41:42,412 [INFO] CmdLine:76 -  (*) 'input'/'output' buffers are allocated in the activations buffer
2025-08-15 12:41:42,412 [INFO] CmdLine:76 - Computing AI RT data/code size (target=stm32n6)..
2025-08-15 12:41:48,747 [INFO] CmdLine:76 -  Requested memory size by section - "stm32n6" target
2025-08-15 12:41:48,748 [INFO] CmdLine:76 -  ------------------------------- -------- -------- ------- -----
2025-08-15 12:41:48,748 [INFO] CmdLine:76 -  module                              text   rodata    data   bss
2025-08-15 12:41:48,749 [INFO] CmdLine:76 -  ------------------------------- -------- -------- ------- -----
2025-08-15 12:41:48,749 [INFO] CmdLine:76 -  NetworkRuntime1020_CM55_GCC.a     14,376        0       0     0
2025-08-15 12:41:48,750 [INFO] CmdLine:76 -  network.o                            520       24   1,400   124
2025-08-15 12:41:48,750 [INFO] CmdLine:76 -  network_data.o                        48       16      88     0
2025-08-15 12:41:48,750 [INFO] CmdLine:76 -  lib (toolchain)*                   1,132      340       0     0
2025-08-15 12:41:48,750 [INFO] CmdLine:76 -  ------------------------------- -------- -------- ------- -----
2025-08-15 12:41:48,751 [INFO] CmdLine:76 -  RT total**                        16,076      380   1,488   124
2025-08-15 12:41:48,751 [INFO] CmdLine:76 -  ------------------------------- -------- -------- ------- -----
2025-08-15 12:41:48,751 [INFO] CmdLine:76 -  weights                                0    2,088       0     0
2025-08-15 12:41:48,751 [INFO] CmdLine:76 -  activations                            0        0       0   360
2025-08-15 12:41:48,751 [INFO] CmdLine:76 -  io                                     0        0       0     0
2025-08-15 12:41:48,751 [INFO] CmdLine:76 -  ------------------------------- -------- -------- ------- -----
2025-08-15 12:41:48,751 [INFO] CmdLine:76 -  TOTAL                             16,076    2,468   1,488   484
2025-08-15 12:41:48,751 [INFO] CmdLine:76 -  ------------------------------- -------- -------- ------- -----
2025-08-15 12:41:48,751 [INFO] CmdLine:76 -  *  toolchain objects (libm/libgcc*)
2025-08-15 12:41:48,751 [INFO] CmdLine:76 -  ** RT AI runtime objects (kernels+infrastructure)
2025-08-15 12:41:48,751 [INFO] CmdLine:76 -   Summary - "stm32n6" target
2025-08-15 12:41:48,751 [INFO] CmdLine:76 -   ---------------------------------------------------
2025-08-15 12:41:48,752 [INFO] CmdLine:76 -                FLASH (ro)      %*   RAM (rw)       %
2025-08-15 12:41:48,752 [INFO] CmdLine:76 -   ---------------------------------------------------
2025-08-15 12:41:48,752 [INFO] CmdLine:76 -   RT total         17,944   89.6%      1,612   81.7%
2025-08-15 12:41:48,753 [INFO] CmdLine:76 -   ---------------------------------------------------
2025-08-15 12:41:48,753 [INFO] CmdLine:76 -   TOTAL            20,032              1,972
2025-08-15 12:41:48,753 [INFO] CmdLine:76 -   ---------------------------------------------------
2025-08-15 12:41:48,754 [INFO] CmdLine:76 -   *  rt/total
2025-08-15 12:41:48,754 [INFO] CmdLine:76 -  Generated files (7)
2025-08-15 12:41:48,754 [INFO] CmdLine:76 -  ---------------------------------------------------------------------
2025-08-15 12:41:48,754 [INFO] CmdLine:76 -  C:\Users\ZOJOLDRI\.stm32cubemx\network_output\network_data_params.h
2025-08-15 12:41:48,754 [INFO] CmdLine:76 -  C:\Users\ZOJOLDRI\.stm32cubemx\network_output\network_data_params.c
2025-08-15 12:41:48,754 [INFO] CmdLine:76 -  C:\Users\ZOJOLDRI\.stm32cubemx\network_output\network_data.h
2025-08-15 12:41:48,754 [INFO] CmdLine:76 -  C:\Users\ZOJOLDRI\.stm32cubemx\network_output\network_data.c
2025-08-15 12:41:48,754 [INFO] CmdLine:76 -  C:\Users\ZOJOLDRI\.stm32cubemx\network_output\network_config.h
2025-08-15 12:41:48,755 [INFO] CmdLine:76 -  C:\Users\ZOJOLDRI\.stm32cubemx\network_output\network.h
2025-08-15 12:41:48,755 [INFO] CmdLine:76 -  C:\Users\ZOJOLDRI\.stm32cubemx\network_output\network.c
2025-08-15 12:41:48,755 [INFO] CmdLine:76 - Creating txt report file C:\Users\ZOJOLDRI\.stm32cubemx\network_output\network_generate_report.txt
2025-08-15 12:41:51,321 [INFO] CmdLine:76 - elapsed time (generate): 75.790s
2025-08-15 12:41:51,680 [INFO] CmdLine:148 - stedgeai exit with status: 0
2025-08-15 12:41:51,693 [INFO] AIModelDetailledView:2380 - Analysis status: done
2025-08-15 12:41:52,497 [INFO] ProjectBuilder:3606 - Time for Copy HAL[1] : 383mS.
2025-08-15 12:41:52,497 [ERROR] Middleware:2950 - Invalid RefComponent list
2025-08-15 12:41:52,497 [ERROR] Middleware:2950 - Invalid RefComponent list
2025-08-15 12:41:52,497 [ERROR] Middleware:2950 - Invalid RefComponent list
2025-08-15 12:41:52,497 [ERROR] Middleware:2950 - Invalid RefComponent list
2025-08-15 12:41:52,497 [ERROR] Middleware:2950 - Invalid RefComponent list
2025-08-15 12:41:52,497 [ERROR] Middleware:2950 - Invalid RefComponent list
2025-08-15 12:41:52,497 [ERROR] Middleware:2950 - Invalid RefComponent list
2025-08-15 12:41:52,497 [ERROR] Middleware:2950 - Invalid RefComponent list
2025-08-15 12:41:52,497 [ERROR] Middleware:2950 - Invalid RefComponent list
2025-08-15 12:41:52,497 [ERROR] Middleware:2950 - Invalid RefComponent list
2025-08-15 12:41:52,497 [ERROR] Middleware:2950 - Invalid RefComponent list
2025-08-15 12:41:52,497 [ERROR] Middleware:2950 - Invalid RefComponent list
2025-08-15 12:41:52,497 [ERROR] Middleware:2950 - Invalid RefComponent list
2025-08-15 12:41:52,497 [ERROR] Middleware:2950 - Invalid RefComponent list
2025-08-15 12:41:52,497 [ERROR] Middleware:2950 - Invalid RefComponent list
2025-08-15 12:41:52,498 [ERROR] Middleware:2950 - Invalid RefComponent list
2025-08-15 12:41:52,498 [ERROR] Middleware:2950 - Invalid RefComponent list
2025-08-15 12:41:52,498 [ERROR] Middleware:2950 - Invalid RefComponent list
2025-08-15 12:41:52,498 [ERROR] Middleware:2950 - Invalid RefComponent list
2025-08-15 12:41:52,498 [ERROR] Middleware:2950 - Invalid RefComponent list
2025-08-15 12:41:52,498 [ERROR] Middleware:2950 - Invalid RefComponent list
2025-08-15 12:41:52,498 [ERROR] Middleware:2950 - Invalid RefComponent list
2025-08-15 12:41:52,498 [ERROR] Middleware:2950 - Invalid RefComponent list
2025-08-15 12:41:52,498 [ERROR] Middleware:2950 - Invalid RefComponent list
2025-08-15 12:41:52,498 [ERROR] Middleware:2950 - Invalid RefComponent list
2025-08-15 12:41:52,498 [ERROR] Middleware:2950 - Invalid RefComponent list
2025-08-15 12:41:52,498 [ERROR] Middleware:2950 - Invalid RefComponent list
2025-08-15 12:41:52,498 [ERROR] Middleware:2950 - Invalid RefComponent list
2025-08-15 12:41:52,498 [ERROR] Middleware:2950 - Invalid RefComponent list
2025-08-15 12:41:52,498 [ERROR] Middleware:2950 - Invalid RefComponent list
2025-08-15 12:41:52,498 [ERROR] Middleware:2950 - Invalid RefComponent list
2025-08-15 12:41:52,498 [ERROR] Middleware:2950 - Invalid RefComponent list
2025-08-15 12:41:52,498 [ERROR] Middleware:2950 - Invalid RefComponent list
2025-08-15 12:41:52,498 [ERROR] Middleware:2950 - Invalid RefComponent list
2025-08-15 12:41:52,498 [ERROR] Middleware:2950 - Invalid RefComponent list
2025-08-15 12:41:52,498 [ERROR] Middleware:2950 - Invalid RefComponent list
2025-08-15 12:41:52,498 [ERROR] Middleware:2950 - Invalid RefComponent list
2025-08-15 12:41:52,498 [ERROR] Middleware:2950 - Invalid RefComponent list
2025-08-15 12:41:52,498 [ERROR] Middleware:2950 - Invalid RefComponent list
2025-08-15 12:41:52,498 [ERROR] Middleware:2950 - Invalid RefComponent list
2025-08-15 12:41:52,498 [ERROR] Middleware:2950 - Invalid RefComponent list
2025-08-15 12:41:52,498 [ERROR] Middleware:2950 - Invalid RefComponent list
2025-08-15 12:41:52,498 [ERROR] Middleware:2950 - Invalid RefComponent list
2025-08-15 12:41:52,498 [ERROR] Middleware:2950 - Invalid RefComponent list
2025-08-15 12:41:52,498 [ERROR] Middleware:2950 - Invalid RefComponent list
2025-08-15 12:41:52,498 [ERROR] Middleware:2950 - Invalid RefComponent list
2025-08-15 12:41:52,498 [ERROR] Middleware:2950 - Invalid RefComponent list
2025-08-15 12:41:52,498 [ERROR] Middleware:2950 - Invalid RefComponent list
2025-08-15 12:41:52,498 [ERROR] Middleware:2950 - Invalid RefComponent list
2025-08-15 12:41:52,498 [ERROR] Middleware:2950 - Invalid RefComponent list
2025-08-15 12:41:52,511 [INFO] ProjectBuilder:5216 - Project Generator version: 4.7.0-B52
2025-08-15 12:41:52,570 [INFO] ConfigFileManager:1595 - The Die is : DIE486
2025-08-15 12:42:01,549 [INFO] ProjectBuilder:5056 - Time for Generating toolchain IDE Files: 9038mS.
2025-08-15 12:42:01,551 [INFO] ProjectBuilder:3463 - Time for Copy CMSIS : 1mS.
2025-08-15 12:42:01,563 [INFO] ProjectBuilder:3463 - Time for Copy CMSIS : 0mS.
2025-08-15 12:44:14,264 [WARN] IP:2250 - RefParam_LRUN_SRC_memory not found: check if there is a RefParameter without a condition.
2025-08-15 12:44:14,264 [WARN] IP:2250 - RefParam_LRUN_SRC_offset not found: check if there is a RefParameter without a condition.
2025-08-15 12:44:14,265 [WARN] IP:2250 - RefParam_LRUN_SRC_size not found: check if there is a RefParameter without a condition.
2025-08-15 12:44:14,265 [WARN] IP:2250 - RefParam_LRUN_DEST_memory not found: check if there is a RefParameter without a condition.
2025-08-15 12:44:14,265 [WARN] IP:2250 - RefParam_LRUN_DEST_offset not found: check if there is a RefParameter without a condition.
2025-08-15 12:44:14,265 [WARN] IP:2250 - RefParam_MEMORY_1_Size not found: check if there is a RefParameter without a condition.
2025-08-15 12:44:14,265 [WARN] IP:2250 - RefParam_MEMORY_1_FreqMax not found: check if there is a RefParameter without a condition.
2025-08-15 12:44:14,265 [WARN] IP:2250 - RefParam_MEMORY_1_ReadReg not found: check if there is a RefParameter without a condition.
2025-08-15 12:44:14,265 [WARN] IP:2250 - RefParam_MEMORY_1_WriteReg not found: check if there is a RefParameter without a condition.
2025-08-15 12:44:14,265 [WARN] IP:2250 - RefParam_MEMORY_1_RegSize not found: check if there is a RefParameter without a condition.
2025-08-15 12:44:14,265 [WARN] IP:2250 - RefParam_MEMORY_1_RegDummyCycle not found: check if there is a RefParameter without a condition.
2025-08-15 12:44:14,265 [WARN] IP:2250 - RefParam_MEMORY_1_WriteCommand not found: check if there is a RefParameter without a condition.
2025-08-15 12:44:14,265 [WARN] IP:2250 - RefParam_MEMORY_1_WriteDummyCycle not found: check if there is a RefParameter without a condition.
2025-08-15 12:44:14,265 [WARN] IP:2250 - RefParam_MEMORY_1_ReadCommand not found: check if there is a RefParameter without a condition.
2025-08-15 12:44:14,265 [WARN] IP:2250 - RefParam_MEMORY_1_WrapReadCommand not found: check if there is a RefParameter without a condition.
2025-08-15 12:44:14,265 [WARN] IP:2250 - RefParam_MEMORY_1_ReadDummyCycle not found: check if there is a RefParameter without a condition.
2025-08-15 12:44:14,266 [WARN] IP:2250 - RefParam_MEMORY_1_NumberOfConfig not found: check if there is a RefParameter without a condition.
2025-08-15 12:44:14,266 [WARN] IP:2250 - RefParam_MEMORY_1_Config1_WriteMask not found: check if there is a RefParameter without a condition.
2025-08-15 12:44:14,266 [WARN] IP:2250 - RefParam_MEMORY_1_Config1_WriteValue not found: check if there is a RefParameter without a condition.
2025-08-15 12:44:14,266 [WARN] IP:2250 - RefParam_MEMORY_1_Config1_RegAddress not found: check if there is a RefParameter without a condition.
2025-08-15 12:44:14,266 [WARN] IP:2250 - RefParam_MEMORY_1_Config2_WriteMask not found: check if there is a RefParameter without a condition.
2025-08-15 12:44:14,266 [WARN] IP:2250 - RefParam_MEMORY_1_Config2_WriteValue not found: check if there is a RefParameter without a condition.
2025-08-15 12:44:14,266 [WARN] IP:2250 - RefParam_MEMORY_1_Config2_RegAddress not found: check if there is a RefParameter without a condition.
2025-08-15 12:44:14,266 [WARN] IP:2250 - RefParam_MEMORY_1_Config3_WriteMask not found: check if there is a RefParameter without a condition.
2025-08-15 12:44:14,266 [WARN] IP:2250 - RefParam_MEMORY_1_Config3_WriteValue not found: check if there is a RefParameter without a condition.
2025-08-15 12:44:14,266 [WARN] IP:2250 - RefParam_MEMORY_1_Config3_RegAddress not found: check if there is a RefParameter without a condition.
2025-08-15 12:44:14,266 [WARN] IP:2250 - RefParam_MEMORY_2_Instance not found: check if there is a RefParameter without a condition.
2025-08-15 12:44:14,266 [WARN] IP:2250 - RefParam_MEMORY_2_ConfigType not found: check if there is a RefParameter without a condition.
2025-08-15 12:44:14,266 [WARN] IP:2250 - RefParam_MEMORY_2_Size not found: check if there is a RefParameter without a condition.
2025-08-15 12:44:14,267 [WARN] IP:2250 - RefParam_MEMORY_2_FreqMax not found: check if there is a RefParameter without a condition.
2025-08-15 12:44:14,267 [WARN] IP:2250 - RefParam_MEMORY_2_ReadReg not found: check if there is a RefParameter without a condition.
2025-08-15 12:44:14,267 [WARN] IP:2250 - RefParam_MEMORY_2_WriteReg not found: check if there is a RefParameter without a condition.
2025-08-15 12:44:14,267 [WARN] IP:2250 - RefParam_MEMORY_2_RegSize not found: check if there is a RefParameter without a condition.
2025-08-15 12:44:14,267 [WARN] IP:2250 - RefParam_MEMORY_2_RegDummyCycle not found: check if there is a RefParameter without a condition.
2025-08-15 12:44:14,267 [WARN] IP:2250 - RefParam_MEMORY_2_WriteCommand not found: check if there is a RefParameter without a condition.
2025-08-15 12:44:14,267 [WARN] IP:2250 - RefParam_MEMORY_2_WriteDummyCycle not found: check if there is a RefParameter without a condition.
2025-08-15 12:44:14,267 [WARN] IP:2250 - RefParam_MEMORY_2_ReadCommand not found: check if there is a RefParameter without a condition.
2025-08-15 12:44:14,267 [WARN] IP:2250 - RefParam_MEMORY_2_WrapReadCommand not found: check if there is a RefParameter without a condition.
2025-08-15 12:44:14,267 [WARN] IP:2250 - RefParam_MEMORY_2_ReadDummyCycle not found: check if there is a RefParameter without a condition.
2025-08-15 12:44:14,267 [WARN] IP:2250 - RefParam_MEMORY_2_NumberOfConfig not found: check if there is a RefParameter without a condition.
2025-08-15 12:44:14,267 [WARN] IP:2250 - RefParam_MEMORY_2_Config1_WriteMask not found: check if there is a RefParameter without a condition.
2025-08-15 12:44:14,267 [WARN] IP:2250 - RefParam_MEMORY_2_Config1_WriteValue not found: check if there is a RefParameter without a condition.
2025-08-15 12:44:14,267 [WARN] IP:2250 - RefParam_MEMORY_2_Config1_RegAddress not found: check if there is a RefParameter without a condition.
2025-08-15 12:44:14,267 [WARN] IP:2250 - RefParam_MEMORY_2_Config2_WriteMask not found: check if there is a RefParameter without a condition.
2025-08-15 12:44:14,268 [WARN] IP:2250 - RefParam_MEMORY_2_Config2_WriteValue not found: check if there is a RefParameter without a condition.
2025-08-15 12:44:14,268 [WARN] IP:2250 - RefParam_MEMORY_2_Config2_RegAddress not found: check if there is a RefParameter without a condition.
2025-08-15 12:44:14,268 [WARN] IP:2250 - RefParam_MEMORY_2_Config3_WriteMask not found: check if there is a RefParameter without a condition.
2025-08-15 12:44:14,268 [WARN] IP:2250 - RefParam_MEMORY_2_Config3_WriteValue not found: check if there is a RefParameter without a condition.
2025-08-15 12:44:14,268 [WARN] IP:2250 - RefParam_MEMORY_2_Config3_RegAddress not found: check if there is a RefParameter without a condition.
2025-08-15 12:44:14,274 [WARN] IP:2250 - pwrPrivilege not found: check if there is a RefParameter without a condition.
2025-08-15 12:44:14,275 [WARN] IP:2250 - pwrPrivilege not found: check if there is a RefParameter without a condition.
2025-08-15 12:44:14,283 [WARN] IP:2250 - Memorytype0 not found: check if there is a RefParameter without a condition.
2025-08-15 12:44:14,283 [WARN] IP:2250 - LL_DeviceAttribute20 not found: check if there is a RefParameter without a condition.
2025-08-15 12:44:14,283 [WARN] IP:2250 - DeviceAttribute0 not found: check if there is a RefParameter without a condition.
2025-08-15 12:44:14,283 [WARN] IP:2250 - DeviceAttribute20 not found: check if there is a RefParameter without a condition.
2025-08-15 12:44:14,283 [WARN] IP:2250 - DeviceAttribute1 not found: check if there is a RefParameter without a condition.
2025-08-15 12:44:14,283 [WARN] IP:2250 - Memorytype2 not found: check if there is a RefParameter without a condition.
2025-08-15 12:44:14,283 [WARN] IP:2250 - LL_DeviceAttribute22 not found: check if there is a RefParameter without a condition.
2025-08-15 12:44:14,284 [WARN] IP:2250 - DeviceAttribute2 not found: check if there is a RefParameter without a condition.
2025-08-15 12:44:14,284 [WARN] IP:2250 - Memorytype3 not found: check if there is a RefParameter without a condition.
2025-08-15 12:44:14,284 [WARN] IP:2250 - LL_DeviceAttribute23 not found: check if there is a RefParameter without a condition.
2025-08-15 12:44:14,284 [WARN] IP:2250 - DeviceAttribute3 not found: check if there is a RefParameter without a condition.
2025-08-15 12:44:14,284 [WARN] IP:2250 - Memorytype4 not found: check if there is a RefParameter without a condition.
2025-08-15 12:44:14,284 [WARN] IP:2250 - LL_DeviceAttribute24 not found: check if there is a RefParameter without a condition.
2025-08-15 12:44:14,284 [WARN] IP:2250 - DeviceAttribute4 not found: check if there is a RefParameter without a condition.
2025-08-15 12:44:14,284 [WARN] IP:2250 - Memorytype5 not found: check if there is a RefParameter without a condition.
2025-08-15 12:44:14,285 [WARN] IP:2250 - LL_DeviceAttribute25 not found: check if there is a RefParameter without a condition.
2025-08-15 12:44:14,285 [WARN] IP:2250 - DeviceAttribute5 not found: check if there is a RefParameter without a condition.
2025-08-15 12:44:14,285 [WARN] IP:2250 - Memorytype6 not found: check if there is a RefParameter without a condition.
2025-08-15 12:44:14,285 [WARN] IP:2250 - LL_DeviceAttribute26 not found: check if there is a RefParameter without a condition.
2025-08-15 12:44:14,285 [WARN] IP:2250 - DeviceAttribute6 not found: check if there is a RefParameter without a condition.
2025-08-15 12:44:14,285 [WARN] IP:2250 - Memorytype7 not found: check if there is a RefParameter without a condition.
2025-08-15 12:44:14,285 [WARN] IP:2250 - LL_DeviceAttribute27 not found: check if there is a RefParameter without a condition.
2025-08-15 12:44:14,285 [WARN] IP:2250 - DeviceAttribute7 not found: check if there is a RefParameter without a condition.
2025-08-15 12:44:14,359 [WARN] IP:2250 - DeviceAttribute0 not found: check if there is a RefParameter without a condition.
2025-08-15 12:44:14,359 [WARN] IP:2250 - Memorytype1 not found: check if there is a RefParameter without a condition.
2025-08-15 12:44:14,359 [WARN] IP:2250 - DeviceAttribute1 not found: check if there is a RefParameter without a condition.
2025-08-15 12:44:14,359 [WARN] IP:2250 - LL_DeviceAttribute21 not found: check if there is a RefParameter without a condition.
2025-08-15 12:44:14,360 [WARN] IP:2250 - Memorytype2 not found: check if there is a RefParameter without a condition.
2025-08-15 12:44:14,360 [WARN] IP:2250 - DeviceAttribute2 not found: check if there is a RefParameter without a condition.
2025-08-15 12:44:14,360 [WARN] IP:2250 - LL_DeviceAttribute22 not found: check if there is a RefParameter without a condition.
2025-08-15 12:44:14,360 [WARN] IP:2250 - Memorytype3 not found: check if there is a RefParameter without a condition.
2025-08-15 12:44:14,360 [WARN] IP:2250 - DeviceAttribute3 not found: check if there is a RefParameter without a condition.
2025-08-15 12:44:14,360 [WARN] IP:2250 - LL_DeviceAttribute23 not found: check if there is a RefParameter without a condition.
2025-08-15 12:44:14,360 [WARN] IP:2250 - Memorytype4 not found: check if there is a RefParameter without a condition.
2025-08-15 12:44:14,361 [WARN] IP:2250 - DeviceAttribute4 not found: check if there is a RefParameter without a condition.
2025-08-15 12:44:14,361 [WARN] IP:2250 - LL_DeviceAttribute24 not found: check if there is a RefParameter without a condition.
2025-08-15 12:44:14,361 [WARN] IP:2250 - Memorytype5 not found: check if there is a RefParameter without a condition.
2025-08-15 12:44:14,361 [WARN] IP:2250 - DeviceAttribute5 not found: check if there is a RefParameter without a condition.
2025-08-15 12:44:14,361 [WARN] IP:2250 - LL_DeviceAttribute25 not found: check if there is a RefParameter without a condition.
2025-08-15 12:44:14,361 [WARN] IP:2250 - Memorytype6 not found: check if there is a RefParameter without a condition.
2025-08-15 12:44:14,361 [WARN] IP:2250 - DeviceAttribute6 not found: check if there is a RefParameter without a condition.
2025-08-15 12:44:14,361 [WARN] IP:2250 - LL_DeviceAttribute26 not found: check if there is a RefParameter without a condition.
2025-08-15 12:44:14,361 [WARN] IP:2250 - Memorytype7 not found: check if there is a RefParameter without a condition.
2025-08-15 12:44:14,361 [WARN] IP:2250 - DeviceAttribute7 not found: check if there is a RefParameter without a condition.
2025-08-15 12:44:14,361 [WARN] IP:2250 - LL_DeviceAttribute27 not found: check if there is a RefParameter without a condition.
2025-08-15 12:44:14,559 [INFO] NvicIntPanel:101 - NVIC parent = com.st.microxplorer.plugins.ip.nvic.MultiNvicIntPanel[,0,0,0x0,invalid,layout=javax.swing.BoxLayout,alignmentX=0.0,alignmentY=0.0,border=,flags=9,maximumSize=,minimumSize=,preferredSize=]
2025-08-15 12:44:14,850 [WARN] IP:2250 - RefParam_LRUN_SRC_memory not found: check if there is a RefParameter without a condition.
2025-08-15 12:44:14,851 [WARN] IP:2250 - RefParam_LRUN_SRC_offset not found: check if there is a RefParameter without a condition.
2025-08-15 12:44:14,851 [WARN] IP:2250 - RefParam_LRUN_SRC_size not found: check if there is a RefParameter without a condition.
2025-08-15 12:44:14,851 [WARN] IP:2250 - RefParam_LRUN_DEST_memory not found: check if there is a RefParameter without a condition.
2025-08-15 12:44:14,851 [WARN] IP:2250 - RefParam_LRUN_DEST_offset not found: check if there is a RefParameter without a condition.
2025-08-15 12:44:14,851 [WARN] IP:2250 - RefParam_MEMORY_1_Size not found: check if there is a RefParameter without a condition.
2025-08-15 12:44:14,851 [WARN] IP:2250 - RefParam_MEMORY_1_FreqMax not found: check if there is a RefParameter without a condition.
2025-08-15 12:44:14,851 [WARN] IP:2250 - RefParam_MEMORY_1_ReadReg not found: check if there is a RefParameter without a condition.
2025-08-15 12:44:14,851 [WARN] IP:2250 - RefParam_MEMORY_1_WriteReg not found: check if there is a RefParameter without a condition.
2025-08-15 12:44:14,851 [WARN] IP:2250 - RefParam_MEMORY_1_RegSize not found: check if there is a RefParameter without a condition.
2025-08-15 12:44:14,851 [WARN] IP:2250 - RefParam_MEMORY_1_RegDummyCycle not found: check if there is a RefParameter without a condition.
2025-08-15 12:44:14,851 [WARN] IP:2250 - RefParam_MEMORY_1_WriteCommand not found: check if there is a RefParameter without a condition.
2025-08-15 12:44:14,851 [WARN] IP:2250 - RefParam_MEMORY_1_WriteDummyCycle not found: check if there is a RefParameter without a condition.
2025-08-15 12:44:14,851 [WARN] IP:2250 - RefParam_MEMORY_1_ReadCommand not found: check if there is a RefParameter without a condition.
2025-08-15 12:44:14,851 [WARN] IP:2250 - RefParam_MEMORY_1_WrapReadCommand not found: check if there is a RefParameter without a condition.
2025-08-15 12:44:14,851 [WARN] IP:2250 - RefParam_MEMORY_1_ReadDummyCycle not found: check if there is a RefParameter without a condition.
2025-08-15 12:44:14,851 [WARN] IP:2250 - RefParam_MEMORY_1_NumberOfConfig not found: check if there is a RefParameter without a condition.
2025-08-15 12:44:14,851 [WARN] IP:2250 - RefParam_MEMORY_1_Config1_WriteMask not found: check if there is a RefParameter without a condition.
2025-08-15 12:44:14,852 [WARN] IP:2250 - RefParam_MEMORY_1_Config1_WriteValue not found: check if there is a RefParameter without a condition.
2025-08-15 12:44:14,852 [WARN] IP:2250 - RefParam_MEMORY_1_Config1_RegAddress not found: check if there is a RefParameter without a condition.
2025-08-15 12:44:14,852 [WARN] IP:2250 - RefParam_MEMORY_1_Config2_WriteMask not found: check if there is a RefParameter without a condition.
2025-08-15 12:44:14,852 [WARN] IP:2250 - RefParam_MEMORY_1_Config2_WriteValue not found: check if there is a RefParameter without a condition.
2025-08-15 12:44:14,852 [WARN] IP:2250 - RefParam_MEMORY_1_Config2_RegAddress not found: check if there is a RefParameter without a condition.
2025-08-15 12:44:14,852 [WARN] IP:2250 - RefParam_MEMORY_1_Config3_WriteMask not found: check if there is a RefParameter without a condition.
2025-08-15 12:44:14,852 [WARN] IP:2250 - RefParam_MEMORY_1_Config3_WriteValue not found: check if there is a RefParameter without a condition.
2025-08-15 12:44:14,852 [WARN] IP:2250 - RefParam_MEMORY_1_Config3_RegAddress not found: check if there is a RefParameter without a condition.
2025-08-15 12:44:14,852 [WARN] IP:2250 - RefParam_MEMORY_2_Instance not found: check if there is a RefParameter without a condition.
2025-08-15 12:44:14,852 [WARN] IP:2250 - RefParam_MEMORY_2_ConfigType not found: check if there is a RefParameter without a condition.
2025-08-15 12:44:14,852 [WARN] IP:2250 - RefParam_MEMORY_2_Size not found: check if there is a RefParameter without a condition.
2025-08-15 12:44:14,852 [WARN] IP:2250 - RefParam_MEMORY_2_FreqMax not found: check if there is a RefParameter without a condition.
2025-08-15 12:44:14,852 [WARN] IP:2250 - RefParam_MEMORY_2_ReadReg not found: check if there is a RefParameter without a condition.
2025-08-15 12:44:14,852 [WARN] IP:2250 - RefParam_MEMORY_2_WriteReg not found: check if there is a RefParameter without a condition.
2025-08-15 12:44:14,852 [WARN] IP:2250 - RefParam_MEMORY_2_RegSize not found: check if there is a RefParameter without a condition.
2025-08-15 12:44:14,852 [WARN] IP:2250 - RefParam_MEMORY_2_RegDummyCycle not found: check if there is a RefParameter without a condition.
2025-08-15 12:44:14,852 [WARN] IP:2250 - RefParam_MEMORY_2_WriteCommand not found: check if there is a RefParameter without a condition.
2025-08-15 12:44:14,852 [WARN] IP:2250 - RefParam_MEMORY_2_WriteDummyCycle not found: check if there is a RefParameter without a condition.
2025-08-15 12:44:14,852 [WARN] IP:2250 - RefParam_MEMORY_2_ReadCommand not found: check if there is a RefParameter without a condition.
2025-08-15 12:44:14,852 [WARN] IP:2250 - RefParam_MEMORY_2_WrapReadCommand not found: check if there is a RefParameter without a condition.
2025-08-15 12:44:14,852 [WARN] IP:2250 - RefParam_MEMORY_2_ReadDummyCycle not found: check if there is a RefParameter without a condition.
2025-08-15 12:44:14,852 [WARN] IP:2250 - RefParam_MEMORY_2_NumberOfConfig not found: check if there is a RefParameter without a condition.
2025-08-15 12:44:14,852 [WARN] IP:2250 - RefParam_MEMORY_2_Config1_WriteMask not found: check if there is a RefParameter without a condition.
2025-08-15 12:44:14,852 [WARN] IP:2250 - RefParam_MEMORY_2_Config1_WriteValue not found: check if there is a RefParameter without a condition.
2025-08-15 12:44:14,852 [WARN] IP:2250 - RefParam_MEMORY_2_Config1_RegAddress not found: check if there is a RefParameter without a condition.
2025-08-15 12:44:14,852 [WARN] IP:2250 - RefParam_MEMORY_2_Config2_WriteMask not found: check if there is a RefParameter without a condition.
2025-08-15 12:44:14,852 [WARN] IP:2250 - RefParam_MEMORY_2_Config2_WriteValue not found: check if there is a RefParameter without a condition.
2025-08-15 12:44:14,852 [WARN] IP:2250 - RefParam_MEMORY_2_Config2_RegAddress not found: check if there is a RefParameter without a condition.
2025-08-15 12:44:14,852 [WARN] IP:2250 - RefParam_MEMORY_2_Config3_WriteMask not found: check if there is a RefParameter without a condition.
2025-08-15 12:44:14,852 [WARN] IP:2250 - RefParam_MEMORY_2_Config3_WriteValue not found: check if there is a RefParameter without a condition.
2025-08-15 12:44:14,852 [WARN] IP:2250 - RefParam_MEMORY_2_Config3_RegAddress not found: check if there is a RefParameter without a condition.
2025-08-15 12:44:14,857 [WARN] IP:2250 - pwrPrivilege not found: check if there is a RefParameter without a condition.
2025-08-15 12:44:14,857 [WARN] IP:2250 - pwrPrivilege not found: check if there is a RefParameter without a condition.
2025-08-15 12:44:14,864 [WARN] IP:2250 - Memorytype0 not found: check if there is a RefParameter without a condition.
2025-08-15 12:44:14,864 [WARN] IP:2250 - LL_DeviceAttribute20 not found: check if there is a RefParameter without a condition.
2025-08-15 12:44:14,864 [WARN] IP:2250 - DeviceAttribute0 not found: check if there is a RefParameter without a condition.
2025-08-15 12:44:14,864 [WARN] IP:2250 - DeviceAttribute20 not found: check if there is a RefParameter without a condition.
2025-08-15 12:44:14,864 [WARN] IP:2250 - DeviceAttribute1 not found: check if there is a RefParameter without a condition.
2025-08-15 12:44:14,864 [WARN] IP:2250 - Memorytype2 not found: check if there is a RefParameter without a condition.
2025-08-15 12:44:14,865 [WARN] IP:2250 - LL_DeviceAttribute22 not found: check if there is a RefParameter without a condition.
2025-08-15 12:44:14,865 [WARN] IP:2250 - DeviceAttribute2 not found: check if there is a RefParameter without a condition.
2025-08-15 12:44:14,865 [WARN] IP:2250 - Memorytype3 not found: check if there is a RefParameter without a condition.
2025-08-15 12:44:14,865 [WARN] IP:2250 - LL_DeviceAttribute23 not found: check if there is a RefParameter without a condition.
2025-08-15 12:44:14,865 [WARN] IP:2250 - DeviceAttribute3 not found: check if there is a RefParameter without a condition.
2025-08-15 12:44:14,865 [WARN] IP:2250 - Memorytype4 not found: check if there is a RefParameter without a condition.
2025-08-15 12:44:14,865 [WARN] IP:2250 - LL_DeviceAttribute24 not found: check if there is a RefParameter without a condition.
2025-08-15 12:44:14,865 [WARN] IP:2250 - DeviceAttribute4 not found: check if there is a RefParameter without a condition.
2025-08-15 12:44:14,865 [WARN] IP:2250 - Memorytype5 not found: check if there is a RefParameter without a condition.
2025-08-15 12:44:14,866 [WARN] IP:2250 - LL_DeviceAttribute25 not found: check if there is a RefParameter without a condition.
2025-08-15 12:44:14,866 [WARN] IP:2250 - DeviceAttribute5 not found: check if there is a RefParameter without a condition.
2025-08-15 12:44:14,866 [WARN] IP:2250 - Memorytype6 not found: check if there is a RefParameter without a condition.
2025-08-15 12:44:14,866 [WARN] IP:2250 - LL_DeviceAttribute26 not found: check if there is a RefParameter without a condition.
2025-08-15 12:44:14,866 [WARN] IP:2250 - DeviceAttribute6 not found: check if there is a RefParameter without a condition.
2025-08-15 12:44:14,866 [WARN] IP:2250 - Memorytype7 not found: check if there is a RefParameter without a condition.
2025-08-15 12:44:14,866 [WARN] IP:2250 - LL_DeviceAttribute27 not found: check if there is a RefParameter without a condition.
2025-08-15 12:44:14,866 [WARN] IP:2250 - DeviceAttribute7 not found: check if there is a RefParameter without a condition.
2025-08-15 12:44:14,934 [WARN] IP:2250 - DeviceAttribute0 not found: check if there is a RefParameter without a condition.
2025-08-15 12:44:14,934 [WARN] IP:2250 - Memorytype1 not found: check if there is a RefParameter without a condition.
2025-08-15 12:44:14,934 [WARN] IP:2250 - DeviceAttribute1 not found: check if there is a RefParameter without a condition.
2025-08-15 12:44:14,934 [WARN] IP:2250 - LL_DeviceAttribute21 not found: check if there is a RefParameter without a condition.
2025-08-15 12:44:14,934 [WARN] IP:2250 - Memorytype2 not found: check if there is a RefParameter without a condition.
2025-08-15 12:44:14,934 [WARN] IP:2250 - DeviceAttribute2 not found: check if there is a RefParameter without a condition.
2025-08-15 12:44:14,934 [WARN] IP:2250 - LL_DeviceAttribute22 not found: check if there is a RefParameter without a condition.
2025-08-15 12:44:14,934 [WARN] IP:2250 - Memorytype3 not found: check if there is a RefParameter without a condition.
2025-08-15 12:44:14,934 [WARN] IP:2250 - DeviceAttribute3 not found: check if there is a RefParameter without a condition.
2025-08-15 12:44:14,935 [WARN] IP:2250 - LL_DeviceAttribute23 not found: check if there is a RefParameter without a condition.
2025-08-15 12:44:14,935 [WARN] IP:2250 - Memorytype4 not found: check if there is a RefParameter without a condition.
2025-08-15 12:44:14,935 [WARN] IP:2250 - DeviceAttribute4 not found: check if there is a RefParameter without a condition.
2025-08-15 12:44:14,935 [WARN] IP:2250 - LL_DeviceAttribute24 not found: check if there is a RefParameter without a condition.
2025-08-15 12:44:14,935 [WARN] IP:2250 - Memorytype5 not found: check if there is a RefParameter without a condition.
2025-08-15 12:44:14,935 [WARN] IP:2250 - DeviceAttribute5 not found: check if there is a RefParameter without a condition.
2025-08-15 12:44:14,935 [WARN] IP:2250 - LL_DeviceAttribute25 not found: check if there is a RefParameter without a condition.
2025-08-15 12:44:14,935 [WARN] IP:2250 - Memorytype6 not found: check if there is a RefParameter without a condition.
2025-08-15 12:44:14,935 [WARN] IP:2250 - DeviceAttribute6 not found: check if there is a RefParameter without a condition.
2025-08-15 12:44:14,935 [WARN] IP:2250 - LL_DeviceAttribute26 not found: check if there is a RefParameter without a condition.
2025-08-15 12:44:14,935 [WARN] IP:2250 - Memorytype7 not found: check if there is a RefParameter without a condition.
2025-08-15 12:44:14,935 [WARN] IP:2250 - DeviceAttribute7 not found: check if there is a RefParameter without a condition.
2025-08-15 12:44:14,935 [WARN] IP:2250 - LL_DeviceAttribute27 not found: check if there is a RefParameter without a condition.
2025-08-15 12:44:15,099 [INFO] NvicIntPanel:101 - NVIC parent = com.st.microxplorer.plugins.ip.nvic.MultiNvicIntPanel[,0,0,0x0,invalid,layout=javax.swing.BoxLayout,alignmentX=0.0,alignmentY=0.0,border=,flags=9,maximumSize=,minimumSize=,preferredSize=]
2025-08-15 12:44:21,272 [WARN] IP:2250 - RefParam_LRUN_SRC_memory not found: check if there is a RefParameter without a condition.
2025-08-15 12:44:21,272 [WARN] IP:2250 - RefParam_LRUN_SRC_offset not found: check if there is a RefParameter without a condition.
2025-08-15 12:44:21,272 [WARN] IP:2250 - RefParam_LRUN_SRC_size not found: check if there is a RefParameter without a condition.
2025-08-15 12:44:21,272 [WARN] IP:2250 - RefParam_LRUN_DEST_memory not found: check if there is a RefParameter without a condition.
2025-08-15 12:44:21,272 [WARN] IP:2250 - RefParam_LRUN_DEST_offset not found: check if there is a RefParameter without a condition.
2025-08-15 12:44:21,272 [WARN] IP:2250 - RefParam_MEMORY_1_Size not found: check if there is a RefParameter without a condition.
2025-08-15 12:44:21,272 [WARN] IP:2250 - RefParam_MEMORY_1_FreqMax not found: check if there is a RefParameter without a condition.
2025-08-15 12:44:21,272 [WARN] IP:2250 - RefParam_MEMORY_1_ReadReg not found: check if there is a RefParameter without a condition.
2025-08-15 12:44:21,272 [WARN] IP:2250 - RefParam_MEMORY_1_WriteReg not found: check if there is a RefParameter without a condition.
2025-08-15 12:44:21,272 [WARN] IP:2250 - RefParam_MEMORY_1_RegSize not found: check if there is a RefParameter without a condition.
2025-08-15 12:44:21,272 [WARN] IP:2250 - RefParam_MEMORY_1_RegDummyCycle not found: check if there is a RefParameter without a condition.
2025-08-15 12:44:21,272 [WARN] IP:2250 - RefParam_MEMORY_1_WriteCommand not found: check if there is a RefParameter without a condition.
2025-08-15 12:44:21,272 [WARN] IP:2250 - RefParam_MEMORY_1_WriteDummyCycle not found: check if there is a RefParameter without a condition.
2025-08-15 12:44:21,272 [WARN] IP:2250 - RefParam_MEMORY_1_ReadCommand not found: check if there is a RefParameter without a condition.
2025-08-15 12:44:21,272 [WARN] IP:2250 - RefParam_MEMORY_1_WrapReadCommand not found: check if there is a RefParameter without a condition.
2025-08-15 12:44:21,272 [WARN] IP:2250 - RefParam_MEMORY_1_ReadDummyCycle not found: check if there is a RefParameter without a condition.
2025-08-15 12:44:21,272 [WARN] IP:2250 - RefParam_MEMORY_1_NumberOfConfig not found: check if there is a RefParameter without a condition.
2025-08-15 12:44:21,272 [WARN] IP:2250 - RefParam_MEMORY_1_Config1_WriteMask not found: check if there is a RefParameter without a condition.
2025-08-15 12:44:21,272 [WARN] IP:2250 - RefParam_MEMORY_1_Config1_WriteValue not found: check if there is a RefParameter without a condition.
2025-08-15 12:44:21,272 [WARN] IP:2250 - RefParam_MEMORY_1_Config1_RegAddress not found: check if there is a RefParameter without a condition.
2025-08-15 12:44:21,272 [WARN] IP:2250 - RefParam_MEMORY_1_Config2_WriteMask not found: check if there is a RefParameter without a condition.
2025-08-15 12:44:21,272 [WARN] IP:2250 - RefParam_MEMORY_1_Config2_WriteValue not found: check if there is a RefParameter without a condition.
2025-08-15 12:44:21,272 [WARN] IP:2250 - RefParam_MEMORY_1_Config2_RegAddress not found: check if there is a RefParameter without a condition.
2025-08-15 12:44:21,272 [WARN] IP:2250 - RefParam_MEMORY_1_Config3_WriteMask not found: check if there is a RefParameter without a condition.
2025-08-15 12:44:21,272 [WARN] IP:2250 - RefParam_MEMORY_1_Config3_WriteValue not found: check if there is a RefParameter without a condition.
2025-08-15 12:44:21,272 [WARN] IP:2250 - RefParam_MEMORY_1_Config3_RegAddress not found: check if there is a RefParameter without a condition.
2025-08-15 12:44:21,272 [WARN] IP:2250 - RefParam_MEMORY_2_Instance not found: check if there is a RefParameter without a condition.
2025-08-15 12:44:21,272 [WARN] IP:2250 - RefParam_MEMORY_2_ConfigType not found: check if there is a RefParameter without a condition.
2025-08-15 12:44:21,272 [WARN] IP:2250 - RefParam_MEMORY_2_Size not found: check if there is a RefParameter without a condition.
2025-08-15 12:44:21,272 [WARN] IP:2250 - RefParam_MEMORY_2_FreqMax not found: check if there is a RefParameter without a condition.
2025-08-15 12:44:21,272 [WARN] IP:2250 - RefParam_MEMORY_2_ReadReg not found: check if there is a RefParameter without a condition.
2025-08-15 12:44:21,272 [WARN] IP:2250 - RefParam_MEMORY_2_WriteReg not found: check if there is a RefParameter without a condition.
2025-08-15 12:44:21,272 [WARN] IP:2250 - RefParam_MEMORY_2_RegSize not found: check if there is a RefParameter without a condition.
2025-08-15 12:44:21,272 [WARN] IP:2250 - RefParam_MEMORY_2_RegDummyCycle not found: check if there is a RefParameter without a condition.
2025-08-15 12:44:21,273 [WARN] IP:2250 - RefParam_MEMORY_2_WriteCommand not found: check if there is a RefParameter without a condition.
2025-08-15 12:44:21,273 [WARN] IP:2250 - RefParam_MEMORY_2_WriteDummyCycle not found: check if there is a RefParameter without a condition.
2025-08-15 12:44:21,273 [WARN] IP:2250 - RefParam_MEMORY_2_ReadCommand not found: check if there is a RefParameter without a condition.
2025-08-15 12:44:21,273 [WARN] IP:2250 - RefParam_MEMORY_2_WrapReadCommand not found: check if there is a RefParameter without a condition.
2025-08-15 12:44:21,273 [WARN] IP:2250 - RefParam_MEMORY_2_ReadDummyCycle not found: check if there is a RefParameter without a condition.
2025-08-15 12:44:21,273 [WARN] IP:2250 - RefParam_MEMORY_2_NumberOfConfig not found: check if there is a RefParameter without a condition.
2025-08-15 12:44:21,273 [WARN] IP:2250 - RefParam_MEMORY_2_Config1_WriteMask not found: check if there is a RefParameter without a condition.
2025-08-15 12:44:21,273 [WARN] IP:2250 - RefParam_MEMORY_2_Config1_WriteValue not found: check if there is a RefParameter without a condition.
2025-08-15 12:44:21,273 [WARN] IP:2250 - RefParam_MEMORY_2_Config1_RegAddress not found: check if there is a RefParameter without a condition.
2025-08-15 12:44:21,273 [WARN] IP:2250 - RefParam_MEMORY_2_Config2_WriteMask not found: check if there is a RefParameter without a condition.
2025-08-15 12:44:21,273 [WARN] IP:2250 - RefParam_MEMORY_2_Config2_WriteValue not found: check if there is a RefParameter without a condition.
2025-08-15 12:44:21,273 [WARN] IP:2250 - RefParam_MEMORY_2_Config2_RegAddress not found: check if there is a RefParameter without a condition.
2025-08-15 12:44:21,273 [WARN] IP:2250 - RefParam_MEMORY_2_Config3_WriteMask not found: check if there is a RefParameter without a condition.
2025-08-15 12:44:21,273 [WARN] IP:2250 - RefParam_MEMORY_2_Config3_WriteValue not found: check if there is a RefParameter without a condition.
2025-08-15 12:44:21,273 [WARN] IP:2250 - RefParam_MEMORY_2_Config3_RegAddress not found: check if there is a RefParameter without a condition.
2025-08-15 12:44:21,277 [WARN] IP:2250 - pwrPrivilege not found: check if there is a RefParameter without a condition.
2025-08-15 12:44:21,277 [WARN] IP:2250 - pwrPrivilege not found: check if there is a RefParameter without a condition.
2025-08-15 12:44:21,281 [WARN] IP:2250 - Memorytype0 not found: check if there is a RefParameter without a condition.
2025-08-15 12:44:21,282 [WARN] IP:2250 - LL_DeviceAttribute20 not found: check if there is a RefParameter without a condition.
2025-08-15 12:44:21,282 [WARN] IP:2250 - DeviceAttribute0 not found: check if there is a RefParameter without a condition.
2025-08-15 12:44:21,282 [WARN] IP:2250 - DeviceAttribute20 not found: check if there is a RefParameter without a condition.
2025-08-15 12:44:21,282 [WARN] IP:2250 - DeviceAttribute1 not found: check if there is a RefParameter without a condition.
2025-08-15 12:44:21,282 [WARN] IP:2250 - Memorytype2 not found: check if there is a RefParameter without a condition.
2025-08-15 12:44:21,282 [WARN] IP:2250 - LL_DeviceAttribute22 not found: check if there is a RefParameter without a condition.
2025-08-15 12:44:21,282 [WARN] IP:2250 - DeviceAttribute2 not found: check if there is a RefParameter without a condition.
2025-08-15 12:44:21,282 [WARN] IP:2250 - Memorytype3 not found: check if there is a RefParameter without a condition.
2025-08-15 12:44:21,282 [WARN] IP:2250 - LL_DeviceAttribute23 not found: check if there is a RefParameter without a condition.
2025-08-15 12:44:21,282 [WARN] IP:2250 - DeviceAttribute3 not found: check if there is a RefParameter without a condition.
2025-08-15 12:44:21,282 [WARN] IP:2250 - Memorytype4 not found: check if there is a RefParameter without a condition.
2025-08-15 12:44:21,282 [WARN] IP:2250 - LL_DeviceAttribute24 not found: check if there is a RefParameter without a condition.
2025-08-15 12:44:21,282 [WARN] IP:2250 - DeviceAttribute4 not found: check if there is a RefParameter without a condition.
2025-08-15 12:44:21,282 [WARN] IP:2250 - Memorytype5 not found: check if there is a RefParameter without a condition.
2025-08-15 12:44:21,282 [WARN] IP:2250 - LL_DeviceAttribute25 not found: check if there is a RefParameter without a condition.
2025-08-15 12:44:21,282 [WARN] IP:2250 - DeviceAttribute5 not found: check if there is a RefParameter without a condition.
2025-08-15 12:44:21,282 [WARN] IP:2250 - Memorytype6 not found: check if there is a RefParameter without a condition.
2025-08-15 12:44:21,282 [WARN] IP:2250 - LL_DeviceAttribute26 not found: check if there is a RefParameter without a condition.
2025-08-15 12:44:21,282 [WARN] IP:2250 - DeviceAttribute6 not found: check if there is a RefParameter without a condition.
2025-08-15 12:44:21,282 [WARN] IP:2250 - Memorytype7 not found: check if there is a RefParameter without a condition.
2025-08-15 12:44:21,282 [WARN] IP:2250 - LL_DeviceAttribute27 not found: check if there is a RefParameter without a condition.
2025-08-15 12:44:21,282 [WARN] IP:2250 - DeviceAttribute7 not found: check if there is a RefParameter without a condition.
2025-08-15 12:44:21,326 [WARN] IP:2250 - DeviceAttribute0 not found: check if there is a RefParameter without a condition.
2025-08-15 12:44:21,326 [WARN] IP:2250 - Memorytype1 not found: check if there is a RefParameter without a condition.
2025-08-15 12:44:21,326 [WARN] IP:2250 - DeviceAttribute1 not found: check if there is a RefParameter without a condition.
2025-08-15 12:44:21,326 [WARN] IP:2250 - LL_DeviceAttribute21 not found: check if there is a RefParameter without a condition.
2025-08-15 12:44:21,327 [WARN] IP:2250 - Memorytype2 not found: check if there is a RefParameter without a condition.
2025-08-15 12:44:21,327 [WARN] IP:2250 - DeviceAttribute2 not found: check if there is a RefParameter without a condition.
2025-08-15 12:44:21,327 [WARN] IP:2250 - LL_DeviceAttribute22 not found: check if there is a RefParameter without a condition.
2025-08-15 12:44:21,327 [WARN] IP:2250 - Memorytype3 not found: check if there is a RefParameter without a condition.
2025-08-15 12:44:21,327 [WARN] IP:2250 - DeviceAttribute3 not found: check if there is a RefParameter without a condition.
2025-08-15 12:44:21,327 [WARN] IP:2250 - LL_DeviceAttribute23 not found: check if there is a RefParameter without a condition.
2025-08-15 12:44:21,327 [WARN] IP:2250 - Memorytype4 not found: check if there is a RefParameter without a condition.
2025-08-15 12:44:21,327 [WARN] IP:2250 - DeviceAttribute4 not found: check if there is a RefParameter without a condition.
2025-08-15 12:44:21,327 [WARN] IP:2250 - LL_DeviceAttribute24 not found: check if there is a RefParameter without a condition.
2025-08-15 12:44:21,327 [WARN] IP:2250 - Memorytype5 not found: check if there is a RefParameter without a condition.
2025-08-15 12:44:21,327 [WARN] IP:2250 - DeviceAttribute5 not found: check if there is a RefParameter without a condition.
2025-08-15 12:44:21,327 [WARN] IP:2250 - LL_DeviceAttribute25 not found: check if there is a RefParameter without a condition.
2025-08-15 12:44:21,327 [WARN] IP:2250 - Memorytype6 not found: check if there is a RefParameter without a condition.
2025-08-15 12:44:21,327 [WARN] IP:2250 - DeviceAttribute6 not found: check if there is a RefParameter without a condition.
2025-08-15 12:44:21,327 [WARN] IP:2250 - LL_DeviceAttribute26 not found: check if there is a RefParameter without a condition.
2025-08-15 12:44:21,327 [WARN] IP:2250 - Memorytype7 not found: check if there is a RefParameter without a condition.
2025-08-15 12:44:21,327 [WARN] IP:2250 - DeviceAttribute7 not found: check if there is a RefParameter without a condition.
2025-08-15 12:44:21,327 [WARN] IP:2250 - LL_DeviceAttribute27 not found: check if there is a RefParameter without a condition.
2025-08-15 12:44:21,416 [WARN] IP:2250 - RefParam_LRUN_SRC_memory not found: check if there is a RefParameter without a condition.
2025-08-15 12:44:21,416 [WARN] IP:2250 - RefParam_LRUN_SRC_offset not found: check if there is a RefParameter without a condition.
2025-08-15 12:44:21,416 [WARN] IP:2250 - RefParam_LRUN_SRC_size not found: check if there is a RefParameter without a condition.
2025-08-15 12:44:21,416 [WARN] IP:2250 - RefParam_LRUN_DEST_memory not found: check if there is a RefParameter without a condition.
2025-08-15 12:44:21,416 [WARN] IP:2250 - RefParam_LRUN_DEST_offset not found: check if there is a RefParameter without a condition.
2025-08-15 12:44:21,416 [WARN] IP:2250 - RefParam_MEMORY_1_Size not found: check if there is a RefParameter without a condition.
2025-08-15 12:44:21,416 [WARN] IP:2250 - RefParam_MEMORY_1_FreqMax not found: check if there is a RefParameter without a condition.
2025-08-15 12:44:21,416 [WARN] IP:2250 - RefParam_MEMORY_1_ReadReg not found: check if there is a RefParameter without a condition.
2025-08-15 12:44:21,416 [WARN] IP:2250 - RefParam_MEMORY_1_WriteReg not found: check if there is a RefParameter without a condition.
2025-08-15 12:44:21,416 [WARN] IP:2250 - RefParam_MEMORY_1_RegSize not found: check if there is a RefParameter without a condition.
2025-08-15 12:44:21,416 [WARN] IP:2250 - RefParam_MEMORY_1_RegDummyCycle not found: check if there is a RefParameter without a condition.
2025-08-15 12:44:21,416 [WARN] IP:2250 - RefParam_MEMORY_1_WriteCommand not found: check if there is a RefParameter without a condition.
2025-08-15 12:44:21,417 [WARN] IP:2250 - RefParam_MEMORY_1_WriteDummyCycle not found: check if there is a RefParameter without a condition.
2025-08-15 12:44:21,417 [WARN] IP:2250 - RefParam_MEMORY_1_ReadCommand not found: check if there is a RefParameter without a condition.
2025-08-15 12:44:21,417 [WARN] IP:2250 - RefParam_MEMORY_1_WrapReadCommand not found: check if there is a RefParameter without a condition.
2025-08-15 12:44:21,417 [WARN] IP:2250 - RefParam_MEMORY_1_ReadDummyCycle not found: check if there is a RefParameter without a condition.
2025-08-15 12:44:21,417 [WARN] IP:2250 - RefParam_MEMORY_1_NumberOfConfig not found: check if there is a RefParameter without a condition.
2025-08-15 12:44:21,417 [WARN] IP:2250 - RefParam_MEMORY_1_Config1_WriteMask not found: check if there is a RefParameter without a condition.
2025-08-15 12:44:21,417 [WARN] IP:2250 - RefParam_MEMORY_1_Config1_WriteValue not found: check if there is a RefParameter without a condition.
2025-08-15 12:44:21,417 [WARN] IP:2250 - RefParam_MEMORY_1_Config1_RegAddress not found: check if there is a RefParameter without a condition.
2025-08-15 12:44:21,417 [WARN] IP:2250 - RefParam_MEMORY_1_Config2_WriteMask not found: check if there is a RefParameter without a condition.
2025-08-15 12:44:21,417 [WARN] IP:2250 - RefParam_MEMORY_1_Config2_WriteValue not found: check if there is a RefParameter without a condition.
2025-08-15 12:44:21,417 [WARN] IP:2250 - RefParam_MEMORY_1_Config2_RegAddress not found: check if there is a RefParameter without a condition.
2025-08-15 12:44:21,417 [WARN] IP:2250 - RefParam_MEMORY_1_Config3_WriteMask not found: check if there is a RefParameter without a condition.
2025-08-15 12:44:21,417 [WARN] IP:2250 - RefParam_MEMORY_1_Config3_WriteValue not found: check if there is a RefParameter without a condition.
2025-08-15 12:44:21,417 [WARN] IP:2250 - RefParam_MEMORY_1_Config3_RegAddress not found: check if there is a RefParameter without a condition.
2025-08-15 12:44:21,417 [WARN] IP:2250 - RefParam_MEMORY_2_Instance not found: check if there is a RefParameter without a condition.
2025-08-15 12:44:21,417 [WARN] IP:2250 - RefParam_MEMORY_2_ConfigType not found: check if there is a RefParameter without a condition.
2025-08-15 12:44:21,417 [WARN] IP:2250 - RefParam_MEMORY_2_Size not found: check if there is a RefParameter without a condition.
2025-08-15 12:44:21,417 [WARN] IP:2250 - RefParam_MEMORY_2_FreqMax not found: check if there is a RefParameter without a condition.
2025-08-15 12:44:21,417 [WARN] IP:2250 - RefParam_MEMORY_2_ReadReg not found: check if there is a RefParameter without a condition.
2025-08-15 12:44:21,417 [WARN] IP:2250 - RefParam_MEMORY_2_WriteReg not found: check if there is a RefParameter without a condition.
2025-08-15 12:44:21,417 [WARN] IP:2250 - RefParam_MEMORY_2_RegSize not found: check if there is a RefParameter without a condition.
2025-08-15 12:44:21,417 [WARN] IP:2250 - RefParam_MEMORY_2_RegDummyCycle not found: check if there is a RefParameter without a condition.
2025-08-15 12:44:21,417 [WARN] IP:2250 - RefParam_MEMORY_2_WriteCommand not found: check if there is a RefParameter without a condition.
2025-08-15 12:44:21,417 [WARN] IP:2250 - RefParam_MEMORY_2_WriteDummyCycle not found: check if there is a RefParameter without a condition.
2025-08-15 12:44:21,417 [WARN] IP:2250 - RefParam_MEMORY_2_ReadCommand not found: check if there is a RefParameter without a condition.
2025-08-15 12:44:21,417 [WARN] IP:2250 - RefParam_MEMORY_2_WrapReadCommand not found: check if there is a RefParameter without a condition.
2025-08-15 12:44:21,417 [WARN] IP:2250 - RefParam_MEMORY_2_ReadDummyCycle not found: check if there is a RefParameter without a condition.
2025-08-15 12:44:21,417 [WARN] IP:2250 - RefParam_MEMORY_2_NumberOfConfig not found: check if there is a RefParameter without a condition.
2025-08-15 12:44:21,417 [WARN] IP:2250 - RefParam_MEMORY_2_Config1_WriteMask not found: check if there is a RefParameter without a condition.
2025-08-15 12:44:21,417 [WARN] IP:2250 - RefParam_MEMORY_2_Config1_WriteValue not found: check if there is a RefParameter without a condition.
2025-08-15 12:44:21,417 [WARN] IP:2250 - RefParam_MEMORY_2_Config1_RegAddress not found: check if there is a RefParameter without a condition.
2025-08-15 12:44:21,417 [WARN] IP:2250 - RefParam_MEMORY_2_Config2_WriteMask not found: check if there is a RefParameter without a condition.
2025-08-15 12:44:21,417 [WARN] IP:2250 - RefParam_MEMORY_2_Config2_WriteValue not found: check if there is a RefParameter without a condition.
2025-08-15 12:44:21,417 [WARN] IP:2250 - RefParam_MEMORY_2_Config2_RegAddress not found: check if there is a RefParameter without a condition.
2025-08-15 12:44:21,417 [WARN] IP:2250 - RefParam_MEMORY_2_Config3_WriteMask not found: check if there is a RefParameter without a condition.
2025-08-15 12:44:21,417 [WARN] IP:2250 - RefParam_MEMORY_2_Config3_WriteValue not found: check if there is a RefParameter without a condition.
2025-08-15 12:44:21,417 [WARN] IP:2250 - RefParam_MEMORY_2_Config3_RegAddress not found: check if there is a RefParameter without a condition.
2025-08-15 12:44:21,422 [WARN] IP:2250 - pwrPrivilege not found: check if there is a RefParameter without a condition.
2025-08-15 12:44:21,427 [WARN] IP:2250 - Memorytype0 not found: check if there is a RefParameter without a condition.
2025-08-15 12:44:21,427 [WARN] IP:2250 - LL_DeviceAttribute20 not found: check if there is a RefParameter without a condition.
2025-08-15 12:44:21,427 [WARN] IP:2250 - DeviceAttribute0 not found: check if there is a RefParameter without a condition.
2025-08-15 12:44:21,427 [WARN] IP:2250 - DeviceAttribute20 not found: check if there is a RefParameter without a condition.
2025-08-15 12:44:21,427 [WARN] IP:2250 - DeviceAttribute1 not found: check if there is a RefParameter without a condition.
2025-08-15 12:44:21,427 [WARN] IP:2250 - Memorytype2 not found: check if there is a RefParameter without a condition.
2025-08-15 12:44:21,427 [WARN] IP:2250 - LL_DeviceAttribute22 not found: check if there is a RefParameter without a condition.
2025-08-15 12:44:21,427 [WARN] IP:2250 - DeviceAttribute2 not found: check if there is a RefParameter without a condition.
2025-08-15 12:44:21,427 [WARN] IP:2250 - Memorytype3 not found: check if there is a RefParameter without a condition.
2025-08-15 12:44:21,427 [WARN] IP:2250 - LL_DeviceAttribute23 not found: check if there is a RefParameter without a condition.
2025-08-15 12:44:21,428 [WARN] IP:2250 - DeviceAttribute3 not found: check if there is a RefParameter without a condition.
2025-08-15 12:44:21,428 [WARN] IP:2250 - Memorytype4 not found: check if there is a RefParameter without a condition.
2025-08-15 12:44:21,428 [WARN] IP:2250 - LL_DeviceAttribute24 not found: check if there is a RefParameter without a condition.
2025-08-15 12:44:21,428 [WARN] IP:2250 - DeviceAttribute4 not found: check if there is a RefParameter without a condition.
2025-08-15 12:44:21,428 [WARN] IP:2250 - Memorytype5 not found: check if there is a RefParameter without a condition.
2025-08-15 12:44:21,428 [WARN] IP:2250 - LL_DeviceAttribute25 not found: check if there is a RefParameter without a condition.
2025-08-15 12:44:21,428 [WARN] IP:2250 - DeviceAttribute5 not found: check if there is a RefParameter without a condition.
2025-08-15 12:44:21,428 [WARN] IP:2250 - Memorytype6 not found: check if there is a RefParameter without a condition.
2025-08-15 12:44:21,428 [WARN] IP:2250 - LL_DeviceAttribute26 not found: check if there is a RefParameter without a condition.
2025-08-15 12:44:21,428 [WARN] IP:2250 - DeviceAttribute6 not found: check if there is a RefParameter without a condition.
2025-08-15 12:44:21,428 [WARN] IP:2250 - Memorytype7 not found: check if there is a RefParameter without a condition.
2025-08-15 12:44:21,428 [WARN] IP:2250 - LL_DeviceAttribute27 not found: check if there is a RefParameter without a condition.
2025-08-15 12:44:21,428 [WARN] IP:2250 - DeviceAttribute7 not found: check if there is a RefParameter without a condition.
2025-08-15 12:44:21,453 [WARN] IP:2250 - DeviceAttribute0 not found: check if there is a RefParameter without a condition.
2025-08-15 12:44:21,453 [WARN] IP:2250 - Memorytype1 not found: check if there is a RefParameter without a condition.
2025-08-15 12:44:21,453 [WARN] IP:2250 - DeviceAttribute1 not found: check if there is a RefParameter without a condition.
2025-08-15 12:44:21,453 [WARN] IP:2250 - LL_DeviceAttribute21 not found: check if there is a RefParameter without a condition.
2025-08-15 12:44:21,454 [WARN] IP:2250 - Memorytype2 not found: check if there is a RefParameter without a condition.
2025-08-15 12:44:21,454 [WARN] IP:2250 - DeviceAttribute2 not found: check if there is a RefParameter without a condition.
2025-08-15 12:44:21,454 [WARN] IP:2250 - LL_DeviceAttribute22 not found: check if there is a RefParameter without a condition.
2025-08-15 12:44:21,454 [WARN] IP:2250 - Memorytype3 not found: check if there is a RefParameter without a condition.
2025-08-15 12:44:21,454 [WARN] IP:2250 - DeviceAttribute3 not found: check if there is a RefParameter without a condition.
2025-08-15 12:44:21,454 [WARN] IP:2250 - LL_DeviceAttribute23 not found: check if there is a RefParameter without a condition.
2025-08-15 12:44:21,454 [WARN] IP:2250 - Memorytype4 not found: check if there is a RefParameter without a condition.
2025-08-15 12:44:21,454 [WARN] IP:2250 - DeviceAttribute4 not found: check if there is a RefParameter without a condition.
2025-08-15 12:44:21,454 [WARN] IP:2250 - LL_DeviceAttribute24 not found: check if there is a RefParameter without a condition.
2025-08-15 12:44:21,454 [WARN] IP:2250 - Memorytype5 not found: check if there is a RefParameter without a condition.
2025-08-15 12:44:21,454 [WARN] IP:2250 - DeviceAttribute5 not found: check if there is a RefParameter without a condition.
2025-08-15 12:44:21,454 [WARN] IP:2250 - LL_DeviceAttribute25 not found: check if there is a RefParameter without a condition.
2025-08-15 12:44:21,454 [WARN] IP:2250 - Memorytype6 not found: check if there is a RefParameter without a condition.
2025-08-15 12:44:21,454 [WARN] IP:2250 - DeviceAttribute6 not found: check if there is a RefParameter without a condition.
2025-08-15 12:44:21,454 [WARN] IP:2250 - LL_DeviceAttribute26 not found: check if there is a RefParameter without a condition.
2025-08-15 12:44:21,454 [WARN] IP:2250 - Memorytype7 not found: check if there is a RefParameter without a condition.
2025-08-15 12:44:21,454 [WARN] IP:2250 - DeviceAttribute7 not found: check if there is a RefParameter without a condition.
2025-08-15 12:44:21,454 [WARN] IP:2250 - LL_DeviceAttribute27 not found: check if there is a RefParameter without a condition.
2025-08-15 12:44:21,538 [WARN] IP:2250 - RefParam_LRUN_SRC_memory not found: check if there is a RefParameter without a condition.
2025-08-15 12:44:21,538 [WARN] IP:2250 - RefParam_LRUN_SRC_offset not found: check if there is a RefParameter without a condition.
2025-08-15 12:44:21,538 [WARN] IP:2250 - RefParam_LRUN_SRC_size not found: check if there is a RefParameter without a condition.
2025-08-15 12:44:21,538 [WARN] IP:2250 - RefParam_LRUN_DEST_memory not found: check if there is a RefParameter without a condition.
2025-08-15 12:44:21,538 [WARN] IP:2250 - RefParam_LRUN_DEST_offset not found: check if there is a RefParameter without a condition.
2025-08-15 12:44:21,538 [WARN] IP:2250 - RefParam_MEMORY_1_Size not found: check if there is a RefParameter without a condition.
2025-08-15 12:44:21,538 [WARN] IP:2250 - RefParam_MEMORY_1_FreqMax not found: check if there is a RefParameter without a condition.
2025-08-15 12:44:21,538 [WARN] IP:2250 - RefParam_MEMORY_1_ReadReg not found: check if there is a RefParameter without a condition.
2025-08-15 12:44:21,538 [WARN] IP:2250 - RefParam_MEMORY_1_WriteReg not found: check if there is a RefParameter without a condition.
2025-08-15 12:44:21,538 [WARN] IP:2250 - RefParam_MEMORY_1_RegSize not found: check if there is a RefParameter without a condition.
2025-08-15 12:44:21,538 [WARN] IP:2250 - RefParam_MEMORY_1_RegDummyCycle not found: check if there is a RefParameter without a condition.
2025-08-15 12:44:21,538 [WARN] IP:2250 - RefParam_MEMORY_1_WriteCommand not found: check if there is a RefParameter without a condition.
2025-08-15 12:44:21,538 [WARN] IP:2250 - RefParam_MEMORY_1_WriteDummyCycle not found: check if there is a RefParameter without a condition.
2025-08-15 12:44:21,538 [WARN] IP:2250 - RefParam_MEMORY_1_ReadCommand not found: check if there is a RefParameter without a condition.
2025-08-15 12:44:21,538 [WARN] IP:2250 - RefParam_MEMORY_1_WrapReadCommand not found: check if there is a RefParameter without a condition.
2025-08-15 12:44:21,538 [WARN] IP:2250 - RefParam_MEMORY_1_ReadDummyCycle not found: check if there is a RefParameter without a condition.
2025-08-15 12:44:21,538 [WARN] IP:2250 - RefParam_MEMORY_1_NumberOfConfig not found: check if there is a RefParameter without a condition.
2025-08-15 12:44:21,538 [WARN] IP:2250 - RefParam_MEMORY_1_Config1_WriteMask not found: check if there is a RefParameter without a condition.
2025-08-15 12:44:21,538 [WARN] IP:2250 - RefParam_MEMORY_1_Config1_WriteValue not found: check if there is a RefParameter without a condition.
2025-08-15 12:44:21,538 [WARN] IP:2250 - RefParam_MEMORY_1_Config1_RegAddress not found: check if there is a RefParameter without a condition.
2025-08-15 12:44:21,538 [WARN] IP:2250 - RefParam_MEMORY_1_Config2_WriteMask not found: check if there is a RefParameter without a condition.
2025-08-15 12:44:21,538 [WARN] IP:2250 - RefParam_MEMORY_1_Config2_WriteValue not found: check if there is a RefParameter without a condition.
2025-08-15 12:44:21,538 [WARN] IP:2250 - RefParam_MEMORY_1_Config2_RegAddress not found: check if there is a RefParameter without a condition.
2025-08-15 12:44:21,538 [WARN] IP:2250 - RefParam_MEMORY_1_Config3_WriteMask not found: check if there is a RefParameter without a condition.
2025-08-15 12:44:21,538 [WARN] IP:2250 - RefParam_MEMORY_1_Config3_WriteValue not found: check if there is a RefParameter without a condition.
2025-08-15 12:44:21,538 [WARN] IP:2250 - RefParam_MEMORY_1_Config3_RegAddress not found: check if there is a RefParameter without a condition.
2025-08-15 12:44:21,538 [WARN] IP:2250 - RefParam_MEMORY_2_Instance not found: check if there is a RefParameter without a condition.
2025-08-15 12:44:21,538 [WARN] IP:2250 - RefParam_MEMORY_2_ConfigType not found: check if there is a RefParameter without a condition.
2025-08-15 12:44:21,538 [WARN] IP:2250 - RefParam_MEMORY_2_Size not found: check if there is a RefParameter without a condition.
2025-08-15 12:44:21,538 [WARN] IP:2250 - RefParam_MEMORY_2_FreqMax not found: check if there is a RefParameter without a condition.
2025-08-15 12:44:21,538 [WARN] IP:2250 - RefParam_MEMORY_2_ReadReg not found: check if there is a RefParameter without a condition.
2025-08-15 12:44:21,538 [WARN] IP:2250 - RefParam_MEMORY_2_WriteReg not found: check if there is a RefParameter without a condition.
2025-08-15 12:44:21,538 [WARN] IP:2250 - RefParam_MEMORY_2_RegSize not found: check if there is a RefParameter without a condition.
2025-08-15 12:44:21,538 [WARN] IP:2250 - RefParam_MEMORY_2_RegDummyCycle not found: check if there is a RefParameter without a condition.
2025-08-15 12:44:21,538 [WARN] IP:2250 - RefParam_MEMORY_2_WriteCommand not found: check if there is a RefParameter without a condition.
2025-08-15 12:44:21,538 [WARN] IP:2250 - RefParam_MEMORY_2_WriteDummyCycle not found: check if there is a RefParameter without a condition.
2025-08-15 12:44:21,538 [WARN] IP:2250 - RefParam_MEMORY_2_ReadCommand not found: check if there is a RefParameter without a condition.
2025-08-15 12:44:21,538 [WARN] IP:2250 - RefParam_MEMORY_2_WrapReadCommand not found: check if there is a RefParameter without a condition.
2025-08-15 12:44:21,538 [WARN] IP:2250 - RefParam_MEMORY_2_ReadDummyCycle not found: check if there is a RefParameter without a condition.
2025-08-15 12:44:21,538 [WARN] IP:2250 - RefParam_MEMORY_2_NumberOfConfig not found: check if there is a RefParameter without a condition.
2025-08-15 12:44:21,538 [WARN] IP:2250 - RefParam_MEMORY_2_Config1_WriteMask not found: check if there is a RefParameter without a condition.
2025-08-15 12:44:21,538 [WARN] IP:2250 - RefParam_MEMORY_2_Config1_WriteValue not found: check if there is a RefParameter without a condition.
2025-08-15 12:44:21,538 [WARN] IP:2250 - RefParam_MEMORY_2_Config1_RegAddress not found: check if there is a RefParameter without a condition.
2025-08-15 12:44:21,538 [WARN] IP:2250 - RefParam_MEMORY_2_Config2_WriteMask not found: check if there is a RefParameter without a condition.
2025-08-15 12:44:21,538 [WARN] IP:2250 - RefParam_MEMORY_2_Config2_WriteValue not found: check if there is a RefParameter without a condition.
2025-08-15 12:44:21,538 [WARN] IP:2250 - RefParam_MEMORY_2_Config2_RegAddress not found: check if there is a RefParameter without a condition.
2025-08-15 12:44:21,538 [WARN] IP:2250 - RefParam_MEMORY_2_Config3_WriteMask not found: check if there is a RefParameter without a condition.
2025-08-15 12:44:21,538 [WARN] IP:2250 - RefParam_MEMORY_2_Config3_WriteValue not found: check if there is a RefParameter without a condition.
2025-08-15 12:44:21,538 [WARN] IP:2250 - RefParam_MEMORY_2_Config3_RegAddress not found: check if there is a RefParameter without a condition.
2025-08-15 12:44:21,542 [WARN] IP:2250 - pwrPrivilege not found: check if there is a RefParameter without a condition.
2025-08-15 12:44:21,547 [WARN] IP:2250 - Memorytype0 not found: check if there is a RefParameter without a condition.
2025-08-15 12:44:21,547 [WARN] IP:2250 - LL_DeviceAttribute20 not found: check if there is a RefParameter without a condition.
2025-08-15 12:44:21,547 [WARN] IP:2250 - DeviceAttribute0 not found: check if there is a RefParameter without a condition.
2025-08-15 12:44:21,547 [WARN] IP:2250 - DeviceAttribute20 not found: check if there is a RefParameter without a condition.
2025-08-15 12:44:21,547 [WARN] IP:2250 - DeviceAttribute1 not found: check if there is a RefParameter without a condition.
2025-08-15 12:44:21,547 [WARN] IP:2250 - Memorytype2 not found: check if there is a RefParameter without a condition.
2025-08-15 12:44:21,547 [WARN] IP:2250 - LL_DeviceAttribute22 not found: check if there is a RefParameter without a condition.
2025-08-15 12:44:21,548 [WARN] IP:2250 - DeviceAttribute2 not found: check if there is a RefParameter without a condition.
2025-08-15 12:44:21,548 [WARN] IP:2250 - Memorytype3 not found: check if there is a RefParameter without a condition.
2025-08-15 12:44:21,548 [WARN] IP:2250 - LL_DeviceAttribute23 not found: check if there is a RefParameter without a condition.
2025-08-15 12:44:21,548 [WARN] IP:2250 - DeviceAttribute3 not found: check if there is a RefParameter without a condition.
2025-08-15 12:44:21,548 [WARN] IP:2250 - Memorytype4 not found: check if there is a RefParameter without a condition.
2025-08-15 12:44:21,548 [WARN] IP:2250 - LL_DeviceAttribute24 not found: check if there is a RefParameter without a condition.
2025-08-15 12:44:21,548 [WARN] IP:2250 - DeviceAttribute4 not found: check if there is a RefParameter without a condition.
2025-08-15 12:44:21,548 [WARN] IP:2250 - Memorytype5 not found: check if there is a RefParameter without a condition.
2025-08-15 12:44:21,548 [WARN] IP:2250 - LL_DeviceAttribute25 not found: check if there is a RefParameter without a condition.
2025-08-15 12:44:21,548 [WARN] IP:2250 - DeviceAttribute5 not found: check if there is a RefParameter without a condition.
2025-08-15 12:44:21,548 [WARN] IP:2250 - Memorytype6 not found: check if there is a RefParameter without a condition.
2025-08-15 12:44:21,548 [WARN] IP:2250 - LL_DeviceAttribute26 not found: check if there is a RefParameter without a condition.
2025-08-15 12:44:21,548 [WARN] IP:2250 - DeviceAttribute6 not found: check if there is a RefParameter without a condition.
2025-08-15 12:44:21,548 [WARN] IP:2250 - Memorytype7 not found: check if there is a RefParameter without a condition.
2025-08-15 12:44:21,548 [WARN] IP:2250 - LL_DeviceAttribute27 not found: check if there is a RefParameter without a condition.
2025-08-15 12:44:21,548 [WARN] IP:2250 - DeviceAttribute7 not found: check if there is a RefParameter without a condition.
2025-08-15 12:44:21,576 [WARN] IP:2250 - DeviceAttribute0 not found: check if there is a RefParameter without a condition.
2025-08-15 12:44:21,576 [WARN] IP:2250 - Memorytype1 not found: check if there is a RefParameter without a condition.
2025-08-15 12:44:21,576 [WARN] IP:2250 - DeviceAttribute1 not found: check if there is a RefParameter without a condition.
2025-08-15 12:44:21,576 [WARN] IP:2250 - LL_DeviceAttribute21 not found: check if there is a RefParameter without a condition.
2025-08-15 12:44:21,576 [WARN] IP:2250 - Memorytype2 not found: check if there is a RefParameter without a condition.
2025-08-15 12:44:21,576 [WARN] IP:2250 - DeviceAttribute2 not found: check if there is a RefParameter without a condition.
2025-08-15 12:44:21,576 [WARN] IP:2250 - LL_DeviceAttribute22 not found: check if there is a RefParameter without a condition.
2025-08-15 12:44:21,576 [WARN] IP:2250 - Memorytype3 not found: check if there is a RefParameter without a condition.
2025-08-15 12:44:21,576 [WARN] IP:2250 - DeviceAttribute3 not found: check if there is a RefParameter without a condition.
2025-08-15 12:44:21,576 [WARN] IP:2250 - LL_DeviceAttribute23 not found: check if there is a RefParameter without a condition.
2025-08-15 12:44:21,576 [WARN] IP:2250 - Memorytype4 not found: check if there is a RefParameter without a condition.
2025-08-15 12:44:21,576 [WARN] IP:2250 - DeviceAttribute4 not found: check if there is a RefParameter without a condition.
2025-08-15 12:44:21,576 [WARN] IP:2250 - LL_DeviceAttribute24 not found: check if there is a RefParameter without a condition.
2025-08-15 12:44:21,576 [WARN] IP:2250 - Memorytype5 not found: check if there is a RefParameter without a condition.
2025-08-15 12:44:21,576 [WARN] IP:2250 - DeviceAttribute5 not found: check if there is a RefParameter without a condition.
2025-08-15 12:44:21,576 [WARN] IP:2250 - LL_DeviceAttribute25 not found: check if there is a RefParameter without a condition.
2025-08-15 12:44:21,576 [WARN] IP:2250 - Memorytype6 not found: check if there is a RefParameter without a condition.
2025-08-15 12:44:21,576 [WARN] IP:2250 - DeviceAttribute6 not found: check if there is a RefParameter without a condition.
2025-08-15 12:44:21,576 [WARN] IP:2250 - LL_DeviceAttribute26 not found: check if there is a RefParameter without a condition.
2025-08-15 12:44:21,576 [WARN] IP:2250 - Memorytype7 not found: check if there is a RefParameter without a condition.
2025-08-15 12:44:21,576 [WARN] IP:2250 - DeviceAttribute7 not found: check if there is a RefParameter without a condition.
2025-08-15 12:44:21,576 [WARN] IP:2250 - LL_DeviceAttribute27 not found: check if there is a RefParameter without a condition.
2025-08-15 12:44:21,797 [WARN] IP:2250 - RefParam_LRUN_SRC_memory not found: check if there is a RefParameter without a condition.
2025-08-15 12:44:21,797 [WARN] IP:2250 - RefParam_LRUN_SRC_offset not found: check if there is a RefParameter without a condition.
2025-08-15 12:44:21,797 [WARN] IP:2250 - RefParam_LRUN_SRC_size not found: check if there is a RefParameter without a condition.
2025-08-15 12:44:21,797 [WARN] IP:2250 - RefParam_LRUN_DEST_memory not found: check if there is a RefParameter without a condition.
2025-08-15 12:44:21,797 [WARN] IP:2250 - RefParam_LRUN_DEST_offset not found: check if there is a RefParameter without a condition.
2025-08-15 12:44:21,797 [WARN] IP:2250 - RefParam_MEMORY_1_Size not found: check if there is a RefParameter without a condition.
2025-08-15 12:44:21,798 [WARN] IP:2250 - RefParam_MEMORY_1_FreqMax not found: check if there is a RefParameter without a condition.
2025-08-15 12:44:21,798 [WARN] IP:2250 - RefParam_MEMORY_1_ReadReg not found: check if there is a RefParameter without a condition.
2025-08-15 12:44:21,798 [WARN] IP:2250 - RefParam_MEMORY_1_WriteReg not found: check if there is a RefParameter without a condition.
2025-08-15 12:44:21,798 [WARN] IP:2250 - RefParam_MEMORY_1_RegSize not found: check if there is a RefParameter without a condition.
2025-08-15 12:44:21,798 [WARN] IP:2250 - RefParam_MEMORY_1_RegDummyCycle not found: check if there is a RefParameter without a condition.
2025-08-15 12:44:21,798 [WARN] IP:2250 - RefParam_MEMORY_1_WriteCommand not found: check if there is a RefParameter without a condition.
2025-08-15 12:44:21,798 [WARN] IP:2250 - RefParam_MEMORY_1_WriteDummyCycle not found: check if there is a RefParameter without a condition.
2025-08-15 12:44:21,798 [WARN] IP:2250 - RefParam_MEMORY_1_ReadCommand not found: check if there is a RefParameter without a condition.
2025-08-15 12:44:21,798 [WARN] IP:2250 - RefParam_MEMORY_1_WrapReadCommand not found: check if there is a RefParameter without a condition.
2025-08-15 12:44:21,798 [WARN] IP:2250 - RefParam_MEMORY_1_ReadDummyCycle not found: check if there is a RefParameter without a condition.
2025-08-15 12:44:21,798 [WARN] IP:2250 - RefParam_MEMORY_1_NumberOfConfig not found: check if there is a RefParameter without a condition.
2025-08-15 12:44:21,800 [WARN] IP:2250 - RefParam_MEMORY_1_Config1_WriteMask not found: check if there is a RefParameter without a condition.
2025-08-15 12:44:21,800 [WARN] IP:2250 - RefParam_MEMORY_1_Config1_WriteValue not found: check if there is a RefParameter without a condition.
2025-08-15 12:44:21,800 [WARN] IP:2250 - RefParam_MEMORY_1_Config1_RegAddress not found: check if there is a RefParameter without a condition.
2025-08-15 12:44:21,800 [WARN] IP:2250 - RefParam_MEMORY_1_Config2_WriteMask not found: check if there is a RefParameter without a condition.
2025-08-15 12:44:21,800 [WARN] IP:2250 - RefParam_MEMORY_1_Config2_WriteValue not found: check if there is a RefParameter without a condition.
2025-08-15 12:44:21,800 [WARN] IP:2250 - RefParam_MEMORY_1_Config2_RegAddress not found: check if there is a RefParameter without a condition.
2025-08-15 12:44:21,800 [WARN] IP:2250 - RefParam_MEMORY_1_Config3_WriteMask not found: check if there is a RefParameter without a condition.
2025-08-15 12:44:21,800 [WARN] IP:2250 - RefParam_MEMORY_1_Config3_WriteValue not found: check if there is a RefParameter without a condition.
2025-08-15 12:44:21,800 [WARN] IP:2250 - RefParam_MEMORY_1_Config3_RegAddress not found: check if there is a RefParameter without a condition.
2025-08-15 12:44:21,800 [WARN] IP:2250 - RefParam_MEMORY_2_Instance not found: check if there is a RefParameter without a condition.
2025-08-15 12:44:21,801 [WARN] IP:2250 - RefParam_MEMORY_2_ConfigType not found: check if there is a RefParameter without a condition.
2025-08-15 12:44:21,801 [WARN] IP:2250 - RefParam_MEMORY_2_Size not found: check if there is a RefParameter without a condition.
2025-08-15 12:44:21,801 [WARN] IP:2250 - RefParam_MEMORY_2_FreqMax not found: check if there is a RefParameter without a condition.
2025-08-15 12:44:21,801 [WARN] IP:2250 - RefParam_MEMORY_2_ReadReg not found: check if there is a RefParameter without a condition.
2025-08-15 12:44:21,801 [WARN] IP:2250 - RefParam_MEMORY_2_WriteReg not found: check if there is a RefParameter without a condition.
2025-08-15 12:44:21,801 [WARN] IP:2250 - RefParam_MEMORY_2_RegSize not found: check if there is a RefParameter without a condition.
2025-08-15 12:44:21,801 [WARN] IP:2250 - RefParam_MEMORY_2_RegDummyCycle not found: check if there is a RefParameter without a condition.
2025-08-15 12:44:21,801 [WARN] IP:2250 - RefParam_MEMORY_2_WriteCommand not found: check if there is a RefParameter without a condition.
2025-08-15 12:44:21,801 [WARN] IP:2250 - RefParam_MEMORY_2_WriteDummyCycle not found: check if there is a RefParameter without a condition.
2025-08-15 12:44:21,801 [WARN] IP:2250 - RefParam_MEMORY_2_ReadCommand not found: check if there is a RefParameter without a condition.
2025-08-15 12:44:21,801 [WARN] IP:2250 - RefParam_MEMORY_2_WrapReadCommand not found: check if there is a RefParameter without a condition.
2025-08-15 12:44:21,801 [WARN] IP:2250 - RefParam_MEMORY_2_ReadDummyCycle not found: check if there is a RefParameter without a condition.
2025-08-15 12:44:21,801 [WARN] IP:2250 - RefParam_MEMORY_2_NumberOfConfig not found: check if there is a RefParameter without a condition.
2025-08-15 12:44:21,801 [WARN] IP:2250 - RefParam_MEMORY_2_Config1_WriteMask not found: check if there is a RefParameter without a condition.
2025-08-15 12:44:21,801 [WARN] IP:2250 - RefParam_MEMORY_2_Config1_WriteValue not found: check if there is a RefParameter without a condition.
2025-08-15 12:44:21,801 [WARN] IP:2250 - RefParam_MEMORY_2_Config1_RegAddress not found: check if there is a RefParameter without a condition.
2025-08-15 12:44:21,801 [WARN] IP:2250 - RefParam_MEMORY_2_Config2_WriteMask not found: check if there is a RefParameter without a condition.
2025-08-15 12:44:21,801 [WARN] IP:2250 - RefParam_MEMORY_2_Config2_WriteValue not found: check if there is a RefParameter without a condition.
2025-08-15 12:44:21,802 [WARN] IP:2250 - RefParam_MEMORY_2_Config2_RegAddress not found: check if there is a RefParameter without a condition.
2025-08-15 12:44:21,802 [WARN] IP:2250 - RefParam_MEMORY_2_Config3_WriteMask not found: check if there is a RefParameter without a condition.
2025-08-15 12:44:21,802 [WARN] IP:2250 - RefParam_MEMORY_2_Config3_WriteValue not found: check if there is a RefParameter without a condition.
2025-08-15 12:44:21,802 [WARN] IP:2250 - RefParam_MEMORY_2_Config3_RegAddress not found: check if there is a RefParameter without a condition.
2025-08-15 12:44:21,808 [WARN] IP:2250 - pwrPrivilege not found: check if there is a RefParameter without a condition.
2025-08-15 12:44:21,808 [WARN] IP:2250 - pwrPrivilege not found: check if there is a RefParameter without a condition.
2025-08-15 12:44:21,814 [WARN] IP:2250 - Memorytype0 not found: check if there is a RefParameter without a condition.
2025-08-15 12:44:21,815 [WARN] IP:2250 - LL_DeviceAttribute20 not found: check if there is a RefParameter without a condition.
2025-08-15 12:44:21,815 [WARN] IP:2250 - DeviceAttribute0 not found: check if there is a RefParameter without a condition.
2025-08-15 12:44:21,815 [WARN] IP:2250 - DeviceAttribute20 not found: check if there is a RefParameter without a condition.
2025-08-15 12:44:21,815 [WARN] IP:2250 - DeviceAttribute1 not found: check if there is a RefParameter without a condition.
2025-08-15 12:44:21,815 [WARN] IP:2250 - Memorytype2 not found: check if there is a RefParameter without a condition.
2025-08-15 12:44:21,815 [WARN] IP:2250 - LL_DeviceAttribute22 not found: check if there is a RefParameter without a condition.
2025-08-15 12:44:21,815 [WARN] IP:2250 - DeviceAttribute2 not found: check if there is a RefParameter without a condition.
2025-08-15 12:44:21,815 [WARN] IP:2250 - Memorytype3 not found: check if there is a RefParameter without a condition.
2025-08-15 12:44:21,815 [WARN] IP:2250 - LL_DeviceAttribute23 not found: check if there is a RefParameter without a condition.
2025-08-15 12:44:21,815 [WARN] IP:2250 - DeviceAttribute3 not found: check if there is a RefParameter without a condition.
2025-08-15 12:44:21,815 [WARN] IP:2250 - Memorytype4 not found: check if there is a RefParameter without a condition.
2025-08-15 12:44:21,815 [WARN] IP:2250 - LL_DeviceAttribute24 not found: check if there is a RefParameter without a condition.
2025-08-15 12:44:21,815 [WARN] IP:2250 - DeviceAttribute4 not found: check if there is a RefParameter without a condition.
2025-08-15 12:44:21,815 [WARN] IP:2250 - Memorytype5 not found: check if there is a RefParameter without a condition.
2025-08-15 12:44:21,815 [WARN] IP:2250 - LL_DeviceAttribute25 not found: check if there is a RefParameter without a condition.
2025-08-15 12:44:21,815 [WARN] IP:2250 - DeviceAttribute5 not found: check if there is a RefParameter without a condition.
2025-08-15 12:44:21,815 [WARN] IP:2250 - Memorytype6 not found: check if there is a RefParameter without a condition.
2025-08-15 12:44:21,815 [WARN] IP:2250 - LL_DeviceAttribute26 not found: check if there is a RefParameter without a condition.
2025-08-15 12:44:21,815 [WARN] IP:2250 - DeviceAttribute6 not found: check if there is a RefParameter without a condition.
2025-08-15 12:44:21,815 [WARN] IP:2250 - Memorytype7 not found: check if there is a RefParameter without a condition.
2025-08-15 12:44:21,815 [WARN] IP:2250 - LL_DeviceAttribute27 not found: check if there is a RefParameter without a condition.
2025-08-15 12:44:21,815 [WARN] IP:2250 - DeviceAttribute7 not found: check if there is a RefParameter without a condition.
2025-08-15 12:44:21,870 [WARN] IP:2250 - DeviceAttribute0 not found: check if there is a RefParameter without a condition.
2025-08-15 12:44:21,870 [WARN] IP:2250 - Memorytype1 not found: check if there is a RefParameter without a condition.
2025-08-15 12:44:21,871 [WARN] IP:2250 - DeviceAttribute1 not found: check if there is a RefParameter without a condition.
2025-08-15 12:44:21,871 [WARN] IP:2250 - LL_DeviceAttribute21 not found: check if there is a RefParameter without a condition.
2025-08-15 12:44:21,871 [WARN] IP:2250 - Memorytype2 not found: check if there is a RefParameter without a condition.
2025-08-15 12:44:21,871 [WARN] IP:2250 - DeviceAttribute2 not found: check if there is a RefParameter without a condition.
2025-08-15 12:44:21,871 [WARN] IP:2250 - LL_DeviceAttribute22 not found: check if there is a RefParameter without a condition.
2025-08-15 12:44:21,871 [WARN] IP:2250 - Memorytype3 not found: check if there is a RefParameter without a condition.
2025-08-15 12:44:21,871 [WARN] IP:2250 - DeviceAttribute3 not found: check if there is a RefParameter without a condition.
2025-08-15 12:44:21,871 [WARN] IP:2250 - LL_DeviceAttribute23 not found: check if there is a RefParameter without a condition.
2025-08-15 12:44:21,871 [WARN] IP:2250 - Memorytype4 not found: check if there is a RefParameter without a condition.
2025-08-15 12:44:21,871 [WARN] IP:2250 - DeviceAttribute4 not found: check if there is a RefParameter without a condition.
2025-08-15 12:44:21,871 [WARN] IP:2250 - LL_DeviceAttribute24 not found: check if there is a RefParameter without a condition.
2025-08-15 12:44:21,872 [WARN] IP:2250 - Memorytype5 not found: check if there is a RefParameter without a condition.
2025-08-15 12:44:21,872 [WARN] IP:2250 - DeviceAttribute5 not found: check if there is a RefParameter without a condition.
2025-08-15 12:44:21,872 [WARN] IP:2250 - LL_DeviceAttribute25 not found: check if there is a RefParameter without a condition.
2025-08-15 12:44:21,872 [WARN] IP:2250 - Memorytype6 not found: check if there is a RefParameter without a condition.
2025-08-15 12:44:21,872 [WARN] IP:2250 - DeviceAttribute6 not found: check if there is a RefParameter without a condition.
2025-08-15 12:44:21,872 [WARN] IP:2250 - LL_DeviceAttribute26 not found: check if there is a RefParameter without a condition.
2025-08-15 12:44:21,872 [WARN] IP:2250 - Memorytype7 not found: check if there is a RefParameter without a condition.
2025-08-15 12:44:21,872 [WARN] IP:2250 - DeviceAttribute7 not found: check if there is a RefParameter without a condition.
2025-08-15 12:44:21,872 [WARN] IP:2250 - LL_DeviceAttribute27 not found: check if there is a RefParameter without a condition.
2025-08-15 12:44:22,038 [INFO] NvicIntPanel:101 - NVIC parent = com.st.microxplorer.plugins.ip.nvic.MultiNvicIntPanel[,0,0,0x0,invalid,layout=javax.swing.BoxLayout,alignmentX=0.0,alignmentY=0.0,border=,flags=9,maximumSize=,minimumSize=,preferredSize=]
2025-08-15 12:44:22,250 [WARN] IP:2250 - RefParam_LRUN_SRC_memory not found: check if there is a RefParameter without a condition.
2025-08-15 12:44:22,250 [WARN] IP:2250 - RefParam_LRUN_SRC_offset not found: check if there is a RefParameter without a condition.
2025-08-15 12:44:22,250 [WARN] IP:2250 - RefParam_LRUN_SRC_size not found: check if there is a RefParameter without a condition.
2025-08-15 12:44:22,250 [WARN] IP:2250 - RefParam_LRUN_DEST_memory not found: check if there is a RefParameter without a condition.
2025-08-15 12:44:22,250 [WARN] IP:2250 - RefParam_LRUN_DEST_offset not found: check if there is a RefParameter without a condition.
2025-08-15 12:44:22,250 [WARN] IP:2250 - RefParam_MEMORY_1_Size not found: check if there is a RefParameter without a condition.
2025-08-15 12:44:22,250 [WARN] IP:2250 - RefParam_MEMORY_1_FreqMax not found: check if there is a RefParameter without a condition.
2025-08-15 12:44:22,250 [WARN] IP:2250 - RefParam_MEMORY_1_ReadReg not found: check if there is a RefParameter without a condition.
2025-08-15 12:44:22,250 [WARN] IP:2250 - RefParam_MEMORY_1_WriteReg not found: check if there is a RefParameter without a condition.
2025-08-15 12:44:22,250 [WARN] IP:2250 - RefParam_MEMORY_1_RegSize not found: check if there is a RefParameter without a condition.
2025-08-15 12:44:22,250 [WARN] IP:2250 - RefParam_MEMORY_1_RegDummyCycle not found: check if there is a RefParameter without a condition.
2025-08-15 12:44:22,250 [WARN] IP:2250 - RefParam_MEMORY_1_WriteCommand not found: check if there is a RefParameter without a condition.
2025-08-15 12:44:22,250 [WARN] IP:2250 - RefParam_MEMORY_1_WriteDummyCycle not found: check if there is a RefParameter without a condition.
2025-08-15 12:44:22,250 [WARN] IP:2250 - RefParam_MEMORY_1_ReadCommand not found: check if there is a RefParameter without a condition.
2025-08-15 12:44:22,250 [WARN] IP:2250 - RefParam_MEMORY_1_WrapReadCommand not found: check if there is a RefParameter without a condition.
2025-08-15 12:44:22,250 [WARN] IP:2250 - RefParam_MEMORY_1_ReadDummyCycle not found: check if there is a RefParameter without a condition.
2025-08-15 12:44:22,250 [WARN] IP:2250 - RefParam_MEMORY_1_NumberOfConfig not found: check if there is a RefParameter without a condition.
2025-08-15 12:44:22,250 [WARN] IP:2250 - RefParam_MEMORY_1_Config1_WriteMask not found: check if there is a RefParameter without a condition.
2025-08-15 12:44:22,250 [WARN] IP:2250 - RefParam_MEMORY_1_Config1_WriteValue not found: check if there is a RefParameter without a condition.
2025-08-15 12:44:22,250 [WARN] IP:2250 - RefParam_MEMORY_1_Config1_RegAddress not found: check if there is a RefParameter without a condition.
2025-08-15 12:44:22,250 [WARN] IP:2250 - RefParam_MEMORY_1_Config2_WriteMask not found: check if there is a RefParameter without a condition.
2025-08-15 12:44:22,250 [WARN] IP:2250 - RefParam_MEMORY_1_Config2_WriteValue not found: check if there is a RefParameter without a condition.
2025-08-15 12:44:22,250 [WARN] IP:2250 - RefParam_MEMORY_1_Config2_RegAddress not found: check if there is a RefParameter without a condition.
2025-08-15 12:44:22,250 [WARN] IP:2250 - RefParam_MEMORY_1_Config3_WriteMask not found: check if there is a RefParameter without a condition.
2025-08-15 12:44:22,250 [WARN] IP:2250 - RefParam_MEMORY_1_Config3_WriteValue not found: check if there is a RefParameter without a condition.
2025-08-15 12:44:22,250 [WARN] IP:2250 - RefParam_MEMORY_1_Config3_RegAddress not found: check if there is a RefParameter without a condition.
2025-08-15 12:44:22,250 [WARN] IP:2250 - RefParam_MEMORY_2_Instance not found: check if there is a RefParameter without a condition.
2025-08-15 12:44:22,250 [WARN] IP:2250 - RefParam_MEMORY_2_ConfigType not found: check if there is a RefParameter without a condition.
2025-08-15 12:44:22,250 [WARN] IP:2250 - RefParam_MEMORY_2_Size not found: check if there is a RefParameter without a condition.
2025-08-15 12:44:22,250 [WARN] IP:2250 - RefParam_MEMORY_2_FreqMax not found: check if there is a RefParameter without a condition.
2025-08-15 12:44:22,250 [WARN] IP:2250 - RefParam_MEMORY_2_ReadReg not found: check if there is a RefParameter without a condition.
2025-08-15 12:44:22,250 [WARN] IP:2250 - RefParam_MEMORY_2_WriteReg not found: check if there is a RefParameter without a condition.
2025-08-15 12:44:22,250 [WARN] IP:2250 - RefParam_MEMORY_2_RegSize not found: check if there is a RefParameter without a condition.
2025-08-15 12:44:22,250 [WARN] IP:2250 - RefParam_MEMORY_2_RegDummyCycle not found: check if there is a RefParameter without a condition.
2025-08-15 12:44:22,250 [WARN] IP:2250 - RefParam_MEMORY_2_WriteCommand not found: check if there is a RefParameter without a condition.
2025-08-15 12:44:22,250 [WARN] IP:2250 - RefParam_MEMORY_2_WriteDummyCycle not found: check if there is a RefParameter without a condition.
2025-08-15 12:44:22,250 [WARN] IP:2250 - RefParam_MEMORY_2_ReadCommand not found: check if there is a RefParameter without a condition.
2025-08-15 12:44:22,251 [WARN] IP:2250 - RefParam_MEMORY_2_WrapReadCommand not found: check if there is a RefParameter without a condition.
2025-08-15 12:44:22,251 [WARN] IP:2250 - RefParam_MEMORY_2_ReadDummyCycle not found: check if there is a RefParameter without a condition.
2025-08-15 12:44:22,251 [WARN] IP:2250 - RefParam_MEMORY_2_NumberOfConfig not found: check if there is a RefParameter without a condition.
2025-08-15 12:44:22,251 [WARN] IP:2250 - RefParam_MEMORY_2_Config1_WriteMask not found: check if there is a RefParameter without a condition.
2025-08-15 12:44:22,251 [WARN] IP:2250 - RefParam_MEMORY_2_Config1_WriteValue not found: check if there is a RefParameter without a condition.
2025-08-15 12:44:22,251 [WARN] IP:2250 - RefParam_MEMORY_2_Config1_RegAddress not found: check if there is a RefParameter without a condition.
2025-08-15 12:44:22,251 [WARN] IP:2250 - RefParam_MEMORY_2_Config2_WriteMask not found: check if there is a RefParameter without a condition.
2025-08-15 12:44:22,251 [WARN] IP:2250 - RefParam_MEMORY_2_Config2_WriteValue not found: check if there is a RefParameter without a condition.
2025-08-15 12:44:22,251 [WARN] IP:2250 - RefParam_MEMORY_2_Config2_RegAddress not found: check if there is a RefParameter without a condition.
2025-08-15 12:44:22,251 [WARN] IP:2250 - RefParam_MEMORY_2_Config3_WriteMask not found: check if there is a RefParameter without a condition.
2025-08-15 12:44:22,251 [WARN] IP:2250 - RefParam_MEMORY_2_Config3_WriteValue not found: check if there is a RefParameter without a condition.
2025-08-15 12:44:22,251 [WARN] IP:2250 - RefParam_MEMORY_2_Config3_RegAddress not found: check if there is a RefParameter without a condition.
2025-08-15 12:44:22,255 [WARN] IP:2250 - pwrPrivilege not found: check if there is a RefParameter without a condition.
2025-08-15 12:44:22,255 [WARN] IP:2250 - pwrPrivilege not found: check if there is a RefParameter without a condition.
2025-08-15 12:44:22,259 [WARN] IP:2250 - Memorytype0 not found: check if there is a RefParameter without a condition.
2025-08-15 12:44:22,260 [WARN] IP:2250 - LL_DeviceAttribute20 not found: check if there is a RefParameter without a condition.
2025-08-15 12:44:22,260 [WARN] IP:2250 - DeviceAttribute0 not found: check if there is a RefParameter without a condition.
2025-08-15 12:44:22,260 [WARN] IP:2250 - DeviceAttribute20 not found: check if there is a RefParameter without a condition.
2025-08-15 12:44:22,260 [WARN] IP:2250 - DeviceAttribute1 not found: check if there is a RefParameter without a condition.
2025-08-15 12:44:22,260 [WARN] IP:2250 - Memorytype2 not found: check if there is a RefParameter without a condition.
2025-08-15 12:44:22,260 [WARN] IP:2250 - LL_DeviceAttribute22 not found: check if there is a RefParameter without a condition.
2025-08-15 12:44:22,260 [WARN] IP:2250 - DeviceAttribute2 not found: check if there is a RefParameter without a condition.
2025-08-15 12:44:22,260 [WARN] IP:2250 - Memorytype3 not found: check if there is a RefParameter without a condition.
2025-08-15 12:44:22,260 [WARN] IP:2250 - LL_DeviceAttribute23 not found: check if there is a RefParameter without a condition.
2025-08-15 12:44:22,260 [WARN] IP:2250 - DeviceAttribute3 not found: check if there is a RefParameter without a condition.
2025-08-15 12:44:22,260 [WARN] IP:2250 - Memorytype4 not found: check if there is a RefParameter without a condition.
2025-08-15 12:44:22,260 [WARN] IP:2250 - LL_DeviceAttribute24 not found: check if there is a RefParameter without a condition.
2025-08-15 12:44:22,260 [WARN] IP:2250 - DeviceAttribute4 not found: check if there is a RefParameter without a condition.
2025-08-15 12:44:22,260 [WARN] IP:2250 - Memorytype5 not found: check if there is a RefParameter without a condition.
2025-08-15 12:44:22,260 [WARN] IP:2250 - LL_DeviceAttribute25 not found: check if there is a RefParameter without a condition.
2025-08-15 12:44:22,260 [WARN] IP:2250 - DeviceAttribute5 not found: check if there is a RefParameter without a condition.
2025-08-15 12:44:22,260 [WARN] IP:2250 - Memorytype6 not found: check if there is a RefParameter without a condition.
2025-08-15 12:44:22,260 [WARN] IP:2250 - LL_DeviceAttribute26 not found: check if there is a RefParameter without a condition.
2025-08-15 12:44:22,260 [WARN] IP:2250 - DeviceAttribute6 not found: check if there is a RefParameter without a condition.
2025-08-15 12:44:22,260 [WARN] IP:2250 - Memorytype7 not found: check if there is a RefParameter without a condition.
2025-08-15 12:44:22,260 [WARN] IP:2250 - LL_DeviceAttribute27 not found: check if there is a RefParameter without a condition.
2025-08-15 12:44:22,260 [WARN] IP:2250 - DeviceAttribute7 not found: check if there is a RefParameter without a condition.
2025-08-15 12:44:22,302 [WARN] IP:2250 - DeviceAttribute0 not found: check if there is a RefParameter without a condition.
2025-08-15 12:44:22,302 [WARN] IP:2250 - Memorytype1 not found: check if there is a RefParameter without a condition.
2025-08-15 12:44:22,302 [WARN] IP:2250 - DeviceAttribute1 not found: check if there is a RefParameter without a condition.
2025-08-15 12:44:22,303 [WARN] IP:2250 - LL_DeviceAttribute21 not found: check if there is a RefParameter without a condition.
2025-08-15 12:44:22,303 [WARN] IP:2250 - Memorytype2 not found: check if there is a RefParameter without a condition.
2025-08-15 12:44:22,303 [WARN] IP:2250 - DeviceAttribute2 not found: check if there is a RefParameter without a condition.
2025-08-15 12:44:22,303 [WARN] IP:2250 - LL_DeviceAttribute22 not found: check if there is a RefParameter without a condition.
2025-08-15 12:44:22,303 [WARN] IP:2250 - Memorytype3 not found: check if there is a RefParameter without a condition.
2025-08-15 12:44:22,303 [WARN] IP:2250 - DeviceAttribute3 not found: check if there is a RefParameter without a condition.
2025-08-15 12:44:22,303 [WARN] IP:2250 - LL_DeviceAttribute23 not found: check if there is a RefParameter without a condition.
2025-08-15 12:44:22,303 [WARN] IP:2250 - Memorytype4 not found: check if there is a RefParameter without a condition.
2025-08-15 12:44:22,303 [WARN] IP:2250 - DeviceAttribute4 not found: check if there is a RefParameter without a condition.
2025-08-15 12:44:22,303 [WARN] IP:2250 - LL_DeviceAttribute24 not found: check if there is a RefParameter without a condition.
2025-08-15 12:44:22,303 [WARN] IP:2250 - Memorytype5 not found: check if there is a RefParameter without a condition.
2025-08-15 12:44:22,303 [WARN] IP:2250 - DeviceAttribute5 not found: check if there is a RefParameter without a condition.
2025-08-15 12:44:22,303 [WARN] IP:2250 - LL_DeviceAttribute25 not found: check if there is a RefParameter without a condition.
2025-08-15 12:44:22,303 [WARN] IP:2250 - Memorytype6 not found: check if there is a RefParameter without a condition.
2025-08-15 12:44:22,303 [WARN] IP:2250 - DeviceAttribute6 not found: check if there is a RefParameter without a condition.
2025-08-15 12:44:22,303 [WARN] IP:2250 - LL_DeviceAttribute26 not found: check if there is a RefParameter without a condition.
2025-08-15 12:44:22,303 [WARN] IP:2250 - Memorytype7 not found: check if there is a RefParameter without a condition.
2025-08-15 12:44:22,303 [WARN] IP:2250 - DeviceAttribute7 not found: check if there is a RefParameter without a condition.
2025-08-15 12:44:22,303 [WARN] IP:2250 - LL_DeviceAttribute27 not found: check if there is a RefParameter without a condition.
2025-08-15 12:44:22,416 [INFO] NvicIntPanel:101 - NVIC parent = com.st.microxplorer.plugins.ip.nvic.MultiNvicIntPanel[,0,0,0x0,invalid,layout=javax.swing.BoxLayout,alignmentX=0.0,alignmentY=0.0,border=,flags=9,maximumSize=,minimumSize=,preferredSize=]
2025-08-15 12:44:33,181 [WARN] IP:2250 - RefParam_LRUN_SRC_memory not found: check if there is a RefParameter without a condition.
2025-08-15 12:44:33,181 [WARN] IP:2250 - RefParam_LRUN_SRC_offset not found: check if there is a RefParameter without a condition.
2025-08-15 12:44:33,181 [WARN] IP:2250 - RefParam_LRUN_SRC_size not found: check if there is a RefParameter without a condition.
2025-08-15 12:44:33,181 [WARN] IP:2250 - RefParam_LRUN_DEST_memory not found: check if there is a RefParameter without a condition.
2025-08-15 12:44:33,181 [WARN] IP:2250 - RefParam_LRUN_DEST_offset not found: check if there is a RefParameter without a condition.
2025-08-15 12:44:33,181 [WARN] IP:2250 - RefParam_MEMORY_1_Size not found: check if there is a RefParameter without a condition.
2025-08-15 12:44:33,181 [WARN] IP:2250 - RefParam_MEMORY_1_FreqMax not found: check if there is a RefParameter without a condition.
2025-08-15 12:44:33,181 [WARN] IP:2250 - RefParam_MEMORY_1_ReadReg not found: check if there is a RefParameter without a condition.
2025-08-15 12:44:33,181 [WARN] IP:2250 - RefParam_MEMORY_1_WriteReg not found: check if there is a RefParameter without a condition.
2025-08-15 12:44:33,181 [WARN] IP:2250 - RefParam_MEMORY_1_RegSize not found: check if there is a RefParameter without a condition.
2025-08-15 12:44:33,181 [WARN] IP:2250 - RefParam_MEMORY_1_RegDummyCycle not found: check if there is a RefParameter without a condition.
2025-08-15 12:44:33,181 [WARN] IP:2250 - RefParam_MEMORY_1_WriteCommand not found: check if there is a RefParameter without a condition.
2025-08-15 12:44:33,181 [WARN] IP:2250 - RefParam_MEMORY_1_WriteDummyCycle not found: check if there is a RefParameter without a condition.
2025-08-15 12:44:33,181 [WARN] IP:2250 - RefParam_MEMORY_1_ReadCommand not found: check if there is a RefParameter without a condition.
2025-08-15 12:44:33,181 [WARN] IP:2250 - RefParam_MEMORY_1_WrapReadCommand not found: check if there is a RefParameter without a condition.
2025-08-15 12:44:33,181 [WARN] IP:2250 - RefParam_MEMORY_1_ReadDummyCycle not found: check if there is a RefParameter without a condition.
2025-08-15 12:44:33,181 [WARN] IP:2250 - RefParam_MEMORY_1_NumberOfConfig not found: check if there is a RefParameter without a condition.
2025-08-15 12:44:33,181 [WARN] IP:2250 - RefParam_MEMORY_1_Config1_WriteMask not found: check if there is a RefParameter without a condition.
2025-08-15 12:44:33,181 [WARN] IP:2250 - RefParam_MEMORY_1_Config1_WriteValue not found: check if there is a RefParameter without a condition.
2025-08-15 12:44:33,181 [WARN] IP:2250 - RefParam_MEMORY_1_Config1_RegAddress not found: check if there is a RefParameter without a condition.
2025-08-15 12:44:33,181 [WARN] IP:2250 - RefParam_MEMORY_1_Config2_WriteMask not found: check if there is a RefParameter without a condition.
2025-08-15 12:44:33,181 [WARN] IP:2250 - RefParam_MEMORY_1_Config2_WriteValue not found: check if there is a RefParameter without a condition.
2025-08-15 12:44:33,181 [WARN] IP:2250 - RefParam_MEMORY_1_Config2_RegAddress not found: check if there is a RefParameter without a condition.
2025-08-15 12:44:33,181 [WARN] IP:2250 - RefParam_MEMORY_1_Config3_WriteMask not found: check if there is a RefParameter without a condition.
2025-08-15 12:44:33,181 [WARN] IP:2250 - RefParam_MEMORY_1_Config3_WriteValue not found: check if there is a RefParameter without a condition.
2025-08-15 12:44:33,181 [WARN] IP:2250 - RefParam_MEMORY_1_Config3_RegAddress not found: check if there is a RefParameter without a condition.
2025-08-15 12:44:33,182 [WARN] IP:2250 - RefParam_MEMORY_2_Instance not found: check if there is a RefParameter without a condition.
2025-08-15 12:44:33,182 [WARN] IP:2250 - RefParam_MEMORY_2_ConfigType not found: check if there is a RefParameter without a condition.
2025-08-15 12:44:33,182 [WARN] IP:2250 - RefParam_MEMORY_2_Size not found: check if there is a RefParameter without a condition.
2025-08-15 12:44:33,182 [WARN] IP:2250 - RefParam_MEMORY_2_FreqMax not found: check if there is a RefParameter without a condition.
2025-08-15 12:44:33,182 [WARN] IP:2250 - RefParam_MEMORY_2_ReadReg not found: check if there is a RefParameter without a condition.
2025-08-15 12:44:33,182 [WARN] IP:2250 - RefParam_MEMORY_2_WriteReg not found: check if there is a RefParameter without a condition.
2025-08-15 12:44:33,182 [WARN] IP:2250 - RefParam_MEMORY_2_RegSize not found: check if there is a RefParameter without a condition.
2025-08-15 12:44:33,182 [WARN] IP:2250 - RefParam_MEMORY_2_RegDummyCycle not found: check if there is a RefParameter without a condition.
2025-08-15 12:44:33,182 [WARN] IP:2250 - RefParam_MEMORY_2_WriteCommand not found: check if there is a RefParameter without a condition.
2025-08-15 12:44:33,182 [WARN] IP:2250 - RefParam_MEMORY_2_WriteDummyCycle not found: check if there is a RefParameter without a condition.
2025-08-15 12:44:33,182 [WARN] IP:2250 - RefParam_MEMORY_2_ReadCommand not found: check if there is a RefParameter without a condition.
2025-08-15 12:44:33,182 [WARN] IP:2250 - RefParam_MEMORY_2_WrapReadCommand not found: check if there is a RefParameter without a condition.
2025-08-15 12:44:33,182 [WARN] IP:2250 - RefParam_MEMORY_2_ReadDummyCycle not found: check if there is a RefParameter without a condition.
2025-08-15 12:44:33,182 [WARN] IP:2250 - RefParam_MEMORY_2_NumberOfConfig not found: check if there is a RefParameter without a condition.
2025-08-15 12:44:33,182 [WARN] IP:2250 - RefParam_MEMORY_2_Config1_WriteMask not found: check if there is a RefParameter without a condition.
2025-08-15 12:44:33,182 [WARN] IP:2250 - RefParam_MEMORY_2_Config1_WriteValue not found: check if there is a RefParameter without a condition.
2025-08-15 12:44:33,182 [WARN] IP:2250 - RefParam_MEMORY_2_Config1_RegAddress not found: check if there is a RefParameter without a condition.
2025-08-15 12:44:33,182 [WARN] IP:2250 - RefParam_MEMORY_2_Config2_WriteMask not found: check if there is a RefParameter without a condition.
2025-08-15 12:44:33,182 [WARN] IP:2250 - RefParam_MEMORY_2_Config2_WriteValue not found: check if there is a RefParameter without a condition.
2025-08-15 12:44:33,182 [WARN] IP:2250 - RefParam_MEMORY_2_Config2_RegAddress not found: check if there is a RefParameter without a condition.
2025-08-15 12:44:33,182 [WARN] IP:2250 - RefParam_MEMORY_2_Config3_WriteMask not found: check if there is a RefParameter without a condition.
2025-08-15 12:44:33,182 [WARN] IP:2250 - RefParam_MEMORY_2_Config3_WriteValue not found: check if there is a RefParameter without a condition.
2025-08-15 12:44:33,182 [WARN] IP:2250 - RefParam_MEMORY_2_Config3_RegAddress not found: check if there is a RefParameter without a condition.
2025-08-15 12:44:33,185 [WARN] IP:2250 - pwrPrivilege not found: check if there is a RefParameter without a condition.
2025-08-15 12:44:33,186 [WARN] IP:2250 - pwrPrivilege not found: check if there is a RefParameter without a condition.
2025-08-15 12:44:33,192 [WARN] IP:2250 - Memorytype0 not found: check if there is a RefParameter without a condition.
2025-08-15 12:44:33,192 [WARN] IP:2250 - LL_DeviceAttribute20 not found: check if there is a RefParameter without a condition.
2025-08-15 12:44:33,192 [WARN] IP:2250 - DeviceAttribute0 not found: check if there is a RefParameter without a condition.
2025-08-15 12:44:33,192 [WARN] IP:2250 - DeviceAttribute20 not found: check if there is a RefParameter without a condition.
2025-08-15 12:44:33,192 [WARN] IP:2250 - DeviceAttribute1 not found: check if there is a RefParameter without a condition.
2025-08-15 12:44:33,192 [WARN] IP:2250 - Memorytype2 not found: check if there is a RefParameter without a condition.
2025-08-15 12:44:33,192 [WARN] IP:2250 - LL_DeviceAttribute22 not found: check if there is a RefParameter without a condition.
2025-08-15 12:44:33,192 [WARN] IP:2250 - DeviceAttribute2 not found: check if there is a RefParameter without a condition.
2025-08-15 12:44:33,192 [WARN] IP:2250 - Memorytype3 not found: check if there is a RefParameter without a condition.
2025-08-15 12:44:33,192 [WARN] IP:2250 - LL_DeviceAttribute23 not found: check if there is a RefParameter without a condition.
2025-08-15 12:44:33,192 [WARN] IP:2250 - DeviceAttribute3 not found: check if there is a RefParameter without a condition.
2025-08-15 12:44:33,192 [WARN] IP:2250 - Memorytype4 not found: check if there is a RefParameter without a condition.
2025-08-15 12:44:33,192 [WARN] IP:2250 - LL_DeviceAttribute24 not found: check if there is a RefParameter without a condition.
2025-08-15 12:44:33,192 [WARN] IP:2250 - DeviceAttribute4 not found: check if there is a RefParameter without a condition.
2025-08-15 12:44:33,193 [WARN] IP:2250 - Memorytype5 not found: check if there is a RefParameter without a condition.
2025-08-15 12:44:33,193 [WARN] IP:2250 - LL_DeviceAttribute25 not found: check if there is a RefParameter without a condition.
2025-08-15 12:44:33,193 [WARN] IP:2250 - DeviceAttribute5 not found: check if there is a RefParameter without a condition.
2025-08-15 12:44:33,193 [WARN] IP:2250 - Memorytype6 not found: check if there is a RefParameter without a condition.
2025-08-15 12:44:33,193 [WARN] IP:2250 - LL_DeviceAttribute26 not found: check if there is a RefParameter without a condition.
2025-08-15 12:44:33,193 [WARN] IP:2250 - DeviceAttribute6 not found: check if there is a RefParameter without a condition.
2025-08-15 12:44:33,193 [WARN] IP:2250 - Memorytype7 not found: check if there is a RefParameter without a condition.
2025-08-15 12:44:33,193 [WARN] IP:2250 - LL_DeviceAttribute27 not found: check if there is a RefParameter without a condition.
2025-08-15 12:44:33,193 [WARN] IP:2250 - DeviceAttribute7 not found: check if there is a RefParameter without a condition.
2025-08-15 12:44:33,251 [WARN] IP:2250 - DeviceAttribute0 not found: check if there is a RefParameter without a condition.
2025-08-15 12:44:33,251 [WARN] IP:2250 - Memorytype1 not found: check if there is a RefParameter without a condition.
2025-08-15 12:44:33,251 [WARN] IP:2250 - DeviceAttribute1 not found: check if there is a RefParameter without a condition.
2025-08-15 12:44:33,251 [WARN] IP:2250 - LL_DeviceAttribute21 not found: check if there is a RefParameter without a condition.
2025-08-15 12:44:33,251 [WARN] IP:2250 - Memorytype2 not found: check if there is a RefParameter without a condition.
2025-08-15 12:44:33,251 [WARN] IP:2250 - DeviceAttribute2 not found: check if there is a RefParameter without a condition.
2025-08-15 12:44:33,251 [WARN] IP:2250 - LL_DeviceAttribute22 not found: check if there is a RefParameter without a condition.
2025-08-15 12:44:33,251 [WARN] IP:2250 - Memorytype3 not found: check if there is a RefParameter without a condition.
2025-08-15 12:44:33,251 [WARN] IP:2250 - DeviceAttribute3 not found: check if there is a RefParameter without a condition.
2025-08-15 12:44:33,251 [WARN] IP:2250 - LL_DeviceAttribute23 not found: check if there is a RefParameter without a condition.
2025-08-15 12:44:33,251 [WARN] IP:2250 - Memorytype4 not found: check if there is a RefParameter without a condition.
2025-08-15 12:44:33,251 [WARN] IP:2250 - DeviceAttribute4 not found: check if there is a RefParameter without a condition.
2025-08-15 12:44:33,251 [WARN] IP:2250 - LL_DeviceAttribute24 not found: check if there is a RefParameter without a condition.
2025-08-15 12:44:33,251 [WARN] IP:2250 - Memorytype5 not found: check if there is a RefParameter without a condition.
2025-08-15 12:44:33,251 [WARN] IP:2250 - DeviceAttribute5 not found: check if there is a RefParameter without a condition.
2025-08-15 12:44:33,251 [WARN] IP:2250 - LL_DeviceAttribute25 not found: check if there is a RefParameter without a condition.
2025-08-15 12:44:33,251 [WARN] IP:2250 - Memorytype6 not found: check if there is a RefParameter without a condition.
2025-08-15 12:44:33,251 [WARN] IP:2250 - DeviceAttribute6 not found: check if there is a RefParameter without a condition.
2025-08-15 12:44:33,251 [WARN] IP:2250 - LL_DeviceAttribute26 not found: check if there is a RefParameter without a condition.
2025-08-15 12:44:33,251 [WARN] IP:2250 - Memorytype7 not found: check if there is a RefParameter without a condition.
2025-08-15 12:44:33,251 [WARN] IP:2250 - DeviceAttribute7 not found: check if there is a RefParameter without a condition.
2025-08-15 12:44:33,251 [WARN] IP:2250 - LL_DeviceAttribute27 not found: check if there is a RefParameter without a condition.
2025-08-15 12:44:42,783 [WARN] IP:2250 - RefParam_LRUN_SRC_memory not found: check if there is a RefParameter without a condition.
2025-08-15 12:44:42,783 [WARN] IP:2250 - RefParam_LRUN_SRC_offset not found: check if there is a RefParameter without a condition.
2025-08-15 12:44:42,783 [WARN] IP:2250 - RefParam_LRUN_SRC_size not found: check if there is a RefParameter without a condition.
2025-08-15 12:44:42,783 [WARN] IP:2250 - RefParam_LRUN_DEST_memory not found: check if there is a RefParameter without a condition.
2025-08-15 12:44:42,783 [WARN] IP:2250 - RefParam_LRUN_DEST_offset not found: check if there is a RefParameter without a condition.
2025-08-15 12:44:42,783 [WARN] IP:2250 - RefParam_MEMORY_1_Size not found: check if there is a RefParameter without a condition.
2025-08-15 12:44:42,783 [WARN] IP:2250 - RefParam_MEMORY_1_FreqMax not found: check if there is a RefParameter without a condition.
2025-08-15 12:44:42,783 [WARN] IP:2250 - RefParam_MEMORY_1_ReadReg not found: check if there is a RefParameter without a condition.
2025-08-15 12:44:42,783 [WARN] IP:2250 - RefParam_MEMORY_1_WriteReg not found: check if there is a RefParameter without a condition.
2025-08-15 12:44:42,783 [WARN] IP:2250 - RefParam_MEMORY_1_RegSize not found: check if there is a RefParameter without a condition.
2025-08-15 12:44:42,783 [WARN] IP:2250 - RefParam_MEMORY_1_RegDummyCycle not found: check if there is a RefParameter without a condition.
2025-08-15 12:44:42,783 [WARN] IP:2250 - RefParam_MEMORY_1_WriteCommand not found: check if there is a RefParameter without a condition.
2025-08-15 12:44:42,783 [WARN] IP:2250 - RefParam_MEMORY_1_WriteDummyCycle not found: check if there is a RefParameter without a condition.
2025-08-15 12:44:42,783 [WARN] IP:2250 - RefParam_MEMORY_1_ReadCommand not found: check if there is a RefParameter without a condition.
2025-08-15 12:44:42,783 [WARN] IP:2250 - RefParam_MEMORY_1_WrapReadCommand not found: check if there is a RefParameter without a condition.
2025-08-15 12:44:42,784 [WARN] IP:2250 - RefParam_MEMORY_1_ReadDummyCycle not found: check if there is a RefParameter without a condition.
2025-08-15 12:44:42,784 [WARN] IP:2250 - RefParam_MEMORY_1_NumberOfConfig not found: check if there is a RefParameter without a condition.
2025-08-15 12:44:42,784 [WARN] IP:2250 - RefParam_MEMORY_1_Config1_WriteMask not found: check if there is a RefParameter without a condition.
2025-08-15 12:44:42,784 [WARN] IP:2250 - RefParam_MEMORY_1_Config1_WriteValue not found: check if there is a RefParameter without a condition.
2025-08-15 12:44:42,784 [WARN] IP:2250 - RefParam_MEMORY_1_Config1_RegAddress not found: check if there is a RefParameter without a condition.
2025-08-15 12:44:42,784 [WARN] IP:2250 - RefParam_MEMORY_1_Config2_WriteMask not found: check if there is a RefParameter without a condition.
2025-08-15 12:44:42,784 [WARN] IP:2250 - RefParam_MEMORY_1_Config2_WriteValue not found: check if there is a RefParameter without a condition.
2025-08-15 12:44:42,784 [WARN] IP:2250 - RefParam_MEMORY_1_Config2_RegAddress not found: check if there is a RefParameter without a condition.
2025-08-15 12:44:42,784 [WARN] IP:2250 - RefParam_MEMORY_1_Config3_WriteMask not found: check if there is a RefParameter without a condition.
2025-08-15 12:44:42,784 [WARN] IP:2250 - RefParam_MEMORY_1_Config3_WriteValue not found: check if there is a RefParameter without a condition.
2025-08-15 12:44:42,784 [WARN] IP:2250 - RefParam_MEMORY_1_Config3_RegAddress not found: check if there is a RefParameter without a condition.
2025-08-15 12:44:42,784 [WARN] IP:2250 - RefParam_MEMORY_2_Instance not found: check if there is a RefParameter without a condition.
2025-08-15 12:44:42,784 [WARN] IP:2250 - RefParam_MEMORY_2_ConfigType not found: check if there is a RefParameter without a condition.
2025-08-15 12:44:42,784 [WARN] IP:2250 - RefParam_MEMORY_2_Size not found: check if there is a RefParameter without a condition.
2025-08-15 12:44:42,784 [WARN] IP:2250 - RefParam_MEMORY_2_FreqMax not found: check if there is a RefParameter without a condition.
2025-08-15 12:44:42,784 [WARN] IP:2250 - RefParam_MEMORY_2_ReadReg not found: check if there is a RefParameter without a condition.
2025-08-15 12:44:42,784 [WARN] IP:2250 - RefParam_MEMORY_2_WriteReg not found: check if there is a RefParameter without a condition.
2025-08-15 12:44:42,784 [WARN] IP:2250 - RefParam_MEMORY_2_RegSize not found: check if there is a RefParameter without a condition.
2025-08-15 12:44:42,784 [WARN] IP:2250 - RefParam_MEMORY_2_RegDummyCycle not found: check if there is a RefParameter without a condition.
2025-08-15 12:44:42,784 [WARN] IP:2250 - RefParam_MEMORY_2_WriteCommand not found: check if there is a RefParameter without a condition.
2025-08-15 12:44:42,784 [WARN] IP:2250 - RefParam_MEMORY_2_WriteDummyCycle not found: check if there is a RefParameter without a condition.
2025-08-15 12:44:42,784 [WARN] IP:2250 - RefParam_MEMORY_2_ReadCommand not found: check if there is a RefParameter without a condition.
2025-08-15 12:44:42,784 [WARN] IP:2250 - RefParam_MEMORY_2_WrapReadCommand not found: check if there is a RefParameter without a condition.
2025-08-15 12:44:42,784 [WARN] IP:2250 - RefParam_MEMORY_2_ReadDummyCycle not found: check if there is a RefParameter without a condition.
2025-08-15 12:44:42,784 [WARN] IP:2250 - RefParam_MEMORY_2_NumberOfConfig not found: check if there is a RefParameter without a condition.
2025-08-15 12:44:42,784 [WARN] IP:2250 - RefParam_MEMORY_2_Config1_WriteMask not found: check if there is a RefParameter without a condition.
2025-08-15 12:44:42,784 [WARN] IP:2250 - RefParam_MEMORY_2_Config1_WriteValue not found: check if there is a RefParameter without a condition.
2025-08-15 12:44:42,784 [WARN] IP:2250 - RefParam_MEMORY_2_Config1_RegAddress not found: check if there is a RefParameter without a condition.
2025-08-15 12:44:42,784 [WARN] IP:2250 - RefParam_MEMORY_2_Config2_WriteMask not found: check if there is a RefParameter without a condition.
2025-08-15 12:44:42,784 [WARN] IP:2250 - RefParam_MEMORY_2_Config2_WriteValue not found: check if there is a RefParameter without a condition.
2025-08-15 12:44:42,784 [WARN] IP:2250 - RefParam_MEMORY_2_Config2_RegAddress not found: check if there is a RefParameter without a condition.
2025-08-15 12:44:42,784 [WARN] IP:2250 - RefParam_MEMORY_2_Config3_WriteMask not found: check if there is a RefParameter without a condition.
2025-08-15 12:44:42,784 [WARN] IP:2250 - RefParam_MEMORY_2_Config3_WriteValue not found: check if there is a RefParameter without a condition.
2025-08-15 12:44:42,784 [WARN] IP:2250 - RefParam_MEMORY_2_Config3_RegAddress not found: check if there is a RefParameter without a condition.
2025-08-15 12:44:42,787 [WARN] IP:2250 - pwrPrivilege not found: check if there is a RefParameter without a condition.
2025-08-15 12:44:42,787 [WARN] IP:2250 - pwrPrivilege not found: check if there is a RefParameter without a condition.
2025-08-15 12:44:42,791 [WARN] IP:2250 - Memorytype0 not found: check if there is a RefParameter without a condition.
2025-08-15 12:44:42,791 [WARN] IP:2250 - LL_DeviceAttribute20 not found: check if there is a RefParameter without a condition.
2025-08-15 12:44:42,791 [WARN] IP:2250 - DeviceAttribute0 not found: check if there is a RefParameter without a condition.
2025-08-15 12:44:42,791 [WARN] IP:2250 - DeviceAttribute20 not found: check if there is a RefParameter without a condition.
2025-08-15 12:44:42,791 [WARN] IP:2250 - DeviceAttribute1 not found: check if there is a RefParameter without a condition.
2025-08-15 12:44:42,791 [WARN] IP:2250 - Memorytype2 not found: check if there is a RefParameter without a condition.
2025-08-15 12:44:42,791 [WARN] IP:2250 - LL_DeviceAttribute22 not found: check if there is a RefParameter without a condition.
2025-08-15 12:44:42,791 [WARN] IP:2250 - DeviceAttribute2 not found: check if there is a RefParameter without a condition.
2025-08-15 12:44:42,791 [WARN] IP:2250 - Memorytype3 not found: check if there is a RefParameter without a condition.
2025-08-15 12:44:42,791 [WARN] IP:2250 - LL_DeviceAttribute23 not found: check if there is a RefParameter without a condition.
2025-08-15 12:44:42,791 [WARN] IP:2250 - DeviceAttribute3 not found: check if there is a RefParameter without a condition.
2025-08-15 12:44:42,791 [WARN] IP:2250 - Memorytype4 not found: check if there is a RefParameter without a condition.
2025-08-15 12:44:42,791 [WARN] IP:2250 - LL_DeviceAttribute24 not found: check if there is a RefParameter without a condition.
2025-08-15 12:44:42,791 [WARN] IP:2250 - DeviceAttribute4 not found: check if there is a RefParameter without a condition.
2025-08-15 12:44:42,791 [WARN] IP:2250 - Memorytype5 not found: check if there is a RefParameter without a condition.
2025-08-15 12:44:42,791 [WARN] IP:2250 - LL_DeviceAttribute25 not found: check if there is a RefParameter without a condition.
2025-08-15 12:44:42,791 [WARN] IP:2250 - DeviceAttribute5 not found: check if there is a RefParameter without a condition.
2025-08-15 12:44:42,792 [WARN] IP:2250 - Memorytype6 not found: check if there is a RefParameter without a condition.
2025-08-15 12:44:42,792 [WARN] IP:2250 - LL_DeviceAttribute26 not found: check if there is a RefParameter without a condition.
2025-08-15 12:44:42,792 [WARN] IP:2250 - DeviceAttribute6 not found: check if there is a RefParameter without a condition.
2025-08-15 12:44:42,792 [WARN] IP:2250 - Memorytype7 not found: check if there is a RefParameter without a condition.
2025-08-15 12:44:42,792 [WARN] IP:2250 - LL_DeviceAttribute27 not found: check if there is a RefParameter without a condition.
2025-08-15 12:44:42,792 [WARN] IP:2250 - DeviceAttribute7 not found: check if there is a RefParameter without a condition.
2025-08-15 12:44:42,828 [WARN] IP:2250 - DeviceAttribute0 not found: check if there is a RefParameter without a condition.
2025-08-15 12:44:42,828 [WARN] IP:2250 - Memorytype1 not found: check if there is a RefParameter without a condition.
2025-08-15 12:44:42,828 [WARN] IP:2250 - DeviceAttribute1 not found: check if there is a RefParameter without a condition.
2025-08-15 12:44:42,828 [WARN] IP:2250 - LL_DeviceAttribute21 not found: check if there is a RefParameter without a condition.
2025-08-15 12:44:42,828 [WARN] IP:2250 - Memorytype2 not found: check if there is a RefParameter without a condition.
2025-08-15 12:44:42,828 [WARN] IP:2250 - DeviceAttribute2 not found: check if there is a RefParameter without a condition.
2025-08-15 12:44:42,828 [WARN] IP:2250 - LL_DeviceAttribute22 not found: check if there is a RefParameter without a condition.
2025-08-15 12:44:42,828 [WARN] IP:2250 - Memorytype3 not found: check if there is a RefParameter without a condition.
2025-08-15 12:44:42,828 [WARN] IP:2250 - DeviceAttribute3 not found: check if there is a RefParameter without a condition.
2025-08-15 12:44:42,828 [WARN] IP:2250 - LL_DeviceAttribute23 not found: check if there is a RefParameter without a condition.
2025-08-15 12:44:42,828 [WARN] IP:2250 - Memorytype4 not found: check if there is a RefParameter without a condition.
2025-08-15 12:44:42,828 [WARN] IP:2250 - DeviceAttribute4 not found: check if there is a RefParameter without a condition.
2025-08-15 12:44:42,828 [WARN] IP:2250 - LL_DeviceAttribute24 not found: check if there is a RefParameter without a condition.
2025-08-15 12:44:42,828 [WARN] IP:2250 - Memorytype5 not found: check if there is a RefParameter without a condition.
2025-08-15 12:44:42,828 [WARN] IP:2250 - DeviceAttribute5 not found: check if there is a RefParameter without a condition.
2025-08-15 12:44:42,828 [WARN] IP:2250 - LL_DeviceAttribute25 not found: check if there is a RefParameter without a condition.
2025-08-15 12:44:42,828 [WARN] IP:2250 - Memorytype6 not found: check if there is a RefParameter without a condition.
2025-08-15 12:44:42,828 [WARN] IP:2250 - DeviceAttribute6 not found: check if there is a RefParameter without a condition.
2025-08-15 12:44:42,828 [WARN] IP:2250 - LL_DeviceAttribute26 not found: check if there is a RefParameter without a condition.
2025-08-15 12:44:42,828 [WARN] IP:2250 - Memorytype7 not found: check if there is a RefParameter without a condition.
2025-08-15 12:44:42,828 [WARN] IP:2250 - DeviceAttribute7 not found: check if there is a RefParameter without a condition.
2025-08-15 12:44:42,828 [WARN] IP:2250 - LL_DeviceAttribute27 not found: check if there is a RefParameter without a condition.
2025-08-15 12:45:54,946 [WARN] IP:2250 - RefParam_LRUN_SRC_memory not found: check if there is a RefParameter without a condition.
2025-08-15 12:45:54,947 [WARN] IP:2250 - RefParam_LRUN_SRC_offset not found: check if there is a RefParameter without a condition.
2025-08-15 12:45:54,947 [WARN] IP:2250 - RefParam_LRUN_SRC_size not found: check if there is a RefParameter without a condition.
2025-08-15 12:45:54,947 [WARN] IP:2250 - RefParam_LRUN_DEST_memory not found: check if there is a RefParameter without a condition.
2025-08-15 12:45:54,947 [WARN] IP:2250 - RefParam_LRUN_DEST_offset not found: check if there is a RefParameter without a condition.
2025-08-15 12:45:54,947 [WARN] IP:2250 - RefParam_MEMORY_1_Size not found: check if there is a RefParameter without a condition.
2025-08-15 12:45:54,947 [WARN] IP:2250 - RefParam_MEMORY_1_FreqMax not found: check if there is a RefParameter without a condition.
2025-08-15 12:45:54,947 [WARN] IP:2250 - RefParam_MEMORY_1_ReadReg not found: check if there is a RefParameter without a condition.
2025-08-15 12:45:54,947 [WARN] IP:2250 - RefParam_MEMORY_1_WriteReg not found: check if there is a RefParameter without a condition.
2025-08-15 12:45:54,947 [WARN] IP:2250 - RefParam_MEMORY_1_RegSize not found: check if there is a RefParameter without a condition.
2025-08-15 12:45:54,947 [WARN] IP:2250 - RefParam_MEMORY_1_RegDummyCycle not found: check if there is a RefParameter without a condition.
2025-08-15 12:45:54,947 [WARN] IP:2250 - RefParam_MEMORY_1_WriteCommand not found: check if there is a RefParameter without a condition.
2025-08-15 12:45:54,947 [WARN] IP:2250 - RefParam_MEMORY_1_WriteDummyCycle not found: check if there is a RefParameter without a condition.
2025-08-15 12:45:54,947 [WARN] IP:2250 - RefParam_MEMORY_1_ReadCommand not found: check if there is a RefParameter without a condition.
2025-08-15 12:45:54,947 [WARN] IP:2250 - RefParam_MEMORY_1_WrapReadCommand not found: check if there is a RefParameter without a condition.
2025-08-15 12:45:54,947 [WARN] IP:2250 - RefParam_MEMORY_1_ReadDummyCycle not found: check if there is a RefParameter without a condition.
2025-08-15 12:45:54,947 [WARN] IP:2250 - RefParam_MEMORY_1_NumberOfConfig not found: check if there is a RefParameter without a condition.
2025-08-15 12:45:54,947 [WARN] IP:2250 - RefParam_MEMORY_1_Config1_WriteMask not found: check if there is a RefParameter without a condition.
2025-08-15 12:45:54,947 [WARN] IP:2250 - RefParam_MEMORY_1_Config1_WriteValue not found: check if there is a RefParameter without a condition.
2025-08-15 12:45:54,947 [WARN] IP:2250 - RefParam_MEMORY_1_Config1_RegAddress not found: check if there is a RefParameter without a condition.
2025-08-15 12:45:54,947 [WARN] IP:2250 - RefParam_MEMORY_1_Config2_WriteMask not found: check if there is a RefParameter without a condition.
2025-08-15 12:45:54,947 [WARN] IP:2250 - RefParam_MEMORY_1_Config2_WriteValue not found: check if there is a RefParameter without a condition.
2025-08-15 12:45:54,947 [WARN] IP:2250 - RefParam_MEMORY_1_Config2_RegAddress not found: check if there is a RefParameter without a condition.
2025-08-15 12:45:54,947 [WARN] IP:2250 - RefParam_MEMORY_1_Config3_WriteMask not found: check if there is a RefParameter without a condition.
2025-08-15 12:45:54,948 [WARN] IP:2250 - RefParam_MEMORY_1_Config3_WriteValue not found: check if there is a RefParameter without a condition.
2025-08-15 12:45:54,948 [WARN] IP:2250 - RefParam_MEMORY_1_Config3_RegAddress not found: check if there is a RefParameter without a condition.
2025-08-15 12:45:54,948 [WARN] IP:2250 - RefParam_MEMORY_2_Instance not found: check if there is a RefParameter without a condition.
2025-08-15 12:45:54,948 [WARN] IP:2250 - RefParam_MEMORY_2_ConfigType not found: check if there is a RefParameter without a condition.
2025-08-15 12:45:54,948 [WARN] IP:2250 - RefParam_MEMORY_2_Size not found: check if there is a RefParameter without a condition.
2025-08-15 12:45:54,948 [WARN] IP:2250 - RefParam_MEMORY_2_FreqMax not found: check if there is a RefParameter without a condition.
2025-08-15 12:45:54,948 [WARN] IP:2250 - RefParam_MEMORY_2_ReadReg not found: check if there is a RefParameter without a condition.
2025-08-15 12:45:54,948 [WARN] IP:2250 - RefParam_MEMORY_2_WriteReg not found: check if there is a RefParameter without a condition.
2025-08-15 12:45:54,948 [WARN] IP:2250 - RefParam_MEMORY_2_RegSize not found: check if there is a RefParameter without a condition.
2025-08-15 12:45:54,948 [WARN] IP:2250 - RefParam_MEMORY_2_RegDummyCycle not found: check if there is a RefParameter without a condition.
2025-08-15 12:45:54,948 [WARN] IP:2250 - RefParam_MEMORY_2_WriteCommand not found: check if there is a RefParameter without a condition.
2025-08-15 12:45:54,948 [WARN] IP:2250 - RefParam_MEMORY_2_WriteDummyCycle not found: check if there is a RefParameter without a condition.
2025-08-15 12:45:54,948 [WARN] IP:2250 - RefParam_MEMORY_2_ReadCommand not found: check if there is a RefParameter without a condition.
2025-08-15 12:45:54,948 [WARN] IP:2250 - RefParam_MEMORY_2_WrapReadCommand not found: check if there is a RefParameter without a condition.
2025-08-15 12:45:54,948 [WARN] IP:2250 - RefParam_MEMORY_2_ReadDummyCycle not found: check if there is a RefParameter without a condition.
2025-08-15 12:45:54,948 [WARN] IP:2250 - RefParam_MEMORY_2_NumberOfConfig not found: check if there is a RefParameter without a condition.
2025-08-15 12:45:54,948 [WARN] IP:2250 - RefParam_MEMORY_2_Config1_WriteMask not found: check if there is a RefParameter without a condition.
2025-08-15 12:45:54,948 [WARN] IP:2250 - RefParam_MEMORY_2_Config1_WriteValue not found: check if there is a RefParameter without a condition.
2025-08-15 12:45:54,948 [WARN] IP:2250 - RefParam_MEMORY_2_Config1_RegAddress not found: check if there is a RefParameter without a condition.
2025-08-15 12:45:54,948 [WARN] IP:2250 - RefParam_MEMORY_2_Config2_WriteMask not found: check if there is a RefParameter without a condition.
2025-08-15 12:45:54,948 [WARN] IP:2250 - RefParam_MEMORY_2_Config2_WriteValue not found: check if there is a RefParameter without a condition.
2025-08-15 12:45:54,948 [WARN] IP:2250 - RefParam_MEMORY_2_Config2_RegAddress not found: check if there is a RefParameter without a condition.
2025-08-15 12:45:54,948 [WARN] IP:2250 - RefParam_MEMORY_2_Config3_WriteMask not found: check if there is a RefParameter without a condition.
2025-08-15 12:45:54,948 [WARN] IP:2250 - RefParam_MEMORY_2_Config3_WriteValue not found: check if there is a RefParameter without a condition.
2025-08-15 12:45:54,948 [WARN] IP:2250 - RefParam_MEMORY_2_Config3_RegAddress not found: check if there is a RefParameter without a condition.
2025-08-15 12:45:54,956 [WARN] IP:2250 - pwrPrivilege not found: check if there is a RefParameter without a condition.
2025-08-15 12:45:54,956 [WARN] IP:2250 - pwrPrivilege not found: check if there is a RefParameter without a condition.
2025-08-15 12:45:54,960 [WARN] IP:2250 - Memorytype0 not found: check if there is a RefParameter without a condition.
2025-08-15 12:45:54,960 [WARN] IP:2250 - LL_DeviceAttribute20 not found: check if there is a RefParameter without a condition.
2025-08-15 12:45:54,960 [WARN] IP:2250 - DeviceAttribute0 not found: check if there is a RefParameter without a condition.
2025-08-15 12:45:54,960 [WARN] IP:2250 - DeviceAttribute20 not found: check if there is a RefParameter without a condition.
2025-08-15 12:45:54,960 [WARN] IP:2250 - DeviceAttribute1 not found: check if there is a RefParameter without a condition.
2025-08-15 12:45:54,960 [WARN] IP:2250 - Memorytype2 not found: check if there is a RefParameter without a condition.
2025-08-15 12:45:54,960 [WARN] IP:2250 - LL_DeviceAttribute22 not found: check if there is a RefParameter without a condition.
2025-08-15 12:45:54,960 [WARN] IP:2250 - DeviceAttribute2 not found: check if there is a RefParameter without a condition.
2025-08-15 12:45:54,960 [WARN] IP:2250 - Memorytype3 not found: check if there is a RefParameter without a condition.
2025-08-15 12:45:54,960 [WARN] IP:2250 - LL_DeviceAttribute23 not found: check if there is a RefParameter without a condition.
2025-08-15 12:45:54,960 [WARN] IP:2250 - DeviceAttribute3 not found: check if there is a RefParameter without a condition.
2025-08-15 12:45:54,960 [WARN] IP:2250 - Memorytype4 not found: check if there is a RefParameter without a condition.
2025-08-15 12:45:54,960 [WARN] IP:2250 - LL_DeviceAttribute24 not found: check if there is a RefParameter without a condition.
2025-08-15 12:45:54,960 [WARN] IP:2250 - DeviceAttribute4 not found: check if there is a RefParameter without a condition.
2025-08-15 12:45:54,960 [WARN] IP:2250 - Memorytype5 not found: check if there is a RefParameter without a condition.
2025-08-15 12:45:54,960 [WARN] IP:2250 - LL_DeviceAttribute25 not found: check if there is a RefParameter without a condition.
2025-08-15 12:45:54,960 [WARN] IP:2250 - DeviceAttribute5 not found: check if there is a RefParameter without a condition.
2025-08-15 12:45:54,960 [WARN] IP:2250 - Memorytype6 not found: check if there is a RefParameter without a condition.
2025-08-15 12:45:54,960 [WARN] IP:2250 - LL_DeviceAttribute26 not found: check if there is a RefParameter without a condition.
2025-08-15 12:45:54,960 [WARN] IP:2250 - DeviceAttribute6 not found: check if there is a RefParameter without a condition.
2025-08-15 12:45:54,961 [WARN] IP:2250 - Memorytype7 not found: check if there is a RefParameter without a condition.
2025-08-15 12:45:54,961 [WARN] IP:2250 - LL_DeviceAttribute27 not found: check if there is a RefParameter without a condition.
2025-08-15 12:45:54,961 [WARN] IP:2250 - DeviceAttribute7 not found: check if there is a RefParameter without a condition.
2025-08-15 12:45:54,996 [WARN] IP:2250 - DeviceAttribute0 not found: check if there is a RefParameter without a condition.
2025-08-15 12:45:54,996 [WARN] IP:2250 - Memorytype1 not found: check if there is a RefParameter without a condition.
2025-08-15 12:45:54,996 [WARN] IP:2250 - DeviceAttribute1 not found: check if there is a RefParameter without a condition.
2025-08-15 12:45:54,996 [WARN] IP:2250 - LL_DeviceAttribute21 not found: check if there is a RefParameter without a condition.
2025-08-15 12:45:54,996 [WARN] IP:2250 - Memorytype2 not found: check if there is a RefParameter without a condition.
2025-08-15 12:45:54,996 [WARN] IP:2250 - DeviceAttribute2 not found: check if there is a RefParameter without a condition.
2025-08-15 12:45:54,996 [WARN] IP:2250 - LL_DeviceAttribute22 not found: check if there is a RefParameter without a condition.
2025-08-15 12:45:54,996 [WARN] IP:2250 - Memorytype3 not found: check if there is a RefParameter without a condition.
2025-08-15 12:45:54,996 [WARN] IP:2250 - DeviceAttribute3 not found: check if there is a RefParameter without a condition.
2025-08-15 12:45:54,996 [WARN] IP:2250 - LL_DeviceAttribute23 not found: check if there is a RefParameter without a condition.
2025-08-15 12:45:54,996 [WARN] IP:2250 - Memorytype4 not found: check if there is a RefParameter without a condition.
2025-08-15 12:45:54,996 [WARN] IP:2250 - DeviceAttribute4 not found: check if there is a RefParameter without a condition.
2025-08-15 12:45:54,996 [WARN] IP:2250 - LL_DeviceAttribute24 not found: check if there is a RefParameter without a condition.
2025-08-15 12:45:54,996 [WARN] IP:2250 - Memorytype5 not found: check if there is a RefParameter without a condition.
2025-08-15 12:45:54,996 [WARN] IP:2250 - DeviceAttribute5 not found: check if there is a RefParameter without a condition.
2025-08-15 12:45:54,997 [WARN] IP:2250 - LL_DeviceAttribute25 not found: check if there is a RefParameter without a condition.
2025-08-15 12:45:54,997 [WARN] IP:2250 - Memorytype6 not found: check if there is a RefParameter without a condition.
2025-08-15 12:45:54,997 [WARN] IP:2250 - DeviceAttribute6 not found: check if there is a RefParameter without a condition.
2025-08-15 12:45:54,997 [WARN] IP:2250 - LL_DeviceAttribute26 not found: check if there is a RefParameter without a condition.
2025-08-15 12:45:54,997 [WARN] IP:2250 - Memorytype7 not found: check if there is a RefParameter without a condition.
2025-08-15 12:45:54,997 [WARN] IP:2250 - DeviceAttribute7 not found: check if there is a RefParameter without a condition.
2025-08-15 12:45:54,997 [WARN] IP:2250 - LL_DeviceAttribute27 not found: check if there is a RefParameter without a condition.
2025-08-15 12:45:55,183 [WARN] IP:2250 - RefParam_LRUN_SRC_memory not found: check if there is a RefParameter without a condition.
2025-08-15 12:45:55,183 [WARN] IP:2250 - RefParam_LRUN_SRC_offset not found: check if there is a RefParameter without a condition.
2025-08-15 12:45:55,183 [WARN] IP:2250 - RefParam_LRUN_SRC_size not found: check if there is a RefParameter without a condition.
2025-08-15 12:45:55,183 [WARN] IP:2250 - RefParam_LRUN_DEST_memory not found: check if there is a RefParameter without a condition.
2025-08-15 12:45:55,183 [WARN] IP:2250 - RefParam_LRUN_DEST_offset not found: check if there is a RefParameter without a condition.
2025-08-15 12:45:55,183 [WARN] IP:2250 - RefParam_MEMORY_1_Size not found: check if there is a RefParameter without a condition.
2025-08-15 12:45:55,183 [WARN] IP:2250 - RefParam_MEMORY_1_FreqMax not found: check if there is a RefParameter without a condition.
2025-08-15 12:45:55,183 [WARN] IP:2250 - RefParam_MEMORY_1_ReadReg not found: check if there is a RefParameter without a condition.
2025-08-15 12:45:55,183 [WARN] IP:2250 - RefParam_MEMORY_1_WriteReg not found: check if there is a RefParameter without a condition.
2025-08-15 12:45:55,183 [WARN] IP:2250 - RefParam_MEMORY_1_RegSize not found: check if there is a RefParameter without a condition.
2025-08-15 12:45:55,183 [WARN] IP:2250 - RefParam_MEMORY_1_RegDummyCycle not found: check if there is a RefParameter without a condition.
2025-08-15 12:45:55,183 [WARN] IP:2250 - RefParam_MEMORY_1_WriteCommand not found: check if there is a RefParameter without a condition.
2025-08-15 12:45:55,183 [WARN] IP:2250 - RefParam_MEMORY_1_WriteDummyCycle not found: check if there is a RefParameter without a condition.
2025-08-15 12:45:55,183 [WARN] IP:2250 - RefParam_MEMORY_1_ReadCommand not found: check if there is a RefParameter without a condition.
2025-08-15 12:45:55,183 [WARN] IP:2250 - RefParam_MEMORY_1_WrapReadCommand not found: check if there is a RefParameter without a condition.
2025-08-15 12:45:55,183 [WARN] IP:2250 - RefParam_MEMORY_1_ReadDummyCycle not found: check if there is a RefParameter without a condition.
2025-08-15 12:45:55,183 [WARN] IP:2250 - RefParam_MEMORY_1_NumberOfConfig not found: check if there is a RefParameter without a condition.
2025-08-15 12:45:55,183 [WARN] IP:2250 - RefParam_MEMORY_1_Config1_WriteMask not found: check if there is a RefParameter without a condition.
2025-08-15 12:45:55,183 [WARN] IP:2250 - RefParam_MEMORY_1_Config1_WriteValue not found: check if there is a RefParameter without a condition.
2025-08-15 12:45:55,183 [WARN] IP:2250 - RefParam_MEMORY_1_Config1_RegAddress not found: check if there is a RefParameter without a condition.
2025-08-15 12:45:55,183 [WARN] IP:2250 - RefParam_MEMORY_1_Config2_WriteMask not found: check if there is a RefParameter without a condition.
2025-08-15 12:45:55,183 [WARN] IP:2250 - RefParam_MEMORY_1_Config2_WriteValue not found: check if there is a RefParameter without a condition.
2025-08-15 12:45:55,183 [WARN] IP:2250 - RefParam_MEMORY_1_Config2_RegAddress not found: check if there is a RefParameter without a condition.
2025-08-15 12:45:55,183 [WARN] IP:2250 - RefParam_MEMORY_1_Config3_WriteMask not found: check if there is a RefParameter without a condition.
2025-08-15 12:45:55,183 [WARN] IP:2250 - RefParam_MEMORY_1_Config3_WriteValue not found: check if there is a RefParameter without a condition.
2025-08-15 12:45:55,183 [WARN] IP:2250 - RefParam_MEMORY_1_Config3_RegAddress not found: check if there is a RefParameter without a condition.
2025-08-15 12:45:55,183 [WARN] IP:2250 - RefParam_MEMORY_2_Instance not found: check if there is a RefParameter without a condition.
2025-08-15 12:45:55,183 [WARN] IP:2250 - RefParam_MEMORY_2_ConfigType not found: check if there is a RefParameter without a condition.
2025-08-15 12:45:55,183 [WARN] IP:2250 - RefParam_MEMORY_2_Size not found: check if there is a RefParameter without a condition.
2025-08-15 12:45:55,183 [WARN] IP:2250 - RefParam_MEMORY_2_FreqMax not found: check if there is a RefParameter without a condition.
2025-08-15 12:45:55,183 [WARN] IP:2250 - RefParam_MEMORY_2_ReadReg not found: check if there is a RefParameter without a condition.
2025-08-15 12:45:55,183 [WARN] IP:2250 - RefParam_MEMORY_2_WriteReg not found: check if there is a RefParameter without a condition.
2025-08-15 12:45:55,183 [WARN] IP:2250 - RefParam_MEMORY_2_RegSize not found: check if there is a RefParameter without a condition.
2025-08-15 12:45:55,183 [WARN] IP:2250 - RefParam_MEMORY_2_RegDummyCycle not found: check if there is a RefParameter without a condition.
2025-08-15 12:45:55,184 [WARN] IP:2250 - RefParam_MEMORY_2_WriteCommand not found: check if there is a RefParameter without a condition.
2025-08-15 12:45:55,184 [WARN] IP:2250 - RefParam_MEMORY_2_WriteDummyCycle not found: check if there is a RefParameter without a condition.
2025-08-15 12:45:55,184 [WARN] IP:2250 - RefParam_MEMORY_2_ReadCommand not found: check if there is a RefParameter without a condition.
2025-08-15 12:45:55,184 [WARN] IP:2250 - RefParam_MEMORY_2_WrapReadCommand not found: check if there is a RefParameter without a condition.
2025-08-15 12:45:55,184 [WARN] IP:2250 - RefParam_MEMORY_2_ReadDummyCycle not found: check if there is a RefParameter without a condition.
2025-08-15 12:45:55,184 [WARN] IP:2250 - RefParam_MEMORY_2_NumberOfConfig not found: check if there is a RefParameter without a condition.
2025-08-15 12:45:55,184 [WARN] IP:2250 - RefParam_MEMORY_2_Config1_WriteMask not found: check if there is a RefParameter without a condition.
2025-08-15 12:45:55,184 [WARN] IP:2250 - RefParam_MEMORY_2_Config1_WriteValue not found: check if there is a RefParameter without a condition.
2025-08-15 12:45:55,184 [WARN] IP:2250 - RefParam_MEMORY_2_Config1_RegAddress not found: check if there is a RefParameter without a condition.
2025-08-15 12:45:55,184 [WARN] IP:2250 - RefParam_MEMORY_2_Config2_WriteMask not found: check if there is a RefParameter without a condition.
2025-08-15 12:45:55,184 [WARN] IP:2250 - RefParam_MEMORY_2_Config2_WriteValue not found: check if there is a RefParameter without a condition.
2025-08-15 12:45:55,184 [WARN] IP:2250 - RefParam_MEMORY_2_Config2_RegAddress not found: check if there is a RefParameter without a condition.
2025-08-15 12:45:55,184 [WARN] IP:2250 - RefParam_MEMORY_2_Config3_WriteMask not found: check if there is a RefParameter without a condition.
2025-08-15 12:45:55,184 [WARN] IP:2250 - RefParam_MEMORY_2_Config3_WriteValue not found: check if there is a RefParameter without a condition.
2025-08-15 12:45:55,184 [WARN] IP:2250 - RefParam_MEMORY_2_Config3_RegAddress not found: check if there is a RefParameter without a condition.
2025-08-15 12:45:55,187 [WARN] IP:2250 - pwrPrivilege not found: check if there is a RefParameter without a condition.
2025-08-15 12:45:55,187 [WARN] IP:2250 - pwrPrivilege not found: check if there is a RefParameter without a condition.
2025-08-15 12:45:55,191 [WARN] IP:2250 - Memorytype0 not found: check if there is a RefParameter without a condition.
2025-08-15 12:45:55,191 [WARN] IP:2250 - LL_DeviceAttribute20 not found: check if there is a RefParameter without a condition.
2025-08-15 12:45:55,191 [WARN] IP:2250 - DeviceAttribute0 not found: check if there is a RefParameter without a condition.
2025-08-15 12:45:55,191 [WARN] IP:2250 - DeviceAttribute20 not found: check if there is a RefParameter without a condition.
2025-08-15 12:45:55,191 [WARN] IP:2250 - DeviceAttribute1 not found: check if there is a RefParameter without a condition.
2025-08-15 12:45:55,191 [WARN] IP:2250 - Memorytype2 not found: check if there is a RefParameter without a condition.
2025-08-15 12:45:55,191 [WARN] IP:2250 - LL_DeviceAttribute22 not found: check if there is a RefParameter without a condition.
2025-08-15 12:45:55,192 [WARN] IP:2250 - DeviceAttribute2 not found: check if there is a RefParameter without a condition.
2025-08-15 12:45:55,192 [WARN] IP:2250 - Memorytype3 not found: check if there is a RefParameter without a condition.
2025-08-15 12:45:55,192 [WARN] IP:2250 - LL_DeviceAttribute23 not found: check if there is a RefParameter without a condition.
2025-08-15 12:45:55,192 [WARN] IP:2250 - DeviceAttribute3 not found: check if there is a RefParameter without a condition.
2025-08-15 12:45:55,192 [WARN] IP:2250 - Memorytype4 not found: check if there is a RefParameter without a condition.
2025-08-15 12:45:55,192 [WARN] IP:2250 - LL_DeviceAttribute24 not found: check if there is a RefParameter without a condition.
2025-08-15 12:45:55,192 [WARN] IP:2250 - DeviceAttribute4 not found: check if there is a RefParameter without a condition.
2025-08-15 12:45:55,192 [WARN] IP:2250 - Memorytype5 not found: check if there is a RefParameter without a condition.
2025-08-15 12:45:55,192 [WARN] IP:2250 - LL_DeviceAttribute25 not found: check if there is a RefParameter without a condition.
2025-08-15 12:45:55,192 [WARN] IP:2250 - DeviceAttribute5 not found: check if there is a RefParameter without a condition.
2025-08-15 12:45:55,192 [WARN] IP:2250 - Memorytype6 not found: check if there is a RefParameter without a condition.
2025-08-15 12:45:55,192 [WARN] IP:2250 - LL_DeviceAttribute26 not found: check if there is a RefParameter without a condition.
2025-08-15 12:45:55,192 [WARN] IP:2250 - DeviceAttribute6 not found: check if there is a RefParameter without a condition.
2025-08-15 12:45:55,192 [WARN] IP:2250 - Memorytype7 not found: check if there is a RefParameter without a condition.
2025-08-15 12:45:55,192 [WARN] IP:2250 - LL_DeviceAttribute27 not found: check if there is a RefParameter without a condition.
2025-08-15 12:45:55,192 [WARN] IP:2250 - DeviceAttribute7 not found: check if there is a RefParameter without a condition.
2025-08-15 12:45:55,236 [WARN] IP:2250 - DeviceAttribute0 not found: check if there is a RefParameter without a condition.
2025-08-15 12:45:55,237 [WARN] IP:2250 - Memorytype1 not found: check if there is a RefParameter without a condition.
2025-08-15 12:45:55,237 [WARN] IP:2250 - DeviceAttribute1 not found: check if there is a RefParameter without a condition.
2025-08-15 12:45:55,237 [WARN] IP:2250 - LL_DeviceAttribute21 not found: check if there is a RefParameter without a condition.
2025-08-15 12:45:55,237 [WARN] IP:2250 - Memorytype2 not found: check if there is a RefParameter without a condition.
2025-08-15 12:45:55,237 [WARN] IP:2250 - DeviceAttribute2 not found: check if there is a RefParameter without a condition.
2025-08-15 12:45:55,237 [WARN] IP:2250 - LL_DeviceAttribute22 not found: check if there is a RefParameter without a condition.
2025-08-15 12:45:55,237 [WARN] IP:2250 - Memorytype3 not found: check if there is a RefParameter without a condition.
2025-08-15 12:45:55,237 [WARN] IP:2250 - DeviceAttribute3 not found: check if there is a RefParameter without a condition.
2025-08-15 12:45:55,237 [WARN] IP:2250 - LL_DeviceAttribute23 not found: check if there is a RefParameter without a condition.
2025-08-15 12:45:55,237 [WARN] IP:2250 - Memorytype4 not found: check if there is a RefParameter without a condition.
2025-08-15 12:45:55,237 [WARN] IP:2250 - DeviceAttribute4 not found: check if there is a RefParameter without a condition.
2025-08-15 12:45:55,237 [WARN] IP:2250 - LL_DeviceAttribute24 not found: check if there is a RefParameter without a condition.
2025-08-15 12:45:55,237 [WARN] IP:2250 - Memorytype5 not found: check if there is a RefParameter without a condition.
2025-08-15 12:45:55,237 [WARN] IP:2250 - DeviceAttribute5 not found: check if there is a RefParameter without a condition.
2025-08-15 12:45:55,237 [WARN] IP:2250 - LL_DeviceAttribute25 not found: check if there is a RefParameter without a condition.
2025-08-15 12:45:55,237 [WARN] IP:2250 - Memorytype6 not found: check if there is a RefParameter without a condition.
2025-08-15 12:45:55,237 [WARN] IP:2250 - DeviceAttribute6 not found: check if there is a RefParameter without a condition.
2025-08-15 12:45:55,237 [WARN] IP:2250 - LL_DeviceAttribute26 not found: check if there is a RefParameter without a condition.
2025-08-15 12:45:55,237 [WARN] IP:2250 - Memorytype7 not found: check if there is a RefParameter without a condition.
2025-08-15 12:45:55,237 [WARN] IP:2250 - DeviceAttribute7 not found: check if there is a RefParameter without a condition.
2025-08-15 12:45:55,237 [WARN] IP:2250 - LL_DeviceAttribute27 not found: check if there is a RefParameter without a condition.
2025-08-15 12:45:55,352 [INFO] NvicIntPanel:101 - NVIC parent = com.st.microxplorer.plugins.ip.nvic.MultiNvicIntPanel[,0,0,0x0,invalid,layout=javax.swing.BoxLayout,alignmentX=0.0,alignmentY=0.0,border=,flags=9,maximumSize=,minimumSize=,preferredSize=]
2025-08-15 12:45:55,413 [WARN] IP:2250 - RefParam_LRUN_SRC_memory not found: check if there is a RefParameter without a condition.
2025-08-15 12:45:55,413 [WARN] IP:2250 - RefParam_LRUN_SRC_offset not found: check if there is a RefParameter without a condition.
2025-08-15 12:45:55,413 [WARN] IP:2250 - RefParam_LRUN_SRC_size not found: check if there is a RefParameter without a condition.
2025-08-15 12:45:55,413 [WARN] IP:2250 - RefParam_LRUN_DEST_memory not found: check if there is a RefParameter without a condition.
2025-08-15 12:45:55,413 [WARN] IP:2250 - RefParam_LRUN_DEST_offset not found: check if there is a RefParameter without a condition.
2025-08-15 12:45:55,413 [WARN] IP:2250 - RefParam_MEMORY_1_Size not found: check if there is a RefParameter without a condition.
2025-08-15 12:45:55,413 [WARN] IP:2250 - RefParam_MEMORY_1_FreqMax not found: check if there is a RefParameter without a condition.
2025-08-15 12:45:55,413 [WARN] IP:2250 - RefParam_MEMORY_1_ReadReg not found: check if there is a RefParameter without a condition.
2025-08-15 12:45:55,413 [WARN] IP:2250 - RefParam_MEMORY_1_WriteReg not found: check if there is a RefParameter without a condition.
2025-08-15 12:45:55,413 [WARN] IP:2250 - RefParam_MEMORY_1_RegSize not found: check if there is a RefParameter without a condition.
2025-08-15 12:45:55,413 [WARN] IP:2250 - RefParam_MEMORY_1_RegDummyCycle not found: check if there is a RefParameter without a condition.
2025-08-15 12:45:55,413 [WARN] IP:2250 - RefParam_MEMORY_1_WriteCommand not found: check if there is a RefParameter without a condition.
2025-08-15 12:45:55,413 [WARN] IP:2250 - RefParam_MEMORY_1_WriteDummyCycle not found: check if there is a RefParameter without a condition.
2025-08-15 12:45:55,413 [WARN] IP:2250 - RefParam_MEMORY_1_ReadCommand not found: check if there is a RefParameter without a condition.
2025-08-15 12:45:55,413 [WARN] IP:2250 - RefParam_MEMORY_1_WrapReadCommand not found: check if there is a RefParameter without a condition.
2025-08-15 12:45:55,413 [WARN] IP:2250 - RefParam_MEMORY_1_ReadDummyCycle not found: check if there is a RefParameter without a condition.
2025-08-15 12:45:55,413 [WARN] IP:2250 - RefParam_MEMORY_1_NumberOfConfig not found: check if there is a RefParameter without a condition.
2025-08-15 12:45:55,413 [WARN] IP:2250 - RefParam_MEMORY_1_Config1_WriteMask not found: check if there is a RefParameter without a condition.
2025-08-15 12:45:55,413 [WARN] IP:2250 - RefParam_MEMORY_1_Config1_WriteValue not found: check if there is a RefParameter without a condition.
2025-08-15 12:45:55,413 [WARN] IP:2250 - RefParam_MEMORY_1_Config1_RegAddress not found: check if there is a RefParameter without a condition.
2025-08-15 12:45:55,413 [WARN] IP:2250 - RefParam_MEMORY_1_Config2_WriteMask not found: check if there is a RefParameter without a condition.
2025-08-15 12:45:55,413 [WARN] IP:2250 - RefParam_MEMORY_1_Config2_WriteValue not found: check if there is a RefParameter without a condition.
2025-08-15 12:45:55,413 [WARN] IP:2250 - RefParam_MEMORY_1_Config2_RegAddress not found: check if there is a RefParameter without a condition.
2025-08-15 12:45:55,413 [WARN] IP:2250 - RefParam_MEMORY_1_Config3_WriteMask not found: check if there is a RefParameter without a condition.
2025-08-15 12:45:55,413 [WARN] IP:2250 - RefParam_MEMORY_1_Config3_WriteValue not found: check if there is a RefParameter without a condition.
2025-08-15 12:45:55,413 [WARN] IP:2250 - RefParam_MEMORY_1_Config3_RegAddress not found: check if there is a RefParameter without a condition.
2025-08-15 12:45:55,413 [WARN] IP:2250 - RefParam_MEMORY_2_Instance not found: check if there is a RefParameter without a condition.
2025-08-15 12:45:55,413 [WARN] IP:2250 - RefParam_MEMORY_2_ConfigType not found: check if there is a RefParameter without a condition.
2025-08-15 12:45:55,413 [WARN] IP:2250 - RefParam_MEMORY_2_Size not found: check if there is a RefParameter without a condition.
2025-08-15 12:45:55,413 [WARN] IP:2250 - RefParam_MEMORY_2_FreqMax not found: check if there is a RefParameter without a condition.
2025-08-15 12:45:55,413 [WARN] IP:2250 - RefParam_MEMORY_2_ReadReg not found: check if there is a RefParameter without a condition.
2025-08-15 12:45:55,413 [WARN] IP:2250 - RefParam_MEMORY_2_WriteReg not found: check if there is a RefParameter without a condition.
2025-08-15 12:45:55,413 [WARN] IP:2250 - RefParam_MEMORY_2_RegSize not found: check if there is a RefParameter without a condition.
2025-08-15 12:45:55,413 [WARN] IP:2250 - RefParam_MEMORY_2_RegDummyCycle not found: check if there is a RefParameter without a condition.
2025-08-15 12:45:55,413 [WARN] IP:2250 - RefParam_MEMORY_2_WriteCommand not found: check if there is a RefParameter without a condition.
2025-08-15 12:45:55,413 [WARN] IP:2250 - RefParam_MEMORY_2_WriteDummyCycle not found: check if there is a RefParameter without a condition.
2025-08-15 12:45:55,413 [WARN] IP:2250 - RefParam_MEMORY_2_ReadCommand not found: check if there is a RefParameter without a condition.
2025-08-15 12:45:55,413 [WARN] IP:2250 - RefParam_MEMORY_2_WrapReadCommand not found: check if there is a RefParameter without a condition.
2025-08-15 12:45:55,413 [WARN] IP:2250 - RefParam_MEMORY_2_ReadDummyCycle not found: check if there is a RefParameter without a condition.
2025-08-15 12:45:55,413 [WARN] IP:2250 - RefParam_MEMORY_2_NumberOfConfig not found: check if there is a RefParameter without a condition.
2025-08-15 12:45:55,413 [WARN] IP:2250 - RefParam_MEMORY_2_Config1_WriteMask not found: check if there is a RefParameter without a condition.
2025-08-15 12:45:55,413 [WARN] IP:2250 - RefParam_MEMORY_2_Config1_WriteValue not found: check if there is a RefParameter without a condition.
2025-08-15 12:45:55,413 [WARN] IP:2250 - RefParam_MEMORY_2_Config1_RegAddress not found: check if there is a RefParameter without a condition.
2025-08-15 12:45:55,413 [WARN] IP:2250 - RefParam_MEMORY_2_Config2_WriteMask not found: check if there is a RefParameter without a condition.
2025-08-15 12:45:55,413 [WARN] IP:2250 - RefParam_MEMORY_2_Config2_WriteValue not found: check if there is a RefParameter without a condition.
2025-08-15 12:45:55,413 [WARN] IP:2250 - RefParam_MEMORY_2_Config2_RegAddress not found: check if there is a RefParameter without a condition.
2025-08-15 12:45:55,413 [WARN] IP:2250 - RefParam_MEMORY_2_Config3_WriteMask not found: check if there is a RefParameter without a condition.
2025-08-15 12:45:55,413 [WARN] IP:2250 - RefParam_MEMORY_2_Config3_WriteValue not found: check if there is a RefParameter without a condition.
2025-08-15 12:45:55,413 [WARN] IP:2250 - RefParam_MEMORY_2_Config3_RegAddress not found: check if there is a RefParameter without a condition.
2025-08-15 12:45:55,417 [WARN] IP:2250 - pwrPrivilege not found: check if there is a RefParameter without a condition.
2025-08-15 12:45:55,417 [WARN] IP:2250 - pwrPrivilege not found: check if there is a RefParameter without a condition.
2025-08-15 12:45:55,421 [WARN] IP:2250 - Memorytype0 not found: check if there is a RefParameter without a condition.
2025-08-15 12:45:55,421 [WARN] IP:2250 - LL_DeviceAttribute20 not found: check if there is a RefParameter without a condition.
2025-08-15 12:45:55,421 [WARN] IP:2250 - DeviceAttribute0 not found: check if there is a RefParameter without a condition.
2025-08-15 12:45:55,421 [WARN] IP:2250 - DeviceAttribute20 not found: check if there is a RefParameter without a condition.
2025-08-15 12:45:55,421 [WARN] IP:2250 - DeviceAttribute1 not found: check if there is a RefParameter without a condition.
2025-08-15 12:45:55,421 [WARN] IP:2250 - Memorytype2 not found: check if there is a RefParameter without a condition.
2025-08-15 12:45:55,421 [WARN] IP:2250 - LL_DeviceAttribute22 not found: check if there is a RefParameter without a condition.
2025-08-15 12:45:55,421 [WARN] IP:2250 - DeviceAttribute2 not found: check if there is a RefParameter without a condition.
2025-08-15 12:45:55,421 [WARN] IP:2250 - Memorytype3 not found: check if there is a RefParameter without a condition.
2025-08-15 12:45:55,421 [WARN] IP:2250 - LL_DeviceAttribute23 not found: check if there is a RefParameter without a condition.
2025-08-15 12:45:55,421 [WARN] IP:2250 - DeviceAttribute3 not found: check if there is a RefParameter without a condition.
2025-08-15 12:45:55,421 [WARN] IP:2250 - Memorytype4 not found: check if there is a RefParameter without a condition.
2025-08-15 12:45:55,421 [WARN] IP:2250 - LL_DeviceAttribute24 not found: check if there is a RefParameter without a condition.
2025-08-15 12:45:55,421 [WARN] IP:2250 - DeviceAttribute4 not found: check if there is a RefParameter without a condition.
2025-08-15 12:45:55,421 [WARN] IP:2250 - Memorytype5 not found: check if there is a RefParameter without a condition.
2025-08-15 12:45:55,421 [WARN] IP:2250 - LL_DeviceAttribute25 not found: check if there is a RefParameter without a condition.
2025-08-15 12:45:55,421 [WARN] IP:2250 - DeviceAttribute5 not found: check if there is a RefParameter without a condition.
2025-08-15 12:45:55,421 [WARN] IP:2250 - Memorytype6 not found: check if there is a RefParameter without a condition.
2025-08-15 12:45:55,421 [WARN] IP:2250 - LL_DeviceAttribute26 not found: check if there is a RefParameter without a condition.
2025-08-15 12:45:55,421 [WARN] IP:2250 - DeviceAttribute6 not found: check if there is a RefParameter without a condition.
2025-08-15 12:45:55,421 [WARN] IP:2250 - Memorytype7 not found: check if there is a RefParameter without a condition.
2025-08-15 12:45:55,421 [WARN] IP:2250 - LL_DeviceAttribute27 not found: check if there is a RefParameter without a condition.
2025-08-15 12:45:55,421 [WARN] IP:2250 - DeviceAttribute7 not found: check if there is a RefParameter without a condition.
2025-08-15 12:45:55,461 [WARN] IP:2250 - DeviceAttribute0 not found: check if there is a RefParameter without a condition.
2025-08-15 12:45:55,462 [WARN] IP:2250 - Memorytype1 not found: check if there is a RefParameter without a condition.
2025-08-15 12:45:55,462 [WARN] IP:2250 - DeviceAttribute1 not found: check if there is a RefParameter without a condition.
2025-08-15 12:45:55,462 [WARN] IP:2250 - LL_DeviceAttribute21 not found: check if there is a RefParameter without a condition.
2025-08-15 12:45:55,462 [WARN] IP:2250 - Memorytype2 not found: check if there is a RefParameter without a condition.
2025-08-15 12:45:55,462 [WARN] IP:2250 - DeviceAttribute2 not found: check if there is a RefParameter without a condition.
2025-08-15 12:45:55,462 [WARN] IP:2250 - LL_DeviceAttribute22 not found: check if there is a RefParameter without a condition.
2025-08-15 12:45:55,462 [WARN] IP:2250 - Memorytype3 not found: check if there is a RefParameter without a condition.
2025-08-15 12:45:55,462 [WARN] IP:2250 - DeviceAttribute3 not found: check if there is a RefParameter without a condition.
2025-08-15 12:45:55,462 [WARN] IP:2250 - LL_DeviceAttribute23 not found: check if there is a RefParameter without a condition.
2025-08-15 12:45:55,462 [WARN] IP:2250 - Memorytype4 not found: check if there is a RefParameter without a condition.
2025-08-15 12:45:55,462 [WARN] IP:2250 - DeviceAttribute4 not found: check if there is a RefParameter without a condition.
2025-08-15 12:45:55,462 [WARN] IP:2250 - LL_DeviceAttribute24 not found: check if there is a RefParameter without a condition.
2025-08-15 12:45:55,462 [WARN] IP:2250 - Memorytype5 not found: check if there is a RefParameter without a condition.
2025-08-15 12:45:55,462 [WARN] IP:2250 - DeviceAttribute5 not found: check if there is a RefParameter without a condition.
2025-08-15 12:45:55,462 [WARN] IP:2250 - LL_DeviceAttribute25 not found: check if there is a RefParameter without a condition.
2025-08-15 12:45:55,462 [WARN] IP:2250 - Memorytype6 not found: check if there is a RefParameter without a condition.
2025-08-15 12:45:55,462 [WARN] IP:2250 - DeviceAttribute6 not found: check if there is a RefParameter without a condition.
2025-08-15 12:45:55,462 [WARN] IP:2250 - LL_DeviceAttribute26 not found: check if there is a RefParameter without a condition.
2025-08-15 12:45:55,462 [WARN] IP:2250 - Memorytype7 not found: check if there is a RefParameter without a condition.
2025-08-15 12:45:55,462 [WARN] IP:2250 - DeviceAttribute7 not found: check if there is a RefParameter without a condition.
2025-08-15 12:45:55,462 [WARN] IP:2250 - LL_DeviceAttribute27 not found: check if there is a RefParameter without a condition.
2025-08-15 12:45:55,597 [INFO] NvicIntPanel:101 - NVIC parent = com.st.microxplorer.plugins.ip.nvic.MultiNvicIntPanel[,0,0,0x0,invalid,layout=javax.swing.BoxLayout,alignmentX=0.0,alignmentY=0.0,border=,flags=9,maximumSize=,minimumSize=,preferredSize=]
2025-08-15 12:46:14,538 [INFO] NvicIntPanel:101 - NVIC parent = com.st.microxplorer.plugins.ip.nvic.MultiNvicIntPanel[,0,0,0x0,invalid,layout=javax.swing.BoxLayout,alignmentX=0.0,alignmentY=0.0,border=,flags=9,maximumSize=,minimumSize=,preferredSize=]
2025-08-15 12:46:17,646 [INFO] NvicIntPanel:101 - NVIC parent = com.st.microxplorer.plugins.ip.nvic.MultiNvicIntPanel[,0,0,0x0,invalid,layout=javax.swing.BoxLayout,alignmentX=0.0,alignmentY=0.0,border=,flags=9,maximumSize=,minimumSize=,preferredSize=]
2025-08-15 12:46:20,976 [INFO] NvicIntPanel:101 - NVIC parent = com.st.microxplorer.plugins.ip.nvic.MultiNvicIntPanel[,0,0,0x0,invalid,layout=javax.swing.BoxLayout,alignmentX=0.0,alignmentY=0.0,border=,flags=9,maximumSize=,minimumSize=,preferredSize=]
2025-08-15 12:46:27,143 [INFO] NvicIntPanel:101 - NVIC parent = com.st.microxplorer.plugins.ip.nvic.MultiNvicIntPanel[,0,0,0x0,invalid,layout=javax.swing.BoxLayout,alignmentX=0.0,alignmentY=0.0,border=,flags=9,maximumSize=,minimumSize=,preferredSize=]
2025-08-15 12:46:51,241 [INFO] NvicIntPanel:101 - NVIC parent = com.st.microxplorer.plugins.ip.nvic.MultiNvicIntPanel[,0,0,688x508,layout=javax.swing.BoxLayout,alignmentX=0.0,alignmentY=0.0,border=,flags=9,maximumSize=,minimumSize=,preferredSize=]
2025-08-15 12:46:59,261 [WARN] IP:2250 - RefParam_LRUN_SRC_memory not found: check if there is a RefParameter without a condition.
2025-08-15 12:46:59,261 [WARN] IP:2250 - RefParam_LRUN_SRC_offset not found: check if there is a RefParameter without a condition.
2025-08-15 12:46:59,261 [WARN] IP:2250 - RefParam_LRUN_SRC_size not found: check if there is a RefParameter without a condition.
2025-08-15 12:46:59,261 [WARN] IP:2250 - RefParam_LRUN_DEST_memory not found: check if there is a RefParameter without a condition.
2025-08-15 12:46:59,261 [WARN] IP:2250 - RefParam_LRUN_DEST_offset not found: check if there is a RefParameter without a condition.
2025-08-15 12:46:59,261 [WARN] IP:2250 - RefParam_MEMORY_1_Size not found: check if there is a RefParameter without a condition.
2025-08-15 12:46:59,261 [WARN] IP:2250 - RefParam_MEMORY_1_FreqMax not found: check if there is a RefParameter without a condition.
2025-08-15 12:46:59,261 [WARN] IP:2250 - RefParam_MEMORY_1_ReadReg not found: check if there is a RefParameter without a condition.
2025-08-15 12:46:59,261 [WARN] IP:2250 - RefParam_MEMORY_1_WriteReg not found: check if there is a RefParameter without a condition.
2025-08-15 12:46:59,261 [WARN] IP:2250 - RefParam_MEMORY_1_RegSize not found: check if there is a RefParameter without a condition.
2025-08-15 12:46:59,261 [WARN] IP:2250 - RefParam_MEMORY_1_RegDummyCycle not found: check if there is a RefParameter without a condition.
2025-08-15 12:46:59,261 [WARN] IP:2250 - RefParam_MEMORY_1_WriteCommand not found: check if there is a RefParameter without a condition.
2025-08-15 12:46:59,261 [WARN] IP:2250 - RefParam_MEMORY_1_WriteDummyCycle not found: check if there is a RefParameter without a condition.
2025-08-15 12:46:59,261 [WARN] IP:2250 - RefParam_MEMORY_1_ReadCommand not found: check if there is a RefParameter without a condition.
2025-08-15 12:46:59,261 [WARN] IP:2250 - RefParam_MEMORY_1_WrapReadCommand not found: check if there is a RefParameter without a condition.
2025-08-15 12:46:59,261 [WARN] IP:2250 - RefParam_MEMORY_1_ReadDummyCycle not found: check if there is a RefParameter without a condition.
2025-08-15 12:46:59,261 [WARN] IP:2250 - RefParam_MEMORY_1_NumberOfConfig not found: check if there is a RefParameter without a condition.
2025-08-15 12:46:59,261 [WARN] IP:2250 - RefParam_MEMORY_1_Config1_WriteMask not found: check if there is a RefParameter without a condition.
2025-08-15 12:46:59,261 [WARN] IP:2250 - RefParam_MEMORY_1_Config1_WriteValue not found: check if there is a RefParameter without a condition.
2025-08-15 12:46:59,261 [WARN] IP:2250 - RefParam_MEMORY_1_Config1_RegAddress not found: check if there is a RefParameter without a condition.
2025-08-15 12:46:59,262 [WARN] IP:2250 - RefParam_MEMORY_1_Config2_WriteMask not found: check if there is a RefParameter without a condition.
2025-08-15 12:46:59,262 [WARN] IP:2250 - RefParam_MEMORY_1_Config2_WriteValue not found: check if there is a RefParameter without a condition.
2025-08-15 12:46:59,262 [WARN] IP:2250 - RefParam_MEMORY_1_Config2_RegAddress not found: check if there is a RefParameter without a condition.
2025-08-15 12:46:59,262 [WARN] IP:2250 - RefParam_MEMORY_1_Config3_WriteMask not found: check if there is a RefParameter without a condition.
2025-08-15 12:46:59,262 [WARN] IP:2250 - RefParam_MEMORY_1_Config3_WriteValue not found: check if there is a RefParameter without a condition.
2025-08-15 12:46:59,262 [WARN] IP:2250 - RefParam_MEMORY_1_Config3_RegAddress not found: check if there is a RefParameter without a condition.
2025-08-15 12:46:59,262 [WARN] IP:2250 - RefParam_MEMORY_2_Instance not found: check if there is a RefParameter without a condition.
2025-08-15 12:46:59,262 [WARN] IP:2250 - RefParam_MEMORY_2_ConfigType not found: check if there is a RefParameter without a condition.
2025-08-15 12:46:59,262 [WARN] IP:2250 - RefParam_MEMORY_2_Size not found: check if there is a RefParameter without a condition.
2025-08-15 12:46:59,262 [WARN] IP:2250 - RefParam_MEMORY_2_FreqMax not found: check if there is a RefParameter without a condition.
2025-08-15 12:46:59,262 [WARN] IP:2250 - RefParam_MEMORY_2_ReadReg not found: check if there is a RefParameter without a condition.
2025-08-15 12:46:59,262 [WARN] IP:2250 - RefParam_MEMORY_2_WriteReg not found: check if there is a RefParameter without a condition.
2025-08-15 12:46:59,262 [WARN] IP:2250 - RefParam_MEMORY_2_RegSize not found: check if there is a RefParameter without a condition.
2025-08-15 12:46:59,262 [WARN] IP:2250 - RefParam_MEMORY_2_RegDummyCycle not found: check if there is a RefParameter without a condition.
2025-08-15 12:46:59,262 [WARN] IP:2250 - RefParam_MEMORY_2_WriteCommand not found: check if there is a RefParameter without a condition.
2025-08-15 12:46:59,262 [WARN] IP:2250 - RefParam_MEMORY_2_WriteDummyCycle not found: check if there is a RefParameter without a condition.
2025-08-15 12:46:59,262 [WARN] IP:2250 - RefParam_MEMORY_2_ReadCommand not found: check if there is a RefParameter without a condition.
2025-08-15 12:46:59,262 [WARN] IP:2250 - RefParam_MEMORY_2_WrapReadCommand not found: check if there is a RefParameter without a condition.
2025-08-15 12:46:59,262 [WARN] IP:2250 - RefParam_MEMORY_2_ReadDummyCycle not found: check if there is a RefParameter without a condition.
2025-08-15 12:46:59,262 [WARN] IP:2250 - RefParam_MEMORY_2_NumberOfConfig not found: check if there is a RefParameter without a condition.
2025-08-15 12:46:59,262 [WARN] IP:2250 - RefParam_MEMORY_2_Config1_WriteMask not found: check if there is a RefParameter without a condition.
2025-08-15 12:46:59,262 [WARN] IP:2250 - RefParam_MEMORY_2_Config1_WriteValue not found: check if there is a RefParameter without a condition.
2025-08-15 12:46:59,262 [WARN] IP:2250 - RefParam_MEMORY_2_Config1_RegAddress not found: check if there is a RefParameter without a condition.
2025-08-15 12:46:59,262 [WARN] IP:2250 - RefParam_MEMORY_2_Config2_WriteMask not found: check if there is a RefParameter without a condition.
2025-08-15 12:46:59,262 [WARN] IP:2250 - RefParam_MEMORY_2_Config2_WriteValue not found: check if there is a RefParameter without a condition.
2025-08-15 12:46:59,262 [WARN] IP:2250 - RefParam_MEMORY_2_Config2_RegAddress not found: check if there is a RefParameter without a condition.
2025-08-15 12:46:59,262 [WARN] IP:2250 - RefParam_MEMORY_2_Config3_WriteMask not found: check if there is a RefParameter without a condition.
2025-08-15 12:46:59,262 [WARN] IP:2250 - RefParam_MEMORY_2_Config3_WriteValue not found: check if there is a RefParameter without a condition.
2025-08-15 12:46:59,262 [WARN] IP:2250 - RefParam_MEMORY_2_Config3_RegAddress not found: check if there is a RefParameter without a condition.
2025-08-15 12:46:59,265 [WARN] IP:2250 - pwrPrivilege not found: check if there is a RefParameter without a condition.
2025-08-15 12:46:59,265 [WARN] IP:2250 - pwrPrivilege not found: check if there is a RefParameter without a condition.
2025-08-15 12:46:59,269 [WARN] IP:2250 - Memorytype0 not found: check if there is a RefParameter without a condition.
2025-08-15 12:46:59,269 [WARN] IP:2250 - LL_DeviceAttribute20 not found: check if there is a RefParameter without a condition.
2025-08-15 12:46:59,269 [WARN] IP:2250 - DeviceAttribute0 not found: check if there is a RefParameter without a condition.
2025-08-15 12:46:59,269 [WARN] IP:2250 - DeviceAttribute20 not found: check if there is a RefParameter without a condition.
2025-08-15 12:46:59,269 [WARN] IP:2250 - DeviceAttribute1 not found: check if there is a RefParameter without a condition.
2025-08-15 12:46:59,269 [WARN] IP:2250 - Memorytype2 not found: check if there is a RefParameter without a condition.
2025-08-15 12:46:59,269 [WARN] IP:2250 - LL_DeviceAttribute22 not found: check if there is a RefParameter without a condition.
2025-08-15 12:46:59,269 [WARN] IP:2250 - DeviceAttribute2 not found: check if there is a RefParameter without a condition.
2025-08-15 12:46:59,269 [WARN] IP:2250 - Memorytype3 not found: check if there is a RefParameter without a condition.
2025-08-15 12:46:59,269 [WARN] IP:2250 - LL_DeviceAttribute23 not found: check if there is a RefParameter without a condition.
2025-08-15 12:46:59,269 [WARN] IP:2250 - DeviceAttribute3 not found: check if there is a RefParameter without a condition.
2025-08-15 12:46:59,269 [WARN] IP:2250 - Memorytype4 not found: check if there is a RefParameter without a condition.
2025-08-15 12:46:59,269 [WARN] IP:2250 - LL_DeviceAttribute24 not found: check if there is a RefParameter without a condition.
2025-08-15 12:46:59,270 [WARN] IP:2250 - DeviceAttribute4 not found: check if there is a RefParameter without a condition.
2025-08-15 12:46:59,270 [WARN] IP:2250 - Memorytype5 not found: check if there is a RefParameter without a condition.
2025-08-15 12:46:59,270 [WARN] IP:2250 - LL_DeviceAttribute25 not found: check if there is a RefParameter without a condition.
2025-08-15 12:46:59,270 [WARN] IP:2250 - DeviceAttribute5 not found: check if there is a RefParameter without a condition.
2025-08-15 12:46:59,270 [WARN] IP:2250 - Memorytype6 not found: check if there is a RefParameter without a condition.
2025-08-15 12:46:59,270 [WARN] IP:2250 - LL_DeviceAttribute26 not found: check if there is a RefParameter without a condition.
2025-08-15 12:46:59,270 [WARN] IP:2250 - DeviceAttribute6 not found: check if there is a RefParameter without a condition.
2025-08-15 12:46:59,270 [WARN] IP:2250 - Memorytype7 not found: check if there is a RefParameter without a condition.
2025-08-15 12:46:59,270 [WARN] IP:2250 - LL_DeviceAttribute27 not found: check if there is a RefParameter without a condition.
2025-08-15 12:46:59,270 [WARN] IP:2250 - DeviceAttribute7 not found: check if there is a RefParameter without a condition.
2025-08-15 12:46:59,309 [WARN] IP:2250 - DeviceAttribute0 not found: check if there is a RefParameter without a condition.
2025-08-15 12:46:59,310 [WARN] IP:2250 - Memorytype1 not found: check if there is a RefParameter without a condition.
2025-08-15 12:46:59,310 [WARN] IP:2250 - DeviceAttribute1 not found: check if there is a RefParameter without a condition.
2025-08-15 12:46:59,310 [WARN] IP:2250 - LL_DeviceAttribute21 not found: check if there is a RefParameter without a condition.
2025-08-15 12:46:59,310 [WARN] IP:2250 - Memorytype2 not found: check if there is a RefParameter without a condition.
2025-08-15 12:46:59,310 [WARN] IP:2250 - DeviceAttribute2 not found: check if there is a RefParameter without a condition.
2025-08-15 12:46:59,310 [WARN] IP:2250 - LL_DeviceAttribute22 not found: check if there is a RefParameter without a condition.
2025-08-15 12:46:59,310 [WARN] IP:2250 - Memorytype3 not found: check if there is a RefParameter without a condition.
2025-08-15 12:46:59,310 [WARN] IP:2250 - DeviceAttribute3 not found: check if there is a RefParameter without a condition.
2025-08-15 12:46:59,310 [WARN] IP:2250 - LL_DeviceAttribute23 not found: check if there is a RefParameter without a condition.
2025-08-15 12:46:59,310 [WARN] IP:2250 - Memorytype4 not found: check if there is a RefParameter without a condition.
2025-08-15 12:46:59,310 [WARN] IP:2250 - DeviceAttribute4 not found: check if there is a RefParameter without a condition.
2025-08-15 12:46:59,310 [WARN] IP:2250 - LL_DeviceAttribute24 not found: check if there is a RefParameter without a condition.
2025-08-15 12:46:59,310 [WARN] IP:2250 - Memorytype5 not found: check if there is a RefParameter without a condition.
2025-08-15 12:46:59,310 [WARN] IP:2250 - DeviceAttribute5 not found: check if there is a RefParameter without a condition.
2025-08-15 12:46:59,310 [WARN] IP:2250 - LL_DeviceAttribute25 not found: check if there is a RefParameter without a condition.
2025-08-15 12:46:59,310 [WARN] IP:2250 - Memorytype6 not found: check if there is a RefParameter without a condition.
2025-08-15 12:46:59,310 [WARN] IP:2250 - DeviceAttribute6 not found: check if there is a RefParameter without a condition.
2025-08-15 12:46:59,310 [WARN] IP:2250 - LL_DeviceAttribute26 not found: check if there is a RefParameter without a condition.
2025-08-15 12:46:59,310 [WARN] IP:2250 - Memorytype7 not found: check if there is a RefParameter without a condition.
2025-08-15 12:46:59,310 [WARN] IP:2250 - DeviceAttribute7 not found: check if there is a RefParameter without a condition.
2025-08-15 12:46:59,310 [WARN] IP:2250 - LL_DeviceAttribute27 not found: check if there is a RefParameter without a condition.
2025-08-15 12:46:59,414 [INFO] NvicIntPanel:101 - NVIC parent = com.st.microxplorer.plugins.ip.nvic.MultiNvicIntPanel[,0,0,0x0,invalid,layout=javax.swing.BoxLayout,alignmentX=0.0,alignmentY=0.0,border=,flags=9,maximumSize=,minimumSize=,preferredSize=]
2025-08-15 12:46:59,463 [WARN] IP:2250 - RefParam_LRUN_SRC_memory not found: check if there is a RefParameter without a condition.
2025-08-15 12:46:59,463 [WARN] IP:2250 - RefParam_LRUN_SRC_offset not found: check if there is a RefParameter without a condition.
2025-08-15 12:46:59,463 [WARN] IP:2250 - RefParam_LRUN_SRC_size not found: check if there is a RefParameter without a condition.
2025-08-15 12:46:59,463 [WARN] IP:2250 - RefParam_LRUN_DEST_memory not found: check if there is a RefParameter without a condition.
2025-08-15 12:46:59,463 [WARN] IP:2250 - RefParam_LRUN_DEST_offset not found: check if there is a RefParameter without a condition.
2025-08-15 12:46:59,463 [WARN] IP:2250 - RefParam_MEMORY_1_Size not found: check if there is a RefParameter without a condition.
2025-08-15 12:46:59,463 [WARN] IP:2250 - RefParam_MEMORY_1_FreqMax not found: check if there is a RefParameter without a condition.
2025-08-15 12:46:59,463 [WARN] IP:2250 - RefParam_MEMORY_1_ReadReg not found: check if there is a RefParameter without a condition.
2025-08-15 12:46:59,463 [WARN] IP:2250 - RefParam_MEMORY_1_WriteReg not found: check if there is a RefParameter without a condition.
2025-08-15 12:46:59,463 [WARN] IP:2250 - RefParam_MEMORY_1_RegSize not found: check if there is a RefParameter without a condition.
2025-08-15 12:46:59,463 [WARN] IP:2250 - RefParam_MEMORY_1_RegDummyCycle not found: check if there is a RefParameter without a condition.
2025-08-15 12:46:59,463 [WARN] IP:2250 - RefParam_MEMORY_1_WriteCommand not found: check if there is a RefParameter without a condition.
2025-08-15 12:46:59,463 [WARN] IP:2250 - RefParam_MEMORY_1_WriteDummyCycle not found: check if there is a RefParameter without a condition.
2025-08-15 12:46:59,463 [WARN] IP:2250 - RefParam_MEMORY_1_ReadCommand not found: check if there is a RefParameter without a condition.
2025-08-15 12:46:59,463 [WARN] IP:2250 - RefParam_MEMORY_1_WrapReadCommand not found: check if there is a RefParameter without a condition.
2025-08-15 12:46:59,463 [WARN] IP:2250 - RefParam_MEMORY_1_ReadDummyCycle not found: check if there is a RefParameter without a condition.
2025-08-15 12:46:59,463 [WARN] IP:2250 - RefParam_MEMORY_1_NumberOfConfig not found: check if there is a RefParameter without a condition.
2025-08-15 12:46:59,463 [WARN] IP:2250 - RefParam_MEMORY_1_Config1_WriteMask not found: check if there is a RefParameter without a condition.
2025-08-15 12:46:59,463 [WARN] IP:2250 - RefParam_MEMORY_1_Config1_WriteValue not found: check if there is a RefParameter without a condition.
2025-08-15 12:46:59,463 [WARN] IP:2250 - RefParam_MEMORY_1_Config1_RegAddress not found: check if there is a RefParameter without a condition.
2025-08-15 12:46:59,463 [WARN] IP:2250 - RefParam_MEMORY_1_Config2_WriteMask not found: check if there is a RefParameter without a condition.
2025-08-15 12:46:59,463 [WARN] IP:2250 - RefParam_MEMORY_1_Config2_WriteValue not found: check if there is a RefParameter without a condition.
2025-08-15 12:46:59,463 [WARN] IP:2250 - RefParam_MEMORY_1_Config2_RegAddress not found: check if there is a RefParameter without a condition.
2025-08-15 12:46:59,463 [WARN] IP:2250 - RefParam_MEMORY_1_Config3_WriteMask not found: check if there is a RefParameter without a condition.
2025-08-15 12:46:59,463 [WARN] IP:2250 - RefParam_MEMORY_1_Config3_WriteValue not found: check if there is a RefParameter without a condition.
2025-08-15 12:46:59,463 [WARN] IP:2250 - RefParam_MEMORY_1_Config3_RegAddress not found: check if there is a RefParameter without a condition.
2025-08-15 12:46:59,463 [WARN] IP:2250 - RefParam_MEMORY_2_Instance not found: check if there is a RefParameter without a condition.
2025-08-15 12:46:59,463 [WARN] IP:2250 - RefParam_MEMORY_2_ConfigType not found: check if there is a RefParameter without a condition.
2025-08-15 12:46:59,463 [WARN] IP:2250 - RefParam_MEMORY_2_Size not found: check if there is a RefParameter without a condition.
2025-08-15 12:46:59,463 [WARN] IP:2250 - RefParam_MEMORY_2_FreqMax not found: check if there is a RefParameter without a condition.
2025-08-15 12:46:59,463 [WARN] IP:2250 - RefParam_MEMORY_2_ReadReg not found: check if there is a RefParameter without a condition.
2025-08-15 12:46:59,463 [WARN] IP:2250 - RefParam_MEMORY_2_WriteReg not found: check if there is a RefParameter without a condition.
2025-08-15 12:46:59,463 [WARN] IP:2250 - RefParam_MEMORY_2_RegSize not found: check if there is a RefParameter without a condition.
2025-08-15 12:46:59,463 [WARN] IP:2250 - RefParam_MEMORY_2_RegDummyCycle not found: check if there is a RefParameter without a condition.
2025-08-15 12:46:59,463 [WARN] IP:2250 - RefParam_MEMORY_2_WriteCommand not found: check if there is a RefParameter without a condition.
2025-08-15 12:46:59,463 [WARN] IP:2250 - RefParam_MEMORY_2_WriteDummyCycle not found: check if there is a RefParameter without a condition.
2025-08-15 12:46:59,463 [WARN] IP:2250 - RefParam_MEMORY_2_ReadCommand not found: check if there is a RefParameter without a condition.
2025-08-15 12:46:59,463 [WARN] IP:2250 - RefParam_MEMORY_2_WrapReadCommand not found: check if there is a RefParameter without a condition.
2025-08-15 12:46:59,463 [WARN] IP:2250 - RefParam_MEMORY_2_ReadDummyCycle not found: check if there is a RefParameter without a condition.
2025-08-15 12:46:59,463 [WARN] IP:2250 - RefParam_MEMORY_2_NumberOfConfig not found: check if there is a RefParameter without a condition.
2025-08-15 12:46:59,463 [WARN] IP:2250 - RefParam_MEMORY_2_Config1_WriteMask not found: check if there is a RefParameter without a condition.
2025-08-15 12:46:59,463 [WARN] IP:2250 - RefParam_MEMORY_2_Config1_WriteValue not found: check if there is a RefParameter without a condition.
2025-08-15 12:46:59,463 [WARN] IP:2250 - RefParam_MEMORY_2_Config1_RegAddress not found: check if there is a RefParameter without a condition.
2025-08-15 12:46:59,463 [WARN] IP:2250 - RefParam_MEMORY_2_Config2_WriteMask not found: check if there is a RefParameter without a condition.
2025-08-15 12:46:59,463 [WARN] IP:2250 - RefParam_MEMORY_2_Config2_WriteValue not found: check if there is a RefParameter without a condition.
2025-08-15 12:46:59,463 [WARN] IP:2250 - RefParam_MEMORY_2_Config2_RegAddress not found: check if there is a RefParameter without a condition.
2025-08-15 12:46:59,463 [WARN] IP:2250 - RefParam_MEMORY_2_Config3_WriteMask not found: check if there is a RefParameter without a condition.
2025-08-15 12:46:59,463 [WARN] IP:2250 - RefParam_MEMORY_2_Config3_WriteValue not found: check if there is a RefParameter without a condition.
2025-08-15 12:46:59,463 [WARN] IP:2250 - RefParam_MEMORY_2_Config3_RegAddress not found: check if there is a RefParameter without a condition.
2025-08-15 12:46:59,466 [WARN] IP:2250 - pwrPrivilege not found: check if there is a RefParameter without a condition.
2025-08-15 12:46:59,467 [WARN] IP:2250 - pwrPrivilege not found: check if there is a RefParameter without a condition.
2025-08-15 12:46:59,471 [WARN] IP:2250 - Memorytype0 not found: check if there is a RefParameter without a condition.
2025-08-15 12:46:59,471 [WARN] IP:2250 - LL_DeviceAttribute20 not found: check if there is a RefParameter without a condition.
2025-08-15 12:46:59,471 [WARN] IP:2250 - DeviceAttribute0 not found: check if there is a RefParameter without a condition.
2025-08-15 12:46:59,471 [WARN] IP:2250 - DeviceAttribute20 not found: check if there is a RefParameter without a condition.
2025-08-15 12:46:59,471 [WARN] IP:2250 - DeviceAttribute1 not found: check if there is a RefParameter without a condition.
2025-08-15 12:46:59,471 [WARN] IP:2250 - Memorytype2 not found: check if there is a RefParameter without a condition.
2025-08-15 12:46:59,471 [WARN] IP:2250 - LL_DeviceAttribute22 not found: check if there is a RefParameter without a condition.
2025-08-15 12:46:59,471 [WARN] IP:2250 - DeviceAttribute2 not found: check if there is a RefParameter without a condition.
2025-08-15 12:46:59,471 [WARN] IP:2250 - Memorytype3 not found: check if there is a RefParameter without a condition.
2025-08-15 12:46:59,471 [WARN] IP:2250 - LL_DeviceAttribute23 not found: check if there is a RefParameter without a condition.
2025-08-15 12:46:59,471 [WARN] IP:2250 - DeviceAttribute3 not found: check if there is a RefParameter without a condition.
2025-08-15 12:46:59,471 [WARN] IP:2250 - Memorytype4 not found: check if there is a RefParameter without a condition.
2025-08-15 12:46:59,471 [WARN] IP:2250 - LL_DeviceAttribute24 not found: check if there is a RefParameter without a condition.
2025-08-15 12:46:59,471 [WARN] IP:2250 - DeviceAttribute4 not found: check if there is a RefParameter without a condition.
2025-08-15 12:46:59,471 [WARN] IP:2250 - Memorytype5 not found: check if there is a RefParameter without a condition.
2025-08-15 12:46:59,471 [WARN] IP:2250 - LL_DeviceAttribute25 not found: check if there is a RefParameter without a condition.
2025-08-15 12:46:59,471 [WARN] IP:2250 - DeviceAttribute5 not found: check if there is a RefParameter without a condition.
2025-08-15 12:46:59,471 [WARN] IP:2250 - Memorytype6 not found: check if there is a RefParameter without a condition.
2025-08-15 12:46:59,471 [WARN] IP:2250 - LL_DeviceAttribute26 not found: check if there is a RefParameter without a condition.
2025-08-15 12:46:59,471 [WARN] IP:2250 - DeviceAttribute6 not found: check if there is a RefParameter without a condition.
2025-08-15 12:46:59,471 [WARN] IP:2250 - Memorytype7 not found: check if there is a RefParameter without a condition.
2025-08-15 12:46:59,471 [WARN] IP:2250 - LL_DeviceAttribute27 not found: check if there is a RefParameter without a condition.
2025-08-15 12:46:59,471 [WARN] IP:2250 - DeviceAttribute7 not found: check if there is a RefParameter without a condition.
2025-08-15 12:46:59,516 [WARN] IP:2250 - DeviceAttribute0 not found: check if there is a RefParameter without a condition.
2025-08-15 12:46:59,516 [WARN] IP:2250 - Memorytype1 not found: check if there is a RefParameter without a condition.
2025-08-15 12:46:59,516 [WARN] IP:2250 - DeviceAttribute1 not found: check if there is a RefParameter without a condition.
2025-08-15 12:46:59,516 [WARN] IP:2250 - LL_DeviceAttribute21 not found: check if there is a RefParameter without a condition.
2025-08-15 12:46:59,516 [WARN] IP:2250 - Memorytype2 not found: check if there is a RefParameter without a condition.
2025-08-15 12:46:59,516 [WARN] IP:2250 - DeviceAttribute2 not found: check if there is a RefParameter without a condition.
2025-08-15 12:46:59,517 [WARN] IP:2250 - LL_DeviceAttribute22 not found: check if there is a RefParameter without a condition.
2025-08-15 12:46:59,517 [WARN] IP:2250 - Memorytype3 not found: check if there is a RefParameter without a condition.
2025-08-15 12:46:59,517 [WARN] IP:2250 - DeviceAttribute3 not found: check if there is a RefParameter without a condition.
2025-08-15 12:46:59,517 [WARN] IP:2250 - LL_DeviceAttribute23 not found: check if there is a RefParameter without a condition.
2025-08-15 12:46:59,517 [WARN] IP:2250 - Memorytype4 not found: check if there is a RefParameter without a condition.
2025-08-15 12:46:59,517 [WARN] IP:2250 - DeviceAttribute4 not found: check if there is a RefParameter without a condition.
2025-08-15 12:46:59,517 [WARN] IP:2250 - LL_DeviceAttribute24 not found: check if there is a RefParameter without a condition.
2025-08-15 12:46:59,517 [WARN] IP:2250 - Memorytype5 not found: check if there is a RefParameter without a condition.
2025-08-15 12:46:59,517 [WARN] IP:2250 - DeviceAttribute5 not found: check if there is a RefParameter without a condition.
2025-08-15 12:46:59,517 [WARN] IP:2250 - LL_DeviceAttribute25 not found: check if there is a RefParameter without a condition.
2025-08-15 12:46:59,517 [WARN] IP:2250 - Memorytype6 not found: check if there is a RefParameter without a condition.
2025-08-15 12:46:59,517 [WARN] IP:2250 - DeviceAttribute6 not found: check if there is a RefParameter without a condition.
2025-08-15 12:46:59,517 [WARN] IP:2250 - LL_DeviceAttribute26 not found: check if there is a RefParameter without a condition.
2025-08-15 12:46:59,517 [WARN] IP:2250 - Memorytype7 not found: check if there is a RefParameter without a condition.
2025-08-15 12:46:59,517 [WARN] IP:2250 - DeviceAttribute7 not found: check if there is a RefParameter without a condition.
2025-08-15 12:46:59,517 [WARN] IP:2250 - LL_DeviceAttribute27 not found: check if there is a RefParameter without a condition.
2025-08-15 12:46:59,627 [INFO] NvicIntPanel:101 - NVIC parent = com.st.microxplorer.plugins.ip.nvic.MultiNvicIntPanel[,0,0,0x0,invalid,layout=javax.swing.BoxLayout,alignmentX=0.0,alignmentY=0.0,border=,flags=9,maximumSize=,minimumSize=,preferredSize=]
2025-08-15 12:46:59,686 [WARN] IP:2250 - RefParam_LRUN_SRC_memory not found: check if there is a RefParameter without a condition.
2025-08-15 12:46:59,686 [WARN] IP:2250 - RefParam_LRUN_SRC_offset not found: check if there is a RefParameter without a condition.
2025-08-15 12:46:59,686 [WARN] IP:2250 - RefParam_LRUN_SRC_size not found: check if there is a RefParameter without a condition.
2025-08-15 12:46:59,686 [WARN] IP:2250 - RefParam_LRUN_DEST_memory not found: check if there is a RefParameter without a condition.
2025-08-15 12:46:59,686 [WARN] IP:2250 - RefParam_LRUN_DEST_offset not found: check if there is a RefParameter without a condition.
2025-08-15 12:46:59,686 [WARN] IP:2250 - RefParam_MEMORY_1_Size not found: check if there is a RefParameter without a condition.
2025-08-15 12:46:59,686 [WARN] IP:2250 - RefParam_MEMORY_1_FreqMax not found: check if there is a RefParameter without a condition.
2025-08-15 12:46:59,686 [WARN] IP:2250 - RefParam_MEMORY_1_ReadReg not found: check if there is a RefParameter without a condition.
2025-08-15 12:46:59,686 [WARN] IP:2250 - RefParam_MEMORY_1_WriteReg not found: check if there is a RefParameter without a condition.
2025-08-15 12:46:59,686 [WARN] IP:2250 - RefParam_MEMORY_1_RegSize not found: check if there is a RefParameter without a condition.
2025-08-15 12:46:59,686 [WARN] IP:2250 - RefParam_MEMORY_1_RegDummyCycle not found: check if there is a RefParameter without a condition.
2025-08-15 12:46:59,686 [WARN] IP:2250 - RefParam_MEMORY_1_WriteCommand not found: check if there is a RefParameter without a condition.
2025-08-15 12:46:59,686 [WARN] IP:2250 - RefParam_MEMORY_1_WriteDummyCycle not found: check if there is a RefParameter without a condition.
2025-08-15 12:46:59,686 [WARN] IP:2250 - RefParam_MEMORY_1_ReadCommand not found: check if there is a RefParameter without a condition.
2025-08-15 12:46:59,686 [WARN] IP:2250 - RefParam_MEMORY_1_WrapReadCommand not found: check if there is a RefParameter without a condition.
2025-08-15 12:46:59,686 [WARN] IP:2250 - RefParam_MEMORY_1_ReadDummyCycle not found: check if there is a RefParameter without a condition.
2025-08-15 12:46:59,686 [WARN] IP:2250 - RefParam_MEMORY_1_NumberOfConfig not found: check if there is a RefParameter without a condition.
2025-08-15 12:46:59,686 [WARN] IP:2250 - RefParam_MEMORY_1_Config1_WriteMask not found: check if there is a RefParameter without a condition.
2025-08-15 12:46:59,686 [WARN] IP:2250 - RefParam_MEMORY_1_Config1_WriteValue not found: check if there is a RefParameter without a condition.
2025-08-15 12:46:59,686 [WARN] IP:2250 - RefParam_MEMORY_1_Config1_RegAddress not found: check if there is a RefParameter without a condition.
2025-08-15 12:46:59,686 [WARN] IP:2250 - RefParam_MEMORY_1_Config2_WriteMask not found: check if there is a RefParameter without a condition.
2025-08-15 12:46:59,686 [WARN] IP:2250 - RefParam_MEMORY_1_Config2_WriteValue not found: check if there is a RefParameter without a condition.
2025-08-15 12:46:59,686 [WARN] IP:2250 - RefParam_MEMORY_1_Config2_RegAddress not found: check if there is a RefParameter without a condition.
2025-08-15 12:46:59,686 [WARN] IP:2250 - RefParam_MEMORY_1_Config3_WriteMask not found: check if there is a RefParameter without a condition.
2025-08-15 12:46:59,686 [WARN] IP:2250 - RefParam_MEMORY_1_Config3_WriteValue not found: check if there is a RefParameter without a condition.
2025-08-15 12:46:59,686 [WARN] IP:2250 - RefParam_MEMORY_1_Config3_RegAddress not found: check if there is a RefParameter without a condition.
2025-08-15 12:46:59,686 [WARN] IP:2250 - RefParam_MEMORY_2_Instance not found: check if there is a RefParameter without a condition.
2025-08-15 12:46:59,686 [WARN] IP:2250 - RefParam_MEMORY_2_ConfigType not found: check if there is a RefParameter without a condition.
2025-08-15 12:46:59,686 [WARN] IP:2250 - RefParam_MEMORY_2_Size not found: check if there is a RefParameter without a condition.
2025-08-15 12:46:59,686 [WARN] IP:2250 - RefParam_MEMORY_2_FreqMax not found: check if there is a RefParameter without a condition.
2025-08-15 12:46:59,686 [WARN] IP:2250 - RefParam_MEMORY_2_ReadReg not found: check if there is a RefParameter without a condition.
2025-08-15 12:46:59,686 [WARN] IP:2250 - RefParam_MEMORY_2_WriteReg not found: check if there is a RefParameter without a condition.
2025-08-15 12:46:59,687 [WARN] IP:2250 - RefParam_MEMORY_2_RegSize not found: check if there is a RefParameter without a condition.
2025-08-15 12:46:59,687 [WARN] IP:2250 - RefParam_MEMORY_2_RegDummyCycle not found: check if there is a RefParameter without a condition.
2025-08-15 12:46:59,687 [WARN] IP:2250 - RefParam_MEMORY_2_WriteCommand not found: check if there is a RefParameter without a condition.
2025-08-15 12:46:59,687 [WARN] IP:2250 - RefParam_MEMORY_2_WriteDummyCycle not found: check if there is a RefParameter without a condition.
2025-08-15 12:46:59,687 [WARN] IP:2250 - RefParam_MEMORY_2_ReadCommand not found: check if there is a RefParameter without a condition.
2025-08-15 12:46:59,687 [WARN] IP:2250 - RefParam_MEMORY_2_WrapReadCommand not found: check if there is a RefParameter without a condition.
2025-08-15 12:46:59,687 [WARN] IP:2250 - RefParam_MEMORY_2_ReadDummyCycle not found: check if there is a RefParameter without a condition.
2025-08-15 12:46:59,687 [WARN] IP:2250 - RefParam_MEMORY_2_NumberOfConfig not found: check if there is a RefParameter without a condition.
2025-08-15 12:46:59,687 [WARN] IP:2250 - RefParam_MEMORY_2_Config1_WriteMask not found: check if there is a RefParameter without a condition.
2025-08-15 12:46:59,687 [WARN] IP:2250 - RefParam_MEMORY_2_Config1_WriteValue not found: check if there is a RefParameter without a condition.
2025-08-15 12:46:59,687 [WARN] IP:2250 - RefParam_MEMORY_2_Config1_RegAddress not found: check if there is a RefParameter without a condition.
2025-08-15 12:46:59,687 [WARN] IP:2250 - RefParam_MEMORY_2_Config2_WriteMask not found: check if there is a RefParameter without a condition.
2025-08-15 12:46:59,687 [WARN] IP:2250 - RefParam_MEMORY_2_Config2_WriteValue not found: check if there is a RefParameter without a condition.
2025-08-15 12:46:59,687 [WARN] IP:2250 - RefParam_MEMORY_2_Config2_RegAddress not found: check if there is a RefParameter without a condition.
2025-08-15 12:46:59,687 [WARN] IP:2250 - RefParam_MEMORY_2_Config3_WriteMask not found: check if there is a RefParameter without a condition.
2025-08-15 12:46:59,687 [WARN] IP:2250 - RefParam_MEMORY_2_Config3_WriteValue not found: check if there is a RefParameter without a condition.
2025-08-15 12:46:59,687 [WARN] IP:2250 - RefParam_MEMORY_2_Config3_RegAddress not found: check if there is a RefParameter without a condition.
2025-08-15 12:46:59,691 [WARN] IP:2250 - pwrPrivilege not found: check if there is a RefParameter without a condition.
2025-08-15 12:46:59,691 [WARN] IP:2250 - pwrPrivilege not found: check if there is a RefParameter without a condition.
2025-08-15 12:46:59,696 [WARN] IP:2250 - Memorytype0 not found: check if there is a RefParameter without a condition.
2025-08-15 12:46:59,696 [WARN] IP:2250 - LL_DeviceAttribute20 not found: check if there is a RefParameter without a condition.
2025-08-15 12:46:59,697 [WARN] IP:2250 - DeviceAttribute0 not found: check if there is a RefParameter without a condition.
2025-08-15 12:46:59,697 [WARN] IP:2250 - DeviceAttribute20 not found: check if there is a RefParameter without a condition.
2025-08-15 12:46:59,697 [WARN] IP:2250 - DeviceAttribute1 not found: check if there is a RefParameter without a condition.
2025-08-15 12:46:59,697 [WARN] IP:2250 - Memorytype2 not found: check if there is a RefParameter without a condition.
2025-08-15 12:46:59,697 [WARN] IP:2250 - LL_DeviceAttribute22 not found: check if there is a RefParameter without a condition.
2025-08-15 12:46:59,697 [WARN] IP:2250 - DeviceAttribute2 not found: check if there is a RefParameter without a condition.
2025-08-15 12:46:59,697 [WARN] IP:2250 - Memorytype3 not found: check if there is a RefParameter without a condition.
2025-08-15 12:46:59,697 [WARN] IP:2250 - LL_DeviceAttribute23 not found: check if there is a RefParameter without a condition.
2025-08-15 12:46:59,697 [WARN] IP:2250 - DeviceAttribute3 not found: check if there is a RefParameter without a condition.
2025-08-15 12:46:59,697 [WARN] IP:2250 - Memorytype4 not found: check if there is a RefParameter without a condition.
2025-08-15 12:46:59,697 [WARN] IP:2250 - LL_DeviceAttribute24 not found: check if there is a RefParameter without a condition.
2025-08-15 12:46:59,697 [WARN] IP:2250 - DeviceAttribute4 not found: check if there is a RefParameter without a condition.
2025-08-15 12:46:59,697 [WARN] IP:2250 - Memorytype5 not found: check if there is a RefParameter without a condition.
2025-08-15 12:46:59,697 [WARN] IP:2250 - LL_DeviceAttribute25 not found: check if there is a RefParameter without a condition.
2025-08-15 12:46:59,697 [WARN] IP:2250 - DeviceAttribute5 not found: check if there is a RefParameter without a condition.
2025-08-15 12:46:59,697 [WARN] IP:2250 - Memorytype6 not found: check if there is a RefParameter without a condition.
2025-08-15 12:46:59,697 [WARN] IP:2250 - LL_DeviceAttribute26 not found: check if there is a RefParameter without a condition.
2025-08-15 12:46:59,697 [WARN] IP:2250 - DeviceAttribute6 not found: check if there is a RefParameter without a condition.
2025-08-15 12:46:59,697 [WARN] IP:2250 - Memorytype7 not found: check if there is a RefParameter without a condition.
2025-08-15 12:46:59,697 [WARN] IP:2250 - LL_DeviceAttribute27 not found: check if there is a RefParameter without a condition.
2025-08-15 12:46:59,697 [WARN] IP:2250 - DeviceAttribute7 not found: check if there is a RefParameter without a condition.
2025-08-15 12:46:59,740 [WARN] IP:2250 - DeviceAttribute0 not found: check if there is a RefParameter without a condition.
2025-08-15 12:46:59,740 [WARN] IP:2250 - Memorytype1 not found: check if there is a RefParameter without a condition.
2025-08-15 12:46:59,740 [WARN] IP:2250 - DeviceAttribute1 not found: check if there is a RefParameter without a condition.
2025-08-15 12:46:59,740 [WARN] IP:2250 - LL_DeviceAttribute21 not found: check if there is a RefParameter without a condition.
2025-08-15 12:46:59,740 [WARN] IP:2250 - Memorytype2 not found: check if there is a RefParameter without a condition.
2025-08-15 12:46:59,740 [WARN] IP:2250 - DeviceAttribute2 not found: check if there is a RefParameter without a condition.
2025-08-15 12:46:59,740 [WARN] IP:2250 - LL_DeviceAttribute22 not found: check if there is a RefParameter without a condition.
2025-08-15 12:46:59,740 [WARN] IP:2250 - Memorytype3 not found: check if there is a RefParameter without a condition.
2025-08-15 12:46:59,740 [WARN] IP:2250 - DeviceAttribute3 not found: check if there is a RefParameter without a condition.
2025-08-15 12:46:59,740 [WARN] IP:2250 - LL_DeviceAttribute23 not found: check if there is a RefParameter without a condition.
2025-08-15 12:46:59,741 [WARN] IP:2250 - Memorytype4 not found: check if there is a RefParameter without a condition.
2025-08-15 12:46:59,741 [WARN] IP:2250 - DeviceAttribute4 not found: check if there is a RefParameter without a condition.
2025-08-15 12:46:59,741 [WARN] IP:2250 - LL_DeviceAttribute24 not found: check if there is a RefParameter without a condition.
2025-08-15 12:46:59,741 [WARN] IP:2250 - Memorytype5 not found: check if there is a RefParameter without a condition.
2025-08-15 12:46:59,741 [WARN] IP:2250 - DeviceAttribute5 not found: check if there is a RefParameter without a condition.
2025-08-15 12:46:59,741 [WARN] IP:2250 - LL_DeviceAttribute25 not found: check if there is a RefParameter without a condition.
2025-08-15 12:46:59,741 [WARN] IP:2250 - Memorytype6 not found: check if there is a RefParameter without a condition.
2025-08-15 12:46:59,741 [WARN] IP:2250 - DeviceAttribute6 not found: check if there is a RefParameter without a condition.
2025-08-15 12:46:59,741 [WARN] IP:2250 - LL_DeviceAttribute26 not found: check if there is a RefParameter without a condition.
2025-08-15 12:46:59,741 [WARN] IP:2250 - Memorytype7 not found: check if there is a RefParameter without a condition.
2025-08-15 12:46:59,741 [WARN] IP:2250 - DeviceAttribute7 not found: check if there is a RefParameter without a condition.
2025-08-15 12:46:59,741 [WARN] IP:2250 - LL_DeviceAttribute27 not found: check if there is a RefParameter without a condition.
2025-08-15 12:46:59,844 [INFO] NvicIntPanel:101 - NVIC parent = com.st.microxplorer.plugins.ip.nvic.MultiNvicIntPanel[,0,0,0x0,invalid,layout=javax.swing.BoxLayout,alignmentX=0.0,alignmentY=0.0,border=,flags=9,maximumSize=,minimumSize=,preferredSize=]
2025-08-15 12:50:52,064 [WARN] IP:2250 - RefParam_LRUN_SRC_memory not found: check if there is a RefParameter without a condition.
2025-08-15 12:50:52,064 [WARN] IP:2250 - RefParam_LRUN_SRC_offset not found: check if there is a RefParameter without a condition.
2025-08-15 12:50:52,064 [WARN] IP:2250 - RefParam_LRUN_SRC_size not found: check if there is a RefParameter without a condition.
2025-08-15 12:50:52,064 [WARN] IP:2250 - RefParam_LRUN_DEST_memory not found: check if there is a RefParameter without a condition.
2025-08-15 12:50:52,064 [WARN] IP:2250 - RefParam_LRUN_DEST_offset not found: check if there is a RefParameter without a condition.
2025-08-15 12:50:52,064 [WARN] IP:2250 - RefParam_MEMORY_1_Size not found: check if there is a RefParameter without a condition.
2025-08-15 12:50:52,064 [WARN] IP:2250 - RefParam_MEMORY_1_FreqMax not found: check if there is a RefParameter without a condition.
2025-08-15 12:50:52,064 [WARN] IP:2250 - RefParam_MEMORY_1_ReadReg not found: check if there is a RefParameter without a condition.
2025-08-15 12:50:52,064 [WARN] IP:2250 - RefParam_MEMORY_1_WriteReg not found: check if there is a RefParameter without a condition.
2025-08-15 12:50:52,064 [WARN] IP:2250 - RefParam_MEMORY_1_RegSize not found: check if there is a RefParameter without a condition.
2025-08-15 12:50:52,064 [WARN] IP:2250 - RefParam_MEMORY_1_RegDummyCycle not found: check if there is a RefParameter without a condition.
2025-08-15 12:50:52,064 [WARN] IP:2250 - RefParam_MEMORY_1_WriteCommand not found: check if there is a RefParameter without a condition.
2025-08-15 12:50:52,064 [WARN] IP:2250 - RefParam_MEMORY_1_WriteDummyCycle not found: check if there is a RefParameter without a condition.
2025-08-15 12:50:52,064 [WARN] IP:2250 - RefParam_MEMORY_1_ReadCommand not found: check if there is a RefParameter without a condition.
2025-08-15 12:50:52,064 [WARN] IP:2250 - RefParam_MEMORY_1_WrapReadCommand not found: check if there is a RefParameter without a condition.
2025-08-15 12:50:52,064 [WARN] IP:2250 - RefParam_MEMORY_1_ReadDummyCycle not found: check if there is a RefParameter without a condition.
2025-08-15 12:50:52,064 [WARN] IP:2250 - RefParam_MEMORY_1_NumberOfConfig not found: check if there is a RefParameter without a condition.
2025-08-15 12:50:52,064 [WARN] IP:2250 - RefParam_MEMORY_1_Config1_WriteMask not found: check if there is a RefParameter without a condition.
2025-08-15 12:50:52,064 [WARN] IP:2250 - RefParam_MEMORY_1_Config1_WriteValue not found: check if there is a RefParameter without a condition.
2025-08-15 12:50:52,064 [WARN] IP:2250 - RefParam_MEMORY_1_Config1_RegAddress not found: check if there is a RefParameter without a condition.
2025-08-15 12:50:52,064 [WARN] IP:2250 - RefParam_MEMORY_1_Config2_WriteMask not found: check if there is a RefParameter without a condition.
2025-08-15 12:50:52,064 [WARN] IP:2250 - RefParam_MEMORY_1_Config2_WriteValue not found: check if there is a RefParameter without a condition.
2025-08-15 12:50:52,064 [WARN] IP:2250 - RefParam_MEMORY_1_Config2_RegAddress not found: check if there is a RefParameter without a condition.
2025-08-15 12:50:52,064 [WARN] IP:2250 - RefParam_MEMORY_1_Config3_WriteMask not found: check if there is a RefParameter without a condition.
2025-08-15 12:50:52,064 [WARN] IP:2250 - RefParam_MEMORY_1_Config3_WriteValue not found: check if there is a RefParameter without a condition.
2025-08-15 12:50:52,064 [WARN] IP:2250 - RefParam_MEMORY_1_Config3_RegAddress not found: check if there is a RefParameter without a condition.
2025-08-15 12:50:52,065 [WARN] IP:2250 - RefParam_MEMORY_2_Instance not found: check if there is a RefParameter without a condition.
2025-08-15 12:50:52,065 [WARN] IP:2250 - RefParam_MEMORY_2_ConfigType not found: check if there is a RefParameter without a condition.
2025-08-15 12:50:52,065 [WARN] IP:2250 - RefParam_MEMORY_2_Size not found: check if there is a RefParameter without a condition.
2025-08-15 12:50:52,065 [WARN] IP:2250 - RefParam_MEMORY_2_FreqMax not found: check if there is a RefParameter without a condition.
2025-08-15 12:50:52,065 [WARN] IP:2250 - RefParam_MEMORY_2_ReadReg not found: check if there is a RefParameter without a condition.
2025-08-15 12:50:52,065 [WARN] IP:2250 - RefParam_MEMORY_2_WriteReg not found: check if there is a RefParameter without a condition.
2025-08-15 12:50:52,065 [WARN] IP:2250 - RefParam_MEMORY_2_RegSize not found: check if there is a RefParameter without a condition.
2025-08-15 12:50:52,065 [WARN] IP:2250 - RefParam_MEMORY_2_RegDummyCycle not found: check if there is a RefParameter without a condition.
2025-08-15 12:50:52,065 [WARN] IP:2250 - RefParam_MEMORY_2_WriteCommand not found: check if there is a RefParameter without a condition.
2025-08-15 12:50:52,065 [WARN] IP:2250 - RefParam_MEMORY_2_WriteDummyCycle not found: check if there is a RefParameter without a condition.
2025-08-15 12:50:52,065 [WARN] IP:2250 - RefParam_MEMORY_2_ReadCommand not found: check if there is a RefParameter without a condition.
2025-08-15 12:50:52,065 [WARN] IP:2250 - RefParam_MEMORY_2_WrapReadCommand not found: check if there is a RefParameter without a condition.
2025-08-15 12:50:52,065 [WARN] IP:2250 - RefParam_MEMORY_2_ReadDummyCycle not found: check if there is a RefParameter without a condition.
2025-08-15 12:50:52,065 [WARN] IP:2250 - RefParam_MEMORY_2_NumberOfConfig not found: check if there is a RefParameter without a condition.
2025-08-15 12:50:52,065 [WARN] IP:2250 - RefParam_MEMORY_2_Config1_WriteMask not found: check if there is a RefParameter without a condition.
2025-08-15 12:50:52,065 [WARN] IP:2250 - RefParam_MEMORY_2_Config1_WriteValue not found: check if there is a RefParameter without a condition.
2025-08-15 12:50:52,065 [WARN] IP:2250 - RefParam_MEMORY_2_Config1_RegAddress not found: check if there is a RefParameter without a condition.
2025-08-15 12:50:52,065 [WARN] IP:2250 - RefParam_MEMORY_2_Config2_WriteMask not found: check if there is a RefParameter without a condition.
2025-08-15 12:50:52,065 [WARN] IP:2250 - RefParam_MEMORY_2_Config2_WriteValue not found: check if there is a RefParameter without a condition.
2025-08-15 12:50:52,065 [WARN] IP:2250 - RefParam_MEMORY_2_Config2_RegAddress not found: check if there is a RefParameter without a condition.
2025-08-15 12:50:52,065 [WARN] IP:2250 - RefParam_MEMORY_2_Config3_WriteMask not found: check if there is a RefParameter without a condition.
2025-08-15 12:50:52,065 [WARN] IP:2250 - RefParam_MEMORY_2_Config3_WriteValue not found: check if there is a RefParameter without a condition.
2025-08-15 12:50:52,065 [WARN] IP:2250 - RefParam_MEMORY_2_Config3_RegAddress not found: check if there is a RefParameter without a condition.
2025-08-15 12:50:52,069 [WARN] IP:2250 - pwrPrivilege not found: check if there is a RefParameter without a condition.
2025-08-15 12:50:52,069 [WARN] IP:2250 - pwrPrivilege not found: check if there is a RefParameter without a condition.
2025-08-15 12:50:52,073 [WARN] IP:2250 - Memorytype0 not found: check if there is a RefParameter without a condition.
2025-08-15 12:50:52,073 [WARN] IP:2250 - LL_DeviceAttribute20 not found: check if there is a RefParameter without a condition.
2025-08-15 12:50:52,073 [WARN] IP:2250 - DeviceAttribute0 not found: check if there is a RefParameter without a condition.
2025-08-15 12:50:52,073 [WARN] IP:2250 - DeviceAttribute20 not found: check if there is a RefParameter without a condition.
2025-08-15 12:50:52,073 [WARN] IP:2250 - DeviceAttribute1 not found: check if there is a RefParameter without a condition.
2025-08-15 12:50:52,073 [WARN] IP:2250 - Memorytype2 not found: check if there is a RefParameter without a condition.
2025-08-15 12:50:52,073 [WARN] IP:2250 - LL_DeviceAttribute22 not found: check if there is a RefParameter without a condition.
2025-08-15 12:50:52,073 [WARN] IP:2250 - DeviceAttribute2 not found: check if there is a RefParameter without a condition.
2025-08-15 12:50:52,073 [WARN] IP:2250 - Memorytype3 not found: check if there is a RefParameter without a condition.
2025-08-15 12:50:52,073 [WARN] IP:2250 - LL_DeviceAttribute23 not found: check if there is a RefParameter without a condition.
2025-08-15 12:50:52,073 [WARN] IP:2250 - DeviceAttribute3 not found: check if there is a RefParameter without a condition.
2025-08-15 12:50:52,073 [WARN] IP:2250 - Memorytype4 not found: check if there is a RefParameter without a condition.
2025-08-15 12:50:52,073 [WARN] IP:2250 - LL_DeviceAttribute24 not found: check if there is a RefParameter without a condition.
2025-08-15 12:50:52,073 [WARN] IP:2250 - DeviceAttribute4 not found: check if there is a RefParameter without a condition.
2025-08-15 12:50:52,073 [WARN] IP:2250 - Memorytype5 not found: check if there is a RefParameter without a condition.
2025-08-15 12:50:52,073 [WARN] IP:2250 - LL_DeviceAttribute25 not found: check if there is a RefParameter without a condition.
2025-08-15 12:50:52,073 [WARN] IP:2250 - DeviceAttribute5 not found: check if there is a RefParameter without a condition.
2025-08-15 12:50:52,073 [WARN] IP:2250 - Memorytype6 not found: check if there is a RefParameter without a condition.
2025-08-15 12:50:52,073 [WARN] IP:2250 - LL_DeviceAttribute26 not found: check if there is a RefParameter without a condition.
2025-08-15 12:50:52,073 [WARN] IP:2250 - DeviceAttribute6 not found: check if there is a RefParameter without a condition.
2025-08-15 12:50:52,073 [WARN] IP:2250 - Memorytype7 not found: check if there is a RefParameter without a condition.
2025-08-15 12:50:52,073 [WARN] IP:2250 - LL_DeviceAttribute27 not found: check if there is a RefParameter without a condition.
2025-08-15 12:50:52,073 [WARN] IP:2250 - DeviceAttribute7 not found: check if there is a RefParameter without a condition.
2025-08-15 12:50:52,116 [WARN] IP:2250 - DeviceAttribute0 not found: check if there is a RefParameter without a condition.
2025-08-15 12:50:52,116 [WARN] IP:2250 - Memorytype1 not found: check if there is a RefParameter without a condition.
2025-08-15 12:50:52,116 [WARN] IP:2250 - DeviceAttribute1 not found: check if there is a RefParameter without a condition.
2025-08-15 12:50:52,116 [WARN] IP:2250 - LL_DeviceAttribute21 not found: check if there is a RefParameter without a condition.
2025-08-15 12:50:52,116 [WARN] IP:2250 - Memorytype2 not found: check if there is a RefParameter without a condition.
2025-08-15 12:50:52,116 [WARN] IP:2250 - DeviceAttribute2 not found: check if there is a RefParameter without a condition.
2025-08-15 12:50:52,116 [WARN] IP:2250 - LL_DeviceAttribute22 not found: check if there is a RefParameter without a condition.
2025-08-15 12:50:52,117 [WARN] IP:2250 - Memorytype3 not found: check if there is a RefParameter without a condition.
2025-08-15 12:50:52,117 [WARN] IP:2250 - DeviceAttribute3 not found: check if there is a RefParameter without a condition.
2025-08-15 12:50:52,117 [WARN] IP:2250 - LL_DeviceAttribute23 not found: check if there is a RefParameter without a condition.
2025-08-15 12:50:52,117 [WARN] IP:2250 - Memorytype4 not found: check if there is a RefParameter without a condition.
2025-08-15 12:50:52,117 [WARN] IP:2250 - DeviceAttribute4 not found: check if there is a RefParameter without a condition.
2025-08-15 12:50:52,117 [WARN] IP:2250 - LL_DeviceAttribute24 not found: check if there is a RefParameter without a condition.
2025-08-15 12:50:52,117 [WARN] IP:2250 - Memorytype5 not found: check if there is a RefParameter without a condition.
2025-08-15 12:50:52,117 [WARN] IP:2250 - DeviceAttribute5 not found: check if there is a RefParameter without a condition.
2025-08-15 12:50:52,117 [WARN] IP:2250 - LL_DeviceAttribute25 not found: check if there is a RefParameter without a condition.
2025-08-15 12:50:52,117 [WARN] IP:2250 - Memorytype6 not found: check if there is a RefParameter without a condition.
2025-08-15 12:50:52,117 [WARN] IP:2250 - DeviceAttribute6 not found: check if there is a RefParameter without a condition.
2025-08-15 12:50:52,117 [WARN] IP:2250 - LL_DeviceAttribute26 not found: check if there is a RefParameter without a condition.
2025-08-15 12:50:52,117 [WARN] IP:2250 - Memorytype7 not found: check if there is a RefParameter without a condition.
2025-08-15 12:50:52,117 [WARN] IP:2250 - DeviceAttribute7 not found: check if there is a RefParameter without a condition.
2025-08-15 12:50:52,117 [WARN] IP:2250 - LL_DeviceAttribute27 not found: check if there is a RefParameter without a condition.
2025-08-15 12:50:52,235 [WARN] IP:2250 - RefParam_LRUN_SRC_memory not found: check if there is a RefParameter without a condition.
2025-08-15 12:50:52,235 [WARN] IP:2250 - RefParam_LRUN_SRC_offset not found: check if there is a RefParameter without a condition.
2025-08-15 12:50:52,235 [WARN] IP:2250 - RefParam_LRUN_SRC_size not found: check if there is a RefParameter without a condition.
2025-08-15 12:50:52,235 [WARN] IP:2250 - RefParam_LRUN_DEST_memory not found: check if there is a RefParameter without a condition.
2025-08-15 12:50:52,235 [WARN] IP:2250 - RefParam_LRUN_DEST_offset not found: check if there is a RefParameter without a condition.
2025-08-15 12:50:52,235 [WARN] IP:2250 - RefParam_MEMORY_1_Size not found: check if there is a RefParameter without a condition.
2025-08-15 12:50:52,235 [WARN] IP:2250 - RefParam_MEMORY_1_FreqMax not found: check if there is a RefParameter without a condition.
2025-08-15 12:50:52,235 [WARN] IP:2250 - RefParam_MEMORY_1_ReadReg not found: check if there is a RefParameter without a condition.
2025-08-15 12:50:52,235 [WARN] IP:2250 - RefParam_MEMORY_1_WriteReg not found: check if there is a RefParameter without a condition.
2025-08-15 12:50:52,235 [WARN] IP:2250 - RefParam_MEMORY_1_RegSize not found: check if there is a RefParameter without a condition.
2025-08-15 12:50:52,235 [WARN] IP:2250 - RefParam_MEMORY_1_RegDummyCycle not found: check if there is a RefParameter without a condition.
2025-08-15 12:50:52,235 [WARN] IP:2250 - RefParam_MEMORY_1_WriteCommand not found: check if there is a RefParameter without a condition.
2025-08-15 12:50:52,235 [WARN] IP:2250 - RefParam_MEMORY_1_WriteDummyCycle not found: check if there is a RefParameter without a condition.
2025-08-15 12:50:52,235 [WARN] IP:2250 - RefParam_MEMORY_1_ReadCommand not found: check if there is a RefParameter without a condition.
2025-08-15 12:50:52,235 [WARN] IP:2250 - RefParam_MEMORY_1_WrapReadCommand not found: check if there is a RefParameter without a condition.
2025-08-15 12:50:52,235 [WARN] IP:2250 - RefParam_MEMORY_1_ReadDummyCycle not found: check if there is a RefParameter without a condition.
2025-08-15 12:50:52,235 [WARN] IP:2250 - RefParam_MEMORY_1_NumberOfConfig not found: check if there is a RefParameter without a condition.
2025-08-15 12:50:52,235 [WARN] IP:2250 - RefParam_MEMORY_1_Config1_WriteMask not found: check if there is a RefParameter without a condition.
2025-08-15 12:50:52,235 [WARN] IP:2250 - RefParam_MEMORY_1_Config1_WriteValue not found: check if there is a RefParameter without a condition.
2025-08-15 12:50:52,235 [WARN] IP:2250 - RefParam_MEMORY_1_Config1_RegAddress not found: check if there is a RefParameter without a condition.
2025-08-15 12:50:52,235 [WARN] IP:2250 - RefParam_MEMORY_1_Config2_WriteMask not found: check if there is a RefParameter without a condition.
2025-08-15 12:50:52,235 [WARN] IP:2250 - RefParam_MEMORY_1_Config2_WriteValue not found: check if there is a RefParameter without a condition.
2025-08-15 12:50:52,235 [WARN] IP:2250 - RefParam_MEMORY_1_Config2_RegAddress not found: check if there is a RefParameter without a condition.
2025-08-15 12:50:52,236 [WARN] IP:2250 - RefParam_MEMORY_1_Config3_WriteMask not found: check if there is a RefParameter without a condition.
2025-08-15 12:50:52,236 [WARN] IP:2250 - RefParam_MEMORY_1_Config3_WriteValue not found: check if there is a RefParameter without a condition.
2025-08-15 12:50:52,236 [WARN] IP:2250 - RefParam_MEMORY_1_Config3_RegAddress not found: check if there is a RefParameter without a condition.
2025-08-15 12:50:52,236 [WARN] IP:2250 - RefParam_MEMORY_2_Instance not found: check if there is a RefParameter without a condition.
2025-08-15 12:50:52,236 [WARN] IP:2250 - RefParam_MEMORY_2_ConfigType not found: check if there is a RefParameter without a condition.
2025-08-15 12:50:52,236 [WARN] IP:2250 - RefParam_MEMORY_2_Size not found: check if there is a RefParameter without a condition.
2025-08-15 12:50:52,236 [WARN] IP:2250 - RefParam_MEMORY_2_FreqMax not found: check if there is a RefParameter without a condition.
2025-08-15 12:50:52,236 [WARN] IP:2250 - RefParam_MEMORY_2_ReadReg not found: check if there is a RefParameter without a condition.
2025-08-15 12:50:52,236 [WARN] IP:2250 - RefParam_MEMORY_2_WriteReg not found: check if there is a RefParameter without a condition.
2025-08-15 12:50:52,236 [WARN] IP:2250 - RefParam_MEMORY_2_RegSize not found: check if there is a RefParameter without a condition.
2025-08-15 12:50:52,236 [WARN] IP:2250 - RefParam_MEMORY_2_RegDummyCycle not found: check if there is a RefParameter without a condition.
2025-08-15 12:50:52,236 [WARN] IP:2250 - RefParam_MEMORY_2_WriteCommand not found: check if there is a RefParameter without a condition.
2025-08-15 12:50:52,236 [WARN] IP:2250 - RefParam_MEMORY_2_WriteDummyCycle not found: check if there is a RefParameter without a condition.
2025-08-15 12:50:52,236 [WARN] IP:2250 - RefParam_MEMORY_2_ReadCommand not found: check if there is a RefParameter without a condition.
2025-08-15 12:50:52,236 [WARN] IP:2250 - RefParam_MEMORY_2_WrapReadCommand not found: check if there is a RefParameter without a condition.
2025-08-15 12:50:52,236 [WARN] IP:2250 - RefParam_MEMORY_2_ReadDummyCycle not found: check if there is a RefParameter without a condition.
2025-08-15 12:50:52,236 [WARN] IP:2250 - RefParam_MEMORY_2_NumberOfConfig not found: check if there is a RefParameter without a condition.
2025-08-15 12:50:52,236 [WARN] IP:2250 - RefParam_MEMORY_2_Config1_WriteMask not found: check if there is a RefParameter without a condition.
2025-08-15 12:50:52,236 [WARN] IP:2250 - RefParam_MEMORY_2_Config1_WriteValue not found: check if there is a RefParameter without a condition.
2025-08-15 12:50:52,236 [WARN] IP:2250 - RefParam_MEMORY_2_Config1_RegAddress not found: check if there is a RefParameter without a condition.
2025-08-15 12:50:52,236 [WARN] IP:2250 - RefParam_MEMORY_2_Config2_WriteMask not found: check if there is a RefParameter without a condition.
2025-08-15 12:50:52,236 [WARN] IP:2250 - RefParam_MEMORY_2_Config2_WriteValue not found: check if there is a RefParameter without a condition.
2025-08-15 12:50:52,236 [WARN] IP:2250 - RefParam_MEMORY_2_Config2_RegAddress not found: check if there is a RefParameter without a condition.
2025-08-15 12:50:52,236 [WARN] IP:2250 - RefParam_MEMORY_2_Config3_WriteMask not found: check if there is a RefParameter without a condition.
2025-08-15 12:50:52,236 [WARN] IP:2250 - RefParam_MEMORY_2_Config3_WriteValue not found: check if there is a RefParameter without a condition.
2025-08-15 12:50:52,236 [WARN] IP:2250 - RefParam_MEMORY_2_Config3_RegAddress not found: check if there is a RefParameter without a condition.
2025-08-15 12:50:52,239 [WARN] IP:2250 - pwrPrivilege not found: check if there is a RefParameter without a condition.
2025-08-15 12:50:52,239 [WARN] IP:2250 - pwrPrivilege not found: check if there is a RefParameter without a condition.
2025-08-15 12:50:52,243 [WARN] IP:2250 - Memorytype0 not found: check if there is a RefParameter without a condition.
2025-08-15 12:50:52,243 [WARN] IP:2250 - LL_DeviceAttribute20 not found: check if there is a RefParameter without a condition.
2025-08-15 12:50:52,243 [WARN] IP:2250 - DeviceAttribute0 not found: check if there is a RefParameter without a condition.
2025-08-15 12:50:52,243 [WARN] IP:2250 - DeviceAttribute20 not found: check if there is a RefParameter without a condition.
2025-08-15 12:50:52,243 [WARN] IP:2250 - DeviceAttribute1 not found: check if there is a RefParameter without a condition.
2025-08-15 12:50:52,243 [WARN] IP:2250 - Memorytype2 not found: check if there is a RefParameter without a condition.
2025-08-15 12:50:52,243 [WARN] IP:2250 - LL_DeviceAttribute22 not found: check if there is a RefParameter without a condition.
2025-08-15 12:50:52,243 [WARN] IP:2250 - DeviceAttribute2 not found: check if there is a RefParameter without a condition.
2025-08-15 12:50:52,243 [WARN] IP:2250 - Memorytype3 not found: check if there is a RefParameter without a condition.
2025-08-15 12:50:52,243 [WARN] IP:2250 - LL_DeviceAttribute23 not found: check if there is a RefParameter without a condition.
2025-08-15 12:50:52,243 [WARN] IP:2250 - DeviceAttribute3 not found: check if there is a RefParameter without a condition.
2025-08-15 12:50:52,243 [WARN] IP:2250 - Memorytype4 not found: check if there is a RefParameter without a condition.
2025-08-15 12:50:52,243 [WARN] IP:2250 - LL_DeviceAttribute24 not found: check if there is a RefParameter without a condition.
2025-08-15 12:50:52,243 [WARN] IP:2250 - DeviceAttribute4 not found: check if there is a RefParameter without a condition.
2025-08-15 12:50:52,243 [WARN] IP:2250 - Memorytype5 not found: check if there is a RefParameter without a condition.
2025-08-15 12:50:52,243 [WARN] IP:2250 - LL_DeviceAttribute25 not found: check if there is a RefParameter without a condition.
2025-08-15 12:50:52,243 [WARN] IP:2250 - DeviceAttribute5 not found: check if there is a RefParameter without a condition.
2025-08-15 12:50:52,243 [WARN] IP:2250 - Memorytype6 not found: check if there is a RefParameter without a condition.
2025-08-15 12:50:52,243 [WARN] IP:2250 - LL_DeviceAttribute26 not found: check if there is a RefParameter without a condition.
2025-08-15 12:50:52,243 [WARN] IP:2250 - DeviceAttribute6 not found: check if there is a RefParameter without a condition.
2025-08-15 12:50:52,243 [WARN] IP:2250 - Memorytype7 not found: check if there is a RefParameter without a condition.
2025-08-15 12:50:52,243 [WARN] IP:2250 - LL_DeviceAttribute27 not found: check if there is a RefParameter without a condition.
2025-08-15 12:50:52,243 [WARN] IP:2250 - DeviceAttribute7 not found: check if there is a RefParameter without a condition.
2025-08-15 12:50:52,282 [WARN] IP:2250 - DeviceAttribute0 not found: check if there is a RefParameter without a condition.
2025-08-15 12:50:52,282 [WARN] IP:2250 - Memorytype1 not found: check if there is a RefParameter without a condition.
2025-08-15 12:50:52,282 [WARN] IP:2250 - DeviceAttribute1 not found: check if there is a RefParameter without a condition.
2025-08-15 12:50:52,282 [WARN] IP:2250 - LL_DeviceAttribute21 not found: check if there is a RefParameter without a condition.
2025-08-15 12:50:52,282 [WARN] IP:2250 - Memorytype2 not found: check if there is a RefParameter without a condition.
2025-08-15 12:50:52,282 [WARN] IP:2250 - DeviceAttribute2 not found: check if there is a RefParameter without a condition.
2025-08-15 12:50:52,282 [WARN] IP:2250 - LL_DeviceAttribute22 not found: check if there is a RefParameter without a condition.
2025-08-15 12:50:52,283 [WARN] IP:2250 - Memorytype3 not found: check if there is a RefParameter without a condition.
2025-08-15 12:50:52,283 [WARN] IP:2250 - DeviceAttribute3 not found: check if there is a RefParameter without a condition.
2025-08-15 12:50:52,283 [WARN] IP:2250 - LL_DeviceAttribute23 not found: check if there is a RefParameter without a condition.
2025-08-15 12:50:52,283 [WARN] IP:2250 - Memorytype4 not found: check if there is a RefParameter without a condition.
2025-08-15 12:50:52,283 [WARN] IP:2250 - DeviceAttribute4 not found: check if there is a RefParameter without a condition.
2025-08-15 12:50:52,283 [WARN] IP:2250 - LL_DeviceAttribute24 not found: check if there is a RefParameter without a condition.
2025-08-15 12:50:52,283 [WARN] IP:2250 - Memorytype5 not found: check if there is a RefParameter without a condition.
2025-08-15 12:50:52,283 [WARN] IP:2250 - DeviceAttribute5 not found: check if there is a RefParameter without a condition.
2025-08-15 12:50:52,283 [WARN] IP:2250 - LL_DeviceAttribute25 not found: check if there is a RefParameter without a condition.
2025-08-15 12:50:52,283 [WARN] IP:2250 - Memorytype6 not found: check if there is a RefParameter without a condition.
2025-08-15 12:50:52,283 [WARN] IP:2250 - DeviceAttribute6 not found: check if there is a RefParameter without a condition.
2025-08-15 12:50:52,283 [WARN] IP:2250 - LL_DeviceAttribute26 not found: check if there is a RefParameter without a condition.
2025-08-15 12:50:52,283 [WARN] IP:2250 - Memorytype7 not found: check if there is a RefParameter without a condition.
2025-08-15 12:50:52,283 [WARN] IP:2250 - DeviceAttribute7 not found: check if there is a RefParameter without a condition.
2025-08-15 12:50:52,283 [WARN] IP:2250 - LL_DeviceAttribute27 not found: check if there is a RefParameter without a condition.
2025-08-15 12:50:52,395 [WARN] IP:2250 - RefParam_LRUN_SRC_memory not found: check if there is a RefParameter without a condition.
2025-08-15 12:50:52,395 [WARN] IP:2250 - RefParam_LRUN_SRC_offset not found: check if there is a RefParameter without a condition.
2025-08-15 12:50:52,395 [WARN] IP:2250 - RefParam_LRUN_SRC_size not found: check if there is a RefParameter without a condition.
2025-08-15 12:50:52,395 [WARN] IP:2250 - RefParam_LRUN_DEST_memory not found: check if there is a RefParameter without a condition.
2025-08-15 12:50:52,395 [WARN] IP:2250 - RefParam_LRUN_DEST_offset not found: check if there is a RefParameter without a condition.
2025-08-15 12:50:52,395 [WARN] IP:2250 - RefParam_MEMORY_1_Size not found: check if there is a RefParameter without a condition.
2025-08-15 12:50:52,395 [WARN] IP:2250 - RefParam_MEMORY_1_FreqMax not found: check if there is a RefParameter without a condition.
2025-08-15 12:50:52,395 [WARN] IP:2250 - RefParam_MEMORY_1_ReadReg not found: check if there is a RefParameter without a condition.
2025-08-15 12:50:52,395 [WARN] IP:2250 - RefParam_MEMORY_1_WriteReg not found: check if there is a RefParameter without a condition.
2025-08-15 12:50:52,395 [WARN] IP:2250 - RefParam_MEMORY_1_RegSize not found: check if there is a RefParameter without a condition.
2025-08-15 12:50:52,395 [WARN] IP:2250 - RefParam_MEMORY_1_RegDummyCycle not found: check if there is a RefParameter without a condition.
2025-08-15 12:50:52,395 [WARN] IP:2250 - RefParam_MEMORY_1_WriteCommand not found: check if there is a RefParameter without a condition.
2025-08-15 12:50:52,395 [WARN] IP:2250 - RefParam_MEMORY_1_WriteDummyCycle not found: check if there is a RefParameter without a condition.
2025-08-15 12:50:52,395 [WARN] IP:2250 - RefParam_MEMORY_1_ReadCommand not found: check if there is a RefParameter without a condition.
2025-08-15 12:50:52,395 [WARN] IP:2250 - RefParam_MEMORY_1_WrapReadCommand not found: check if there is a RefParameter without a condition.
2025-08-15 12:50:52,395 [WARN] IP:2250 - RefParam_MEMORY_1_ReadDummyCycle not found: check if there is a RefParameter without a condition.
2025-08-15 12:50:52,395 [WARN] IP:2250 - RefParam_MEMORY_1_NumberOfConfig not found: check if there is a RefParameter without a condition.
2025-08-15 12:50:52,396 [WARN] IP:2250 - RefParam_MEMORY_1_Config1_WriteMask not found: check if there is a RefParameter without a condition.
2025-08-15 12:50:52,396 [WARN] IP:2250 - RefParam_MEMORY_1_Config1_WriteValue not found: check if there is a RefParameter without a condition.
2025-08-15 12:50:52,396 [WARN] IP:2250 - RefParam_MEMORY_1_Config1_RegAddress not found: check if there is a RefParameter without a condition.
2025-08-15 12:50:52,396 [WARN] IP:2250 - RefParam_MEMORY_1_Config2_WriteMask not found: check if there is a RefParameter without a condition.
2025-08-15 12:50:52,396 [WARN] IP:2250 - RefParam_MEMORY_1_Config2_WriteValue not found: check if there is a RefParameter without a condition.
2025-08-15 12:50:52,396 [WARN] IP:2250 - RefParam_MEMORY_1_Config2_RegAddress not found: check if there is a RefParameter without a condition.
2025-08-15 12:50:52,396 [WARN] IP:2250 - RefParam_MEMORY_1_Config3_WriteMask not found: check if there is a RefParameter without a condition.
2025-08-15 12:50:52,396 [WARN] IP:2250 - RefParam_MEMORY_1_Config3_WriteValue not found: check if there is a RefParameter without a condition.
2025-08-15 12:50:52,396 [WARN] IP:2250 - RefParam_MEMORY_1_Config3_RegAddress not found: check if there is a RefParameter without a condition.
2025-08-15 12:50:52,396 [WARN] IP:2250 - RefParam_MEMORY_2_Instance not found: check if there is a RefParameter without a condition.
2025-08-15 12:50:52,396 [WARN] IP:2250 - RefParam_MEMORY_2_ConfigType not found: check if there is a RefParameter without a condition.
2025-08-15 12:50:52,396 [WARN] IP:2250 - RefParam_MEMORY_2_Size not found: check if there is a RefParameter without a condition.
2025-08-15 12:50:52,396 [WARN] IP:2250 - RefParam_MEMORY_2_FreqMax not found: check if there is a RefParameter without a condition.
2025-08-15 12:50:52,396 [WARN] IP:2250 - RefParam_MEMORY_2_ReadReg not found: check if there is a RefParameter without a condition.
2025-08-15 12:50:52,396 [WARN] IP:2250 - RefParam_MEMORY_2_WriteReg not found: check if there is a RefParameter without a condition.
2025-08-15 12:50:52,396 [WARN] IP:2250 - RefParam_MEMORY_2_RegSize not found: check if there is a RefParameter without a condition.
2025-08-15 12:50:52,396 [WARN] IP:2250 - RefParam_MEMORY_2_RegDummyCycle not found: check if there is a RefParameter without a condition.
2025-08-15 12:50:52,396 [WARN] IP:2250 - RefParam_MEMORY_2_WriteCommand not found: check if there is a RefParameter without a condition.
2025-08-15 12:50:52,396 [WARN] IP:2250 - RefParam_MEMORY_2_WriteDummyCycle not found: check if there is a RefParameter without a condition.
2025-08-15 12:50:52,396 [WARN] IP:2250 - RefParam_MEMORY_2_ReadCommand not found: check if there is a RefParameter without a condition.
2025-08-15 12:50:52,396 [WARN] IP:2250 - RefParam_MEMORY_2_WrapReadCommand not found: check if there is a RefParameter without a condition.
2025-08-15 12:50:52,396 [WARN] IP:2250 - RefParam_MEMORY_2_ReadDummyCycle not found: check if there is a RefParameter without a condition.
2025-08-15 12:50:52,396 [WARN] IP:2250 - RefParam_MEMORY_2_NumberOfConfig not found: check if there is a RefParameter without a condition.
2025-08-15 12:50:52,396 [WARN] IP:2250 - RefParam_MEMORY_2_Config1_WriteMask not found: check if there is a RefParameter without a condition.
2025-08-15 12:50:52,396 [WARN] IP:2250 - RefParam_MEMORY_2_Config1_WriteValue not found: check if there is a RefParameter without a condition.
2025-08-15 12:50:52,396 [WARN] IP:2250 - RefParam_MEMORY_2_Config1_RegAddress not found: check if there is a RefParameter without a condition.
2025-08-15 12:50:52,396 [WARN] IP:2250 - RefParam_MEMORY_2_Config2_WriteMask not found: check if there is a RefParameter without a condition.
2025-08-15 12:50:52,396 [WARN] IP:2250 - RefParam_MEMORY_2_Config2_WriteValue not found: check if there is a RefParameter without a condition.
2025-08-15 12:50:52,396 [WARN] IP:2250 - RefParam_MEMORY_2_Config2_RegAddress not found: check if there is a RefParameter without a condition.
2025-08-15 12:50:52,396 [WARN] IP:2250 - RefParam_MEMORY_2_Config3_WriteMask not found: check if there is a RefParameter without a condition.
2025-08-15 12:50:52,396 [WARN] IP:2250 - RefParam_MEMORY_2_Config3_WriteValue not found: check if there is a RefParameter without a condition.
2025-08-15 12:50:52,396 [WARN] IP:2250 - RefParam_MEMORY_2_Config3_RegAddress not found: check if there is a RefParameter without a condition.
2025-08-15 12:50:52,399 [WARN] IP:2250 - pwrPrivilege not found: check if there is a RefParameter without a condition.
2025-08-15 12:50:52,399 [WARN] IP:2250 - pwrPrivilege not found: check if there is a RefParameter without a condition.
2025-08-15 12:50:52,403 [WARN] IP:2250 - Memorytype0 not found: check if there is a RefParameter without a condition.
2025-08-15 12:50:52,403 [WARN] IP:2250 - LL_DeviceAttribute20 not found: check if there is a RefParameter without a condition.
2025-08-15 12:50:52,403 [WARN] IP:2250 - DeviceAttribute0 not found: check if there is a RefParameter without a condition.
2025-08-15 12:50:52,403 [WARN] IP:2250 - DeviceAttribute20 not found: check if there is a RefParameter without a condition.
2025-08-15 12:50:52,403 [WARN] IP:2250 - DeviceAttribute1 not found: check if there is a RefParameter without a condition.
2025-08-15 12:50:52,403 [WARN] IP:2250 - Memorytype2 not found: check if there is a RefParameter without a condition.
2025-08-15 12:50:52,404 [WARN] IP:2250 - LL_DeviceAttribute22 not found: check if there is a RefParameter without a condition.
2025-08-15 12:50:52,404 [WARN] IP:2250 - DeviceAttribute2 not found: check if there is a RefParameter without a condition.
2025-08-15 12:50:52,404 [WARN] IP:2250 - Memorytype3 not found: check if there is a RefParameter without a condition.
2025-08-15 12:50:52,404 [WARN] IP:2250 - LL_DeviceAttribute23 not found: check if there is a RefParameter without a condition.
2025-08-15 12:50:52,404 [WARN] IP:2250 - DeviceAttribute3 not found: check if there is a RefParameter without a condition.
2025-08-15 12:50:52,404 [WARN] IP:2250 - Memorytype4 not found: check if there is a RefParameter without a condition.
2025-08-15 12:50:52,404 [WARN] IP:2250 - LL_DeviceAttribute24 not found: check if there is a RefParameter without a condition.
2025-08-15 12:50:52,404 [WARN] IP:2250 - DeviceAttribute4 not found: check if there is a RefParameter without a condition.
2025-08-15 12:50:52,404 [WARN] IP:2250 - Memorytype5 not found: check if there is a RefParameter without a condition.
2025-08-15 12:50:52,404 [WARN] IP:2250 - LL_DeviceAttribute25 not found: check if there is a RefParameter without a condition.
2025-08-15 12:50:52,404 [WARN] IP:2250 - DeviceAttribute5 not found: check if there is a RefParameter without a condition.
2025-08-15 12:50:52,404 [WARN] IP:2250 - Memorytype6 not found: check if there is a RefParameter without a condition.
2025-08-15 12:50:52,404 [WARN] IP:2250 - LL_DeviceAttribute26 not found: check if there is a RefParameter without a condition.
2025-08-15 12:50:52,404 [WARN] IP:2250 - DeviceAttribute6 not found: check if there is a RefParameter without a condition.
2025-08-15 12:50:52,404 [WARN] IP:2250 - Memorytype7 not found: check if there is a RefParameter without a condition.
2025-08-15 12:50:52,404 [WARN] IP:2250 - LL_DeviceAttribute27 not found: check if there is a RefParameter without a condition.
2025-08-15 12:50:52,404 [WARN] IP:2250 - DeviceAttribute7 not found: check if there is a RefParameter without a condition.
2025-08-15 12:50:52,458 [WARN] IP:2250 - DeviceAttribute0 not found: check if there is a RefParameter without a condition.
2025-08-15 12:50:52,459 [WARN] IP:2250 - Memorytype1 not found: check if there is a RefParameter without a condition.
2025-08-15 12:50:52,459 [WARN] IP:2250 - DeviceAttribute1 not found: check if there is a RefParameter without a condition.
2025-08-15 12:50:52,459 [WARN] IP:2250 - LL_DeviceAttribute21 not found: check if there is a RefParameter without a condition.
2025-08-15 12:50:52,459 [WARN] IP:2250 - Memorytype2 not found: check if there is a RefParameter without a condition.
2025-08-15 12:50:52,459 [WARN] IP:2250 - DeviceAttribute2 not found: check if there is a RefParameter without a condition.
2025-08-15 12:50:52,459 [WARN] IP:2250 - LL_DeviceAttribute22 not found: check if there is a RefParameter without a condition.
2025-08-15 12:50:52,459 [WARN] IP:2250 - Memorytype3 not found: check if there is a RefParameter without a condition.
2025-08-15 12:50:52,459 [WARN] IP:2250 - DeviceAttribute3 not found: check if there is a RefParameter without a condition.
2025-08-15 12:50:52,459 [WARN] IP:2250 - LL_DeviceAttribute23 not found: check if there is a RefParameter without a condition.
2025-08-15 12:50:52,459 [WARN] IP:2250 - Memorytype4 not found: check if there is a RefParameter without a condition.
2025-08-15 12:50:52,459 [WARN] IP:2250 - DeviceAttribute4 not found: check if there is a RefParameter without a condition.
2025-08-15 12:50:52,459 [WARN] IP:2250 - LL_DeviceAttribute24 not found: check if there is a RefParameter without a condition.
2025-08-15 12:50:52,459 [WARN] IP:2250 - Memorytype5 not found: check if there is a RefParameter without a condition.
2025-08-15 12:50:52,459 [WARN] IP:2250 - DeviceAttribute5 not found: check if there is a RefParameter without a condition.
2025-08-15 12:50:52,459 [WARN] IP:2250 - LL_DeviceAttribute25 not found: check if there is a RefParameter without a condition.
2025-08-15 12:50:52,459 [WARN] IP:2250 - Memorytype6 not found: check if there is a RefParameter without a condition.
2025-08-15 12:50:52,459 [WARN] IP:2250 - DeviceAttribute6 not found: check if there is a RefParameter without a condition.
2025-08-15 12:50:52,459 [WARN] IP:2250 - LL_DeviceAttribute26 not found: check if there is a RefParameter without a condition.
2025-08-15 12:50:52,459 [WARN] IP:2250 - Memorytype7 not found: check if there is a RefParameter without a condition.
2025-08-15 12:50:52,459 [WARN] IP:2250 - DeviceAttribute7 not found: check if there is a RefParameter without a condition.
2025-08-15 12:50:52,459 [WARN] IP:2250 - LL_DeviceAttribute27 not found: check if there is a RefParameter without a condition.
2025-08-15 12:51:36,961 [WARN] IP:2250 - RefParam_LRUN_SRC_memory not found: check if there is a RefParameter without a condition.
2025-08-15 12:51:36,961 [WARN] IP:2250 - RefParam_LRUN_SRC_offset not found: check if there is a RefParameter without a condition.
2025-08-15 12:51:36,961 [WARN] IP:2250 - RefParam_LRUN_SRC_size not found: check if there is a RefParameter without a condition.
2025-08-15 12:51:36,961 [WARN] IP:2250 - RefParam_LRUN_DEST_memory not found: check if there is a RefParameter without a condition.
2025-08-15 12:51:36,961 [WARN] IP:2250 - RefParam_LRUN_DEST_offset not found: check if there is a RefParameter without a condition.
2025-08-15 12:51:36,961 [WARN] IP:2250 - RefParam_MEMORY_1_Size not found: check if there is a RefParameter without a condition.
2025-08-15 12:51:36,961 [WARN] IP:2250 - RefParam_MEMORY_1_FreqMax not found: check if there is a RefParameter without a condition.
2025-08-15 12:51:36,961 [WARN] IP:2250 - RefParam_MEMORY_1_ReadReg not found: check if there is a RefParameter without a condition.
2025-08-15 12:51:36,961 [WARN] IP:2250 - RefParam_MEMORY_1_WriteReg not found: check if there is a RefParameter without a condition.
2025-08-15 12:51:36,961 [WARN] IP:2250 - RefParam_MEMORY_1_RegSize not found: check if there is a RefParameter without a condition.
2025-08-15 12:51:36,961 [WARN] IP:2250 - RefParam_MEMORY_1_RegDummyCycle not found: check if there is a RefParameter without a condition.
2025-08-15 12:51:36,961 [WARN] IP:2250 - RefParam_MEMORY_1_WriteCommand not found: check if there is a RefParameter without a condition.
2025-08-15 12:51:36,961 [WARN] IP:2250 - RefParam_MEMORY_1_WriteDummyCycle not found: check if there is a RefParameter without a condition.
2025-08-15 12:51:36,961 [WARN] IP:2250 - RefParam_MEMORY_1_ReadCommand not found: check if there is a RefParameter without a condition.
2025-08-15 12:51:36,961 [WARN] IP:2250 - RefParam_MEMORY_1_WrapReadCommand not found: check if there is a RefParameter without a condition.
2025-08-15 12:51:36,961 [WARN] IP:2250 - RefParam_MEMORY_1_ReadDummyCycle not found: check if there is a RefParameter without a condition.
2025-08-15 12:51:36,961 [WARN] IP:2250 - RefParam_MEMORY_1_NumberOfConfig not found: check if there is a RefParameter without a condition.
2025-08-15 12:51:36,961 [WARN] IP:2250 - RefParam_MEMORY_1_Config1_WriteMask not found: check if there is a RefParameter without a condition.
2025-08-15 12:51:36,961 [WARN] IP:2250 - RefParam_MEMORY_1_Config1_WriteValue not found: check if there is a RefParameter without a condition.
2025-08-15 12:51:36,961 [WARN] IP:2250 - RefParam_MEMORY_1_Config1_RegAddress not found: check if there is a RefParameter without a condition.
2025-08-15 12:51:36,961 [WARN] IP:2250 - RefParam_MEMORY_1_Config2_WriteMask not found: check if there is a RefParameter without a condition.
2025-08-15 12:51:36,961 [WARN] IP:2250 - RefParam_MEMORY_1_Config2_WriteValue not found: check if there is a RefParameter without a condition.
2025-08-15 12:51:36,961 [WARN] IP:2250 - RefParam_MEMORY_1_Config2_RegAddress not found: check if there is a RefParameter without a condition.
2025-08-15 12:51:36,961 [WARN] IP:2250 - RefParam_MEMORY_1_Config3_WriteMask not found: check if there is a RefParameter without a condition.
2025-08-15 12:51:36,961 [WARN] IP:2250 - RefParam_MEMORY_1_Config3_WriteValue not found: check if there is a RefParameter without a condition.
2025-08-15 12:51:36,961 [WARN] IP:2250 - RefParam_MEMORY_1_Config3_RegAddress not found: check if there is a RefParameter without a condition.
2025-08-15 12:51:36,961 [WARN] IP:2250 - RefParam_MEMORY_2_Instance not found: check if there is a RefParameter without a condition.
2025-08-15 12:51:36,961 [WARN] IP:2250 - RefParam_MEMORY_2_ConfigType not found: check if there is a RefParameter without a condition.
2025-08-15 12:51:36,961 [WARN] IP:2250 - RefParam_MEMORY_2_Size not found: check if there is a RefParameter without a condition.
2025-08-15 12:51:36,961 [WARN] IP:2250 - RefParam_MEMORY_2_FreqMax not found: check if there is a RefParameter without a condition.
2025-08-15 12:51:36,961 [WARN] IP:2250 - RefParam_MEMORY_2_ReadReg not found: check if there is a RefParameter without a condition.
2025-08-15 12:51:36,961 [WARN] IP:2250 - RefParam_MEMORY_2_WriteReg not found: check if there is a RefParameter without a condition.
2025-08-15 12:51:36,961 [WARN] IP:2250 - RefParam_MEMORY_2_RegSize not found: check if there is a RefParameter without a condition.
2025-08-15 12:51:36,961 [WARN] IP:2250 - RefParam_MEMORY_2_RegDummyCycle not found: check if there is a RefParameter without a condition.
2025-08-15 12:51:36,961 [WARN] IP:2250 - RefParam_MEMORY_2_WriteCommand not found: check if there is a RefParameter without a condition.
2025-08-15 12:51:36,961 [WARN] IP:2250 - RefParam_MEMORY_2_WriteDummyCycle not found: check if there is a RefParameter without a condition.
2025-08-15 12:51:36,961 [WARN] IP:2250 - RefParam_MEMORY_2_ReadCommand not found: check if there is a RefParameter without a condition.
2025-08-15 12:51:36,961 [WARN] IP:2250 - RefParam_MEMORY_2_WrapReadCommand not found: check if there is a RefParameter without a condition.
2025-08-15 12:51:36,961 [WARN] IP:2250 - RefParam_MEMORY_2_ReadDummyCycle not found: check if there is a RefParameter without a condition.
2025-08-15 12:51:36,961 [WARN] IP:2250 - RefParam_MEMORY_2_NumberOfConfig not found: check if there is a RefParameter without a condition.
2025-08-15 12:51:36,961 [WARN] IP:2250 - RefParam_MEMORY_2_Config1_WriteMask not found: check if there is a RefParameter without a condition.
2025-08-15 12:51:36,961 [WARN] IP:2250 - RefParam_MEMORY_2_Config1_WriteValue not found: check if there is a RefParameter without a condition.
2025-08-15 12:51:36,961 [WARN] IP:2250 - RefParam_MEMORY_2_Config1_RegAddress not found: check if there is a RefParameter without a condition.
2025-08-15 12:51:36,961 [WARN] IP:2250 - RefParam_MEMORY_2_Config2_WriteMask not found: check if there is a RefParameter without a condition.
2025-08-15 12:51:36,961 [WARN] IP:2250 - RefParam_MEMORY_2_Config2_WriteValue not found: check if there is a RefParameter without a condition.
2025-08-15 12:51:36,961 [WARN] IP:2250 - RefParam_MEMORY_2_Config2_RegAddress not found: check if there is a RefParameter without a condition.
2025-08-15 12:51:36,961 [WARN] IP:2250 - RefParam_MEMORY_2_Config3_WriteMask not found: check if there is a RefParameter without a condition.
2025-08-15 12:51:36,961 [WARN] IP:2250 - RefParam_MEMORY_2_Config3_WriteValue not found: check if there is a RefParameter without a condition.
2025-08-15 12:51:36,961 [WARN] IP:2250 - RefParam_MEMORY_2_Config3_RegAddress not found: check if there is a RefParameter without a condition.
2025-08-15 12:51:36,965 [WARN] IP:2250 - pwrPrivilege not found: check if there is a RefParameter without a condition.
2025-08-15 12:51:36,965 [WARN] IP:2250 - pwrPrivilege not found: check if there is a RefParameter without a condition.
2025-08-15 12:51:36,969 [WARN] IP:2250 - Memorytype0 not found: check if there is a RefParameter without a condition.
2025-08-15 12:51:36,969 [WARN] IP:2250 - LL_DeviceAttribute20 not found: check if there is a RefParameter without a condition.
2025-08-15 12:51:36,969 [WARN] IP:2250 - DeviceAttribute0 not found: check if there is a RefParameter without a condition.
2025-08-15 12:51:36,969 [WARN] IP:2250 - DeviceAttribute20 not found: check if there is a RefParameter without a condition.
2025-08-15 12:51:36,969 [WARN] IP:2250 - DeviceAttribute1 not found: check if there is a RefParameter without a condition.
2025-08-15 12:51:36,969 [WARN] IP:2250 - Memorytype2 not found: check if there is a RefParameter without a condition.
2025-08-15 12:51:36,969 [WARN] IP:2250 - LL_DeviceAttribute22 not found: check if there is a RefParameter without a condition.
2025-08-15 12:51:36,969 [WARN] IP:2250 - DeviceAttribute2 not found: check if there is a RefParameter without a condition.
2025-08-15 12:51:36,969 [WARN] IP:2250 - Memorytype3 not found: check if there is a RefParameter without a condition.
2025-08-15 12:51:36,969 [WARN] IP:2250 - LL_DeviceAttribute23 not found: check if there is a RefParameter without a condition.
2025-08-15 12:51:36,969 [WARN] IP:2250 - DeviceAttribute3 not found: check if there is a RefParameter without a condition.
2025-08-15 12:51:36,969 [WARN] IP:2250 - Memorytype4 not found: check if there is a RefParameter without a condition.
2025-08-15 12:51:36,969 [WARN] IP:2250 - LL_DeviceAttribute24 not found: check if there is a RefParameter without a condition.
2025-08-15 12:51:36,969 [WARN] IP:2250 - DeviceAttribute4 not found: check if there is a RefParameter without a condition.
2025-08-15 12:51:36,969 [WARN] IP:2250 - Memorytype5 not found: check if there is a RefParameter without a condition.
2025-08-15 12:51:36,969 [WARN] IP:2250 - LL_DeviceAttribute25 not found: check if there is a RefParameter without a condition.
2025-08-15 12:51:36,969 [WARN] IP:2250 - DeviceAttribute5 not found: check if there is a RefParameter without a condition.
2025-08-15 12:51:36,969 [WARN] IP:2250 - Memorytype6 not found: check if there is a RefParameter without a condition.
2025-08-15 12:51:36,969 [WARN] IP:2250 - LL_DeviceAttribute26 not found: check if there is a RefParameter without a condition.
2025-08-15 12:51:36,969 [WARN] IP:2250 - DeviceAttribute6 not found: check if there is a RefParameter without a condition.
2025-08-15 12:51:36,969 [WARN] IP:2250 - Memorytype7 not found: check if there is a RefParameter without a condition.
2025-08-15 12:51:36,969 [WARN] IP:2250 - LL_DeviceAttribute27 not found: check if there is a RefParameter without a condition.
2025-08-15 12:51:36,969 [WARN] IP:2250 - DeviceAttribute7 not found: check if there is a RefParameter without a condition.
2025-08-15 12:51:37,025 [WARN] IP:2250 - DeviceAttribute0 not found: check if there is a RefParameter without a condition.
2025-08-15 12:51:37,025 [WARN] IP:2250 - Memorytype1 not found: check if there is a RefParameter without a condition.
2025-08-15 12:51:37,025 [WARN] IP:2250 - DeviceAttribute1 not found: check if there is a RefParameter without a condition.
2025-08-15 12:51:37,025 [WARN] IP:2250 - LL_DeviceAttribute21 not found: check if there is a RefParameter without a condition.
2025-08-15 12:51:37,025 [WARN] IP:2250 - Memorytype2 not found: check if there is a RefParameter without a condition.
2025-08-15 12:51:37,025 [WARN] IP:2250 - DeviceAttribute2 not found: check if there is a RefParameter without a condition.
2025-08-15 12:51:37,026 [WARN] IP:2250 - LL_DeviceAttribute22 not found: check if there is a RefParameter without a condition.
2025-08-15 12:51:37,026 [WARN] IP:2250 - Memorytype3 not found: check if there is a RefParameter without a condition.
2025-08-15 12:51:37,026 [WARN] IP:2250 - DeviceAttribute3 not found: check if there is a RefParameter without a condition.
2025-08-15 12:51:37,026 [WARN] IP:2250 - LL_DeviceAttribute23 not found: check if there is a RefParameter without a condition.
2025-08-15 12:51:37,026 [WARN] IP:2250 - Memorytype4 not found: check if there is a RefParameter without a condition.
2025-08-15 12:51:37,026 [WARN] IP:2250 - DeviceAttribute4 not found: check if there is a RefParameter without a condition.
2025-08-15 12:51:37,026 [WARN] IP:2250 - LL_DeviceAttribute24 not found: check if there is a RefParameter without a condition.
2025-08-15 12:51:37,026 [WARN] IP:2250 - Memorytype5 not found: check if there is a RefParameter without a condition.
2025-08-15 12:51:37,026 [WARN] IP:2250 - DeviceAttribute5 not found: check if there is a RefParameter without a condition.
2025-08-15 12:51:37,026 [WARN] IP:2250 - LL_DeviceAttribute25 not found: check if there is a RefParameter without a condition.
2025-08-15 12:51:37,026 [WARN] IP:2250 - Memorytype6 not found: check if there is a RefParameter without a condition.
2025-08-15 12:51:37,026 [WARN] IP:2250 - DeviceAttribute6 not found: check if there is a RefParameter without a condition.
2025-08-15 12:51:37,026 [WARN] IP:2250 - LL_DeviceAttribute26 not found: check if there is a RefParameter without a condition.
2025-08-15 12:51:37,026 [WARN] IP:2250 - Memorytype7 not found: check if there is a RefParameter without a condition.
2025-08-15 12:51:37,026 [WARN] IP:2250 - DeviceAttribute7 not found: check if there is a RefParameter without a condition.
2025-08-15 12:51:37,026 [WARN] IP:2250 - LL_DeviceAttribute27 not found: check if there is a RefParameter without a condition.
2025-08-15 12:51:37,225 [WARN] IP:2250 - RefParam_LRUN_SRC_memory not found: check if there is a RefParameter without a condition.
2025-08-15 12:51:37,225 [WARN] IP:2250 - RefParam_LRUN_SRC_offset not found: check if there is a RefParameter without a condition.
2025-08-15 12:51:37,225 [WARN] IP:2250 - RefParam_LRUN_SRC_size not found: check if there is a RefParameter without a condition.
2025-08-15 12:51:37,225 [WARN] IP:2250 - RefParam_LRUN_DEST_memory not found: check if there is a RefParameter without a condition.
2025-08-15 12:51:37,225 [WARN] IP:2250 - RefParam_LRUN_DEST_offset not found: check if there is a RefParameter without a condition.
2025-08-15 12:51:37,225 [WARN] IP:2250 - RefParam_MEMORY_1_Size not found: check if there is a RefParameter without a condition.
2025-08-15 12:51:37,225 [WARN] IP:2250 - RefParam_MEMORY_1_FreqMax not found: check if there is a RefParameter without a condition.
2025-08-15 12:51:37,225 [WARN] IP:2250 - RefParam_MEMORY_1_ReadReg not found: check if there is a RefParameter without a condition.
2025-08-15 12:51:37,225 [WARN] IP:2250 - RefParam_MEMORY_1_WriteReg not found: check if there is a RefParameter without a condition.
2025-08-15 12:51:37,225 [WARN] IP:2250 - RefParam_MEMORY_1_RegSize not found: check if there is a RefParameter without a condition.
2025-08-15 12:51:37,225 [WARN] IP:2250 - RefParam_MEMORY_1_RegDummyCycle not found: check if there is a RefParameter without a condition.
2025-08-15 12:51:37,225 [WARN] IP:2250 - RefParam_MEMORY_1_WriteCommand not found: check if there is a RefParameter without a condition.
2025-08-15 12:51:37,225 [WARN] IP:2250 - RefParam_MEMORY_1_WriteDummyCycle not found: check if there is a RefParameter without a condition.
2025-08-15 12:51:37,225 [WARN] IP:2250 - RefParam_MEMORY_1_ReadCommand not found: check if there is a RefParameter without a condition.
2025-08-15 12:51:37,225 [WARN] IP:2250 - RefParam_MEMORY_1_WrapReadCommand not found: check if there is a RefParameter without a condition.
2025-08-15 12:51:37,225 [WARN] IP:2250 - RefParam_MEMORY_1_ReadDummyCycle not found: check if there is a RefParameter without a condition.
2025-08-15 12:51:37,225 [WARN] IP:2250 - RefParam_MEMORY_1_NumberOfConfig not found: check if there is a RefParameter without a condition.
2025-08-15 12:51:37,225 [WARN] IP:2250 - RefParam_MEMORY_1_Config1_WriteMask not found: check if there is a RefParameter without a condition.
2025-08-15 12:51:37,225 [WARN] IP:2250 - RefParam_MEMORY_1_Config1_WriteValue not found: check if there is a RefParameter without a condition.
2025-08-15 12:51:37,225 [WARN] IP:2250 - RefParam_MEMORY_1_Config1_RegAddress not found: check if there is a RefParameter without a condition.
2025-08-15 12:51:37,225 [WARN] IP:2250 - RefParam_MEMORY_1_Config2_WriteMask not found: check if there is a RefParameter without a condition.
2025-08-15 12:51:37,225 [WARN] IP:2250 - RefParam_MEMORY_1_Config2_WriteValue not found: check if there is a RefParameter without a condition.
2025-08-15 12:51:37,225 [WARN] IP:2250 - RefParam_MEMORY_1_Config2_RegAddress not found: check if there is a RefParameter without a condition.
2025-08-15 12:51:37,225 [WARN] IP:2250 - RefParam_MEMORY_1_Config3_WriteMask not found: check if there is a RefParameter without a condition.
2025-08-15 12:51:37,225 [WARN] IP:2250 - RefParam_MEMORY_1_Config3_WriteValue not found: check if there is a RefParameter without a condition.
2025-08-15 12:51:37,225 [WARN] IP:2250 - RefParam_MEMORY_1_Config3_RegAddress not found: check if there is a RefParameter without a condition.
2025-08-15 12:51:37,225 [WARN] IP:2250 - RefParam_MEMORY_2_Instance not found: check if there is a RefParameter without a condition.
2025-08-15 12:51:37,225 [WARN] IP:2250 - RefParam_MEMORY_2_ConfigType not found: check if there is a RefParameter without a condition.
2025-08-15 12:51:37,225 [WARN] IP:2250 - RefParam_MEMORY_2_Size not found: check if there is a RefParameter without a condition.
2025-08-15 12:51:37,225 [WARN] IP:2250 - RefParam_MEMORY_2_FreqMax not found: check if there is a RefParameter without a condition.
2025-08-15 12:51:37,225 [WARN] IP:2250 - RefParam_MEMORY_2_ReadReg not found: check if there is a RefParameter without a condition.
2025-08-15 12:51:37,225 [WARN] IP:2250 - RefParam_MEMORY_2_WriteReg not found: check if there is a RefParameter without a condition.
2025-08-15 12:51:37,225 [WARN] IP:2250 - RefParam_MEMORY_2_RegSize not found: check if there is a RefParameter without a condition.
2025-08-15 12:51:37,225 [WARN] IP:2250 - RefParam_MEMORY_2_RegDummyCycle not found: check if there is a RefParameter without a condition.
2025-08-15 12:51:37,225 [WARN] IP:2250 - RefParam_MEMORY_2_WriteCommand not found: check if there is a RefParameter without a condition.
2025-08-15 12:51:37,225 [WARN] IP:2250 - RefParam_MEMORY_2_WriteDummyCycle not found: check if there is a RefParameter without a condition.
2025-08-15 12:51:37,225 [WARN] IP:2250 - RefParam_MEMORY_2_ReadCommand not found: check if there is a RefParameter without a condition.
2025-08-15 12:51:37,225 [WARN] IP:2250 - RefParam_MEMORY_2_WrapReadCommand not found: check if there is a RefParameter without a condition.
2025-08-15 12:51:37,225 [WARN] IP:2250 - RefParam_MEMORY_2_ReadDummyCycle not found: check if there is a RefParameter without a condition.
2025-08-15 12:51:37,225 [WARN] IP:2250 - RefParam_MEMORY_2_NumberOfConfig not found: check if there is a RefParameter without a condition.
2025-08-15 12:51:37,225 [WARN] IP:2250 - RefParam_MEMORY_2_Config1_WriteMask not found: check if there is a RefParameter without a condition.
2025-08-15 12:51:37,225 [WARN] IP:2250 - RefParam_MEMORY_2_Config1_WriteValue not found: check if there is a RefParameter without a condition.
2025-08-15 12:51:37,225 [WARN] IP:2250 - RefParam_MEMORY_2_Config1_RegAddress not found: check if there is a RefParameter without a condition.
2025-08-15 12:51:37,225 [WARN] IP:2250 - RefParam_MEMORY_2_Config2_WriteMask not found: check if there is a RefParameter without a condition.
2025-08-15 12:51:37,225 [WARN] IP:2250 - RefParam_MEMORY_2_Config2_WriteValue not found: check if there is a RefParameter without a condition.
2025-08-15 12:51:37,225 [WARN] IP:2250 - RefParam_MEMORY_2_Config2_RegAddress not found: check if there is a RefParameter without a condition.
2025-08-15 12:51:37,225 [WARN] IP:2250 - RefParam_MEMORY_2_Config3_WriteMask not found: check if there is a RefParameter without a condition.
2025-08-15 12:51:37,225 [WARN] IP:2250 - RefParam_MEMORY_2_Config3_WriteValue not found: check if there is a RefParameter without a condition.
2025-08-15 12:51:37,225 [WARN] IP:2250 - RefParam_MEMORY_2_Config3_RegAddress not found: check if there is a RefParameter without a condition.
2025-08-15 12:51:37,229 [WARN] IP:2250 - pwrPrivilege not found: check if there is a RefParameter without a condition.
2025-08-15 12:51:37,229 [WARN] IP:2250 - pwrPrivilege not found: check if there is a RefParameter without a condition.
2025-08-15 12:51:37,233 [WARN] IP:2250 - Memorytype0 not found: check if there is a RefParameter without a condition.
2025-08-15 12:51:37,233 [WARN] IP:2250 - LL_DeviceAttribute20 not found: check if there is a RefParameter without a condition.
2025-08-15 12:51:37,233 [WARN] IP:2250 - DeviceAttribute0 not found: check if there is a RefParameter without a condition.
2025-08-15 12:51:37,233 [WARN] IP:2250 - DeviceAttribute20 not found: check if there is a RefParameter without a condition.
2025-08-15 12:51:37,233 [WARN] IP:2250 - DeviceAttribute1 not found: check if there is a RefParameter without a condition.
2025-08-15 12:51:37,233 [WARN] IP:2250 - Memorytype2 not found: check if there is a RefParameter without a condition.
2025-08-15 12:51:37,233 [WARN] IP:2250 - LL_DeviceAttribute22 not found: check if there is a RefParameter without a condition.
2025-08-15 12:51:37,233 [WARN] IP:2250 - DeviceAttribute2 not found: check if there is a RefParameter without a condition.
2025-08-15 12:51:37,233 [WARN] IP:2250 - Memorytype3 not found: check if there is a RefParameter without a condition.
2025-08-15 12:51:37,233 [WARN] IP:2250 - LL_DeviceAttribute23 not found: check if there is a RefParameter without a condition.
2025-08-15 12:51:37,233 [WARN] IP:2250 - DeviceAttribute3 not found: check if there is a RefParameter without a condition.
2025-08-15 12:51:37,233 [WARN] IP:2250 - Memorytype4 not found: check if there is a RefParameter without a condition.
2025-08-15 12:51:37,233 [WARN] IP:2250 - LL_DeviceAttribute24 not found: check if there is a RefParameter without a condition.
2025-08-15 12:51:37,233 [WARN] IP:2250 - DeviceAttribute4 not found: check if there is a RefParameter without a condition.
2025-08-15 12:51:37,233 [WARN] IP:2250 - Memorytype5 not found: check if there is a RefParameter without a condition.
2025-08-15 12:51:37,233 [WARN] IP:2250 - LL_DeviceAttribute25 not found: check if there is a RefParameter without a condition.
2025-08-15 12:51:37,233 [WARN] IP:2250 - DeviceAttribute5 not found: check if there is a RefParameter without a condition.
2025-08-15 12:51:37,233 [WARN] IP:2250 - Memorytype6 not found: check if there is a RefParameter without a condition.
2025-08-15 12:51:37,233 [WARN] IP:2250 - LL_DeviceAttribute26 not found: check if there is a RefParameter without a condition.
2025-08-15 12:51:37,233 [WARN] IP:2250 - DeviceAttribute6 not found: check if there is a RefParameter without a condition.
2025-08-15 12:51:37,233 [WARN] IP:2250 - Memorytype7 not found: check if there is a RefParameter without a condition.
2025-08-15 12:51:37,233 [WARN] IP:2250 - LL_DeviceAttribute27 not found: check if there is a RefParameter without a condition.
2025-08-15 12:51:37,233 [WARN] IP:2250 - DeviceAttribute7 not found: check if there is a RefParameter without a condition.
2025-08-15 12:51:37,274 [WARN] IP:2250 - DeviceAttribute0 not found: check if there is a RefParameter without a condition.
2025-08-15 12:51:37,274 [WARN] IP:2250 - Memorytype1 not found: check if there is a RefParameter without a condition.
2025-08-15 12:51:37,274 [WARN] IP:2250 - DeviceAttribute1 not found: check if there is a RefParameter without a condition.
2025-08-15 12:51:37,274 [WARN] IP:2250 - LL_DeviceAttribute21 not found: check if there is a RefParameter without a condition.
2025-08-15 12:51:37,274 [WARN] IP:2250 - Memorytype2 not found: check if there is a RefParameter without a condition.
2025-08-15 12:51:37,274 [WARN] IP:2250 - DeviceAttribute2 not found: check if there is a RefParameter without a condition.
2025-08-15 12:51:37,274 [WARN] IP:2250 - LL_DeviceAttribute22 not found: check if there is a RefParameter without a condition.
2025-08-15 12:51:37,274 [WARN] IP:2250 - Memorytype3 not found: check if there is a RefParameter without a condition.
2025-08-15 12:51:37,274 [WARN] IP:2250 - DeviceAttribute3 not found: check if there is a RefParameter without a condition.
2025-08-15 12:51:37,274 [WARN] IP:2250 - LL_DeviceAttribute23 not found: check if there is a RefParameter without a condition.
2025-08-15 12:51:37,274 [WARN] IP:2250 - Memorytype4 not found: check if there is a RefParameter without a condition.
2025-08-15 12:51:37,274 [WARN] IP:2250 - DeviceAttribute4 not found: check if there is a RefParameter without a condition.
2025-08-15 12:51:37,274 [WARN] IP:2250 - LL_DeviceAttribute24 not found: check if there is a RefParameter without a condition.
2025-08-15 12:51:37,274 [WARN] IP:2250 - Memorytype5 not found: check if there is a RefParameter without a condition.
2025-08-15 12:51:37,274 [WARN] IP:2250 - DeviceAttribute5 not found: check if there is a RefParameter without a condition.
2025-08-15 12:51:37,274 [WARN] IP:2250 - LL_DeviceAttribute25 not found: check if there is a RefParameter without a condition.
2025-08-15 12:51:37,274 [WARN] IP:2250 - Memorytype6 not found: check if there is a RefParameter without a condition.
2025-08-15 12:51:37,274 [WARN] IP:2250 - DeviceAttribute6 not found: check if there is a RefParameter without a condition.
2025-08-15 12:51:37,274 [WARN] IP:2250 - LL_DeviceAttribute26 not found: check if there is a RefParameter without a condition.
2025-08-15 12:51:37,274 [WARN] IP:2250 - Memorytype7 not found: check if there is a RefParameter without a condition.
2025-08-15 12:51:37,274 [WARN] IP:2250 - DeviceAttribute7 not found: check if there is a RefParameter without a condition.
2025-08-15 12:51:37,274 [WARN] IP:2250 - LL_DeviceAttribute27 not found: check if there is a RefParameter without a condition.
2025-08-15 12:51:37,382 [INFO] NvicIntPanel:101 - NVIC parent = com.st.microxplorer.plugins.ip.nvic.MultiNvicIntPanel[,0,0,0x0,invalid,layout=javax.swing.BoxLayout,alignmentX=0.0,alignmentY=0.0,border=,flags=9,maximumSize=,minimumSize=,preferredSize=]
2025-08-15 12:51:37,432 [WARN] IP:2250 - RefParam_LRUN_SRC_memory not found: check if there is a RefParameter without a condition.
2025-08-15 12:51:37,432 [WARN] IP:2250 - RefParam_LRUN_SRC_offset not found: check if there is a RefParameter without a condition.
2025-08-15 12:51:37,432 [WARN] IP:2250 - RefParam_LRUN_SRC_size not found: check if there is a RefParameter without a condition.
2025-08-15 12:51:37,432 [WARN] IP:2250 - RefParam_LRUN_DEST_memory not found: check if there is a RefParameter without a condition.
2025-08-15 12:51:37,432 [WARN] IP:2250 - RefParam_LRUN_DEST_offset not found: check if there is a RefParameter without a condition.
2025-08-15 12:51:37,432 [WARN] IP:2250 - RefParam_MEMORY_1_Size not found: check if there is a RefParameter without a condition.
2025-08-15 12:51:37,432 [WARN] IP:2250 - RefParam_MEMORY_1_FreqMax not found: check if there is a RefParameter without a condition.
2025-08-15 12:51:37,432 [WARN] IP:2250 - RefParam_MEMORY_1_ReadReg not found: check if there is a RefParameter without a condition.
2025-08-15 12:51:37,432 [WARN] IP:2250 - RefParam_MEMORY_1_WriteReg not found: check if there is a RefParameter without a condition.
2025-08-15 12:51:37,432 [WARN] IP:2250 - RefParam_MEMORY_1_RegSize not found: check if there is a RefParameter without a condition.
2025-08-15 12:51:37,432 [WARN] IP:2250 - RefParam_MEMORY_1_RegDummyCycle not found: check if there is a RefParameter without a condition.
2025-08-15 12:51:37,432 [WARN] IP:2250 - RefParam_MEMORY_1_WriteCommand not found: check if there is a RefParameter without a condition.
2025-08-15 12:51:37,432 [WARN] IP:2250 - RefParam_MEMORY_1_WriteDummyCycle not found: check if there is a RefParameter without a condition.
2025-08-15 12:51:37,432 [WARN] IP:2250 - RefParam_MEMORY_1_ReadCommand not found: check if there is a RefParameter without a condition.
2025-08-15 12:51:37,432 [WARN] IP:2250 - RefParam_MEMORY_1_WrapReadCommand not found: check if there is a RefParameter without a condition.
2025-08-15 12:51:37,432 [WARN] IP:2250 - RefParam_MEMORY_1_ReadDummyCycle not found: check if there is a RefParameter without a condition.
2025-08-15 12:51:37,432 [WARN] IP:2250 - RefParam_MEMORY_1_NumberOfConfig not found: check if there is a RefParameter without a condition.
2025-08-15 12:51:37,432 [WARN] IP:2250 - RefParam_MEMORY_1_Config1_WriteMask not found: check if there is a RefParameter without a condition.
2025-08-15 12:51:37,432 [WARN] IP:2250 - RefParam_MEMORY_1_Config1_WriteValue not found: check if there is a RefParameter without a condition.
2025-08-15 12:51:37,432 [WARN] IP:2250 - RefParam_MEMORY_1_Config1_RegAddress not found: check if there is a RefParameter without a condition.
2025-08-15 12:51:37,432 [WARN] IP:2250 - RefParam_MEMORY_1_Config2_WriteMask not found: check if there is a RefParameter without a condition.
2025-08-15 12:51:37,432 [WARN] IP:2250 - RefParam_MEMORY_1_Config2_WriteValue not found: check if there is a RefParameter without a condition.
2025-08-15 12:51:37,432 [WARN] IP:2250 - RefParam_MEMORY_1_Config2_RegAddress not found: check if there is a RefParameter without a condition.
2025-08-15 12:51:37,432 [WARN] IP:2250 - RefParam_MEMORY_1_Config3_WriteMask not found: check if there is a RefParameter without a condition.
2025-08-15 12:51:37,432 [WARN] IP:2250 - RefParam_MEMORY_1_Config3_WriteValue not found: check if there is a RefParameter without a condition.
2025-08-15 12:51:37,432 [WARN] IP:2250 - RefParam_MEMORY_1_Config3_RegAddress not found: check if there is a RefParameter without a condition.
2025-08-15 12:51:37,432 [WARN] IP:2250 - RefParam_MEMORY_2_Instance not found: check if there is a RefParameter without a condition.
2025-08-15 12:51:37,432 [WARN] IP:2250 - RefParam_MEMORY_2_ConfigType not found: check if there is a RefParameter without a condition.
2025-08-15 12:51:37,432 [WARN] IP:2250 - RefParam_MEMORY_2_Size not found: check if there is a RefParameter without a condition.
2025-08-15 12:51:37,432 [WARN] IP:2250 - RefParam_MEMORY_2_FreqMax not found: check if there is a RefParameter without a condition.
2025-08-15 12:51:37,432 [WARN] IP:2250 - RefParam_MEMORY_2_ReadReg not found: check if there is a RefParameter without a condition.
2025-08-15 12:51:37,432 [WARN] IP:2250 - RefParam_MEMORY_2_WriteReg not found: check if there is a RefParameter without a condition.
2025-08-15 12:51:37,432 [WARN] IP:2250 - RefParam_MEMORY_2_RegSize not found: check if there is a RefParameter without a condition.
2025-08-15 12:51:37,432 [WARN] IP:2250 - RefParam_MEMORY_2_RegDummyCycle not found: check if there is a RefParameter without a condition.
2025-08-15 12:51:37,432 [WARN] IP:2250 - RefParam_MEMORY_2_WriteCommand not found: check if there is a RefParameter without a condition.
2025-08-15 12:51:37,432 [WARN] IP:2250 - RefParam_MEMORY_2_WriteDummyCycle not found: check if there is a RefParameter without a condition.
2025-08-15 12:51:37,432 [WARN] IP:2250 - RefParam_MEMORY_2_ReadCommand not found: check if there is a RefParameter without a condition.
2025-08-15 12:51:37,432 [WARN] IP:2250 - RefParam_MEMORY_2_WrapReadCommand not found: check if there is a RefParameter without a condition.
2025-08-15 12:51:37,432 [WARN] IP:2250 - RefParam_MEMORY_2_ReadDummyCycle not found: check if there is a RefParameter without a condition.
2025-08-15 12:51:37,432 [WARN] IP:2250 - RefParam_MEMORY_2_NumberOfConfig not found: check if there is a RefParameter without a condition.
2025-08-15 12:51:37,432 [WARN] IP:2250 - RefParam_MEMORY_2_Config1_WriteMask not found: check if there is a RefParameter without a condition.
2025-08-15 12:51:37,432 [WARN] IP:2250 - RefParam_MEMORY_2_Config1_WriteValue not found: check if there is a RefParameter without a condition.
2025-08-15 12:51:37,432 [WARN] IP:2250 - RefParam_MEMORY_2_Config1_RegAddress not found: check if there is a RefParameter without a condition.
2025-08-15 12:51:37,432 [WARN] IP:2250 - RefParam_MEMORY_2_Config2_WriteMask not found: check if there is a RefParameter without a condition.
2025-08-15 12:51:37,432 [WARN] IP:2250 - RefParam_MEMORY_2_Config2_WriteValue not found: check if there is a RefParameter without a condition.
2025-08-15 12:51:37,432 [WARN] IP:2250 - RefParam_MEMORY_2_Config2_RegAddress not found: check if there is a RefParameter without a condition.
2025-08-15 12:51:37,433 [WARN] IP:2250 - RefParam_MEMORY_2_Config3_WriteMask not found: check if there is a RefParameter without a condition.
2025-08-15 12:51:37,433 [WARN] IP:2250 - RefParam_MEMORY_2_Config3_WriteValue not found: check if there is a RefParameter without a condition.
2025-08-15 12:51:37,433 [WARN] IP:2250 - RefParam_MEMORY_2_Config3_RegAddress not found: check if there is a RefParameter without a condition.
2025-08-15 12:51:37,436 [WARN] IP:2250 - pwrPrivilege not found: check if there is a RefParameter without a condition.
2025-08-15 12:51:37,436 [WARN] IP:2250 - pwrPrivilege not found: check if there is a RefParameter without a condition.
2025-08-15 12:51:37,439 [WARN] IP:2250 - Memorytype0 not found: check if there is a RefParameter without a condition.
2025-08-15 12:51:37,439 [WARN] IP:2250 - LL_DeviceAttribute20 not found: check if there is a RefParameter without a condition.
2025-08-15 12:51:37,439 [WARN] IP:2250 - DeviceAttribute0 not found: check if there is a RefParameter without a condition.
2025-08-15 12:51:37,440 [WARN] IP:2250 - DeviceAttribute20 not found: check if there is a RefParameter without a condition.
2025-08-15 12:51:37,440 [WARN] IP:2250 - DeviceAttribute1 not found: check if there is a RefParameter without a condition.
2025-08-15 12:51:37,440 [WARN] IP:2250 - Memorytype2 not found: check if there is a RefParameter without a condition.
2025-08-15 12:51:37,440 [WARN] IP:2250 - LL_DeviceAttribute22 not found: check if there is a RefParameter without a condition.
2025-08-15 12:51:37,440 [WARN] IP:2250 - DeviceAttribute2 not found: check if there is a RefParameter without a condition.
2025-08-15 12:51:37,440 [WARN] IP:2250 - Memorytype3 not found: check if there is a RefParameter without a condition.
2025-08-15 12:51:37,440 [WARN] IP:2250 - LL_DeviceAttribute23 not found: check if there is a RefParameter without a condition.
2025-08-15 12:51:37,440 [WARN] IP:2250 - DeviceAttribute3 not found: check if there is a RefParameter without a condition.
2025-08-15 12:51:37,440 [WARN] IP:2250 - Memorytype4 not found: check if there is a RefParameter without a condition.
2025-08-15 12:51:37,440 [WARN] IP:2250 - LL_DeviceAttribute24 not found: check if there is a RefParameter without a condition.
2025-08-15 12:51:37,440 [WARN] IP:2250 - DeviceAttribute4 not found: check if there is a RefParameter without a condition.
2025-08-15 12:51:37,440 [WARN] IP:2250 - Memorytype5 not found: check if there is a RefParameter without a condition.
2025-08-15 12:51:37,440 [WARN] IP:2250 - LL_DeviceAttribute25 not found: check if there is a RefParameter without a condition.
2025-08-15 12:51:37,440 [WARN] IP:2250 - DeviceAttribute5 not found: check if there is a RefParameter without a condition.
2025-08-15 12:51:37,440 [WARN] IP:2250 - Memorytype6 not found: check if there is a RefParameter without a condition.
2025-08-15 12:51:37,440 [WARN] IP:2250 - LL_DeviceAttribute26 not found: check if there is a RefParameter without a condition.
2025-08-15 12:51:37,440 [WARN] IP:2250 - DeviceAttribute6 not found: check if there is a RefParameter without a condition.
2025-08-15 12:51:37,440 [WARN] IP:2250 - Memorytype7 not found: check if there is a RefParameter without a condition.
2025-08-15 12:51:37,440 [WARN] IP:2250 - LL_DeviceAttribute27 not found: check if there is a RefParameter without a condition.
2025-08-15 12:51:37,440 [WARN] IP:2250 - DeviceAttribute7 not found: check if there is a RefParameter without a condition.
2025-08-15 12:51:37,484 [WARN] IP:2250 - DeviceAttribute0 not found: check if there is a RefParameter without a condition.
2025-08-15 12:51:37,484 [WARN] IP:2250 - Memorytype1 not found: check if there is a RefParameter without a condition.
2025-08-15 12:51:37,484 [WARN] IP:2250 - DeviceAttribute1 not found: check if there is a RefParameter without a condition.
2025-08-15 12:51:37,484 [WARN] IP:2250 - LL_DeviceAttribute21 not found: check if there is a RefParameter without a condition.
2025-08-15 12:51:37,484 [WARN] IP:2250 - Memorytype2 not found: check if there is a RefParameter without a condition.
2025-08-15 12:51:37,484 [WARN] IP:2250 - DeviceAttribute2 not found: check if there is a RefParameter without a condition.
2025-08-15 12:51:37,484 [WARN] IP:2250 - LL_DeviceAttribute22 not found: check if there is a RefParameter without a condition.
2025-08-15 12:51:37,484 [WARN] IP:2250 - Memorytype3 not found: check if there is a RefParameter without a condition.
2025-08-15 12:51:37,484 [WARN] IP:2250 - DeviceAttribute3 not found: check if there is a RefParameter without a condition.
2025-08-15 12:51:37,484 [WARN] IP:2250 - LL_DeviceAttribute23 not found: check if there is a RefParameter without a condition.
2025-08-15 12:51:37,484 [WARN] IP:2250 - Memorytype4 not found: check if there is a RefParameter without a condition.
2025-08-15 12:51:37,484 [WARN] IP:2250 - DeviceAttribute4 not found: check if there is a RefParameter without a condition.
2025-08-15 12:51:37,484 [WARN] IP:2250 - LL_DeviceAttribute24 not found: check if there is a RefParameter without a condition.
2025-08-15 12:51:37,484 [WARN] IP:2250 - Memorytype5 not found: check if there is a RefParameter without a condition.
2025-08-15 12:51:37,484 [WARN] IP:2250 - DeviceAttribute5 not found: check if there is a RefParameter without a condition.
2025-08-15 12:51:37,484 [WARN] IP:2250 - LL_DeviceAttribute25 not found: check if there is a RefParameter without a condition.
2025-08-15 12:51:37,484 [WARN] IP:2250 - Memorytype6 not found: check if there is a RefParameter without a condition.
2025-08-15 12:51:37,484 [WARN] IP:2250 - DeviceAttribute6 not found: check if there is a RefParameter without a condition.
2025-08-15 12:51:37,484 [WARN] IP:2250 - LL_DeviceAttribute26 not found: check if there is a RefParameter without a condition.
2025-08-15 12:51:37,484 [WARN] IP:2250 - Memorytype7 not found: check if there is a RefParameter without a condition.
2025-08-15 12:51:37,484 [WARN] IP:2250 - DeviceAttribute7 not found: check if there is a RefParameter without a condition.
2025-08-15 12:51:37,484 [WARN] IP:2250 - LL_DeviceAttribute27 not found: check if there is a RefParameter without a condition.
2025-08-15 12:51:37,590 [INFO] NvicIntPanel:101 - NVIC parent = com.st.microxplorer.plugins.ip.nvic.MultiNvicIntPanel[,0,0,0x0,invalid,layout=javax.swing.BoxLayout,alignmentX=0.0,alignmentY=0.0,border=,flags=9,maximumSize=,minimumSize=,preferredSize=]
2025-08-15 12:51:42,517 [WARN] IP:2250 - RefParam_LRUN_SRC_memory not found: check if there is a RefParameter without a condition.
2025-08-15 12:51:42,517 [WARN] IP:2250 - RefParam_LRUN_SRC_offset not found: check if there is a RefParameter without a condition.
2025-08-15 12:51:42,517 [WARN] IP:2250 - RefParam_LRUN_SRC_size not found: check if there is a RefParameter without a condition.
2025-08-15 12:51:42,517 [WARN] IP:2250 - RefParam_LRUN_DEST_memory not found: check if there is a RefParameter without a condition.
2025-08-15 12:51:42,517 [WARN] IP:2250 - RefParam_LRUN_DEST_offset not found: check if there is a RefParameter without a condition.
2025-08-15 12:51:42,517 [WARN] IP:2250 - RefParam_MEMORY_1_Size not found: check if there is a RefParameter without a condition.
2025-08-15 12:51:42,517 [WARN] IP:2250 - RefParam_MEMORY_1_FreqMax not found: check if there is a RefParameter without a condition.
2025-08-15 12:51:42,517 [WARN] IP:2250 - RefParam_MEMORY_1_ReadReg not found: check if there is a RefParameter without a condition.
2025-08-15 12:51:42,517 [WARN] IP:2250 - RefParam_MEMORY_1_WriteReg not found: check if there is a RefParameter without a condition.
2025-08-15 12:51:42,517 [WARN] IP:2250 - RefParam_MEMORY_1_RegSize not found: check if there is a RefParameter without a condition.
2025-08-15 12:51:42,517 [WARN] IP:2250 - RefParam_MEMORY_1_RegDummyCycle not found: check if there is a RefParameter without a condition.
2025-08-15 12:51:42,517 [WARN] IP:2250 - RefParam_MEMORY_1_WriteCommand not found: check if there is a RefParameter without a condition.
2025-08-15 12:51:42,518 [WARN] IP:2250 - RefParam_MEMORY_1_WriteDummyCycle not found: check if there is a RefParameter without a condition.
2025-08-15 12:51:42,518 [WARN] IP:2250 - RefParam_MEMORY_1_ReadCommand not found: check if there is a RefParameter without a condition.
2025-08-15 12:51:42,518 [WARN] IP:2250 - RefParam_MEMORY_1_WrapReadCommand not found: check if there is a RefParameter without a condition.
2025-08-15 12:51:42,518 [WARN] IP:2250 - RefParam_MEMORY_1_ReadDummyCycle not found: check if there is a RefParameter without a condition.
2025-08-15 12:51:42,518 [WARN] IP:2250 - RefParam_MEMORY_1_NumberOfConfig not found: check if there is a RefParameter without a condition.
2025-08-15 12:51:42,518 [WARN] IP:2250 - RefParam_MEMORY_1_Config1_WriteMask not found: check if there is a RefParameter without a condition.
2025-08-15 12:51:42,518 [WARN] IP:2250 - RefParam_MEMORY_1_Config1_WriteValue not found: check if there is a RefParameter without a condition.
2025-08-15 12:51:42,518 [WARN] IP:2250 - RefParam_MEMORY_1_Config1_RegAddress not found: check if there is a RefParameter without a condition.
2025-08-15 12:51:42,518 [WARN] IP:2250 - RefParam_MEMORY_1_Config2_WriteMask not found: check if there is a RefParameter without a condition.
2025-08-15 12:51:42,518 [WARN] IP:2250 - RefParam_MEMORY_1_Config2_WriteValue not found: check if there is a RefParameter without a condition.
2025-08-15 12:51:42,518 [WARN] IP:2250 - RefParam_MEMORY_1_Config2_RegAddress not found: check if there is a RefParameter without a condition.
2025-08-15 12:51:42,518 [WARN] IP:2250 - RefParam_MEMORY_1_Config3_WriteMask not found: check if there is a RefParameter without a condition.
2025-08-15 12:51:42,518 [WARN] IP:2250 - RefParam_MEMORY_1_Config3_WriteValue not found: check if there is a RefParameter without a condition.
2025-08-15 12:51:42,518 [WARN] IP:2250 - RefParam_MEMORY_1_Config3_RegAddress not found: check if there is a RefParameter without a condition.
2025-08-15 12:51:42,518 [WARN] IP:2250 - RefParam_MEMORY_2_Instance not found: check if there is a RefParameter without a condition.
2025-08-15 12:51:42,518 [WARN] IP:2250 - RefParam_MEMORY_2_ConfigType not found: check if there is a RefParameter without a condition.
2025-08-15 12:51:42,518 [WARN] IP:2250 - RefParam_MEMORY_2_Size not found: check if there is a RefParameter without a condition.
2025-08-15 12:51:42,518 [WARN] IP:2250 - RefParam_MEMORY_2_FreqMax not found: check if there is a RefParameter without a condition.
2025-08-15 12:51:42,518 [WARN] IP:2250 - RefParam_MEMORY_2_ReadReg not found: check if there is a RefParameter without a condition.
2025-08-15 12:51:42,518 [WARN] IP:2250 - RefParam_MEMORY_2_WriteReg not found: check if there is a RefParameter without a condition.
2025-08-15 12:51:42,518 [WARN] IP:2250 - RefParam_MEMORY_2_RegSize not found: check if there is a RefParameter without a condition.
2025-08-15 12:51:42,518 [WARN] IP:2250 - RefParam_MEMORY_2_RegDummyCycle not found: check if there is a RefParameter without a condition.
2025-08-15 12:51:42,518 [WARN] IP:2250 - RefParam_MEMORY_2_WriteCommand not found: check if there is a RefParameter without a condition.
2025-08-15 12:51:42,518 [WARN] IP:2250 - RefParam_MEMORY_2_WriteDummyCycle not found: check if there is a RefParameter without a condition.
2025-08-15 12:51:42,518 [WARN] IP:2250 - RefParam_MEMORY_2_ReadCommand not found: check if there is a RefParameter without a condition.
2025-08-15 12:51:42,518 [WARN] IP:2250 - RefParam_MEMORY_2_WrapReadCommand not found: check if there is a RefParameter without a condition.
2025-08-15 12:51:42,518 [WARN] IP:2250 - RefParam_MEMORY_2_ReadDummyCycle not found: check if there is a RefParameter without a condition.
2025-08-15 12:51:42,518 [WARN] IP:2250 - RefParam_MEMORY_2_NumberOfConfig not found: check if there is a RefParameter without a condition.
2025-08-15 12:51:42,518 [WARN] IP:2250 - RefParam_MEMORY_2_Config1_WriteMask not found: check if there is a RefParameter without a condition.
2025-08-15 12:51:42,518 [WARN] IP:2250 - RefParam_MEMORY_2_Config1_WriteValue not found: check if there is a RefParameter without a condition.
2025-08-15 12:51:42,518 [WARN] IP:2250 - RefParam_MEMORY_2_Config1_RegAddress not found: check if there is a RefParameter without a condition.
2025-08-15 12:51:42,518 [WARN] IP:2250 - RefParam_MEMORY_2_Config2_WriteMask not found: check if there is a RefParameter without a condition.
2025-08-15 12:51:42,518 [WARN] IP:2250 - RefParam_MEMORY_2_Config2_WriteValue not found: check if there is a RefParameter without a condition.
2025-08-15 12:51:42,518 [WARN] IP:2250 - RefParam_MEMORY_2_Config2_RegAddress not found: check if there is a RefParameter without a condition.
2025-08-15 12:51:42,518 [WARN] IP:2250 - RefParam_MEMORY_2_Config3_WriteMask not found: check if there is a RefParameter without a condition.
2025-08-15 12:51:42,518 [WARN] IP:2250 - RefParam_MEMORY_2_Config3_WriteValue not found: check if there is a RefParameter without a condition.
2025-08-15 12:51:42,518 [WARN] IP:2250 - RefParam_MEMORY_2_Config3_RegAddress not found: check if there is a RefParameter without a condition.
2025-08-15 12:51:42,521 [WARN] IP:2250 - pwrPrivilege not found: check if there is a RefParameter without a condition.
2025-08-15 12:51:42,521 [WARN] IP:2250 - pwrPrivilege not found: check if there is a RefParameter without a condition.
2025-08-15 12:51:42,526 [WARN] IP:2250 - Memorytype0 not found: check if there is a RefParameter without a condition.
2025-08-15 12:51:42,526 [WARN] IP:2250 - LL_DeviceAttribute20 not found: check if there is a RefParameter without a condition.
2025-08-15 12:51:42,526 [WARN] IP:2250 - DeviceAttribute0 not found: check if there is a RefParameter without a condition.
2025-08-15 12:51:42,526 [WARN] IP:2250 - DeviceAttribute20 not found: check if there is a RefParameter without a condition.
2025-08-15 12:51:42,526 [WARN] IP:2250 - DeviceAttribute1 not found: check if there is a RefParameter without a condition.
2025-08-15 12:51:42,526 [WARN] IP:2250 - Memorytype2 not found: check if there is a RefParameter without a condition.
2025-08-15 12:51:42,526 [WARN] IP:2250 - LL_DeviceAttribute22 not found: check if there is a RefParameter without a condition.
2025-08-15 12:51:42,526 [WARN] IP:2250 - DeviceAttribute2 not found: check if there is a RefParameter without a condition.
2025-08-15 12:51:42,526 [WARN] IP:2250 - Memorytype3 not found: check if there is a RefParameter without a condition.
2025-08-15 12:51:42,526 [WARN] IP:2250 - LL_DeviceAttribute23 not found: check if there is a RefParameter without a condition.
2025-08-15 12:51:42,526 [WARN] IP:2250 - DeviceAttribute3 not found: check if there is a RefParameter without a condition.
2025-08-15 12:51:42,526 [WARN] IP:2250 - Memorytype4 not found: check if there is a RefParameter without a condition.
2025-08-15 12:51:42,526 [WARN] IP:2250 - LL_DeviceAttribute24 not found: check if there is a RefParameter without a condition.
2025-08-15 12:51:42,526 [WARN] IP:2250 - DeviceAttribute4 not found: check if there is a RefParameter without a condition.
2025-08-15 12:51:42,526 [WARN] IP:2250 - Memorytype5 not found: check if there is a RefParameter without a condition.
2025-08-15 12:51:42,526 [WARN] IP:2250 - LL_DeviceAttribute25 not found: check if there is a RefParameter without a condition.
2025-08-15 12:51:42,526 [WARN] IP:2250 - DeviceAttribute5 not found: check if there is a RefParameter without a condition.
2025-08-15 12:51:42,526 [WARN] IP:2250 - Memorytype6 not found: check if there is a RefParameter without a condition.
2025-08-15 12:51:42,526 [WARN] IP:2250 - LL_DeviceAttribute26 not found: check if there is a RefParameter without a condition.
2025-08-15 12:51:42,526 [WARN] IP:2250 - DeviceAttribute6 not found: check if there is a RefParameter without a condition.
2025-08-15 12:51:42,526 [WARN] IP:2250 - Memorytype7 not found: check if there is a RefParameter without a condition.
2025-08-15 12:51:42,526 [WARN] IP:2250 - LL_DeviceAttribute27 not found: check if there is a RefParameter without a condition.
2025-08-15 12:51:42,526 [WARN] IP:2250 - DeviceAttribute7 not found: check if there is a RefParameter without a condition.
2025-08-15 12:51:42,565 [WARN] IP:2250 - DeviceAttribute0 not found: check if there is a RefParameter without a condition.
2025-08-15 12:51:42,565 [WARN] IP:2250 - Memorytype1 not found: check if there is a RefParameter without a condition.
2025-08-15 12:51:42,565 [WARN] IP:2250 - DeviceAttribute1 not found: check if there is a RefParameter without a condition.
2025-08-15 12:51:42,565 [WARN] IP:2250 - LL_DeviceAttribute21 not found: check if there is a RefParameter without a condition.
2025-08-15 12:51:42,565 [WARN] IP:2250 - Memorytype2 not found: check if there is a RefParameter without a condition.
2025-08-15 12:51:42,565 [WARN] IP:2250 - DeviceAttribute2 not found: check if there is a RefParameter without a condition.
2025-08-15 12:51:42,565 [WARN] IP:2250 - LL_DeviceAttribute22 not found: check if there is a RefParameter without a condition.
2025-08-15 12:51:42,565 [WARN] IP:2250 - Memorytype3 not found: check if there is a RefParameter without a condition.
2025-08-15 12:51:42,565 [WARN] IP:2250 - DeviceAttribute3 not found: check if there is a RefParameter without a condition.
2025-08-15 12:51:42,565 [WARN] IP:2250 - LL_DeviceAttribute23 not found: check if there is a RefParameter without a condition.
2025-08-15 12:51:42,565 [WARN] IP:2250 - Memorytype4 not found: check if there is a RefParameter without a condition.
2025-08-15 12:51:42,565 [WARN] IP:2250 - DeviceAttribute4 not found: check if there is a RefParameter without a condition.
2025-08-15 12:51:42,565 [WARN] IP:2250 - LL_DeviceAttribute24 not found: check if there is a RefParameter without a condition.
2025-08-15 12:51:42,565 [WARN] IP:2250 - Memorytype5 not found: check if there is a RefParameter without a condition.
2025-08-15 12:51:42,565 [WARN] IP:2250 - DeviceAttribute5 not found: check if there is a RefParameter without a condition.
2025-08-15 12:51:42,565 [WARN] IP:2250 - LL_DeviceAttribute25 not found: check if there is a RefParameter without a condition.
2025-08-15 12:51:42,565 [WARN] IP:2250 - Memorytype6 not found: check if there is a RefParameter without a condition.
2025-08-15 12:51:42,565 [WARN] IP:2250 - DeviceAttribute6 not found: check if there is a RefParameter without a condition.
2025-08-15 12:51:42,565 [WARN] IP:2250 - LL_DeviceAttribute26 not found: check if there is a RefParameter without a condition.
2025-08-15 12:51:42,565 [WARN] IP:2250 - Memorytype7 not found: check if there is a RefParameter without a condition.
2025-08-15 12:51:42,565 [WARN] IP:2250 - DeviceAttribute7 not found: check if there is a RefParameter without a condition.
2025-08-15 12:51:42,565 [WARN] IP:2250 - LL_DeviceAttribute27 not found: check if there is a RefParameter without a condition.
2025-08-15 12:51:42,674 [WARN] IP:2250 - RefParam_LRUN_SRC_memory not found: check if there is a RefParameter without a condition.
2025-08-15 12:51:42,674 [WARN] IP:2250 - RefParam_LRUN_SRC_offset not found: check if there is a RefParameter without a condition.
2025-08-15 12:51:42,674 [WARN] IP:2250 - RefParam_LRUN_SRC_size not found: check if there is a RefParameter without a condition.
2025-08-15 12:51:42,674 [WARN] IP:2250 - RefParam_LRUN_DEST_memory not found: check if there is a RefParameter without a condition.
2025-08-15 12:51:42,674 [WARN] IP:2250 - RefParam_LRUN_DEST_offset not found: check if there is a RefParameter without a condition.
2025-08-15 12:51:42,674 [WARN] IP:2250 - RefParam_MEMORY_1_Size not found: check if there is a RefParameter without a condition.
2025-08-15 12:51:42,674 [WARN] IP:2250 - RefParam_MEMORY_1_FreqMax not found: check if there is a RefParameter without a condition.
2025-08-15 12:51:42,674 [WARN] IP:2250 - RefParam_MEMORY_1_ReadReg not found: check if there is a RefParameter without a condition.
2025-08-15 12:51:42,674 [WARN] IP:2250 - RefParam_MEMORY_1_WriteReg not found: check if there is a RefParameter without a condition.
2025-08-15 12:51:42,674 [WARN] IP:2250 - RefParam_MEMORY_1_RegSize not found: check if there is a RefParameter without a condition.
2025-08-15 12:51:42,674 [WARN] IP:2250 - RefParam_MEMORY_1_RegDummyCycle not found: check if there is a RefParameter without a condition.
2025-08-15 12:51:42,674 [WARN] IP:2250 - RefParam_MEMORY_1_WriteCommand not found: check if there is a RefParameter without a condition.
2025-08-15 12:51:42,674 [WARN] IP:2250 - RefParam_MEMORY_1_WriteDummyCycle not found: check if there is a RefParameter without a condition.
2025-08-15 12:51:42,674 [WARN] IP:2250 - RefParam_MEMORY_1_ReadCommand not found: check if there is a RefParameter without a condition.
2025-08-15 12:51:42,674 [WARN] IP:2250 - RefParam_MEMORY_1_WrapReadCommand not found: check if there is a RefParameter without a condition.
2025-08-15 12:51:42,674 [WARN] IP:2250 - RefParam_MEMORY_1_ReadDummyCycle not found: check if there is a RefParameter without a condition.
2025-08-15 12:51:42,674 [WARN] IP:2250 - RefParam_MEMORY_1_NumberOfConfig not found: check if there is a RefParameter without a condition.
2025-08-15 12:51:42,674 [WARN] IP:2250 - RefParam_MEMORY_1_Config1_WriteMask not found: check if there is a RefParameter without a condition.
2025-08-15 12:51:42,674 [WARN] IP:2250 - RefParam_MEMORY_1_Config1_WriteValue not found: check if there is a RefParameter without a condition.
2025-08-15 12:51:42,674 [WARN] IP:2250 - RefParam_MEMORY_1_Config1_RegAddress not found: check if there is a RefParameter without a condition.
2025-08-15 12:51:42,674 [WARN] IP:2250 - RefParam_MEMORY_1_Config2_WriteMask not found: check if there is a RefParameter without a condition.
2025-08-15 12:51:42,674 [WARN] IP:2250 - RefParam_MEMORY_1_Config2_WriteValue not found: check if there is a RefParameter without a condition.
2025-08-15 12:51:42,674 [WARN] IP:2250 - RefParam_MEMORY_1_Config2_RegAddress not found: check if there is a RefParameter without a condition.
2025-08-15 12:51:42,674 [WARN] IP:2250 - RefParam_MEMORY_1_Config3_WriteMask not found: check if there is a RefParameter without a condition.
2025-08-15 12:51:42,674 [WARN] IP:2250 - RefParam_MEMORY_1_Config3_WriteValue not found: check if there is a RefParameter without a condition.
2025-08-15 12:51:42,674 [WARN] IP:2250 - RefParam_MEMORY_1_Config3_RegAddress not found: check if there is a RefParameter without a condition.
2025-08-15 12:51:42,674 [WARN] IP:2250 - RefParam_MEMORY_2_Instance not found: check if there is a RefParameter without a condition.
2025-08-15 12:51:42,674 [WARN] IP:2250 - RefParam_MEMORY_2_ConfigType not found: check if there is a RefParameter without a condition.
2025-08-15 12:51:42,674 [WARN] IP:2250 - RefParam_MEMORY_2_Size not found: check if there is a RefParameter without a condition.
2025-08-15 12:51:42,674 [WARN] IP:2250 - RefParam_MEMORY_2_FreqMax not found: check if there is a RefParameter without a condition.
2025-08-15 12:51:42,674 [WARN] IP:2250 - RefParam_MEMORY_2_ReadReg not found: check if there is a RefParameter without a condition.
2025-08-15 12:51:42,674 [WARN] IP:2250 - RefParam_MEMORY_2_WriteReg not found: check if there is a RefParameter without a condition.
2025-08-15 12:51:42,674 [WARN] IP:2250 - RefParam_MEMORY_2_RegSize not found: check if there is a RefParameter without a condition.
2025-08-15 12:51:42,674 [WARN] IP:2250 - RefParam_MEMORY_2_RegDummyCycle not found: check if there is a RefParameter without a condition.
2025-08-15 12:51:42,674 [WARN] IP:2250 - RefParam_MEMORY_2_WriteCommand not found: check if there is a RefParameter without a condition.
2025-08-15 12:51:42,674 [WARN] IP:2250 - RefParam_MEMORY_2_WriteDummyCycle not found: check if there is a RefParameter without a condition.
2025-08-15 12:51:42,674 [WARN] IP:2250 - RefParam_MEMORY_2_ReadCommand not found: check if there is a RefParameter without a condition.
2025-08-15 12:51:42,674 [WARN] IP:2250 - RefParam_MEMORY_2_WrapReadCommand not found: check if there is a RefParameter without a condition.
2025-08-15 12:51:42,674 [WARN] IP:2250 - RefParam_MEMORY_2_ReadDummyCycle not found: check if there is a RefParameter without a condition.
2025-08-15 12:51:42,674 [WARN] IP:2250 - RefParam_MEMORY_2_NumberOfConfig not found: check if there is a RefParameter without a condition.
2025-08-15 12:51:42,674 [WARN] IP:2250 - RefParam_MEMORY_2_Config1_WriteMask not found: check if there is a RefParameter without a condition.
2025-08-15 12:51:42,674 [WARN] IP:2250 - RefParam_MEMORY_2_Config1_WriteValue not found: check if there is a RefParameter without a condition.
2025-08-15 12:51:42,674 [WARN] IP:2250 - RefParam_MEMORY_2_Config1_RegAddress not found: check if there is a RefParameter without a condition.
2025-08-15 12:51:42,674 [WARN] IP:2250 - RefParam_MEMORY_2_Config2_WriteMask not found: check if there is a RefParameter without a condition.
2025-08-15 12:51:42,674 [WARN] IP:2250 - RefParam_MEMORY_2_Config2_WriteValue not found: check if there is a RefParameter without a condition.
2025-08-15 12:51:42,674 [WARN] IP:2250 - RefParam_MEMORY_2_Config2_RegAddress not found: check if there is a RefParameter without a condition.
2025-08-15 12:51:42,674 [WARN] IP:2250 - RefParam_MEMORY_2_Config3_WriteMask not found: check if there is a RefParameter without a condition.
2025-08-15 12:51:42,674 [WARN] IP:2250 - RefParam_MEMORY_2_Config3_WriteValue not found: check if there is a RefParameter without a condition.
2025-08-15 12:51:42,674 [WARN] IP:2250 - RefParam_MEMORY_2_Config3_RegAddress not found: check if there is a RefParameter without a condition.
2025-08-15 12:51:42,678 [WARN] IP:2250 - pwrPrivilege not found: check if there is a RefParameter without a condition.
2025-08-15 12:51:42,678 [WARN] IP:2250 - pwrPrivilege not found: check if there is a RefParameter without a condition.
2025-08-15 12:51:42,682 [WARN] IP:2250 - Memorytype0 not found: check if there is a RefParameter without a condition.
2025-08-15 12:51:42,682 [WARN] IP:2250 - LL_DeviceAttribute20 not found: check if there is a RefParameter without a condition.
2025-08-15 12:51:42,682 [WARN] IP:2250 - DeviceAttribute0 not found: check if there is a RefParameter without a condition.
2025-08-15 12:51:42,682 [WARN] IP:2250 - DeviceAttribute20 not found: check if there is a RefParameter without a condition.
2025-08-15 12:51:42,682 [WARN] IP:2250 - DeviceAttribute1 not found: check if there is a RefParameter without a condition.
2025-08-15 12:51:42,682 [WARN] IP:2250 - Memorytype2 not found: check if there is a RefParameter without a condition.
2025-08-15 12:51:42,682 [WARN] IP:2250 - LL_DeviceAttribute22 not found: check if there is a RefParameter without a condition.
2025-08-15 12:51:42,682 [WARN] IP:2250 - DeviceAttribute2 not found: check if there is a RefParameter without a condition.
2025-08-15 12:51:42,682 [WARN] IP:2250 - Memorytype3 not found: check if there is a RefParameter without a condition.
2025-08-15 12:51:42,682 [WARN] IP:2250 - LL_DeviceAttribute23 not found: check if there is a RefParameter without a condition.
2025-08-15 12:51:42,682 [WARN] IP:2250 - DeviceAttribute3 not found: check if there is a RefParameter without a condition.
2025-08-15 12:51:42,682 [WARN] IP:2250 - Memorytype4 not found: check if there is a RefParameter without a condition.
2025-08-15 12:51:42,682 [WARN] IP:2250 - LL_DeviceAttribute24 not found: check if there is a RefParameter without a condition.
2025-08-15 12:51:42,682 [WARN] IP:2250 - DeviceAttribute4 not found: check if there is a RefParameter without a condition.
2025-08-15 12:51:42,682 [WARN] IP:2250 - Memorytype5 not found: check if there is a RefParameter without a condition.
2025-08-15 12:51:42,682 [WARN] IP:2250 - LL_DeviceAttribute25 not found: check if there is a RefParameter without a condition.
2025-08-15 12:51:42,682 [WARN] IP:2250 - DeviceAttribute5 not found: check if there is a RefParameter without a condition.
2025-08-15 12:51:42,682 [WARN] IP:2250 - Memorytype6 not found: check if there is a RefParameter without a condition.
2025-08-15 12:51:42,682 [WARN] IP:2250 - LL_DeviceAttribute26 not found: check if there is a RefParameter without a condition.
2025-08-15 12:51:42,682 [WARN] IP:2250 - DeviceAttribute6 not found: check if there is a RefParameter without a condition.
2025-08-15 12:51:42,682 [WARN] IP:2250 - Memorytype7 not found: check if there is a RefParameter without a condition.
2025-08-15 12:51:42,682 [WARN] IP:2250 - LL_DeviceAttribute27 not found: check if there is a RefParameter without a condition.
2025-08-15 12:51:42,682 [WARN] IP:2250 - DeviceAttribute7 not found: check if there is a RefParameter without a condition.
2025-08-15 12:51:42,722 [WARN] IP:2250 - DeviceAttribute0 not found: check if there is a RefParameter without a condition.
2025-08-15 12:51:42,722 [WARN] IP:2250 - Memorytype1 not found: check if there is a RefParameter without a condition.
2025-08-15 12:51:42,722 [WARN] IP:2250 - DeviceAttribute1 not found: check if there is a RefParameter without a condition.
2025-08-15 12:51:42,722 [WARN] IP:2250 - LL_DeviceAttribute21 not found: check if there is a RefParameter without a condition.
2025-08-15 12:51:42,722 [WARN] IP:2250 - Memorytype2 not found: check if there is a RefParameter without a condition.
2025-08-15 12:51:42,722 [WARN] IP:2250 - DeviceAttribute2 not found: check if there is a RefParameter without a condition.
2025-08-15 12:51:42,722 [WARN] IP:2250 - LL_DeviceAttribute22 not found: check if there is a RefParameter without a condition.
2025-08-15 12:51:42,722 [WARN] IP:2250 - Memorytype3 not found: check if there is a RefParameter without a condition.
2025-08-15 12:51:42,722 [WARN] IP:2250 - DeviceAttribute3 not found: check if there is a RefParameter without a condition.
2025-08-15 12:51:42,722 [WARN] IP:2250 - LL_DeviceAttribute23 not found: check if there is a RefParameter without a condition.
2025-08-15 12:51:42,722 [WARN] IP:2250 - Memorytype4 not found: check if there is a RefParameter without a condition.
2025-08-15 12:51:42,722 [WARN] IP:2250 - DeviceAttribute4 not found: check if there is a RefParameter without a condition.
2025-08-15 12:51:42,722 [WARN] IP:2250 - LL_DeviceAttribute24 not found: check if there is a RefParameter without a condition.
2025-08-15 12:51:42,723 [WARN] IP:2250 - Memorytype5 not found: check if there is a RefParameter without a condition.
2025-08-15 12:51:42,723 [WARN] IP:2250 - DeviceAttribute5 not found: check if there is a RefParameter without a condition.
2025-08-15 12:51:42,723 [WARN] IP:2250 - LL_DeviceAttribute25 not found: check if there is a RefParameter without a condition.
2025-08-15 12:51:42,723 [WARN] IP:2250 - Memorytype6 not found: check if there is a RefParameter without a condition.
2025-08-15 12:51:42,723 [WARN] IP:2250 - DeviceAttribute6 not found: check if there is a RefParameter without a condition.
2025-08-15 12:51:42,723 [WARN] IP:2250 - LL_DeviceAttribute26 not found: check if there is a RefParameter without a condition.
2025-08-15 12:51:42,723 [WARN] IP:2250 - Memorytype7 not found: check if there is a RefParameter without a condition.
2025-08-15 12:51:42,723 [WARN] IP:2250 - DeviceAttribute7 not found: check if there is a RefParameter without a condition.
2025-08-15 12:51:42,723 [WARN] IP:2250 - LL_DeviceAttribute27 not found: check if there is a RefParameter without a condition.
2025-08-15 12:51:42,830 [WARN] IP:2250 - RefParam_LRUN_SRC_memory not found: check if there is a RefParameter without a condition.
2025-08-15 12:51:42,830 [WARN] IP:2250 - RefParam_LRUN_SRC_offset not found: check if there is a RefParameter without a condition.
2025-08-15 12:51:42,830 [WARN] IP:2250 - RefParam_LRUN_SRC_size not found: check if there is a RefParameter without a condition.
2025-08-15 12:51:42,830 [WARN] IP:2250 - RefParam_LRUN_DEST_memory not found: check if there is a RefParameter without a condition.
2025-08-15 12:51:42,830 [WARN] IP:2250 - RefParam_LRUN_DEST_offset not found: check if there is a RefParameter without a condition.
2025-08-15 12:51:42,830 [WARN] IP:2250 - RefParam_MEMORY_1_Size not found: check if there is a RefParameter without a condition.
2025-08-15 12:51:42,830 [WARN] IP:2250 - RefParam_MEMORY_1_FreqMax not found: check if there is a RefParameter without a condition.
2025-08-15 12:51:42,830 [WARN] IP:2250 - RefParam_MEMORY_1_ReadReg not found: check if there is a RefParameter without a condition.
2025-08-15 12:51:42,830 [WARN] IP:2250 - RefParam_MEMORY_1_WriteReg not found: check if there is a RefParameter without a condition.
2025-08-15 12:51:42,830 [WARN] IP:2250 - RefParam_MEMORY_1_RegSize not found: check if there is a RefParameter without a condition.
2025-08-15 12:51:42,830 [WARN] IP:2250 - RefParam_MEMORY_1_RegDummyCycle not found: check if there is a RefParameter without a condition.
2025-08-15 12:51:42,830 [WARN] IP:2250 - RefParam_MEMORY_1_WriteCommand not found: check if there is a RefParameter without a condition.
2025-08-15 12:51:42,830 [WARN] IP:2250 - RefParam_MEMORY_1_WriteDummyCycle not found: check if there is a RefParameter without a condition.
2025-08-15 12:51:42,830 [WARN] IP:2250 - RefParam_MEMORY_1_ReadCommand not found: check if there is a RefParameter without a condition.
2025-08-15 12:51:42,830 [WARN] IP:2250 - RefParam_MEMORY_1_WrapReadCommand not found: check if there is a RefParameter without a condition.
2025-08-15 12:51:42,830 [WARN] IP:2250 - RefParam_MEMORY_1_ReadDummyCycle not found: check if there is a RefParameter without a condition.
2025-08-15 12:51:42,830 [WARN] IP:2250 - RefParam_MEMORY_1_NumberOfConfig not found: check if there is a RefParameter without a condition.
2025-08-15 12:51:42,830 [WARN] IP:2250 - RefParam_MEMORY_1_Config1_WriteMask not found: check if there is a RefParameter without a condition.
2025-08-15 12:51:42,830 [WARN] IP:2250 - RefParam_MEMORY_1_Config1_WriteValue not found: check if there is a RefParameter without a condition.
2025-08-15 12:51:42,830 [WARN] IP:2250 - RefParam_MEMORY_1_Config1_RegAddress not found: check if there is a RefParameter without a condition.
2025-08-15 12:51:42,830 [WARN] IP:2250 - RefParam_MEMORY_1_Config2_WriteMask not found: check if there is a RefParameter without a condition.
2025-08-15 12:51:42,830 [WARN] IP:2250 - RefParam_MEMORY_1_Config2_WriteValue not found: check if there is a RefParameter without a condition.
2025-08-15 12:51:42,831 [WARN] IP:2250 - RefParam_MEMORY_1_Config2_RegAddress not found: check if there is a RefParameter without a condition.
2025-08-15 12:51:42,831 [WARN] IP:2250 - RefParam_MEMORY_1_Config3_WriteMask not found: check if there is a RefParameter without a condition.
2025-08-15 12:51:42,831 [WARN] IP:2250 - RefParam_MEMORY_1_Config3_WriteValue not found: check if there is a RefParameter without a condition.
2025-08-15 12:51:42,831 [WARN] IP:2250 - RefParam_MEMORY_1_Config3_RegAddress not found: check if there is a RefParameter without a condition.
2025-08-15 12:51:42,831 [WARN] IP:2250 - RefParam_MEMORY_2_Instance not found: check if there is a RefParameter without a condition.
2025-08-15 12:51:42,831 [WARN] IP:2250 - RefParam_MEMORY_2_ConfigType not found: check if there is a RefParameter without a condition.
2025-08-15 12:51:42,831 [WARN] IP:2250 - RefParam_MEMORY_2_Size not found: check if there is a RefParameter without a condition.
2025-08-15 12:51:42,831 [WARN] IP:2250 - RefParam_MEMORY_2_FreqMax not found: check if there is a RefParameter without a condition.
2025-08-15 12:51:42,831 [WARN] IP:2250 - RefParam_MEMORY_2_ReadReg not found: check if there is a RefParameter without a condition.
2025-08-15 12:51:42,831 [WARN] IP:2250 - RefParam_MEMORY_2_WriteReg not found: check if there is a RefParameter without a condition.
2025-08-15 12:51:42,831 [WARN] IP:2250 - RefParam_MEMORY_2_RegSize not found: check if there is a RefParameter without a condition.
2025-08-15 12:51:42,831 [WARN] IP:2250 - RefParam_MEMORY_2_RegDummyCycle not found: check if there is a RefParameter without a condition.
2025-08-15 12:51:42,831 [WARN] IP:2250 - RefParam_MEMORY_2_WriteCommand not found: check if there is a RefParameter without a condition.
2025-08-15 12:51:42,831 [WARN] IP:2250 - RefParam_MEMORY_2_WriteDummyCycle not found: check if there is a RefParameter without a condition.
2025-08-15 12:51:42,831 [WARN] IP:2250 - RefParam_MEMORY_2_ReadCommand not found: check if there is a RefParameter without a condition.
2025-08-15 12:51:42,831 [WARN] IP:2250 - RefParam_MEMORY_2_WrapReadCommand not found: check if there is a RefParameter without a condition.
2025-08-15 12:51:42,831 [WARN] IP:2250 - RefParam_MEMORY_2_ReadDummyCycle not found: check if there is a RefParameter without a condition.
2025-08-15 12:51:42,831 [WARN] IP:2250 - RefParam_MEMORY_2_NumberOfConfig not found: check if there is a RefParameter without a condition.
2025-08-15 12:51:42,831 [WARN] IP:2250 - RefParam_MEMORY_2_Config1_WriteMask not found: check if there is a RefParameter without a condition.
2025-08-15 12:51:42,831 [WARN] IP:2250 - RefParam_MEMORY_2_Config1_WriteValue not found: check if there is a RefParameter without a condition.
2025-08-15 12:51:42,831 [WARN] IP:2250 - RefParam_MEMORY_2_Config1_RegAddress not found: check if there is a RefParameter without a condition.
2025-08-15 12:51:42,831 [WARN] IP:2250 - RefParam_MEMORY_2_Config2_WriteMask not found: check if there is a RefParameter without a condition.
2025-08-15 12:51:42,831 [WARN] IP:2250 - RefParam_MEMORY_2_Config2_WriteValue not found: check if there is a RefParameter without a condition.
2025-08-15 12:51:42,831 [WARN] IP:2250 - RefParam_MEMORY_2_Config2_RegAddress not found: check if there is a RefParameter without a condition.
2025-08-15 12:51:42,831 [WARN] IP:2250 - RefParam_MEMORY_2_Config3_WriteMask not found: check if there is a RefParameter without a condition.
2025-08-15 12:51:42,831 [WARN] IP:2250 - RefParam_MEMORY_2_Config3_WriteValue not found: check if there is a RefParameter without a condition.
2025-08-15 12:51:42,831 [WARN] IP:2250 - RefParam_MEMORY_2_Config3_RegAddress not found: check if there is a RefParameter without a condition.
2025-08-15 12:51:42,834 [WARN] IP:2250 - pwrPrivilege not found: check if there is a RefParameter without a condition.
2025-08-15 12:51:42,834 [WARN] IP:2250 - pwrPrivilege not found: check if there is a RefParameter without a condition.
2025-08-15 12:51:42,837 [WARN] IP:2250 - Memorytype0 not found: check if there is a RefParameter without a condition.
2025-08-15 12:51:42,838 [WARN] IP:2250 - LL_DeviceAttribute20 not found: check if there is a RefParameter without a condition.
2025-08-15 12:51:42,838 [WARN] IP:2250 - DeviceAttribute0 not found: check if there is a RefParameter without a condition.
2025-08-15 12:51:42,838 [WARN] IP:2250 - DeviceAttribute20 not found: check if there is a RefParameter without a condition.
2025-08-15 12:51:42,838 [WARN] IP:2250 - DeviceAttribute1 not found: check if there is a RefParameter without a condition.
2025-08-15 12:51:42,838 [WARN] IP:2250 - Memorytype2 not found: check if there is a RefParameter without a condition.
2025-08-15 12:51:42,838 [WARN] IP:2250 - LL_DeviceAttribute22 not found: check if there is a RefParameter without a condition.
2025-08-15 12:51:42,838 [WARN] IP:2250 - DeviceAttribute2 not found: check if there is a RefParameter without a condition.
2025-08-15 12:51:42,838 [WARN] IP:2250 - Memorytype3 not found: check if there is a RefParameter without a condition.
2025-08-15 12:51:42,838 [WARN] IP:2250 - LL_DeviceAttribute23 not found: check if there is a RefParameter without a condition.
2025-08-15 12:51:42,838 [WARN] IP:2250 - DeviceAttribute3 not found: check if there is a RefParameter without a condition.
2025-08-15 12:51:42,838 [WARN] IP:2250 - Memorytype4 not found: check if there is a RefParameter without a condition.
2025-08-15 12:51:42,838 [WARN] IP:2250 - LL_DeviceAttribute24 not found: check if there is a RefParameter without a condition.
2025-08-15 12:51:42,838 [WARN] IP:2250 - DeviceAttribute4 not found: check if there is a RefParameter without a condition.
2025-08-15 12:51:42,838 [WARN] IP:2250 - Memorytype5 not found: check if there is a RefParameter without a condition.
2025-08-15 12:51:42,838 [WARN] IP:2250 - LL_DeviceAttribute25 not found: check if there is a RefParameter without a condition.
2025-08-15 12:51:42,838 [WARN] IP:2250 - DeviceAttribute5 not found: check if there is a RefParameter without a condition.
2025-08-15 12:51:42,838 [WARN] IP:2250 - Memorytype6 not found: check if there is a RefParameter without a condition.
2025-08-15 12:51:42,838 [WARN] IP:2250 - LL_DeviceAttribute26 not found: check if there is a RefParameter without a condition.
2025-08-15 12:51:42,838 [WARN] IP:2250 - DeviceAttribute6 not found: check if there is a RefParameter without a condition.
2025-08-15 12:51:42,838 [WARN] IP:2250 - Memorytype7 not found: check if there is a RefParameter without a condition.
2025-08-15 12:51:42,838 [WARN] IP:2250 - LL_DeviceAttribute27 not found: check if there is a RefParameter without a condition.
2025-08-15 12:51:42,838 [WARN] IP:2250 - DeviceAttribute7 not found: check if there is a RefParameter without a condition.
2025-08-15 12:51:42,877 [WARN] IP:2250 - DeviceAttribute0 not found: check if there is a RefParameter without a condition.
2025-08-15 12:51:42,877 [WARN] IP:2250 - Memorytype1 not found: check if there is a RefParameter without a condition.
2025-08-15 12:51:42,877 [WARN] IP:2250 - DeviceAttribute1 not found: check if there is a RefParameter without a condition.
2025-08-15 12:51:42,877 [WARN] IP:2250 - LL_DeviceAttribute21 not found: check if there is a RefParameter without a condition.
2025-08-15 12:51:42,877 [WARN] IP:2250 - Memorytype2 not found: check if there is a RefParameter without a condition.
2025-08-15 12:51:42,877 [WARN] IP:2250 - DeviceAttribute2 not found: check if there is a RefParameter without a condition.
2025-08-15 12:51:42,877 [WARN] IP:2250 - LL_DeviceAttribute22 not found: check if there is a RefParameter without a condition.
2025-08-15 12:51:42,877 [WARN] IP:2250 - Memorytype3 not found: check if there is a RefParameter without a condition.
2025-08-15 12:51:42,877 [WARN] IP:2250 - DeviceAttribute3 not found: check if there is a RefParameter without a condition.
2025-08-15 12:51:42,877 [WARN] IP:2250 - LL_DeviceAttribute23 not found: check if there is a RefParameter without a condition.
2025-08-15 12:51:42,877 [WARN] IP:2250 - Memorytype4 not found: check if there is a RefParameter without a condition.
2025-08-15 12:51:42,877 [WARN] IP:2250 - DeviceAttribute4 not found: check if there is a RefParameter without a condition.
2025-08-15 12:51:42,877 [WARN] IP:2250 - LL_DeviceAttribute24 not found: check if there is a RefParameter without a condition.
2025-08-15 12:51:42,877 [WARN] IP:2250 - Memorytype5 not found: check if there is a RefParameter without a condition.
2025-08-15 12:51:42,878 [WARN] IP:2250 - DeviceAttribute5 not found: check if there is a RefParameter without a condition.
2025-08-15 12:51:42,878 [WARN] IP:2250 - LL_DeviceAttribute25 not found: check if there is a RefParameter without a condition.
2025-08-15 12:51:42,878 [WARN] IP:2250 - Memorytype6 not found: check if there is a RefParameter without a condition.
2025-08-15 12:51:42,878 [WARN] IP:2250 - DeviceAttribute6 not found: check if there is a RefParameter without a condition.
2025-08-15 12:51:42,878 [WARN] IP:2250 - LL_DeviceAttribute26 not found: check if there is a RefParameter without a condition.
2025-08-15 12:51:42,878 [WARN] IP:2250 - Memorytype7 not found: check if there is a RefParameter without a condition.
2025-08-15 12:51:42,878 [WARN] IP:2250 - DeviceAttribute7 not found: check if there is a RefParameter without a condition.
2025-08-15 12:51:42,878 [WARN] IP:2250 - LL_DeviceAttribute27 not found: check if there is a RefParameter without a condition.
2025-08-15 12:51:49,879 [WARN] IP:2250 - RefParam_LRUN_SRC_memory not found: check if there is a RefParameter without a condition.
2025-08-15 12:51:49,879 [WARN] IP:2250 - RefParam_LRUN_SRC_offset not found: check if there is a RefParameter without a condition.
2025-08-15 12:51:49,879 [WARN] IP:2250 - RefParam_LRUN_SRC_size not found: check if there is a RefParameter without a condition.
2025-08-15 12:51:49,879 [WARN] IP:2250 - RefParam_LRUN_DEST_memory not found: check if there is a RefParameter without a condition.
2025-08-15 12:51:49,879 [WARN] IP:2250 - RefParam_LRUN_DEST_offset not found: check if there is a RefParameter without a condition.
2025-08-15 12:51:49,879 [WARN] IP:2250 - RefParam_MEMORY_1_Size not found: check if there is a RefParameter without a condition.
2025-08-15 12:51:49,879 [WARN] IP:2250 - RefParam_MEMORY_1_FreqMax not found: check if there is a RefParameter without a condition.
2025-08-15 12:51:49,879 [WARN] IP:2250 - RefParam_MEMORY_1_ReadReg not found: check if there is a RefParameter without a condition.
2025-08-15 12:51:49,879 [WARN] IP:2250 - RefParam_MEMORY_1_WriteReg not found: check if there is a RefParameter without a condition.
2025-08-15 12:51:49,879 [WARN] IP:2250 - RefParam_MEMORY_1_RegSize not found: check if there is a RefParameter without a condition.
2025-08-15 12:51:49,879 [WARN] IP:2250 - RefParam_MEMORY_1_RegDummyCycle not found: check if there is a RefParameter without a condition.
2025-08-15 12:51:49,879 [WARN] IP:2250 - RefParam_MEMORY_1_WriteCommand not found: check if there is a RefParameter without a condition.
2025-08-15 12:51:49,879 [WARN] IP:2250 - RefParam_MEMORY_1_WriteDummyCycle not found: check if there is a RefParameter without a condition.
2025-08-15 12:51:49,879 [WARN] IP:2250 - RefParam_MEMORY_1_ReadCommand not found: check if there is a RefParameter without a condition.
2025-08-15 12:51:49,879 [WARN] IP:2250 - RefParam_MEMORY_1_WrapReadCommand not found: check if there is a RefParameter without a condition.
2025-08-15 12:51:49,879 [WARN] IP:2250 - RefParam_MEMORY_1_ReadDummyCycle not found: check if there is a RefParameter without a condition.
2025-08-15 12:51:49,879 [WARN] IP:2250 - RefParam_MEMORY_1_NumberOfConfig not found: check if there is a RefParameter without a condition.
2025-08-15 12:51:49,879 [WARN] IP:2250 - RefParam_MEMORY_1_Config1_WriteMask not found: check if there is a RefParameter without a condition.
2025-08-15 12:51:49,879 [WARN] IP:2250 - RefParam_MEMORY_1_Config1_WriteValue not found: check if there is a RefParameter without a condition.
2025-08-15 12:51:49,879 [WARN] IP:2250 - RefParam_MEMORY_1_Config1_RegAddress not found: check if there is a RefParameter without a condition.
2025-08-15 12:51:49,879 [WARN] IP:2250 - RefParam_MEMORY_1_Config2_WriteMask not found: check if there is a RefParameter without a condition.
2025-08-15 12:51:49,879 [WARN] IP:2250 - RefParam_MEMORY_1_Config2_WriteValue not found: check if there is a RefParameter without a condition.
2025-08-15 12:51:49,879 [WARN] IP:2250 - RefParam_MEMORY_1_Config2_RegAddress not found: check if there is a RefParameter without a condition.
2025-08-15 12:51:49,879 [WARN] IP:2250 - RefParam_MEMORY_1_Config3_WriteMask not found: check if there is a RefParameter without a condition.
2025-08-15 12:51:49,879 [WARN] IP:2250 - RefParam_MEMORY_1_Config3_WriteValue not found: check if there is a RefParameter without a condition.
2025-08-15 12:51:49,879 [WARN] IP:2250 - RefParam_MEMORY_1_Config3_RegAddress not found: check if there is a RefParameter without a condition.
2025-08-15 12:51:49,879 [WARN] IP:2250 - RefParam_MEMORY_2_Instance not found: check if there is a RefParameter without a condition.
2025-08-15 12:51:49,879 [WARN] IP:2250 - RefParam_MEMORY_2_ConfigType not found: check if there is a RefParameter without a condition.
2025-08-15 12:51:49,879 [WARN] IP:2250 - RefParam_MEMORY_2_Size not found: check if there is a RefParameter without a condition.
2025-08-15 12:51:49,879 [WARN] IP:2250 - RefParam_MEMORY_2_FreqMax not found: check if there is a RefParameter without a condition.
2025-08-15 12:51:49,879 [WARN] IP:2250 - RefParam_MEMORY_2_ReadReg not found: check if there is a RefParameter without a condition.
2025-08-15 12:51:49,879 [WARN] IP:2250 - RefParam_MEMORY_2_WriteReg not found: check if there is a RefParameter without a condition.
2025-08-15 12:51:49,880 [WARN] IP:2250 - RefParam_MEMORY_2_RegSize not found: check if there is a RefParameter without a condition.
2025-08-15 12:51:49,880 [WARN] IP:2250 - RefParam_MEMORY_2_RegDummyCycle not found: check if there is a RefParameter without a condition.
2025-08-15 12:51:49,880 [WARN] IP:2250 - RefParam_MEMORY_2_WriteCommand not found: check if there is a RefParameter without a condition.
2025-08-15 12:51:49,880 [WARN] IP:2250 - RefParam_MEMORY_2_WriteDummyCycle not found: check if there is a RefParameter without a condition.
2025-08-15 12:51:49,880 [WARN] IP:2250 - RefParam_MEMORY_2_ReadCommand not found: check if there is a RefParameter without a condition.
2025-08-15 12:51:49,880 [WARN] IP:2250 - RefParam_MEMORY_2_WrapReadCommand not found: check if there is a RefParameter without a condition.
2025-08-15 12:51:49,880 [WARN] IP:2250 - RefParam_MEMORY_2_ReadDummyCycle not found: check if there is a RefParameter without a condition.
2025-08-15 12:51:49,880 [WARN] IP:2250 - RefParam_MEMORY_2_NumberOfConfig not found: check if there is a RefParameter without a condition.
2025-08-15 12:51:49,880 [WARN] IP:2250 - RefParam_MEMORY_2_Config1_WriteMask not found: check if there is a RefParameter without a condition.
2025-08-15 12:51:49,880 [WARN] IP:2250 - RefParam_MEMORY_2_Config1_WriteValue not found: check if there is a RefParameter without a condition.
2025-08-15 12:51:49,880 [WARN] IP:2250 - RefParam_MEMORY_2_Config1_RegAddress not found: check if there is a RefParameter without a condition.
2025-08-15 12:51:49,880 [WARN] IP:2250 - RefParam_MEMORY_2_Config2_WriteMask not found: check if there is a RefParameter without a condition.
2025-08-15 12:51:49,880 [WARN] IP:2250 - RefParam_MEMORY_2_Config2_WriteValue not found: check if there is a RefParameter without a condition.
2025-08-15 12:51:49,880 [WARN] IP:2250 - RefParam_MEMORY_2_Config2_RegAddress not found: check if there is a RefParameter without a condition.
2025-08-15 12:51:49,880 [WARN] IP:2250 - RefParam_MEMORY_2_Config3_WriteMask not found: check if there is a RefParameter without a condition.
2025-08-15 12:51:49,880 [WARN] IP:2250 - RefParam_MEMORY_2_Config3_WriteValue not found: check if there is a RefParameter without a condition.
2025-08-15 12:51:49,880 [WARN] IP:2250 - RefParam_MEMORY_2_Config3_RegAddress not found: check if there is a RefParameter without a condition.
2025-08-15 12:51:49,883 [WARN] IP:2250 - pwrPrivilege not found: check if there is a RefParameter without a condition.
2025-08-15 12:51:49,883 [WARN] IP:2250 - pwrPrivilege not found: check if there is a RefParameter without a condition.
2025-08-15 12:51:49,887 [WARN] IP:2250 - Memorytype0 not found: check if there is a RefParameter without a condition.
2025-08-15 12:51:49,887 [WARN] IP:2250 - LL_DeviceAttribute20 not found: check if there is a RefParameter without a condition.
2025-08-15 12:51:49,887 [WARN] IP:2250 - DeviceAttribute0 not found: check if there is a RefParameter without a condition.
2025-08-15 12:51:49,887 [WARN] IP:2250 - DeviceAttribute20 not found: check if there is a RefParameter without a condition.
2025-08-15 12:51:49,888 [WARN] IP:2250 - DeviceAttribute1 not found: check if there is a RefParameter without a condition.
2025-08-15 12:51:49,888 [WARN] IP:2250 - Memorytype2 not found: check if there is a RefParameter without a condition.
2025-08-15 12:51:49,888 [WARN] IP:2250 - LL_DeviceAttribute22 not found: check if there is a RefParameter without a condition.
2025-08-15 12:51:49,888 [WARN] IP:2250 - DeviceAttribute2 not found: check if there is a RefParameter without a condition.
2025-08-15 12:51:49,888 [WARN] IP:2250 - Memorytype3 not found: check if there is a RefParameter without a condition.
2025-08-15 12:51:49,888 [WARN] IP:2250 - LL_DeviceAttribute23 not found: check if there is a RefParameter without a condition.
2025-08-15 12:51:49,888 [WARN] IP:2250 - DeviceAttribute3 not found: check if there is a RefParameter without a condition.
2025-08-15 12:51:49,888 [WARN] IP:2250 - Memorytype4 not found: check if there is a RefParameter without a condition.
2025-08-15 12:51:49,888 [WARN] IP:2250 - LL_DeviceAttribute24 not found: check if there is a RefParameter without a condition.
2025-08-15 12:51:49,888 [WARN] IP:2250 - DeviceAttribute4 not found: check if there is a RefParameter without a condition.
2025-08-15 12:51:49,888 [WARN] IP:2250 - Memorytype5 not found: check if there is a RefParameter without a condition.
2025-08-15 12:51:49,888 [WARN] IP:2250 - LL_DeviceAttribute25 not found: check if there is a RefParameter without a condition.
2025-08-15 12:51:49,888 [WARN] IP:2250 - DeviceAttribute5 not found: check if there is a RefParameter without a condition.
2025-08-15 12:51:49,888 [WARN] IP:2250 - Memorytype6 not found: check if there is a RefParameter without a condition.
2025-08-15 12:51:49,888 [WARN] IP:2250 - LL_DeviceAttribute26 not found: check if there is a RefParameter without a condition.
2025-08-15 12:51:49,888 [WARN] IP:2250 - DeviceAttribute6 not found: check if there is a RefParameter without a condition.
2025-08-15 12:51:49,888 [WARN] IP:2250 - Memorytype7 not found: check if there is a RefParameter without a condition.
2025-08-15 12:51:49,888 [WARN] IP:2250 - LL_DeviceAttribute27 not found: check if there is a RefParameter without a condition.
2025-08-15 12:51:49,888 [WARN] IP:2250 - DeviceAttribute7 not found: check if there is a RefParameter without a condition.
2025-08-15 12:51:49,928 [WARN] IP:2250 - DeviceAttribute0 not found: check if there is a RefParameter without a condition.
2025-08-15 12:51:49,928 [WARN] IP:2250 - Memorytype1 not found: check if there is a RefParameter without a condition.
2025-08-15 12:51:49,928 [WARN] IP:2250 - DeviceAttribute1 not found: check if there is a RefParameter without a condition.
2025-08-15 12:51:49,928 [WARN] IP:2250 - LL_DeviceAttribute21 not found: check if there is a RefParameter without a condition.
2025-08-15 12:51:49,929 [WARN] IP:2250 - Memorytype2 not found: check if there is a RefParameter without a condition.
2025-08-15 12:51:49,929 [WARN] IP:2250 - DeviceAttribute2 not found: check if there is a RefParameter without a condition.
2025-08-15 12:51:49,929 [WARN] IP:2250 - LL_DeviceAttribute22 not found: check if there is a RefParameter without a condition.
2025-08-15 12:51:49,929 [WARN] IP:2250 - Memorytype3 not found: check if there is a RefParameter without a condition.
2025-08-15 12:51:49,929 [WARN] IP:2250 - DeviceAttribute3 not found: check if there is a RefParameter without a condition.
2025-08-15 12:51:49,929 [WARN] IP:2250 - LL_DeviceAttribute23 not found: check if there is a RefParameter without a condition.
2025-08-15 12:51:49,929 [WARN] IP:2250 - Memorytype4 not found: check if there is a RefParameter without a condition.
2025-08-15 12:51:49,929 [WARN] IP:2250 - DeviceAttribute4 not found: check if there is a RefParameter without a condition.
2025-08-15 12:51:49,929 [WARN] IP:2250 - LL_DeviceAttribute24 not found: check if there is a RefParameter without a condition.
2025-08-15 12:51:49,929 [WARN] IP:2250 - Memorytype5 not found: check if there is a RefParameter without a condition.
2025-08-15 12:51:49,929 [WARN] IP:2250 - DeviceAttribute5 not found: check if there is a RefParameter without a condition.
2025-08-15 12:51:49,929 [WARN] IP:2250 - LL_DeviceAttribute25 not found: check if there is a RefParameter without a condition.
2025-08-15 12:51:49,929 [WARN] IP:2250 - Memorytype6 not found: check if there is a RefParameter without a condition.
2025-08-15 12:51:49,929 [WARN] IP:2250 - DeviceAttribute6 not found: check if there is a RefParameter without a condition.
2025-08-15 12:51:49,929 [WARN] IP:2250 - LL_DeviceAttribute26 not found: check if there is a RefParameter without a condition.
2025-08-15 12:51:49,929 [WARN] IP:2250 - Memorytype7 not found: check if there is a RefParameter without a condition.
2025-08-15 12:51:49,929 [WARN] IP:2250 - DeviceAttribute7 not found: check if there is a RefParameter without a condition.
2025-08-15 12:51:49,929 [WARN] IP:2250 - LL_DeviceAttribute27 not found: check if there is a RefParameter without a condition.
2025-08-15 12:51:50,082 [WARN] IP:2250 - RefParam_LRUN_SRC_memory not found: check if there is a RefParameter without a condition.
2025-08-15 12:51:50,082 [WARN] IP:2250 - RefParam_LRUN_SRC_offset not found: check if there is a RefParameter without a condition.
2025-08-15 12:51:50,082 [WARN] IP:2250 - RefParam_LRUN_SRC_size not found: check if there is a RefParameter without a condition.
2025-08-15 12:51:50,082 [WARN] IP:2250 - RefParam_LRUN_DEST_memory not found: check if there is a RefParameter without a condition.
2025-08-15 12:51:50,082 [WARN] IP:2250 - RefParam_LRUN_DEST_offset not found: check if there is a RefParameter without a condition.
2025-08-15 12:51:50,082 [WARN] IP:2250 - RefParam_MEMORY_1_Size not found: check if there is a RefParameter without a condition.
2025-08-15 12:51:50,082 [WARN] IP:2250 - RefParam_MEMORY_1_FreqMax not found: check if there is a RefParameter without a condition.
2025-08-15 12:51:50,082 [WARN] IP:2250 - RefParam_MEMORY_1_ReadReg not found: check if there is a RefParameter without a condition.
2025-08-15 12:51:50,082 [WARN] IP:2250 - RefParam_MEMORY_1_WriteReg not found: check if there is a RefParameter without a condition.
2025-08-15 12:51:50,082 [WARN] IP:2250 - RefParam_MEMORY_1_RegSize not found: check if there is a RefParameter without a condition.
2025-08-15 12:51:50,082 [WARN] IP:2250 - RefParam_MEMORY_1_RegDummyCycle not found: check if there is a RefParameter without a condition.
2025-08-15 12:51:50,082 [WARN] IP:2250 - RefParam_MEMORY_1_WriteCommand not found: check if there is a RefParameter without a condition.
2025-08-15 12:51:50,082 [WARN] IP:2250 - RefParam_MEMORY_1_WriteDummyCycle not found: check if there is a RefParameter without a condition.
2025-08-15 12:51:50,082 [WARN] IP:2250 - RefParam_MEMORY_1_ReadCommand not found: check if there is a RefParameter without a condition.
2025-08-15 12:51:50,082 [WARN] IP:2250 - RefParam_MEMORY_1_WrapReadCommand not found: check if there is a RefParameter without a condition.
2025-08-15 12:51:50,082 [WARN] IP:2250 - RefParam_MEMORY_1_ReadDummyCycle not found: check if there is a RefParameter without a condition.
2025-08-15 12:51:50,082 [WARN] IP:2250 - RefParam_MEMORY_1_NumberOfConfig not found: check if there is a RefParameter without a condition.
2025-08-15 12:51:50,082 [WARN] IP:2250 - RefParam_MEMORY_1_Config1_WriteMask not found: check if there is a RefParameter without a condition.
2025-08-15 12:51:50,082 [WARN] IP:2250 - RefParam_MEMORY_1_Config1_WriteValue not found: check if there is a RefParameter without a condition.
2025-08-15 12:51:50,082 [WARN] IP:2250 - RefParam_MEMORY_1_Config1_RegAddress not found: check if there is a RefParameter without a condition.
2025-08-15 12:51:50,082 [WARN] IP:2250 - RefParam_MEMORY_1_Config2_WriteMask not found: check if there is a RefParameter without a condition.
2025-08-15 12:51:50,082 [WARN] IP:2250 - RefParam_MEMORY_1_Config2_WriteValue not found: check if there is a RefParameter without a condition.
2025-08-15 12:51:50,082 [WARN] IP:2250 - RefParam_MEMORY_1_Config2_RegAddress not found: check if there is a RefParameter without a condition.
2025-08-15 12:51:50,082 [WARN] IP:2250 - RefParam_MEMORY_1_Config3_WriteMask not found: check if there is a RefParameter without a condition.
2025-08-15 12:51:50,082 [WARN] IP:2250 - RefParam_MEMORY_1_Config3_WriteValue not found: check if there is a RefParameter without a condition.
2025-08-15 12:51:50,082 [WARN] IP:2250 - RefParam_MEMORY_1_Config3_RegAddress not found: check if there is a RefParameter without a condition.
2025-08-15 12:51:50,082 [WARN] IP:2250 - RefParam_MEMORY_2_Instance not found: check if there is a RefParameter without a condition.
2025-08-15 12:51:50,082 [WARN] IP:2250 - RefParam_MEMORY_2_ConfigType not found: check if there is a RefParameter without a condition.
2025-08-15 12:51:50,082 [WARN] IP:2250 - RefParam_MEMORY_2_Size not found: check if there is a RefParameter without a condition.
2025-08-15 12:51:50,082 [WARN] IP:2250 - RefParam_MEMORY_2_FreqMax not found: check if there is a RefParameter without a condition.
2025-08-15 12:51:50,082 [WARN] IP:2250 - RefParam_MEMORY_2_ReadReg not found: check if there is a RefParameter without a condition.
2025-08-15 12:51:50,082 [WARN] IP:2250 - RefParam_MEMORY_2_WriteReg not found: check if there is a RefParameter without a condition.
2025-08-15 12:51:50,082 [WARN] IP:2250 - RefParam_MEMORY_2_RegSize not found: check if there is a RefParameter without a condition.
2025-08-15 12:51:50,082 [WARN] IP:2250 - RefParam_MEMORY_2_RegDummyCycle not found: check if there is a RefParameter without a condition.
2025-08-15 12:51:50,082 [WARN] IP:2250 - RefParam_MEMORY_2_WriteCommand not found: check if there is a RefParameter without a condition.
2025-08-15 12:51:50,082 [WARN] IP:2250 - RefParam_MEMORY_2_WriteDummyCycle not found: check if there is a RefParameter without a condition.
2025-08-15 12:51:50,082 [WARN] IP:2250 - RefParam_MEMORY_2_ReadCommand not found: check if there is a RefParameter without a condition.
2025-08-15 12:51:50,082 [WARN] IP:2250 - RefParam_MEMORY_2_WrapReadCommand not found: check if there is a RefParameter without a condition.
2025-08-15 12:51:50,082 [WARN] IP:2250 - RefParam_MEMORY_2_ReadDummyCycle not found: check if there is a RefParameter without a condition.
2025-08-15 12:51:50,082 [WARN] IP:2250 - RefParam_MEMORY_2_NumberOfConfig not found: check if there is a RefParameter without a condition.
2025-08-15 12:51:50,082 [WARN] IP:2250 - RefParam_MEMORY_2_Config1_WriteMask not found: check if there is a RefParameter without a condition.
2025-08-15 12:51:50,082 [WARN] IP:2250 - RefParam_MEMORY_2_Config1_WriteValue not found: check if there is a RefParameter without a condition.
2025-08-15 12:51:50,082 [WARN] IP:2250 - RefParam_MEMORY_2_Config1_RegAddress not found: check if there is a RefParameter without a condition.
2025-08-15 12:51:50,082 [WARN] IP:2250 - RefParam_MEMORY_2_Config2_WriteMask not found: check if there is a RefParameter without a condition.
2025-08-15 12:51:50,082 [WARN] IP:2250 - RefParam_MEMORY_2_Config2_WriteValue not found: check if there is a RefParameter without a condition.
2025-08-15 12:51:50,082 [WARN] IP:2250 - RefParam_MEMORY_2_Config2_RegAddress not found: check if there is a RefParameter without a condition.
2025-08-15 12:51:50,083 [WARN] IP:2250 - RefParam_MEMORY_2_Config3_WriteMask not found: check if there is a RefParameter without a condition.
2025-08-15 12:51:50,083 [WARN] IP:2250 - RefParam_MEMORY_2_Config3_WriteValue not found: check if there is a RefParameter without a condition.
2025-08-15 12:51:50,083 [WARN] IP:2250 - RefParam_MEMORY_2_Config3_RegAddress not found: check if there is a RefParameter without a condition.
2025-08-15 12:51:50,086 [WARN] IP:2250 - pwrPrivilege not found: check if there is a RefParameter without a condition.
2025-08-15 12:51:50,086 [WARN] IP:2250 - pwrPrivilege not found: check if there is a RefParameter without a condition.
2025-08-15 12:51:50,090 [WARN] IP:2250 - Memorytype0 not found: check if there is a RefParameter without a condition.
2025-08-15 12:51:50,090 [WARN] IP:2250 - LL_DeviceAttribute20 not found: check if there is a RefParameter without a condition.
2025-08-15 12:51:50,090 [WARN] IP:2250 - DeviceAttribute0 not found: check if there is a RefParameter without a condition.
2025-08-15 12:51:50,090 [WARN] IP:2250 - DeviceAttribute20 not found: check if there is a RefParameter without a condition.
2025-08-15 12:51:50,090 [WARN] IP:2250 - DeviceAttribute1 not found: check if there is a RefParameter without a condition.
2025-08-15 12:51:50,090 [WARN] IP:2250 - Memorytype2 not found: check if there is a RefParameter without a condition.
2025-08-15 12:51:50,090 [WARN] IP:2250 - LL_DeviceAttribute22 not found: check if there is a RefParameter without a condition.
2025-08-15 12:51:50,090 [WARN] IP:2250 - DeviceAttribute2 not found: check if there is a RefParameter without a condition.
2025-08-15 12:51:50,090 [WARN] IP:2250 - Memorytype3 not found: check if there is a RefParameter without a condition.
2025-08-15 12:51:50,090 [WARN] IP:2250 - LL_DeviceAttribute23 not found: check if there is a RefParameter without a condition.
2025-08-15 12:51:50,090 [WARN] IP:2250 - DeviceAttribute3 not found: check if there is a RefParameter without a condition.
2025-08-15 12:51:50,090 [WARN] IP:2250 - Memorytype4 not found: check if there is a RefParameter without a condition.
2025-08-15 12:51:50,090 [WARN] IP:2250 - LL_DeviceAttribute24 not found: check if there is a RefParameter without a condition.
2025-08-15 12:51:50,090 [WARN] IP:2250 - DeviceAttribute4 not found: check if there is a RefParameter without a condition.
2025-08-15 12:51:50,090 [WARN] IP:2250 - Memorytype5 not found: check if there is a RefParameter without a condition.
2025-08-15 12:51:50,090 [WARN] IP:2250 - LL_DeviceAttribute25 not found: check if there is a RefParameter without a condition.
2025-08-15 12:51:50,090 [WARN] IP:2250 - DeviceAttribute5 not found: check if there is a RefParameter without a condition.
2025-08-15 12:51:50,090 [WARN] IP:2250 - Memorytype6 not found: check if there is a RefParameter without a condition.
2025-08-15 12:51:50,090 [WARN] IP:2250 - LL_DeviceAttribute26 not found: check if there is a RefParameter without a condition.
2025-08-15 12:51:50,090 [WARN] IP:2250 - DeviceAttribute6 not found: check if there is a RefParameter without a condition.
2025-08-15 12:51:50,090 [WARN] IP:2250 - Memorytype7 not found: check if there is a RefParameter without a condition.
2025-08-15 12:51:50,090 [WARN] IP:2250 - LL_DeviceAttribute27 not found: check if there is a RefParameter without a condition.
2025-08-15 12:51:50,090 [WARN] IP:2250 - DeviceAttribute7 not found: check if there is a RefParameter without a condition.
2025-08-15 12:51:50,129 [WARN] IP:2250 - DeviceAttribute0 not found: check if there is a RefParameter without a condition.
2025-08-15 12:51:50,129 [WARN] IP:2250 - Memorytype1 not found: check if there is a RefParameter without a condition.
2025-08-15 12:51:50,129 [WARN] IP:2250 - DeviceAttribute1 not found: check if there is a RefParameter without a condition.
2025-08-15 12:51:50,129 [WARN] IP:2250 - LL_DeviceAttribute21 not found: check if there is a RefParameter without a condition.
2025-08-15 12:51:50,129 [WARN] IP:2250 - Memorytype2 not found: check if there is a RefParameter without a condition.
2025-08-15 12:51:50,129 [WARN] IP:2250 - DeviceAttribute2 not found: check if there is a RefParameter without a condition.
2025-08-15 12:51:50,129 [WARN] IP:2250 - LL_DeviceAttribute22 not found: check if there is a RefParameter without a condition.
2025-08-15 12:51:50,129 [WARN] IP:2250 - Memorytype3 not found: check if there is a RefParameter without a condition.
2025-08-15 12:51:50,129 [WARN] IP:2250 - DeviceAttribute3 not found: check if there is a RefParameter without a condition.
2025-08-15 12:51:50,129 [WARN] IP:2250 - LL_DeviceAttribute23 not found: check if there is a RefParameter without a condition.
2025-08-15 12:51:50,129 [WARN] IP:2250 - Memorytype4 not found: check if there is a RefParameter without a condition.
2025-08-15 12:51:50,130 [WARN] IP:2250 - DeviceAttribute4 not found: check if there is a RefParameter without a condition.
2025-08-15 12:51:50,130 [WARN] IP:2250 - LL_DeviceAttribute24 not found: check if there is a RefParameter without a condition.
2025-08-15 12:51:50,130 [WARN] IP:2250 - Memorytype5 not found: check if there is a RefParameter without a condition.
2025-08-15 12:51:50,130 [WARN] IP:2250 - DeviceAttribute5 not found: check if there is a RefParameter without a condition.
2025-08-15 12:51:50,130 [WARN] IP:2250 - LL_DeviceAttribute25 not found: check if there is a RefParameter without a condition.
2025-08-15 12:51:50,130 [WARN] IP:2250 - Memorytype6 not found: check if there is a RefParameter without a condition.
2025-08-15 12:51:50,130 [WARN] IP:2250 - DeviceAttribute6 not found: check if there is a RefParameter without a condition.
2025-08-15 12:51:50,130 [WARN] IP:2250 - LL_DeviceAttribute26 not found: check if there is a RefParameter without a condition.
2025-08-15 12:51:50,130 [WARN] IP:2250 - Memorytype7 not found: check if there is a RefParameter without a condition.
2025-08-15 12:51:50,130 [WARN] IP:2250 - DeviceAttribute7 not found: check if there is a RefParameter without a condition.
2025-08-15 12:51:50,130 [WARN] IP:2250 - LL_DeviceAttribute27 not found: check if there is a RefParameter without a condition.
2025-08-15 12:51:50,317 [WARN] IP:2250 - RefParam_LRUN_SRC_memory not found: check if there is a RefParameter without a condition.
2025-08-15 12:51:50,317 [WARN] IP:2250 - RefParam_LRUN_SRC_offset not found: check if there is a RefParameter without a condition.
2025-08-15 12:51:50,317 [WARN] IP:2250 - RefParam_LRUN_SRC_size not found: check if there is a RefParameter without a condition.
2025-08-15 12:51:50,317 [WARN] IP:2250 - RefParam_LRUN_DEST_memory not found: check if there is a RefParameter without a condition.
2025-08-15 12:51:50,317 [WARN] IP:2250 - RefParam_LRUN_DEST_offset not found: check if there is a RefParameter without a condition.
2025-08-15 12:51:50,317 [WARN] IP:2250 - RefParam_MEMORY_1_Size not found: check if there is a RefParameter without a condition.
2025-08-15 12:51:50,317 [WARN] IP:2250 - RefParam_MEMORY_1_FreqMax not found: check if there is a RefParameter without a condition.
2025-08-15 12:51:50,317 [WARN] IP:2250 - RefParam_MEMORY_1_ReadReg not found: check if there is a RefParameter without a condition.
2025-08-15 12:51:50,317 [WARN] IP:2250 - RefParam_MEMORY_1_WriteReg not found: check if there is a RefParameter without a condition.
2025-08-15 12:51:50,317 [WARN] IP:2250 - RefParam_MEMORY_1_RegSize not found: check if there is a RefParameter without a condition.
2025-08-15 12:51:50,318 [WARN] IP:2250 - RefParam_MEMORY_1_RegDummyCycle not found: check if there is a RefParameter without a condition.
2025-08-15 12:51:50,318 [WARN] IP:2250 - RefParam_MEMORY_1_WriteCommand not found: check if there is a RefParameter without a condition.
2025-08-15 12:51:50,318 [WARN] IP:2250 - RefParam_MEMORY_1_WriteDummyCycle not found: check if there is a RefParameter without a condition.
2025-08-15 12:51:50,318 [WARN] IP:2250 - RefParam_MEMORY_1_ReadCommand not found: check if there is a RefParameter without a condition.
2025-08-15 12:51:50,318 [WARN] IP:2250 - RefParam_MEMORY_1_WrapReadCommand not found: check if there is a RefParameter without a condition.
2025-08-15 12:51:50,318 [WARN] IP:2250 - RefParam_MEMORY_1_ReadDummyCycle not found: check if there is a RefParameter without a condition.
2025-08-15 12:51:50,318 [WARN] IP:2250 - RefParam_MEMORY_1_NumberOfConfig not found: check if there is a RefParameter without a condition.
2025-08-15 12:51:50,318 [WARN] IP:2250 - RefParam_MEMORY_1_Config1_WriteMask not found: check if there is a RefParameter without a condition.
2025-08-15 12:51:50,318 [WARN] IP:2250 - RefParam_MEMORY_1_Config1_WriteValue not found: check if there is a RefParameter without a condition.
2025-08-15 12:51:50,318 [WARN] IP:2250 - RefParam_MEMORY_1_Config1_RegAddress not found: check if there is a RefParameter without a condition.
2025-08-15 12:51:50,318 [WARN] IP:2250 - RefParam_MEMORY_1_Config2_WriteMask not found: check if there is a RefParameter without a condition.
2025-08-15 12:51:50,318 [WARN] IP:2250 - RefParam_MEMORY_1_Config2_WriteValue not found: check if there is a RefParameter without a condition.
2025-08-15 12:51:50,318 [WARN] IP:2250 - RefParam_MEMORY_1_Config2_RegAddress not found: check if there is a RefParameter without a condition.
2025-08-15 12:51:50,318 [WARN] IP:2250 - RefParam_MEMORY_1_Config3_WriteMask not found: check if there is a RefParameter without a condition.
2025-08-15 12:51:50,318 [WARN] IP:2250 - RefParam_MEMORY_1_Config3_WriteValue not found: check if there is a RefParameter without a condition.
2025-08-15 12:51:50,318 [WARN] IP:2250 - RefParam_MEMORY_1_Config3_RegAddress not found: check if there is a RefParameter without a condition.
2025-08-15 12:51:50,318 [WARN] IP:2250 - RefParam_MEMORY_2_Instance not found: check if there is a RefParameter without a condition.
2025-08-15 12:51:50,318 [WARN] IP:2250 - RefParam_MEMORY_2_ConfigType not found: check if there is a RefParameter without a condition.
2025-08-15 12:51:50,318 [WARN] IP:2250 - RefParam_MEMORY_2_Size not found: check if there is a RefParameter without a condition.
2025-08-15 12:51:50,318 [WARN] IP:2250 - RefParam_MEMORY_2_FreqMax not found: check if there is a RefParameter without a condition.
2025-08-15 12:51:50,318 [WARN] IP:2250 - RefParam_MEMORY_2_ReadReg not found: check if there is a RefParameter without a condition.
2025-08-15 12:51:50,318 [WARN] IP:2250 - RefParam_MEMORY_2_WriteReg not found: check if there is a RefParameter without a condition.
2025-08-15 12:51:50,318 [WARN] IP:2250 - RefParam_MEMORY_2_RegSize not found: check if there is a RefParameter without a condition.
2025-08-15 12:51:50,318 [WARN] IP:2250 - RefParam_MEMORY_2_RegDummyCycle not found: check if there is a RefParameter without a condition.
2025-08-15 12:51:50,318 [WARN] IP:2250 - RefParam_MEMORY_2_WriteCommand not found: check if there is a RefParameter without a condition.
2025-08-15 12:51:50,318 [WARN] IP:2250 - RefParam_MEMORY_2_WriteDummyCycle not found: check if there is a RefParameter without a condition.
2025-08-15 12:51:50,318 [WARN] IP:2250 - RefParam_MEMORY_2_ReadCommand not found: check if there is a RefParameter without a condition.
2025-08-15 12:51:50,318 [WARN] IP:2250 - RefParam_MEMORY_2_WrapReadCommand not found: check if there is a RefParameter without a condition.
2025-08-15 12:51:50,318 [WARN] IP:2250 - RefParam_MEMORY_2_ReadDummyCycle not found: check if there is a RefParameter without a condition.
2025-08-15 12:51:50,318 [WARN] IP:2250 - RefParam_MEMORY_2_NumberOfConfig not found: check if there is a RefParameter without a condition.
2025-08-15 12:51:50,318 [WARN] IP:2250 - RefParam_MEMORY_2_Config1_WriteMask not found: check if there is a RefParameter without a condition.
2025-08-15 12:51:50,318 [WARN] IP:2250 - RefParam_MEMORY_2_Config1_WriteValue not found: check if there is a RefParameter without a condition.
2025-08-15 12:51:50,318 [WARN] IP:2250 - RefParam_MEMORY_2_Config1_RegAddress not found: check if there is a RefParameter without a condition.
2025-08-15 12:51:50,318 [WARN] IP:2250 - RefParam_MEMORY_2_Config2_WriteMask not found: check if there is a RefParameter without a condition.
2025-08-15 12:51:50,318 [WARN] IP:2250 - RefParam_MEMORY_2_Config2_WriteValue not found: check if there is a RefParameter without a condition.
2025-08-15 12:51:50,318 [WARN] IP:2250 - RefParam_MEMORY_2_Config2_RegAddress not found: check if there is a RefParameter without a condition.
2025-08-15 12:51:50,318 [WARN] IP:2250 - RefParam_MEMORY_2_Config3_WriteMask not found: check if there is a RefParameter without a condition.
2025-08-15 12:51:50,318 [WARN] IP:2250 - RefParam_MEMORY_2_Config3_WriteValue not found: check if there is a RefParameter without a condition.
2025-08-15 12:51:50,318 [WARN] IP:2250 - RefParam_MEMORY_2_Config3_RegAddress not found: check if there is a RefParameter without a condition.
2025-08-15 12:51:50,322 [WARN] IP:2250 - pwrPrivilege not found: check if there is a RefParameter without a condition.
2025-08-15 12:51:50,322 [WARN] IP:2250 - pwrPrivilege not found: check if there is a RefParameter without a condition.
2025-08-15 12:51:50,326 [WARN] IP:2250 - Memorytype0 not found: check if there is a RefParameter without a condition.
2025-08-15 12:51:50,327 [WARN] IP:2250 - LL_DeviceAttribute20 not found: check if there is a RefParameter without a condition.
2025-08-15 12:51:50,327 [WARN] IP:2250 - DeviceAttribute0 not found: check if there is a RefParameter without a condition.
2025-08-15 12:51:50,327 [WARN] IP:2250 - DeviceAttribute20 not found: check if there is a RefParameter without a condition.
2025-08-15 12:51:50,327 [WARN] IP:2250 - DeviceAttribute1 not found: check if there is a RefParameter without a condition.
2025-08-15 12:51:50,327 [WARN] IP:2250 - Memorytype2 not found: check if there is a RefParameter without a condition.
2025-08-15 12:51:50,327 [WARN] IP:2250 - LL_DeviceAttribute22 not found: check if there is a RefParameter without a condition.
2025-08-15 12:51:50,327 [WARN] IP:2250 - DeviceAttribute2 not found: check if there is a RefParameter without a condition.
2025-08-15 12:51:50,327 [WARN] IP:2250 - Memorytype3 not found: check if there is a RefParameter without a condition.
2025-08-15 12:51:50,327 [WARN] IP:2250 - LL_DeviceAttribute23 not found: check if there is a RefParameter without a condition.
2025-08-15 12:51:50,327 [WARN] IP:2250 - DeviceAttribute3 not found: check if there is a RefParameter without a condition.
2025-08-15 12:51:50,327 [WARN] IP:2250 - Memorytype4 not found: check if there is a RefParameter without a condition.
2025-08-15 12:51:50,327 [WARN] IP:2250 - LL_DeviceAttribute24 not found: check if there is a RefParameter without a condition.
2025-08-15 12:51:50,327 [WARN] IP:2250 - DeviceAttribute4 not found: check if there is a RefParameter without a condition.
2025-08-15 12:51:50,327 [WARN] IP:2250 - Memorytype5 not found: check if there is a RefParameter without a condition.
2025-08-15 12:51:50,327 [WARN] IP:2250 - LL_DeviceAttribute25 not found: check if there is a RefParameter without a condition.
2025-08-15 12:51:50,327 [WARN] IP:2250 - DeviceAttribute5 not found: check if there is a RefParameter without a condition.
2025-08-15 12:51:50,327 [WARN] IP:2250 - Memorytype6 not found: check if there is a RefParameter without a condition.
2025-08-15 12:51:50,327 [WARN] IP:2250 - LL_DeviceAttribute26 not found: check if there is a RefParameter without a condition.
2025-08-15 12:51:50,327 [WARN] IP:2250 - DeviceAttribute6 not found: check if there is a RefParameter without a condition.
2025-08-15 12:51:50,327 [WARN] IP:2250 - Memorytype7 not found: check if there is a RefParameter without a condition.
2025-08-15 12:51:50,327 [WARN] IP:2250 - LL_DeviceAttribute27 not found: check if there is a RefParameter without a condition.
2025-08-15 12:51:50,327 [WARN] IP:2250 - DeviceAttribute7 not found: check if there is a RefParameter without a condition.
2025-08-15 12:51:50,401 [WARN] IP:2250 - DeviceAttribute0 not found: check if there is a RefParameter without a condition.
2025-08-15 12:51:50,402 [WARN] IP:2250 - Memorytype1 not found: check if there is a RefParameter without a condition.
2025-08-15 12:51:50,402 [WARN] IP:2250 - DeviceAttribute1 not found: check if there is a RefParameter without a condition.
2025-08-15 12:51:50,402 [WARN] IP:2250 - LL_DeviceAttribute21 not found: check if there is a RefParameter without a condition.
2025-08-15 12:51:50,402 [WARN] IP:2250 - Memorytype2 not found: check if there is a RefParameter without a condition.
2025-08-15 12:51:50,402 [WARN] IP:2250 - DeviceAttribute2 not found: check if there is a RefParameter without a condition.
2025-08-15 12:51:50,402 [WARN] IP:2250 - LL_DeviceAttribute22 not found: check if there is a RefParameter without a condition.
2025-08-15 12:51:50,402 [WARN] IP:2250 - Memorytype3 not found: check if there is a RefParameter without a condition.
2025-08-15 12:51:50,402 [WARN] IP:2250 - DeviceAttribute3 not found: check if there is a RefParameter without a condition.
2025-08-15 12:51:50,402 [WARN] IP:2250 - LL_DeviceAttribute23 not found: check if there is a RefParameter without a condition.
2025-08-15 12:51:50,402 [WARN] IP:2250 - Memorytype4 not found: check if there is a RefParameter without a condition.
2025-08-15 12:51:50,402 [WARN] IP:2250 - DeviceAttribute4 not found: check if there is a RefParameter without a condition.
2025-08-15 12:51:50,402 [WARN] IP:2250 - LL_DeviceAttribute24 not found: check if there is a RefParameter without a condition.
2025-08-15 12:51:50,402 [WARN] IP:2250 - Memorytype5 not found: check if there is a RefParameter without a condition.
2025-08-15 12:51:50,402 [WARN] IP:2250 - DeviceAttribute5 not found: check if there is a RefParameter without a condition.
2025-08-15 12:51:50,402 [WARN] IP:2250 - LL_DeviceAttribute25 not found: check if there is a RefParameter without a condition.
2025-08-15 12:51:50,402 [WARN] IP:2250 - Memorytype6 not found: check if there is a RefParameter without a condition.
2025-08-15 12:51:50,402 [WARN] IP:2250 - DeviceAttribute6 not found: check if there is a RefParameter without a condition.
2025-08-15 12:51:50,402 [WARN] IP:2250 - LL_DeviceAttribute26 not found: check if there is a RefParameter without a condition.
2025-08-15 12:51:50,402 [WARN] IP:2250 - Memorytype7 not found: check if there is a RefParameter without a condition.
2025-08-15 12:51:50,402 [WARN] IP:2250 - DeviceAttribute7 not found: check if there is a RefParameter without a condition.
2025-08-15 12:51:50,402 [WARN] IP:2250 - LL_DeviceAttribute27 not found: check if there is a RefParameter without a condition.
2025-08-15 12:51:50,513 [INFO] NvicIntPanel:101 - NVIC parent = com.st.microxplorer.plugins.ip.nvic.MultiNvicIntPanel[,0,0,0x0,invalid,layout=javax.swing.BoxLayout,alignmentX=0.0,alignmentY=0.0,border=,flags=9,maximumSize=,minimumSize=,preferredSize=]
2025-08-15 12:51:50,565 [WARN] IP:2250 - RefParam_LRUN_SRC_memory not found: check if there is a RefParameter without a condition.
2025-08-15 12:51:50,565 [WARN] IP:2250 - RefParam_LRUN_SRC_offset not found: check if there is a RefParameter without a condition.
2025-08-15 12:51:50,565 [WARN] IP:2250 - RefParam_LRUN_SRC_size not found: check if there is a RefParameter without a condition.
2025-08-15 12:51:50,565 [WARN] IP:2250 - RefParam_LRUN_DEST_memory not found: check if there is a RefParameter without a condition.
2025-08-15 12:51:50,565 [WARN] IP:2250 - RefParam_LRUN_DEST_offset not found: check if there is a RefParameter without a condition.
2025-08-15 12:51:50,565 [WARN] IP:2250 - RefParam_MEMORY_1_Size not found: check if there is a RefParameter without a condition.
2025-08-15 12:51:50,565 [WARN] IP:2250 - RefParam_MEMORY_1_FreqMax not found: check if there is a RefParameter without a condition.
2025-08-15 12:51:50,566 [WARN] IP:2250 - RefParam_MEMORY_1_ReadReg not found: check if there is a RefParameter without a condition.
2025-08-15 12:51:50,566 [WARN] IP:2250 - RefParam_MEMORY_1_WriteReg not found: check if there is a RefParameter without a condition.
2025-08-15 12:51:50,566 [WARN] IP:2250 - RefParam_MEMORY_1_RegSize not found: check if there is a RefParameter without a condition.
2025-08-15 12:51:50,566 [WARN] IP:2250 - RefParam_MEMORY_1_RegDummyCycle not found: check if there is a RefParameter without a condition.
2025-08-15 12:51:50,566 [WARN] IP:2250 - RefParam_MEMORY_1_WriteCommand not found: check if there is a RefParameter without a condition.
2025-08-15 12:51:50,566 [WARN] IP:2250 - RefParam_MEMORY_1_WriteDummyCycle not found: check if there is a RefParameter without a condition.
2025-08-15 12:51:50,566 [WARN] IP:2250 - RefParam_MEMORY_1_ReadCommand not found: check if there is a RefParameter without a condition.
2025-08-15 12:51:50,566 [WARN] IP:2250 - RefParam_MEMORY_1_WrapReadCommand not found: check if there is a RefParameter without a condition.
2025-08-15 12:51:50,566 [WARN] IP:2250 - RefParam_MEMORY_1_ReadDummyCycle not found: check if there is a RefParameter without a condition.
2025-08-15 12:51:50,566 [WARN] IP:2250 - RefParam_MEMORY_1_NumberOfConfig not found: check if there is a RefParameter without a condition.
2025-08-15 12:51:50,566 [WARN] IP:2250 - RefParam_MEMORY_1_Config1_WriteMask not found: check if there is a RefParameter without a condition.
2025-08-15 12:51:50,566 [WARN] IP:2250 - RefParam_MEMORY_1_Config1_WriteValue not found: check if there is a RefParameter without a condition.
2025-08-15 12:51:50,566 [WARN] IP:2250 - RefParam_MEMORY_1_Config1_RegAddress not found: check if there is a RefParameter without a condition.
2025-08-15 12:51:50,566 [WARN] IP:2250 - RefParam_MEMORY_1_Config2_WriteMask not found: check if there is a RefParameter without a condition.
2025-08-15 12:51:50,566 [WARN] IP:2250 - RefParam_MEMORY_1_Config2_WriteValue not found: check if there is a RefParameter without a condition.
2025-08-15 12:51:50,566 [WARN] IP:2250 - RefParam_MEMORY_1_Config2_RegAddress not found: check if there is a RefParameter without a condition.
2025-08-15 12:51:50,566 [WARN] IP:2250 - RefParam_MEMORY_1_Config3_WriteMask not found: check if there is a RefParameter without a condition.
2025-08-15 12:51:50,566 [WARN] IP:2250 - RefParam_MEMORY_1_Config3_WriteValue not found: check if there is a RefParameter without a condition.
2025-08-15 12:51:50,566 [WARN] IP:2250 - RefParam_MEMORY_1_Config3_RegAddress not found: check if there is a RefParameter without a condition.
2025-08-15 12:51:50,566 [WARN] IP:2250 - RefParam_MEMORY_2_Instance not found: check if there is a RefParameter without a condition.
2025-08-15 12:51:50,566 [WARN] IP:2250 - RefParam_MEMORY_2_ConfigType not found: check if there is a RefParameter without a condition.
2025-08-15 12:51:50,566 [WARN] IP:2250 - RefParam_MEMORY_2_Size not found: check if there is a RefParameter without a condition.
2025-08-15 12:51:50,566 [WARN] IP:2250 - RefParam_MEMORY_2_FreqMax not found: check if there is a RefParameter without a condition.
2025-08-15 12:51:50,566 [WARN] IP:2250 - RefParam_MEMORY_2_ReadReg not found: check if there is a RefParameter without a condition.
2025-08-15 12:51:50,566 [WARN] IP:2250 - RefParam_MEMORY_2_WriteReg not found: check if there is a RefParameter without a condition.
2025-08-15 12:51:50,566 [WARN] IP:2250 - RefParam_MEMORY_2_RegSize not found: check if there is a RefParameter without a condition.
2025-08-15 12:51:50,566 [WARN] IP:2250 - RefParam_MEMORY_2_RegDummyCycle not found: check if there is a RefParameter without a condition.
2025-08-15 12:51:50,566 [WARN] IP:2250 - RefParam_MEMORY_2_WriteCommand not found: check if there is a RefParameter without a condition.
2025-08-15 12:51:50,566 [WARN] IP:2250 - RefParam_MEMORY_2_WriteDummyCycle not found: check if there is a RefParameter without a condition.
2025-08-15 12:51:50,566 [WARN] IP:2250 - RefParam_MEMORY_2_ReadCommand not found: check if there is a RefParameter without a condition.
2025-08-15 12:51:50,566 [WARN] IP:2250 - RefParam_MEMORY_2_WrapReadCommand not found: check if there is a RefParameter without a condition.
2025-08-15 12:51:50,566 [WARN] IP:2250 - RefParam_MEMORY_2_ReadDummyCycle not found: check if there is a RefParameter without a condition.
2025-08-15 12:51:50,566 [WARN] IP:2250 - RefParam_MEMORY_2_NumberOfConfig not found: check if there is a RefParameter without a condition.
2025-08-15 12:51:50,566 [WARN] IP:2250 - RefParam_MEMORY_2_Config1_WriteMask not found: check if there is a RefParameter without a condition.
2025-08-15 12:51:50,566 [WARN] IP:2250 - RefParam_MEMORY_2_Config1_WriteValue not found: check if there is a RefParameter without a condition.
2025-08-15 12:51:50,566 [WARN] IP:2250 - RefParam_MEMORY_2_Config1_RegAddress not found: check if there is a RefParameter without a condition.
2025-08-15 12:51:50,566 [WARN] IP:2250 - RefParam_MEMORY_2_Config2_WriteMask not found: check if there is a RefParameter without a condition.
2025-08-15 12:51:50,566 [WARN] IP:2250 - RefParam_MEMORY_2_Config2_WriteValue not found: check if there is a RefParameter without a condition.
2025-08-15 12:51:50,566 [WARN] IP:2250 - RefParam_MEMORY_2_Config2_RegAddress not found: check if there is a RefParameter without a condition.
2025-08-15 12:51:50,566 [WARN] IP:2250 - RefParam_MEMORY_2_Config3_WriteMask not found: check if there is a RefParameter without a condition.
2025-08-15 12:51:50,566 [WARN] IP:2250 - RefParam_MEMORY_2_Config3_WriteValue not found: check if there is a RefParameter without a condition.
2025-08-15 12:51:50,566 [WARN] IP:2250 - RefParam_MEMORY_2_Config3_RegAddress not found: check if there is a RefParameter without a condition.
2025-08-15 12:51:50,569 [WARN] IP:2250 - pwrPrivilege not found: check if there is a RefParameter without a condition.
2025-08-15 12:51:50,569 [WARN] IP:2250 - pwrPrivilege not found: check if there is a RefParameter without a condition.
2025-08-15 12:51:50,573 [WARN] IP:2250 - Memorytype0 not found: check if there is a RefParameter without a condition.
2025-08-15 12:51:50,573 [WARN] IP:2250 - LL_DeviceAttribute20 not found: check if there is a RefParameter without a condition.
2025-08-15 12:51:50,573 [WARN] IP:2250 - DeviceAttribute0 not found: check if there is a RefParameter without a condition.
2025-08-15 12:51:50,573 [WARN] IP:2250 - DeviceAttribute20 not found: check if there is a RefParameter without a condition.
2025-08-15 12:51:50,573 [WARN] IP:2250 - DeviceAttribute1 not found: check if there is a RefParameter without a condition.
2025-08-15 12:51:50,573 [WARN] IP:2250 - Memorytype2 not found: check if there is a RefParameter without a condition.
2025-08-15 12:51:50,573 [WARN] IP:2250 - LL_DeviceAttribute22 not found: check if there is a RefParameter without a condition.
2025-08-15 12:51:50,573 [WARN] IP:2250 - DeviceAttribute2 not found: check if there is a RefParameter without a condition.
2025-08-15 12:51:50,573 [WARN] IP:2250 - Memorytype3 not found: check if there is a RefParameter without a condition.
2025-08-15 12:51:50,573 [WARN] IP:2250 - LL_DeviceAttribute23 not found: check if there is a RefParameter without a condition.
2025-08-15 12:51:50,573 [WARN] IP:2250 - DeviceAttribute3 not found: check if there is a RefParameter without a condition.
2025-08-15 12:51:50,573 [WARN] IP:2250 - Memorytype4 not found: check if there is a RefParameter without a condition.
2025-08-15 12:51:50,573 [WARN] IP:2250 - LL_DeviceAttribute24 not found: check if there is a RefParameter without a condition.
2025-08-15 12:51:50,573 [WARN] IP:2250 - DeviceAttribute4 not found: check if there is a RefParameter without a condition.
2025-08-15 12:51:50,573 [WARN] IP:2250 - Memorytype5 not found: check if there is a RefParameter without a condition.
2025-08-15 12:51:50,573 [WARN] IP:2250 - LL_DeviceAttribute25 not found: check if there is a RefParameter without a condition.
2025-08-15 12:51:50,573 [WARN] IP:2250 - DeviceAttribute5 not found: check if there is a RefParameter without a condition.
2025-08-15 12:51:50,573 [WARN] IP:2250 - Memorytype6 not found: check if there is a RefParameter without a condition.
2025-08-15 12:51:50,574 [WARN] IP:2250 - LL_DeviceAttribute26 not found: check if there is a RefParameter without a condition.
2025-08-15 12:51:50,574 [WARN] IP:2250 - DeviceAttribute6 not found: check if there is a RefParameter without a condition.
2025-08-15 12:51:50,574 [WARN] IP:2250 - Memorytype7 not found: check if there is a RefParameter without a condition.
2025-08-15 12:51:50,574 [WARN] IP:2250 - LL_DeviceAttribute27 not found: check if there is a RefParameter without a condition.
2025-08-15 12:51:50,574 [WARN] IP:2250 - DeviceAttribute7 not found: check if there is a RefParameter without a condition.
2025-08-15 12:51:50,613 [WARN] IP:2250 - DeviceAttribute0 not found: check if there is a RefParameter without a condition.
2025-08-15 12:51:50,613 [WARN] IP:2250 - Memorytype1 not found: check if there is a RefParameter without a condition.
2025-08-15 12:51:50,613 [WARN] IP:2250 - DeviceAttribute1 not found: check if there is a RefParameter without a condition.
2025-08-15 12:51:50,613 [WARN] IP:2250 - LL_DeviceAttribute21 not found: check if there is a RefParameter without a condition.
2025-08-15 12:51:50,613 [WARN] IP:2250 - Memorytype2 not found: check if there is a RefParameter without a condition.
2025-08-15 12:51:50,613 [WARN] IP:2250 - DeviceAttribute2 not found: check if there is a RefParameter without a condition.
2025-08-15 12:51:50,613 [WARN] IP:2250 - LL_DeviceAttribute22 not found: check if there is a RefParameter without a condition.
2025-08-15 12:51:50,613 [WARN] IP:2250 - Memorytype3 not found: check if there is a RefParameter without a condition.
2025-08-15 12:51:50,613 [WARN] IP:2250 - DeviceAttribute3 not found: check if there is a RefParameter without a condition.
2025-08-15 12:51:50,613 [WARN] IP:2250 - LL_DeviceAttribute23 not found: check if there is a RefParameter without a condition.
2025-08-15 12:51:50,613 [WARN] IP:2250 - Memorytype4 not found: check if there is a RefParameter without a condition.
2025-08-15 12:51:50,613 [WARN] IP:2250 - DeviceAttribute4 not found: check if there is a RefParameter without a condition.
2025-08-15 12:51:50,613 [WARN] IP:2250 - LL_DeviceAttribute24 not found: check if there is a RefParameter without a condition.
2025-08-15 12:51:50,613 [WARN] IP:2250 - Memorytype5 not found: check if there is a RefParameter without a condition.
2025-08-15 12:51:50,613 [WARN] IP:2250 - DeviceAttribute5 not found: check if there is a RefParameter without a condition.
2025-08-15 12:51:50,613 [WARN] IP:2250 - LL_DeviceAttribute25 not found: check if there is a RefParameter without a condition.
2025-08-15 12:51:50,613 [WARN] IP:2250 - Memorytype6 not found: check if there is a RefParameter without a condition.
2025-08-15 12:51:50,613 [WARN] IP:2250 - DeviceAttribute6 not found: check if there is a RefParameter without a condition.
2025-08-15 12:51:50,613 [WARN] IP:2250 - LL_DeviceAttribute26 not found: check if there is a RefParameter without a condition.
2025-08-15 12:51:50,613 [WARN] IP:2250 - Memorytype7 not found: check if there is a RefParameter without a condition.
2025-08-15 12:51:50,613 [WARN] IP:2250 - DeviceAttribute7 not found: check if there is a RefParameter without a condition.
2025-08-15 12:51:50,613 [WARN] IP:2250 - LL_DeviceAttribute27 not found: check if there is a RefParameter without a condition.
2025-08-15 12:51:50,717 [INFO] NvicIntPanel:101 - NVIC parent = com.st.microxplorer.plugins.ip.nvic.MultiNvicIntPanel[,0,0,0x0,invalid,layout=javax.swing.BoxLayout,alignmentX=0.0,alignmentY=0.0,border=,flags=9,maximumSize=,minimumSize=,preferredSize=]
2025-08-15 12:55:09,591 [WARN] IP:2250 - RefParam_LRUN_SRC_memory not found: check if there is a RefParameter without a condition.
2025-08-15 12:55:09,591 [WARN] IP:2250 - RefParam_LRUN_SRC_offset not found: check if there is a RefParameter without a condition.
2025-08-15 12:55:09,591 [WARN] IP:2250 - RefParam_LRUN_SRC_size not found: check if there is a RefParameter without a condition.
2025-08-15 12:55:09,591 [WARN] IP:2250 - RefParam_LRUN_DEST_memory not found: check if there is a RefParameter without a condition.
2025-08-15 12:55:09,591 [WARN] IP:2250 - RefParam_LRUN_DEST_offset not found: check if there is a RefParameter without a condition.
2025-08-15 12:55:09,591 [WARN] IP:2250 - RefParam_MEMORY_1_Size not found: check if there is a RefParameter without a condition.
2025-08-15 12:55:09,591 [WARN] IP:2250 - RefParam_MEMORY_1_FreqMax not found: check if there is a RefParameter without a condition.
2025-08-15 12:55:09,591 [WARN] IP:2250 - RefParam_MEMORY_1_ReadReg not found: check if there is a RefParameter without a condition.
2025-08-15 12:55:09,591 [WARN] IP:2250 - RefParam_MEMORY_1_WriteReg not found: check if there is a RefParameter without a condition.
2025-08-15 12:55:09,591 [WARN] IP:2250 - RefParam_MEMORY_1_RegSize not found: check if there is a RefParameter without a condition.
2025-08-15 12:55:09,591 [WARN] IP:2250 - RefParam_MEMORY_1_RegDummyCycle not found: check if there is a RefParameter without a condition.
2025-08-15 12:55:09,591 [WARN] IP:2250 - RefParam_MEMORY_1_WriteCommand not found: check if there is a RefParameter without a condition.
2025-08-15 12:55:09,591 [WARN] IP:2250 - RefParam_MEMORY_1_WriteDummyCycle not found: check if there is a RefParameter without a condition.
2025-08-15 12:55:09,591 [WARN] IP:2250 - RefParam_MEMORY_1_ReadCommand not found: check if there is a RefParameter without a condition.
2025-08-15 12:55:09,591 [WARN] IP:2250 - RefParam_MEMORY_1_WrapReadCommand not found: check if there is a RefParameter without a condition.
2025-08-15 12:55:09,591 [WARN] IP:2250 - RefParam_MEMORY_1_ReadDummyCycle not found: check if there is a RefParameter without a condition.
2025-08-15 12:55:09,591 [WARN] IP:2250 - RefParam_MEMORY_1_NumberOfConfig not found: check if there is a RefParameter without a condition.
2025-08-15 12:55:09,591 [WARN] IP:2250 - RefParam_MEMORY_1_Config1_WriteMask not found: check if there is a RefParameter without a condition.
2025-08-15 12:55:09,591 [WARN] IP:2250 - RefParam_MEMORY_1_Config1_WriteValue not found: check if there is a RefParameter without a condition.
2025-08-15 12:55:09,591 [WARN] IP:2250 - RefParam_MEMORY_1_Config1_RegAddress not found: check if there is a RefParameter without a condition.
2025-08-15 12:55:09,591 [WARN] IP:2250 - RefParam_MEMORY_1_Config2_WriteMask not found: check if there is a RefParameter without a condition.
2025-08-15 12:55:09,591 [WARN] IP:2250 - RefParam_MEMORY_1_Config2_WriteValue not found: check if there is a RefParameter without a condition.
2025-08-15 12:55:09,591 [WARN] IP:2250 - RefParam_MEMORY_1_Config2_RegAddress not found: check if there is a RefParameter without a condition.
2025-08-15 12:55:09,591 [WARN] IP:2250 - RefParam_MEMORY_1_Config3_WriteMask not found: check if there is a RefParameter without a condition.
2025-08-15 12:55:09,591 [WARN] IP:2250 - RefParam_MEMORY_1_Config3_WriteValue not found: check if there is a RefParameter without a condition.
2025-08-15 12:55:09,591 [WARN] IP:2250 - RefParam_MEMORY_1_Config3_RegAddress not found: check if there is a RefParameter without a condition.
2025-08-15 12:55:09,591 [WARN] IP:2250 - RefParam_MEMORY_2_Instance not found: check if there is a RefParameter without a condition.
2025-08-15 12:55:09,591 [WARN] IP:2250 - RefParam_MEMORY_2_ConfigType not found: check if there is a RefParameter without a condition.
2025-08-15 12:55:09,591 [WARN] IP:2250 - RefParam_MEMORY_2_Size not found: check if there is a RefParameter without a condition.
2025-08-15 12:55:09,592 [WARN] IP:2250 - RefParam_MEMORY_2_FreqMax not found: check if there is a RefParameter without a condition.
2025-08-15 12:55:09,592 [WARN] IP:2250 - RefParam_MEMORY_2_ReadReg not found: check if there is a RefParameter without a condition.
2025-08-15 12:55:09,592 [WARN] IP:2250 - RefParam_MEMORY_2_WriteReg not found: check if there is a RefParameter without a condition.
2025-08-15 12:55:09,592 [WARN] IP:2250 - RefParam_MEMORY_2_RegSize not found: check if there is a RefParameter without a condition.
2025-08-15 12:55:09,592 [WARN] IP:2250 - RefParam_MEMORY_2_RegDummyCycle not found: check if there is a RefParameter without a condition.
2025-08-15 12:55:09,592 [WARN] IP:2250 - RefParam_MEMORY_2_WriteCommand not found: check if there is a RefParameter without a condition.
2025-08-15 12:55:09,592 [WARN] IP:2250 - RefParam_MEMORY_2_WriteDummyCycle not found: check if there is a RefParameter without a condition.
2025-08-15 12:55:09,592 [WARN] IP:2250 - RefParam_MEMORY_2_ReadCommand not found: check if there is a RefParameter without a condition.
2025-08-15 12:55:09,592 [WARN] IP:2250 - RefParam_MEMORY_2_WrapReadCommand not found: check if there is a RefParameter without a condition.
2025-08-15 12:55:09,592 [WARN] IP:2250 - RefParam_MEMORY_2_ReadDummyCycle not found: check if there is a RefParameter without a condition.
2025-08-15 12:55:09,592 [WARN] IP:2250 - RefParam_MEMORY_2_NumberOfConfig not found: check if there is a RefParameter without a condition.
2025-08-15 12:55:09,592 [WARN] IP:2250 - RefParam_MEMORY_2_Config1_WriteMask not found: check if there is a RefParameter without a condition.
2025-08-15 12:55:09,592 [WARN] IP:2250 - RefParam_MEMORY_2_Config1_WriteValue not found: check if there is a RefParameter without a condition.
2025-08-15 12:55:09,592 [WARN] IP:2250 - RefParam_MEMORY_2_Config1_RegAddress not found: check if there is a RefParameter without a condition.
2025-08-15 12:55:09,592 [WARN] IP:2250 - RefParam_MEMORY_2_Config2_WriteMask not found: check if there is a RefParameter without a condition.
2025-08-15 12:55:09,592 [WARN] IP:2250 - RefParam_MEMORY_2_Config2_WriteValue not found: check if there is a RefParameter without a condition.
2025-08-15 12:55:09,592 [WARN] IP:2250 - RefParam_MEMORY_2_Config2_RegAddress not found: check if there is a RefParameter without a condition.
2025-08-15 12:55:09,592 [WARN] IP:2250 - RefParam_MEMORY_2_Config3_WriteMask not found: check if there is a RefParameter without a condition.
2025-08-15 12:55:09,592 [WARN] IP:2250 - RefParam_MEMORY_2_Config3_WriteValue not found: check if there is a RefParameter without a condition.
2025-08-15 12:55:09,592 [WARN] IP:2250 - RefParam_MEMORY_2_Config3_RegAddress not found: check if there is a RefParameter without a condition.
2025-08-15 12:55:09,595 [WARN] IP:2250 - pwrPrivilege not found: check if there is a RefParameter without a condition.
2025-08-15 12:55:09,595 [WARN] IP:2250 - pwrPrivilege not found: check if there is a RefParameter without a condition.
2025-08-15 12:55:09,600 [WARN] IP:2250 - Memorytype0 not found: check if there is a RefParameter without a condition.
2025-08-15 12:55:09,600 [WARN] IP:2250 - LL_DeviceAttribute20 not found: check if there is a RefParameter without a condition.
2025-08-15 12:55:09,600 [WARN] IP:2250 - DeviceAttribute0 not found: check if there is a RefParameter without a condition.
2025-08-15 12:55:09,600 [WARN] IP:2250 - DeviceAttribute20 not found: check if there is a RefParameter without a condition.
2025-08-15 12:55:09,601 [WARN] IP:2250 - DeviceAttribute1 not found: check if there is a RefParameter without a condition.
2025-08-15 12:55:09,601 [WARN] IP:2250 - Memorytype2 not found: check if there is a RefParameter without a condition.
2025-08-15 12:55:09,601 [WARN] IP:2250 - LL_DeviceAttribute22 not found: check if there is a RefParameter without a condition.
2025-08-15 12:55:09,601 [WARN] IP:2250 - DeviceAttribute2 not found: check if there is a RefParameter without a condition.
2025-08-15 12:55:09,601 [WARN] IP:2250 - Memorytype3 not found: check if there is a RefParameter without a condition.
2025-08-15 12:55:09,601 [WARN] IP:2250 - LL_DeviceAttribute23 not found: check if there is a RefParameter without a condition.
2025-08-15 12:55:09,601 [WARN] IP:2250 - DeviceAttribute3 not found: check if there is a RefParameter without a condition.
2025-08-15 12:55:09,601 [WARN] IP:2250 - Memorytype4 not found: check if there is a RefParameter without a condition.
2025-08-15 12:55:09,601 [WARN] IP:2250 - LL_DeviceAttribute24 not found: check if there is a RefParameter without a condition.
2025-08-15 12:55:09,601 [WARN] IP:2250 - DeviceAttribute4 not found: check if there is a RefParameter without a condition.
2025-08-15 12:55:09,601 [WARN] IP:2250 - Memorytype5 not found: check if there is a RefParameter without a condition.
2025-08-15 12:55:09,601 [WARN] IP:2250 - LL_DeviceAttribute25 not found: check if there is a RefParameter without a condition.
2025-08-15 12:55:09,601 [WARN] IP:2250 - DeviceAttribute5 not found: check if there is a RefParameter without a condition.
2025-08-15 12:55:09,601 [WARN] IP:2250 - Memorytype6 not found: check if there is a RefParameter without a condition.
2025-08-15 12:55:09,601 [WARN] IP:2250 - LL_DeviceAttribute26 not found: check if there is a RefParameter without a condition.
2025-08-15 12:55:09,601 [WARN] IP:2250 - DeviceAttribute6 not found: check if there is a RefParameter without a condition.
2025-08-15 12:55:09,601 [WARN] IP:2250 - Memorytype7 not found: check if there is a RefParameter without a condition.
2025-08-15 12:55:09,601 [WARN] IP:2250 - LL_DeviceAttribute27 not found: check if there is a RefParameter without a condition.
2025-08-15 12:55:09,601 [WARN] IP:2250 - DeviceAttribute7 not found: check if there is a RefParameter without a condition.
2025-08-15 12:55:09,651 [WARN] IP:2250 - DeviceAttribute0 not found: check if there is a RefParameter without a condition.
2025-08-15 12:55:09,651 [WARN] IP:2250 - Memorytype1 not found: check if there is a RefParameter without a condition.
2025-08-15 12:55:09,651 [WARN] IP:2250 - DeviceAttribute1 not found: check if there is a RefParameter without a condition.
2025-08-15 12:55:09,651 [WARN] IP:2250 - LL_DeviceAttribute21 not found: check if there is a RefParameter without a condition.
2025-08-15 12:55:09,651 [WARN] IP:2250 - Memorytype2 not found: check if there is a RefParameter without a condition.
2025-08-15 12:55:09,651 [WARN] IP:2250 - DeviceAttribute2 not found: check if there is a RefParameter without a condition.
2025-08-15 12:55:09,651 [WARN] IP:2250 - LL_DeviceAttribute22 not found: check if there is a RefParameter without a condition.
2025-08-15 12:55:09,651 [WARN] IP:2250 - Memorytype3 not found: check if there is a RefParameter without a condition.
2025-08-15 12:55:09,651 [WARN] IP:2250 - DeviceAttribute3 not found: check if there is a RefParameter without a condition.
2025-08-15 12:55:09,651 [WARN] IP:2250 - LL_DeviceAttribute23 not found: check if there is a RefParameter without a condition.
2025-08-15 12:55:09,651 [WARN] IP:2250 - Memorytype4 not found: check if there is a RefParameter without a condition.
2025-08-15 12:55:09,651 [WARN] IP:2250 - DeviceAttribute4 not found: check if there is a RefParameter without a condition.
2025-08-15 12:55:09,651 [WARN] IP:2250 - LL_DeviceAttribute24 not found: check if there is a RefParameter without a condition.
2025-08-15 12:55:09,651 [WARN] IP:2250 - Memorytype5 not found: check if there is a RefParameter without a condition.
2025-08-15 12:55:09,651 [WARN] IP:2250 - DeviceAttribute5 not found: check if there is a RefParameter without a condition.
2025-08-15 12:55:09,651 [WARN] IP:2250 - LL_DeviceAttribute25 not found: check if there is a RefParameter without a condition.
2025-08-15 12:55:09,651 [WARN] IP:2250 - Memorytype6 not found: check if there is a RefParameter without a condition.
2025-08-15 12:55:09,651 [WARN] IP:2250 - DeviceAttribute6 not found: check if there is a RefParameter without a condition.
2025-08-15 12:55:09,651 [WARN] IP:2250 - LL_DeviceAttribute26 not found: check if there is a RefParameter without a condition.
2025-08-15 12:55:09,651 [WARN] IP:2250 - Memorytype7 not found: check if there is a RefParameter without a condition.
2025-08-15 12:55:09,651 [WARN] IP:2250 - DeviceAttribute7 not found: check if there is a RefParameter without a condition.
2025-08-15 12:55:09,651 [WARN] IP:2250 - LL_DeviceAttribute27 not found: check if there is a RefParameter without a condition.
2025-08-15 12:55:09,761 [WARN] IP:2250 - RefParam_LRUN_SRC_memory not found: check if there is a RefParameter without a condition.
2025-08-15 12:55:09,761 [WARN] IP:2250 - RefParam_LRUN_SRC_offset not found: check if there is a RefParameter without a condition.
2025-08-15 12:55:09,761 [WARN] IP:2250 - RefParam_LRUN_SRC_size not found: check if there is a RefParameter without a condition.
2025-08-15 12:55:09,761 [WARN] IP:2250 - RefParam_LRUN_DEST_memory not found: check if there is a RefParameter without a condition.
2025-08-15 12:55:09,761 [WARN] IP:2250 - RefParam_LRUN_DEST_offset not found: check if there is a RefParameter without a condition.
2025-08-15 12:55:09,761 [WARN] IP:2250 - RefParam_MEMORY_1_Size not found: check if there is a RefParameter without a condition.
2025-08-15 12:55:09,761 [WARN] IP:2250 - RefParam_MEMORY_1_FreqMax not found: check if there is a RefParameter without a condition.
2025-08-15 12:55:09,761 [WARN] IP:2250 - RefParam_MEMORY_1_ReadReg not found: check if there is a RefParameter without a condition.
2025-08-15 12:55:09,761 [WARN] IP:2250 - RefParam_MEMORY_1_WriteReg not found: check if there is a RefParameter without a condition.
2025-08-15 12:55:09,761 [WARN] IP:2250 - RefParam_MEMORY_1_RegSize not found: check if there is a RefParameter without a condition.
2025-08-15 12:55:09,761 [WARN] IP:2250 - RefParam_MEMORY_1_RegDummyCycle not found: check if there is a RefParameter without a condition.
2025-08-15 12:55:09,761 [WARN] IP:2250 - RefParam_MEMORY_1_WriteCommand not found: check if there is a RefParameter without a condition.
2025-08-15 12:55:09,761 [WARN] IP:2250 - RefParam_MEMORY_1_WriteDummyCycle not found: check if there is a RefParameter without a condition.
2025-08-15 12:55:09,761 [WARN] IP:2250 - RefParam_MEMORY_1_ReadCommand not found: check if there is a RefParameter without a condition.
2025-08-15 12:55:09,761 [WARN] IP:2250 - RefParam_MEMORY_1_WrapReadCommand not found: check if there is a RefParameter without a condition.
2025-08-15 12:55:09,761 [WARN] IP:2250 - RefParam_MEMORY_1_ReadDummyCycle not found: check if there is a RefParameter without a condition.
2025-08-15 12:55:09,761 [WARN] IP:2250 - RefParam_MEMORY_1_NumberOfConfig not found: check if there is a RefParameter without a condition.
2025-08-15 12:55:09,761 [WARN] IP:2250 - RefParam_MEMORY_1_Config1_WriteMask not found: check if there is a RefParameter without a condition.
2025-08-15 12:55:09,761 [WARN] IP:2250 - RefParam_MEMORY_1_Config1_WriteValue not found: check if there is a RefParameter without a condition.
2025-08-15 12:55:09,761 [WARN] IP:2250 - RefParam_MEMORY_1_Config1_RegAddress not found: check if there is a RefParameter without a condition.
2025-08-15 12:55:09,761 [WARN] IP:2250 - RefParam_MEMORY_1_Config2_WriteMask not found: check if there is a RefParameter without a condition.
2025-08-15 12:55:09,761 [WARN] IP:2250 - RefParam_MEMORY_1_Config2_WriteValue not found: check if there is a RefParameter without a condition.
2025-08-15 12:55:09,761 [WARN] IP:2250 - RefParam_MEMORY_1_Config2_RegAddress not found: check if there is a RefParameter without a condition.
2025-08-15 12:55:09,761 [WARN] IP:2250 - RefParam_MEMORY_1_Config3_WriteMask not found: check if there is a RefParameter without a condition.
2025-08-15 12:55:09,761 [WARN] IP:2250 - RefParam_MEMORY_1_Config3_WriteValue not found: check if there is a RefParameter without a condition.
2025-08-15 12:55:09,762 [WARN] IP:2250 - RefParam_MEMORY_1_Config3_RegAddress not found: check if there is a RefParameter without a condition.
2025-08-15 12:55:09,762 [WARN] IP:2250 - RefParam_MEMORY_2_Instance not found: check if there is a RefParameter without a condition.
2025-08-15 12:55:09,762 [WARN] IP:2250 - RefParam_MEMORY_2_ConfigType not found: check if there is a RefParameter without a condition.
2025-08-15 12:55:09,762 [WARN] IP:2250 - RefParam_MEMORY_2_Size not found: check if there is a RefParameter without a condition.
2025-08-15 12:55:09,762 [WARN] IP:2250 - RefParam_MEMORY_2_FreqMax not found: check if there is a RefParameter without a condition.
2025-08-15 12:55:09,762 [WARN] IP:2250 - RefParam_MEMORY_2_ReadReg not found: check if there is a RefParameter without a condition.
2025-08-15 12:55:09,762 [WARN] IP:2250 - RefParam_MEMORY_2_WriteReg not found: check if there is a RefParameter without a condition.
2025-08-15 12:55:09,762 [WARN] IP:2250 - RefParam_MEMORY_2_RegSize not found: check if there is a RefParameter without a condition.
2025-08-15 12:55:09,762 [WARN] IP:2250 - RefParam_MEMORY_2_RegDummyCycle not found: check if there is a RefParameter without a condition.
2025-08-15 12:55:09,762 [WARN] IP:2250 - RefParam_MEMORY_2_WriteCommand not found: check if there is a RefParameter without a condition.
2025-08-15 12:55:09,762 [WARN] IP:2250 - RefParam_MEMORY_2_WriteDummyCycle not found: check if there is a RefParameter without a condition.
2025-08-15 12:55:09,762 [WARN] IP:2250 - RefParam_MEMORY_2_ReadCommand not found: check if there is a RefParameter without a condition.
2025-08-15 12:55:09,762 [WARN] IP:2250 - RefParam_MEMORY_2_WrapReadCommand not found: check if there is a RefParameter without a condition.
2025-08-15 12:55:09,762 [WARN] IP:2250 - RefParam_MEMORY_2_ReadDummyCycle not found: check if there is a RefParameter without a condition.
2025-08-15 12:55:09,762 [WARN] IP:2250 - RefParam_MEMORY_2_NumberOfConfig not found: check if there is a RefParameter without a condition.
2025-08-15 12:55:09,762 [WARN] IP:2250 - RefParam_MEMORY_2_Config1_WriteMask not found: check if there is a RefParameter without a condition.
2025-08-15 12:55:09,762 [WARN] IP:2250 - RefParam_MEMORY_2_Config1_WriteValue not found: check if there is a RefParameter without a condition.
2025-08-15 12:55:09,762 [WARN] IP:2250 - RefParam_MEMORY_2_Config1_RegAddress not found: check if there is a RefParameter without a condition.
2025-08-15 12:55:09,762 [WARN] IP:2250 - RefParam_MEMORY_2_Config2_WriteMask not found: check if there is a RefParameter without a condition.
2025-08-15 12:55:09,762 [WARN] IP:2250 - RefParam_MEMORY_2_Config2_WriteValue not found: check if there is a RefParameter without a condition.
2025-08-15 12:55:09,762 [WARN] IP:2250 - RefParam_MEMORY_2_Config2_RegAddress not found: check if there is a RefParameter without a condition.
2025-08-15 12:55:09,762 [WARN] IP:2250 - RefParam_MEMORY_2_Config3_WriteMask not found: check if there is a RefParameter without a condition.
2025-08-15 12:55:09,762 [WARN] IP:2250 - RefParam_MEMORY_2_Config3_WriteValue not found: check if there is a RefParameter without a condition.
2025-08-15 12:55:09,762 [WARN] IP:2250 - RefParam_MEMORY_2_Config3_RegAddress not found: check if there is a RefParameter without a condition.
2025-08-15 12:55:09,765 [WARN] IP:2250 - pwrPrivilege not found: check if there is a RefParameter without a condition.
2025-08-15 12:55:09,765 [WARN] IP:2250 - pwrPrivilege not found: check if there is a RefParameter without a condition.
2025-08-15 12:55:09,769 [WARN] IP:2250 - Memorytype0 not found: check if there is a RefParameter without a condition.
2025-08-15 12:55:09,769 [WARN] IP:2250 - LL_DeviceAttribute20 not found: check if there is a RefParameter without a condition.
2025-08-15 12:55:09,769 [WARN] IP:2250 - DeviceAttribute0 not found: check if there is a RefParameter without a condition.
2025-08-15 12:55:09,769 [WARN] IP:2250 - DeviceAttribute20 not found: check if there is a RefParameter without a condition.
2025-08-15 12:55:09,769 [WARN] IP:2250 - DeviceAttribute1 not found: check if there is a RefParameter without a condition.
2025-08-15 12:55:09,769 [WARN] IP:2250 - Memorytype2 not found: check if there is a RefParameter without a condition.
2025-08-15 12:55:09,769 [WARN] IP:2250 - LL_DeviceAttribute22 not found: check if there is a RefParameter without a condition.
2025-08-15 12:55:09,769 [WARN] IP:2250 - DeviceAttribute2 not found: check if there is a RefParameter without a condition.
2025-08-15 12:55:09,769 [WARN] IP:2250 - Memorytype3 not found: check if there is a RefParameter without a condition.
2025-08-15 12:55:09,769 [WARN] IP:2250 - LL_DeviceAttribute23 not found: check if there is a RefParameter without a condition.
2025-08-15 12:55:09,769 [WARN] IP:2250 - DeviceAttribute3 not found: check if there is a RefParameter without a condition.
2025-08-15 12:55:09,770 [WARN] IP:2250 - Memorytype4 not found: check if there is a RefParameter without a condition.
2025-08-15 12:55:09,770 [WARN] IP:2250 - LL_DeviceAttribute24 not found: check if there is a RefParameter without a condition.
2025-08-15 12:55:09,770 [WARN] IP:2250 - DeviceAttribute4 not found: check if there is a RefParameter without a condition.
2025-08-15 12:55:09,770 [WARN] IP:2250 - Memorytype5 not found: check if there is a RefParameter without a condition.
2025-08-15 12:55:09,770 [WARN] IP:2250 - LL_DeviceAttribute25 not found: check if there is a RefParameter without a condition.
2025-08-15 12:55:09,770 [WARN] IP:2250 - DeviceAttribute5 not found: check if there is a RefParameter without a condition.
2025-08-15 12:55:09,770 [WARN] IP:2250 - Memorytype6 not found: check if there is a RefParameter without a condition.
2025-08-15 12:55:09,770 [WARN] IP:2250 - LL_DeviceAttribute26 not found: check if there is a RefParameter without a condition.
2025-08-15 12:55:09,770 [WARN] IP:2250 - DeviceAttribute6 not found: check if there is a RefParameter without a condition.
2025-08-15 12:55:09,770 [WARN] IP:2250 - Memorytype7 not found: check if there is a RefParameter without a condition.
2025-08-15 12:55:09,770 [WARN] IP:2250 - LL_DeviceAttribute27 not found: check if there is a RefParameter without a condition.
2025-08-15 12:55:09,770 [WARN] IP:2250 - DeviceAttribute7 not found: check if there is a RefParameter without a condition.
2025-08-15 12:55:09,810 [WARN] IP:2250 - DeviceAttribute0 not found: check if there is a RefParameter without a condition.
2025-08-15 12:55:09,811 [WARN] IP:2250 - Memorytype1 not found: check if there is a RefParameter without a condition.
2025-08-15 12:55:09,811 [WARN] IP:2250 - DeviceAttribute1 not found: check if there is a RefParameter without a condition.
2025-08-15 12:55:09,811 [WARN] IP:2250 - LL_DeviceAttribute21 not found: check if there is a RefParameter without a condition.
2025-08-15 12:55:09,811 [WARN] IP:2250 - Memorytype2 not found: check if there is a RefParameter without a condition.
2025-08-15 12:55:09,811 [WARN] IP:2250 - DeviceAttribute2 not found: check if there is a RefParameter without a condition.
2025-08-15 12:55:09,811 [WARN] IP:2250 - LL_DeviceAttribute22 not found: check if there is a RefParameter without a condition.
2025-08-15 12:55:09,811 [WARN] IP:2250 - Memorytype3 not found: check if there is a RefParameter without a condition.
2025-08-15 12:55:09,811 [WARN] IP:2250 - DeviceAttribute3 not found: check if there is a RefParameter without a condition.
2025-08-15 12:55:09,811 [WARN] IP:2250 - LL_DeviceAttribute23 not found: check if there is a RefParameter without a condition.
2025-08-15 12:55:09,811 [WARN] IP:2250 - Memorytype4 not found: check if there is a RefParameter without a condition.
2025-08-15 12:55:09,811 [WARN] IP:2250 - DeviceAttribute4 not found: check if there is a RefParameter without a condition.
2025-08-15 12:55:09,811 [WARN] IP:2250 - LL_DeviceAttribute24 not found: check if there is a RefParameter without a condition.
2025-08-15 12:55:09,811 [WARN] IP:2250 - Memorytype5 not found: check if there is a RefParameter without a condition.
2025-08-15 12:55:09,811 [WARN] IP:2250 - DeviceAttribute5 not found: check if there is a RefParameter without a condition.
2025-08-15 12:55:09,811 [WARN] IP:2250 - LL_DeviceAttribute25 not found: check if there is a RefParameter without a condition.
2025-08-15 12:55:09,811 [WARN] IP:2250 - Memorytype6 not found: check if there is a RefParameter without a condition.
2025-08-15 12:55:09,811 [WARN] IP:2250 - DeviceAttribute6 not found: check if there is a RefParameter without a condition.
2025-08-15 12:55:09,811 [WARN] IP:2250 - LL_DeviceAttribute26 not found: check if there is a RefParameter without a condition.
2025-08-15 12:55:09,811 [WARN] IP:2250 - Memorytype7 not found: check if there is a RefParameter without a condition.
2025-08-15 12:55:09,811 [WARN] IP:2250 - DeviceAttribute7 not found: check if there is a RefParameter without a condition.
2025-08-15 12:55:09,811 [WARN] IP:2250 - LL_DeviceAttribute27 not found: check if there is a RefParameter without a condition.
2025-08-15 12:55:09,924 [WARN] IP:2250 - RefParam_LRUN_SRC_memory not found: check if there is a RefParameter without a condition.
2025-08-15 12:55:09,924 [WARN] IP:2250 - RefParam_LRUN_SRC_offset not found: check if there is a RefParameter without a condition.
2025-08-15 12:55:09,924 [WARN] IP:2250 - RefParam_LRUN_SRC_size not found: check if there is a RefParameter without a condition.
2025-08-15 12:55:09,924 [WARN] IP:2250 - RefParam_LRUN_DEST_memory not found: check if there is a RefParameter without a condition.
2025-08-15 12:55:09,924 [WARN] IP:2250 - RefParam_LRUN_DEST_offset not found: check if there is a RefParameter without a condition.
2025-08-15 12:55:09,924 [WARN] IP:2250 - RefParam_MEMORY_1_Size not found: check if there is a RefParameter without a condition.
2025-08-15 12:55:09,924 [WARN] IP:2250 - RefParam_MEMORY_1_FreqMax not found: check if there is a RefParameter without a condition.
2025-08-15 12:55:09,924 [WARN] IP:2250 - RefParam_MEMORY_1_ReadReg not found: check if there is a RefParameter without a condition.
2025-08-15 12:55:09,924 [WARN] IP:2250 - RefParam_MEMORY_1_WriteReg not found: check if there is a RefParameter without a condition.
2025-08-15 12:55:09,924 [WARN] IP:2250 - RefParam_MEMORY_1_RegSize not found: check if there is a RefParameter without a condition.
2025-08-15 12:55:09,924 [WARN] IP:2250 - RefParam_MEMORY_1_RegDummyCycle not found: check if there is a RefParameter without a condition.
2025-08-15 12:55:09,924 [WARN] IP:2250 - RefParam_MEMORY_1_WriteCommand not found: check if there is a RefParameter without a condition.
2025-08-15 12:55:09,924 [WARN] IP:2250 - RefParam_MEMORY_1_WriteDummyCycle not found: check if there is a RefParameter without a condition.
2025-08-15 12:55:09,924 [WARN] IP:2250 - RefParam_MEMORY_1_ReadCommand not found: check if there is a RefParameter without a condition.
2025-08-15 12:55:09,924 [WARN] IP:2250 - RefParam_MEMORY_1_WrapReadCommand not found: check if there is a RefParameter without a condition.
2025-08-15 12:55:09,924 [WARN] IP:2250 - RefParam_MEMORY_1_ReadDummyCycle not found: check if there is a RefParameter without a condition.
2025-08-15 12:55:09,924 [WARN] IP:2250 - RefParam_MEMORY_1_NumberOfConfig not found: check if there is a RefParameter without a condition.
2025-08-15 12:55:09,924 [WARN] IP:2250 - RefParam_MEMORY_1_Config1_WriteMask not found: check if there is a RefParameter without a condition.
2025-08-15 12:55:09,924 [WARN] IP:2250 - RefParam_MEMORY_1_Config1_WriteValue not found: check if there is a RefParameter without a condition.
2025-08-15 12:55:09,924 [WARN] IP:2250 - RefParam_MEMORY_1_Config1_RegAddress not found: check if there is a RefParameter without a condition.
2025-08-15 12:55:09,925 [WARN] IP:2250 - RefParam_MEMORY_1_Config2_WriteMask not found: check if there is a RefParameter without a condition.
2025-08-15 12:55:09,925 [WARN] IP:2250 - RefParam_MEMORY_1_Config2_WriteValue not found: check if there is a RefParameter without a condition.
2025-08-15 12:55:09,925 [WARN] IP:2250 - RefParam_MEMORY_1_Config2_RegAddress not found: check if there is a RefParameter without a condition.
2025-08-15 12:55:09,925 [WARN] IP:2250 - RefParam_MEMORY_1_Config3_WriteMask not found: check if there is a RefParameter without a condition.
2025-08-15 12:55:09,925 [WARN] IP:2250 - RefParam_MEMORY_1_Config3_WriteValue not found: check if there is a RefParameter without a condition.
2025-08-15 12:55:09,925 [WARN] IP:2250 - RefParam_MEMORY_1_Config3_RegAddress not found: check if there is a RefParameter without a condition.
2025-08-15 12:55:09,925 [WARN] IP:2250 - RefParam_MEMORY_2_Instance not found: check if there is a RefParameter without a condition.
2025-08-15 12:55:09,925 [WARN] IP:2250 - RefParam_MEMORY_2_ConfigType not found: check if there is a RefParameter without a condition.
2025-08-15 12:55:09,925 [WARN] IP:2250 - RefParam_MEMORY_2_Size not found: check if there is a RefParameter without a condition.
2025-08-15 12:55:09,925 [WARN] IP:2250 - RefParam_MEMORY_2_FreqMax not found: check if there is a RefParameter without a condition.
2025-08-15 12:55:09,925 [WARN] IP:2250 - RefParam_MEMORY_2_ReadReg not found: check if there is a RefParameter without a condition.
2025-08-15 12:55:09,925 [WARN] IP:2250 - RefParam_MEMORY_2_WriteReg not found: check if there is a RefParameter without a condition.
2025-08-15 12:55:09,925 [WARN] IP:2250 - RefParam_MEMORY_2_RegSize not found: check if there is a RefParameter without a condition.
2025-08-15 12:55:09,925 [WARN] IP:2250 - RefParam_MEMORY_2_RegDummyCycle not found: check if there is a RefParameter without a condition.
2025-08-15 12:55:09,925 [WARN] IP:2250 - RefParam_MEMORY_2_WriteCommand not found: check if there is a RefParameter without a condition.
2025-08-15 12:55:09,925 [WARN] IP:2250 - RefParam_MEMORY_2_WriteDummyCycle not found: check if there is a RefParameter without a condition.
2025-08-15 12:55:09,925 [WARN] IP:2250 - RefParam_MEMORY_2_ReadCommand not found: check if there is a RefParameter without a condition.
2025-08-15 12:55:09,925 [WARN] IP:2250 - RefParam_MEMORY_2_WrapReadCommand not found: check if there is a RefParameter without a condition.
2025-08-15 12:55:09,925 [WARN] IP:2250 - RefParam_MEMORY_2_ReadDummyCycle not found: check if there is a RefParameter without a condition.
2025-08-15 12:55:09,925 [WARN] IP:2250 - RefParam_MEMORY_2_NumberOfConfig not found: check if there is a RefParameter without a condition.
2025-08-15 12:55:09,925 [WARN] IP:2250 - RefParam_MEMORY_2_Config1_WriteMask not found: check if there is a RefParameter without a condition.
2025-08-15 12:55:09,925 [WARN] IP:2250 - RefParam_MEMORY_2_Config1_WriteValue not found: check if there is a RefParameter without a condition.
2025-08-15 12:55:09,925 [WARN] IP:2250 - RefParam_MEMORY_2_Config1_RegAddress not found: check if there is a RefParameter without a condition.
2025-08-15 12:55:09,925 [WARN] IP:2250 - RefParam_MEMORY_2_Config2_WriteMask not found: check if there is a RefParameter without a condition.
2025-08-15 12:55:09,925 [WARN] IP:2250 - RefParam_MEMORY_2_Config2_WriteValue not found: check if there is a RefParameter without a condition.
2025-08-15 12:55:09,925 [WARN] IP:2250 - RefParam_MEMORY_2_Config2_RegAddress not found: check if there is a RefParameter without a condition.
2025-08-15 12:55:09,925 [WARN] IP:2250 - RefParam_MEMORY_2_Config3_WriteMask not found: check if there is a RefParameter without a condition.
2025-08-15 12:55:09,925 [WARN] IP:2250 - RefParam_MEMORY_2_Config3_WriteValue not found: check if there is a RefParameter without a condition.
2025-08-15 12:55:09,925 [WARN] IP:2250 - RefParam_MEMORY_2_Config3_RegAddress not found: check if there is a RefParameter without a condition.
2025-08-15 12:55:09,928 [WARN] IP:2250 - pwrPrivilege not found: check if there is a RefParameter without a condition.
2025-08-15 12:55:09,928 [WARN] IP:2250 - pwrPrivilege not found: check if there is a RefParameter without a condition.
2025-08-15 12:55:09,932 [WARN] IP:2250 - Memorytype0 not found: check if there is a RefParameter without a condition.
2025-08-15 12:55:09,932 [WARN] IP:2250 - LL_DeviceAttribute20 not found: check if there is a RefParameter without a condition.
2025-08-15 12:55:09,932 [WARN] IP:2250 - DeviceAttribute0 not found: check if there is a RefParameter without a condition.
2025-08-15 12:55:09,932 [WARN] IP:2250 - DeviceAttribute20 not found: check if there is a RefParameter without a condition.
2025-08-15 12:55:09,932 [WARN] IP:2250 - DeviceAttribute1 not found: check if there is a RefParameter without a condition.
2025-08-15 12:55:09,932 [WARN] IP:2250 - Memorytype2 not found: check if there is a RefParameter without a condition.
2025-08-15 12:55:09,932 [WARN] IP:2250 - LL_DeviceAttribute22 not found: check if there is a RefParameter without a condition.
2025-08-15 12:55:09,932 [WARN] IP:2250 - DeviceAttribute2 not found: check if there is a RefParameter without a condition.
2025-08-15 12:55:09,933 [WARN] IP:2250 - Memorytype3 not found: check if there is a RefParameter without a condition.
2025-08-15 12:55:09,933 [WARN] IP:2250 - LL_DeviceAttribute23 not found: check if there is a RefParameter without a condition.
2025-08-15 12:55:09,933 [WARN] IP:2250 - DeviceAttribute3 not found: check if there is a RefParameter without a condition.
2025-08-15 12:55:09,933 [WARN] IP:2250 - Memorytype4 not found: check if there is a RefParameter without a condition.
2025-08-15 12:55:09,933 [WARN] IP:2250 - LL_DeviceAttribute24 not found: check if there is a RefParameter without a condition.
2025-08-15 12:55:09,933 [WARN] IP:2250 - DeviceAttribute4 not found: check if there is a RefParameter without a condition.
2025-08-15 12:55:09,933 [WARN] IP:2250 - Memorytype5 not found: check if there is a RefParameter without a condition.
2025-08-15 12:55:09,933 [WARN] IP:2250 - LL_DeviceAttribute25 not found: check if there is a RefParameter without a condition.
2025-08-15 12:55:09,933 [WARN] IP:2250 - DeviceAttribute5 not found: check if there is a RefParameter without a condition.
2025-08-15 12:55:09,933 [WARN] IP:2250 - Memorytype6 not found: check if there is a RefParameter without a condition.
2025-08-15 12:55:09,933 [WARN] IP:2250 - LL_DeviceAttribute26 not found: check if there is a RefParameter without a condition.
2025-08-15 12:55:09,933 [WARN] IP:2250 - DeviceAttribute6 not found: check if there is a RefParameter without a condition.
2025-08-15 12:55:09,933 [WARN] IP:2250 - Memorytype7 not found: check if there is a RefParameter without a condition.
2025-08-15 12:55:09,933 [WARN] IP:2250 - LL_DeviceAttribute27 not found: check if there is a RefParameter without a condition.
2025-08-15 12:55:09,933 [WARN] IP:2250 - DeviceAttribute7 not found: check if there is a RefParameter without a condition.
2025-08-15 12:55:09,976 [WARN] IP:2250 - DeviceAttribute0 not found: check if there is a RefParameter without a condition.
2025-08-15 12:55:09,976 [WARN] IP:2250 - Memorytype1 not found: check if there is a RefParameter without a condition.
2025-08-15 12:55:09,976 [WARN] IP:2250 - DeviceAttribute1 not found: check if there is a RefParameter without a condition.
2025-08-15 12:55:09,976 [WARN] IP:2250 - LL_DeviceAttribute21 not found: check if there is a RefParameter without a condition.
2025-08-15 12:55:09,976 [WARN] IP:2250 - Memorytype2 not found: check if there is a RefParameter without a condition.
2025-08-15 12:55:09,976 [WARN] IP:2250 - DeviceAttribute2 not found: check if there is a RefParameter without a condition.
2025-08-15 12:55:09,976 [WARN] IP:2250 - LL_DeviceAttribute22 not found: check if there is a RefParameter without a condition.
2025-08-15 12:55:09,976 [WARN] IP:2250 - Memorytype3 not found: check if there is a RefParameter without a condition.
2025-08-15 12:55:09,977 [WARN] IP:2250 - DeviceAttribute3 not found: check if there is a RefParameter without a condition.
2025-08-15 12:55:09,977 [WARN] IP:2250 - LL_DeviceAttribute23 not found: check if there is a RefParameter without a condition.
2025-08-15 12:55:09,977 [WARN] IP:2250 - Memorytype4 not found: check if there is a RefParameter without a condition.
2025-08-15 12:55:09,977 [WARN] IP:2250 - DeviceAttribute4 not found: check if there is a RefParameter without a condition.
2025-08-15 12:55:09,977 [WARN] IP:2250 - LL_DeviceAttribute24 not found: check if there is a RefParameter without a condition.
2025-08-15 12:55:09,977 [WARN] IP:2250 - Memorytype5 not found: check if there is a RefParameter without a condition.
2025-08-15 12:55:09,977 [WARN] IP:2250 - DeviceAttribute5 not found: check if there is a RefParameter without a condition.
2025-08-15 12:55:09,977 [WARN] IP:2250 - LL_DeviceAttribute25 not found: check if there is a RefParameter without a condition.
2025-08-15 12:55:09,977 [WARN] IP:2250 - Memorytype6 not found: check if there is a RefParameter without a condition.
2025-08-15 12:55:09,977 [WARN] IP:2250 - DeviceAttribute6 not found: check if there is a RefParameter without a condition.
2025-08-15 12:55:09,977 [WARN] IP:2250 - LL_DeviceAttribute26 not found: check if there is a RefParameter without a condition.
2025-08-15 12:55:09,977 [WARN] IP:2250 - Memorytype7 not found: check if there is a RefParameter without a condition.
2025-08-15 12:55:09,977 [WARN] IP:2250 - DeviceAttribute7 not found: check if there is a RefParameter without a condition.
2025-08-15 12:55:09,977 [WARN] IP:2250 - LL_DeviceAttribute27 not found: check if there is a RefParameter without a condition.
2025-08-15 12:55:19,326 [WARN] IP:2250 - RefParam_LRUN_SRC_memory not found: check if there is a RefParameter without a condition.
2025-08-15 12:55:19,326 [WARN] IP:2250 - RefParam_LRUN_SRC_offset not found: check if there is a RefParameter without a condition.
2025-08-15 12:55:19,326 [WARN] IP:2250 - RefParam_LRUN_SRC_size not found: check if there is a RefParameter without a condition.
2025-08-15 12:55:19,326 [WARN] IP:2250 - RefParam_LRUN_DEST_memory not found: check if there is a RefParameter without a condition.
2025-08-15 12:55:19,326 [WARN] IP:2250 - RefParam_LRUN_DEST_offset not found: check if there is a RefParameter without a condition.
2025-08-15 12:55:19,326 [WARN] IP:2250 - RefParam_MEMORY_1_Size not found: check if there is a RefParameter without a condition.
2025-08-15 12:55:19,326 [WARN] IP:2250 - RefParam_MEMORY_1_FreqMax not found: check if there is a RefParameter without a condition.
2025-08-15 12:55:19,326 [WARN] IP:2250 - RefParam_MEMORY_1_ReadReg not found: check if there is a RefParameter without a condition.
2025-08-15 12:55:19,326 [WARN] IP:2250 - RefParam_MEMORY_1_WriteReg not found: check if there is a RefParameter without a condition.
2025-08-15 12:55:19,326 [WARN] IP:2250 - RefParam_MEMORY_1_RegSize not found: check if there is a RefParameter without a condition.
2025-08-15 12:55:19,326 [WARN] IP:2250 - RefParam_MEMORY_1_RegDummyCycle not found: check if there is a RefParameter without a condition.
2025-08-15 12:55:19,326 [WARN] IP:2250 - RefParam_MEMORY_1_WriteCommand not found: check if there is a RefParameter without a condition.
2025-08-15 12:55:19,326 [WARN] IP:2250 - RefParam_MEMORY_1_WriteDummyCycle not found: check if there is a RefParameter without a condition.
2025-08-15 12:55:19,326 [WARN] IP:2250 - RefParam_MEMORY_1_ReadCommand not found: check if there is a RefParameter without a condition.
2025-08-15 12:55:19,326 [WARN] IP:2250 - RefParam_MEMORY_1_WrapReadCommand not found: check if there is a RefParameter without a condition.
2025-08-15 12:55:19,326 [WARN] IP:2250 - RefParam_MEMORY_1_ReadDummyCycle not found: check if there is a RefParameter without a condition.
2025-08-15 12:55:19,326 [WARN] IP:2250 - RefParam_MEMORY_1_NumberOfConfig not found: check if there is a RefParameter without a condition.
2025-08-15 12:55:19,326 [WARN] IP:2250 - RefParam_MEMORY_1_Config1_WriteMask not found: check if there is a RefParameter without a condition.
2025-08-15 12:55:19,326 [WARN] IP:2250 - RefParam_MEMORY_1_Config1_WriteValue not found: check if there is a RefParameter without a condition.
2025-08-15 12:55:19,326 [WARN] IP:2250 - RefParam_MEMORY_1_Config1_RegAddress not found: check if there is a RefParameter without a condition.
2025-08-15 12:55:19,326 [WARN] IP:2250 - RefParam_MEMORY_1_Config2_WriteMask not found: check if there is a RefParameter without a condition.
2025-08-15 12:55:19,326 [WARN] IP:2250 - RefParam_MEMORY_1_Config2_WriteValue not found: check if there is a RefParameter without a condition.
2025-08-15 12:55:19,326 [WARN] IP:2250 - RefParam_MEMORY_1_Config2_RegAddress not found: check if there is a RefParameter without a condition.
2025-08-15 12:55:19,326 [WARN] IP:2250 - RefParam_MEMORY_1_Config3_WriteMask not found: check if there is a RefParameter without a condition.
2025-08-15 12:55:19,326 [WARN] IP:2250 - RefParam_MEMORY_1_Config3_WriteValue not found: check if there is a RefParameter without a condition.
2025-08-15 12:55:19,326 [WARN] IP:2250 - RefParam_MEMORY_1_Config3_RegAddress not found: check if there is a RefParameter without a condition.
2025-08-15 12:55:19,326 [WARN] IP:2250 - RefParam_MEMORY_2_Instance not found: check if there is a RefParameter without a condition.
2025-08-15 12:55:19,326 [WARN] IP:2250 - RefParam_MEMORY_2_ConfigType not found: check if there is a RefParameter without a condition.
2025-08-15 12:55:19,326 [WARN] IP:2250 - RefParam_MEMORY_2_Size not found: check if there is a RefParameter without a condition.
2025-08-15 12:55:19,326 [WARN] IP:2250 - RefParam_MEMORY_2_FreqMax not found: check if there is a RefParameter without a condition.
2025-08-15 12:55:19,326 [WARN] IP:2250 - RefParam_MEMORY_2_ReadReg not found: check if there is a RefParameter without a condition.
2025-08-15 12:55:19,326 [WARN] IP:2250 - RefParam_MEMORY_2_WriteReg not found: check if there is a RefParameter without a condition.
2025-08-15 12:55:19,326 [WARN] IP:2250 - RefParam_MEMORY_2_RegSize not found: check if there is a RefParameter without a condition.
2025-08-15 12:55:19,326 [WARN] IP:2250 - RefParam_MEMORY_2_RegDummyCycle not found: check if there is a RefParameter without a condition.
2025-08-15 12:55:19,326 [WARN] IP:2250 - RefParam_MEMORY_2_WriteCommand not found: check if there is a RefParameter without a condition.
2025-08-15 12:55:19,326 [WARN] IP:2250 - RefParam_MEMORY_2_WriteDummyCycle not found: check if there is a RefParameter without a condition.
2025-08-15 12:55:19,326 [WARN] IP:2250 - RefParam_MEMORY_2_ReadCommand not found: check if there is a RefParameter without a condition.
2025-08-15 12:55:19,326 [WARN] IP:2250 - RefParam_MEMORY_2_WrapReadCommand not found: check if there is a RefParameter without a condition.
2025-08-15 12:55:19,326 [WARN] IP:2250 - RefParam_MEMORY_2_ReadDummyCycle not found: check if there is a RefParameter without a condition.
2025-08-15 12:55:19,326 [WARN] IP:2250 - RefParam_MEMORY_2_NumberOfConfig not found: check if there is a RefParameter without a condition.
2025-08-15 12:55:19,326 [WARN] IP:2250 - RefParam_MEMORY_2_Config1_WriteMask not found: check if there is a RefParameter without a condition.
2025-08-15 12:55:19,326 [WARN] IP:2250 - RefParam_MEMORY_2_Config1_WriteValue not found: check if there is a RefParameter without a condition.
2025-08-15 12:55:19,326 [WARN] IP:2250 - RefParam_MEMORY_2_Config1_RegAddress not found: check if there is a RefParameter without a condition.
2025-08-15 12:55:19,326 [WARN] IP:2250 - RefParam_MEMORY_2_Config2_WriteMask not found: check if there is a RefParameter without a condition.
2025-08-15 12:55:19,326 [WARN] IP:2250 - RefParam_MEMORY_2_Config2_WriteValue not found: check if there is a RefParameter without a condition.
2025-08-15 12:55:19,326 [WARN] IP:2250 - RefParam_MEMORY_2_Config2_RegAddress not found: check if there is a RefParameter without a condition.
2025-08-15 12:55:19,326 [WARN] IP:2250 - RefParam_MEMORY_2_Config3_WriteMask not found: check if there is a RefParameter without a condition.
2025-08-15 12:55:19,326 [WARN] IP:2250 - RefParam_MEMORY_2_Config3_WriteValue not found: check if there is a RefParameter without a condition.
2025-08-15 12:55:19,326 [WARN] IP:2250 - RefParam_MEMORY_2_Config3_RegAddress not found: check if there is a RefParameter without a condition.
2025-08-15 12:55:19,329 [WARN] IP:2250 - pwrPrivilege not found: check if there is a RefParameter without a condition.
2025-08-15 12:55:19,330 [WARN] IP:2250 - pwrPrivilege not found: check if there is a RefParameter without a condition.
2025-08-15 12:55:19,333 [WARN] IP:2250 - Memorytype0 not found: check if there is a RefParameter without a condition.
2025-08-15 12:55:19,333 [WARN] IP:2250 - LL_DeviceAttribute20 not found: check if there is a RefParameter without a condition.
2025-08-15 12:55:19,333 [WARN] IP:2250 - DeviceAttribute0 not found: check if there is a RefParameter without a condition.
2025-08-15 12:55:19,333 [WARN] IP:2250 - DeviceAttribute20 not found: check if there is a RefParameter without a condition.
2025-08-15 12:55:19,333 [WARN] IP:2250 - DeviceAttribute1 not found: check if there is a RefParameter without a condition.
2025-08-15 12:55:19,333 [WARN] IP:2250 - Memorytype2 not found: check if there is a RefParameter without a condition.
2025-08-15 12:55:19,333 [WARN] IP:2250 - LL_DeviceAttribute22 not found: check if there is a RefParameter without a condition.
2025-08-15 12:55:19,333 [WARN] IP:2250 - DeviceAttribute2 not found: check if there is a RefParameter without a condition.
2025-08-15 12:55:19,333 [WARN] IP:2250 - Memorytype3 not found: check if there is a RefParameter without a condition.
2025-08-15 12:55:19,333 [WARN] IP:2250 - LL_DeviceAttribute23 not found: check if there is a RefParameter without a condition.
2025-08-15 12:55:19,333 [WARN] IP:2250 - DeviceAttribute3 not found: check if there is a RefParameter without a condition.
2025-08-15 12:55:19,333 [WARN] IP:2250 - Memorytype4 not found: check if there is a RefParameter without a condition.
2025-08-15 12:55:19,333 [WARN] IP:2250 - LL_DeviceAttribute24 not found: check if there is a RefParameter without a condition.
2025-08-15 12:55:19,334 [WARN] IP:2250 - DeviceAttribute4 not found: check if there is a RefParameter without a condition.
2025-08-15 12:55:19,334 [WARN] IP:2250 - Memorytype5 not found: check if there is a RefParameter without a condition.
2025-08-15 12:55:19,334 [WARN] IP:2250 - LL_DeviceAttribute25 not found: check if there is a RefParameter without a condition.
2025-08-15 12:55:19,334 [WARN] IP:2250 - DeviceAttribute5 not found: check if there is a RefParameter without a condition.
2025-08-15 12:55:19,334 [WARN] IP:2250 - Memorytype6 not found: check if there is a RefParameter without a condition.
2025-08-15 12:55:19,334 [WARN] IP:2250 - LL_DeviceAttribute26 not found: check if there is a RefParameter without a condition.
2025-08-15 12:55:19,334 [WARN] IP:2250 - DeviceAttribute6 not found: check if there is a RefParameter without a condition.
2025-08-15 12:55:19,334 [WARN] IP:2250 - Memorytype7 not found: check if there is a RefParameter without a condition.
2025-08-15 12:55:19,334 [WARN] IP:2250 - LL_DeviceAttribute27 not found: check if there is a RefParameter without a condition.
2025-08-15 12:55:19,334 [WARN] IP:2250 - DeviceAttribute7 not found: check if there is a RefParameter without a condition.
2025-08-15 12:55:19,375 [WARN] IP:2250 - DeviceAttribute0 not found: check if there is a RefParameter without a condition.
2025-08-15 12:55:19,376 [WARN] IP:2250 - Memorytype1 not found: check if there is a RefParameter without a condition.
2025-08-15 12:55:19,376 [WARN] IP:2250 - DeviceAttribute1 not found: check if there is a RefParameter without a condition.
2025-08-15 12:55:19,376 [WARN] IP:2250 - LL_DeviceAttribute21 not found: check if there is a RefParameter without a condition.
2025-08-15 12:55:19,376 [WARN] IP:2250 - Memorytype2 not found: check if there is a RefParameter without a condition.
2025-08-15 12:55:19,376 [WARN] IP:2250 - DeviceAttribute2 not found: check if there is a RefParameter without a condition.
2025-08-15 12:55:19,376 [WARN] IP:2250 - LL_DeviceAttribute22 not found: check if there is a RefParameter without a condition.
2025-08-15 12:55:19,376 [WARN] IP:2250 - Memorytype3 not found: check if there is a RefParameter without a condition.
2025-08-15 12:55:19,376 [WARN] IP:2250 - DeviceAttribute3 not found: check if there is a RefParameter without a condition.
2025-08-15 12:55:19,376 [WARN] IP:2250 - LL_DeviceAttribute23 not found: check if there is a RefParameter without a condition.
2025-08-15 12:55:19,376 [WARN] IP:2250 - Memorytype4 not found: check if there is a RefParameter without a condition.
2025-08-15 12:55:19,376 [WARN] IP:2250 - DeviceAttribute4 not found: check if there is a RefParameter without a condition.
2025-08-15 12:55:19,376 [WARN] IP:2250 - LL_DeviceAttribute24 not found: check if there is a RefParameter without a condition.
2025-08-15 12:55:19,376 [WARN] IP:2250 - Memorytype5 not found: check if there is a RefParameter without a condition.
2025-08-15 12:55:19,376 [WARN] IP:2250 - DeviceAttribute5 not found: check if there is a RefParameter without a condition.
2025-08-15 12:55:19,376 [WARN] IP:2250 - LL_DeviceAttribute25 not found: check if there is a RefParameter without a condition.
2025-08-15 12:55:19,376 [WARN] IP:2250 - Memorytype6 not found: check if there is a RefParameter without a condition.
2025-08-15 12:55:19,376 [WARN] IP:2250 - DeviceAttribute6 not found: check if there is a RefParameter without a condition.
2025-08-15 12:55:19,376 [WARN] IP:2250 - LL_DeviceAttribute26 not found: check if there is a RefParameter without a condition.
2025-08-15 12:55:19,376 [WARN] IP:2250 - Memorytype7 not found: check if there is a RefParameter without a condition.
2025-08-15 12:55:19,376 [WARN] IP:2250 - DeviceAttribute7 not found: check if there is a RefParameter without a condition.
2025-08-15 12:55:19,376 [WARN] IP:2250 - LL_DeviceAttribute27 not found: check if there is a RefParameter without a condition.
2025-08-15 12:55:19,539 [WARN] IP:2250 - RefParam_LRUN_SRC_memory not found: check if there is a RefParameter without a condition.
2025-08-15 12:55:19,539 [WARN] IP:2250 - RefParam_LRUN_SRC_offset not found: check if there is a RefParameter without a condition.
2025-08-15 12:55:19,539 [WARN] IP:2250 - RefParam_LRUN_SRC_size not found: check if there is a RefParameter without a condition.
2025-08-15 12:55:19,539 [WARN] IP:2250 - RefParam_LRUN_DEST_memory not found: check if there is a RefParameter without a condition.
2025-08-15 12:55:19,539 [WARN] IP:2250 - RefParam_LRUN_DEST_offset not found: check if there is a RefParameter without a condition.
2025-08-15 12:55:19,539 [WARN] IP:2250 - RefParam_MEMORY_1_Size not found: check if there is a RefParameter without a condition.
2025-08-15 12:55:19,539 [WARN] IP:2250 - RefParam_MEMORY_1_FreqMax not found: check if there is a RefParameter without a condition.
2025-08-15 12:55:19,539 [WARN] IP:2250 - RefParam_MEMORY_1_ReadReg not found: check if there is a RefParameter without a condition.
2025-08-15 12:55:19,539 [WARN] IP:2250 - RefParam_MEMORY_1_WriteReg not found: check if there is a RefParameter without a condition.
2025-08-15 12:55:19,539 [WARN] IP:2250 - RefParam_MEMORY_1_RegSize not found: check if there is a RefParameter without a condition.
2025-08-15 12:55:19,539 [WARN] IP:2250 - RefParam_MEMORY_1_RegDummyCycle not found: check if there is a RefParameter without a condition.
2025-08-15 12:55:19,539 [WARN] IP:2250 - RefParam_MEMORY_1_WriteCommand not found: check if there is a RefParameter without a condition.
2025-08-15 12:55:19,539 [WARN] IP:2250 - RefParam_MEMORY_1_WriteDummyCycle not found: check if there is a RefParameter without a condition.
2025-08-15 12:55:19,539 [WARN] IP:2250 - RefParam_MEMORY_1_ReadCommand not found: check if there is a RefParameter without a condition.
2025-08-15 12:55:19,539 [WARN] IP:2250 - RefParam_MEMORY_1_WrapReadCommand not found: check if there is a RefParameter without a condition.
2025-08-15 12:55:19,539 [WARN] IP:2250 - RefParam_MEMORY_1_ReadDummyCycle not found: check if there is a RefParameter without a condition.
2025-08-15 12:55:19,539 [WARN] IP:2250 - RefParam_MEMORY_1_NumberOfConfig not found: check if there is a RefParameter without a condition.
2025-08-15 12:55:19,539 [WARN] IP:2250 - RefParam_MEMORY_1_Config1_WriteMask not found: check if there is a RefParameter without a condition.
2025-08-15 12:55:19,539 [WARN] IP:2250 - RefParam_MEMORY_1_Config1_WriteValue not found: check if there is a RefParameter without a condition.
2025-08-15 12:55:19,539 [WARN] IP:2250 - RefParam_MEMORY_1_Config1_RegAddress not found: check if there is a RefParameter without a condition.
2025-08-15 12:55:19,539 [WARN] IP:2250 - RefParam_MEMORY_1_Config2_WriteMask not found: check if there is a RefParameter without a condition.
2025-08-15 12:55:19,539 [WARN] IP:2250 - RefParam_MEMORY_1_Config2_WriteValue not found: check if there is a RefParameter without a condition.
2025-08-15 12:55:19,539 [WARN] IP:2250 - RefParam_MEMORY_1_Config2_RegAddress not found: check if there is a RefParameter without a condition.
2025-08-15 12:55:19,539 [WARN] IP:2250 - RefParam_MEMORY_1_Config3_WriteMask not found: check if there is a RefParameter without a condition.
2025-08-15 12:55:19,539 [WARN] IP:2250 - RefParam_MEMORY_1_Config3_WriteValue not found: check if there is a RefParameter without a condition.
2025-08-15 12:55:19,539 [WARN] IP:2250 - RefParam_MEMORY_1_Config3_RegAddress not found: check if there is a RefParameter without a condition.
2025-08-15 12:55:19,539 [WARN] IP:2250 - RefParam_MEMORY_2_Instance not found: check if there is a RefParameter without a condition.
2025-08-15 12:55:19,539 [WARN] IP:2250 - RefParam_MEMORY_2_ConfigType not found: check if there is a RefParameter without a condition.
2025-08-15 12:55:19,539 [WARN] IP:2250 - RefParam_MEMORY_2_Size not found: check if there is a RefParameter without a condition.
2025-08-15 12:55:19,539 [WARN] IP:2250 - RefParam_MEMORY_2_FreqMax not found: check if there is a RefParameter without a condition.
2025-08-15 12:55:19,539 [WARN] IP:2250 - RefParam_MEMORY_2_ReadReg not found: check if there is a RefParameter without a condition.
2025-08-15 12:55:19,539 [WARN] IP:2250 - RefParam_MEMORY_2_WriteReg not found: check if there is a RefParameter without a condition.
2025-08-15 12:55:19,539 [WARN] IP:2250 - RefParam_MEMORY_2_RegSize not found: check if there is a RefParameter without a condition.
2025-08-15 12:55:19,539 [WARN] IP:2250 - RefParam_MEMORY_2_RegDummyCycle not found: check if there is a RefParameter without a condition.
2025-08-15 12:55:19,539 [WARN] IP:2250 - RefParam_MEMORY_2_WriteCommand not found: check if there is a RefParameter without a condition.
2025-08-15 12:55:19,539 [WARN] IP:2250 - RefParam_MEMORY_2_WriteDummyCycle not found: check if there is a RefParameter without a condition.
2025-08-15 12:55:19,539 [WARN] IP:2250 - RefParam_MEMORY_2_ReadCommand not found: check if there is a RefParameter without a condition.
2025-08-15 12:55:19,539 [WARN] IP:2250 - RefParam_MEMORY_2_WrapReadCommand not found: check if there is a RefParameter without a condition.
2025-08-15 12:55:19,539 [WARN] IP:2250 - RefParam_MEMORY_2_ReadDummyCycle not found: check if there is a RefParameter without a condition.
2025-08-15 12:55:19,539 [WARN] IP:2250 - RefParam_MEMORY_2_NumberOfConfig not found: check if there is a RefParameter without a condition.
2025-08-15 12:55:19,539 [WARN] IP:2250 - RefParam_MEMORY_2_Config1_WriteMask not found: check if there is a RefParameter without a condition.
2025-08-15 12:55:19,539 [WARN] IP:2250 - RefParam_MEMORY_2_Config1_WriteValue not found: check if there is a RefParameter without a condition.
2025-08-15 12:55:19,539 [WARN] IP:2250 - RefParam_MEMORY_2_Config1_RegAddress not found: check if there is a RefParameter without a condition.
2025-08-15 12:55:19,539 [WARN] IP:2250 - RefParam_MEMORY_2_Config2_WriteMask not found: check if there is a RefParameter without a condition.
2025-08-15 12:55:19,539 [WARN] IP:2250 - RefParam_MEMORY_2_Config2_WriteValue not found: check if there is a RefParameter without a condition.
2025-08-15 12:55:19,539 [WARN] IP:2250 - RefParam_MEMORY_2_Config2_RegAddress not found: check if there is a RefParameter without a condition.
2025-08-15 12:55:19,539 [WARN] IP:2250 - RefParam_MEMORY_2_Config3_WriteMask not found: check if there is a RefParameter without a condition.
2025-08-15 12:55:19,539 [WARN] IP:2250 - RefParam_MEMORY_2_Config3_WriteValue not found: check if there is a RefParameter without a condition.
2025-08-15 12:55:19,539 [WARN] IP:2250 - RefParam_MEMORY_2_Config3_RegAddress not found: check if there is a RefParameter without a condition.
2025-08-15 12:55:19,542 [WARN] IP:2250 - pwrPrivilege not found: check if there is a RefParameter without a condition.
2025-08-15 12:55:19,543 [WARN] IP:2250 - pwrPrivilege not found: check if there is a RefParameter without a condition.
2025-08-15 12:55:19,546 [WARN] IP:2250 - Memorytype0 not found: check if there is a RefParameter without a condition.
2025-08-15 12:55:19,546 [WARN] IP:2250 - LL_DeviceAttribute20 not found: check if there is a RefParameter without a condition.
2025-08-15 12:55:19,546 [WARN] IP:2250 - DeviceAttribute0 not found: check if there is a RefParameter without a condition.
2025-08-15 12:55:19,546 [WARN] IP:2250 - DeviceAttribute20 not found: check if there is a RefParameter without a condition.
2025-08-15 12:55:19,546 [WARN] IP:2250 - DeviceAttribute1 not found: check if there is a RefParameter without a condition.
2025-08-15 12:55:19,546 [WARN] IP:2250 - Memorytype2 not found: check if there is a RefParameter without a condition.
2025-08-15 12:55:19,546 [WARN] IP:2250 - LL_DeviceAttribute22 not found: check if there is a RefParameter without a condition.
2025-08-15 12:55:19,546 [WARN] IP:2250 - DeviceAttribute2 not found: check if there is a RefParameter without a condition.
2025-08-15 12:55:19,547 [WARN] IP:2250 - Memorytype3 not found: check if there is a RefParameter without a condition.
2025-08-15 12:55:19,547 [WARN] IP:2250 - LL_DeviceAttribute23 not found: check if there is a RefParameter without a condition.
2025-08-15 12:55:19,547 [WARN] IP:2250 - DeviceAttribute3 not found: check if there is a RefParameter without a condition.
2025-08-15 12:55:19,547 [WARN] IP:2250 - Memorytype4 not found: check if there is a RefParameter without a condition.
2025-08-15 12:55:19,547 [WARN] IP:2250 - LL_DeviceAttribute24 not found: check if there is a RefParameter without a condition.
2025-08-15 12:55:19,547 [WARN] IP:2250 - DeviceAttribute4 not found: check if there is a RefParameter without a condition.
2025-08-15 12:55:19,547 [WARN] IP:2250 - Memorytype5 not found: check if there is a RefParameter without a condition.
2025-08-15 12:55:19,547 [WARN] IP:2250 - LL_DeviceAttribute25 not found: check if there is a RefParameter without a condition.
2025-08-15 12:55:19,547 [WARN] IP:2250 - DeviceAttribute5 not found: check if there is a RefParameter without a condition.
2025-08-15 12:55:19,547 [WARN] IP:2250 - Memorytype6 not found: check if there is a RefParameter without a condition.
2025-08-15 12:55:19,547 [WARN] IP:2250 - LL_DeviceAttribute26 not found: check if there is a RefParameter without a condition.
2025-08-15 12:55:19,547 [WARN] IP:2250 - DeviceAttribute6 not found: check if there is a RefParameter without a condition.
2025-08-15 12:55:19,547 [WARN] IP:2250 - Memorytype7 not found: check if there is a RefParameter without a condition.
2025-08-15 12:55:19,547 [WARN] IP:2250 - LL_DeviceAttribute27 not found: check if there is a RefParameter without a condition.
2025-08-15 12:55:19,547 [WARN] IP:2250 - DeviceAttribute7 not found: check if there is a RefParameter without a condition.
2025-08-15 12:55:19,599 [WARN] IP:2250 - DeviceAttribute0 not found: check if there is a RefParameter without a condition.
2025-08-15 12:55:19,599 [WARN] IP:2250 - Memorytype1 not found: check if there is a RefParameter without a condition.
2025-08-15 12:55:19,599 [WARN] IP:2250 - DeviceAttribute1 not found: check if there is a RefParameter without a condition.
2025-08-15 12:55:19,599 [WARN] IP:2250 - LL_DeviceAttribute21 not found: check if there is a RefParameter without a condition.
2025-08-15 12:55:19,599 [WARN] IP:2250 - Memorytype2 not found: check if there is a RefParameter without a condition.
2025-08-15 12:55:19,599 [WARN] IP:2250 - DeviceAttribute2 not found: check if there is a RefParameter without a condition.
2025-08-15 12:55:19,599 [WARN] IP:2250 - LL_DeviceAttribute22 not found: check if there is a RefParameter without a condition.
2025-08-15 12:55:19,599 [WARN] IP:2250 - Memorytype3 not found: check if there is a RefParameter without a condition.
2025-08-15 12:55:19,599 [WARN] IP:2250 - DeviceAttribute3 not found: check if there is a RefParameter without a condition.
2025-08-15 12:55:19,600 [WARN] IP:2250 - LL_DeviceAttribute23 not found: check if there is a RefParameter without a condition.
2025-08-15 12:55:19,600 [WARN] IP:2250 - Memorytype4 not found: check if there is a RefParameter without a condition.
2025-08-15 12:55:19,600 [WARN] IP:2250 - DeviceAttribute4 not found: check if there is a RefParameter without a condition.
2025-08-15 12:55:19,600 [WARN] IP:2250 - LL_DeviceAttribute24 not found: check if there is a RefParameter without a condition.
2025-08-15 12:55:19,600 [WARN] IP:2250 - Memorytype5 not found: check if there is a RefParameter without a condition.
2025-08-15 12:55:19,600 [WARN] IP:2250 - DeviceAttribute5 not found: check if there is a RefParameter without a condition.
2025-08-15 12:55:19,600 [WARN] IP:2250 - LL_DeviceAttribute25 not found: check if there is a RefParameter without a condition.
2025-08-15 12:55:19,600 [WARN] IP:2250 - Memorytype6 not found: check if there is a RefParameter without a condition.
2025-08-15 12:55:19,600 [WARN] IP:2250 - DeviceAttribute6 not found: check if there is a RefParameter without a condition.
2025-08-15 12:55:19,600 [WARN] IP:2250 - LL_DeviceAttribute26 not found: check if there is a RefParameter without a condition.
2025-08-15 12:55:19,600 [WARN] IP:2250 - Memorytype7 not found: check if there is a RefParameter without a condition.
2025-08-15 12:55:19,600 [WARN] IP:2250 - DeviceAttribute7 not found: check if there is a RefParameter without a condition.
2025-08-15 12:55:19,600 [WARN] IP:2250 - LL_DeviceAttribute27 not found: check if there is a RefParameter without a condition.
2025-08-15 12:55:19,763 [INFO] NvicIntPanel:101 - NVIC parent = com.st.microxplorer.plugins.ip.nvic.MultiNvicIntPanel[,0,0,0x0,invalid,layout=javax.swing.BoxLayout,alignmentX=0.0,alignmentY=0.0,border=,flags=9,maximumSize=,minimumSize=,preferredSize=]
2025-08-15 12:55:19,815 [WARN] IP:2250 - RefParam_LRUN_SRC_memory not found: check if there is a RefParameter without a condition.
2025-08-15 12:55:19,815 [WARN] IP:2250 - RefParam_LRUN_SRC_offset not found: check if there is a RefParameter without a condition.
2025-08-15 12:55:19,815 [WARN] IP:2250 - RefParam_LRUN_SRC_size not found: check if there is a RefParameter without a condition.
2025-08-15 12:55:19,816 [WARN] IP:2250 - RefParam_LRUN_DEST_memory not found: check if there is a RefParameter without a condition.
2025-08-15 12:55:19,816 [WARN] IP:2250 - RefParam_LRUN_DEST_offset not found: check if there is a RefParameter without a condition.
2025-08-15 12:55:19,816 [WARN] IP:2250 - RefParam_MEMORY_1_Size not found: check if there is a RefParameter without a condition.
2025-08-15 12:55:19,816 [WARN] IP:2250 - RefParam_MEMORY_1_FreqMax not found: check if there is a RefParameter without a condition.
2025-08-15 12:55:19,816 [WARN] IP:2250 - RefParam_MEMORY_1_ReadReg not found: check if there is a RefParameter without a condition.
2025-08-15 12:55:19,816 [WARN] IP:2250 - RefParam_MEMORY_1_WriteReg not found: check if there is a RefParameter without a condition.
2025-08-15 12:55:19,816 [WARN] IP:2250 - RefParam_MEMORY_1_RegSize not found: check if there is a RefParameter without a condition.
2025-08-15 12:55:19,816 [WARN] IP:2250 - RefParam_MEMORY_1_RegDummyCycle not found: check if there is a RefParameter without a condition.
2025-08-15 12:55:19,816 [WARN] IP:2250 - RefParam_MEMORY_1_WriteCommand not found: check if there is a RefParameter without a condition.
2025-08-15 12:55:19,816 [WARN] IP:2250 - RefParam_MEMORY_1_WriteDummyCycle not found: check if there is a RefParameter without a condition.
2025-08-15 12:55:19,816 [WARN] IP:2250 - RefParam_MEMORY_1_ReadCommand not found: check if there is a RefParameter without a condition.
2025-08-15 12:55:19,816 [WARN] IP:2250 - RefParam_MEMORY_1_WrapReadCommand not found: check if there is a RefParameter without a condition.
2025-08-15 12:55:19,816 [WARN] IP:2250 - RefParam_MEMORY_1_ReadDummyCycle not found: check if there is a RefParameter without a condition.
2025-08-15 12:55:19,816 [WARN] IP:2250 - RefParam_MEMORY_1_NumberOfConfig not found: check if there is a RefParameter without a condition.
2025-08-15 12:55:19,816 [WARN] IP:2250 - RefParam_MEMORY_1_Config1_WriteMask not found: check if there is a RefParameter without a condition.
2025-08-15 12:55:19,816 [WARN] IP:2250 - RefParam_MEMORY_1_Config1_WriteValue not found: check if there is a RefParameter without a condition.
2025-08-15 12:55:19,816 [WARN] IP:2250 - RefParam_MEMORY_1_Config1_RegAddress not found: check if there is a RefParameter without a condition.
2025-08-15 12:55:19,816 [WARN] IP:2250 - RefParam_MEMORY_1_Config2_WriteMask not found: check if there is a RefParameter without a condition.
2025-08-15 12:55:19,816 [WARN] IP:2250 - RefParam_MEMORY_1_Config2_WriteValue not found: check if there is a RefParameter without a condition.
2025-08-15 12:55:19,816 [WARN] IP:2250 - RefParam_MEMORY_1_Config2_RegAddress not found: check if there is a RefParameter without a condition.
2025-08-15 12:55:19,816 [WARN] IP:2250 - RefParam_MEMORY_1_Config3_WriteMask not found: check if there is a RefParameter without a condition.
2025-08-15 12:55:19,816 [WARN] IP:2250 - RefParam_MEMORY_1_Config3_WriteValue not found: check if there is a RefParameter without a condition.
2025-08-15 12:55:19,816 [WARN] IP:2250 - RefParam_MEMORY_1_Config3_RegAddress not found: check if there is a RefParameter without a condition.
2025-08-15 12:55:19,816 [WARN] IP:2250 - RefParam_MEMORY_2_Instance not found: check if there is a RefParameter without a condition.
2025-08-15 12:55:19,816 [WARN] IP:2250 - RefParam_MEMORY_2_ConfigType not found: check if there is a RefParameter without a condition.
2025-08-15 12:55:19,816 [WARN] IP:2250 - RefParam_MEMORY_2_Size not found: check if there is a RefParameter without a condition.
2025-08-15 12:55:19,816 [WARN] IP:2250 - RefParam_MEMORY_2_FreqMax not found: check if there is a RefParameter without a condition.
2025-08-15 12:55:19,816 [WARN] IP:2250 - RefParam_MEMORY_2_ReadReg not found: check if there is a RefParameter without a condition.
2025-08-15 12:55:19,816 [WARN] IP:2250 - RefParam_MEMORY_2_WriteReg not found: check if there is a RefParameter without a condition.
2025-08-15 12:55:19,816 [WARN] IP:2250 - RefParam_MEMORY_2_RegSize not found: check if there is a RefParameter without a condition.
2025-08-15 12:55:19,816 [WARN] IP:2250 - RefParam_MEMORY_2_RegDummyCycle not found: check if there is a RefParameter without a condition.
2025-08-15 12:55:19,816 [WARN] IP:2250 - RefParam_MEMORY_2_WriteCommand not found: check if there is a RefParameter without a condition.
2025-08-15 12:55:19,816 [WARN] IP:2250 - RefParam_MEMORY_2_WriteDummyCycle not found: check if there is a RefParameter without a condition.
2025-08-15 12:55:19,816 [WARN] IP:2250 - RefParam_MEMORY_2_ReadCommand not found: check if there is a RefParameter without a condition.
2025-08-15 12:55:19,816 [WARN] IP:2250 - RefParam_MEMORY_2_WrapReadCommand not found: check if there is a RefParameter without a condition.
2025-08-15 12:55:19,816 [WARN] IP:2250 - RefParam_MEMORY_2_ReadDummyCycle not found: check if there is a RefParameter without a condition.
2025-08-15 12:55:19,816 [WARN] IP:2250 - RefParam_MEMORY_2_NumberOfConfig not found: check if there is a RefParameter without a condition.
2025-08-15 12:55:19,816 [WARN] IP:2250 - RefParam_MEMORY_2_Config1_WriteMask not found: check if there is a RefParameter without a condition.
2025-08-15 12:55:19,816 [WARN] IP:2250 - RefParam_MEMORY_2_Config1_WriteValue not found: check if there is a RefParameter without a condition.
2025-08-15 12:55:19,816 [WARN] IP:2250 - RefParam_MEMORY_2_Config1_RegAddress not found: check if there is a RefParameter without a condition.
2025-08-15 12:55:19,816 [WARN] IP:2250 - RefParam_MEMORY_2_Config2_WriteMask not found: check if there is a RefParameter without a condition.
2025-08-15 12:55:19,816 [WARN] IP:2250 - RefParam_MEMORY_2_Config2_WriteValue not found: check if there is a RefParameter without a condition.
2025-08-15 12:55:19,816 [WARN] IP:2250 - RefParam_MEMORY_2_Config2_RegAddress not found: check if there is a RefParameter without a condition.
2025-08-15 12:55:19,816 [WARN] IP:2250 - RefParam_MEMORY_2_Config3_WriteMask not found: check if there is a RefParameter without a condition.
2025-08-15 12:55:19,816 [WARN] IP:2250 - RefParam_MEMORY_2_Config3_WriteValue not found: check if there is a RefParameter without a condition.
2025-08-15 12:55:19,816 [WARN] IP:2250 - RefParam_MEMORY_2_Config3_RegAddress not found: check if there is a RefParameter without a condition.
2025-08-15 12:55:19,820 [WARN] IP:2250 - pwrPrivilege not found: check if there is a RefParameter without a condition.
2025-08-15 12:55:19,820 [WARN] IP:2250 - pwrPrivilege not found: check if there is a RefParameter without a condition.
2025-08-15 12:55:19,824 [WARN] IP:2250 - Memorytype0 not found: check if there is a RefParameter without a condition.
2025-08-15 12:55:19,824 [WARN] IP:2250 - LL_DeviceAttribute20 not found: check if there is a RefParameter without a condition.
2025-08-15 12:55:19,824 [WARN] IP:2250 - DeviceAttribute0 not found: check if there is a RefParameter without a condition.
2025-08-15 12:55:19,824 [WARN] IP:2250 - DeviceAttribute20 not found: check if there is a RefParameter without a condition.
2025-08-15 12:55:19,824 [WARN] IP:2250 - DeviceAttribute1 not found: check if there is a RefParameter without a condition.
2025-08-15 12:55:19,824 [WARN] IP:2250 - Memorytype2 not found: check if there is a RefParameter without a condition.
2025-08-15 12:55:19,824 [WARN] IP:2250 - LL_DeviceAttribute22 not found: check if there is a RefParameter without a condition.
2025-08-15 12:55:19,824 [WARN] IP:2250 - DeviceAttribute2 not found: check if there is a RefParameter without a condition.
2025-08-15 12:55:19,824 [WARN] IP:2250 - Memorytype3 not found: check if there is a RefParameter without a condition.
2025-08-15 12:55:19,825 [WARN] IP:2250 - LL_DeviceAttribute23 not found: check if there is a RefParameter without a condition.
2025-08-15 12:55:19,825 [WARN] IP:2250 - DeviceAttribute3 not found: check if there is a RefParameter without a condition.
2025-08-15 12:55:19,825 [WARN] IP:2250 - Memorytype4 not found: check if there is a RefParameter without a condition.
2025-08-15 12:55:19,825 [WARN] IP:2250 - LL_DeviceAttribute24 not found: check if there is a RefParameter without a condition.
2025-08-15 12:55:19,825 [WARN] IP:2250 - DeviceAttribute4 not found: check if there is a RefParameter without a condition.
2025-08-15 12:55:19,825 [WARN] IP:2250 - Memorytype5 not found: check if there is a RefParameter without a condition.
2025-08-15 12:55:19,825 [WARN] IP:2250 - LL_DeviceAttribute25 not found: check if there is a RefParameter without a condition.
2025-08-15 12:55:19,825 [WARN] IP:2250 - DeviceAttribute5 not found: check if there is a RefParameter without a condition.
2025-08-15 12:55:19,825 [WARN] IP:2250 - Memorytype6 not found: check if there is a RefParameter without a condition.
2025-08-15 12:55:19,825 [WARN] IP:2250 - LL_DeviceAttribute26 not found: check if there is a RefParameter without a condition.
2025-08-15 12:55:19,825 [WARN] IP:2250 - DeviceAttribute6 not found: check if there is a RefParameter without a condition.
2025-08-15 12:55:19,825 [WARN] IP:2250 - Memorytype7 not found: check if there is a RefParameter without a condition.
2025-08-15 12:55:19,825 [WARN] IP:2250 - LL_DeviceAttribute27 not found: check if there is a RefParameter without a condition.
2025-08-15 12:55:19,825 [WARN] IP:2250 - DeviceAttribute7 not found: check if there is a RefParameter without a condition.
2025-08-15 12:55:19,866 [WARN] IP:2250 - DeviceAttribute0 not found: check if there is a RefParameter without a condition.
2025-08-15 12:55:19,866 [WARN] IP:2250 - Memorytype1 not found: check if there is a RefParameter without a condition.
2025-08-15 12:55:19,866 [WARN] IP:2250 - DeviceAttribute1 not found: check if there is a RefParameter without a condition.
2025-08-15 12:55:19,866 [WARN] IP:2250 - LL_DeviceAttribute21 not found: check if there is a RefParameter without a condition.
2025-08-15 12:55:19,866 [WARN] IP:2250 - Memorytype2 not found: check if there is a RefParameter without a condition.
2025-08-15 12:55:19,866 [WARN] IP:2250 - DeviceAttribute2 not found: check if there is a RefParameter without a condition.
2025-08-15 12:55:19,866 [WARN] IP:2250 - LL_DeviceAttribute22 not found: check if there is a RefParameter without a condition.
2025-08-15 12:55:19,866 [WARN] IP:2250 - Memorytype3 not found: check if there is a RefParameter without a condition.
2025-08-15 12:55:19,866 [WARN] IP:2250 - DeviceAttribute3 not found: check if there is a RefParameter without a condition.
2025-08-15 12:55:19,866 [WARN] IP:2250 - LL_DeviceAttribute23 not found: check if there is a RefParameter without a condition.
2025-08-15 12:55:19,866 [WARN] IP:2250 - Memorytype4 not found: check if there is a RefParameter without a condition.
2025-08-15 12:55:19,866 [WARN] IP:2250 - DeviceAttribute4 not found: check if there is a RefParameter without a condition.
2025-08-15 12:55:19,866 [WARN] IP:2250 - LL_DeviceAttribute24 not found: check if there is a RefParameter without a condition.
2025-08-15 12:55:19,866 [WARN] IP:2250 - Memorytype5 not found: check if there is a RefParameter without a condition.
2025-08-15 12:55:19,866 [WARN] IP:2250 - DeviceAttribute5 not found: check if there is a RefParameter without a condition.
2025-08-15 12:55:19,866 [WARN] IP:2250 - LL_DeviceAttribute25 not found: check if there is a RefParameter without a condition.
2025-08-15 12:55:19,866 [WARN] IP:2250 - Memorytype6 not found: check if there is a RefParameter without a condition.
2025-08-15 12:55:19,866 [WARN] IP:2250 - DeviceAttribute6 not found: check if there is a RefParameter without a condition.
2025-08-15 12:55:19,866 [WARN] IP:2250 - LL_DeviceAttribute26 not found: check if there is a RefParameter without a condition.
2025-08-15 12:55:19,866 [WARN] IP:2250 - Memorytype7 not found: check if there is a RefParameter without a condition.
2025-08-15 12:55:19,866 [WARN] IP:2250 - DeviceAttribute7 not found: check if there is a RefParameter without a condition.
2025-08-15 12:55:19,867 [WARN] IP:2250 - LL_DeviceAttribute27 not found: check if there is a RefParameter without a condition.
2025-08-15 12:55:19,971 [INFO] NvicIntPanel:101 - NVIC parent = com.st.microxplorer.plugins.ip.nvic.MultiNvicIntPanel[,0,0,0x0,invalid,layout=javax.swing.BoxLayout,alignmentX=0.0,alignmentY=0.0,border=,flags=9,maximumSize=,minimumSize=,preferredSize=]
2025-08-15 12:55:37,031 [INFO] NvicIntPanel:101 - NVIC parent = com.st.microxplorer.plugins.ip.nvic.MultiNvicIntPanel[,0,0,0x0,invalid,layout=javax.swing.BoxLayout,alignmentX=0.0,alignmentY=0.0,border=,flags=9,maximumSize=,minimumSize=,preferredSize=]
2025-08-15 12:55:38,512 [INFO] NvicIntPanel:101 - NVIC parent = com.st.microxplorer.plugins.ip.nvic.MultiNvicIntPanel[,0,0,0x0,invalid,layout=javax.swing.BoxLayout,alignmentX=0.0,alignmentY=0.0,border=,flags=9,maximumSize=,minimumSize=,preferredSize=]
2025-08-15 12:55:48,987 [INFO] NvicIntPanel:101 - NVIC parent = com.st.microxplorer.plugins.ip.nvic.MultiNvicIntPanel[,0,0,0x0,invalid,layout=javax.swing.BoxLayout,alignmentX=0.0,alignmentY=0.0,border=,flags=9,maximumSize=,minimumSize=,preferredSize=]
2025-08-15 12:56:45,263 [INFO] WebApp:194 - Connection lost
2025-08-15 12:56:45,608 [INFO] WebApp:191 - Connection restablished
