2025-09-03 09:03:49,762 [INFO] WebApp:191 - Connection restablished
2025-09-03 09:48:31,261 [WARN] IP:2250 - RefParam_XIP_memory not found: check if there is a RefParameter without a condition.
2025-09-03 09:48:31,262 [WARN] IP:2250 - RefParam_MEMORY_1_Size not found: check if there is a RefParameter without a condition.
2025-09-03 09:48:31,262 [WARN] IP:2250 - RefParam_MEMORY_1_FreqMax not found: check if there is a RefParameter without a condition.
2025-09-03 09:48:31,262 [WARN] IP:2250 - RefParam_MEMORY_1_ReadReg not found: check if there is a RefParameter without a condition.
2025-09-03 09:48:31,263 [WARN] IP:2250 - RefParam_MEMORY_1_WriteReg not found: check if there is a RefParameter without a condition.
2025-09-03 09:48:31,263 [WARN] IP:2250 - RefParam_MEMORY_1_RegSize not found: check if there is a RefParameter without a condition.
2025-09-03 09:48:31,263 [WARN] IP:2250 - RefParam_MEMORY_1_RegDummyCycle not found: check if there is a RefParameter without a condition.
2025-09-03 09:48:31,263 [WARN] IP:2250 - RefParam_MEMORY_1_WriteCommand not found: check if there is a RefParameter without a condition.
2025-09-03 09:48:31,263 [WARN] IP:2250 - RefParam_MEMORY_1_WriteDummyCycle not found: check if there is a RefParameter without a condition.
2025-09-03 09:48:31,263 [WARN] IP:2250 - RefParam_MEMORY_1_ReadCommand not found: check if there is a RefParameter without a condition.
2025-09-03 09:48:31,263 [WARN] IP:2250 - RefParam_MEMORY_1_WrapReadCommand not found: check if there is a RefParameter without a condition.
2025-09-03 09:48:31,264 [WARN] IP:2250 - RefParam_MEMORY_1_ReadDummyCycle not found: check if there is a RefParameter without a condition.
2025-09-03 09:48:31,265 [WARN] IP:2250 - RefParam_MEMORY_1_NumberOfConfig not found: check if there is a RefParameter without a condition.
2025-09-03 09:48:31,265 [WARN] IP:2250 - RefParam_MEMORY_1_Config1_WriteMask not found: check if there is a RefParameter without a condition.
2025-09-03 09:48:31,265 [WARN] IP:2250 - RefParam_MEMORY_1_Config1_WriteValue not found: check if there is a RefParameter without a condition.
2025-09-03 09:48:31,265 [WARN] IP:2250 - RefParam_MEMORY_1_Config1_RegAddress not found: check if there is a RefParameter without a condition.
2025-09-03 09:48:31,266 [WARN] IP:2250 - RefParam_MEMORY_1_Config2_WriteMask not found: check if there is a RefParameter without a condition.
2025-09-03 09:48:31,266 [WARN] IP:2250 - RefParam_MEMORY_1_Config2_WriteValue not found: check if there is a RefParameter without a condition.
2025-09-03 09:48:31,266 [WARN] IP:2250 - RefParam_MEMORY_1_Config2_RegAddress not found: check if there is a RefParameter without a condition.
2025-09-03 09:48:31,266 [WARN] IP:2250 - RefParam_MEMORY_1_Config3_WriteMask not found: check if there is a RefParameter without a condition.
2025-09-03 09:48:31,266 [WARN] IP:2250 - RefParam_MEMORY_1_Config3_WriteValue not found: check if there is a RefParameter without a condition.
2025-09-03 09:48:31,266 [WARN] IP:2250 - RefParam_MEMORY_1_Config3_RegAddress not found: check if there is a RefParameter without a condition.
2025-09-03 09:48:31,266 [WARN] IP:2250 - RefParam_MEMORY_2_Instance not found: check if there is a RefParameter without a condition.
2025-09-03 09:48:31,266 [WARN] IP:2250 - RefParam_MEMORY_2_ConfigType not found: check if there is a RefParameter without a condition.
2025-09-03 09:48:31,266 [WARN] IP:2250 - RefParam_MEMORY_2_Size not found: check if there is a RefParameter without a condition.
2025-09-03 09:48:31,266 [WARN] IP:2250 - RefParam_MEMORY_2_FreqMax not found: check if there is a RefParameter without a condition.
2025-09-03 09:48:31,266 [WARN] IP:2250 - RefParam_MEMORY_2_ReadReg not found: check if there is a RefParameter without a condition.
2025-09-03 09:48:31,267 [WARN] IP:2250 - RefParam_MEMORY_2_WriteReg not found: check if there is a RefParameter without a condition.
2025-09-03 09:48:31,267 [WARN] IP:2250 - RefParam_MEMORY_2_RegSize not found: check if there is a RefParameter without a condition.
2025-09-03 09:48:31,267 [WARN] IP:2250 - RefParam_MEMORY_2_RegDummyCycle not found: check if there is a RefParameter without a condition.
2025-09-03 09:48:31,267 [WARN] IP:2250 - RefParam_MEMORY_2_WriteCommand not found: check if there is a RefParameter without a condition.
2025-09-03 09:48:31,267 [WARN] IP:2250 - RefParam_MEMORY_2_WriteDummyCycle not found: check if there is a RefParameter without a condition.
2025-09-03 09:48:31,267 [WARN] IP:2250 - RefParam_MEMORY_2_ReadCommand not found: check if there is a RefParameter without a condition.
2025-09-03 09:48:31,267 [WARN] IP:2250 - RefParam_MEMORY_2_WrapReadCommand not found: check if there is a RefParameter without a condition.
2025-09-03 09:48:31,267 [WARN] IP:2250 - RefParam_MEMORY_2_ReadDummyCycle not found: check if there is a RefParameter without a condition.
2025-09-03 09:48:31,267 [WARN] IP:2250 - RefParam_MEMORY_2_NumberOfConfig not found: check if there is a RefParameter without a condition.
2025-09-03 09:48:31,267 [WARN] IP:2250 - RefParam_MEMORY_2_Config1_WriteMask not found: check if there is a RefParameter without a condition.
2025-09-03 09:48:31,267 [WARN] IP:2250 - RefParam_MEMORY_2_Config1_WriteValue not found: check if there is a RefParameter without a condition.
2025-09-03 09:48:31,267 [WARN] IP:2250 - RefParam_MEMORY_2_Config1_RegAddress not found: check if there is a RefParameter without a condition.
2025-09-03 09:48:31,268 [WARN] IP:2250 - RefParam_MEMORY_2_Config2_WriteMask not found: check if there is a RefParameter without a condition.
2025-09-03 09:48:31,268 [WARN] IP:2250 - RefParam_MEMORY_2_Config2_WriteValue not found: check if there is a RefParameter without a condition.
2025-09-03 09:48:31,268 [WARN] IP:2250 - RefParam_MEMORY_2_Config2_RegAddress not found: check if there is a RefParameter without a condition.
2025-09-03 09:48:31,268 [WARN] IP:2250 - RefParam_MEMORY_2_Config3_WriteMask not found: check if there is a RefParameter without a condition.
2025-09-03 09:48:31,268 [WARN] IP:2250 - RefParam_MEMORY_2_Config3_WriteValue not found: check if there is a RefParameter without a condition.
2025-09-03 09:48:31,268 [WARN] IP:2250 - RefParam_MEMORY_2_Config3_RegAddress not found: check if there is a RefParameter without a condition.
2025-09-03 09:48:31,623 [INFO] NvicIntPanel:101 - NVIC parent = com.st.microxplorer.plugins.ip.nvic.MultiNvicIntPanel[,0,0,0x0,invalid,layout=javax.swing.BoxLayout,alignmentX=0.0,alignmentY=0.0,border=,flags=9,maximumSize=,minimumSize=,preferredSize=]
2025-09-03 09:48:31,987 [WARN] IP:2250 - RefParam_XIP_memory not found: check if there is a RefParameter without a condition.
2025-09-03 09:48:31,988 [WARN] IP:2250 - RefParam_MEMORY_1_Size not found: check if there is a RefParameter without a condition.
2025-09-03 09:48:31,988 [WARN] IP:2250 - RefParam_MEMORY_1_FreqMax not found: check if there is a RefParameter without a condition.
2025-09-03 09:48:31,988 [WARN] IP:2250 - RefParam_MEMORY_1_ReadReg not found: check if there is a RefParameter without a condition.
2025-09-03 09:48:31,988 [WARN] IP:2250 - RefParam_MEMORY_1_WriteReg not found: check if there is a RefParameter without a condition.
2025-09-03 09:48:31,988 [WARN] IP:2250 - RefParam_MEMORY_1_RegSize not found: check if there is a RefParameter without a condition.
2025-09-03 09:48:31,988 [WARN] IP:2250 - RefParam_MEMORY_1_RegDummyCycle not found: check if there is a RefParameter without a condition.
2025-09-03 09:48:31,988 [WARN] IP:2250 - RefParam_MEMORY_1_WriteCommand not found: check if there is a RefParameter without a condition.
2025-09-03 09:48:31,988 [WARN] IP:2250 - RefParam_MEMORY_1_WriteDummyCycle not found: check if there is a RefParameter without a condition.
2025-09-03 09:48:31,988 [WARN] IP:2250 - RefParam_MEMORY_1_ReadCommand not found: check if there is a RefParameter without a condition.
2025-09-03 09:48:31,988 [WARN] IP:2250 - RefParam_MEMORY_1_WrapReadCommand not found: check if there is a RefParameter without a condition.
2025-09-03 09:48:31,988 [WARN] IP:2250 - RefParam_MEMORY_1_ReadDummyCycle not found: check if there is a RefParameter without a condition.
2025-09-03 09:48:31,988 [WARN] IP:2250 - RefParam_MEMORY_1_NumberOfConfig not found: check if there is a RefParameter without a condition.
2025-09-03 09:48:31,988 [WARN] IP:2250 - RefParam_MEMORY_1_Config1_WriteMask not found: check if there is a RefParameter without a condition.
2025-09-03 09:48:31,988 [WARN] IP:2250 - RefParam_MEMORY_1_Config1_WriteValue not found: check if there is a RefParameter without a condition.
2025-09-03 09:48:31,988 [WARN] IP:2250 - RefParam_MEMORY_1_Config1_RegAddress not found: check if there is a RefParameter without a condition.
2025-09-03 09:48:31,988 [WARN] IP:2250 - RefParam_MEMORY_1_Config2_WriteMask not found: check if there is a RefParameter without a condition.
2025-09-03 09:48:31,988 [WARN] IP:2250 - RefParam_MEMORY_1_Config2_WriteValue not found: check if there is a RefParameter without a condition.
2025-09-03 09:48:31,988 [WARN] IP:2250 - RefParam_MEMORY_1_Config2_RegAddress not found: check if there is a RefParameter without a condition.
2025-09-03 09:48:31,988 [WARN] IP:2250 - RefParam_MEMORY_1_Config3_WriteMask not found: check if there is a RefParameter without a condition.
2025-09-03 09:48:31,988 [WARN] IP:2250 - RefParam_MEMORY_1_Config3_WriteValue not found: check if there is a RefParameter without a condition.
2025-09-03 09:48:31,988 [WARN] IP:2250 - RefParam_MEMORY_1_Config3_RegAddress not found: check if there is a RefParameter without a condition.
2025-09-03 09:48:31,988 [WARN] IP:2250 - RefParam_MEMORY_2_Instance not found: check if there is a RefParameter without a condition.
2025-09-03 09:48:31,988 [WARN] IP:2250 - RefParam_MEMORY_2_ConfigType not found: check if there is a RefParameter without a condition.
2025-09-03 09:48:31,988 [WARN] IP:2250 - RefParam_MEMORY_2_Size not found: check if there is a RefParameter without a condition.
2025-09-03 09:48:31,988 [WARN] IP:2250 - RefParam_MEMORY_2_FreqMax not found: check if there is a RefParameter without a condition.
2025-09-03 09:48:31,988 [WARN] IP:2250 - RefParam_MEMORY_2_ReadReg not found: check if there is a RefParameter without a condition.
2025-09-03 09:48:31,988 [WARN] IP:2250 - RefParam_MEMORY_2_WriteReg not found: check if there is a RefParameter without a condition.
2025-09-03 09:48:31,988 [WARN] IP:2250 - RefParam_MEMORY_2_RegSize not found: check if there is a RefParameter without a condition.
2025-09-03 09:48:31,988 [WARN] IP:2250 - RefParam_MEMORY_2_RegDummyCycle not found: check if there is a RefParameter without a condition.
2025-09-03 09:48:31,988 [WARN] IP:2250 - RefParam_MEMORY_2_WriteCommand not found: check if there is a RefParameter without a condition.
2025-09-03 09:48:31,988 [WARN] IP:2250 - RefParam_MEMORY_2_WriteDummyCycle not found: check if there is a RefParameter without a condition.
2025-09-03 09:48:31,988 [WARN] IP:2250 - RefParam_MEMORY_2_ReadCommand not found: check if there is a RefParameter without a condition.
2025-09-03 09:48:31,988 [WARN] IP:2250 - RefParam_MEMORY_2_WrapReadCommand not found: check if there is a RefParameter without a condition.
2025-09-03 09:48:31,988 [WARN] IP:2250 - RefParam_MEMORY_2_ReadDummyCycle not found: check if there is a RefParameter without a condition.
2025-09-03 09:48:31,988 [WARN] IP:2250 - RefParam_MEMORY_2_NumberOfConfig not found: check if there is a RefParameter without a condition.
2025-09-03 09:48:31,988 [WARN] IP:2250 - RefParam_MEMORY_2_Config1_WriteMask not found: check if there is a RefParameter without a condition.
2025-09-03 09:48:31,988 [WARN] IP:2250 - RefParam_MEMORY_2_Config1_WriteValue not found: check if there is a RefParameter without a condition.
2025-09-03 09:48:31,988 [WARN] IP:2250 - RefParam_MEMORY_2_Config1_RegAddress not found: check if there is a RefParameter without a condition.
2025-09-03 09:48:31,988 [WARN] IP:2250 - RefParam_MEMORY_2_Config2_WriteMask not found: check if there is a RefParameter without a condition.
2025-09-03 09:48:31,988 [WARN] IP:2250 - RefParam_MEMORY_2_Config2_WriteValue not found: check if there is a RefParameter without a condition.
2025-09-03 09:48:31,988 [WARN] IP:2250 - RefParam_MEMORY_2_Config2_RegAddress not found: check if there is a RefParameter without a condition.
2025-09-03 09:48:31,988 [WARN] IP:2250 - RefParam_MEMORY_2_Config3_WriteMask not found: check if there is a RefParameter without a condition.
2025-09-03 09:48:31,989 [WARN] IP:2250 - RefParam_MEMORY_2_Config3_WriteValue not found: check if there is a RefParameter without a condition.
2025-09-03 09:48:31,989 [WARN] IP:2250 - RefParam_MEMORY_2_Config3_RegAddress not found: check if there is a RefParameter without a condition.
2025-09-03 09:48:32,271 [INFO] NvicIntPanel:101 - NVIC parent = com.st.microxplorer.plugins.ip.nvic.MultiNvicIntPanel[,0,0,0x0,invalid,layout=javax.swing.BoxLayout,alignmentX=0.0,alignmentY=0.0,border=,flags=9,maximumSize=,minimumSize=,preferredSize=]
2025-09-03 09:48:32,690 [WARN] IP:2250 - RefParam_XIP_memory not found: check if there is a RefParameter without a condition.
2025-09-03 09:48:32,690 [WARN] IP:2250 - RefParam_MEMORY_1_Size not found: check if there is a RefParameter without a condition.
2025-09-03 09:48:32,690 [WARN] IP:2250 - RefParam_MEMORY_1_FreqMax not found: check if there is a RefParameter without a condition.
2025-09-03 09:48:32,690 [WARN] IP:2250 - RefParam_MEMORY_1_ReadReg not found: check if there is a RefParameter without a condition.
2025-09-03 09:48:32,690 [WARN] IP:2250 - RefParam_MEMORY_1_WriteReg not found: check if there is a RefParameter without a condition.
2025-09-03 09:48:32,691 [WARN] IP:2250 - RefParam_MEMORY_1_RegSize not found: check if there is a RefParameter without a condition.
2025-09-03 09:48:32,691 [WARN] IP:2250 - RefParam_MEMORY_1_RegDummyCycle not found: check if there is a RefParameter without a condition.
2025-09-03 09:48:32,691 [WARN] IP:2250 - RefParam_MEMORY_1_WriteCommand not found: check if there is a RefParameter without a condition.
2025-09-03 09:48:32,691 [WARN] IP:2250 - RefParam_MEMORY_1_WriteDummyCycle not found: check if there is a RefParameter without a condition.
2025-09-03 09:48:32,691 [WARN] IP:2250 - RefParam_MEMORY_1_ReadCommand not found: check if there is a RefParameter without a condition.
2025-09-03 09:48:32,691 [WARN] IP:2250 - RefParam_MEMORY_1_WrapReadCommand not found: check if there is a RefParameter without a condition.
2025-09-03 09:48:32,691 [WARN] IP:2250 - RefParam_MEMORY_1_ReadDummyCycle not found: check if there is a RefParameter without a condition.
2025-09-03 09:48:32,691 [WARN] IP:2250 - RefParam_MEMORY_1_NumberOfConfig not found: check if there is a RefParameter without a condition.
2025-09-03 09:48:32,691 [WARN] IP:2250 - RefParam_MEMORY_1_Config1_WriteMask not found: check if there is a RefParameter without a condition.
2025-09-03 09:48:32,691 [WARN] IP:2250 - RefParam_MEMORY_1_Config1_WriteValue not found: check if there is a RefParameter without a condition.
2025-09-03 09:48:32,691 [WARN] IP:2250 - RefParam_MEMORY_1_Config1_RegAddress not found: check if there is a RefParameter without a condition.
2025-09-03 09:48:32,691 [WARN] IP:2250 - RefParam_MEMORY_1_Config2_WriteMask not found: check if there is a RefParameter without a condition.
2025-09-03 09:48:32,691 [WARN] IP:2250 - RefParam_MEMORY_1_Config2_WriteValue not found: check if there is a RefParameter without a condition.
2025-09-03 09:48:32,691 [WARN] IP:2250 - RefParam_MEMORY_1_Config2_RegAddress not found: check if there is a RefParameter without a condition.
2025-09-03 09:48:32,691 [WARN] IP:2250 - RefParam_MEMORY_1_Config3_WriteMask not found: check if there is a RefParameter without a condition.
2025-09-03 09:48:32,691 [WARN] IP:2250 - RefParam_MEMORY_1_Config3_WriteValue not found: check if there is a RefParameter without a condition.
2025-09-03 09:48:32,691 [WARN] IP:2250 - RefParam_MEMORY_1_Config3_RegAddress not found: check if there is a RefParameter without a condition.
2025-09-03 09:48:32,691 [WARN] IP:2250 - RefParam_MEMORY_2_Instance not found: check if there is a RefParameter without a condition.
2025-09-03 09:48:32,691 [WARN] IP:2250 - RefParam_MEMORY_2_ConfigType not found: check if there is a RefParameter without a condition.
2025-09-03 09:48:32,692 [WARN] IP:2250 - RefParam_MEMORY_2_Size not found: check if there is a RefParameter without a condition.
2025-09-03 09:48:32,692 [WARN] IP:2250 - RefParam_MEMORY_2_FreqMax not found: check if there is a RefParameter without a condition.
2025-09-03 09:48:32,692 [WARN] IP:2250 - RefParam_MEMORY_2_ReadReg not found: check if there is a RefParameter without a condition.
2025-09-03 09:48:32,692 [WARN] IP:2250 - RefParam_MEMORY_2_WriteReg not found: check if there is a RefParameter without a condition.
2025-09-03 09:48:32,692 [WARN] IP:2250 - RefParam_MEMORY_2_RegSize not found: check if there is a RefParameter without a condition.
2025-09-03 09:48:32,692 [WARN] IP:2250 - RefParam_MEMORY_2_RegDummyCycle not found: check if there is a RefParameter without a condition.
2025-09-03 09:48:32,692 [WARN] IP:2250 - RefParam_MEMORY_2_WriteCommand not found: check if there is a RefParameter without a condition.
2025-09-03 09:48:32,692 [WARN] IP:2250 - RefParam_MEMORY_2_WriteDummyCycle not found: check if there is a RefParameter without a condition.
2025-09-03 09:48:32,692 [WARN] IP:2250 - RefParam_MEMORY_2_ReadCommand not found: check if there is a RefParameter without a condition.
2025-09-03 09:48:32,692 [WARN] IP:2250 - RefParam_MEMORY_2_WrapReadCommand not found: check if there is a RefParameter without a condition.
2025-09-03 09:48:32,692 [WARN] IP:2250 - RefParam_MEMORY_2_ReadDummyCycle not found: check if there is a RefParameter without a condition.
2025-09-03 09:48:32,692 [WARN] IP:2250 - RefParam_MEMORY_2_NumberOfConfig not found: check if there is a RefParameter without a condition.
2025-09-03 09:48:32,692 [WARN] IP:2250 - RefParam_MEMORY_2_Config1_WriteMask not found: check if there is a RefParameter without a condition.
2025-09-03 09:48:32,692 [WARN] IP:2250 - RefParam_MEMORY_2_Config1_WriteValue not found: check if there is a RefParameter without a condition.
2025-09-03 09:48:32,692 [WARN] IP:2250 - RefParam_MEMORY_2_Config1_RegAddress not found: check if there is a RefParameter without a condition.
2025-09-03 09:48:32,692 [WARN] IP:2250 - RefParam_MEMORY_2_Config2_WriteMask not found: check if there is a RefParameter without a condition.
2025-09-03 09:48:32,693 [WARN] IP:2250 - RefParam_MEMORY_2_Config2_WriteValue not found: check if there is a RefParameter without a condition.
2025-09-03 09:48:32,693 [WARN] IP:2250 - RefParam_MEMORY_2_Config2_RegAddress not found: check if there is a RefParameter without a condition.
2025-09-03 09:48:32,693 [WARN] IP:2250 - RefParam_MEMORY_2_Config3_WriteMask not found: check if there is a RefParameter without a condition.
2025-09-03 09:48:32,693 [WARN] IP:2250 - RefParam_MEMORY_2_Config3_WriteValue not found: check if there is a RefParameter without a condition.
2025-09-03 09:48:32,693 [WARN] IP:2250 - RefParam_MEMORY_2_Config3_RegAddress not found: check if there is a RefParameter without a condition.
2025-09-03 09:49:40,139 [INFO] UtilMem:75 - End SaveConfig() Used Memory: 786574520 Bytes (1073741824)
2025-09-03 09:49:41,129 [ERROR] IocParser:95 - Exception caught: null
2025-09-03 09:49:41,888 [INFO] UtilMem:75 - End SaveConfig() Used Memory: 891958456 Bytes (1073741824)
2025-09-03 09:49:44,066 [INFO] UtilMem:75 - End SaveConfig() Used Memory: 887400584 Bytes (1073741824)
2025-09-03 09:49:44,689 [ERROR] IocParser:95 - Exception caught: null
2025-09-03 09:49:44,876 [INFO] ProjectBuilder:2395 - IP not ready for code generation: STMicroelectronics.X-CUBE-AI.10.2.0_Appli
2025-09-03 09:49:59,709 [INFO] AI:955 - getUI adding AI com.st.microxplorer.plugins.ip.ai.AI@7167237b on STMicroelectronics.X-CUBE-AI.10.2.0_Appli
2025-09-03 09:50:09,450 [INFO] AIModelDetailledView:2380 - Analysis status: -
2025-09-03 09:50:57,072 [INFO] AInterface:259 - ModelName:network; files:[C:\Users\ZOJOLDRI\OneDrive - Carl Zeiss AG\Dokumente\Zeiss\SMT\Bachelor\Model Workspace\AB Encoder Model--02.09.2025\AB_Encoder_Synthetic_Data\lstm_ab_encoder.h5]; type:Keras; compression:None
2025-09-03 09:50:57,073 [INFO] AInterface:526 - workspaceTempDir: C:/Users/ZOJOLDRI/AppData/Local/Temp/mxAI_workspace11201041448031993499642737037137227
2025-09-03 09:50:57,073 [INFO] AInterface:1176 - Setting Env: C:/Users/ZOJOLDRI/STM32Cube/Repository/Packs/STMicroelectronics/X-CUBE-AI/10.2.0/Utilities/windows
2025-09-03 09:50:57,085 [INFO] STM32CubeIDEBuilder:265 - Looking for gnu-tools-for-stm32 tools/bin/arm-none-eabi-gcc.exe in C:\ST\STM32CubeIDE_1.19.0\STM32CubeIDE
2025-09-03 09:50:57,097 [INFO] STM32CubeIDEBuilder:294 - checking C:\ST\STM32CubeIDE_1.19.0\STM32CubeIDE\plugins\com.st.stm32cube.ide.mcu.externaltools.gnu-tools-for-stm32.13.3.rel1.win32_1.0.0.202411081344\tools\bin\arm-none-eabi-gcc.exe
2025-09-03 09:50:57,098 [INFO] STM32CubeIDEBuilder:297 - ret=C:\ST\STM32CubeIDE_1.19.0\STM32CubeIDE\plugins\com.st.stm32cube.ide.mcu.externaltools.gnu-tools-for-stm32.13.3.rel1.win32_1.0.0.202411081344\tools\bin\arm-none-eabi-gcc.exe
2025-09-03 09:50:57,098 [INFO] STM32CubeIDEBuilder:311 - returning C:\ST\STM32CubeIDE_1.19.0\STM32CubeIDE\plugins\com.st.stm32cube.ide.mcu.externaltools.gnu-tools-for-stm32.13.3.rel1.win32_1.0.0.202411081344\tools\bin\arm-none-eabi-gcc.exe
2025-09-03 09:50:57,099 [INFO] AInterface:1233 - Custom PATH variable: C:/Users/ZOJOLDRI/STM32Cube/Repository/Packs/STMicroelectronics/X-CUBE-AI/10.2.0/Utilities/windows;C:/Users/ZOJOLDRI/STM32Cube/Repository/Packs/STMicroelectronics/X-CUBE-AI/10.2.0/Utilities/windows/mingw64/bin;C:/Users/ZOJOLDRI/STM32Cube/Repository/Packs/STMicroelectronics/X-CUBE-AI/10.2.0/Utilities/windows/mingw64/libexec/gcc/x86_64-w64-mingw32/7.3.0;;C:\ST\STM32CubeIDE_1.19.0\STM32CubeIDE\plugins\com.st.stm32cube.ide.mcu.externaltools.gnu-tools-for-stm32.13.3.rel1.win32_1.0.0.202411081344\tools\bin
2025-09-03 09:50:57,102 [INFO] CmdLine:115 - Command: C:/Users/ZOJOLDRI/STM32Cube/Repository/Packs/STMicroelectronics/X-CUBE-AI/10.2.0/Utilities/windows/stedgeai.exe analyze --target stm32n6 --name network -m C:/Users/ZOJOLDRI/OneDrive - Carl Zeiss AG/Dokumente/Zeiss/SMT/Bachelor/Model Workspace/AB Encoder Model--02.09.2025/AB_Encoder_Synthetic_Data/lstm_ab_encoder.h5 --compression none --verbosity 1 --workspace C:/Users/ZOJOLDRI/AppData/Local/Temp/mxAI_workspace11201041448031993499642737037137227 --output C:/Users/ZOJOLDRI/.stm32cubemx/network_output
2025-09-03 09:50:57,109 [INFO] AIModelDetailledView:2380 - Analysis status: pending
2025-09-03 09:51:02,606 [INFO] CmdLine:76 - ST Edge AI Core v2.2.0-20266 2adc00962
2025-09-03 09:51:54,222 [INFO] CmdLine:76 - Creating c (debug) info json file C:\Users\ZOJOLDRI\.stm32cubemx\network_output\network_c_info.json
2025-09-03 09:51:54,261 [INFO] CmdLine:76 -  
2025-09-03 09:51:54,261 [INFO] CmdLine:76 -  Exec/report summary (analyze)
2025-09-03 09:51:54,261 [INFO] CmdLine:76 -  -------------------------------------------------------------------------------------------------------------------------------------------------------------------------------------------
2025-09-03 09:51:54,262 [INFO] CmdLine:76 -  model file         :   C:\Users\ZOJOLDRI\OneDrive - Carl Zeiss AG\Dokumente\Zeiss\SMT\Bachelor\Model Workspace\AB Encoder Model--02.09.2025\AB_Encoder_Synthetic_Data\lstm_ab_encoder.h5   
2025-09-03 09:51:54,262 [INFO] CmdLine:76 -  type               :   keras                                                                                                                                                               
2025-09-03 09:51:54,263 [INFO] CmdLine:76 -  c_name             :   network                                                                                                                                                             
2025-09-03 09:51:54,263 [INFO] CmdLine:76 -  compression        :   none                                                                                                                                                                
2025-09-03 09:51:54,263 [INFO] CmdLine:76 -  options            :   allocate-inputs, allocate-outputs                                                                                                                                   
2025-09-03 09:51:54,264 [INFO] CmdLine:76 -  optimization       :   balanced                                                                                                                                                            
2025-09-03 09:51:54,264 [INFO] CmdLine:76 -  target/series      :   stm32n6                                                                                                                                                             
2025-09-03 09:51:54,264 [INFO] CmdLine:76 -  workspace dir      :   C:\Users\ZOJOLDRI\AppData\Local\Temp\mxAI_workspace11201041448031993499642737037137227                                                                              
2025-09-03 09:51:54,264 [INFO] CmdLine:76 -  output dir         :   C:\Users\ZOJOLDRI\.stm32cubemx\network_output                                                                                                                       
2025-09-03 09:51:54,264 [INFO] CmdLine:76 -  model_fmt          :   float                                                                                                                                                               
2025-09-03 09:51:54,264 [INFO] CmdLine:76 -  model_name         :   lstm_ab_encoder                                                                                                                                                     
2025-09-03 09:51:54,264 [INFO] CmdLine:76 -  model_hash         :   0xb9e6d1f2f93291781e52f63e3d49d785                                                                                                                                  
2025-09-03 09:51:54,264 [INFO] CmdLine:76 -  params #           :   6,083 items (23.76 KiB)                                                                                                                                             
2025-09-03 09:51:54,265 [INFO] CmdLine:76 -  -------------------------------------------------------------------------------------------------------------------------------------------------------------------------------------------
2025-09-03 09:51:54,265 [INFO] CmdLine:76 -  input 1/1          :   'input_0', f32(1x20x10), 800 Bytes, activations                                                                                                                     
2025-09-03 09:51:54,265 [INFO] CmdLine:76 -  output 1/1         :   'output', f32(1x3), 12 Bytes, activations                                                                                                                           
2025-09-03 09:51:54,265 [INFO] CmdLine:76 -  macc               :   111,360                                                                                                                                                             
2025-09-03 09:51:54,265 [INFO] CmdLine:76 -  weights (ro)       :   24,716 B (24.14 KiB) (1 segment) / +384(+1.6%) vs float model                                                                                                       
2025-09-03 09:51:54,265 [INFO] CmdLine:76 -  activations (rw)   :   1,824 B (1.78 KiB) (1 segment) *                                                                                                                                    
2025-09-03 09:51:54,265 [INFO] CmdLine:76 -  ram (total)        :   1,824 B (1.78 KiB) = 1,824 + 0 + 0                                                                                                                                  
2025-09-03 09:51:54,266 [INFO] CmdLine:76 -  -------------------------------------------------------------------------------------------------------------------------------------------------------------------------------------------
2025-09-03 09:51:54,266 [INFO] CmdLine:76 -  (*) 'input'/'output' buffers are allocated in the activations buffer
2025-09-03 09:51:54,266 [INFO] CmdLine:76 - Computing AI RT data/code size (target=stm32n6)..
2025-09-03 09:52:00,512 [INFO] CmdLine:76 -  Model name - lstm_ab_encoder
2025-09-03 09:52:00,513 [INFO] CmdLine:76 -  ------ ----------------------- ----------------- -------------- --------- ---------------
2025-09-03 09:52:00,513 [INFO] CmdLine:76 -  m_id   layer (original)        oshape            param/size          macc    connected to
2025-09-03 09:52:00,514 [INFO] CmdLine:76 -  ------ ----------------------- ----------------- -------------- --------- ---------------
2025-09-03 09:52:00,514 [INFO] CmdLine:76 -  0      input_0 (None)          [b:1,h:20,c:10]
2025-09-03 09:52:00,514 [INFO] CmdLine:76 -         lstm_1 (LSTM)           [b:1,c:32]        5,504/22,016     110,720         input_0
2025-09-03 09:52:00,514 [INFO] CmdLine:76 -  ------ ----------------------- ----------------- -------------- --------- ---------------
2025-09-03 09:52:00,514 [INFO] CmdLine:76 -  2      dense_1_dense (Dense)   [b:1,c:16]        528/2,112            528          lstm_1
2025-09-03 09:52:00,514 [INFO] CmdLine:76 -         dense_1 (Dense)         [b:1,c:16]                              16   dense_1_dense
2025-09-03 09:52:00,515 [INFO] CmdLine:76 -  ------ ----------------------- ----------------- -------------- --------- ---------------
2025-09-03 09:52:00,515 [INFO] CmdLine:76 -  4      output_dense (Dense)    [b:1,c:3]         51/204                51         dense_1
2025-09-03 09:52:00,515 [INFO] CmdLine:76 -         output (Dense)          [b:1,c:3]                               45    output_dense
2025-09-03 09:52:00,515 [INFO] CmdLine:76 -  ------ ----------------------- ----------------- -------------- --------- ---------------
2025-09-03 09:52:00,515 [INFO] CmdLine:76 -  model: macc=111,360 weights=24,332 activations=-- io=--
2025-09-03 09:52:00,515 [INFO] CmdLine:76 -  Number of operations per c-layer
2025-09-03 09:52:00,515 [INFO] CmdLine:76 -  ------- ------ ------------------------ --------- --------------
2025-09-03 09:52:00,515 [INFO] CmdLine:76 -  c_id    m_id   name (type)                    #op           type
2025-09-03 09:52:00,516 [INFO] CmdLine:76 -  ------- ------ ------------------------ --------- --------------
2025-09-03 09:52:00,516 [INFO] CmdLine:76 -  0       0      lstm_1 (LSTM)              110,720   smul_f32_f32
2025-09-03 09:52:00,516 [INFO] CmdLine:76 -  1       2      dense_1_dense (Dense)          528   smul_f32_f32
2025-09-03 09:52:00,516 [INFO] CmdLine:76 -  2       2      dense_1 (Nonlinearity)          16     op_f32_f32
2025-09-03 09:52:00,516 [INFO] CmdLine:76 -  3       4      output_dense (Dense)            51   smul_f32_f32
2025-09-03 09:52:00,516 [INFO] CmdLine:76 -  4       4      output (Nonlinearity)           45     op_f32_f32
2025-09-03 09:52:00,516 [INFO] CmdLine:76 -  ------- ------ ------------------------ --------- --------------
2025-09-03 09:52:00,516 [INFO] CmdLine:76 -  total                                     111,360
2025-09-03 09:52:00,516 [INFO] CmdLine:76 -  Number of operation types
2025-09-03 09:52:00,516 [INFO] CmdLine:76 -  ---------------- --------- -----------
2025-09-03 09:52:00,516 [INFO] CmdLine:76 -  operation type           #           %
2025-09-03 09:52:00,516 [INFO] CmdLine:76 -  ---------------- --------- -----------
2025-09-03 09:52:00,516 [INFO] CmdLine:76 -  smul_f32_f32       111,299       99.9%
2025-09-03 09:52:00,517 [INFO] CmdLine:76 -  op_f32_f32              61        0.1%
2025-09-03 09:52:00,517 [INFO] CmdLine:76 -  Complexity report (model)
2025-09-03 09:52:00,517 [INFO] CmdLine:76 -  ------ --------------- ------------------------- ------------------------- --------
2025-09-03 09:52:00,517 [INFO] CmdLine:76 -  m_id   name            c_macc                    c_rom                     c_id
2025-09-03 09:52:00,517 [INFO] CmdLine:76 -  ------ --------------- ------------------------- ------------------------- --------
2025-09-03 09:52:00,517 [INFO] CmdLine:76 -  0      input_0         ||||||||||||||||  99.4%   ||||||||||||||||  90.6%   [0]
2025-09-03 09:52:00,517 [INFO] CmdLine:76 -  2      dense_1_dense   |                  0.5%   ||                 8.5%   [1, 2]
2025-09-03 09:52:00,517 [INFO] CmdLine:76 -  4      output_dense    |                  0.1%   |                  0.8%   [3, 4]
2025-09-03 09:52:00,518 [INFO] CmdLine:76 -  ------ --------------- ------------------------- ------------------------- --------
2025-09-03 09:52:00,520 [INFO] CmdLine:76 -  macc=111,360 weights=24,716 act=1,824 ram_io=0
2025-09-03 09:52:00,521 [INFO] CmdLine:76 -  Requested memory size by section - "stm32n6" target
2025-09-03 09:52:00,521 [INFO] CmdLine:76 -  ------------------------------- -------- -------- ------- -------
2025-09-03 09:52:00,521 [INFO] CmdLine:76 -  module                              text   rodata    data     bss
2025-09-03 09:52:00,521 [INFO] CmdLine:76 -  ------------------------------- -------- -------- ------- -------
2025-09-03 09:52:00,521 [INFO] CmdLine:76 -  NetworkRuntime1020_CM55_GCC.a     15,800       32       0       0
2025-09-03 09:52:00,521 [INFO] CmdLine:76 -  network.o                            592       40   1,888     136
2025-09-03 09:52:00,522 [INFO] CmdLine:76 -  network_data.o                        48       16      88       0
2025-09-03 09:52:00,522 [INFO] CmdLine:76 -  lib (toolchain)*                   1,132      340       0       0
2025-09-03 09:52:00,522 [INFO] CmdLine:76 -  ------------------------------- -------- -------- ------- -------
2025-09-03 09:52:00,522 [INFO] CmdLine:76 -  RT total**                        17,572      428   1,976     136
2025-09-03 09:52:00,522 [INFO] CmdLine:76 -  ------------------------------- -------- -------- ------- -------
2025-09-03 09:52:00,522 [INFO] CmdLine:76 -  weights                                0   24,720       0       0
2025-09-03 09:52:00,522 [INFO] CmdLine:76 -  activations                            0        0       0   1,824
2025-09-03 09:52:00,522 [INFO] CmdLine:76 -  io                                     0        0       0       0
2025-09-03 09:52:00,522 [INFO] CmdLine:76 -  ------------------------------- -------- -------- ------- -------
2025-09-03 09:52:00,522 [INFO] CmdLine:76 -  TOTAL                             17,572   25,148   1,976   1,960
2025-09-03 09:52:00,522 [INFO] CmdLine:76 -  ------------------------------- -------- -------- ------- -------
2025-09-03 09:52:00,522 [INFO] CmdLine:76 -  *  toolchain objects (libm/libgcc*)
2025-09-03 09:52:00,523 [INFO] CmdLine:76 -  ** RT AI runtime objects (kernels+infrastructure)
2025-09-03 09:52:00,523 [INFO] CmdLine:76 -   Summary - "stm32n6" target
2025-09-03 09:52:00,523 [INFO] CmdLine:76 -   ---------------------------------------------------
2025-09-03 09:52:00,523 [INFO] CmdLine:76 -                FLASH (ro)      %*   RAM (rw)       %
2025-09-03 09:52:00,523 [INFO] CmdLine:76 -   ---------------------------------------------------
2025-09-03 09:52:00,523 [INFO] CmdLine:76 -   RT total         19,976   44.7%      2,112   53.7%
2025-09-03 09:52:00,523 [INFO] CmdLine:76 -   ---------------------------------------------------
2025-09-03 09:52:00,523 [INFO] CmdLine:76 -   TOTAL            44,696              3,936
2025-09-03 09:52:00,523 [INFO] CmdLine:76 -   ---------------------------------------------------
2025-09-03 09:52:00,523 [INFO] CmdLine:76 -   *  rt/total
2025-09-03 09:52:00,523 [INFO] CmdLine:76 - Creating txt report file C:\Users\ZOJOLDRI\.stm32cubemx\network_output\network_analyze_report.txt
2025-09-03 09:52:03,513 [INFO] CmdLine:76 - elapsed time (analyze): 60.907s
2025-09-03 09:52:03,960 [INFO] CmdLine:148 - stedgeai exit with status: 0
2025-09-03 09:52:03,974 [INFO] AIModelDetailledView:1184 - Model file:      lstm_ab_encoder.h5
2025-09-03 09:52:03,975 [INFO] AIModelDetailledView:1184 - Total Flash:     44692 B (43.64 KiB)
2025-09-03 09:52:03,975 [INFO] AIModelDetailledView:1184 -     Weights:     24716 B (24.14 KiB)
2025-09-03 09:52:03,975 [INFO] AIModelDetailledView:1184 -     Library:     19976 B (19.51 KiB)
2025-09-03 09:52:03,976 [INFO] AIModelDetailledView:1184 - Total Ram:       3936 B (3.84 KiB)
2025-09-03 09:52:03,976 [INFO] AIModelDetailledView:1184 -     Activations: 1824 B (1.78 KiB)
2025-09-03 09:52:03,976 [INFO] AIModelDetailledView:1184 -     Library:     2112 B (2.06 KiB)
2025-09-03 09:52:03,976 [INFO] AIModelDetailledView:1184 -     Input:       800 B (included in Activations)
2025-09-03 09:52:03,976 [INFO] AIModelDetailledView:1184 -     Output:      12 B (included in Activations)
2025-09-03 09:52:03,976 [INFO] AIModelDetailledView:1184 - Done
2025-09-03 09:52:03,976 [INFO] AIModelDetailledView:2715 - Analyze complete on AI model
2025-09-03 09:52:03,978 [INFO] AIModelDetailledView:2380 - Analysis status: done
2025-09-03 09:52:50,104 [INFO] UtilMem:75 - End SaveConfig() Used Memory: 683121624 Bytes (1073741824)
2025-09-03 09:52:51,015 [ERROR] IocParser:95 - Exception caught: null
2025-09-03 09:52:51,314 [INFO] UtilMem:75 - End SaveConfig() Used Memory: 660503840 Bytes (1073741824)
2025-09-03 09:52:53,458 [INFO] UtilMem:75 - End SaveConfig() Used Memory: 733367240 Bytes (1073741824)
2025-09-03 09:52:54,143 [ERROR] IocParser:95 - Exception caught: null
2025-09-03 09:52:54,293 [INFO] BlockDiagram:2775 - set Specific Code input for plugin: EXTMEM_MANAGER
2025-09-03 09:52:54,293 [INFO] BlockDiagram:2775 - set Specific Code input for plugin: RAMCFG
2025-09-03 09:52:54,293 [INFO] BlockDiagram:2775 - set Specific Code input for plugin: RCC
2025-09-03 09:52:54,293 [INFO] BlockDiagram:2775 - set Specific Code input for plugin: CORTEX_M55_FSBL
2025-09-03 09:52:54,293 [INFO] BlockDiagram:2775 - set Specific Code input for plugin: XSPIM
2025-09-03 09:52:54,293 [INFO] BlockDiagram:2775 - set Specific Code input for plugin: STMicroelectronics.X-CUBE-AI.10.2.0
2025-09-03 09:52:54,293 [INFO] BlockDiagram:2775 - set Specific Code input for plugin: XSPI
2025-09-03 09:52:54,293 [INFO] BlockDiagram:2775 - set Specific Code input for plugin: NUCLEO-N657X0-Q
2025-09-03 09:52:54,293 [INFO] BlockDiagram:2775 - set Specific Code input for plugin: TIM1_8N6
2025-09-03 09:52:54,293 [INFO] BlockDiagram:2775 - set Specific Code input for plugin: CACHEAXI
2025-09-03 09:52:54,293 [INFO] BlockDiagram:2775 - set Specific Code input for plugin: BSEC
2025-09-03 09:52:54,293 [INFO] BlockDiagram:2775 - set Specific Code input for plugin: LPUART
2025-09-03 09:52:54,293 [INFO] BlockDiagram:2775 - set Specific Code input for plugin: NVIC
2025-09-03 09:52:54,293 [INFO] BlockDiagram:2775 - set Specific Code input for plugin: GPIO
2025-09-03 09:52:54,293 [INFO] BlockDiagram:2775 - set Specific Code input for plugin: RIF
2025-09-03 09:52:54,293 [INFO] BlockDiagram:2775 - set Specific Code input for plugin: NVIC1
2025-09-03 09:52:54,296 [INFO] CodeGenerator:892 - code generatio: config db path: C:\ST\STM32CubeIDE_1.19.0\STM32CubeIDE\plugins\com.st.stm32cube.common.mx_6.15.0.202507011659\\db\
2025-09-03 09:52:54,306 [WARN] IP:2250 - RefParam_XIP_memory not found: check if there is a RefParameter without a condition.
2025-09-03 09:52:54,306 [WARN] IP:2250 - RefParam_MEMORY_1_Size not found: check if there is a RefParameter without a condition.
2025-09-03 09:52:54,306 [WARN] IP:2250 - RefParam_MEMORY_1_FreqMax not found: check if there is a RefParameter without a condition.
2025-09-03 09:52:54,306 [WARN] IP:2250 - RefParam_MEMORY_1_ReadReg not found: check if there is a RefParameter without a condition.
2025-09-03 09:52:54,306 [WARN] IP:2250 - RefParam_MEMORY_1_WriteReg not found: check if there is a RefParameter without a condition.
2025-09-03 09:52:54,306 [WARN] IP:2250 - RefParam_MEMORY_1_RegSize not found: check if there is a RefParameter without a condition.
2025-09-03 09:52:54,306 [WARN] IP:2250 - RefParam_MEMORY_1_RegDummyCycle not found: check if there is a RefParameter without a condition.
2025-09-03 09:52:54,306 [WARN] IP:2250 - RefParam_MEMORY_1_WriteCommand not found: check if there is a RefParameter without a condition.
2025-09-03 09:52:54,306 [WARN] IP:2250 - RefParam_MEMORY_1_WriteDummyCycle not found: check if there is a RefParameter without a condition.
2025-09-03 09:52:54,306 [WARN] IP:2250 - RefParam_MEMORY_1_ReadCommand not found: check if there is a RefParameter without a condition.
2025-09-03 09:52:54,306 [WARN] IP:2250 - RefParam_MEMORY_1_WrapReadCommand not found: check if there is a RefParameter without a condition.
2025-09-03 09:52:54,306 [WARN] IP:2250 - RefParam_MEMORY_1_ReadDummyCycle not found: check if there is a RefParameter without a condition.
2025-09-03 09:52:54,306 [WARN] IP:2250 - RefParam_MEMORY_1_NumberOfConfig not found: check if there is a RefParameter without a condition.
2025-09-03 09:52:54,306 [WARN] IP:2250 - RefParam_MEMORY_1_Config1_WriteMask not found: check if there is a RefParameter without a condition.
2025-09-03 09:52:54,306 [WARN] IP:2250 - RefParam_MEMORY_1_Config1_WriteValue not found: check if there is a RefParameter without a condition.
2025-09-03 09:52:54,306 [WARN] IP:2250 - RefParam_MEMORY_1_Config1_RegAddress not found: check if there is a RefParameter without a condition.
2025-09-03 09:52:54,306 [WARN] IP:2250 - RefParam_MEMORY_1_Config2_WriteMask not found: check if there is a RefParameter without a condition.
2025-09-03 09:52:54,306 [WARN] IP:2250 - RefParam_MEMORY_1_Config2_WriteValue not found: check if there is a RefParameter without a condition.
2025-09-03 09:52:54,306 [WARN] IP:2250 - RefParam_MEMORY_1_Config2_RegAddress not found: check if there is a RefParameter without a condition.
2025-09-03 09:52:54,306 [WARN] IP:2250 - RefParam_MEMORY_1_Config3_WriteMask not found: check if there is a RefParameter without a condition.
2025-09-03 09:52:54,306 [WARN] IP:2250 - RefParam_MEMORY_1_Config3_WriteValue not found: check if there is a RefParameter without a condition.
2025-09-03 09:52:54,306 [WARN] IP:2250 - RefParam_MEMORY_1_Config3_RegAddress not found: check if there is a RefParameter without a condition.
2025-09-03 09:52:54,307 [WARN] IP:2250 - RefParam_MEMORY_2_Instance not found: check if there is a RefParameter without a condition.
2025-09-03 09:52:54,307 [WARN] IP:2250 - RefParam_MEMORY_2_ConfigType not found: check if there is a RefParameter without a condition.
2025-09-03 09:52:54,307 [WARN] IP:2250 - RefParam_MEMORY_2_Size not found: check if there is a RefParameter without a condition.
2025-09-03 09:52:54,307 [WARN] IP:2250 - RefParam_MEMORY_2_FreqMax not found: check if there is a RefParameter without a condition.
2025-09-03 09:52:54,307 [WARN] IP:2250 - RefParam_MEMORY_2_ReadReg not found: check if there is a RefParameter without a condition.
2025-09-03 09:52:54,307 [WARN] IP:2250 - RefParam_MEMORY_2_WriteReg not found: check if there is a RefParameter without a condition.
2025-09-03 09:52:54,307 [WARN] IP:2250 - RefParam_MEMORY_2_RegSize not found: check if there is a RefParameter without a condition.
2025-09-03 09:52:54,307 [WARN] IP:2250 - RefParam_MEMORY_2_RegDummyCycle not found: check if there is a RefParameter without a condition.
2025-09-03 09:52:54,307 [WARN] IP:2250 - RefParam_MEMORY_2_WriteCommand not found: check if there is a RefParameter without a condition.
2025-09-03 09:52:54,307 [WARN] IP:2250 - RefParam_MEMORY_2_WriteDummyCycle not found: check if there is a RefParameter without a condition.
2025-09-03 09:52:54,307 [WARN] IP:2250 - RefParam_MEMORY_2_ReadCommand not found: check if there is a RefParameter without a condition.
2025-09-03 09:52:54,307 [WARN] IP:2250 - RefParam_MEMORY_2_WrapReadCommand not found: check if there is a RefParameter without a condition.
2025-09-03 09:52:54,307 [WARN] IP:2250 - RefParam_MEMORY_2_ReadDummyCycle not found: check if there is a RefParameter without a condition.
2025-09-03 09:52:54,307 [WARN] IP:2250 - RefParam_MEMORY_2_NumberOfConfig not found: check if there is a RefParameter without a condition.
2025-09-03 09:52:54,307 [WARN] IP:2250 - RefParam_MEMORY_2_Config1_WriteMask not found: check if there is a RefParameter without a condition.
2025-09-03 09:52:54,307 [WARN] IP:2250 - RefParam_MEMORY_2_Config1_WriteValue not found: check if there is a RefParameter without a condition.
2025-09-03 09:52:54,307 [WARN] IP:2250 - RefParam_MEMORY_2_Config1_RegAddress not found: check if there is a RefParameter without a condition.
2025-09-03 09:52:54,307 [WARN] IP:2250 - RefParam_MEMORY_2_Config2_WriteMask not found: check if there is a RefParameter without a condition.
2025-09-03 09:52:54,307 [WARN] IP:2250 - RefParam_MEMORY_2_Config2_WriteValue not found: check if there is a RefParameter without a condition.
2025-09-03 09:52:54,307 [WARN] IP:2250 - RefParam_MEMORY_2_Config2_RegAddress not found: check if there is a RefParameter without a condition.
2025-09-03 09:52:54,307 [WARN] IP:2250 - RefParam_MEMORY_2_Config3_WriteMask not found: check if there is a RefParameter without a condition.
2025-09-03 09:52:54,307 [WARN] IP:2250 - RefParam_MEMORY_2_Config3_WriteValue not found: check if there is a RefParameter without a condition.
2025-09-03 09:52:54,307 [WARN] IP:2250 - RefParam_MEMORY_2_Config3_RegAddress not found: check if there is a RefParameter without a condition.
2025-09-03 09:52:54,400 [INFO] Middleware:1452 - No code input for Bsp Dependency
2025-09-03 09:52:54,403 [INFO] Middleware:1452 - No code input for Bsp Dependency
2025-09-03 09:52:54,405 [INFO] Middleware:1452 - No code input for Bsp Dependency
2025-09-03 09:52:54,407 [INFO] Middleware:1452 - No code input for Bsp Dependency
2025-09-03 09:52:54,408 [INFO] Middleware:1452 - No code input for Bsp Dependency
2025-09-03 09:52:54,408 [INFO] IP:3329 - RTE Config file name : RTE_Component
2025-09-03 09:52:54,408 [INFO] IP:3347 - RTE template : RTE_Components.ftl
2025-09-03 09:52:54,410 [INFO] Middleware:1452 - No code input for Bsp Dependency
2025-09-03 09:52:54,411 [INFO] Middleware:1452 - No code input for Bsp Dependency
2025-09-03 09:52:54,412 [INFO] Middleware:1452 - No code input for Bsp Dependency
2025-09-03 09:52:54,413 [INFO] CodeGenerator:1619 - *******************Project context FSBL selected
2025-09-03 09:52:54,465 [INFO] CodeEngine:265 - oldGeneratedFile, C:\ST\AB_LSTM\AB_LSTM\MXTmpFiles\license.tmp_save
2025-09-03 09:52:54,796 [INFO] CodeEngine:289 - Generated code: C:\ST\AB_LSTM\AB_LSTM\MXTmpFiles\license.tmp
2025-09-03 09:52:54,859 [INFO] CodeEngine:265 - oldGeneratedFile, C:\ST\AB_LSTM\AB_LSTM\FSBL\MXTmpFiles\gpio.tmp_save
2025-09-03 09:52:55,073 [INFO] CodeEngine:289 - Generated code: C:\ST\AB_LSTM\AB_LSTM\FSBL\MXTmpFiles\gpio.tmp
2025-09-03 09:52:55,274 [WARN] IPConfigManager:103 - WARNING: Missing Config File for XSPIM ip!!
2025-09-03 09:52:55,329 [INFO] Middleware:1452 - No code input for Bsp Dependency
2025-09-03 09:52:55,337 [INFO] CodeEngine:265 - oldGeneratedFile, C:\ST\AB_LSTM\AB_LSTM\FSBL\MXTmpFiles\boot_code.tmp_save
2025-09-03 09:52:55,496 [INFO] CodeEngine:289 - Generated code: C:\ST\AB_LSTM\AB_LSTM\FSBL\MXTmpFiles\boot_code.tmp
2025-09-03 09:52:55,517 [INFO] CodeEngine:265 - oldGeneratedFile, C:\ST\AB_LSTM\AB_LSTM\FSBL\MXTmpFiles\cortex.tmp_save
2025-09-03 09:52:55,652 [INFO] CodeEngine:289 - Generated code: C:\ST\AB_LSTM\AB_LSTM\FSBL\MXTmpFiles\cortex.tmp
2025-09-03 09:52:55,666 [INFO] Middleware:1452 - No code input for Bsp Dependency
2025-09-03 09:52:55,678 [INFO] CodeEngine:265 - oldGeneratedFile, C:\ST\AB_LSTM\AB_LSTM\FSBL\Core\Inc\extmem_manager.h_save
2025-09-03 09:52:55,839 [INFO] CodeEngine:289 - Generated code: C:\ST\AB_LSTM\AB_LSTM\FSBL\Core\Inc\extmem_manager.h
2025-09-03 09:52:55,849 [INFO] CodeEngine:265 - oldGeneratedFile, C:\ST\AB_LSTM\AB_LSTM\FSBL\Core\Src\extmem_manager.c_save
2025-09-03 09:52:55,972 [INFO] CodeEngine:289 - Generated code: C:\ST\AB_LSTM\AB_LSTM\FSBL\Core\Src\extmem_manager.c
2025-09-03 09:52:55,981 [INFO] CodeEngine:265 - oldGeneratedFile, C:\ST\AB_LSTM\AB_LSTM\FSBL\Core\Inc\stm32_extmem_conf.h_save
2025-09-03 09:52:56,121 [INFO] CodeEngine:289 - Generated code: C:\ST\AB_LSTM\AB_LSTM\FSBL\Core\Inc\stm32_extmem_conf.h
2025-09-03 09:52:56,133 [INFO] CodeEngine:265 - oldGeneratedFile, C:\ST\AB_LSTM\AB_LSTM\FSBL\MXTmpFiles\boot_code.tmp_save
2025-09-03 09:52:56,191 [INFO] CodeEngine:289 - Generated code: C:\ST\AB_LSTM\AB_LSTM\FSBL\MXTmpFiles\boot_code.tmp
2025-09-03 09:52:56,231 [INFO] CodeEngine:265 - oldGeneratedFile, C:\ST\AB_LSTM\AB_LSTM\FSBL\Core\Src\stm32n6xx_it.c_save
2025-09-03 09:52:56,544 [INFO] CodeEngine:289 - Generated code: C:\ST\AB_LSTM\AB_LSTM\FSBL\Core\Src\stm32n6xx_it.c
2025-09-03 09:52:56,558 [INFO] CodeEngine:265 - oldGeneratedFile, C:\ST\AB_LSTM\AB_LSTM\FSBL\Core\Inc\stm32n6xx_it.h_save
2025-09-03 09:52:56,666 [INFO] CodeEngine:289 - Generated code: C:\ST\AB_LSTM\AB_LSTM\FSBL\Core\Inc\stm32n6xx_it.h
2025-09-03 09:52:56,815 [INFO] CodeEngine:265 - oldGeneratedFile, C:\ST\AB_LSTM\AB_LSTM\FSBL\Core\Src\stm32n6xx_hal_msp.c_save
2025-09-03 09:52:57,080 [INFO] CodeEngine:289 - Generated code: C:\ST\AB_LSTM\AB_LSTM\FSBL\Core\Src\stm32n6xx_hal_msp.c
2025-09-03 09:52:57,104 [INFO] CodeEngine:265 - oldGeneratedFile, C:\ST\AB_LSTM\AB_LSTM\FSBL\MXTmpFiles\system.tmp_save
2025-09-03 09:52:57,169 [INFO] CodeEngine:289 - Generated code: C:\ST\AB_LSTM\AB_LSTM\FSBL\MXTmpFiles\system.tmp
2025-09-03 09:52:57,190 [INFO] CodeEngine:321 - oldGeneratedFile, C:\ST\AB_LSTM\AB_LSTM\FSBL\Core\Inc\stm32n6xx_hal_conf.h_save
2025-09-03 09:52:57,319 [INFO] CodeEngine:345 - Generated code: C:\ST\AB_LSTM\AB_LSTM\FSBL\Core\Inc\stm32n6xx_hal_conf.h
2025-09-03 09:52:57,347 [WARN] IPConfigManager:3238 - Warning: the RefConfig RCC_ConfigVoltageScaling is not available in your config.xml file
2025-09-03 09:52:57,353 [WARN] IPConfigManager:3238 - Warning: the RefConfig RCC_RTC_HSEDIV is not available in your config.xml file
2025-09-03 09:52:57,361 [ERROR] ApiDbMcu:560 - Cannot parse XSPIM_Config file : file do not exist
2025-09-03 09:52:57,375 [INFO] CodeEngine:265 - oldGeneratedFile, C:\ST\AB_LSTM\AB_LSTM\FSBL\Core\Inc\main.h_save
2025-09-03 09:52:57,540 [INFO] CodeEngine:289 - Generated code: C:\ST\AB_LSTM\AB_LSTM\FSBL\Core\Inc\main.h
2025-09-03 09:52:57,550 [INFO] CodeEngine:265 - oldGeneratedFile, C:\ST\AB_LSTM\AB_LSTM\FSBL\Core\Src\main.c_save
2025-09-03 09:52:57,689 [INFO] CodeEngine:289 - Generated code: C:\ST\AB_LSTM\AB_LSTM\FSBL\Core\Src\main.c
2025-09-03 09:52:57,729 [INFO] CodeGenerator:1619 - *******************Project context Appli selected
2025-09-03 09:52:57,757 [INFO] IP:3329 - RTE Config file name : RTE_Component
2025-09-03 09:52:57,757 [INFO] IP:3347 - RTE template : RTE_Components.ftl
2025-09-03 09:52:57,766 [INFO] CodeEngine:265 - oldGeneratedFile, C:\ST\AB_LSTM\AB_LSTM\MXTmpFiles\license.tmp_save
2025-09-03 09:52:57,881 [INFO] CodeEngine:289 - Generated code: C:\ST\AB_LSTM\AB_LSTM\MXTmpFiles\license.tmp
2025-09-03 09:52:57,901 [INFO] CodeEngine:265 - oldGeneratedFile, C:\ST\AB_LSTM\AB_LSTM\Appli\MXTmpFiles\gpio.tmp_save
2025-09-03 09:52:57,985 [INFO] CodeEngine:289 - Generated code: C:\ST\AB_LSTM\AB_LSTM\Appli\MXTmpFiles\gpio.tmp
2025-09-03 09:52:58,055 [WARN] IPConfigManager:103 - WARNING: Missing Config File for NVIC ip!!
2025-09-03 09:52:58,130 [INFO] Middleware:1452 - No code input for Bsp Dependency
2025-09-03 09:52:58,130 [INFO] Middleware:1452 - No code input for Bsp Dependency
2025-09-03 09:52:58,130 [INFO] IP:3329 - RTE Config file name : RTE_Component
2025-09-03 09:52:58,130 [INFO] IP:3347 - RTE template : RTE_Components.ftl
2025-09-03 09:52:58,139 [INFO] CodeEngine:265 - oldGeneratedFile, C:\ST\AB_LSTM\AB_LSTM\Appli\MXTmpFiles\cortex.tmp_save
2025-09-03 09:52:58,245 [INFO] CodeEngine:289 - Generated code: C:\ST\AB_LSTM\AB_LSTM\Appli\MXTmpFiles\cortex.tmp
2025-09-03 09:52:58,272 [INFO] CodeEngine:265 - oldGeneratedFile, C:\ST\AB_LSTM\AB_LSTM\Appli\Core\Inc\stm32n6xx_nucleo_conf.h_save
2025-09-03 09:52:58,421 [INFO] CodeEngine:289 - Generated code: C:\ST\AB_LSTM\AB_LSTM\Appli\Core\Inc\stm32n6xx_nucleo_conf.h
2025-09-03 09:52:58,429 [INFO] CodeEngine:265 - oldGeneratedFile, C:\ST\AB_LSTM\AB_LSTM\Appli\MXTmpFiles\bsp_inc.tmp_save
2025-09-03 09:52:58,486 [INFO] CodeEngine:289 - Generated code: C:\ST\AB_LSTM\AB_LSTM\Appli\MXTmpFiles\bsp_inc.tmp
2025-09-03 09:52:58,497 [INFO] CodeEngine:265 - oldGeneratedFile, C:\ST\AB_LSTM\AB_LSTM\Appli\MXTmpFiles\bsp_common_vars.tmp_save
2025-09-03 09:52:58,535 [INFO] CodeEngine:289 - Generated code: C:\ST\AB_LSTM\AB_LSTM\Appli\MXTmpFiles\bsp_common_vars.tmp
2025-09-03 09:52:58,538 [INFO] CodeEngine:265 - oldGeneratedFile, C:\ST\AB_LSTM\AB_LSTM\Appli\MXTmpFiles\bsp_common_init.tmp_save
2025-09-03 09:52:58,583 [INFO] CodeEngine:289 - Generated code: C:\ST\AB_LSTM\AB_LSTM\Appli\MXTmpFiles\bsp_common_init.tmp
2025-09-03 09:52:58,600 [INFO] CodeEngine:265 - oldGeneratedFile, C:\ST\AB_LSTM\AB_LSTM\Appli\MXTmpFiles\bsp_common_demo_before_while.tmp_save
2025-09-03 09:52:58,640 [INFO] CodeEngine:289 - Generated code: C:\ST\AB_LSTM\AB_LSTM\Appli\MXTmpFiles\bsp_common_demo_before_while.tmp
2025-09-03 09:52:58,646 [INFO] CodeEngine:265 - oldGeneratedFile, C:\ST\AB_LSTM\AB_LSTM\Appli\MXTmpFiles\bsp_common_demo_inside_while.tmp_save
2025-09-03 09:52:58,683 [INFO] CodeEngine:289 - Generated code: C:\ST\AB_LSTM\AB_LSTM\Appli\MXTmpFiles\bsp_common_demo_inside_while.tmp
2025-09-03 09:52:58,687 [INFO] CodeEngine:265 - oldGeneratedFile, C:\ST\AB_LSTM\AB_LSTM\Appli\MXTmpFiles\bsp_common_demo_fct.tmp_save
2025-09-03 09:52:58,722 [INFO] CodeEngine:289 - Generated code: C:\ST\AB_LSTM\AB_LSTM\Appli\MXTmpFiles\bsp_common_demo_fct.tmp
2025-09-03 09:52:58,725 [INFO] Middleware:1452 - No code input for Bsp Dependency
2025-09-03 09:52:58,726 [INFO] Middleware:1452 - No code input for Bsp Dependency
2025-09-03 09:52:58,726 [INFO] IP:3329 - RTE Config file name : RTE_Component
2025-09-03 09:52:58,726 [INFO] IP:3347 - RTE template : RTE_Components.ftl
2025-09-03 09:52:58,735 [INFO] CodeEngine:265 - oldGeneratedFile, C:\ST\AB_LSTM\AB_LSTM\Appli\X-CUBE-AI\App\app_x-cube-ai.h_save
2025-09-03 09:52:58,897 [INFO] CodeEngine:289 - Generated code: C:\ST\AB_LSTM\AB_LSTM\Appli\X-CUBE-AI\App\app_x-cube-ai.h
2025-09-03 09:52:58,903 [INFO] CodeEngine:265 - oldGeneratedFile, C:\ST\AB_LSTM\AB_LSTM\Appli\X-CUBE-AI\constants_ai.h_save
2025-09-03 09:52:58,977 [INFO] CodeEngine:289 - Generated code: C:\ST\AB_LSTM\AB_LSTM\Appli\X-CUBE-AI\constants_ai.h
2025-09-03 09:52:58,984 [INFO] CodeEngine:265 - oldGeneratedFile, C:\ST\AB_LSTM\AB_LSTM\Appli\X-CUBE-AI\App\app_x-cube-ai.c_save
2025-09-03 09:52:59,082 [INFO] CodeEngine:289 - Generated code: C:\ST\AB_LSTM\AB_LSTM\Appli\X-CUBE-AI\App\app_x-cube-ai.c
2025-09-03 09:52:59,116 [INFO] CodeEngine:265 - oldGeneratedFile, C:\ST\AB_LSTM\AB_LSTM\Appli\Core\Src\stm32n6xx_it.c_save
2025-09-03 09:52:59,303 [INFO] CodeEngine:289 - Generated code: C:\ST\AB_LSTM\AB_LSTM\Appli\Core\Src\stm32n6xx_it.c
2025-09-03 09:52:59,308 [INFO] CodeEngine:265 - oldGeneratedFile, C:\ST\AB_LSTM\AB_LSTM\Appli\Core\Inc\stm32n6xx_it.h_save
2025-09-03 09:52:59,373 [INFO] CodeEngine:289 - Generated code: C:\ST\AB_LSTM\AB_LSTM\Appli\Core\Inc\stm32n6xx_it.h
2025-09-03 09:52:59,375 [INFO] IP:3329 - RTE Config file name : RTE_Component
2025-09-03 09:52:59,375 [INFO] IP:3347 - RTE template : RTE_Components.ftl
2025-09-03 09:52:59,375 [INFO] CodeGenerator:2312 - Add RTE Code Input 
2025-09-03 09:52:59,385 [INFO] CodeEngine:265 - oldGeneratedFile, C:\ST\AB_LSTM\AB_LSTM\Appli\Core\Inc\RTE_Components.h_save
2025-09-03 09:52:59,471 [INFO] CodeEngine:289 - Generated code: C:\ST\AB_LSTM\AB_LSTM\Appli\Core\Inc\RTE_Components.h
2025-09-03 09:52:59,483 [INFO] CodeEngine:265 - oldGeneratedFile, C:\ST\AB_LSTM\AB_LSTM\Appli\MXTmpFiles\RIFInit.tmp_save
2025-09-03 09:52:59,577 [INFO] CodeEngine:289 - Generated code: C:\ST\AB_LSTM\AB_LSTM\Appli\MXTmpFiles\RIFInit.tmp
2025-09-03 09:52:59,639 [INFO] CodeEngine:265 - oldGeneratedFile, C:\ST\AB_LSTM\AB_LSTM\Appli\Core\Src\stm32n6xx_hal_msp.c_save
2025-09-03 09:52:59,827 [INFO] CodeEngine:289 - Generated code: C:\ST\AB_LSTM\AB_LSTM\Appli\Core\Src\stm32n6xx_hal_msp.c
2025-09-03 09:52:59,832 [INFO] CodeEngine:265 - oldGeneratedFile, C:\ST\AB_LSTM\AB_LSTM\Appli\MXTmpFiles\system.tmp_save
2025-09-03 09:52:59,863 [INFO] CodeEngine:289 - Generated code: C:\ST\AB_LSTM\AB_LSTM\Appli\MXTmpFiles\system.tmp
2025-09-03 09:52:59,877 [INFO] CodeEngine:321 - oldGeneratedFile, C:\ST\AB_LSTM\AB_LSTM\Appli\Core\Inc\stm32n6xx_hal_conf.h_save
2025-09-03 09:53:00,045 [INFO] CodeEngine:345 - Generated code: C:\ST\AB_LSTM\AB_LSTM\Appli\Core\Inc\stm32n6xx_hal_conf.h
2025-09-03 09:53:00,069 [WARN] IPConfigManager:3238 - Warning: the RefConfig RCC_ConfigVoltageScaling is not available in your config.xml file
2025-09-03 09:53:00,070 [WARN] IPConfigManager:3238 - Warning: the RefConfig RCC_RTC_HSEDIV is not available in your config.xml file
2025-09-03 09:53:00,079 [WARN] IPConfigManager:3811 - IP not found : TIM
2025-09-03 09:53:00,080 [WARN] CodeGenerator:4259 - IP not found : null
2025-09-03 09:53:00,088 [INFO] CodeEngine:265 - oldGeneratedFile, C:\ST\AB_LSTM\AB_LSTM\Appli\Core\Inc\main.h_save
2025-09-03 09:53:00,234 [INFO] CodeEngine:289 - Generated code: C:\ST\AB_LSTM\AB_LSTM\Appli\Core\Inc\main.h
2025-09-03 09:53:00,240 [INFO] CodeEngine:265 - oldGeneratedFile, C:\ST\AB_LSTM\AB_LSTM\Appli\Core\Src\main.c_save
2025-09-03 09:53:00,371 [INFO] CodeEngine:289 - Generated code: C:\ST\AB_LSTM\AB_LSTM\Appli\Core\Src\main.c
2025-09-03 09:53:00,383 [INFO] CodeEngine:265 - oldGeneratedFile, C:\ST\AB_LSTM\AB_LSTM\Appli\Core\Src\secure_nsc.c_save
2025-09-03 09:53:00,490 [INFO] CodeEngine:289 - Generated code: C:\ST\AB_LSTM\AB_LSTM\Appli\Core\Src\secure_nsc.c
2025-09-03 09:53:00,498 [INFO] CodeEngine:265 - oldGeneratedFile, C:\ST\AB_LSTM\AB_LSTM\Appli\Core\Inc\partition_stm32n657xx.h_save
2025-09-03 09:53:00,587 [INFO] CodeEngine:289 - Generated code: C:\ST\AB_LSTM\AB_LSTM\Appli\Core\Inc\partition_stm32n657xx.h
2025-09-03 09:53:00,593 [INFO] CodeEngine:265 - oldGeneratedFile, C:\ST\AB_LSTM\AB_LSTM\Secure_nsclib\secure_nsc.h_save
2025-09-03 09:53:00,655 [INFO] CodeEngine:289 - Generated code: C:\ST\AB_LSTM\AB_LSTM\Secure_nsclib\secure_nsc.h
2025-09-03 09:53:00,701 [INFO] CodeGenerator:1707 - *******************Project context ExtMemLoader Not selected
2025-09-03 09:53:01,726 [INFO] AInterface:322 - ModelName:network; files:[C:\Users\ZOJOLDRI\OneDrive - Carl Zeiss AG\Dokumente\Zeiss\SMT\Bachelor\Model Workspace\AB Encoder Model--02.09.2025\AB_Encoder_Synthetic_Data\lstm_ab_encoder.h5]; type:Keras; compression:None
2025-09-03 09:53:01,726 [INFO] AInterface:526 - workspaceTempDir: C:/Users/ZOJOLDRI/AppData/Local/Temp/mxAI_workspace112022879860910012206202088388546462
2025-09-03 09:53:01,727 [INFO] AInterface:1176 - Setting Env: C:/Users/ZOJOLDRI/STM32Cube/Repository/Packs/STMicroelectronics/X-CUBE-AI/10.2.0/Utilities/windows
2025-09-03 09:53:01,733 [INFO] STM32CubeIDEBuilder:265 - Looking for gnu-tools-for-stm32 tools/bin/arm-none-eabi-gcc.exe in C:\ST\STM32CubeIDE_1.19.0\STM32CubeIDE
2025-09-03 09:53:01,735 [INFO] STM32CubeIDEBuilder:294 - checking C:\ST\STM32CubeIDE_1.19.0\STM32CubeIDE\plugins\com.st.stm32cube.ide.mcu.externaltools.gnu-tools-for-stm32.13.3.rel1.win32_1.0.0.202411081344\tools\bin\arm-none-eabi-gcc.exe
2025-09-03 09:53:01,735 [INFO] STM32CubeIDEBuilder:297 - ret=C:\ST\STM32CubeIDE_1.19.0\STM32CubeIDE\plugins\com.st.stm32cube.ide.mcu.externaltools.gnu-tools-for-stm32.13.3.rel1.win32_1.0.0.202411081344\tools\bin\arm-none-eabi-gcc.exe
2025-09-03 09:53:01,735 [INFO] STM32CubeIDEBuilder:311 - returning C:\ST\STM32CubeIDE_1.19.0\STM32CubeIDE\plugins\com.st.stm32cube.ide.mcu.externaltools.gnu-tools-for-stm32.13.3.rel1.win32_1.0.0.202411081344\tools\bin\arm-none-eabi-gcc.exe
2025-09-03 09:53:01,736 [INFO] AInterface:1233 - Custom PATH variable: C:/Users/ZOJOLDRI/STM32Cube/Repository/Packs/STMicroelectronics/X-CUBE-AI/10.2.0/Utilities/windows;C:/Users/ZOJOLDRI/STM32Cube/Repository/Packs/STMicroelectronics/X-CUBE-AI/10.2.0/Utilities/windows/mingw64/bin;C:/Users/ZOJOLDRI/STM32Cube/Repository/Packs/STMicroelectronics/X-CUBE-AI/10.2.0/Utilities/windows/mingw64/libexec/gcc/x86_64-w64-mingw32/7.3.0;;C:\ST\STM32CubeIDE_1.19.0\STM32CubeIDE\plugins\com.st.stm32cube.ide.mcu.externaltools.gnu-tools-for-stm32.13.3.rel1.win32_1.0.0.202411081344\tools\bin
2025-09-03 09:53:01,738 [INFO] CmdLine:115 - Command: C:/Users/ZOJOLDRI/STM32Cube/Repository/Packs/STMicroelectronics/X-CUBE-AI/10.2.0/Utilities/windows/stedgeai.exe generate --target stm32n6 --name network -m C:/Users/ZOJOLDRI/OneDrive - Carl Zeiss AG/Dokumente/Zeiss/SMT/Bachelor/Model Workspace/AB Encoder Model--02.09.2025/AB_Encoder_Synthetic_Data/lstm_ab_encoder.h5 --compression none --verbosity 1 --workspace C:/Users/ZOJOLDRI/AppData/Local/Temp/mxAI_workspace112022879860910012206202088388546462 --output C:/Users/ZOJOLDRI/.stm32cubemx/network_output
2025-09-03 09:53:01,739 [INFO] AIModelDetailledView:2380 - Analysis status: pending
2025-09-03 09:53:02,774 [INFO] CmdLine:76 - ST Edge AI Core v2.2.0-20266 2adc00962
2025-09-03 09:53:07,855 [INFO] CmdLine:76 - Creating c (debug) info json file C:\Users\ZOJOLDRI\.stm32cubemx\network_output\network_c_info.json
2025-09-03 09:53:07,867 [INFO] CmdLine:76 -  
2025-09-03 09:53:07,867 [INFO] CmdLine:76 -  Exec/report summary (generate)
2025-09-03 09:53:07,867 [INFO] CmdLine:76 -  -------------------------------------------------------------------------------------------------------------------------------------------------------------------------------------------
2025-09-03 09:53:07,867 [INFO] CmdLine:76 -  model file         :   C:\Users\ZOJOLDRI\OneDrive - Carl Zeiss AG\Dokumente\Zeiss\SMT\Bachelor\Model Workspace\AB Encoder Model--02.09.2025\AB_Encoder_Synthetic_Data\lstm_ab_encoder.h5   
2025-09-03 09:53:07,867 [INFO] CmdLine:76 -  type               :   keras                                                                                                                                                               
2025-09-03 09:53:07,867 [INFO] CmdLine:76 -  c_name             :   network                                                                                                                                                             
2025-09-03 09:53:07,867 [INFO] CmdLine:76 -  compression        :   none                                                                                                                                                                
2025-09-03 09:53:07,867 [INFO] CmdLine:76 -  options            :   allocate-inputs, allocate-outputs                                                                                                                                   
2025-09-03 09:53:07,867 [INFO] CmdLine:76 -  optimization       :   balanced                                                                                                                                                            
2025-09-03 09:53:07,867 [INFO] CmdLine:76 -  target/series      :   stm32n6                                                                                                                                                             
2025-09-03 09:53:07,868 [INFO] CmdLine:76 -  workspace dir      :   C:\Users\ZOJOLDRI\AppData\Local\Temp\mxAI_workspace112022879860910012206202088388546462                                                                             
2025-09-03 09:53:07,868 [INFO] CmdLine:76 -  output dir         :   C:\Users\ZOJOLDRI\.stm32cubemx\network_output                                                                                                                       
2025-09-03 09:53:07,870 [INFO] CmdLine:76 -  model_fmt          :   float                                                                                                                                                               
2025-09-03 09:53:07,870 [INFO] CmdLine:76 -  model_name         :   lstm_ab_encoder                                                                                                                                                     
2025-09-03 09:53:07,870 [INFO] CmdLine:76 -  model_hash         :   0xb9e6d1f2f93291781e52f63e3d49d785                                                                                                                                  
2025-09-03 09:53:07,870 [INFO] CmdLine:76 -  params #           :   6,083 items (23.76 KiB)                                                                                                                                             
2025-09-03 09:53:07,871 [INFO] CmdLine:76 -  -------------------------------------------------------------------------------------------------------------------------------------------------------------------------------------------
2025-09-03 09:53:07,871 [INFO] CmdLine:76 -  input 1/1          :   'input_0', f32(1x20x10), 800 Bytes, activations                                                                                                                     
2025-09-03 09:53:07,871 [INFO] CmdLine:76 -  output 1/1         :   'output', f32(1x3), 12 Bytes, activations                                                                                                                           
2025-09-03 09:53:07,871 [INFO] CmdLine:76 -  macc               :   111,360                                                                                                                                                             
2025-09-03 09:53:07,871 [INFO] CmdLine:76 -  weights (ro)       :   24,716 B (24.14 KiB) (1 segment) / +384(+1.6%) vs float model                                                                                                       
2025-09-03 09:53:07,871 [INFO] CmdLine:76 -  activations (rw)   :   1,824 B (1.78 KiB) (1 segment) *                                                                                                                                    
2025-09-03 09:53:07,871 [INFO] CmdLine:76 -  ram (total)        :   1,824 B (1.78 KiB) = 1,824 + 0 + 0                                                                                                                                  
2025-09-03 09:53:07,872 [INFO] CmdLine:76 -  -------------------------------------------------------------------------------------------------------------------------------------------------------------------------------------------
2025-09-03 09:53:07,872 [INFO] CmdLine:76 -  (*) 'input'/'output' buffers are allocated in the activations buffer
2025-09-03 09:53:07,872 [INFO] CmdLine:76 - Computing AI RT data/code size (target=stm32n6)..
2025-09-03 09:53:12,835 [INFO] CmdLine:76 -  Requested memory size by section - "stm32n6" target
2025-09-03 09:53:12,836 [INFO] CmdLine:76 -  ------------------------------- -------- -------- ------- -------
2025-09-03 09:53:12,836 [INFO] CmdLine:76 -  module                              text   rodata    data     bss
2025-09-03 09:53:12,836 [INFO] CmdLine:76 -  ------------------------------- -------- -------- ------- -------
2025-09-03 09:53:12,837 [INFO] CmdLine:76 -  NetworkRuntime1020_CM55_GCC.a     15,800       32       0       0
2025-09-03 09:53:12,837 [INFO] CmdLine:76 -  network.o                            592       40   1,888     136
2025-09-03 09:53:12,837 [INFO] CmdLine:76 -  network_data.o                        48       16      88       0
2025-09-03 09:53:12,837 [INFO] CmdLine:76 -  lib (toolchain)*                   1,132      340       0       0
2025-09-03 09:53:12,837 [INFO] CmdLine:76 -  ------------------------------- -------- -------- ------- -------
2025-09-03 09:53:12,837 [INFO] CmdLine:76 -  RT total**                        17,572      428   1,976     136
2025-09-03 09:53:12,837 [INFO] CmdLine:76 -  ------------------------------- -------- -------- ------- -------
2025-09-03 09:53:12,837 [INFO] CmdLine:76 -  weights                                0   24,720       0       0
2025-09-03 09:53:12,837 [INFO] CmdLine:76 -  activations                            0        0       0   1,824
2025-09-03 09:53:12,837 [INFO] CmdLine:76 -  io                                     0        0       0       0
2025-09-03 09:53:12,837 [INFO] CmdLine:76 -  ------------------------------- -------- -------- ------- -------
2025-09-03 09:53:12,838 [INFO] CmdLine:76 -  TOTAL                             17,572   25,148   1,976   1,960
2025-09-03 09:53:12,838 [INFO] CmdLine:76 -  ------------------------------- -------- -------- ------- -------
2025-09-03 09:53:12,838 [INFO] CmdLine:76 -  *  toolchain objects (libm/libgcc*)
2025-09-03 09:53:12,838 [INFO] CmdLine:76 -  ** RT AI runtime objects (kernels+infrastructure)
2025-09-03 09:53:12,838 [INFO] CmdLine:76 -   Summary - "stm32n6" target
2025-09-03 09:53:12,838 [INFO] CmdLine:76 -   ---------------------------------------------------
2025-09-03 09:53:12,838 [INFO] CmdLine:76 -                FLASH (ro)      %*   RAM (rw)       %
2025-09-03 09:53:12,838 [INFO] CmdLine:76 -   ---------------------------------------------------
2025-09-03 09:53:12,838 [INFO] CmdLine:76 -   RT total         19,976   44.7%      2,112   53.7%
2025-09-03 09:53:12,838 [INFO] CmdLine:76 -   ---------------------------------------------------
2025-09-03 09:53:12,838 [INFO] CmdLine:76 -   TOTAL            44,696              3,936
2025-09-03 09:53:12,838 [INFO] CmdLine:76 -   ---------------------------------------------------
2025-09-03 09:53:12,838 [INFO] CmdLine:76 -   *  rt/total
2025-09-03 09:53:12,839 [INFO] CmdLine:76 -  Generated files (7)
2025-09-03 09:53:12,839 [INFO] CmdLine:76 -  ---------------------------------------------------------------------
2025-09-03 09:53:12,839 [INFO] CmdLine:76 -  C:\Users\ZOJOLDRI\.stm32cubemx\network_output\network_data_params.h
2025-09-03 09:53:12,840 [INFO] CmdLine:76 -  C:\Users\ZOJOLDRI\.stm32cubemx\network_output\network_data_params.c
2025-09-03 09:53:12,840 [INFO] CmdLine:76 -  C:\Users\ZOJOLDRI\.stm32cubemx\network_output\network_data.h
2025-09-03 09:53:12,840 [INFO] CmdLine:76 -  C:\Users\ZOJOLDRI\.stm32cubemx\network_output\network_data.c
2025-09-03 09:53:12,840 [INFO] CmdLine:76 -  C:\Users\ZOJOLDRI\.stm32cubemx\network_output\network_config.h
2025-09-03 09:53:12,841 [INFO] CmdLine:76 -  C:\Users\ZOJOLDRI\.stm32cubemx\network_output\network.h
2025-09-03 09:53:12,841 [INFO] CmdLine:76 -  C:\Users\ZOJOLDRI\.stm32cubemx\network_output\network.c
2025-09-03 09:53:12,841 [INFO] CmdLine:76 - Creating txt report file C:\Users\ZOJOLDRI\.stm32cubemx\network_output\network_generate_report.txt
2025-09-03 09:53:16,151 [INFO] CmdLine:76 - elapsed time (generate): 13.376s
2025-09-03 09:53:16,525 [INFO] CmdLine:148 - stedgeai exit with status: 0
2025-09-03 09:53:16,538 [INFO] AIModelDetailledView:2380 - Analysis status: done
2025-09-03 09:53:17,458 [INFO] ProjectBuilder:3606 - Time for Copy HAL[1] : 431mS.
2025-09-03 09:53:17,458 [ERROR] Middleware:2950 - Invalid RefComponent list
2025-09-03 09:53:17,458 [ERROR] Middleware:2950 - Invalid RefComponent list
2025-09-03 09:53:17,458 [ERROR] Middleware:2950 - Invalid RefComponent list
2025-09-03 09:53:17,458 [ERROR] Middleware:2950 - Invalid RefComponent list
2025-09-03 09:53:17,458 [ERROR] Middleware:2950 - Invalid RefComponent list
2025-09-03 09:53:17,458 [ERROR] Middleware:2950 - Invalid RefComponent list
2025-09-03 09:53:17,458 [ERROR] Middleware:2950 - Invalid RefComponent list
2025-09-03 09:53:17,458 [ERROR] Middleware:2950 - Invalid RefComponent list
2025-09-03 09:53:17,459 [ERROR] Middleware:2950 - Invalid RefComponent list
2025-09-03 09:53:17,459 [ERROR] Middleware:2950 - Invalid RefComponent list
2025-09-03 09:53:17,459 [ERROR] Middleware:2950 - Invalid RefComponent list
2025-09-03 09:53:17,459 [ERROR] Middleware:2950 - Invalid RefComponent list
2025-09-03 09:53:17,459 [ERROR] Middleware:2950 - Invalid RefComponent list
2025-09-03 09:53:17,459 [ERROR] Middleware:2950 - Invalid RefComponent list
2025-09-03 09:53:17,459 [ERROR] Middleware:2950 - Invalid RefComponent list
2025-09-03 09:53:17,459 [ERROR] Middleware:2950 - Invalid RefComponent list
2025-09-03 09:53:17,459 [ERROR] Middleware:2950 - Invalid RefComponent list
2025-09-03 09:53:17,459 [ERROR] Middleware:2950 - Invalid RefComponent list
2025-09-03 09:53:17,459 [ERROR] Middleware:2950 - Invalid RefComponent list
2025-09-03 09:53:17,459 [ERROR] Middleware:2950 - Invalid RefComponent list
2025-09-03 09:53:17,459 [ERROR] Middleware:2950 - Invalid RefComponent list
2025-09-03 09:53:17,459 [ERROR] Middleware:2950 - Invalid RefComponent list
2025-09-03 09:53:17,459 [ERROR] Middleware:2950 - Invalid RefComponent list
2025-09-03 09:53:17,459 [ERROR] Middleware:2950 - Invalid RefComponent list
2025-09-03 09:53:17,459 [ERROR] Middleware:2950 - Invalid RefComponent list
2025-09-03 09:53:17,459 [ERROR] Middleware:2950 - Invalid RefComponent list
2025-09-03 09:53:17,459 [ERROR] Middleware:2950 - Invalid RefComponent list
2025-09-03 09:53:17,460 [ERROR] Middleware:2950 - Invalid RefComponent list
2025-09-03 09:53:17,460 [ERROR] Middleware:2950 - Invalid RefComponent list
2025-09-03 09:53:17,460 [ERROR] Middleware:2950 - Invalid RefComponent list
2025-09-03 09:53:17,460 [ERROR] Middleware:2950 - Invalid RefComponent list
2025-09-03 09:53:17,460 [ERROR] Middleware:2950 - Invalid RefComponent list
2025-09-03 09:53:17,460 [ERROR] Middleware:2950 - Invalid RefComponent list
2025-09-03 09:53:17,460 [ERROR] Middleware:2950 - Invalid RefComponent list
2025-09-03 09:53:17,460 [ERROR] Middleware:2950 - Invalid RefComponent list
2025-09-03 09:53:17,460 [ERROR] Middleware:2950 - Invalid RefComponent list
2025-09-03 09:53:17,460 [ERROR] Middleware:2950 - Invalid RefComponent list
2025-09-03 09:53:17,460 [ERROR] Middleware:2950 - Invalid RefComponent list
2025-09-03 09:53:17,460 [ERROR] Middleware:2950 - Invalid RefComponent list
2025-09-03 09:53:17,460 [ERROR] Middleware:2950 - Invalid RefComponent list
2025-09-03 09:53:17,460 [ERROR] Middleware:2950 - Invalid RefComponent list
2025-09-03 09:53:17,460 [ERROR] Middleware:2950 - Invalid RefComponent list
2025-09-03 09:53:17,460 [ERROR] Middleware:2950 - Invalid RefComponent list
2025-09-03 09:53:17,460 [ERROR] Middleware:2950 - Invalid RefComponent list
2025-09-03 09:53:17,460 [ERROR] Middleware:2950 - Invalid RefComponent list
2025-09-03 09:53:17,460 [ERROR] Middleware:2950 - Invalid RefComponent list
2025-09-03 09:53:17,460 [ERROR] Middleware:2950 - Invalid RefComponent list
2025-09-03 09:53:17,460 [ERROR] Middleware:2950 - Invalid RefComponent list
2025-09-03 09:53:17,460 [ERROR] Middleware:2950 - Invalid RefComponent list
2025-09-03 09:53:17,460 [ERROR] Middleware:2950 - Invalid RefComponent list
2025-09-03 09:53:17,460 [ERROR] Middleware:2950 - Invalid RefComponent list
2025-09-03 09:53:17,461 [ERROR] Middleware:2950 - Invalid RefComponent list
2025-09-03 09:53:17,461 [ERROR] Middleware:2950 - Invalid RefComponent list
2025-09-03 09:53:17,461 [ERROR] Middleware:2950 - Invalid RefComponent list
2025-09-03 09:53:17,461 [ERROR] Middleware:2950 - Invalid RefComponent list
2025-09-03 09:53:17,461 [ERROR] Middleware:2950 - Invalid RefComponent list
2025-09-03 09:53:17,461 [ERROR] Middleware:2950 - Invalid RefComponent list
2025-09-03 09:53:17,461 [ERROR] Middleware:2950 - Invalid RefComponent list
2025-09-03 09:53:17,461 [ERROR] Middleware:2950 - Invalid RefComponent list
2025-09-03 09:53:17,461 [ERROR] Middleware:2950 - Invalid RefComponent list
2025-09-03 09:53:17,461 [ERROR] Middleware:2950 - Invalid RefComponent list
2025-09-03 09:53:17,461 [ERROR] Middleware:2950 - Invalid RefComponent list
2025-09-03 09:53:17,461 [ERROR] Middleware:2950 - Invalid RefComponent list
2025-09-03 09:53:17,461 [ERROR] Middleware:2950 - Invalid RefComponent list
2025-09-03 09:53:17,461 [ERROR] Middleware:2950 - Invalid RefComponent list
2025-09-03 09:53:17,461 [ERROR] Middleware:2950 - Invalid RefComponent list
2025-09-03 09:53:17,461 [ERROR] Middleware:2950 - Invalid RefComponent list
2025-09-03 09:53:17,461 [ERROR] Middleware:2950 - Invalid RefComponent list
2025-09-03 09:53:17,461 [ERROR] Middleware:2950 - Invalid RefComponent list
2025-09-03 09:53:17,461 [ERROR] Middleware:2950 - Invalid RefComponent list
2025-09-03 09:53:17,474 [INFO] ProjectBuilder:5216 - Project Generator version: 4.7.0-B52
2025-09-03 09:53:17,523 [INFO] ConfigFileManager:1595 - The Die is : DIE486
2025-09-03 09:53:27,716 [INFO] ProjectBuilder:5056 - Time for Generating toolchain IDE Files: 10242mS.
2025-09-03 09:53:27,719 [INFO] ProjectBuilder:3463 - Time for Copy CMSIS : 1mS.
2025-09-03 09:53:27,731 [INFO] ProjectBuilder:3463 - Time for Copy CMSIS : 0mS.
2025-09-03 10:01:24,355 [INFO] NvicIntPanel:101 - NVIC parent = com.st.microxplorer.plugins.ip.nvic.MultiNvicIntPanel[,0,0,0x0,invalid,layout=javax.swing.BoxLayout,alignmentX=0.0,alignmentY=0.0,border=,flags=9,maximumSize=,minimumSize=,preferredSize=]
2025-09-03 10:01:26,378 [INFO] UtilMem:75 - End SaveConfig() Used Memory: 962889776 Bytes (1073741824)
2025-09-03 10:01:27,445 [ERROR] IocParser:95 - Exception caught: null
2025-09-03 10:01:28,649 [INFO] UtilMem:75 - End SaveConfig() Used Memory: 692082760 Bytes (1073741824)
2025-09-03 10:01:29,200 [ERROR] IocParser:95 - Exception caught: null
2025-09-03 10:01:30,901 [INFO] UtilMem:75 - End SaveConfig() Used Memory: 958469512 Bytes (1073741824)
2025-09-03 10:01:31,446 [ERROR] IocParser:95 - Exception caught: null
2025-09-03 10:01:31,862 [INFO] BlockDiagram:2775 - set Specific Code input for plugin: EXTMEM_MANAGER
2025-09-03 10:01:31,862 [INFO] BlockDiagram:2775 - set Specific Code input for plugin: RAMCFG
2025-09-03 10:01:31,863 [INFO] BlockDiagram:2775 - set Specific Code input for plugin: RCC
2025-09-03 10:01:31,863 [INFO] BlockDiagram:2775 - set Specific Code input for plugin: CORTEX_M55_FSBL
2025-09-03 10:01:31,863 [INFO] BlockDiagram:2775 - set Specific Code input for plugin: XSPIM
2025-09-03 10:01:31,863 [INFO] BlockDiagram:2775 - set Specific Code input for plugin: STMicroelectronics.X-CUBE-AI.10.2.0
2025-09-03 10:01:31,863 [INFO] BlockDiagram:2775 - set Specific Code input for plugin: XSPI
2025-09-03 10:01:31,863 [INFO] BlockDiagram:2775 - set Specific Code input for plugin: NUCLEO-N657X0-Q
2025-09-03 10:01:31,863 [INFO] BlockDiagram:2775 - set Specific Code input for plugin: TIM1_8N6
2025-09-03 10:01:31,863 [INFO] BlockDiagram:2775 - set Specific Code input for plugin: CACHEAXI
2025-09-03 10:01:31,863 [INFO] BlockDiagram:2775 - set Specific Code input for plugin: BSEC
2025-09-03 10:01:31,863 [INFO] BlockDiagram:2775 - set Specific Code input for plugin: LPUART
2025-09-03 10:01:31,863 [INFO] BlockDiagram:2775 - set Specific Code input for plugin: NVIC
2025-09-03 10:01:31,864 [INFO] BlockDiagram:2775 - set Specific Code input for plugin: GPIO
2025-09-03 10:01:31,864 [INFO] BlockDiagram:2775 - set Specific Code input for plugin: RIF
2025-09-03 10:01:31,864 [INFO] BlockDiagram:2775 - set Specific Code input for plugin: NVIC1
2025-09-03 10:01:31,866 [INFO] CodeGenerator:892 - code generatio: config db path: C:\ST\STM32CubeIDE_1.19.0\STM32CubeIDE\plugins\com.st.stm32cube.common.mx_6.15.0.202507011659\\db\
2025-09-03 10:01:31,878 [WARN] IP:2250 - RefParam_XIP_memory not found: check if there is a RefParameter without a condition.
2025-09-03 10:01:31,878 [WARN] IP:2250 - RefParam_MEMORY_1_Size not found: check if there is a RefParameter without a condition.
2025-09-03 10:01:31,879 [WARN] IP:2250 - RefParam_MEMORY_1_FreqMax not found: check if there is a RefParameter without a condition.
2025-09-03 10:01:31,879 [WARN] IP:2250 - RefParam_MEMORY_1_ReadReg not found: check if there is a RefParameter without a condition.
2025-09-03 10:01:31,879 [WARN] IP:2250 - RefParam_MEMORY_1_WriteReg not found: check if there is a RefParameter without a condition.
2025-09-03 10:01:31,879 [WARN] IP:2250 - RefParam_MEMORY_1_RegSize not found: check if there is a RefParameter without a condition.
2025-09-03 10:01:31,879 [WARN] IP:2250 - RefParam_MEMORY_1_RegDummyCycle not found: check if there is a RefParameter without a condition.
2025-09-03 10:01:31,879 [WARN] IP:2250 - RefParam_MEMORY_1_WriteCommand not found: check if there is a RefParameter without a condition.
2025-09-03 10:01:31,879 [WARN] IP:2250 - RefParam_MEMORY_1_WriteDummyCycle not found: check if there is a RefParameter without a condition.
2025-09-03 10:01:31,879 [WARN] IP:2250 - RefParam_MEMORY_1_ReadCommand not found: check if there is a RefParameter without a condition.
2025-09-03 10:01:31,879 [WARN] IP:2250 - RefParam_MEMORY_1_WrapReadCommand not found: check if there is a RefParameter without a condition.
2025-09-03 10:01:31,879 [WARN] IP:2250 - RefParam_MEMORY_1_ReadDummyCycle not found: check if there is a RefParameter without a condition.
2025-09-03 10:01:31,879 [WARN] IP:2250 - RefParam_MEMORY_1_NumberOfConfig not found: check if there is a RefParameter without a condition.
2025-09-03 10:01:31,879 [WARN] IP:2250 - RefParam_MEMORY_1_Config1_WriteMask not found: check if there is a RefParameter without a condition.
2025-09-03 10:01:31,879 [WARN] IP:2250 - RefParam_MEMORY_1_Config1_WriteValue not found: check if there is a RefParameter without a condition.
2025-09-03 10:01:31,879 [WARN] IP:2250 - RefParam_MEMORY_1_Config1_RegAddress not found: check if there is a RefParameter without a condition.
2025-09-03 10:01:31,879 [WARN] IP:2250 - RefParam_MEMORY_1_Config2_WriteMask not found: check if there is a RefParameter without a condition.
2025-09-03 10:01:31,879 [WARN] IP:2250 - RefParam_MEMORY_1_Config2_WriteValue not found: check if there is a RefParameter without a condition.
2025-09-03 10:01:31,880 [WARN] IP:2250 - RefParam_MEMORY_1_Config2_RegAddress not found: check if there is a RefParameter without a condition.
2025-09-03 10:01:31,880 [WARN] IP:2250 - RefParam_MEMORY_1_Config3_WriteMask not found: check if there is a RefParameter without a condition.
2025-09-03 10:01:31,880 [WARN] IP:2250 - RefParam_MEMORY_1_Config3_WriteValue not found: check if there is a RefParameter without a condition.
2025-09-03 10:01:31,880 [WARN] IP:2250 - RefParam_MEMORY_1_Config3_RegAddress not found: check if there is a RefParameter without a condition.
2025-09-03 10:01:31,880 [WARN] IP:2250 - RefParam_MEMORY_2_Instance not found: check if there is a RefParameter without a condition.
2025-09-03 10:01:31,880 [WARN] IP:2250 - RefParam_MEMORY_2_ConfigType not found: check if there is a RefParameter without a condition.
2025-09-03 10:01:31,880 [WARN] IP:2250 - RefParam_MEMORY_2_Size not found: check if there is a RefParameter without a condition.
2025-09-03 10:01:31,880 [WARN] IP:2250 - RefParam_MEMORY_2_FreqMax not found: check if there is a RefParameter without a condition.
2025-09-03 10:01:31,880 [WARN] IP:2250 - RefParam_MEMORY_2_ReadReg not found: check if there is a RefParameter without a condition.
2025-09-03 10:01:31,880 [WARN] IP:2250 - RefParam_MEMORY_2_WriteReg not found: check if there is a RefParameter without a condition.
2025-09-03 10:01:31,880 [WARN] IP:2250 - RefParam_MEMORY_2_RegSize not found: check if there is a RefParameter without a condition.
2025-09-03 10:01:31,880 [WARN] IP:2250 - RefParam_MEMORY_2_RegDummyCycle not found: check if there is a RefParameter without a condition.
2025-09-03 10:01:31,880 [WARN] IP:2250 - RefParam_MEMORY_2_WriteCommand not found: check if there is a RefParameter without a condition.
2025-09-03 10:01:31,880 [WARN] IP:2250 - RefParam_MEMORY_2_WriteDummyCycle not found: check if there is a RefParameter without a condition.
2025-09-03 10:01:31,880 [WARN] IP:2250 - RefParam_MEMORY_2_ReadCommand not found: check if there is a RefParameter without a condition.
2025-09-03 10:01:31,881 [WARN] IP:2250 - RefParam_MEMORY_2_WrapReadCommand not found: check if there is a RefParameter without a condition.
2025-09-03 10:01:31,881 [WARN] IP:2250 - RefParam_MEMORY_2_ReadDummyCycle not found: check if there is a RefParameter without a condition.
2025-09-03 10:01:31,881 [WARN] IP:2250 - RefParam_MEMORY_2_NumberOfConfig not found: check if there is a RefParameter without a condition.
2025-09-03 10:01:31,881 [WARN] IP:2250 - RefParam_MEMORY_2_Config1_WriteMask not found: check if there is a RefParameter without a condition.
2025-09-03 10:01:31,881 [WARN] IP:2250 - RefParam_MEMORY_2_Config1_WriteValue not found: check if there is a RefParameter without a condition.
2025-09-03 10:01:31,881 [WARN] IP:2250 - RefParam_MEMORY_2_Config1_RegAddress not found: check if there is a RefParameter without a condition.
2025-09-03 10:01:31,881 [WARN] IP:2250 - RefParam_MEMORY_2_Config2_WriteMask not found: check if there is a RefParameter without a condition.
2025-09-03 10:01:31,881 [WARN] IP:2250 - RefParam_MEMORY_2_Config2_WriteValue not found: check if there is a RefParameter without a condition.
2025-09-03 10:01:31,881 [WARN] IP:2250 - RefParam_MEMORY_2_Config2_RegAddress not found: check if there is a RefParameter without a condition.
2025-09-03 10:01:31,881 [WARN] IP:2250 - RefParam_MEMORY_2_Config3_WriteMask not found: check if there is a RefParameter without a condition.
2025-09-03 10:01:31,881 [WARN] IP:2250 - RefParam_MEMORY_2_Config3_WriteValue not found: check if there is a RefParameter without a condition.
2025-09-03 10:01:31,881 [WARN] IP:2250 - RefParam_MEMORY_2_Config3_RegAddress not found: check if there is a RefParameter without a condition.
2025-09-03 10:01:31,988 [INFO] Middleware:1452 - No code input for Bsp Dependency
2025-09-03 10:01:31,991 [INFO] Middleware:1452 - No code input for Bsp Dependency
2025-09-03 10:01:31,992 [INFO] Middleware:1452 - No code input for Bsp Dependency
2025-09-03 10:01:31,993 [INFO] Middleware:1452 - No code input for Bsp Dependency
2025-09-03 10:01:31,994 [INFO] Middleware:1452 - No code input for Bsp Dependency
2025-09-03 10:01:31,994 [INFO] IP:3329 - RTE Config file name : RTE_Component
2025-09-03 10:01:31,994 [INFO] IP:3347 - RTE template : RTE_Components.ftl
2025-09-03 10:01:31,995 [INFO] Middleware:1452 - No code input for Bsp Dependency
2025-09-03 10:01:31,996 [INFO] Middleware:1452 - No code input for Bsp Dependency
2025-09-03 10:01:31,997 [INFO] Middleware:1452 - No code input for Bsp Dependency
2025-09-03 10:01:31,997 [INFO] CodeGenerator:1619 - *******************Project context FSBL selected
2025-09-03 10:01:32,076 [INFO] CodeEngine:265 - oldGeneratedFile, C:\ST\AB_LSTM\AB_LSTM\MXTmpFiles\license.tmp_save
2025-09-03 10:01:32,390 [INFO] CodeEngine:289 - Generated code: C:\ST\AB_LSTM\AB_LSTM\MXTmpFiles\license.tmp
2025-09-03 10:01:32,439 [INFO] CodeEngine:265 - oldGeneratedFile, C:\ST\AB_LSTM\AB_LSTM\FSBL\MXTmpFiles\gpio.tmp_save
2025-09-03 10:01:32,638 [INFO] CodeEngine:289 - Generated code: C:\ST\AB_LSTM\AB_LSTM\FSBL\MXTmpFiles\gpio.tmp
2025-09-03 10:01:32,786 [WARN] IPConfigManager:103 - WARNING: Missing Config File for XSPIM ip!!
2025-09-03 10:01:32,830 [INFO] Middleware:1452 - No code input for Bsp Dependency
2025-09-03 10:01:32,839 [INFO] CodeEngine:265 - oldGeneratedFile, C:\ST\AB_LSTM\AB_LSTM\FSBL\MXTmpFiles\boot_code.tmp_save
2025-09-03 10:01:33,007 [INFO] CodeEngine:289 - Generated code: C:\ST\AB_LSTM\AB_LSTM\FSBL\MXTmpFiles\boot_code.tmp
2025-09-03 10:01:33,027 [INFO] CodeEngine:265 - oldGeneratedFile, C:\ST\AB_LSTM\AB_LSTM\FSBL\MXTmpFiles\cortex.tmp_save
2025-09-03 10:01:33,176 [INFO] CodeEngine:289 - Generated code: C:\ST\AB_LSTM\AB_LSTM\FSBL\MXTmpFiles\cortex.tmp
2025-09-03 10:01:33,188 [INFO] Middleware:1452 - No code input for Bsp Dependency
2025-09-03 10:01:33,198 [INFO] CodeEngine:265 - oldGeneratedFile, C:\ST\AB_LSTM\AB_LSTM\FSBL\Core\Inc\extmem_manager.h_save
2025-09-03 10:01:33,361 [INFO] CodeEngine:289 - Generated code: C:\ST\AB_LSTM\AB_LSTM\FSBL\Core\Inc\extmem_manager.h
2025-09-03 10:01:33,372 [INFO] CodeEngine:265 - oldGeneratedFile, C:\ST\AB_LSTM\AB_LSTM\FSBL\Core\Src\extmem_manager.c_save
2025-09-03 10:01:33,496 [INFO] CodeEngine:289 - Generated code: C:\ST\AB_LSTM\AB_LSTM\FSBL\Core\Src\extmem_manager.c
2025-09-03 10:01:33,505 [INFO] CodeEngine:265 - oldGeneratedFile, C:\ST\AB_LSTM\AB_LSTM\FSBL\Core\Inc\stm32_extmem_conf.h_save
2025-09-03 10:01:33,633 [INFO] CodeEngine:289 - Generated code: C:\ST\AB_LSTM\AB_LSTM\FSBL\Core\Inc\stm32_extmem_conf.h
2025-09-03 10:01:33,642 [INFO] CodeEngine:265 - oldGeneratedFile, C:\ST\AB_LSTM\AB_LSTM\FSBL\MXTmpFiles\boot_code.tmp_save
2025-09-03 10:01:33,683 [INFO] CodeEngine:289 - Generated code: C:\ST\AB_LSTM\AB_LSTM\FSBL\MXTmpFiles\boot_code.tmp
2025-09-03 10:01:33,716 [INFO] CodeEngine:265 - oldGeneratedFile, C:\ST\AB_LSTM\AB_LSTM\FSBL\Core\Src\stm32n6xx_it.c_save
2025-09-03 10:01:33,913 [INFO] CodeEngine:289 - Generated code: C:\ST\AB_LSTM\AB_LSTM\FSBL\Core\Src\stm32n6xx_it.c
2025-09-03 10:01:33,921 [INFO] CodeEngine:265 - oldGeneratedFile, C:\ST\AB_LSTM\AB_LSTM\FSBL\Core\Inc\stm32n6xx_it.h_save
2025-09-03 10:01:33,991 [INFO] CodeEngine:289 - Generated code: C:\ST\AB_LSTM\AB_LSTM\FSBL\Core\Inc\stm32n6xx_it.h
2025-09-03 10:01:34,103 [INFO] CodeEngine:265 - oldGeneratedFile, C:\ST\AB_LSTM\AB_LSTM\FSBL\Core\Src\stm32n6xx_hal_msp.c_save
2025-09-03 10:01:34,305 [INFO] CodeEngine:289 - Generated code: C:\ST\AB_LSTM\AB_LSTM\FSBL\Core\Src\stm32n6xx_hal_msp.c
2025-09-03 10:01:34,316 [INFO] CodeEngine:265 - oldGeneratedFile, C:\ST\AB_LSTM\AB_LSTM\FSBL\MXTmpFiles\system.tmp_save
2025-09-03 10:01:34,383 [INFO] CodeEngine:289 - Generated code: C:\ST\AB_LSTM\AB_LSTM\FSBL\MXTmpFiles\system.tmp
2025-09-03 10:01:34,405 [INFO] CodeEngine:321 - oldGeneratedFile, C:\ST\AB_LSTM\AB_LSTM\FSBL\Core\Inc\stm32n6xx_hal_conf.h_save
2025-09-03 10:01:34,525 [INFO] CodeEngine:345 - Generated code: C:\ST\AB_LSTM\AB_LSTM\FSBL\Core\Inc\stm32n6xx_hal_conf.h
2025-09-03 10:01:34,546 [WARN] IPConfigManager:3238 - Warning: the RefConfig RCC_ConfigVoltageScaling is not available in your config.xml file
2025-09-03 10:01:34,551 [WARN] IPConfigManager:3238 - Warning: the RefConfig RCC_RTC_HSEDIV is not available in your config.xml file
2025-09-03 10:01:34,559 [ERROR] ApiDbMcu:560 - Cannot parse XSPIM_Config file : file do not exist
2025-09-03 10:01:34,577 [INFO] CodeEngine:265 - oldGeneratedFile, C:\ST\AB_LSTM\AB_LSTM\FSBL\Core\Inc\main.h_save
2025-09-03 10:01:34,751 [INFO] CodeEngine:289 - Generated code: C:\ST\AB_LSTM\AB_LSTM\FSBL\Core\Inc\main.h
2025-09-03 10:01:34,759 [INFO] CodeEngine:265 - oldGeneratedFile, C:\ST\AB_LSTM\AB_LSTM\FSBL\Core\Src\main.c_save
2025-09-03 10:01:34,913 [INFO] CodeEngine:289 - Generated code: C:\ST\AB_LSTM\AB_LSTM\FSBL\Core\Src\main.c
2025-09-03 10:01:34,972 [INFO] CodeGenerator:1619 - *******************Project context Appli selected
2025-09-03 10:01:35,035 [INFO] IP:3329 - RTE Config file name : RTE_Component
2025-09-03 10:01:35,036 [INFO] IP:3347 - RTE template : RTE_Components.ftl
2025-09-03 10:01:35,050 [INFO] CodeEngine:265 - oldGeneratedFile, C:\ST\AB_LSTM\AB_LSTM\MXTmpFiles\license.tmp_save
2025-09-03 10:01:35,164 [INFO] CodeEngine:289 - Generated code: C:\ST\AB_LSTM\AB_LSTM\MXTmpFiles\license.tmp
2025-09-03 10:01:35,181 [INFO] CodeEngine:265 - oldGeneratedFile, C:\ST\AB_LSTM\AB_LSTM\Appli\MXTmpFiles\gpio.tmp_save
2025-09-03 10:01:35,253 [INFO] CodeEngine:289 - Generated code: C:\ST\AB_LSTM\AB_LSTM\Appli\MXTmpFiles\gpio.tmp
2025-09-03 10:01:35,323 [WARN] IPConfigManager:103 - WARNING: Missing Config File for NVIC ip!!
2025-09-03 10:01:35,392 [INFO] Middleware:1452 - No code input for Bsp Dependency
2025-09-03 10:01:35,392 [INFO] Middleware:1452 - No code input for Bsp Dependency
2025-09-03 10:01:35,392 [INFO] IP:3329 - RTE Config file name : RTE_Component
2025-09-03 10:01:35,392 [INFO] IP:3347 - RTE template : RTE_Components.ftl
2025-09-03 10:01:35,400 [INFO] CodeEngine:265 - oldGeneratedFile, C:\ST\AB_LSTM\AB_LSTM\Appli\MXTmpFiles\cortex.tmp_save
2025-09-03 10:01:35,494 [INFO] CodeEngine:289 - Generated code: C:\ST\AB_LSTM\AB_LSTM\Appli\MXTmpFiles\cortex.tmp
2025-09-03 10:01:35,531 [INFO] CodeEngine:265 - oldGeneratedFile, C:\ST\AB_LSTM\AB_LSTM\Appli\Core\Inc\stm32n6xx_nucleo_conf.h_save
2025-09-03 10:01:35,662 [INFO] CodeEngine:289 - Generated code: C:\ST\AB_LSTM\AB_LSTM\Appli\Core\Inc\stm32n6xx_nucleo_conf.h
2025-09-03 10:01:35,666 [INFO] CodeEngine:265 - oldGeneratedFile, C:\ST\AB_LSTM\AB_LSTM\Appli\MXTmpFiles\bsp_inc.tmp_save
2025-09-03 10:01:35,728 [INFO] CodeEngine:289 - Generated code: C:\ST\AB_LSTM\AB_LSTM\Appli\MXTmpFiles\bsp_inc.tmp
2025-09-03 10:01:35,740 [INFO] CodeEngine:265 - oldGeneratedFile, C:\ST\AB_LSTM\AB_LSTM\Appli\MXTmpFiles\bsp_common_vars.tmp_save
2025-09-03 10:01:35,780 [INFO] CodeEngine:289 - Generated code: C:\ST\AB_LSTM\AB_LSTM\Appli\MXTmpFiles\bsp_common_vars.tmp
2025-09-03 10:01:35,784 [INFO] CodeEngine:265 - oldGeneratedFile, C:\ST\AB_LSTM\AB_LSTM\Appli\MXTmpFiles\bsp_common_init.tmp_save
2025-09-03 10:01:35,826 [INFO] CodeEngine:289 - Generated code: C:\ST\AB_LSTM\AB_LSTM\Appli\MXTmpFiles\bsp_common_init.tmp
2025-09-03 10:01:35,837 [INFO] CodeEngine:265 - oldGeneratedFile, C:\ST\AB_LSTM\AB_LSTM\Appli\MXTmpFiles\bsp_common_demo_before_while.tmp_save
2025-09-03 10:01:35,871 [INFO] CodeEngine:289 - Generated code: C:\ST\AB_LSTM\AB_LSTM\Appli\MXTmpFiles\bsp_common_demo_before_while.tmp
2025-09-03 10:01:35,875 [INFO] CodeEngine:265 - oldGeneratedFile, C:\ST\AB_LSTM\AB_LSTM\Appli\MXTmpFiles\bsp_common_demo_inside_while.tmp_save
2025-09-03 10:01:35,910 [INFO] CodeEngine:289 - Generated code: C:\ST\AB_LSTM\AB_LSTM\Appli\MXTmpFiles\bsp_common_demo_inside_while.tmp
2025-09-03 10:01:35,914 [INFO] CodeEngine:265 - oldGeneratedFile, C:\ST\AB_LSTM\AB_LSTM\Appli\MXTmpFiles\bsp_common_demo_fct.tmp_save
2025-09-03 10:01:35,955 [INFO] CodeEngine:289 - Generated code: C:\ST\AB_LSTM\AB_LSTM\Appli\MXTmpFiles\bsp_common_demo_fct.tmp
2025-09-03 10:01:35,959 [INFO] Middleware:1452 - No code input for Bsp Dependency
2025-09-03 10:01:35,959 [INFO] Middleware:1452 - No code input for Bsp Dependency
2025-09-03 10:01:35,959 [INFO] IP:3329 - RTE Config file name : RTE_Component
2025-09-03 10:01:35,959 [INFO] IP:3347 - RTE template : RTE_Components.ftl
2025-09-03 10:01:35,965 [INFO] CodeEngine:265 - oldGeneratedFile, C:\ST\AB_LSTM\AB_LSTM\Appli\X-CUBE-AI\App\app_x-cube-ai.h_save
2025-09-03 10:01:36,056 [INFO] CodeEngine:289 - Generated code: C:\ST\AB_LSTM\AB_LSTM\Appli\X-CUBE-AI\App\app_x-cube-ai.h
2025-09-03 10:01:36,062 [INFO] CodeEngine:265 - oldGeneratedFile, C:\ST\AB_LSTM\AB_LSTM\Appli\X-CUBE-AI\constants_ai.h_save
2025-09-03 10:01:36,135 [INFO] CodeEngine:289 - Generated code: C:\ST\AB_LSTM\AB_LSTM\Appli\X-CUBE-AI\constants_ai.h
2025-09-03 10:01:36,141 [INFO] CodeEngine:265 - oldGeneratedFile, C:\ST\AB_LSTM\AB_LSTM\Appli\X-CUBE-AI\App\app_x-cube-ai.c_save
2025-09-03 10:01:36,247 [INFO] CodeEngine:289 - Generated code: C:\ST\AB_LSTM\AB_LSTM\Appli\X-CUBE-AI\App\app_x-cube-ai.c
2025-09-03 10:01:36,288 [INFO] CodeEngine:265 - oldGeneratedFile, C:\ST\AB_LSTM\AB_LSTM\Appli\Core\Src\stm32n6xx_it.c_save
2025-09-03 10:01:36,459 [INFO] CodeEngine:289 - Generated code: C:\ST\AB_LSTM\AB_LSTM\Appli\Core\Src\stm32n6xx_it.c
2025-09-03 10:01:36,466 [INFO] CodeEngine:265 - oldGeneratedFile, C:\ST\AB_LSTM\AB_LSTM\Appli\Core\Inc\stm32n6xx_it.h_save
2025-09-03 10:01:36,523 [INFO] CodeEngine:289 - Generated code: C:\ST\AB_LSTM\AB_LSTM\Appli\Core\Inc\stm32n6xx_it.h
2025-09-03 10:01:36,526 [INFO] IP:3329 - RTE Config file name : RTE_Component
2025-09-03 10:01:36,526 [INFO] IP:3347 - RTE template : RTE_Components.ftl
2025-09-03 10:01:36,526 [INFO] CodeGenerator:2312 - Add RTE Code Input 
2025-09-03 10:01:36,533 [INFO] CodeEngine:265 - oldGeneratedFile, C:\ST\AB_LSTM\AB_LSTM\Appli\Core\Inc\RTE_Components.h_save
2025-09-03 10:01:36,637 [INFO] CodeEngine:289 - Generated code: C:\ST\AB_LSTM\AB_LSTM\Appli\Core\Inc\RTE_Components.h
2025-09-03 10:01:36,646 [INFO] CodeEngine:265 - oldGeneratedFile, C:\ST\AB_LSTM\AB_LSTM\Appli\MXTmpFiles\RIFInit.tmp_save
2025-09-03 10:01:36,718 [INFO] CodeEngine:289 - Generated code: C:\ST\AB_LSTM\AB_LSTM\Appli\MXTmpFiles\RIFInit.tmp
2025-09-03 10:01:36,773 [INFO] CodeEngine:265 - oldGeneratedFile, C:\ST\AB_LSTM\AB_LSTM\Appli\Core\Src\stm32n6xx_hal_msp.c_save
2025-09-03 10:01:36,958 [INFO] CodeEngine:289 - Generated code: C:\ST\AB_LSTM\AB_LSTM\Appli\Core\Src\stm32n6xx_hal_msp.c
2025-09-03 10:01:36,963 [INFO] CodeEngine:265 - oldGeneratedFile, C:\ST\AB_LSTM\AB_LSTM\Appli\MXTmpFiles\system.tmp_save
2025-09-03 10:01:36,998 [INFO] CodeEngine:289 - Generated code: C:\ST\AB_LSTM\AB_LSTM\Appli\MXTmpFiles\system.tmp
2025-09-03 10:01:37,012 [INFO] CodeEngine:321 - oldGeneratedFile, C:\ST\AB_LSTM\AB_LSTM\Appli\Core\Inc\stm32n6xx_hal_conf.h_save
2025-09-03 10:01:37,134 [INFO] CodeEngine:345 - Generated code: C:\ST\AB_LSTM\AB_LSTM\Appli\Core\Inc\stm32n6xx_hal_conf.h
2025-09-03 10:01:37,147 [WARN] IPConfigManager:3238 - Warning: the RefConfig RCC_ConfigVoltageScaling is not available in your config.xml file
2025-09-03 10:01:37,148 [WARN] IPConfigManager:3238 - Warning: the RefConfig RCC_RTC_HSEDIV is not available in your config.xml file
2025-09-03 10:01:37,158 [WARN] IPConfigManager:3811 - IP not found : TIM
2025-09-03 10:01:37,159 [WARN] CodeGenerator:4259 - IP not found : null
2025-09-03 10:01:37,166 [INFO] CodeEngine:265 - oldGeneratedFile, C:\ST\AB_LSTM\AB_LSTM\Appli\Core\Inc\main.h_save
2025-09-03 10:01:37,324 [INFO] CodeEngine:289 - Generated code: C:\ST\AB_LSTM\AB_LSTM\Appli\Core\Inc\main.h
2025-09-03 10:01:37,334 [INFO] CodeEngine:265 - oldGeneratedFile, C:\ST\AB_LSTM\AB_LSTM\Appli\Core\Src\main.c_save
2025-09-03 10:01:37,471 [INFO] CodeEngine:289 - Generated code: C:\ST\AB_LSTM\AB_LSTM\Appli\Core\Src\main.c
2025-09-03 10:01:37,493 [INFO] CodeEngine:265 - oldGeneratedFile, C:\ST\AB_LSTM\AB_LSTM\Appli\Core\Src\secure_nsc.c_save
2025-09-03 10:01:37,598 [INFO] CodeEngine:289 - Generated code: C:\ST\AB_LSTM\AB_LSTM\Appli\Core\Src\secure_nsc.c
2025-09-03 10:01:37,603 [INFO] CodeEngine:265 - oldGeneratedFile, C:\ST\AB_LSTM\AB_LSTM\Appli\Core\Inc\partition_stm32n657xx.h_save
2025-09-03 10:01:37,677 [INFO] CodeEngine:289 - Generated code: C:\ST\AB_LSTM\AB_LSTM\Appli\Core\Inc\partition_stm32n657xx.h
2025-09-03 10:01:37,684 [INFO] CodeEngine:265 - oldGeneratedFile, C:\ST\AB_LSTM\AB_LSTM\Secure_nsclib\secure_nsc.h_save
2025-09-03 10:01:37,745 [INFO] CodeEngine:289 - Generated code: C:\ST\AB_LSTM\AB_LSTM\Secure_nsclib\secure_nsc.h
2025-09-03 10:01:37,774 [INFO] CodeGenerator:1707 - *******************Project context ExtMemLoader Not selected
2025-09-03 10:01:38,674 [INFO] AInterface:322 - ModelName:network; files:[C:\Users\ZOJOLDRI\OneDrive - Carl Zeiss AG\Dokumente\Zeiss\SMT\Bachelor\Model Workspace\AB Encoder Model--02.09.2025\AB_Encoder_Synthetic_Data\lstm_ab_encoder.h5]; type:Keras; compression:None
2025-09-03 10:01:38,675 [INFO] AInterface:526 - workspaceTempDir: C:/Users/ZOJOLDRI/AppData/Local/Temp/mxAI_workspace11207457474020007501331083191296774
2025-09-03 10:01:38,675 [INFO] AInterface:1176 - Setting Env: C:/Users/ZOJOLDRI/STM32Cube/Repository/Packs/STMicroelectronics/X-CUBE-AI/10.2.0/Utilities/windows
2025-09-03 10:01:38,681 [INFO] STM32CubeIDEBuilder:265 - Looking for gnu-tools-for-stm32 tools/bin/arm-none-eabi-gcc.exe in C:\ST\STM32CubeIDE_1.19.0\STM32CubeIDE
2025-09-03 10:01:38,683 [INFO] STM32CubeIDEBuilder:294 - checking C:\ST\STM32CubeIDE_1.19.0\STM32CubeIDE\plugins\com.st.stm32cube.ide.mcu.externaltools.gnu-tools-for-stm32.13.3.rel1.win32_1.0.0.202411081344\tools\bin\arm-none-eabi-gcc.exe
2025-09-03 10:01:38,684 [INFO] STM32CubeIDEBuilder:297 - ret=C:\ST\STM32CubeIDE_1.19.0\STM32CubeIDE\plugins\com.st.stm32cube.ide.mcu.externaltools.gnu-tools-for-stm32.13.3.rel1.win32_1.0.0.202411081344\tools\bin\arm-none-eabi-gcc.exe
2025-09-03 10:01:38,684 [INFO] STM32CubeIDEBuilder:311 - returning C:\ST\STM32CubeIDE_1.19.0\STM32CubeIDE\plugins\com.st.stm32cube.ide.mcu.externaltools.gnu-tools-for-stm32.13.3.rel1.win32_1.0.0.202411081344\tools\bin\arm-none-eabi-gcc.exe
2025-09-03 10:01:38,685 [INFO] AInterface:1233 - Custom PATH variable: C:/Users/ZOJOLDRI/STM32Cube/Repository/Packs/STMicroelectronics/X-CUBE-AI/10.2.0/Utilities/windows;C:/Users/ZOJOLDRI/STM32Cube/Repository/Packs/STMicroelectronics/X-CUBE-AI/10.2.0/Utilities/windows/mingw64/bin;C:/Users/ZOJOLDRI/STM32Cube/Repository/Packs/STMicroelectronics/X-CUBE-AI/10.2.0/Utilities/windows/mingw64/libexec/gcc/x86_64-w64-mingw32/7.3.0;;C:\ST\STM32CubeIDE_1.19.0\STM32CubeIDE\plugins\com.st.stm32cube.ide.mcu.externaltools.gnu-tools-for-stm32.13.3.rel1.win32_1.0.0.202411081344\tools\bin
2025-09-03 10:01:38,687 [INFO] CmdLine:115 - Command: C:/Users/ZOJOLDRI/STM32Cube/Repository/Packs/STMicroelectronics/X-CUBE-AI/10.2.0/Utilities/windows/stedgeai.exe generate --target stm32n6 --name network -m C:/Users/ZOJOLDRI/OneDrive - Carl Zeiss AG/Dokumente/Zeiss/SMT/Bachelor/Model Workspace/AB Encoder Model--02.09.2025/AB_Encoder_Synthetic_Data/lstm_ab_encoder.h5 --compression none --verbosity 1 --workspace C:/Users/ZOJOLDRI/AppData/Local/Temp/mxAI_workspace11207457474020007501331083191296774 --output C:/Users/ZOJOLDRI/.stm32cubemx/network_output
2025-09-03 10:01:38,687 [INFO] AIModelDetailledView:2380 - Analysis status: pending
2025-09-03 10:01:46,458 [INFO] CmdLine:76 - ST Edge AI Core v2.2.0-20266 2adc00962
2025-09-03 10:03:00,161 [INFO] CmdLine:76 - Creating c (debug) info json file C:\Users\ZOJOLDRI\.stm32cubemx\network_output\network_c_info.json
2025-09-03 10:03:00,173 [INFO] CmdLine:76 -  
2025-09-03 10:03:00,174 [INFO] CmdLine:76 -  Exec/report summary (generate)
2025-09-03 10:03:00,174 [INFO] CmdLine:76 -  -------------------------------------------------------------------------------------------------------------------------------------------------------------------------------------------
2025-09-03 10:03:00,174 [INFO] CmdLine:76 -  model file         :   C:\Users\ZOJOLDRI\OneDrive - Carl Zeiss AG\Dokumente\Zeiss\SMT\Bachelor\Model Workspace\AB Encoder Model--02.09.2025\AB_Encoder_Synthetic_Data\lstm_ab_encoder.h5   
2025-09-03 10:03:00,174 [INFO] CmdLine:76 -  type               :   keras                                                                                                                                                               
2025-09-03 10:03:00,174 [INFO] CmdLine:76 -  c_name             :   network                                                                                                                                                             
2025-09-03 10:03:00,174 [INFO] CmdLine:76 -  compression        :   none                                                                                                                                                                
2025-09-03 10:03:00,174 [INFO] CmdLine:76 -  options            :   allocate-inputs, allocate-outputs                                                                                                                                   
2025-09-03 10:03:00,174 [INFO] CmdLine:76 -  optimization       :   balanced                                                                                                                                                            
2025-09-03 10:03:00,175 [INFO] CmdLine:76 -  target/series      :   stm32n6                                                                                                                                                             
2025-09-03 10:03:00,175 [INFO] CmdLine:76 -  workspace dir      :   C:\Users\ZOJOLDRI\AppData\Local\Temp\mxAI_workspace11207457474020007501331083191296774                                                                              
2025-09-03 10:03:00,175 [INFO] CmdLine:76 -  output dir         :   C:\Users\ZOJOLDRI\.stm32cubemx\network_output                                                                                                                       
2025-09-03 10:03:00,175 [INFO] CmdLine:76 -  model_fmt          :   float                                                                                                                                                               
2025-09-03 10:03:00,175 [INFO] CmdLine:76 -  model_name         :   lstm_ab_encoder                                                                                                                                                     
2025-09-03 10:03:00,175 [INFO] CmdLine:76 -  model_hash         :   0xb9e6d1f2f93291781e52f63e3d49d785                                                                                                                                  
2025-09-03 10:03:00,175 [INFO] CmdLine:76 -  params #           :   6,083 items (23.76 KiB)                                                                                                                                             
2025-09-03 10:03:00,175 [INFO] CmdLine:76 -  -------------------------------------------------------------------------------------------------------------------------------------------------------------------------------------------
2025-09-03 10:03:00,175 [INFO] CmdLine:76 -  input 1/1          :   'input_0', f32(1x20x10), 800 Bytes, activations                                                                                                                     
2025-09-03 10:03:00,175 [INFO] CmdLine:76 -  output 1/1         :   'output', f32(1x3), 12 Bytes, activations                                                                                                                           
2025-09-03 10:03:00,175 [INFO] CmdLine:76 -  macc               :   111,360                                                                                                                                                             
2025-09-03 10:03:00,175 [INFO] CmdLine:76 -  weights (ro)       :   24,716 B (24.14 KiB) (1 segment) / +384(+1.6%) vs float model                                                                                                       
2025-09-03 10:03:00,176 [INFO] CmdLine:76 -  activations (rw)   :   1,824 B (1.78 KiB) (1 segment) *                                                                                                                                    
2025-09-03 10:03:00,176 [INFO] CmdLine:76 -  ram (total)        :   1,824 B (1.78 KiB) = 1,824 + 0 + 0                                                                                                                                  
2025-09-03 10:03:00,176 [INFO] CmdLine:76 -  -------------------------------------------------------------------------------------------------------------------------------------------------------------------------------------------
2025-09-03 10:03:00,176 [INFO] CmdLine:76 -  (*) 'input'/'output' buffers are allocated in the activations buffer
2025-09-03 10:03:00,177 [INFO] CmdLine:76 - Computing AI RT data/code size (target=stm32n6)..
2025-09-03 10:03:06,847 [INFO] CmdLine:76 -  Requested memory size by section - "stm32n6" target
2025-09-03 10:03:06,847 [INFO] CmdLine:76 -  ------------------------------- -------- -------- ------- -------
2025-09-03 10:03:06,848 [INFO] CmdLine:76 -  module                              text   rodata    data     bss
2025-09-03 10:03:06,848 [INFO] CmdLine:76 -  ------------------------------- -------- -------- ------- -------
2025-09-03 10:03:06,848 [INFO] CmdLine:76 -  NetworkRuntime1020_CM55_GCC.a     15,800       32       0       0
2025-09-03 10:03:06,849 [INFO] CmdLine:76 -  network.o                            592       40   1,888     136
2025-09-03 10:03:06,849 [INFO] CmdLine:76 -  network_data.o                        48       16      88       0
2025-09-03 10:03:06,850 [INFO] CmdLine:76 -  lib (toolchain)*                   1,132      340       0       0
2025-09-03 10:03:06,850 [INFO] CmdLine:76 -  ------------------------------- -------- -------- ------- -------
2025-09-03 10:03:06,850 [INFO] CmdLine:76 -  RT total**                        17,572      428   1,976     136
2025-09-03 10:03:06,850 [INFO] CmdLine:76 -  ------------------------------- -------- -------- ------- -------
2025-09-03 10:03:06,851 [INFO] CmdLine:76 -  weights                                0   24,720       0       0
2025-09-03 10:03:06,851 [INFO] CmdLine:76 -  activations                            0        0       0   1,824
2025-09-03 10:03:06,851 [INFO] CmdLine:76 -  io                                     0        0       0       0
2025-09-03 10:03:06,851 [INFO] CmdLine:76 -  ------------------------------- -------- -------- ------- -------
2025-09-03 10:03:06,851 [INFO] CmdLine:76 -  TOTAL                             17,572   25,148   1,976   1,960
2025-09-03 10:03:06,852 [INFO] CmdLine:76 -  ------------------------------- -------- -------- ------- -------
2025-09-03 10:03:06,852 [INFO] CmdLine:76 -  *  toolchain objects (libm/libgcc*)
2025-09-03 10:03:06,852 [INFO] CmdLine:76 -  ** RT AI runtime objects (kernels+infrastructure)
2025-09-03 10:03:06,852 [INFO] CmdLine:76 -   Summary - "stm32n6" target
2025-09-03 10:03:06,852 [INFO] CmdLine:76 -   ---------------------------------------------------
2025-09-03 10:03:06,852 [INFO] CmdLine:76 -                FLASH (ro)      %*   RAM (rw)       %
2025-09-03 10:03:06,852 [INFO] CmdLine:76 -   ---------------------------------------------------
2025-09-03 10:03:06,852 [INFO] CmdLine:76 -   RT total         19,976   44.7%      2,112   53.7%
2025-09-03 10:03:06,852 [INFO] CmdLine:76 -   ---------------------------------------------------
2025-09-03 10:03:06,852 [INFO] CmdLine:76 -   TOTAL            44,696              3,936
2025-09-03 10:03:06,852 [INFO] CmdLine:76 -   ---------------------------------------------------
2025-09-03 10:03:06,852 [INFO] CmdLine:76 -   *  rt/total
2025-09-03 10:03:06,852 [INFO] CmdLine:76 -  Generated files (7)
2025-09-03 10:03:06,853 [INFO] CmdLine:76 -  ---------------------------------------------------------------------
2025-09-03 10:03:06,853 [INFO] CmdLine:76 -  C:\Users\ZOJOLDRI\.stm32cubemx\network_output\network_data_params.h
2025-09-03 10:03:06,853 [INFO] CmdLine:76 -  C:\Users\ZOJOLDRI\.stm32cubemx\network_output\network_data_params.c
2025-09-03 10:03:06,853 [INFO] CmdLine:76 -  C:\Users\ZOJOLDRI\.stm32cubemx\network_output\network_data.h
2025-09-03 10:03:06,853 [INFO] CmdLine:76 -  C:\Users\ZOJOLDRI\.stm32cubemx\network_output\network_data.c
2025-09-03 10:03:06,853 [INFO] CmdLine:76 -  C:\Users\ZOJOLDRI\.stm32cubemx\network_output\network_config.h
2025-09-03 10:03:06,853 [INFO] CmdLine:76 -  C:\Users\ZOJOLDRI\.stm32cubemx\network_output\network.h
2025-09-03 10:03:06,853 [INFO] CmdLine:76 -  C:\Users\ZOJOLDRI\.stm32cubemx\network_output\network.c
2025-09-03 10:03:06,853 [INFO] CmdLine:76 - Creating txt report file C:\Users\ZOJOLDRI\.stm32cubemx\network_output\network_generate_report.txt
2025-09-03 10:03:09,259 [INFO] CmdLine:76 - elapsed time (generate): 82.803s
2025-09-03 10:03:09,619 [INFO] CmdLine:148 - stedgeai exit with status: 0
2025-09-03 10:03:09,632 [INFO] AIModelDetailledView:2380 - Analysis status: done
2025-09-03 10:03:10,457 [INFO] ProjectBuilder:3606 - Time for Copy HAL[1] : 382mS.
2025-09-03 10:03:10,457 [ERROR] Middleware:2950 - Invalid RefComponent list
2025-09-03 10:03:10,458 [ERROR] Middleware:2950 - Invalid RefComponent list
2025-09-03 10:03:10,458 [ERROR] Middleware:2950 - Invalid RefComponent list
2025-09-03 10:03:10,458 [ERROR] Middleware:2950 - Invalid RefComponent list
2025-09-03 10:03:10,458 [ERROR] Middleware:2950 - Invalid RefComponent list
2025-09-03 10:03:10,458 [ERROR] Middleware:2950 - Invalid RefComponent list
2025-09-03 10:03:10,458 [ERROR] Middleware:2950 - Invalid RefComponent list
2025-09-03 10:03:10,458 [ERROR] Middleware:2950 - Invalid RefComponent list
2025-09-03 10:03:10,458 [ERROR] Middleware:2950 - Invalid RefComponent list
2025-09-03 10:03:10,458 [ERROR] Middleware:2950 - Invalid RefComponent list
2025-09-03 10:03:10,458 [ERROR] Middleware:2950 - Invalid RefComponent list
2025-09-03 10:03:10,458 [ERROR] Middleware:2950 - Invalid RefComponent list
2025-09-03 10:03:10,458 [ERROR] Middleware:2950 - Invalid RefComponent list
2025-09-03 10:03:10,458 [ERROR] Middleware:2950 - Invalid RefComponent list
2025-09-03 10:03:10,458 [ERROR] Middleware:2950 - Invalid RefComponent list
2025-09-03 10:03:10,458 [ERROR] Middleware:2950 - Invalid RefComponent list
2025-09-03 10:03:10,458 [ERROR] Middleware:2950 - Invalid RefComponent list
2025-09-03 10:03:10,458 [ERROR] Middleware:2950 - Invalid RefComponent list
2025-09-03 10:03:10,458 [ERROR] Middleware:2950 - Invalid RefComponent list
2025-09-03 10:03:10,458 [ERROR] Middleware:2950 - Invalid RefComponent list
2025-09-03 10:03:10,458 [ERROR] Middleware:2950 - Invalid RefComponent list
2025-09-03 10:03:10,458 [ERROR] Middleware:2950 - Invalid RefComponent list
2025-09-03 10:03:10,458 [ERROR] Middleware:2950 - Invalid RefComponent list
2025-09-03 10:03:10,458 [ERROR] Middleware:2950 - Invalid RefComponent list
2025-09-03 10:03:10,458 [ERROR] Middleware:2950 - Invalid RefComponent list
2025-09-03 10:03:10,458 [ERROR] Middleware:2950 - Invalid RefComponent list
2025-09-03 10:03:10,458 [ERROR] Middleware:2950 - Invalid RefComponent list
2025-09-03 10:03:10,458 [ERROR] Middleware:2950 - Invalid RefComponent list
2025-09-03 10:03:10,458 [ERROR] Middleware:2950 - Invalid RefComponent list
2025-09-03 10:03:10,458 [ERROR] Middleware:2950 - Invalid RefComponent list
2025-09-03 10:03:10,458 [ERROR] Middleware:2950 - Invalid RefComponent list
2025-09-03 10:03:10,458 [ERROR] Middleware:2950 - Invalid RefComponent list
2025-09-03 10:03:10,458 [ERROR] Middleware:2950 - Invalid RefComponent list
2025-09-03 10:03:10,458 [ERROR] Middleware:2950 - Invalid RefComponent list
2025-09-03 10:03:10,458 [ERROR] Middleware:2950 - Invalid RefComponent list
2025-09-03 10:03:10,458 [ERROR] Middleware:2950 - Invalid RefComponent list
2025-09-03 10:03:10,458 [ERROR] Middleware:2950 - Invalid RefComponent list
2025-09-03 10:03:10,458 [ERROR] Middleware:2950 - Invalid RefComponent list
2025-09-03 10:03:10,458 [ERROR] Middleware:2950 - Invalid RefComponent list
2025-09-03 10:03:10,458 [ERROR] Middleware:2950 - Invalid RefComponent list
2025-09-03 10:03:10,458 [ERROR] Middleware:2950 - Invalid RefComponent list
2025-09-03 10:03:10,458 [ERROR] Middleware:2950 - Invalid RefComponent list
2025-09-03 10:03:10,458 [ERROR] Middleware:2950 - Invalid RefComponent list
2025-09-03 10:03:10,458 [ERROR] Middleware:2950 - Invalid RefComponent list
2025-09-03 10:03:10,458 [ERROR] Middleware:2950 - Invalid RefComponent list
2025-09-03 10:03:10,458 [ERROR] Middleware:2950 - Invalid RefComponent list
2025-09-03 10:03:10,458 [ERROR] Middleware:2950 - Invalid RefComponent list
2025-09-03 10:03:10,458 [ERROR] Middleware:2950 - Invalid RefComponent list
2025-09-03 10:03:10,458 [ERROR] Middleware:2950 - Invalid RefComponent list
2025-09-03 10:03:10,458 [ERROR] Middleware:2950 - Invalid RefComponent list
2025-09-03 10:03:10,458 [ERROR] Middleware:2950 - Invalid RefComponent list
2025-09-03 10:03:10,458 [ERROR] Middleware:2950 - Invalid RefComponent list
2025-09-03 10:03:10,458 [ERROR] Middleware:2950 - Invalid RefComponent list
2025-09-03 10:03:10,458 [ERROR] Middleware:2950 - Invalid RefComponent list
2025-09-03 10:03:10,458 [ERROR] Middleware:2950 - Invalid RefComponent list
2025-09-03 10:03:10,458 [ERROR] Middleware:2950 - Invalid RefComponent list
2025-09-03 10:03:10,458 [ERROR] Middleware:2950 - Invalid RefComponent list
2025-09-03 10:03:10,458 [ERROR] Middleware:2950 - Invalid RefComponent list
2025-09-03 10:03:10,458 [ERROR] Middleware:2950 - Invalid RefComponent list
2025-09-03 10:03:10,458 [ERROR] Middleware:2950 - Invalid RefComponent list
2025-09-03 10:03:10,458 [ERROR] Middleware:2950 - Invalid RefComponent list
2025-09-03 10:03:10,458 [ERROR] Middleware:2950 - Invalid RefComponent list
2025-09-03 10:03:10,458 [ERROR] Middleware:2950 - Invalid RefComponent list
2025-09-03 10:03:10,458 [ERROR] Middleware:2950 - Invalid RefComponent list
2025-09-03 10:03:10,458 [ERROR] Middleware:2950 - Invalid RefComponent list
2025-09-03 10:03:10,458 [ERROR] Middleware:2950 - Invalid RefComponent list
2025-09-03 10:03:10,458 [ERROR] Middleware:2950 - Invalid RefComponent list
2025-09-03 10:03:10,459 [ERROR] Middleware:2950 - Invalid RefComponent list
2025-09-03 10:03:10,459 [ERROR] Middleware:2950 - Invalid RefComponent list
2025-09-03 10:03:10,459 [ERROR] Middleware:2950 - Invalid RefComponent list
2025-09-03 10:03:10,473 [INFO] ProjectBuilder:5216 - Project Generator version: 4.7.0-B52
2025-09-03 10:03:10,521 [INFO] ConfigFileManager:1595 - The Die is : DIE486
2025-09-03 10:03:18,991 [INFO] ProjectBuilder:5056 - Time for Generating toolchain IDE Files: 8518mS.
2025-09-03 10:03:18,994 [INFO] ProjectBuilder:3463 - Time for Copy CMSIS : 2mS.
2025-09-03 10:03:19,004 [INFO] ProjectBuilder:3463 - Time for Copy CMSIS : 0mS.
2025-09-03 13:03:45,030 [INFO] WebApp:194 - Connection lost
2025-09-03 13:03:45,367 [INFO] WebApp:191 - Connection restablished
2025-09-03 15:14:56,584 [INFO] NvicIntPanel:101 - NVIC parent = com.st.microxplorer.plugins.ip.nvic.MultiNvicIntPanel[,0,0,0x0,invalid,layout=javax.swing.BoxLayout,alignmentX=0.0,alignmentY=0.0,border=,flags=9,maximumSize=,minimumSize=,preferredSize=]
2025-09-03 15:14:57,359 [INFO] NvicIntPanel:101 - NVIC parent = com.st.microxplorer.plugins.ip.nvic.MultiNvicIntPanel[,0,0,0x0,invalid,layout=javax.swing.BoxLayout,alignmentX=0.0,alignmentY=0.0,border=,flags=9,maximumSize=,minimumSize=,preferredSize=]
2025-09-03 15:14:58,960 [INFO] NvicIntPanel:101 - NVIC parent = com.st.microxplorer.plugins.ip.nvic.MultiNvicIntPanel[,0,0,0x0,invalid,layout=javax.swing.BoxLayout,alignmentX=0.0,alignmentY=0.0,border=,flags=9,maximumSize=,minimumSize=,preferredSize=]
2025-09-03 15:14:59,330 [INFO] NvicIntPanel:101 - NVIC parent = com.st.microxplorer.plugins.ip.nvic.MultiNvicIntPanel[,0,0,0x0,invalid,layout=javax.swing.BoxLayout,alignmentX=0.0,alignmentY=0.0,border=,flags=9,maximumSize=,minimumSize=,preferredSize=]
2025-09-03 15:15:35,778 [INFO] NvicIntPanel:101 - NVIC parent = com.st.microxplorer.plugins.ip.nvic.MultiNvicIntPanel[,0,0,0x0,invalid,layout=javax.swing.BoxLayout,alignmentX=0.0,alignmentY=0.0,border=,flags=9,maximumSize=,minimumSize=,preferredSize=]
2025-09-03 15:15:39,663 [INFO] NvicIntPanel:101 - NVIC parent = com.st.microxplorer.plugins.ip.nvic.MultiNvicIntPanel[,0,0,0x0,invalid,layout=javax.swing.BoxLayout,alignmentX=0.0,alignmentY=0.0,border=,flags=9,maximumSize=,minimumSize=,preferredSize=]
2025-09-03 15:15:41,253 [INFO] NvicIntPanel:101 - NVIC parent = com.st.microxplorer.plugins.ip.nvic.MultiNvicIntPanel[,0,0,0x0,invalid,layout=javax.swing.BoxLayout,alignmentX=0.0,alignmentY=0.0,border=,flags=9,maximumSize=,minimumSize=,preferredSize=]
2025-09-03 15:15:43,151 [INFO] NvicIntPanel:101 - NVIC parent = com.st.microxplorer.plugins.ip.nvic.MultiNvicIntPanel[,0,0,0x0,invalid,layout=javax.swing.BoxLayout,alignmentX=0.0,alignmentY=0.0,border=,flags=9,maximumSize=,minimumSize=,preferredSize=]
2025-09-03 15:15:47,984 [INFO] NvicIntPanel:101 - NVIC parent = com.st.microxplorer.plugins.ip.nvic.MultiNvicIntPanel[,0,0,0x0,invalid,layout=javax.swing.BoxLayout,alignmentX=0.0,alignmentY=0.0,border=,flags=9,maximumSize=,minimumSize=,preferredSize=]
2025-09-03 15:15:49,773 [INFO] NvicIntPanel:101 - NVIC parent = com.st.microxplorer.plugins.ip.nvic.MultiNvicIntPanel[,0,0,0x0,invalid,layout=javax.swing.BoxLayout,alignmentX=0.0,alignmentY=0.0,border=,flags=9,maximumSize=,minimumSize=,preferredSize=]
2025-09-03 15:15:51,736 [INFO] NvicIntPanel:101 - NVIC parent = com.st.microxplorer.plugins.ip.nvic.MultiNvicIntPanel[,0,0,0x0,invalid,layout=javax.swing.BoxLayout,alignmentX=0.0,alignmentY=0.0,border=,flags=9,maximumSize=,minimumSize=,preferredSize=]
2025-09-03 15:16:01,557 [INFO] NvicIntPanel:101 - NVIC parent = com.st.microxplorer.plugins.ip.nvic.MultiNvicIntPanel[,0,0,0x0,invalid,layout=javax.swing.BoxLayout,alignmentX=0.0,alignmentY=0.0,border=,flags=9,maximumSize=,minimumSize=,preferredSize=]
2025-09-03 15:16:05,961 [INFO] NvicIntPanel:101 - NVIC parent = com.st.microxplorer.plugins.ip.nvic.MultiNvicIntPanel[,0,0,0x0,invalid,layout=javax.swing.BoxLayout,alignmentX=0.0,alignmentY=0.0,border=,flags=9,maximumSize=,minimumSize=,preferredSize=]
2025-09-03 15:16:08,094 [INFO] NvicIntPanel:101 - NVIC parent = com.st.microxplorer.plugins.ip.nvic.MultiNvicIntPanel[,0,0,0x0,invalid,layout=javax.swing.BoxLayout,alignmentX=0.0,alignmentY=0.0,border=,flags=9,maximumSize=,minimumSize=,preferredSize=]
2025-09-03 15:37:39,574 [INFO] UtilMem:75 - End SaveConfig() Used Memory: 739014232 Bytes (1073741824)
2025-09-03 15:37:40,867 [ERROR] IocParser:95 - Exception caught: null
2025-09-03 15:37:41,365 [INFO] UtilMem:75 - End SaveConfig() Used Memory: 782283656 Bytes (1073741824)
2025-09-03 15:37:42,100 [INFO] UtilMem:75 - End SaveConfig() Used Memory: 832741352 Bytes (1073741824)
2025-09-03 15:37:42,838 [ERROR] IocParser:95 - Exception caught: null
2025-09-03 15:37:43,383 [INFO] BlockDiagram:2775 - set Specific Code input for plugin: EXTMEM_MANAGER
2025-09-03 15:37:43,383 [INFO] BlockDiagram:2775 - set Specific Code input for plugin: RAMCFG
2025-09-03 15:37:43,384 [INFO] BlockDiagram:2775 - set Specific Code input for plugin: RCC
2025-09-03 15:37:43,384 [INFO] BlockDiagram:2775 - set Specific Code input for plugin: CORTEX_M55_FSBL
2025-09-03 15:37:43,384 [INFO] BlockDiagram:2775 - set Specific Code input for plugin: XSPIM
2025-09-03 15:37:43,384 [INFO] BlockDiagram:2775 - set Specific Code input for plugin: STMicroelectronics.X-CUBE-AI.10.2.0
2025-09-03 15:37:43,384 [INFO] BlockDiagram:2775 - set Specific Code input for plugin: XSPI
2025-09-03 15:37:43,384 [INFO] BlockDiagram:2775 - set Specific Code input for plugin: NUCLEO-N657X0-Q
2025-09-03 15:37:43,384 [INFO] BlockDiagram:2775 - set Specific Code input for plugin: TIM1_8N6
2025-09-03 15:37:43,384 [INFO] BlockDiagram:2775 - set Specific Code input for plugin: CACHEAXI
2025-09-03 15:37:43,384 [INFO] BlockDiagram:2775 - set Specific Code input for plugin: BSEC
2025-09-03 15:37:43,384 [INFO] BlockDiagram:2775 - set Specific Code input for plugin: LPUART
2025-09-03 15:37:43,384 [INFO] BlockDiagram:2775 - set Specific Code input for plugin: NVIC
2025-09-03 15:37:43,385 [INFO] BlockDiagram:2775 - set Specific Code input for plugin: GPIO
2025-09-03 15:37:43,385 [INFO] BlockDiagram:2775 - set Specific Code input for plugin: RIF
2025-09-03 15:37:43,385 [INFO] BlockDiagram:2775 - set Specific Code input for plugin: NVIC1
2025-09-03 15:37:43,387 [INFO] CodeGenerator:892 - code generatio: config db path: C:\ST\STM32CubeIDE_1.19.0\STM32CubeIDE\plugins\com.st.stm32cube.common.mx_6.15.0.202507011659\\db\
2025-09-03 15:37:43,401 [WARN] IP:2250 - RefParam_XIP_memory not found: check if there is a RefParameter without a condition.
2025-09-03 15:37:43,401 [WARN] IP:2250 - RefParam_MEMORY_1_Size not found: check if there is a RefParameter without a condition.
2025-09-03 15:37:43,402 [WARN] IP:2250 - RefParam_MEMORY_1_FreqMax not found: check if there is a RefParameter without a condition.
2025-09-03 15:37:43,402 [WARN] IP:2250 - RefParam_MEMORY_1_ReadReg not found: check if there is a RefParameter without a condition.
2025-09-03 15:37:43,402 [WARN] IP:2250 - RefParam_MEMORY_1_WriteReg not found: check if there is a RefParameter without a condition.
2025-09-03 15:37:43,402 [WARN] IP:2250 - RefParam_MEMORY_1_RegSize not found: check if there is a RefParameter without a condition.
2025-09-03 15:37:43,402 [WARN] IP:2250 - RefParam_MEMORY_1_RegDummyCycle not found: check if there is a RefParameter without a condition.
2025-09-03 15:37:43,402 [WARN] IP:2250 - RefParam_MEMORY_1_WriteCommand not found: check if there is a RefParameter without a condition.
2025-09-03 15:37:43,402 [WARN] IP:2250 - RefParam_MEMORY_1_WriteDummyCycle not found: check if there is a RefParameter without a condition.
2025-09-03 15:37:43,402 [WARN] IP:2250 - RefParam_MEMORY_1_ReadCommand not found: check if there is a RefParameter without a condition.
2025-09-03 15:37:43,402 [WARN] IP:2250 - RefParam_MEMORY_1_WrapReadCommand not found: check if there is a RefParameter without a condition.
2025-09-03 15:37:43,402 [WARN] IP:2250 - RefParam_MEMORY_1_ReadDummyCycle not found: check if there is a RefParameter without a condition.
2025-09-03 15:37:43,402 [WARN] IP:2250 - RefParam_MEMORY_1_NumberOfConfig not found: check if there is a RefParameter without a condition.
2025-09-03 15:37:43,403 [WARN] IP:2250 - RefParam_MEMORY_1_Config1_WriteMask not found: check if there is a RefParameter without a condition.
2025-09-03 15:37:43,403 [WARN] IP:2250 - RefParam_MEMORY_1_Config1_WriteValue not found: check if there is a RefParameter without a condition.
2025-09-03 15:37:43,403 [WARN] IP:2250 - RefParam_MEMORY_1_Config1_RegAddress not found: check if there is a RefParameter without a condition.
2025-09-03 15:37:43,403 [WARN] IP:2250 - RefParam_MEMORY_1_Config2_WriteMask not found: check if there is a RefParameter without a condition.
2025-09-03 15:37:43,403 [WARN] IP:2250 - RefParam_MEMORY_1_Config2_WriteValue not found: check if there is a RefParameter without a condition.
2025-09-03 15:37:43,403 [WARN] IP:2250 - RefParam_MEMORY_1_Config2_RegAddress not found: check if there is a RefParameter without a condition.
2025-09-03 15:37:43,403 [WARN] IP:2250 - RefParam_MEMORY_1_Config3_WriteMask not found: check if there is a RefParameter without a condition.
2025-09-03 15:37:43,403 [WARN] IP:2250 - RefParam_MEMORY_1_Config3_WriteValue not found: check if there is a RefParameter without a condition.
2025-09-03 15:37:43,403 [WARN] IP:2250 - RefParam_MEMORY_1_Config3_RegAddress not found: check if there is a RefParameter without a condition.
2025-09-03 15:37:43,403 [WARN] IP:2250 - RefParam_MEMORY_2_Instance not found: check if there is a RefParameter without a condition.
2025-09-03 15:37:43,403 [WARN] IP:2250 - RefParam_MEMORY_2_ConfigType not found: check if there is a RefParameter without a condition.
2025-09-03 15:37:43,403 [WARN] IP:2250 - RefParam_MEMORY_2_Size not found: check if there is a RefParameter without a condition.
2025-09-03 15:37:43,403 [WARN] IP:2250 - RefParam_MEMORY_2_FreqMax not found: check if there is a RefParameter without a condition.
2025-09-03 15:37:43,403 [WARN] IP:2250 - RefParam_MEMORY_2_ReadReg not found: check if there is a RefParameter without a condition.
2025-09-03 15:37:43,403 [WARN] IP:2250 - RefParam_MEMORY_2_WriteReg not found: check if there is a RefParameter without a condition.
2025-09-03 15:37:43,403 [WARN] IP:2250 - RefParam_MEMORY_2_RegSize not found: check if there is a RefParameter without a condition.
2025-09-03 15:37:43,403 [WARN] IP:2250 - RefParam_MEMORY_2_RegDummyCycle not found: check if there is a RefParameter without a condition.
2025-09-03 15:37:43,403 [WARN] IP:2250 - RefParam_MEMORY_2_WriteCommand not found: check if there is a RefParameter without a condition.
2025-09-03 15:37:43,403 [WARN] IP:2250 - RefParam_MEMORY_2_WriteDummyCycle not found: check if there is a RefParameter without a condition.
2025-09-03 15:37:43,403 [WARN] IP:2250 - RefParam_MEMORY_2_ReadCommand not found: check if there is a RefParameter without a condition.
2025-09-03 15:37:43,403 [WARN] IP:2250 - RefParam_MEMORY_2_WrapReadCommand not found: check if there is a RefParameter without a condition.
2025-09-03 15:37:43,403 [WARN] IP:2250 - RefParam_MEMORY_2_ReadDummyCycle not found: check if there is a RefParameter without a condition.
2025-09-03 15:37:43,403 [WARN] IP:2250 - RefParam_MEMORY_2_NumberOfConfig not found: check if there is a RefParameter without a condition.
2025-09-03 15:37:43,404 [WARN] IP:2250 - RefParam_MEMORY_2_Config1_WriteMask not found: check if there is a RefParameter without a condition.
2025-09-03 15:37:43,404 [WARN] IP:2250 - RefParam_MEMORY_2_Config1_WriteValue not found: check if there is a RefParameter without a condition.
2025-09-03 15:37:43,404 [WARN] IP:2250 - RefParam_MEMORY_2_Config1_RegAddress not found: check if there is a RefParameter without a condition.
2025-09-03 15:37:43,404 [WARN] IP:2250 - RefParam_MEMORY_2_Config2_WriteMask not found: check if there is a RefParameter without a condition.
2025-09-03 15:37:43,404 [WARN] IP:2250 - RefParam_MEMORY_2_Config2_WriteValue not found: check if there is a RefParameter without a condition.
2025-09-03 15:37:43,404 [WARN] IP:2250 - RefParam_MEMORY_2_Config2_RegAddress not found: check if there is a RefParameter without a condition.
2025-09-03 15:37:43,404 [WARN] IP:2250 - RefParam_MEMORY_2_Config3_WriteMask not found: check if there is a RefParameter without a condition.
2025-09-03 15:37:43,404 [WARN] IP:2250 - RefParam_MEMORY_2_Config3_WriteValue not found: check if there is a RefParameter without a condition.
2025-09-03 15:37:43,404 [WARN] IP:2250 - RefParam_MEMORY_2_Config3_RegAddress not found: check if there is a RefParameter without a condition.
2025-09-03 15:37:43,526 [INFO] Middleware:1452 - No code input for Bsp Dependency
2025-09-03 15:37:43,529 [INFO] Middleware:1452 - No code input for Bsp Dependency
2025-09-03 15:37:43,531 [INFO] Middleware:1452 - No code input for Bsp Dependency
2025-09-03 15:37:43,532 [INFO] Middleware:1452 - No code input for Bsp Dependency
2025-09-03 15:37:43,532 [INFO] Middleware:1452 - No code input for Bsp Dependency
2025-09-03 15:37:43,533 [INFO] IP:3329 - RTE Config file name : RTE_Component
2025-09-03 15:37:43,533 [INFO] IP:3347 - RTE template : RTE_Components.ftl
2025-09-03 15:37:43,534 [INFO] Middleware:1452 - No code input for Bsp Dependency
2025-09-03 15:37:43,536 [INFO] Middleware:1452 - No code input for Bsp Dependency
2025-09-03 15:37:43,537 [INFO] Middleware:1452 - No code input for Bsp Dependency
2025-09-03 15:37:43,538 [INFO] CodeGenerator:1619 - *******************Project context FSBL selected
2025-09-03 15:37:43,602 [INFO] CodeEngine:265 - oldGeneratedFile, C:\ST\AB_LSTM\AB_LSTM\MXTmpFiles\license.tmp_save
2025-09-03 15:37:43,907 [INFO] CodeEngine:289 - Generated code: C:\ST\AB_LSTM\AB_LSTM\MXTmpFiles\license.tmp
2025-09-03 15:37:43,972 [INFO] CodeEngine:265 - oldGeneratedFile, C:\ST\AB_LSTM\AB_LSTM\FSBL\MXTmpFiles\gpio.tmp_save
2025-09-03 15:37:44,122 [INFO] CodeEngine:289 - Generated code: C:\ST\AB_LSTM\AB_LSTM\FSBL\MXTmpFiles\gpio.tmp
2025-09-03 15:37:44,302 [WARN] IPConfigManager:103 - WARNING: Missing Config File for XSPIM ip!!
2025-09-03 15:37:44,363 [INFO] Middleware:1452 - No code input for Bsp Dependency
2025-09-03 15:37:44,373 [INFO] CodeEngine:265 - oldGeneratedFile, C:\ST\AB_LSTM\AB_LSTM\FSBL\MXTmpFiles\boot_code.tmp_save
2025-09-03 15:37:44,494 [INFO] CodeEngine:289 - Generated code: C:\ST\AB_LSTM\AB_LSTM\FSBL\MXTmpFiles\boot_code.tmp
2025-09-03 15:37:44,516 [INFO] CodeEngine:265 - oldGeneratedFile, C:\ST\AB_LSTM\AB_LSTM\FSBL\MXTmpFiles\cortex.tmp_save
2025-09-03 15:37:44,654 [INFO] CodeEngine:289 - Generated code: C:\ST\AB_LSTM\AB_LSTM\FSBL\MXTmpFiles\cortex.tmp
2025-09-03 15:37:44,666 [INFO] Middleware:1452 - No code input for Bsp Dependency
2025-09-03 15:37:44,677 [INFO] CodeEngine:265 - oldGeneratedFile, C:\ST\AB_LSTM\AB_LSTM\FSBL\Core\Inc\extmem_manager.h_save
2025-09-03 15:37:44,795 [INFO] CodeEngine:289 - Generated code: C:\ST\AB_LSTM\AB_LSTM\FSBL\Core\Inc\extmem_manager.h
2025-09-03 15:37:44,804 [INFO] CodeEngine:265 - oldGeneratedFile, C:\ST\AB_LSTM\AB_LSTM\FSBL\Core\Src\extmem_manager.c_save
2025-09-03 15:37:44,913 [INFO] CodeEngine:289 - Generated code: C:\ST\AB_LSTM\AB_LSTM\FSBL\Core\Src\extmem_manager.c
2025-09-03 15:37:44,923 [INFO] CodeEngine:265 - oldGeneratedFile, C:\ST\AB_LSTM\AB_LSTM\FSBL\Core\Inc\stm32_extmem_conf.h_save
2025-09-03 15:37:45,030 [INFO] CodeEngine:289 - Generated code: C:\ST\AB_LSTM\AB_LSTM\FSBL\Core\Inc\stm32_extmem_conf.h
2025-09-03 15:37:45,039 [INFO] CodeEngine:265 - oldGeneratedFile, C:\ST\AB_LSTM\AB_LSTM\FSBL\MXTmpFiles\boot_code.tmp_save
2025-09-03 15:37:45,078 [INFO] CodeEngine:289 - Generated code: C:\ST\AB_LSTM\AB_LSTM\FSBL\MXTmpFiles\boot_code.tmp
2025-09-03 15:37:45,108 [INFO] CodeEngine:265 - oldGeneratedFile, C:\ST\AB_LSTM\AB_LSTM\FSBL\Core\Src\stm32n6xx_it.c_save
2025-09-03 15:37:45,286 [INFO] CodeEngine:289 - Generated code: C:\ST\AB_LSTM\AB_LSTM\FSBL\Core\Src\stm32n6xx_it.c
2025-09-03 15:37:45,296 [INFO] CodeEngine:265 - oldGeneratedFile, C:\ST\AB_LSTM\AB_LSTM\FSBL\Core\Inc\stm32n6xx_it.h_save
2025-09-03 15:37:45,370 [INFO] CodeEngine:289 - Generated code: C:\ST\AB_LSTM\AB_LSTM\FSBL\Core\Inc\stm32n6xx_it.h
2025-09-03 15:37:45,511 [INFO] CodeEngine:265 - oldGeneratedFile, C:\ST\AB_LSTM\AB_LSTM\FSBL\Core\Src\stm32n6xx_hal_msp.c_save
2025-09-03 15:37:45,705 [INFO] CodeEngine:289 - Generated code: C:\ST\AB_LSTM\AB_LSTM\FSBL\Core\Src\stm32n6xx_hal_msp.c
2025-09-03 15:37:45,720 [INFO] CodeEngine:265 - oldGeneratedFile, C:\ST\AB_LSTM\AB_LSTM\FSBL\MXTmpFiles\system.tmp_save
2025-09-03 15:37:45,782 [INFO] CodeEngine:289 - Generated code: C:\ST\AB_LSTM\AB_LSTM\FSBL\MXTmpFiles\system.tmp
2025-09-03 15:37:45,807 [INFO] CodeEngine:321 - oldGeneratedFile, C:\ST\AB_LSTM\AB_LSTM\FSBL\Core\Inc\stm32n6xx_hal_conf.h_save
2025-09-03 15:37:45,929 [INFO] CodeEngine:345 - Generated code: C:\ST\AB_LSTM\AB_LSTM\FSBL\Core\Inc\stm32n6xx_hal_conf.h
2025-09-03 15:37:45,946 [WARN] IPConfigManager:3238 - Warning: the RefConfig RCC_ConfigVoltageScaling is not available in your config.xml file
2025-09-03 15:37:45,953 [WARN] IPConfigManager:3238 - Warning: the RefConfig RCC_RTC_HSEDIV is not available in your config.xml file
2025-09-03 15:37:45,959 [ERROR] ApiDbMcu:560 - Cannot parse XSPIM_Config file : file do not exist
2025-09-03 15:37:45,976 [INFO] CodeEngine:265 - oldGeneratedFile, C:\ST\AB_LSTM\AB_LSTM\FSBL\Core\Inc\main.h_save
2025-09-03 15:37:46,109 [INFO] CodeEngine:289 - Generated code: C:\ST\AB_LSTM\AB_LSTM\FSBL\Core\Inc\main.h
2025-09-03 15:37:46,120 [INFO] CodeEngine:265 - oldGeneratedFile, C:\ST\AB_LSTM\AB_LSTM\FSBL\Core\Src\main.c_save
2025-09-03 15:37:46,271 [INFO] CodeEngine:289 - Generated code: C:\ST\AB_LSTM\AB_LSTM\FSBL\Core\Src\main.c
2025-09-03 15:37:46,333 [INFO] CodeGenerator:1619 - *******************Project context Appli selected
2025-09-03 15:37:46,367 [INFO] IP:3329 - RTE Config file name : RTE_Component
2025-09-03 15:37:46,368 [INFO] IP:3347 - RTE template : RTE_Components.ftl
2025-09-03 15:37:46,382 [INFO] CodeEngine:265 - oldGeneratedFile, C:\ST\AB_LSTM\AB_LSTM\MXTmpFiles\license.tmp_save
2025-09-03 15:37:46,514 [INFO] CodeEngine:289 - Generated code: C:\ST\AB_LSTM\AB_LSTM\MXTmpFiles\license.tmp
2025-09-03 15:37:46,536 [INFO] CodeEngine:265 - oldGeneratedFile, C:\ST\AB_LSTM\AB_LSTM\Appli\MXTmpFiles\gpio.tmp_save
2025-09-03 15:37:46,629 [INFO] CodeEngine:289 - Generated code: C:\ST\AB_LSTM\AB_LSTM\Appli\MXTmpFiles\gpio.tmp
2025-09-03 15:37:46,714 [WARN] IPConfigManager:103 - WARNING: Missing Config File for NVIC ip!!
2025-09-03 15:37:46,806 [INFO] Middleware:1452 - No code input for Bsp Dependency
2025-09-03 15:37:46,806 [INFO] Middleware:1452 - No code input for Bsp Dependency
2025-09-03 15:37:46,806 [INFO] IP:3329 - RTE Config file name : RTE_Component
2025-09-03 15:37:46,806 [INFO] IP:3347 - RTE template : RTE_Components.ftl
2025-09-03 15:37:46,815 [INFO] CodeEngine:265 - oldGeneratedFile, C:\ST\AB_LSTM\AB_LSTM\Appli\MXTmpFiles\cortex.tmp_save
2025-09-03 15:37:46,882 [INFO] CodeEngine:289 - Generated code: C:\ST\AB_LSTM\AB_LSTM\Appli\MXTmpFiles\cortex.tmp
2025-09-03 15:37:46,911 [INFO] CodeEngine:265 - oldGeneratedFile, C:\ST\AB_LSTM\AB_LSTM\Appli\Core\Inc\stm32n6xx_nucleo_conf.h_save
2025-09-03 15:37:47,003 [INFO] CodeEngine:289 - Generated code: C:\ST\AB_LSTM\AB_LSTM\Appli\Core\Inc\stm32n6xx_nucleo_conf.h
2025-09-03 15:37:47,010 [INFO] CodeEngine:265 - oldGeneratedFile, C:\ST\AB_LSTM\AB_LSTM\Appli\MXTmpFiles\bsp_inc.tmp_save
2025-09-03 15:37:47,057 [INFO] CodeEngine:289 - Generated code: C:\ST\AB_LSTM\AB_LSTM\Appli\MXTmpFiles\bsp_inc.tmp
2025-09-03 15:37:47,068 [INFO] CodeEngine:265 - oldGeneratedFile, C:\ST\AB_LSTM\AB_LSTM\Appli\MXTmpFiles\bsp_common_vars.tmp_save
2025-09-03 15:37:47,106 [INFO] CodeEngine:289 - Generated code: C:\ST\AB_LSTM\AB_LSTM\Appli\MXTmpFiles\bsp_common_vars.tmp
2025-09-03 15:37:47,111 [INFO] CodeEngine:265 - oldGeneratedFile, C:\ST\AB_LSTM\AB_LSTM\Appli\MXTmpFiles\bsp_common_init.tmp_save
2025-09-03 15:37:47,156 [INFO] CodeEngine:289 - Generated code: C:\ST\AB_LSTM\AB_LSTM\Appli\MXTmpFiles\bsp_common_init.tmp
2025-09-03 15:37:47,165 [INFO] CodeEngine:265 - oldGeneratedFile, C:\ST\AB_LSTM\AB_LSTM\Appli\MXTmpFiles\bsp_common_demo_before_while.tmp_save
2025-09-03 15:37:47,202 [INFO] CodeEngine:289 - Generated code: C:\ST\AB_LSTM\AB_LSTM\Appli\MXTmpFiles\bsp_common_demo_before_while.tmp
2025-09-03 15:37:47,207 [INFO] CodeEngine:265 - oldGeneratedFile, C:\ST\AB_LSTM\AB_LSTM\Appli\MXTmpFiles\bsp_common_demo_inside_while.tmp_save
2025-09-03 15:37:47,246 [INFO] CodeEngine:289 - Generated code: C:\ST\AB_LSTM\AB_LSTM\Appli\MXTmpFiles\bsp_common_demo_inside_while.tmp
2025-09-03 15:37:47,251 [INFO] CodeEngine:265 - oldGeneratedFile, C:\ST\AB_LSTM\AB_LSTM\Appli\MXTmpFiles\bsp_common_demo_fct.tmp_save
2025-09-03 15:37:47,288 [INFO] CodeEngine:289 - Generated code: C:\ST\AB_LSTM\AB_LSTM\Appli\MXTmpFiles\bsp_common_demo_fct.tmp
2025-09-03 15:37:47,292 [INFO] Middleware:1452 - No code input for Bsp Dependency
2025-09-03 15:37:47,293 [INFO] Middleware:1452 - No code input for Bsp Dependency
2025-09-03 15:37:47,293 [INFO] IP:3329 - RTE Config file name : RTE_Component
2025-09-03 15:37:47,293 [INFO] IP:3347 - RTE template : RTE_Components.ftl
2025-09-03 15:37:47,301 [INFO] CodeEngine:265 - oldGeneratedFile, C:\ST\AB_LSTM\AB_LSTM\Appli\X-CUBE-AI\App\app_x-cube-ai.h_save
2025-09-03 15:37:47,416 [INFO] CodeEngine:289 - Generated code: C:\ST\AB_LSTM\AB_LSTM\Appli\X-CUBE-AI\App\app_x-cube-ai.h
2025-09-03 15:37:47,424 [INFO] CodeEngine:265 - oldGeneratedFile, C:\ST\AB_LSTM\AB_LSTM\Appli\X-CUBE-AI\constants_ai.h_save
2025-09-03 15:37:47,491 [INFO] CodeEngine:289 - Generated code: C:\ST\AB_LSTM\AB_LSTM\Appli\X-CUBE-AI\constants_ai.h
2025-09-03 15:37:47,499 [INFO] CodeEngine:265 - oldGeneratedFile, C:\ST\AB_LSTM\AB_LSTM\Appli\X-CUBE-AI\App\app_x-cube-ai.c_save
2025-09-03 15:37:47,627 [INFO] CodeEngine:289 - Generated code: C:\ST\AB_LSTM\AB_LSTM\Appli\X-CUBE-AI\App\app_x-cube-ai.c
2025-09-03 15:37:47,669 [INFO] CodeEngine:265 - oldGeneratedFile, C:\ST\AB_LSTM\AB_LSTM\Appli\Core\Src\stm32n6xx_it.c_save
2025-09-03 15:37:47,860 [INFO] CodeEngine:289 - Generated code: C:\ST\AB_LSTM\AB_LSTM\Appli\Core\Src\stm32n6xx_it.c
2025-09-03 15:37:47,867 [INFO] CodeEngine:265 - oldGeneratedFile, C:\ST\AB_LSTM\AB_LSTM\Appli\Core\Inc\stm32n6xx_it.h_save
2025-09-03 15:37:47,925 [INFO] CodeEngine:289 - Generated code: C:\ST\AB_LSTM\AB_LSTM\Appli\Core\Inc\stm32n6xx_it.h
2025-09-03 15:37:47,929 [INFO] IP:3329 - RTE Config file name : RTE_Component
2025-09-03 15:37:47,929 [INFO] IP:3347 - RTE template : RTE_Components.ftl
2025-09-03 15:37:47,929 [INFO] CodeGenerator:2312 - Add RTE Code Input 
2025-09-03 15:37:47,938 [INFO] CodeEngine:265 - oldGeneratedFile, C:\ST\AB_LSTM\AB_LSTM\Appli\Core\Inc\RTE_Components.h_save
2025-09-03 15:37:48,049 [INFO] CodeEngine:289 - Generated code: C:\ST\AB_LSTM\AB_LSTM\Appli\Core\Inc\RTE_Components.h
2025-09-03 15:37:48,057 [INFO] CodeEngine:265 - oldGeneratedFile, C:\ST\AB_LSTM\AB_LSTM\Appli\MXTmpFiles\RIFInit.tmp_save
2025-09-03 15:37:48,155 [INFO] CodeEngine:289 - Generated code: C:\ST\AB_LSTM\AB_LSTM\Appli\MXTmpFiles\RIFInit.tmp
2025-09-03 15:37:48,218 [INFO] CodeEngine:265 - oldGeneratedFile, C:\ST\AB_LSTM\AB_LSTM\Appli\Core\Src\stm32n6xx_hal_msp.c_save
2025-09-03 15:37:48,409 [INFO] CodeEngine:289 - Generated code: C:\ST\AB_LSTM\AB_LSTM\Appli\Core\Src\stm32n6xx_hal_msp.c
2025-09-03 15:37:48,414 [INFO] CodeEngine:265 - oldGeneratedFile, C:\ST\AB_LSTM\AB_LSTM\Appli\MXTmpFiles\system.tmp_save
2025-09-03 15:37:48,446 [INFO] CodeEngine:289 - Generated code: C:\ST\AB_LSTM\AB_LSTM\Appli\MXTmpFiles\system.tmp
2025-09-03 15:37:48,456 [INFO] CodeEngine:321 - oldGeneratedFile, C:\ST\AB_LSTM\AB_LSTM\Appli\Core\Inc\stm32n6xx_hal_conf.h_save
2025-09-03 15:37:48,561 [INFO] CodeEngine:345 - Generated code: C:\ST\AB_LSTM\AB_LSTM\Appli\Core\Inc\stm32n6xx_hal_conf.h
2025-09-03 15:37:48,575 [WARN] IPConfigManager:3238 - Warning: the RefConfig RCC_ConfigVoltageScaling is not available in your config.xml file
2025-09-03 15:37:48,576 [WARN] IPConfigManager:3238 - Warning: the RefConfig RCC_RTC_HSEDIV is not available in your config.xml file
2025-09-03 15:37:48,587 [WARN] IPConfigManager:3811 - IP not found : TIM
2025-09-03 15:37:48,588 [WARN] CodeGenerator:4259 - IP not found : null
2025-09-03 15:37:48,595 [INFO] CodeEngine:265 - oldGeneratedFile, C:\ST\AB_LSTM\AB_LSTM\Appli\Core\Inc\main.h_save
2025-09-03 15:37:48,754 [INFO] CodeEngine:289 - Generated code: C:\ST\AB_LSTM\AB_LSTM\Appli\Core\Inc\main.h
2025-09-03 15:37:48,764 [INFO] CodeEngine:265 - oldGeneratedFile, C:\ST\AB_LSTM\AB_LSTM\Appli\Core\Src\main.c_save
2025-09-03 15:37:48,897 [INFO] CodeEngine:289 - Generated code: C:\ST\AB_LSTM\AB_LSTM\Appli\Core\Src\main.c
2025-09-03 15:37:48,910 [INFO] CodeEngine:265 - oldGeneratedFile, C:\ST\AB_LSTM\AB_LSTM\Appli\Core\Src\secure_nsc.c_save
2025-09-03 15:37:49,045 [INFO] CodeEngine:289 - Generated code: C:\ST\AB_LSTM\AB_LSTM\Appli\Core\Src\secure_nsc.c
2025-09-03 15:37:49,053 [INFO] CodeEngine:265 - oldGeneratedFile, C:\ST\AB_LSTM\AB_LSTM\Appli\Core\Inc\partition_stm32n657xx.h_save
2025-09-03 15:37:49,139 [INFO] CodeEngine:289 - Generated code: C:\ST\AB_LSTM\AB_LSTM\Appli\Core\Inc\partition_stm32n657xx.h
2025-09-03 15:37:49,146 [INFO] CodeEngine:265 - oldGeneratedFile, C:\ST\AB_LSTM\AB_LSTM\Secure_nsclib\secure_nsc.h_save
2025-09-03 15:37:49,197 [INFO] CodeEngine:289 - Generated code: C:\ST\AB_LSTM\AB_LSTM\Secure_nsclib\secure_nsc.h
2025-09-03 15:37:49,225 [INFO] CodeGenerator:1707 - *******************Project context ExtMemLoader Not selected
2025-09-03 15:37:50,143 [INFO] AInterface:322 - ModelName:network; files:[C:\Users\ZOJOLDRI\OneDrive - Carl Zeiss AG\Dokumente\Zeiss\SMT\Bachelor\Model Workspace\AB Encoder Model--02.09.2025\AB_Encoder_Synthetic_Data\lstm_ab_encoder.h5]; type:Keras; compression:None
2025-09-03 15:37:50,144 [INFO] AInterface:526 - workspaceTempDir: C:/Users/ZOJOLDRI/AppData/Local/Temp/mxAI_workspace11409172128236004041442643242636893
2025-09-03 15:37:50,145 [INFO] AInterface:1176 - Setting Env: C:/Users/ZOJOLDRI/STM32Cube/Repository/Packs/STMicroelectronics/X-CUBE-AI/10.2.0/Utilities/windows
2025-09-03 15:37:50,154 [INFO] STM32CubeIDEBuilder:265 - Looking for gnu-tools-for-stm32 tools/bin/arm-none-eabi-gcc.exe in C:\ST\STM32CubeIDE_1.19.0\STM32CubeIDE
2025-09-03 15:37:50,158 [INFO] STM32CubeIDEBuilder:294 - checking C:\ST\STM32CubeIDE_1.19.0\STM32CubeIDE\plugins\com.st.stm32cube.ide.mcu.externaltools.gnu-tools-for-stm32.13.3.rel1.win32_1.0.0.202411081344\tools\bin\arm-none-eabi-gcc.exe
2025-09-03 15:37:50,158 [INFO] STM32CubeIDEBuilder:297 - ret=C:\ST\STM32CubeIDE_1.19.0\STM32CubeIDE\plugins\com.st.stm32cube.ide.mcu.externaltools.gnu-tools-for-stm32.13.3.rel1.win32_1.0.0.202411081344\tools\bin\arm-none-eabi-gcc.exe
2025-09-03 15:37:50,158 [INFO] STM32CubeIDEBuilder:311 - returning C:\ST\STM32CubeIDE_1.19.0\STM32CubeIDE\plugins\com.st.stm32cube.ide.mcu.externaltools.gnu-tools-for-stm32.13.3.rel1.win32_1.0.0.202411081344\tools\bin\arm-none-eabi-gcc.exe
2025-09-03 15:37:50,159 [INFO] AInterface:1233 - Custom PATH variable: C:/Users/ZOJOLDRI/STM32Cube/Repository/Packs/STMicroelectronics/X-CUBE-AI/10.2.0/Utilities/windows;C:/Users/ZOJOLDRI/STM32Cube/Repository/Packs/STMicroelectronics/X-CUBE-AI/10.2.0/Utilities/windows/mingw64/bin;C:/Users/ZOJOLDRI/STM32Cube/Repository/Packs/STMicroelectronics/X-CUBE-AI/10.2.0/Utilities/windows/mingw64/libexec/gcc/x86_64-w64-mingw32/7.3.0;;C:\ST\STM32CubeIDE_1.19.0\STM32CubeIDE\plugins\com.st.stm32cube.ide.mcu.externaltools.gnu-tools-for-stm32.13.3.rel1.win32_1.0.0.202411081344\tools\bin
2025-09-03 15:37:50,162 [INFO] CmdLine:115 - Command: C:/Users/ZOJOLDRI/STM32Cube/Repository/Packs/STMicroelectronics/X-CUBE-AI/10.2.0/Utilities/windows/stedgeai.exe generate --target stm32n6 --name network -m C:/Users/ZOJOLDRI/OneDrive - Carl Zeiss AG/Dokumente/Zeiss/SMT/Bachelor/Model Workspace/AB Encoder Model--02.09.2025/AB_Encoder_Synthetic_Data/lstm_ab_encoder.h5 --compression none --verbosity 1 --workspace C:/Users/ZOJOLDRI/AppData/Local/Temp/mxAI_workspace11409172128236004041442643242636893 --output C:/Users/ZOJOLDRI/.stm32cubemx/network_output
2025-09-03 15:37:50,162 [INFO] AIModelDetailledView:2380 - Analysis status: pending
2025-09-03 15:37:56,057 [INFO] CmdLine:76 - ST Edge AI Core v2.2.0-20266 2adc00962
2025-09-03 15:39:08,312 [INFO] CmdLine:76 - Creating c (debug) info json file C:\Users\ZOJOLDRI\.stm32cubemx\network_output\network_c_info.json
2025-09-03 15:39:08,348 [INFO] CmdLine:76 -  
2025-09-03 15:39:08,348 [INFO] CmdLine:76 -  Exec/report summary (generate)
2025-09-03 15:39:08,348 [INFO] CmdLine:76 -  -------------------------------------------------------------------------------------------------------------------------------------------------------------------------------------------
2025-09-03 15:39:08,349 [INFO] CmdLine:76 -  model file         :   C:\Users\ZOJOLDRI\OneDrive - Carl Zeiss AG\Dokumente\Zeiss\SMT\Bachelor\Model Workspace\AB Encoder Model--02.09.2025\AB_Encoder_Synthetic_Data\lstm_ab_encoder.h5   
2025-09-03 15:39:08,349 [INFO] CmdLine:76 -  type               :   keras                                                                                                                                                               
2025-09-03 15:39:08,349 [INFO] CmdLine:76 -  c_name             :   network                                                                                                                                                             
2025-09-03 15:39:08,349 [INFO] CmdLine:76 -  compression        :   none                                                                                                                                                                
2025-09-03 15:39:08,349 [INFO] CmdLine:76 -  options            :   allocate-inputs, allocate-outputs                                                                                                                                   
2025-09-03 15:39:08,349 [INFO] CmdLine:76 -  optimization       :   balanced                                                                                                                                                            
2025-09-03 15:39:08,350 [INFO] CmdLine:76 -  target/series      :   stm32n6                                                                                                                                                             
2025-09-03 15:39:08,350 [INFO] CmdLine:76 -  workspace dir      :   C:\Users\ZOJOLDRI\AppData\Local\Temp\mxAI_workspace11409172128236004041442643242636893                                                                              
2025-09-03 15:39:08,350 [INFO] CmdLine:76 -  output dir         :   C:\Users\ZOJOLDRI\.stm32cubemx\network_output                                                                                                                       
2025-09-03 15:39:08,351 [INFO] CmdLine:76 -  model_fmt          :   float                                                                                                                                                               
2025-09-03 15:39:08,351 [INFO] CmdLine:76 -  model_name         :   lstm_ab_encoder                                                                                                                                                     
2025-09-03 15:39:08,351 [INFO] CmdLine:76 -  model_hash         :   0xb9e6d1f2f93291781e52f63e3d49d785                                                                                                                                  
2025-09-03 15:39:08,351 [INFO] CmdLine:76 -  params #           :   6,083 items (23.76 KiB)                                                                                                                                             
2025-09-03 15:39:08,351 [INFO] CmdLine:76 -  -------------------------------------------------------------------------------------------------------------------------------------------------------------------------------------------
2025-09-03 15:39:08,352 [INFO] CmdLine:76 -  input 1/1          :   'input_0', f32(1x20x10), 800 Bytes, activations                                                                                                                     
2025-09-03 15:39:08,352 [INFO] CmdLine:76 -  output 1/1         :   'output', f32(1x3), 12 Bytes, activations                                                                                                                           
2025-09-03 15:39:08,352 [INFO] CmdLine:76 -  macc               :   111,360                                                                                                                                                             
2025-09-03 15:39:08,352 [INFO] CmdLine:76 -  weights (ro)       :   24,716 B (24.14 KiB) (1 segment) / +384(+1.6%) vs float model                                                                                                       
2025-09-03 15:39:08,353 [INFO] CmdLine:76 -  activations (rw)   :   1,824 B (1.78 KiB) (1 segment) *                                                                                                                                    
2025-09-03 15:39:08,353 [INFO] CmdLine:76 -  ram (total)        :   1,824 B (1.78 KiB) = 1,824 + 0 + 0                                                                                                                                  
2025-09-03 15:39:08,353 [INFO] CmdLine:76 -  -------------------------------------------------------------------------------------------------------------------------------------------------------------------------------------------
2025-09-03 15:39:08,353 [INFO] CmdLine:76 -  (*) 'input'/'output' buffers are allocated in the activations buffer
2025-09-03 15:39:08,354 [INFO] CmdLine:76 - Computing AI RT data/code size (target=stm32n6)..
2025-09-03 15:39:13,952 [INFO] CmdLine:76 -  Requested memory size by section - "stm32n6" target
2025-09-03 15:39:13,953 [INFO] CmdLine:76 -  ------------------------------- -------- -------- ------- -------
2025-09-03 15:39:13,954 [INFO] CmdLine:76 -  module                              text   rodata    data     bss
2025-09-03 15:39:13,954 [INFO] CmdLine:76 -  ------------------------------- -------- -------- ------- -------
2025-09-03 15:39:13,954 [INFO] CmdLine:76 -  NetworkRuntime1020_CM55_GCC.a     15,800       32       0       0
2025-09-03 15:39:13,954 [INFO] CmdLine:76 -  network.o                            592       40   1,888     136
2025-09-03 15:39:13,955 [INFO] CmdLine:76 -  network_data.o                        48       16      88       0
2025-09-03 15:39:13,955 [INFO] CmdLine:76 -  lib (toolchain)*                   1,132      340       0       0
2025-09-03 15:39:13,955 [INFO] CmdLine:76 -  ------------------------------- -------- -------- ------- -------
2025-09-03 15:39:13,955 [INFO] CmdLine:76 -  RT total**                        17,572      428   1,976     136
2025-09-03 15:39:13,955 [INFO] CmdLine:76 -  ------------------------------- -------- -------- ------- -------
2025-09-03 15:39:13,956 [INFO] CmdLine:76 -  weights                                0   24,720       0       0
2025-09-03 15:39:13,956 [INFO] CmdLine:76 -  activations                            0        0       0   1,824
2025-09-03 15:39:13,956 [INFO] CmdLine:76 -  io                                     0        0       0       0
2025-09-03 15:39:13,956 [INFO] CmdLine:76 -  ------------------------------- -------- -------- ------- -------
2025-09-03 15:39:13,956 [INFO] CmdLine:76 -  TOTAL                             17,572   25,148   1,976   1,960
2025-09-03 15:39:13,956 [INFO] CmdLine:76 -  ------------------------------- -------- -------- ------- -------
2025-09-03 15:39:13,956 [INFO] CmdLine:76 -  *  toolchain objects (libm/libgcc*)
2025-09-03 15:39:13,956 [INFO] CmdLine:76 -  ** RT AI runtime objects (kernels+infrastructure)
2025-09-03 15:39:13,956 [INFO] CmdLine:76 -   Summary - "stm32n6" target
2025-09-03 15:39:13,957 [INFO] CmdLine:76 -   ---------------------------------------------------
2025-09-03 15:39:13,957 [INFO] CmdLine:76 -                FLASH (ro)      %*   RAM (rw)       %
2025-09-03 15:39:13,957 [INFO] CmdLine:76 -   ---------------------------------------------------
2025-09-03 15:39:13,957 [INFO] CmdLine:76 -   RT total         19,976   44.7%      2,112   53.7%
2025-09-03 15:39:13,957 [INFO] CmdLine:76 -   ---------------------------------------------------
2025-09-03 15:39:13,957 [INFO] CmdLine:76 -   TOTAL            44,696              3,936
2025-09-03 15:39:13,957 [INFO] CmdLine:76 -   ---------------------------------------------------
2025-09-03 15:39:13,958 [INFO] CmdLine:76 -   *  rt/total
2025-09-03 15:39:13,958 [INFO] CmdLine:76 -  Generated files (7)
2025-09-03 15:39:13,958 [INFO] CmdLine:76 -  ---------------------------------------------------------------------
2025-09-03 15:39:13,958 [INFO] CmdLine:76 -  C:\Users\ZOJOLDRI\.stm32cubemx\network_output\network_data_params.h
2025-09-03 15:39:13,958 [INFO] CmdLine:76 -  C:\Users\ZOJOLDRI\.stm32cubemx\network_output\network_data_params.c
2025-09-03 15:39:13,958 [INFO] CmdLine:76 -  C:\Users\ZOJOLDRI\.stm32cubemx\network_output\network_data.h
2025-09-03 15:39:13,958 [INFO] CmdLine:76 -  C:\Users\ZOJOLDRI\.stm32cubemx\network_output\network_data.c
2025-09-03 15:39:13,958 [INFO] CmdLine:76 -  C:\Users\ZOJOLDRI\.stm32cubemx\network_output\network_config.h
2025-09-03 15:39:13,958 [INFO] CmdLine:76 -  C:\Users\ZOJOLDRI\.stm32cubemx\network_output\network.h
2025-09-03 15:39:13,959 [INFO] CmdLine:76 -  C:\Users\ZOJOLDRI\.stm32cubemx\network_output\network.c
2025-09-03 15:39:13,959 [INFO] CmdLine:76 - Creating txt report file C:\Users\ZOJOLDRI\.stm32cubemx\network_output\network_generate_report.txt
2025-09-03 15:39:16,780 [INFO] CmdLine:76 - elapsed time (generate): 80.723s
2025-09-03 15:39:17,178 [INFO] CmdLine:148 - stedgeai exit with status: 0
2025-09-03 15:39:17,191 [INFO] AIModelDetailledView:2380 - Analysis status: done
2025-09-03 15:39:18,307 [INFO] ProjectBuilder:3606 - Time for Copy HAL[1] : 470mS.
2025-09-03 15:39:18,307 [ERROR] Middleware:2950 - Invalid RefComponent list
2025-09-03 15:39:18,307 [ERROR] Middleware:2950 - Invalid RefComponent list
2025-09-03 15:39:18,307 [ERROR] Middleware:2950 - Invalid RefComponent list
2025-09-03 15:39:18,307 [ERROR] Middleware:2950 - Invalid RefComponent list
2025-09-03 15:39:18,307 [ERROR] Middleware:2950 - Invalid RefComponent list
2025-09-03 15:39:18,307 [ERROR] Middleware:2950 - Invalid RefComponent list
2025-09-03 15:39:18,307 [ERROR] Middleware:2950 - Invalid RefComponent list
2025-09-03 15:39:18,307 [ERROR] Middleware:2950 - Invalid RefComponent list
2025-09-03 15:39:18,307 [ERROR] Middleware:2950 - Invalid RefComponent list
2025-09-03 15:39:18,307 [ERROR] Middleware:2950 - Invalid RefComponent list
2025-09-03 15:39:18,307 [ERROR] Middleware:2950 - Invalid RefComponent list
2025-09-03 15:39:18,307 [ERROR] Middleware:2950 - Invalid RefComponent list
2025-09-03 15:39:18,307 [ERROR] Middleware:2950 - Invalid RefComponent list
2025-09-03 15:39:18,307 [ERROR] Middleware:2950 - Invalid RefComponent list
2025-09-03 15:39:18,307 [ERROR] Middleware:2950 - Invalid RefComponent list
2025-09-03 15:39:18,307 [ERROR] Middleware:2950 - Invalid RefComponent list
2025-09-03 15:39:18,307 [ERROR] Middleware:2950 - Invalid RefComponent list
2025-09-03 15:39:18,307 [ERROR] Middleware:2950 - Invalid RefComponent list
2025-09-03 15:39:18,307 [ERROR] Middleware:2950 - Invalid RefComponent list
2025-09-03 15:39:18,307 [ERROR] Middleware:2950 - Invalid RefComponent list
2025-09-03 15:39:18,307 [ERROR] Middleware:2950 - Invalid RefComponent list
2025-09-03 15:39:18,307 [ERROR] Middleware:2950 - Invalid RefComponent list
2025-09-03 15:39:18,308 [ERROR] Middleware:2950 - Invalid RefComponent list
2025-09-03 15:39:18,308 [ERROR] Middleware:2950 - Invalid RefComponent list
2025-09-03 15:39:18,308 [ERROR] Middleware:2950 - Invalid RefComponent list
2025-09-03 15:39:18,308 [ERROR] Middleware:2950 - Invalid RefComponent list
2025-09-03 15:39:18,308 [ERROR] Middleware:2950 - Invalid RefComponent list
2025-09-03 15:39:18,308 [ERROR] Middleware:2950 - Invalid RefComponent list
2025-09-03 15:39:18,308 [ERROR] Middleware:2950 - Invalid RefComponent list
2025-09-03 15:39:18,308 [ERROR] Middleware:2950 - Invalid RefComponent list
2025-09-03 15:39:18,308 [ERROR] Middleware:2950 - Invalid RefComponent list
2025-09-03 15:39:18,308 [ERROR] Middleware:2950 - Invalid RefComponent list
2025-09-03 15:39:18,308 [ERROR] Middleware:2950 - Invalid RefComponent list
2025-09-03 15:39:18,308 [ERROR] Middleware:2950 - Invalid RefComponent list
2025-09-03 15:39:18,308 [ERROR] Middleware:2950 - Invalid RefComponent list
2025-09-03 15:39:18,308 [ERROR] Middleware:2950 - Invalid RefComponent list
2025-09-03 15:39:18,308 [ERROR] Middleware:2950 - Invalid RefComponent list
2025-09-03 15:39:18,308 [ERROR] Middleware:2950 - Invalid RefComponent list
2025-09-03 15:39:18,308 [ERROR] Middleware:2950 - Invalid RefComponent list
2025-09-03 15:39:18,308 [ERROR] Middleware:2950 - Invalid RefComponent list
2025-09-03 15:39:18,308 [ERROR] Middleware:2950 - Invalid RefComponent list
2025-09-03 15:39:18,308 [ERROR] Middleware:2950 - Invalid RefComponent list
2025-09-03 15:39:18,308 [ERROR] Middleware:2950 - Invalid RefComponent list
2025-09-03 15:39:18,308 [ERROR] Middleware:2950 - Invalid RefComponent list
2025-09-03 15:39:18,308 [ERROR] Middleware:2950 - Invalid RefComponent list
2025-09-03 15:39:18,308 [ERROR] Middleware:2950 - Invalid RefComponent list
2025-09-03 15:39:18,308 [ERROR] Middleware:2950 - Invalid RefComponent list
2025-09-03 15:39:18,308 [ERROR] Middleware:2950 - Invalid RefComponent list
2025-09-03 15:39:18,308 [ERROR] Middleware:2950 - Invalid RefComponent list
2025-09-03 15:39:18,308 [ERROR] Middleware:2950 - Invalid RefComponent list
2025-09-03 15:39:18,308 [ERROR] Middleware:2950 - Invalid RefComponent list
2025-09-03 15:39:18,308 [ERROR] Middleware:2950 - Invalid RefComponent list
2025-09-03 15:39:18,308 [ERROR] Middleware:2950 - Invalid RefComponent list
2025-09-03 15:39:18,308 [ERROR] Middleware:2950 - Invalid RefComponent list
2025-09-03 15:39:18,308 [ERROR] Middleware:2950 - Invalid RefComponent list
2025-09-03 15:39:18,308 [ERROR] Middleware:2950 - Invalid RefComponent list
2025-09-03 15:39:18,308 [ERROR] Middleware:2950 - Invalid RefComponent list
2025-09-03 15:39:18,308 [ERROR] Middleware:2950 - Invalid RefComponent list
2025-09-03 15:39:18,308 [ERROR] Middleware:2950 - Invalid RefComponent list
2025-09-03 15:39:18,308 [ERROR] Middleware:2950 - Invalid RefComponent list
2025-09-03 15:39:18,308 [ERROR] Middleware:2950 - Invalid RefComponent list
2025-09-03 15:39:18,308 [ERROR] Middleware:2950 - Invalid RefComponent list
2025-09-03 15:39:18,308 [ERROR] Middleware:2950 - Invalid RefComponent list
2025-09-03 15:39:18,308 [ERROR] Middleware:2950 - Invalid RefComponent list
2025-09-03 15:39:18,308 [ERROR] Middleware:2950 - Invalid RefComponent list
2025-09-03 15:39:18,308 [ERROR] Middleware:2950 - Invalid RefComponent list
2025-09-03 15:39:18,308 [ERROR] Middleware:2950 - Invalid RefComponent list
2025-09-03 15:39:18,308 [ERROR] Middleware:2950 - Invalid RefComponent list
2025-09-03 15:39:18,308 [ERROR] Middleware:2950 - Invalid RefComponent list
2025-09-03 15:39:18,309 [ERROR] Middleware:2950 - Invalid RefComponent list
2025-09-03 15:39:18,327 [INFO] ProjectBuilder:5216 - Project Generator version: 4.7.0-B52
2025-09-03 15:39:18,383 [INFO] ConfigFileManager:1595 - The Die is : DIE486
2025-09-03 15:39:28,240 [INFO] ProjectBuilder:5056 - Time for Generating toolchain IDE Files: 9913mS.
2025-09-03 15:39:28,242 [INFO] ProjectBuilder:3463 - Time for Copy CMSIS : 1mS.
2025-09-03 15:39:28,258 [INFO] ProjectBuilder:3463 - Time for Copy CMSIS : 0mS.
2025-09-03 16:04:15,843 [INFO] WebApp:194 - Connection lost
2025-09-03 16:04:16,184 [INFO] WebApp:191 - Connection restablished
