2025-09-12 11:27:01,912 [INFO] WebApp:194 - Connection lost
2025-09-12 11:27:34,084 [INFO] WebApp:191 - Connection restablished
2025-09-12 14:59:00,981 [WARN] IP:2250 - RefParam_XIP_memory not found: check if there is a RefParameter without a condition.
2025-09-12 14:59:00,982 [WARN] IP:2250 - RefParam_MEMORY_1_Size not found: check if there is a RefParameter without a condition.
2025-09-12 14:59:00,982 [WARN] IP:2250 - RefParam_MEMORY_1_FreqMax not found: check if there is a RefParameter without a condition.
2025-09-12 14:59:00,982 [WARN] IP:2250 - RefParam_MEMORY_1_ReadReg not found: check if there is a RefParameter without a condition.
2025-09-12 14:59:00,982 [WARN] IP:2250 - RefParam_MEMORY_1_WriteReg not found: check if there is a RefParameter without a condition.
2025-09-12 14:59:00,982 [WARN] IP:2250 - RefParam_MEMORY_1_RegSize not found: check if there is a RefParameter without a condition.
2025-09-12 14:59:00,982 [WARN] IP:2250 - RefParam_MEMORY_1_RegDummyCycle not found: check if there is a RefParameter without a condition.
2025-09-12 14:59:00,982 [WARN] IP:2250 - RefParam_MEMORY_1_WriteCommand not found: check if there is a RefParameter without a condition.
2025-09-12 14:59:00,982 [WARN] IP:2250 - RefParam_MEMORY_1_WriteDummyCycle not found: check if there is a RefParameter without a condition.
2025-09-12 14:59:00,982 [WARN] IP:2250 - RefParam_MEMORY_1_ReadCommand not found: check if there is a RefParameter without a condition.
2025-09-12 14:59:00,982 [WARN] IP:2250 - RefParam_MEMORY_1_WrapReadCommand not found: check if there is a RefParameter without a condition.
2025-09-12 14:59:00,982 [WARN] IP:2250 - RefParam_MEMORY_1_ReadDummyCycle not found: check if there is a RefParameter without a condition.
2025-09-12 14:59:00,982 [WARN] IP:2250 - RefParam_MEMORY_1_NumberOfConfig not found: check if there is a RefParameter without a condition.
2025-09-12 14:59:00,982 [WARN] IP:2250 - RefParam_MEMORY_1_Config1_WriteMask not found: check if there is a RefParameter without a condition.
2025-09-12 14:59:00,982 [WARN] IP:2250 - RefParam_MEMORY_1_Config1_WriteValue not found: check if there is a RefParameter without a condition.
2025-09-12 14:59:00,983 [WARN] IP:2250 - RefParam_MEMORY_1_Config1_RegAddress not found: check if there is a RefParameter without a condition.
2025-09-12 14:59:00,983 [WARN] IP:2250 - RefParam_MEMORY_1_Config2_WriteMask not found: check if there is a RefParameter without a condition.
2025-09-12 14:59:00,983 [WARN] IP:2250 - RefParam_MEMORY_1_Config2_WriteValue not found: check if there is a RefParameter without a condition.
2025-09-12 14:59:00,983 [WARN] IP:2250 - RefParam_MEMORY_1_Config2_RegAddress not found: check if there is a RefParameter without a condition.
2025-09-12 14:59:00,983 [WARN] IP:2250 - RefParam_MEMORY_1_Config3_WriteMask not found: check if there is a RefParameter without a condition.
2025-09-12 14:59:00,983 [WARN] IP:2250 - RefParam_MEMORY_1_Config3_WriteValue not found: check if there is a RefParameter without a condition.
2025-09-12 14:59:00,983 [WARN] IP:2250 - RefParam_MEMORY_1_Config3_RegAddress not found: check if there is a RefParameter without a condition.
2025-09-12 14:59:00,983 [WARN] IP:2250 - RefParam_MEMORY_2_Instance not found: check if there is a RefParameter without a condition.
2025-09-12 14:59:00,983 [WARN] IP:2250 - RefParam_MEMORY_2_ConfigType not found: check if there is a RefParameter without a condition.
2025-09-12 14:59:00,983 [WARN] IP:2250 - RefParam_MEMORY_2_Size not found: check if there is a RefParameter without a condition.
2025-09-12 14:59:00,983 [WARN] IP:2250 - RefParam_MEMORY_2_FreqMax not found: check if there is a RefParameter without a condition.
2025-09-12 14:59:00,983 [WARN] IP:2250 - RefParam_MEMORY_2_ReadReg not found: check if there is a RefParameter without a condition.
2025-09-12 14:59:00,983 [WARN] IP:2250 - RefParam_MEMORY_2_WriteReg not found: check if there is a RefParameter without a condition.
2025-09-12 14:59:00,983 [WARN] IP:2250 - RefParam_MEMORY_2_RegSize not found: check if there is a RefParameter without a condition.
2025-09-12 14:59:00,983 [WARN] IP:2250 - RefParam_MEMORY_2_RegDummyCycle not found: check if there is a RefParameter without a condition.
2025-09-12 14:59:00,983 [WARN] IP:2250 - RefParam_MEMORY_2_WriteCommand not found: check if there is a RefParameter without a condition.
2025-09-12 14:59:00,983 [WARN] IP:2250 - RefParam_MEMORY_2_WriteDummyCycle not found: check if there is a RefParameter without a condition.
2025-09-12 14:59:00,984 [WARN] IP:2250 - RefParam_MEMORY_2_ReadCommand not found: check if there is a RefParameter without a condition.
2025-09-12 14:59:00,984 [WARN] IP:2250 - RefParam_MEMORY_2_WrapReadCommand not found: check if there is a RefParameter without a condition.
2025-09-12 14:59:00,984 [WARN] IP:2250 - RefParam_MEMORY_2_ReadDummyCycle not found: check if there is a RefParameter without a condition.
2025-09-12 14:59:00,984 [WARN] IP:2250 - RefParam_MEMORY_2_NumberOfConfig not found: check if there is a RefParameter without a condition.
2025-09-12 14:59:00,984 [WARN] IP:2250 - RefParam_MEMORY_2_Config1_WriteMask not found: check if there is a RefParameter without a condition.
2025-09-12 14:59:00,984 [WARN] IP:2250 - RefParam_MEMORY_2_Config1_WriteValue not found: check if there is a RefParameter without a condition.
2025-09-12 14:59:00,984 [WARN] IP:2250 - RefParam_MEMORY_2_Config1_RegAddress not found: check if there is a RefParameter without a condition.
2025-09-12 14:59:00,984 [WARN] IP:2250 - RefParam_MEMORY_2_Config2_WriteMask not found: check if there is a RefParameter without a condition.
2025-09-12 14:59:00,984 [WARN] IP:2250 - RefParam_MEMORY_2_Config2_WriteValue not found: check if there is a RefParameter without a condition.
2025-09-12 14:59:00,984 [WARN] IP:2250 - RefParam_MEMORY_2_Config2_RegAddress not found: check if there is a RefParameter without a condition.
2025-09-12 14:59:00,984 [WARN] IP:2250 - RefParam_MEMORY_2_Config3_WriteMask not found: check if there is a RefParameter without a condition.
2025-09-12 14:59:00,984 [WARN] IP:2250 - RefParam_MEMORY_2_Config3_WriteValue not found: check if there is a RefParameter without a condition.
2025-09-12 14:59:00,984 [WARN] IP:2250 - RefParam_MEMORY_2_Config3_RegAddress not found: check if there is a RefParameter without a condition.
2025-09-12 15:49:29,779 [INFO] UtilMem:75 - End SaveConfig() Used Memory: 904513056 Bytes (1073741824)
2025-09-12 15:49:30,936 [ERROR] IocParser:95 - Exception caught: null
2025-09-12 15:49:31,785 [INFO] UtilMem:75 - End SaveConfig() Used Memory: 948240944 Bytes (1073741824)
2025-09-12 15:49:32,560 [INFO] UtilMem:75 - End SaveConfig() Used Memory: 769453112 Bytes (1073741824)
2025-09-12 15:49:33,265 [ERROR] IocParser:95 - Exception caught: null
2025-09-12 15:49:33,982 [INFO] BlockDiagram:2775 - set Specific Code input for plugin: EXTMEM_MANAGER
2025-09-12 15:49:33,982 [INFO] BlockDiagram:2775 - set Specific Code input for plugin: RAMCFG
2025-09-12 15:49:33,982 [INFO] BlockDiagram:2775 - set Specific Code input for plugin: RCC
2025-09-12 15:49:33,982 [INFO] BlockDiagram:2775 - set Specific Code input for plugin: CORTEX_M55_FSBL
2025-09-12 15:49:33,982 [INFO] BlockDiagram:2775 - set Specific Code input for plugin: XSPIM
2025-09-12 15:49:33,982 [INFO] BlockDiagram:2775 - set Specific Code input for plugin: STMicroelectronics.X-CUBE-AI.10.2.0
2025-09-12 15:49:33,982 [INFO] BlockDiagram:2775 - set Specific Code input for plugin: XSPI
2025-09-12 15:49:33,982 [INFO] BlockDiagram:2775 - set Specific Code input for plugin: NUCLEO-N657X0-Q
2025-09-12 15:49:33,982 [INFO] BlockDiagram:2775 - set Specific Code input for plugin: TIM1_8N6
2025-09-12 15:49:33,982 [INFO] BlockDiagram:2775 - set Specific Code input for plugin: CACHEAXI
2025-09-12 15:49:33,982 [INFO] BlockDiagram:2775 - set Specific Code input for plugin: BSEC
2025-09-12 15:49:33,982 [INFO] BlockDiagram:2775 - set Specific Code input for plugin: LPUART
2025-09-12 15:49:33,982 [INFO] BlockDiagram:2775 - set Specific Code input for plugin: NVIC
2025-09-12 15:49:33,983 [INFO] BlockDiagram:2775 - set Specific Code input for plugin: GPIO
2025-09-12 15:49:33,983 [INFO] BlockDiagram:2775 - set Specific Code input for plugin: RIF
2025-09-12 15:49:33,983 [INFO] BlockDiagram:2775 - set Specific Code input for plugin: NVIC1
2025-09-12 15:49:33,986 [INFO] CodeGenerator:892 - code generatio: config db path: C:\ST\STM32CubeIDE_1.19.0\STM32CubeIDE\plugins\com.st.stm32cube.common.mx_6.15.0.202507011659\\db\
2025-09-12 15:49:34,001 [WARN] IP:2250 - RefParam_XIP_memory not found: check if there is a RefParameter without a condition.
2025-09-12 15:49:34,001 [WARN] IP:2250 - RefParam_MEMORY_1_Size not found: check if there is a RefParameter without a condition.
2025-09-12 15:49:34,002 [WARN] IP:2250 - RefParam_MEMORY_1_FreqMax not found: check if there is a RefParameter without a condition.
2025-09-12 15:49:34,002 [WARN] IP:2250 - RefParam_MEMORY_1_ReadReg not found: check if there is a RefParameter without a condition.
2025-09-12 15:49:34,002 [WARN] IP:2250 - RefParam_MEMORY_1_WriteReg not found: check if there is a RefParameter without a condition.
2025-09-12 15:49:34,002 [WARN] IP:2250 - RefParam_MEMORY_1_RegSize not found: check if there is a RefParameter without a condition.
2025-09-12 15:49:34,002 [WARN] IP:2250 - RefParam_MEMORY_1_RegDummyCycle not found: check if there is a RefParameter without a condition.
2025-09-12 15:49:34,002 [WARN] IP:2250 - RefParam_MEMORY_1_WriteCommand not found: check if there is a RefParameter without a condition.
2025-09-12 15:49:34,002 [WARN] IP:2250 - RefParam_MEMORY_1_WriteDummyCycle not found: check if there is a RefParameter without a condition.
2025-09-12 15:49:34,002 [WARN] IP:2250 - RefParam_MEMORY_1_ReadCommand not found: check if there is a RefParameter without a condition.
2025-09-12 15:49:34,002 [WARN] IP:2250 - RefParam_MEMORY_1_WrapReadCommand not found: check if there is a RefParameter without a condition.
2025-09-12 15:49:34,002 [WARN] IP:2250 - RefParam_MEMORY_1_ReadDummyCycle not found: check if there is a RefParameter without a condition.
2025-09-12 15:49:34,002 [WARN] IP:2250 - RefParam_MEMORY_1_NumberOfConfig not found: check if there is a RefParameter without a condition.
2025-09-12 15:49:34,002 [WARN] IP:2250 - RefParam_MEMORY_1_Config1_WriteMask not found: check if there is a RefParameter without a condition.
2025-09-12 15:49:34,002 [WARN] IP:2250 - RefParam_MEMORY_1_Config1_WriteValue not found: check if there is a RefParameter without a condition.
2025-09-12 15:49:34,002 [WARN] IP:2250 - RefParam_MEMORY_1_Config1_RegAddress not found: check if there is a RefParameter without a condition.
2025-09-12 15:49:34,002 [WARN] IP:2250 - RefParam_MEMORY_1_Config2_WriteMask not found: check if there is a RefParameter without a condition.
2025-09-12 15:49:34,002 [WARN] IP:2250 - RefParam_MEMORY_1_Config2_WriteValue not found: check if there is a RefParameter without a condition.
2025-09-12 15:49:34,002 [WARN] IP:2250 - RefParam_MEMORY_1_Config2_RegAddress not found: check if there is a RefParameter without a condition.
2025-09-12 15:49:34,003 [WARN] IP:2250 - RefParam_MEMORY_1_Config3_WriteMask not found: check if there is a RefParameter without a condition.
2025-09-12 15:49:34,003 [WARN] IP:2250 - RefParam_MEMORY_1_Config3_WriteValue not found: check if there is a RefParameter without a condition.
2025-09-12 15:49:34,003 [WARN] IP:2250 - RefParam_MEMORY_1_Config3_RegAddress not found: check if there is a RefParameter without a condition.
2025-09-12 15:49:34,003 [WARN] IP:2250 - RefParam_MEMORY_2_Instance not found: check if there is a RefParameter without a condition.
2025-09-12 15:49:34,003 [WARN] IP:2250 - RefParam_MEMORY_2_ConfigType not found: check if there is a RefParameter without a condition.
2025-09-12 15:49:34,003 [WARN] IP:2250 - RefParam_MEMORY_2_Size not found: check if there is a RefParameter without a condition.
2025-09-12 15:49:34,003 [WARN] IP:2250 - RefParam_MEMORY_2_FreqMax not found: check if there is a RefParameter without a condition.
2025-09-12 15:49:34,003 [WARN] IP:2250 - RefParam_MEMORY_2_ReadReg not found: check if there is a RefParameter without a condition.
2025-09-12 15:49:34,003 [WARN] IP:2250 - RefParam_MEMORY_2_WriteReg not found: check if there is a RefParameter without a condition.
2025-09-12 15:49:34,003 [WARN] IP:2250 - RefParam_MEMORY_2_RegSize not found: check if there is a RefParameter without a condition.
2025-09-12 15:49:34,003 [WARN] IP:2250 - RefParam_MEMORY_2_RegDummyCycle not found: check if there is a RefParameter without a condition.
2025-09-12 15:49:34,003 [WARN] IP:2250 - RefParam_MEMORY_2_WriteCommand not found: check if there is a RefParameter without a condition.
2025-09-12 15:49:34,003 [WARN] IP:2250 - RefParam_MEMORY_2_WriteDummyCycle not found: check if there is a RefParameter without a condition.
2025-09-12 15:49:34,003 [WARN] IP:2250 - RefParam_MEMORY_2_ReadCommand not found: check if there is a RefParameter without a condition.
2025-09-12 15:49:34,003 [WARN] IP:2250 - RefParam_MEMORY_2_WrapReadCommand not found: check if there is a RefParameter without a condition.
2025-09-12 15:49:34,003 [WARN] IP:2250 - RefParam_MEMORY_2_ReadDummyCycle not found: check if there is a RefParameter without a condition.
2025-09-12 15:49:34,003 [WARN] IP:2250 - RefParam_MEMORY_2_NumberOfConfig not found: check if there is a RefParameter without a condition.
2025-09-12 15:49:34,003 [WARN] IP:2250 - RefParam_MEMORY_2_Config1_WriteMask not found: check if there is a RefParameter without a condition.
2025-09-12 15:49:34,003 [WARN] IP:2250 - RefParam_MEMORY_2_Config1_WriteValue not found: check if there is a RefParameter without a condition.
2025-09-12 15:49:34,003 [WARN] IP:2250 - RefParam_MEMORY_2_Config1_RegAddress not found: check if there is a RefParameter without a condition.
2025-09-12 15:49:34,003 [WARN] IP:2250 - RefParam_MEMORY_2_Config2_WriteMask not found: check if there is a RefParameter without a condition.
2025-09-12 15:49:34,004 [WARN] IP:2250 - RefParam_MEMORY_2_Config2_WriteValue not found: check if there is a RefParameter without a condition.
2025-09-12 15:49:34,004 [WARN] IP:2250 - RefParam_MEMORY_2_Config2_RegAddress not found: check if there is a RefParameter without a condition.
2025-09-12 15:49:34,004 [WARN] IP:2250 - RefParam_MEMORY_2_Config3_WriteMask not found: check if there is a RefParameter without a condition.
2025-09-12 15:49:34,004 [WARN] IP:2250 - RefParam_MEMORY_2_Config3_WriteValue not found: check if there is a RefParameter without a condition.
2025-09-12 15:49:34,004 [WARN] IP:2250 - RefParam_MEMORY_2_Config3_RegAddress not found: check if there is a RefParameter without a condition.
2025-09-12 15:49:34,135 [INFO] Middleware:1452 - No code input for Bsp Dependency
2025-09-12 15:49:34,137 [INFO] Middleware:1452 - No code input for Bsp Dependency
2025-09-12 15:49:34,139 [INFO] Middleware:1452 - No code input for Bsp Dependency
2025-09-12 15:49:34,140 [INFO] Middleware:1452 - No code input for Bsp Dependency
2025-09-12 15:49:34,141 [INFO] Middleware:1452 - No code input for Bsp Dependency
2025-09-12 15:49:34,141 [INFO] IP:3329 - RTE Config file name : RTE_Component
2025-09-12 15:49:34,141 [INFO] IP:3347 - RTE template : RTE_Components.ftl
2025-09-12 15:49:34,143 [INFO] Middleware:1452 - No code input for Bsp Dependency
2025-09-12 15:49:34,144 [INFO] Middleware:1452 - No code input for Bsp Dependency
2025-09-12 15:49:34,145 [INFO] Middleware:1452 - No code input for Bsp Dependency
2025-09-12 15:49:34,145 [INFO] CodeGenerator:1619 - *******************Project context FSBL selected
2025-09-12 15:49:34,208 [INFO] CodeEngine:265 - oldGeneratedFile, C:\ST\AB_LSTM\AB_LSTM\MXTmpFiles\license.tmp_save
2025-09-12 15:49:34,496 [INFO] CodeEngine:289 - Generated code: C:\ST\AB_LSTM\AB_LSTM\MXTmpFiles\license.tmp
2025-09-12 15:49:34,562 [INFO] CodeEngine:265 - oldGeneratedFile, C:\ST\AB_LSTM\AB_LSTM\FSBL\MXTmpFiles\gpio.tmp_save
2025-09-12 15:49:34,741 [INFO] CodeEngine:289 - Generated code: C:\ST\AB_LSTM\AB_LSTM\FSBL\MXTmpFiles\gpio.tmp
2025-09-12 15:49:34,916 [WARN] IPConfigManager:103 - WARNING: Missing Config File for XSPIM ip!!
2025-09-12 15:49:34,972 [INFO] Middleware:1452 - No code input for Bsp Dependency
2025-09-12 15:49:34,984 [INFO] CodeEngine:265 - oldGeneratedFile, C:\ST\AB_LSTM\AB_LSTM\FSBL\MXTmpFiles\boot_code.tmp_save
2025-09-12 15:49:35,129 [INFO] CodeEngine:289 - Generated code: C:\ST\AB_LSTM\AB_LSTM\FSBL\MXTmpFiles\boot_code.tmp
2025-09-12 15:49:35,164 [INFO] CodeEngine:265 - oldGeneratedFile, C:\ST\AB_LSTM\AB_LSTM\FSBL\MXTmpFiles\cortex.tmp_save
2025-09-12 15:49:35,345 [INFO] CodeEngine:289 - Generated code: C:\ST\AB_LSTM\AB_LSTM\FSBL\MXTmpFiles\cortex.tmp
2025-09-12 15:49:35,358 [INFO] Middleware:1452 - No code input for Bsp Dependency
2025-09-12 15:49:35,369 [INFO] CodeEngine:265 - oldGeneratedFile, C:\ST\AB_LSTM\AB_LSTM\FSBL\Core\Inc\extmem_manager.h_save
2025-09-12 15:49:35,531 [INFO] CodeEngine:289 - Generated code: C:\ST\AB_LSTM\AB_LSTM\FSBL\Core\Inc\extmem_manager.h
2025-09-12 15:49:35,546 [INFO] CodeEngine:265 - oldGeneratedFile, C:\ST\AB_LSTM\AB_LSTM\FSBL\Core\Src\extmem_manager.c_save
2025-09-12 15:49:35,723 [INFO] CodeEngine:289 - Generated code: C:\ST\AB_LSTM\AB_LSTM\FSBL\Core\Src\extmem_manager.c
2025-09-12 15:49:35,735 [INFO] CodeEngine:265 - oldGeneratedFile, C:\ST\AB_LSTM\AB_LSTM\FSBL\Core\Inc\stm32_extmem_conf.h_save
2025-09-12 15:49:35,879 [INFO] CodeEngine:289 - Generated code: C:\ST\AB_LSTM\AB_LSTM\FSBL\Core\Inc\stm32_extmem_conf.h
2025-09-12 15:49:35,889 [INFO] CodeEngine:265 - oldGeneratedFile, C:\ST\AB_LSTM\AB_LSTM\FSBL\MXTmpFiles\boot_code.tmp_save
2025-09-12 15:49:35,941 [INFO] CodeEngine:289 - Generated code: C:\ST\AB_LSTM\AB_LSTM\FSBL\MXTmpFiles\boot_code.tmp
2025-09-12 15:49:36,010 [INFO] CodeEngine:265 - oldGeneratedFile, C:\ST\AB_LSTM\AB_LSTM\FSBL\Core\Src\stm32n6xx_it.c_save
2025-09-12 15:49:36,363 [INFO] CodeEngine:289 - Generated code: C:\ST\AB_LSTM\AB_LSTM\FSBL\Core\Src\stm32n6xx_it.c
2025-09-12 15:49:36,372 [INFO] CodeEngine:265 - oldGeneratedFile, C:\ST\AB_LSTM\AB_LSTM\FSBL\Core\Inc\stm32n6xx_it.h_save
2025-09-12 15:49:36,451 [INFO] CodeEngine:289 - Generated code: C:\ST\AB_LSTM\AB_LSTM\FSBL\Core\Inc\stm32n6xx_it.h
2025-09-12 15:49:36,591 [INFO] CodeEngine:265 - oldGeneratedFile, C:\ST\AB_LSTM\AB_LSTM\FSBL\Core\Src\stm32n6xx_hal_msp.c_save
2025-09-12 15:49:36,802 [INFO] CodeEngine:289 - Generated code: C:\ST\AB_LSTM\AB_LSTM\FSBL\Core\Src\stm32n6xx_hal_msp.c
2025-09-12 15:49:36,814 [INFO] CodeEngine:265 - oldGeneratedFile, C:\ST\AB_LSTM\AB_LSTM\FSBL\MXTmpFiles\system.tmp_save
2025-09-12 15:49:36,879 [INFO] CodeEngine:289 - Generated code: C:\ST\AB_LSTM\AB_LSTM\FSBL\MXTmpFiles\system.tmp
2025-09-12 15:49:36,902 [INFO] CodeEngine:321 - oldGeneratedFile, C:\ST\AB_LSTM\AB_LSTM\FSBL\Core\Inc\stm32n6xx_hal_conf.h_save
2025-09-12 15:49:37,020 [INFO] CodeEngine:345 - Generated code: C:\ST\AB_LSTM\AB_LSTM\FSBL\Core\Inc\stm32n6xx_hal_conf.h
2025-09-12 15:49:37,038 [WARN] IPConfigManager:3238 - Warning: the RefConfig RCC_ConfigVoltageScaling is not available in your config.xml file
2025-09-12 15:49:37,046 [WARN] IPConfigManager:3238 - Warning: the RefConfig RCC_RTC_HSEDIV is not available in your config.xml file
2025-09-12 15:49:37,055 [ERROR] ApiDbMcu:560 - Cannot parse XSPIM_Config file : file do not exist
2025-09-12 15:49:37,072 [INFO] CodeEngine:265 - oldGeneratedFile, C:\ST\AB_LSTM\AB_LSTM\FSBL\Core\Inc\main.h_save
2025-09-12 15:49:37,219 [INFO] CodeEngine:289 - Generated code: C:\ST\AB_LSTM\AB_LSTM\FSBL\Core\Inc\main.h
2025-09-12 15:49:37,229 [INFO] CodeEngine:265 - oldGeneratedFile, C:\ST\AB_LSTM\AB_LSTM\FSBL\Core\Src\main.c_save
2025-09-12 15:49:37,386 [INFO] CodeEngine:289 - Generated code: C:\ST\AB_LSTM\AB_LSTM\FSBL\Core\Src\main.c
2025-09-12 15:49:37,437 [INFO] CodeGenerator:1619 - *******************Project context Appli selected
2025-09-12 15:49:37,472 [INFO] IP:3329 - RTE Config file name : RTE_Component
2025-09-12 15:49:37,473 [INFO] IP:3347 - RTE template : RTE_Components.ftl
2025-09-12 15:49:37,487 [INFO] CodeEngine:265 - oldGeneratedFile, C:\ST\AB_LSTM\AB_LSTM\MXTmpFiles\license.tmp_save
2025-09-12 15:49:37,579 [INFO] CodeEngine:289 - Generated code: C:\ST\AB_LSTM\AB_LSTM\MXTmpFiles\license.tmp
2025-09-12 15:49:37,609 [INFO] CodeEngine:265 - oldGeneratedFile, C:\ST\AB_LSTM\AB_LSTM\Appli\MXTmpFiles\gpio.tmp_save
2025-09-12 15:49:37,715 [INFO] CodeEngine:289 - Generated code: C:\ST\AB_LSTM\AB_LSTM\Appli\MXTmpFiles\gpio.tmp
2025-09-12 15:49:37,832 [WARN] IPConfigManager:103 - WARNING: Missing Config File for NVIC ip!!
2025-09-12 15:49:37,954 [INFO] Middleware:1452 - No code input for Bsp Dependency
2025-09-12 15:49:37,955 [INFO] Middleware:1452 - No code input for Bsp Dependency
2025-09-12 15:49:37,955 [INFO] IP:3329 - RTE Config file name : RTE_Component
2025-09-12 15:49:37,955 [INFO] IP:3347 - RTE template : RTE_Components.ftl
2025-09-12 15:49:37,967 [INFO] CodeEngine:265 - oldGeneratedFile, C:\ST\AB_LSTM\AB_LSTM\Appli\MXTmpFiles\cortex.tmp_save
2025-09-12 15:49:38,042 [INFO] CodeEngine:289 - Generated code: C:\ST\AB_LSTM\AB_LSTM\Appli\MXTmpFiles\cortex.tmp
2025-09-12 15:49:38,088 [INFO] CodeEngine:265 - oldGeneratedFile, C:\ST\AB_LSTM\AB_LSTM\Appli\Core\Inc\stm32n6xx_nucleo_conf.h_save
2025-09-12 15:49:38,216 [INFO] CodeEngine:289 - Generated code: C:\ST\AB_LSTM\AB_LSTM\Appli\Core\Inc\stm32n6xx_nucleo_conf.h
2025-09-12 15:49:38,224 [INFO] CodeEngine:265 - oldGeneratedFile, C:\ST\AB_LSTM\AB_LSTM\Appli\MXTmpFiles\bsp_inc.tmp_save
2025-09-12 15:49:38,280 [INFO] CodeEngine:289 - Generated code: C:\ST\AB_LSTM\AB_LSTM\Appli\MXTmpFiles\bsp_inc.tmp
2025-09-12 15:49:38,292 [INFO] CodeEngine:265 - oldGeneratedFile, C:\ST\AB_LSTM\AB_LSTM\Appli\MXTmpFiles\bsp_common_vars.tmp_save
2025-09-12 15:49:38,340 [INFO] CodeEngine:289 - Generated code: C:\ST\AB_LSTM\AB_LSTM\Appli\MXTmpFiles\bsp_common_vars.tmp
2025-09-12 15:49:38,347 [INFO] CodeEngine:265 - oldGeneratedFile, C:\ST\AB_LSTM\AB_LSTM\Appli\MXTmpFiles\bsp_common_init.tmp_save
2025-09-12 15:49:38,392 [INFO] CodeEngine:289 - Generated code: C:\ST\AB_LSTM\AB_LSTM\Appli\MXTmpFiles\bsp_common_init.tmp
2025-09-12 15:49:38,402 [INFO] CodeEngine:265 - oldGeneratedFile, C:\ST\AB_LSTM\AB_LSTM\Appli\MXTmpFiles\bsp_common_demo_before_while.tmp_save
2025-09-12 15:49:38,437 [INFO] CodeEngine:289 - Generated code: C:\ST\AB_LSTM\AB_LSTM\Appli\MXTmpFiles\bsp_common_demo_before_while.tmp
2025-09-12 15:49:38,443 [INFO] CodeEngine:265 - oldGeneratedFile, C:\ST\AB_LSTM\AB_LSTM\Appli\MXTmpFiles\bsp_common_demo_inside_while.tmp_save
2025-09-12 15:49:38,483 [INFO] CodeEngine:289 - Generated code: C:\ST\AB_LSTM\AB_LSTM\Appli\MXTmpFiles\bsp_common_demo_inside_while.tmp
2025-09-12 15:49:38,487 [INFO] CodeEngine:265 - oldGeneratedFile, C:\ST\AB_LSTM\AB_LSTM\Appli\MXTmpFiles\bsp_common_demo_fct.tmp_save
2025-09-12 15:49:38,523 [INFO] CodeEngine:289 - Generated code: C:\ST\AB_LSTM\AB_LSTM\Appli\MXTmpFiles\bsp_common_demo_fct.tmp
2025-09-12 15:49:38,527 [INFO] Middleware:1452 - No code input for Bsp Dependency
2025-09-12 15:49:38,527 [INFO] Middleware:1452 - No code input for Bsp Dependency
2025-09-12 15:49:38,529 [INFO] IP:3329 - RTE Config file name : RTE_Component
2025-09-12 15:49:38,529 [INFO] IP:3347 - RTE template : RTE_Components.ftl
2025-09-12 15:49:38,538 [INFO] CodeEngine:265 - oldGeneratedFile, C:\ST\AB_LSTM\AB_LSTM\Appli\X-CUBE-AI\App\app_x-cube-ai.h_save
2025-09-12 15:49:38,629 [INFO] CodeEngine:289 - Generated code: C:\ST\AB_LSTM\AB_LSTM\Appli\X-CUBE-AI\App\app_x-cube-ai.h
2025-09-12 15:49:38,636 [INFO] CodeEngine:265 - oldGeneratedFile, C:\ST\AB_LSTM\AB_LSTM\Appli\X-CUBE-AI\constants_ai.h_save
2025-09-12 15:49:38,696 [INFO] CodeEngine:289 - Generated code: C:\ST\AB_LSTM\AB_LSTM\Appli\X-CUBE-AI\constants_ai.h
2025-09-12 15:49:38,704 [INFO] CodeEngine:265 - oldGeneratedFile, C:\ST\AB_LSTM\AB_LSTM\Appli\X-CUBE-AI\App\app_x-cube-ai.c_save
2025-09-12 15:49:38,784 [INFO] CodeEngine:289 - Generated code: C:\ST\AB_LSTM\AB_LSTM\Appli\X-CUBE-AI\App\app_x-cube-ai.c
2025-09-12 15:49:38,816 [INFO] CodeEngine:265 - oldGeneratedFile, C:\ST\AB_LSTM\AB_LSTM\Appli\Core\Src\stm32n6xx_it.c_save
2025-09-12 15:49:38,944 [INFO] CodeEngine:289 - Generated code: C:\ST\AB_LSTM\AB_LSTM\Appli\Core\Src\stm32n6xx_it.c
2025-09-12 15:49:38,957 [INFO] CodeEngine:265 - oldGeneratedFile, C:\ST\AB_LSTM\AB_LSTM\Appli\Core\Inc\stm32n6xx_it.h_save
2025-09-12 15:49:39,011 [INFO] CodeEngine:289 - Generated code: C:\ST\AB_LSTM\AB_LSTM\Appli\Core\Inc\stm32n6xx_it.h
2025-09-12 15:49:39,015 [INFO] IP:3329 - RTE Config file name : RTE_Component
2025-09-12 15:49:39,015 [INFO] IP:3347 - RTE template : RTE_Components.ftl
2025-09-12 15:49:39,015 [INFO] CodeGenerator:2312 - Add RTE Code Input 
2025-09-12 15:49:39,023 [INFO] CodeEngine:265 - oldGeneratedFile, C:\ST\AB_LSTM\AB_LSTM\Appli\Core\Inc\RTE_Components.h_save
2025-09-12 15:49:39,113 [INFO] CodeEngine:289 - Generated code: C:\ST\AB_LSTM\AB_LSTM\Appli\Core\Inc\RTE_Components.h
2025-09-12 15:49:39,122 [INFO] CodeEngine:265 - oldGeneratedFile, C:\ST\AB_LSTM\AB_LSTM\Appli\MXTmpFiles\RIFInit.tmp_save
2025-09-12 15:49:39,194 [INFO] CodeEngine:289 - Generated code: C:\ST\AB_LSTM\AB_LSTM\Appli\MXTmpFiles\RIFInit.tmp
2025-09-12 15:49:39,283 [INFO] CodeEngine:265 - oldGeneratedFile, C:\ST\AB_LSTM\AB_LSTM\Appli\Core\Src\stm32n6xx_hal_msp.c_save
2025-09-12 15:49:39,457 [INFO] CodeEngine:289 - Generated code: C:\ST\AB_LSTM\AB_LSTM\Appli\Core\Src\stm32n6xx_hal_msp.c
2025-09-12 15:49:39,463 [INFO] CodeEngine:265 - oldGeneratedFile, C:\ST\AB_LSTM\AB_LSTM\Appli\MXTmpFiles\system.tmp_save
2025-09-12 15:49:39,495 [INFO] CodeEngine:289 - Generated code: C:\ST\AB_LSTM\AB_LSTM\Appli\MXTmpFiles\system.tmp
2025-09-12 15:49:39,508 [INFO] CodeEngine:321 - oldGeneratedFile, C:\ST\AB_LSTM\AB_LSTM\Appli\Core\Inc\stm32n6xx_hal_conf.h_save
2025-09-12 15:49:39,609 [INFO] CodeEngine:345 - Generated code: C:\ST\AB_LSTM\AB_LSTM\Appli\Core\Inc\stm32n6xx_hal_conf.h
2025-09-12 15:49:39,632 [WARN] IPConfigManager:3238 - Warning: the RefConfig RCC_ConfigVoltageScaling is not available in your config.xml file
2025-09-12 15:49:39,633 [WARN] IPConfigManager:3238 - Warning: the RefConfig RCC_RTC_HSEDIV is not available in your config.xml file
2025-09-12 15:49:39,644 [WARN] IPConfigManager:3811 - IP not found : TIM
2025-09-12 15:49:39,645 [WARN] CodeGenerator:4259 - IP not found : null
2025-09-12 15:49:39,652 [INFO] CodeEngine:265 - oldGeneratedFile, C:\ST\AB_LSTM\AB_LSTM\Appli\Core\Inc\main.h_save
2025-09-12 15:49:39,756 [INFO] CodeEngine:289 - Generated code: C:\ST\AB_LSTM\AB_LSTM\Appli\Core\Inc\main.h
2025-09-12 15:49:39,767 [INFO] CodeEngine:265 - oldGeneratedFile, C:\ST\AB_LSTM\AB_LSTM\Appli\Core\Src\main.c_save
2025-09-12 15:49:39,889 [INFO] CodeEngine:289 - Generated code: C:\ST\AB_LSTM\AB_LSTM\Appli\Core\Src\main.c
2025-09-12 15:49:39,901 [INFO] CodeEngine:265 - oldGeneratedFile, C:\ST\AB_LSTM\AB_LSTM\Appli\Core\Src\secure_nsc.c_save
2025-09-12 15:49:39,977 [INFO] CodeEngine:289 - Generated code: C:\ST\AB_LSTM\AB_LSTM\Appli\Core\Src\secure_nsc.c
2025-09-12 15:49:39,984 [INFO] CodeEngine:265 - oldGeneratedFile, C:\ST\AB_LSTM\AB_LSTM\Appli\Core\Inc\partition_stm32n657xx.h_save
2025-09-12 15:49:40,056 [INFO] CodeEngine:289 - Generated code: C:\ST\AB_LSTM\AB_LSTM\Appli\Core\Inc\partition_stm32n657xx.h
2025-09-12 15:49:40,063 [INFO] CodeEngine:265 - oldGeneratedFile, C:\ST\AB_LSTM\AB_LSTM\Secure_nsclib\secure_nsc.h_save
2025-09-12 15:49:40,118 [INFO] CodeEngine:289 - Generated code: C:\ST\AB_LSTM\AB_LSTM\Secure_nsclib\secure_nsc.h
2025-09-12 15:49:40,145 [INFO] CodeGenerator:1707 - *******************Project context ExtMemLoader Not selected
2025-09-12 15:49:41,188 [INFO] AInterface:322 - ModelName:network; files:[C:\Users\ZOJOLDRI\OneDrive - Carl Zeiss AG\Dokumente\Zeiss\SMT\Bachelor\AB Encoder Model\AB_Encoder_Synthetic_Data\lstm_ab_encoder.h5]; type:Keras; compression:None
2025-09-12 15:49:41,189 [INFO] AInterface:526 - workspaceTempDir: C:/Users/ZOJOLDRI/AppData/Local/Temp/mxAI_workspace191932612460270012033664747821710439
2025-09-12 15:49:41,190 [INFO] AInterface:1176 - Setting Env: C:/Users/ZOJOLDRI/STM32Cube/Repository/Packs/STMicroelectronics/X-CUBE-AI/10.2.0/Utilities/windows
2025-09-12 15:49:41,202 [INFO] STM32CubeIDEBuilder:265 - Looking for gnu-tools-for-stm32 tools/bin/arm-none-eabi-gcc.exe in C:\ST\STM32CubeIDE_1.19.0\STM32CubeIDE
2025-09-12 15:49:41,231 [INFO] STM32CubeIDEBuilder:294 - checking C:\ST\STM32CubeIDE_1.19.0\STM32CubeIDE\plugins\com.st.stm32cube.ide.mcu.externaltools.gnu-tools-for-stm32.13.3.rel1.win32_1.0.0.202411081344\tools\bin\arm-none-eabi-gcc.exe
2025-09-12 15:49:41,232 [INFO] STM32CubeIDEBuilder:297 - ret=C:\ST\STM32CubeIDE_1.19.0\STM32CubeIDE\plugins\com.st.stm32cube.ide.mcu.externaltools.gnu-tools-for-stm32.13.3.rel1.win32_1.0.0.202411081344\tools\bin\arm-none-eabi-gcc.exe
2025-09-12 15:49:41,232 [INFO] STM32CubeIDEBuilder:311 - returning C:\ST\STM32CubeIDE_1.19.0\STM32CubeIDE\plugins\com.st.stm32cube.ide.mcu.externaltools.gnu-tools-for-stm32.13.3.rel1.win32_1.0.0.202411081344\tools\bin\arm-none-eabi-gcc.exe
2025-09-12 15:49:41,233 [INFO] AInterface:1233 - Custom PATH variable: C:/Users/ZOJOLDRI/STM32Cube/Repository/Packs/STMicroelectronics/X-CUBE-AI/10.2.0/Utilities/windows;C:/Users/ZOJOLDRI/STM32Cube/Repository/Packs/STMicroelectronics/X-CUBE-AI/10.2.0/Utilities/windows/mingw64/bin;C:/Users/ZOJOLDRI/STM32Cube/Repository/Packs/STMicroelectronics/X-CUBE-AI/10.2.0/Utilities/windows/mingw64/libexec/gcc/x86_64-w64-mingw32/7.3.0;;C:\ST\STM32CubeIDE_1.19.0\STM32CubeIDE\plugins\com.st.stm32cube.ide.mcu.externaltools.gnu-tools-for-stm32.13.3.rel1.win32_1.0.0.202411081344\tools\bin
2025-09-12 15:49:41,236 [INFO] CmdLine:115 - Command: C:/Users/ZOJOLDRI/STM32Cube/Repository/Packs/STMicroelectronics/X-CUBE-AI/10.2.0/Utilities/windows/stedgeai.exe generate --target stm32n6 --name network -m C:/Users/ZOJOLDRI/OneDrive - Carl Zeiss AG/Dokumente/Zeiss/SMT/Bachelor/AB Encoder Model/AB_Encoder_Synthetic_Data/lstm_ab_encoder.h5 --compression none --verbosity 1 --workspace C:/Users/ZOJOLDRI/AppData/Local/Temp/mxAI_workspace191932612460270012033664747821710439 --output C:/Users/ZOJOLDRI/.stm32cubemx/network_output
2025-09-12 15:49:41,236 [INFO] AIModelDetailledView:2380 - Analysis status: pending
2025-09-12 15:49:45,835 [INFO] CmdLine:76 - ST Edge AI Core v2.2.0-20266 2adc00962
2025-09-12 15:50:32,601 [INFO] CmdLine:76 - Creating c (debug) info json file C:\Users\ZOJOLDRI\.stm32cubemx\network_output\network_c_info.json
2025-09-12 15:50:32,627 [INFO] CmdLine:76 -  
2025-09-12 15:50:32,627 [INFO] CmdLine:76 -  Exec/report summary (generate)
2025-09-12 15:50:32,627 [INFO] CmdLine:76 -  ---------------------------------------------------------------------------------------------------------------------------------------------------------------
2025-09-12 15:50:32,627 [INFO] CmdLine:76 -  model file         :   C:\Users\ZOJOLDRI\OneDrive - Carl Zeiss AG\Dokumente\Zeiss\SMT\Bachelor\AB Encoder Model\AB_Encoder_Synthetic_Data\lstm_ab_encoder.h5   
2025-09-12 15:50:32,628 [INFO] CmdLine:76 -  type               :   keras                                                                                                                                   
2025-09-12 15:50:32,628 [INFO] CmdLine:76 -  c_name             :   network                                                                                                                                 
2025-09-12 15:50:32,629 [INFO] CmdLine:76 -  compression        :   none                                                                                                                                    
2025-09-12 15:50:32,629 [INFO] CmdLine:76 -  options            :   allocate-inputs, allocate-outputs                                                                                                       
2025-09-12 15:50:32,629 [INFO] CmdLine:76 -  optimization       :   balanced                                                                                                                                
2025-09-12 15:50:32,629 [INFO] CmdLine:76 -  target/series      :   stm32n6                                                                                                                                 
2025-09-12 15:50:32,629 [INFO] CmdLine:76 -  workspace dir      :   C:\Users\ZOJOLDRI\AppData\Local\Temp\mxAI_workspace191932612460270012033664747821710439                                                 
2025-09-12 15:50:32,629 [INFO] CmdLine:76 -  output dir         :   C:\Users\ZOJOLDRI\.stm32cubemx\network_output                                                                                           
2025-09-12 15:50:32,629 [INFO] CmdLine:76 -  model_fmt          :   float                                                                                                                                   
2025-09-12 15:50:32,630 [INFO] CmdLine:76 -  model_name         :   lstm_ab_encoder                                                                                                                         
2025-09-12 15:50:32,630 [INFO] CmdLine:76 -  model_hash         :   0x246618bc8cc3d2aa74ff7ceaf8d44770                                                                                                      
2025-09-12 15:50:32,630 [INFO] CmdLine:76 -  params #           :   6,083 items (23.76 KiB)                                                                                                                 
2025-09-12 15:50:32,630 [INFO] CmdLine:76 -  ---------------------------------------------------------------------------------------------------------------------------------------------------------------
2025-09-12 15:50:32,630 [INFO] CmdLine:76 -  input 1/1          :   'input_0', f32(1x20x10), 800 Bytes, activations                                                                                         
2025-09-12 15:50:32,631 [INFO] CmdLine:76 -  output 1/1         :   'output', f32(1x3), 12 Bytes, activations                                                                                               
2025-09-12 15:50:32,631 [INFO] CmdLine:76 -  macc               :   111,360                                                                                                                                 
2025-09-12 15:50:32,631 [INFO] CmdLine:76 -  weights (ro)       :   24,716 B (24.14 KiB) (1 segment) / +384(+1.6%) vs float model                                                                           
2025-09-12 15:50:32,632 [INFO] CmdLine:76 -  activations (rw)   :   1,824 B (1.78 KiB) (1 segment) *                                                                                                        
2025-09-12 15:50:32,632 [INFO] CmdLine:76 -  ram (total)        :   1,824 B (1.78 KiB) = 1,824 + 0 + 0                                                                                                      
2025-09-12 15:50:32,632 [INFO] CmdLine:76 -  ---------------------------------------------------------------------------------------------------------------------------------------------------------------
2025-09-12 15:50:32,632 [INFO] CmdLine:76 -  (*) 'input'/'output' buffers are allocated in the activations buffer
2025-09-12 15:50:32,633 [INFO] CmdLine:76 - Computing AI RT data/code size (target=stm32n6)..
2025-09-12 15:50:36,097 [INFO] CmdLine:76 -  Requested memory size by section - "stm32n6" target
2025-09-12 15:50:36,098 [INFO] CmdLine:76 -  ------------------------------- -------- -------- ------- -------
2025-09-12 15:50:36,099 [INFO] CmdLine:76 -  module                              text   rodata    data     bss
2025-09-12 15:50:36,099 [INFO] CmdLine:76 -  ------------------------------- -------- -------- ------- -------
2025-09-12 15:50:36,099 [INFO] CmdLine:76 -  NetworkRuntime1020_CM55_GCC.a     15,800       32       0       0
2025-09-12 15:50:36,100 [INFO] CmdLine:76 -  network.o                            592       40   1,888     136
2025-09-12 15:50:36,100 [INFO] CmdLine:76 -  network_data.o                        48       16      88       0
2025-09-12 15:50:36,100 [INFO] CmdLine:76 -  lib (toolchain)*                   1,132      340       0       0
2025-09-12 15:50:36,100 [INFO] CmdLine:76 -  ------------------------------- -------- -------- ------- -------
2025-09-12 15:50:36,100 [INFO] CmdLine:76 -  RT total**                        17,572      428   1,976     136
2025-09-12 15:50:36,100 [INFO] CmdLine:76 -  ------------------------------- -------- -------- ------- -------
2025-09-12 15:50:36,100 [INFO] CmdLine:76 -  weights                                0   24,720       0       0
2025-09-12 15:50:36,101 [INFO] CmdLine:76 -  activations                            0        0       0   1,824
2025-09-12 15:50:36,101 [INFO] CmdLine:76 -  io                                     0        0       0       0
2025-09-12 15:50:36,101 [INFO] CmdLine:76 -  ------------------------------- -------- -------- ------- -------
2025-09-12 15:50:36,101 [INFO] CmdLine:76 -  TOTAL                             17,572   25,148   1,976   1,960
2025-09-12 15:50:36,101 [INFO] CmdLine:76 -  ------------------------------- -------- -------- ------- -------
2025-09-12 15:50:36,101 [INFO] CmdLine:76 -  *  toolchain objects (libm/libgcc*)
2025-09-12 15:50:36,101 [INFO] CmdLine:76 -  ** RT AI runtime objects (kernels+infrastructure)
2025-09-12 15:50:36,101 [INFO] CmdLine:76 -   Summary - "stm32n6" target
2025-09-12 15:50:36,102 [INFO] CmdLine:76 -   ---------------------------------------------------
2025-09-12 15:50:36,102 [INFO] CmdLine:76 -                FLASH (ro)      %*   RAM (rw)       %
2025-09-12 15:50:36,102 [INFO] CmdLine:76 -   ---------------------------------------------------
2025-09-12 15:50:36,102 [INFO] CmdLine:76 -   RT total         19,976   44.7%      2,112   53.7%
2025-09-12 15:50:36,102 [INFO] CmdLine:76 -   ---------------------------------------------------
2025-09-12 15:50:36,102 [INFO] CmdLine:76 -   TOTAL            44,696              3,936
2025-09-12 15:50:36,102 [INFO] CmdLine:76 -   ---------------------------------------------------
2025-09-12 15:50:36,102 [INFO] CmdLine:76 -   *  rt/total
2025-09-12 15:50:36,102 [INFO] CmdLine:76 -  Generated files (7)
2025-09-12 15:50:36,102 [INFO] CmdLine:76 -  ---------------------------------------------------------------------
2025-09-12 15:50:36,103 [INFO] CmdLine:76 -  C:\Users\ZOJOLDRI\.stm32cubemx\network_output\network_data_params.h
2025-09-12 15:50:36,103 [INFO] CmdLine:76 -  C:\Users\ZOJOLDRI\.stm32cubemx\network_output\network_data_params.c
2025-09-12 15:50:36,103 [INFO] CmdLine:76 -  C:\Users\ZOJOLDRI\.stm32cubemx\network_output\network_data.h
2025-09-12 15:50:36,103 [INFO] CmdLine:76 -  C:\Users\ZOJOLDRI\.stm32cubemx\network_output\network_data.c
2025-09-12 15:50:36,103 [INFO] CmdLine:76 -  C:\Users\ZOJOLDRI\.stm32cubemx\network_output\network_config.h
2025-09-12 15:50:36,103 [INFO] CmdLine:76 -  C:\Users\ZOJOLDRI\.stm32cubemx\network_output\network.h
2025-09-12 15:50:36,103 [INFO] CmdLine:76 -  C:\Users\ZOJOLDRI\.stm32cubemx\network_output\network.c
2025-09-12 15:50:36,103 [INFO] CmdLine:76 - Creating txt report file C:\Users\ZOJOLDRI\.stm32cubemx\network_output\network_generate_report.txt
2025-09-12 15:50:38,995 [INFO] CmdLine:76 - elapsed time (generate): 53.149s
2025-09-12 15:50:39,425 [INFO] CmdLine:148 - stedgeai exit with status: 0
2025-09-12 15:50:39,439 [INFO] AIModelDetailledView:2380 - Analysis status: done
2025-09-12 15:50:40,677 [INFO] ProjectBuilder:3606 - Time for Copy HAL[1] : 636mS.
2025-09-12 15:50:40,677 [ERROR] Middleware:2950 - Invalid RefComponent list
2025-09-12 15:50:40,677 [ERROR] Middleware:2950 - Invalid RefComponent list
2025-09-12 15:50:40,677 [ERROR] Middleware:2950 - Invalid RefComponent list
2025-09-12 15:50:40,677 [ERROR] Middleware:2950 - Invalid RefComponent list
2025-09-12 15:50:40,677 [ERROR] Middleware:2950 - Invalid RefComponent list
2025-09-12 15:50:40,677 [ERROR] Middleware:2950 - Invalid RefComponent list
2025-09-12 15:50:40,677 [ERROR] Middleware:2950 - Invalid RefComponent list
2025-09-12 15:50:40,678 [ERROR] Middleware:2950 - Invalid RefComponent list
2025-09-12 15:50:40,678 [ERROR] Middleware:2950 - Invalid RefComponent list
2025-09-12 15:50:40,678 [ERROR] Middleware:2950 - Invalid RefComponent list
2025-09-12 15:50:40,678 [ERROR] Middleware:2950 - Invalid RefComponent list
2025-09-12 15:50:40,678 [ERROR] Middleware:2950 - Invalid RefComponent list
2025-09-12 15:50:40,678 [ERROR] Middleware:2950 - Invalid RefComponent list
2025-09-12 15:50:40,678 [ERROR] Middleware:2950 - Invalid RefComponent list
2025-09-12 15:50:40,678 [ERROR] Middleware:2950 - Invalid RefComponent list
2025-09-12 15:50:40,678 [ERROR] Middleware:2950 - Invalid RefComponent list
2025-09-12 15:50:40,678 [ERROR] Middleware:2950 - Invalid RefComponent list
2025-09-12 15:50:40,678 [ERROR] Middleware:2950 - Invalid RefComponent list
2025-09-12 15:50:40,678 [ERROR] Middleware:2950 - Invalid RefComponent list
2025-09-12 15:50:40,678 [ERROR] Middleware:2950 - Invalid RefComponent list
2025-09-12 15:50:40,678 [ERROR] Middleware:2950 - Invalid RefComponent list
2025-09-12 15:50:40,678 [ERROR] Middleware:2950 - Invalid RefComponent list
2025-09-12 15:50:40,678 [ERROR] Middleware:2950 - Invalid RefComponent list
2025-09-12 15:50:40,678 [ERROR] Middleware:2950 - Invalid RefComponent list
2025-09-12 15:50:40,678 [ERROR] Middleware:2950 - Invalid RefComponent list
2025-09-12 15:50:40,678 [ERROR] Middleware:2950 - Invalid RefComponent list
2025-09-12 15:50:40,678 [ERROR] Middleware:2950 - Invalid RefComponent list
2025-09-12 15:50:40,678 [ERROR] Middleware:2950 - Invalid RefComponent list
2025-09-12 15:50:40,678 [ERROR] Middleware:2950 - Invalid RefComponent list
2025-09-12 15:50:40,678 [ERROR] Middleware:2950 - Invalid RefComponent list
2025-09-12 15:50:40,678 [ERROR] Middleware:2950 - Invalid RefComponent list
2025-09-12 15:50:40,678 [ERROR] Middleware:2950 - Invalid RefComponent list
2025-09-12 15:50:40,678 [ERROR] Middleware:2950 - Invalid RefComponent list
2025-09-12 15:50:40,678 [ERROR] Middleware:2950 - Invalid RefComponent list
2025-09-12 15:50:40,678 [ERROR] Middleware:2950 - Invalid RefComponent list
2025-09-12 15:50:40,678 [ERROR] Middleware:2950 - Invalid RefComponent list
2025-09-12 15:50:40,678 [ERROR] Middleware:2950 - Invalid RefComponent list
2025-09-12 15:50:40,678 [ERROR] Middleware:2950 - Invalid RefComponent list
2025-09-12 15:50:40,678 [ERROR] Middleware:2950 - Invalid RefComponent list
2025-09-12 15:50:40,678 [ERROR] Middleware:2950 - Invalid RefComponent list
2025-09-12 15:50:40,678 [ERROR] Middleware:2950 - Invalid RefComponent list
2025-09-12 15:50:40,678 [ERROR] Middleware:2950 - Invalid RefComponent list
2025-09-12 15:50:40,678 [ERROR] Middleware:2950 - Invalid RefComponent list
2025-09-12 15:50:40,678 [ERROR] Middleware:2950 - Invalid RefComponent list
2025-09-12 15:50:40,678 [ERROR] Middleware:2950 - Invalid RefComponent list
2025-09-12 15:50:40,678 [ERROR] Middleware:2950 - Invalid RefComponent list
2025-09-12 15:50:40,678 [ERROR] Middleware:2950 - Invalid RefComponent list
2025-09-12 15:50:40,678 [ERROR] Middleware:2950 - Invalid RefComponent list
2025-09-12 15:50:40,678 [ERROR] Middleware:2950 - Invalid RefComponent list
2025-09-12 15:50:40,678 [ERROR] Middleware:2950 - Invalid RefComponent list
2025-09-12 15:50:40,679 [ERROR] Middleware:2950 - Invalid RefComponent list
2025-09-12 15:50:40,679 [ERROR] Middleware:2950 - Invalid RefComponent list
2025-09-12 15:50:40,679 [ERROR] Middleware:2950 - Invalid RefComponent list
2025-09-12 15:50:40,679 [ERROR] Middleware:2950 - Invalid RefComponent list
2025-09-12 15:50:40,679 [ERROR] Middleware:2950 - Invalid RefComponent list
2025-09-12 15:50:40,679 [ERROR] Middleware:2950 - Invalid RefComponent list
2025-09-12 15:50:40,679 [ERROR] Middleware:2950 - Invalid RefComponent list
2025-09-12 15:50:40,679 [ERROR] Middleware:2950 - Invalid RefComponent list
2025-09-12 15:50:40,679 [ERROR] Middleware:2950 - Invalid RefComponent list
2025-09-12 15:50:40,679 [ERROR] Middleware:2950 - Invalid RefComponent list
2025-09-12 15:50:40,679 [ERROR] Middleware:2950 - Invalid RefComponent list
2025-09-12 15:50:40,679 [ERROR] Middleware:2950 - Invalid RefComponent list
2025-09-12 15:50:40,679 [ERROR] Middleware:2950 - Invalid RefComponent list
2025-09-12 15:50:40,679 [ERROR] Middleware:2950 - Invalid RefComponent list
2025-09-12 15:50:40,679 [ERROR] Middleware:2950 - Invalid RefComponent list
2025-09-12 15:50:40,679 [ERROR] Middleware:2950 - Invalid RefComponent list
2025-09-12 15:50:40,679 [ERROR] Middleware:2950 - Invalid RefComponent list
2025-09-12 15:50:40,679 [ERROR] Middleware:2950 - Invalid RefComponent list
2025-09-12 15:50:40,679 [ERROR] Middleware:2950 - Invalid RefComponent list
2025-09-12 15:50:40,679 [ERROR] Middleware:2950 - Invalid RefComponent list
2025-09-12 15:50:40,698 [INFO] ProjectBuilder:5216 - Project Generator version: 4.7.0-B52
2025-09-12 15:50:40,767 [INFO] ConfigFileManager:1595 - The Die is : DIE486
2025-09-12 15:50:55,019 [INFO] ProjectBuilder:5056 - Time for Generating toolchain IDE Files: 14321mS.
2025-09-12 15:50:55,021 [INFO] ProjectBuilder:3463 - Time for Copy CMSIS : 2mS.
2025-09-12 15:50:55,033 [INFO] ProjectBuilder:3463 - Time for Copy CMSIS : 0mS.
2025-09-12 18:45:41,783 [INFO] AI:955 - getUI adding AI com.st.microxplorer.plugins.ip.ai.AI@3eb14554 on STMicroelectronics.X-CUBE-AI.10.2.0_Appli
2025-09-12 18:46:06,742 [INFO] AIModelDetailledView:2380 - Analysis status: -
2025-09-12 18:46:29,369 [INFO] AInterface:259 - ModelName:network; files:[C:\Users\ZOJOLDRI\OneDrive - Carl Zeiss AG\Dokumente\Zeiss\SMT\Bachelor\AB Encoder Model\AB_Encoder_Synthetic_Data\lstm_ab_encoder.h5]; type:Keras; compression:None
2025-09-12 18:46:29,371 [INFO] AInterface:526 - workspaceTempDir: C:/Users/ZOJOLDRI/AppData/Local/Temp/mxAI_workspace19299342957487009207185738203109932
2025-09-12 18:46:29,371 [INFO] AInterface:1176 - Setting Env: C:/Users/ZOJOLDRI/STM32Cube/Repository/Packs/STMicroelectronics/X-CUBE-AI/10.2.0/Utilities/windows
2025-09-12 18:46:29,385 [INFO] STM32CubeIDEBuilder:265 - Looking for gnu-tools-for-stm32 tools/bin/arm-none-eabi-gcc.exe in C:\ST\STM32CubeIDE_1.19.0\STM32CubeIDE
2025-09-12 18:46:29,428 [INFO] STM32CubeIDEBuilder:294 - checking C:\ST\STM32CubeIDE_1.19.0\STM32CubeIDE\plugins\com.st.stm32cube.ide.mcu.externaltools.gnu-tools-for-stm32.13.3.rel1.win32_1.0.0.202411081344\tools\bin\arm-none-eabi-gcc.exe
2025-09-12 18:46:29,429 [INFO] STM32CubeIDEBuilder:297 - ret=C:\ST\STM32CubeIDE_1.19.0\STM32CubeIDE\plugins\com.st.stm32cube.ide.mcu.externaltools.gnu-tools-for-stm32.13.3.rel1.win32_1.0.0.202411081344\tools\bin\arm-none-eabi-gcc.exe
2025-09-12 18:46:29,429 [INFO] STM32CubeIDEBuilder:311 - returning C:\ST\STM32CubeIDE_1.19.0\STM32CubeIDE\plugins\com.st.stm32cube.ide.mcu.externaltools.gnu-tools-for-stm32.13.3.rel1.win32_1.0.0.202411081344\tools\bin\arm-none-eabi-gcc.exe
2025-09-12 18:46:29,430 [INFO] AInterface:1233 - Custom PATH variable: C:/Users/ZOJOLDRI/STM32Cube/Repository/Packs/STMicroelectronics/X-CUBE-AI/10.2.0/Utilities/windows;C:/Users/ZOJOLDRI/STM32Cube/Repository/Packs/STMicroelectronics/X-CUBE-AI/10.2.0/Utilities/windows/mingw64/bin;C:/Users/ZOJOLDRI/STM32Cube/Repository/Packs/STMicroelectronics/X-CUBE-AI/10.2.0/Utilities/windows/mingw64/libexec/gcc/x86_64-w64-mingw32/7.3.0;;C:\ST\STM32CubeIDE_1.19.0\STM32CubeIDE\plugins\com.st.stm32cube.ide.mcu.externaltools.gnu-tools-for-stm32.13.3.rel1.win32_1.0.0.202411081344\tools\bin
2025-09-12 18:46:29,437 [INFO] CmdLine:115 - Command: C:/Users/ZOJOLDRI/STM32Cube/Repository/Packs/STMicroelectronics/X-CUBE-AI/10.2.0/Utilities/windows/stedgeai.exe analyze --target stm32n6 --name network -m C:/Users/ZOJOLDRI/OneDrive - Carl Zeiss AG/Dokumente/Zeiss/SMT/Bachelor/AB Encoder Model/AB_Encoder_Synthetic_Data/lstm_ab_encoder.h5 --compression none --verbosity 1 --workspace C:/Users/ZOJOLDRI/AppData/Local/Temp/mxAI_workspace19299342957487009207185738203109932 --output C:/Users/ZOJOLDRI/.stm32cubemx/network_output
2025-09-12 18:46:29,442 [INFO] AIModelDetailledView:2380 - Analysis status: pending
2025-09-12 18:46:33,784 [INFO] CmdLine:76 - ST Edge AI Core v2.2.0-20266 2adc00962
2025-09-12 18:47:17,408 [INFO] CmdLine:76 - Creating c (debug) info json file C:\Users\ZOJOLDRI\.stm32cubemx\network_output\network_c_info.json
2025-09-12 18:47:17,440 [INFO] CmdLine:76 -  
2025-09-12 18:47:17,440 [INFO] CmdLine:76 -  Exec/report summary (analyze)
2025-09-12 18:47:17,441 [INFO] CmdLine:76 -  ---------------------------------------------------------------------------------------------------------------------------------------------------------------
2025-09-12 18:47:17,441 [INFO] CmdLine:76 -  model file         :   C:\Users\ZOJOLDRI\OneDrive - Carl Zeiss AG\Dokumente\Zeiss\SMT\Bachelor\AB Encoder Model\AB_Encoder_Synthetic_Data\lstm_ab_encoder.h5   
2025-09-12 18:47:17,441 [INFO] CmdLine:76 -  type               :   keras                                                                                                                                   
2025-09-12 18:47:17,441 [INFO] CmdLine:76 -  c_name             :   network                                                                                                                                 
2025-09-12 18:47:17,441 [INFO] CmdLine:76 -  compression        :   none                                                                                                                                    
2025-09-12 18:47:17,442 [INFO] CmdLine:76 -  options            :   allocate-inputs, allocate-outputs                                                                                                       
2025-09-12 18:47:17,442 [INFO] CmdLine:76 -  optimization       :   balanced                                                                                                                                
2025-09-12 18:47:17,442 [INFO] CmdLine:76 -  target/series      :   stm32n6                                                                                                                                 
2025-09-12 18:47:17,442 [INFO] CmdLine:76 -  workspace dir      :   C:\Users\ZOJOLDRI\AppData\Local\Temp\mxAI_workspace19299342957487009207185738203109932                                                  
2025-09-12 18:47:17,446 [INFO] CmdLine:76 -  output dir         :   C:\Users\ZOJOLDRI\.stm32cubemx\network_output                                                                                           
2025-09-12 18:47:17,447 [INFO] CmdLine:76 -  model_fmt          :   float                                                                                                                                   
2025-09-12 18:47:17,448 [INFO] CmdLine:76 -  model_name         :   lstm_ab_encoder                                                                                                                         
2025-09-12 18:47:17,449 [INFO] CmdLine:76 -  model_hash         :   0x884f52bfdff4b1e12706af6f17607a73                                                                                                      
2025-09-12 18:47:17,449 [INFO] CmdLine:76 -  params #           :   6,083 items (23.76 KiB)                                                                                                                 
2025-09-12 18:47:17,450 [INFO] CmdLine:76 -  ---------------------------------------------------------------------------------------------------------------------------------------------------------------
2025-09-12 18:47:17,450 [INFO] CmdLine:76 -  input 1/1          :   'input_0', f32(1x20x10), 800 Bytes, activations                                                                                         
2025-09-12 18:47:17,450 [INFO] CmdLine:76 -  output 1/1         :   'output', f32(1x3), 12 Bytes, activations                                                                                               
2025-09-12 18:47:17,451 [INFO] CmdLine:76 -  macc               :   111,360                                                                                                                                 
2025-09-12 18:47:17,451 [INFO] CmdLine:76 -  weights (ro)       :   24,716 B (24.14 KiB) (1 segment) / +384(+1.6%) vs float model                                                                           
2025-09-12 18:47:17,451 [INFO] CmdLine:76 -  activations (rw)   :   1,824 B (1.78 KiB) (1 segment) *                                                                                                        
2025-09-12 18:47:17,452 [INFO] CmdLine:76 -  ram (total)        :   1,824 B (1.78 KiB) = 1,824 + 0 + 0                                                                                                      
2025-09-12 18:47:17,452 [INFO] CmdLine:76 -  ---------------------------------------------------------------------------------------------------------------------------------------------------------------
2025-09-12 18:47:17,452 [INFO] CmdLine:76 -  (*) 'input'/'output' buffers are allocated in the activations buffer
2025-09-12 18:47:17,452 [INFO] CmdLine:76 - Computing AI RT data/code size (target=stm32n6)..
2025-09-12 18:47:21,314 [INFO] CmdLine:76 -  Model name - lstm_ab_encoder
2025-09-12 18:47:21,315 [INFO] CmdLine:76 -  ------ ----------------------- ----------------- -------------- --------- ---------------
2025-09-12 18:47:21,316 [INFO] CmdLine:76 -  m_id   layer (original)        oshape            param/size          macc    connected to
2025-09-12 18:47:21,316 [INFO] CmdLine:76 -  ------ ----------------------- ----------------- -------------- --------- ---------------
2025-09-12 18:47:21,316 [INFO] CmdLine:76 -  0      input_0 (None)          [b:1,h:20,c:10]
2025-09-12 18:47:21,316 [INFO] CmdLine:76 -         lstm_1 (LSTM)           [b:1,c:32]        5,504/22,016     110,720         input_0
2025-09-12 18:47:21,318 [INFO] CmdLine:76 -  ------ ----------------------- ----------------- -------------- --------- ---------------
2025-09-12 18:47:21,320 [INFO] CmdLine:76 -  2      dense_1_dense (Dense)   [b:1,c:16]        528/2,112            528          lstm_1
2025-09-12 18:47:21,320 [INFO] CmdLine:76 -         dense_1 (Dense)         [b:1,c:16]                              16   dense_1_dense
2025-09-12 18:47:21,322 [INFO] CmdLine:76 -  ------ ----------------------- ----------------- -------------- --------- ---------------
2025-09-12 18:47:21,322 [INFO] CmdLine:76 -  4      output_dense (Dense)    [b:1,c:3]         51/204                51         dense_1
2025-09-12 18:47:21,322 [INFO] CmdLine:76 -         output (Dense)          [b:1,c:3]                               45    output_dense
2025-09-12 18:47:21,322 [INFO] CmdLine:76 -  ------ ----------------------- ----------------- -------------- --------- ---------------
2025-09-12 18:47:21,322 [INFO] CmdLine:76 -  model: macc=111,360 weights=24,332 activations=-- io=--
2025-09-12 18:47:21,323 [INFO] CmdLine:76 -  Number of operations per c-layer
2025-09-12 18:47:21,323 [INFO] CmdLine:76 -  ------- ------ ------------------------ --------- --------------
2025-09-12 18:47:21,323 [INFO] CmdLine:76 -  c_id    m_id   name (type)                    #op           type
2025-09-12 18:47:21,323 [INFO] CmdLine:76 -  ------- ------ ------------------------ --------- --------------
2025-09-12 18:47:21,323 [INFO] CmdLine:76 -  0       0      lstm_1 (LSTM)              110,720   smul_f32_f32
2025-09-12 18:47:21,323 [INFO] CmdLine:76 -  1       2      dense_1_dense (Dense)          528   smul_f32_f32
2025-09-12 18:47:21,323 [INFO] CmdLine:76 -  2       2      dense_1 (Nonlinearity)          16     op_f32_f32
2025-09-12 18:47:21,324 [INFO] CmdLine:76 -  3       4      output_dense (Dense)            51   smul_f32_f32
2025-09-12 18:47:21,324 [INFO] CmdLine:76 -  4       4      output (Nonlinearity)           45     op_f32_f32
2025-09-12 18:47:21,324 [INFO] CmdLine:76 -  ------- ------ ------------------------ --------- --------------
2025-09-12 18:47:21,324 [INFO] CmdLine:76 -  total                                     111,360
2025-09-12 18:47:21,324 [INFO] CmdLine:76 -  Number of operation types
2025-09-12 18:47:21,324 [INFO] CmdLine:76 -  ---------------- --------- -----------
2025-09-12 18:47:21,325 [INFO] CmdLine:76 -  operation type           #           %
2025-09-12 18:47:21,325 [INFO] CmdLine:76 -  ---------------- --------- -----------
2025-09-12 18:47:21,363 [INFO] CmdLine:76 -  smul_f32_f32       111,299       99.9%
2025-09-12 18:47:21,364 [INFO] CmdLine:76 -  op_f32_f32              61        0.1%
2025-09-12 18:47:21,364 [INFO] CmdLine:76 -  Complexity report (model)
2025-09-12 18:47:21,364 [INFO] CmdLine:76 -  ------ --------------- ------------------------- ------------------------- --------
2025-09-12 18:47:21,366 [INFO] CmdLine:76 -  m_id   name            c_macc                    c_rom                     c_id
2025-09-12 18:47:21,366 [INFO] CmdLine:76 -  ------ --------------- ------------------------- ------------------------- --------
2025-09-12 18:47:21,366 [INFO] CmdLine:76 -  0      input_0         ||||||||||||||||  99.4%   ||||||||||||||||  90.6%   [0]
2025-09-12 18:47:21,366 [INFO] CmdLine:76 -  2      dense_1_dense   |                  0.5%   ||                 8.5%   [1, 2]
2025-09-12 18:47:21,367 [INFO] CmdLine:76 -  4      output_dense    |                  0.1%   |                  0.8%   [3, 4]
2025-09-12 18:47:21,367 [INFO] CmdLine:76 -  ------ --------------- ------------------------- ------------------------- --------
2025-09-12 18:47:21,367 [INFO] CmdLine:76 -  macc=111,360 weights=24,716 act=1,824 ram_io=0
2025-09-12 18:47:21,367 [INFO] CmdLine:76 -  Requested memory size by section - "stm32n6" target
2025-09-12 18:47:21,367 [INFO] CmdLine:76 -  ------------------------------- -------- -------- ------- -------
2025-09-12 18:47:21,367 [INFO] CmdLine:76 -  module                              text   rodata    data     bss
2025-09-12 18:47:21,367 [INFO] CmdLine:76 -  ------------------------------- -------- -------- ------- -------
2025-09-12 18:47:21,368 [INFO] CmdLine:76 -  NetworkRuntime1020_CM55_GCC.a     15,800       32       0       0
2025-09-12 18:47:21,368 [INFO] CmdLine:76 -  network.o                            592       40   1,888     136
2025-09-12 18:47:21,368 [INFO] CmdLine:76 -  network_data.o                        48       16      88       0
2025-09-12 18:47:21,368 [INFO] CmdLine:76 -  lib (toolchain)*                   1,132      340       0       0
2025-09-12 18:47:21,368 [INFO] CmdLine:76 -  ------------------------------- -------- -------- ------- -------
2025-09-12 18:47:21,368 [INFO] CmdLine:76 -  RT total**                        17,572      428   1,976     136
2025-09-12 18:47:21,368 [INFO] CmdLine:76 -  ------------------------------- -------- -------- ------- -------
2025-09-12 18:47:21,369 [INFO] CmdLine:76 -  weights                                0   24,720       0       0
2025-09-12 18:47:21,369 [INFO] CmdLine:76 -  activations                            0        0       0   1,824
2025-09-12 18:47:21,369 [INFO] CmdLine:76 -  io                                     0        0       0       0
2025-09-12 18:47:21,369 [INFO] CmdLine:76 -  ------------------------------- -------- -------- ------- -------
2025-09-12 18:47:21,369 [INFO] CmdLine:76 -  TOTAL                             17,572   25,148   1,976   1,960
2025-09-12 18:47:21,369 [INFO] CmdLine:76 -  ------------------------------- -------- -------- ------- -------
2025-09-12 18:47:21,369 [INFO] CmdLine:76 -  *  toolchain objects (libm/libgcc*)
2025-09-12 18:47:21,370 [INFO] CmdLine:76 -  ** RT AI runtime objects (kernels+infrastructure)
2025-09-12 18:47:21,370 [INFO] CmdLine:76 -   Summary - "stm32n6" target
2025-09-12 18:47:21,370 [INFO] CmdLine:76 -   ---------------------------------------------------
2025-09-12 18:47:21,370 [INFO] CmdLine:76 -                FLASH (ro)      %*   RAM (rw)       %
2025-09-12 18:47:21,371 [INFO] CmdLine:76 -   ---------------------------------------------------
2025-09-12 18:47:21,371 [INFO] CmdLine:76 -   RT total         19,976   44.7%      2,112   53.7%
2025-09-12 18:47:21,371 [INFO] CmdLine:76 -   ---------------------------------------------------
2025-09-12 18:47:21,371 [INFO] CmdLine:76 -   TOTAL            44,696              3,936
2025-09-12 18:47:21,371 [INFO] CmdLine:76 -   ---------------------------------------------------
2025-09-12 18:47:21,371 [INFO] CmdLine:76 -   *  rt/total
2025-09-12 18:47:21,373 [INFO] CmdLine:76 - Creating txt report file C:\Users\ZOJOLDRI\.stm32cubemx\network_output\network_analyze_report.txt
2025-09-12 18:47:24,644 [INFO] CmdLine:76 - elapsed time (analyze): 50.860s
2025-09-12 18:47:25,220 [INFO] CmdLine:148 - stedgeai exit with status: 0
2025-09-12 18:47:25,238 [INFO] AIModelDetailledView:1184 - Model file:      lstm_ab_encoder.h5
2025-09-12 18:47:25,238 [INFO] AIModelDetailledView:1184 - Total Flash:     44692 B (43.64 KiB)
2025-09-12 18:47:25,243 [INFO] AIModelDetailledView:1184 -     Weights:     24716 B (24.14 KiB)
2025-09-12 18:47:25,243 [INFO] AIModelDetailledView:1184 -     Library:     19976 B (19.51 KiB)
2025-09-12 18:47:25,243 [INFO] AIModelDetailledView:1184 - Total Ram:       3936 B (3.84 KiB)
2025-09-12 18:47:25,244 [INFO] AIModelDetailledView:1184 -     Activations: 1824 B (1.78 KiB)
2025-09-12 18:47:25,244 [INFO] AIModelDetailledView:1184 -     Library:     2112 B (2.06 KiB)
2025-09-12 18:47:25,245 [INFO] AIModelDetailledView:1184 -     Input:       800 B (included in Activations)
2025-09-12 18:47:25,245 [INFO] AIModelDetailledView:1184 -     Output:      12 B (included in Activations)
2025-09-12 18:47:25,245 [INFO] AIModelDetailledView:1184 - Done
2025-09-12 18:47:25,245 [INFO] AIModelDetailledView:2715 - Analyze complete on AI model
2025-09-12 18:47:25,299 [INFO] AIModelDetailledView:2380 - Analysis status: done
2025-09-12 18:47:52,673 [INFO] UtilMem:75 - End SaveConfig() Used Memory: 832880312 Bytes (1073741824)
2025-09-12 18:47:53,748 [ERROR] IocParser:95 - Exception caught: null
2025-09-12 18:47:54,152 [INFO] BlockDiagram:2775 - set Specific Code input for plugin: EXTMEM_MANAGER
2025-09-12 18:47:54,152 [INFO] BlockDiagram:2775 - set Specific Code input for plugin: RAMCFG
2025-09-12 18:47:54,152 [INFO] BlockDiagram:2775 - set Specific Code input for plugin: RCC
2025-09-12 18:47:54,152 [INFO] BlockDiagram:2775 - set Specific Code input for plugin: CORTEX_M55_FSBL
2025-09-12 18:47:54,152 [INFO] BlockDiagram:2775 - set Specific Code input for plugin: XSPIM
2025-09-12 18:47:54,152 [INFO] BlockDiagram:2775 - set Specific Code input for plugin: STMicroelectronics.X-CUBE-AI.10.2.0
2025-09-12 18:47:54,152 [INFO] BlockDiagram:2775 - set Specific Code input for plugin: XSPI
2025-09-12 18:47:54,152 [INFO] BlockDiagram:2775 - set Specific Code input for plugin: NUCLEO-N657X0-Q
2025-09-12 18:47:54,152 [INFO] BlockDiagram:2775 - set Specific Code input for plugin: TIM1_8N6
2025-09-12 18:47:54,152 [INFO] BlockDiagram:2775 - set Specific Code input for plugin: CACHEAXI
2025-09-12 18:47:54,152 [INFO] BlockDiagram:2775 - set Specific Code input for plugin: BSEC
2025-09-12 18:47:54,152 [INFO] BlockDiagram:2775 - set Specific Code input for plugin: LPUART
2025-09-12 18:47:54,152 [INFO] BlockDiagram:2775 - set Specific Code input for plugin: NVIC
2025-09-12 18:47:54,152 [INFO] BlockDiagram:2775 - set Specific Code input for plugin: GPIO
2025-09-12 18:47:54,152 [INFO] BlockDiagram:2775 - set Specific Code input for plugin: RIF
2025-09-12 18:47:54,152 [INFO] BlockDiagram:2775 - set Specific Code input for plugin: NVIC1
2025-09-12 18:47:54,152 [INFO] CodeGenerator:892 - code generatio: config db path: C:\ST\STM32CubeIDE_1.19.0\STM32CubeIDE\plugins\com.st.stm32cube.common.mx_6.15.0.202507011659\\db\
2025-09-12 18:47:54,168 [WARN] IP:2250 - RefParam_XIP_memory not found: check if there is a RefParameter without a condition.
2025-09-12 18:47:54,168 [WARN] IP:2250 - RefParam_MEMORY_1_Size not found: check if there is a RefParameter without a condition.
2025-09-12 18:47:54,168 [WARN] IP:2250 - RefParam_MEMORY_1_FreqMax not found: check if there is a RefParameter without a condition.
2025-09-12 18:47:54,168 [WARN] IP:2250 - RefParam_MEMORY_1_ReadReg not found: check if there is a RefParameter without a condition.
2025-09-12 18:47:54,168 [WARN] IP:2250 - RefParam_MEMORY_1_WriteReg not found: check if there is a RefParameter without a condition.
2025-09-12 18:47:54,168 [WARN] IP:2250 - RefParam_MEMORY_1_RegSize not found: check if there is a RefParameter without a condition.
2025-09-12 18:47:54,168 [WARN] IP:2250 - RefParam_MEMORY_1_RegDummyCycle not found: check if there is a RefParameter without a condition.
2025-09-12 18:47:54,168 [WARN] IP:2250 - RefParam_MEMORY_1_WriteCommand not found: check if there is a RefParameter without a condition.
2025-09-12 18:47:54,168 [WARN] IP:2250 - RefParam_MEMORY_1_WriteDummyCycle not found: check if there is a RefParameter without a condition.
2025-09-12 18:47:54,168 [WARN] IP:2250 - RefParam_MEMORY_1_ReadCommand not found: check if there is a RefParameter without a condition.
2025-09-12 18:47:54,168 [WARN] IP:2250 - RefParam_MEMORY_1_WrapReadCommand not found: check if there is a RefParameter without a condition.
2025-09-12 18:47:54,168 [WARN] IP:2250 - RefParam_MEMORY_1_ReadDummyCycle not found: check if there is a RefParameter without a condition.
2025-09-12 18:47:54,168 [WARN] IP:2250 - RefParam_MEMORY_1_NumberOfConfig not found: check if there is a RefParameter without a condition.
2025-09-12 18:47:54,168 [WARN] IP:2250 - RefParam_MEMORY_1_Config1_WriteMask not found: check if there is a RefParameter without a condition.
2025-09-12 18:47:54,168 [WARN] IP:2250 - RefParam_MEMORY_1_Config1_WriteValue not found: check if there is a RefParameter without a condition.
2025-09-12 18:47:54,168 [WARN] IP:2250 - RefParam_MEMORY_1_Config1_RegAddress not found: check if there is a RefParameter without a condition.
2025-09-12 18:47:54,168 [WARN] IP:2250 - RefParam_MEMORY_1_Config2_WriteMask not found: check if there is a RefParameter without a condition.
2025-09-12 18:47:54,168 [WARN] IP:2250 - RefParam_MEMORY_1_Config2_WriteValue not found: check if there is a RefParameter without a condition.
2025-09-12 18:47:54,168 [WARN] IP:2250 - RefParam_MEMORY_1_Config2_RegAddress not found: check if there is a RefParameter without a condition.
2025-09-12 18:47:54,168 [WARN] IP:2250 - RefParam_MEMORY_1_Config3_WriteMask not found: check if there is a RefParameter without a condition.
2025-09-12 18:47:54,168 [WARN] IP:2250 - RefParam_MEMORY_1_Config3_WriteValue not found: check if there is a RefParameter without a condition.
2025-09-12 18:47:54,168 [WARN] IP:2250 - RefParam_MEMORY_1_Config3_RegAddress not found: check if there is a RefParameter without a condition.
2025-09-12 18:47:54,168 [WARN] IP:2250 - RefParam_MEMORY_2_Instance not found: check if there is a RefParameter without a condition.
2025-09-12 18:47:54,168 [WARN] IP:2250 - RefParam_MEMORY_2_ConfigType not found: check if there is a RefParameter without a condition.
2025-09-12 18:47:54,168 [WARN] IP:2250 - RefParam_MEMORY_2_Size not found: check if there is a RefParameter without a condition.
2025-09-12 18:47:54,168 [WARN] IP:2250 - RefParam_MEMORY_2_FreqMax not found: check if there is a RefParameter without a condition.
2025-09-12 18:47:54,168 [WARN] IP:2250 - RefParam_MEMORY_2_ReadReg not found: check if there is a RefParameter without a condition.
2025-09-12 18:47:54,168 [WARN] IP:2250 - RefParam_MEMORY_2_WriteReg not found: check if there is a RefParameter without a condition.
2025-09-12 18:47:54,168 [WARN] IP:2250 - RefParam_MEMORY_2_RegSize not found: check if there is a RefParameter without a condition.
2025-09-12 18:47:54,168 [WARN] IP:2250 - RefParam_MEMORY_2_RegDummyCycle not found: check if there is a RefParameter without a condition.
2025-09-12 18:47:54,168 [WARN] IP:2250 - RefParam_MEMORY_2_WriteCommand not found: check if there is a RefParameter without a condition.
2025-09-12 18:47:54,168 [WARN] IP:2250 - RefParam_MEMORY_2_WriteDummyCycle not found: check if there is a RefParameter without a condition.
2025-09-12 18:47:54,168 [WARN] IP:2250 - RefParam_MEMORY_2_ReadCommand not found: check if there is a RefParameter without a condition.
2025-09-12 18:47:54,168 [WARN] IP:2250 - RefParam_MEMORY_2_WrapReadCommand not found: check if there is a RefParameter without a condition.
2025-09-12 18:47:54,168 [WARN] IP:2250 - RefParam_MEMORY_2_ReadDummyCycle not found: check if there is a RefParameter without a condition.
2025-09-12 18:47:54,168 [WARN] IP:2250 - RefParam_MEMORY_2_NumberOfConfig not found: check if there is a RefParameter without a condition.
2025-09-12 18:47:54,168 [WARN] IP:2250 - RefParam_MEMORY_2_Config1_WriteMask not found: check if there is a RefParameter without a condition.
2025-09-12 18:47:54,168 [WARN] IP:2250 - RefParam_MEMORY_2_Config1_WriteValue not found: check if there is a RefParameter without a condition.
2025-09-12 18:47:54,168 [WARN] IP:2250 - RefParam_MEMORY_2_Config1_RegAddress not found: check if there is a RefParameter without a condition.
2025-09-12 18:47:54,168 [WARN] IP:2250 - RefParam_MEMORY_2_Config2_WriteMask not found: check if there is a RefParameter without a condition.
2025-09-12 18:47:54,168 [WARN] IP:2250 - RefParam_MEMORY_2_Config2_WriteValue not found: check if there is a RefParameter without a condition.
2025-09-12 18:47:54,168 [WARN] IP:2250 - RefParam_MEMORY_2_Config2_RegAddress not found: check if there is a RefParameter without a condition.
2025-09-12 18:47:54,168 [WARN] IP:2250 - RefParam_MEMORY_2_Config3_WriteMask not found: check if there is a RefParameter without a condition.
2025-09-12 18:47:54,168 [WARN] IP:2250 - RefParam_MEMORY_2_Config3_WriteValue not found: check if there is a RefParameter without a condition.
2025-09-12 18:47:54,168 [WARN] IP:2250 - RefParam_MEMORY_2_Config3_RegAddress not found: check if there is a RefParameter without a condition.
2025-09-12 18:47:54,309 [INFO] Middleware:1452 - No code input for Bsp Dependency
2025-09-12 18:47:54,309 [INFO] Middleware:1452 - No code input for Bsp Dependency
2025-09-12 18:47:54,309 [INFO] Middleware:1452 - No code input for Bsp Dependency
2025-09-12 18:47:54,309 [INFO] Middleware:1452 - No code input for Bsp Dependency
2025-09-12 18:47:54,309 [INFO] Middleware:1452 - No code input for Bsp Dependency
2025-09-12 18:47:54,309 [INFO] IP:3329 - RTE Config file name : RTE_Component
2025-09-12 18:47:54,309 [INFO] IP:3347 - RTE template : RTE_Components.ftl
2025-09-12 18:47:54,309 [INFO] Middleware:1452 - No code input for Bsp Dependency
2025-09-12 18:47:54,309 [INFO] Middleware:1452 - No code input for Bsp Dependency
2025-09-12 18:47:54,309 [INFO] Middleware:1452 - No code input for Bsp Dependency
2025-09-12 18:47:54,309 [INFO] CodeGenerator:1619 - *******************Project context FSBL selected
2025-09-12 18:47:54,409 [INFO] CodeEngine:265 - oldGeneratedFile, C:\ST\AB_LSTM\AB_LSTM\MXTmpFiles\license.tmp_save
2025-09-12 18:47:54,773 [INFO] CodeEngine:289 - Generated code: C:\ST\AB_LSTM\AB_LSTM\MXTmpFiles\license.tmp
2025-09-12 18:47:54,861 [INFO] CodeEngine:265 - oldGeneratedFile, C:\ST\AB_LSTM\AB_LSTM\FSBL\MXTmpFiles\gpio.tmp_save
2025-09-12 18:47:55,043 [INFO] CodeEngine:289 - Generated code: C:\ST\AB_LSTM\AB_LSTM\FSBL\MXTmpFiles\gpio.tmp
2025-09-12 18:47:55,246 [WARN] IPConfigManager:103 - WARNING: Missing Config File for XSPIM ip!!
2025-09-12 18:47:55,317 [INFO] Middleware:1452 - No code input for Bsp Dependency
2025-09-12 18:47:55,327 [INFO] CodeEngine:265 - oldGeneratedFile, C:\ST\AB_LSTM\AB_LSTM\FSBL\MXTmpFiles\boot_code.tmp_save
2025-09-12 18:47:55,478 [INFO] CodeEngine:289 - Generated code: C:\ST\AB_LSTM\AB_LSTM\FSBL\MXTmpFiles\boot_code.tmp
2025-09-12 18:47:55,506 [INFO] CodeEngine:265 - oldGeneratedFile, C:\ST\AB_LSTM\AB_LSTM\FSBL\MXTmpFiles\cortex.tmp_save
2025-09-12 18:47:55,668 [INFO] CodeEngine:289 - Generated code: C:\ST\AB_LSTM\AB_LSTM\FSBL\MXTmpFiles\cortex.tmp
2025-09-12 18:47:55,682 [INFO] Middleware:1452 - No code input for Bsp Dependency
2025-09-12 18:47:55,694 [INFO] CodeEngine:265 - oldGeneratedFile, C:\ST\AB_LSTM\AB_LSTM\FSBL\Core\Inc\extmem_manager.h_save
2025-09-12 18:47:55,830 [INFO] CodeEngine:289 - Generated code: C:\ST\AB_LSTM\AB_LSTM\FSBL\Core\Inc\extmem_manager.h
2025-09-12 18:47:55,839 [INFO] CodeEngine:265 - oldGeneratedFile, C:\ST\AB_LSTM\AB_LSTM\FSBL\Core\Src\extmem_manager.c_save
2025-09-12 18:47:55,957 [INFO] CodeEngine:289 - Generated code: C:\ST\AB_LSTM\AB_LSTM\FSBL\Core\Src\extmem_manager.c
2025-09-12 18:47:55,967 [INFO] CodeEngine:265 - oldGeneratedFile, C:\ST\AB_LSTM\AB_LSTM\FSBL\Core\Inc\stm32_extmem_conf.h_save
2025-09-12 18:47:56,088 [INFO] CodeEngine:289 - Generated code: C:\ST\AB_LSTM\AB_LSTM\FSBL\Core\Inc\stm32_extmem_conf.h
2025-09-12 18:47:56,096 [INFO] CodeEngine:265 - oldGeneratedFile, C:\ST\AB_LSTM\AB_LSTM\FSBL\MXTmpFiles\boot_code.tmp_save
2025-09-12 18:47:56,146 [INFO] CodeEngine:289 - Generated code: C:\ST\AB_LSTM\AB_LSTM\FSBL\MXTmpFiles\boot_code.tmp
2025-09-12 18:47:56,184 [INFO] CodeEngine:265 - oldGeneratedFile, C:\ST\AB_LSTM\AB_LSTM\FSBL\Core\Src\stm32n6xx_it.c_save
2025-09-12 18:47:56,389 [INFO] CodeEngine:289 - Generated code: C:\ST\AB_LSTM\AB_LSTM\FSBL\Core\Src\stm32n6xx_it.c
2025-09-12 18:47:56,400 [INFO] CodeEngine:265 - oldGeneratedFile, C:\ST\AB_LSTM\AB_LSTM\FSBL\Core\Inc\stm32n6xx_it.h_save
2025-09-12 18:47:56,495 [INFO] CodeEngine:289 - Generated code: C:\ST\AB_LSTM\AB_LSTM\FSBL\Core\Inc\stm32n6xx_it.h
2025-09-12 18:47:56,635 [INFO] CodeEngine:265 - oldGeneratedFile, C:\ST\AB_LSTM\AB_LSTM\FSBL\Core\Src\stm32n6xx_hal_msp.c_save
2025-09-12 18:47:56,835 [INFO] CodeEngine:289 - Generated code: C:\ST\AB_LSTM\AB_LSTM\FSBL\Core\Src\stm32n6xx_hal_msp.c
2025-09-12 18:47:56,851 [INFO] CodeEngine:265 - oldGeneratedFile, C:\ST\AB_LSTM\AB_LSTM\FSBL\MXTmpFiles\system.tmp_save
2025-09-12 18:47:56,913 [INFO] CodeEngine:289 - Generated code: C:\ST\AB_LSTM\AB_LSTM\FSBL\MXTmpFiles\system.tmp
2025-09-12 18:47:56,945 [INFO] CodeEngine:321 - oldGeneratedFile, C:\ST\AB_LSTM\AB_LSTM\FSBL\Core\Inc\stm32n6xx_hal_conf.h_save
2025-09-12 18:47:57,076 [INFO] CodeEngine:345 - Generated code: C:\ST\AB_LSTM\AB_LSTM\FSBL\Core\Inc\stm32n6xx_hal_conf.h
2025-09-12 18:47:57,097 [WARN] IPConfigManager:3238 - Warning: the RefConfig RCC_ConfigVoltageScaling is not available in your config.xml file
2025-09-12 18:47:57,106 [WARN] IPConfigManager:3238 - Warning: the RefConfig RCC_RTC_HSEDIV is not available in your config.xml file
2025-09-12 18:47:57,114 [ERROR] ApiDbMcu:560 - Cannot parse XSPIM_Config file : file do not exist
2025-09-12 18:47:57,131 [INFO] CodeEngine:265 - oldGeneratedFile, C:\ST\AB_LSTM\AB_LSTM\FSBL\Core\Inc\main.h_save
2025-09-12 18:47:57,269 [INFO] CodeEngine:289 - Generated code: C:\ST\AB_LSTM\AB_LSTM\FSBL\Core\Inc\main.h
2025-09-12 18:47:57,278 [INFO] CodeEngine:265 - oldGeneratedFile, C:\ST\AB_LSTM\AB_LSTM\FSBL\Core\Src\main.c_save
2025-09-12 18:47:57,451 [INFO] CodeEngine:289 - Generated code: C:\ST\AB_LSTM\AB_LSTM\FSBL\Core\Src\main.c
2025-09-12 18:47:57,531 [INFO] CodeGenerator:1619 - *******************Project context Appli selected
2025-09-12 18:47:57,601 [INFO] IP:3329 - RTE Config file name : RTE_Component
2025-09-12 18:47:57,601 [INFO] IP:3347 - RTE template : RTE_Components.ftl
2025-09-12 18:47:57,619 [INFO] CodeEngine:265 - oldGeneratedFile, C:\ST\AB_LSTM\AB_LSTM\MXTmpFiles\license.tmp_save
2025-09-12 18:47:57,771 [INFO] CodeEngine:289 - Generated code: C:\ST\AB_LSTM\AB_LSTM\MXTmpFiles\license.tmp
2025-09-12 18:47:57,817 [INFO] CodeEngine:265 - oldGeneratedFile, C:\ST\AB_LSTM\AB_LSTM\Appli\MXTmpFiles\gpio.tmp_save
2025-09-12 18:47:57,930 [INFO] CodeEngine:289 - Generated code: C:\ST\AB_LSTM\AB_LSTM\Appli\MXTmpFiles\gpio.tmp
2025-09-12 18:47:58,060 [WARN] IPConfigManager:103 - WARNING: Missing Config File for NVIC ip!!
2025-09-12 18:47:58,193 [INFO] Middleware:1452 - No code input for Bsp Dependency
2025-09-12 18:47:58,193 [INFO] Middleware:1452 - No code input for Bsp Dependency
2025-09-12 18:47:58,194 [INFO] IP:3329 - RTE Config file name : RTE_Component
2025-09-12 18:47:58,194 [INFO] IP:3347 - RTE template : RTE_Components.ftl
2025-09-12 18:47:58,207 [INFO] CodeEngine:265 - oldGeneratedFile, C:\ST\AB_LSTM\AB_LSTM\Appli\MXTmpFiles\cortex.tmp_save
2025-09-12 18:47:58,299 [INFO] CodeEngine:289 - Generated code: C:\ST\AB_LSTM\AB_LSTM\Appli\MXTmpFiles\cortex.tmp
2025-09-12 18:47:58,351 [INFO] CodeEngine:265 - oldGeneratedFile, C:\ST\AB_LSTM\AB_LSTM\Appli\Core\Inc\stm32n6xx_nucleo_conf.h_save
2025-09-12 18:47:58,471 [INFO] CodeEngine:289 - Generated code: C:\ST\AB_LSTM\AB_LSTM\Appli\Core\Inc\stm32n6xx_nucleo_conf.h
2025-09-12 18:47:58,482 [INFO] CodeEngine:265 - oldGeneratedFile, C:\ST\AB_LSTM\AB_LSTM\Appli\MXTmpFiles\bsp_inc.tmp_save
2025-09-12 18:47:58,537 [INFO] CodeEngine:289 - Generated code: C:\ST\AB_LSTM\AB_LSTM\Appli\MXTmpFiles\bsp_inc.tmp
2025-09-12 18:47:58,549 [INFO] CodeEngine:265 - oldGeneratedFile, C:\ST\AB_LSTM\AB_LSTM\Appli\MXTmpFiles\bsp_common_vars.tmp_save
2025-09-12 18:47:58,594 [INFO] CodeEngine:289 - Generated code: C:\ST\AB_LSTM\AB_LSTM\Appli\MXTmpFiles\bsp_common_vars.tmp
2025-09-12 18:47:58,599 [INFO] CodeEngine:265 - oldGeneratedFile, C:\ST\AB_LSTM\AB_LSTM\Appli\MXTmpFiles\bsp_common_init.tmp_save
2025-09-12 18:47:58,661 [INFO] CodeEngine:289 - Generated code: C:\ST\AB_LSTM\AB_LSTM\Appli\MXTmpFiles\bsp_common_init.tmp
2025-09-12 18:47:58,673 [INFO] CodeEngine:265 - oldGeneratedFile, C:\ST\AB_LSTM\AB_LSTM\Appli\MXTmpFiles\bsp_common_demo_before_while.tmp_save
2025-09-12 18:47:58,712 [INFO] CodeEngine:289 - Generated code: C:\ST\AB_LSTM\AB_LSTM\Appli\MXTmpFiles\bsp_common_demo_before_while.tmp
2025-09-12 18:47:58,718 [INFO] CodeEngine:265 - oldGeneratedFile, C:\ST\AB_LSTM\AB_LSTM\Appli\MXTmpFiles\bsp_common_demo_inside_while.tmp_save
2025-09-12 18:47:58,758 [INFO] CodeEngine:289 - Generated code: C:\ST\AB_LSTM\AB_LSTM\Appli\MXTmpFiles\bsp_common_demo_inside_while.tmp
2025-09-12 18:47:58,763 [INFO] CodeEngine:265 - oldGeneratedFile, C:\ST\AB_LSTM\AB_LSTM\Appli\MXTmpFiles\bsp_common_demo_fct.tmp_save
2025-09-12 18:47:58,801 [INFO] CodeEngine:289 - Generated code: C:\ST\AB_LSTM\AB_LSTM\Appli\MXTmpFiles\bsp_common_demo_fct.tmp
2025-09-12 18:47:58,805 [INFO] Middleware:1452 - No code input for Bsp Dependency
2025-09-12 18:47:58,806 [INFO] Middleware:1452 - No code input for Bsp Dependency
2025-09-12 18:47:58,806 [INFO] IP:3329 - RTE Config file name : RTE_Component
2025-09-12 18:47:58,806 [INFO] IP:3347 - RTE template : RTE_Components.ftl
2025-09-12 18:47:58,816 [INFO] CodeEngine:265 - oldGeneratedFile, C:\ST\AB_LSTM\AB_LSTM\Appli\X-CUBE-AI\App\app_x-cube-ai.h_save
2025-09-12 18:47:58,909 [INFO] CodeEngine:289 - Generated code: C:\ST\AB_LSTM\AB_LSTM\Appli\X-CUBE-AI\App\app_x-cube-ai.h
2025-09-12 18:47:58,917 [INFO] CodeEngine:265 - oldGeneratedFile, C:\ST\AB_LSTM\AB_LSTM\Appli\X-CUBE-AI\constants_ai.h_save
2025-09-12 18:47:59,002 [INFO] CodeEngine:289 - Generated code: C:\ST\AB_LSTM\AB_LSTM\Appli\X-CUBE-AI\constants_ai.h
2025-09-12 18:47:59,010 [INFO] CodeEngine:265 - oldGeneratedFile, C:\ST\AB_LSTM\AB_LSTM\Appli\X-CUBE-AI\App\app_x-cube-ai.c_save
2025-09-12 18:47:59,092 [INFO] CodeEngine:289 - Generated code: C:\ST\AB_LSTM\AB_LSTM\Appli\X-CUBE-AI\App\app_x-cube-ai.c
2025-09-12 18:47:59,125 [INFO] CodeEngine:265 - oldGeneratedFile, C:\ST\AB_LSTM\AB_LSTM\Appli\Core\Src\stm32n6xx_it.c_save
2025-09-12 18:47:59,258 [INFO] CodeEngine:289 - Generated code: C:\ST\AB_LSTM\AB_LSTM\Appli\Core\Src\stm32n6xx_it.c
2025-09-12 18:47:59,266 [INFO] CodeEngine:265 - oldGeneratedFile, C:\ST\AB_LSTM\AB_LSTM\Appli\Core\Inc\stm32n6xx_it.h_save
2025-09-12 18:47:59,325 [INFO] CodeEngine:289 - Generated code: C:\ST\AB_LSTM\AB_LSTM\Appli\Core\Inc\stm32n6xx_it.h
2025-09-12 18:47:59,329 [INFO] IP:3329 - RTE Config file name : RTE_Component
2025-09-12 18:47:59,329 [INFO] IP:3347 - RTE template : RTE_Components.ftl
2025-09-12 18:47:59,329 [INFO] CodeGenerator:2312 - Add RTE Code Input 
2025-09-12 18:47:59,338 [INFO] CodeEngine:265 - oldGeneratedFile, C:\ST\AB_LSTM\AB_LSTM\Appli\Core\Inc\RTE_Components.h_save
2025-09-12 18:47:59,433 [INFO] CodeEngine:289 - Generated code: C:\ST\AB_LSTM\AB_LSTM\Appli\Core\Inc\RTE_Components.h
2025-09-12 18:47:59,449 [INFO] CodeEngine:265 - oldGeneratedFile, C:\ST\AB_LSTM\AB_LSTM\Appli\MXTmpFiles\RIFInit.tmp_save
2025-09-12 18:47:59,522 [INFO] CodeEngine:289 - Generated code: C:\ST\AB_LSTM\AB_LSTM\Appli\MXTmpFiles\RIFInit.tmp
2025-09-12 18:47:59,605 [INFO] CodeEngine:265 - oldGeneratedFile, C:\ST\AB_LSTM\AB_LSTM\Appli\Core\Src\stm32n6xx_hal_msp.c_save
2025-09-12 18:47:59,738 [INFO] CodeEngine:289 - Generated code: C:\ST\AB_LSTM\AB_LSTM\Appli\Core\Src\stm32n6xx_hal_msp.c
2025-09-12 18:47:59,744 [INFO] CodeEngine:265 - oldGeneratedFile, C:\ST\AB_LSTM\AB_LSTM\Appli\MXTmpFiles\system.tmp_save
2025-09-12 18:47:59,780 [INFO] CodeEngine:289 - Generated code: C:\ST\AB_LSTM\AB_LSTM\Appli\MXTmpFiles\system.tmp
2025-09-12 18:47:59,796 [INFO] CodeEngine:321 - oldGeneratedFile, C:\ST\AB_LSTM\AB_LSTM\Appli\Core\Inc\stm32n6xx_hal_conf.h_save
2025-09-12 18:47:59,890 [INFO] CodeEngine:345 - Generated code: C:\ST\AB_LSTM\AB_LSTM\Appli\Core\Inc\stm32n6xx_hal_conf.h
2025-09-12 18:47:59,906 [WARN] IPConfigManager:3238 - Warning: the RefConfig RCC_ConfigVoltageScaling is not available in your config.xml file
2025-09-12 18:47:59,906 [WARN] IPConfigManager:3238 - Warning: the RefConfig RCC_RTC_HSEDIV is not available in your config.xml file
2025-09-12 18:47:59,906 [WARN] IPConfigManager:3811 - IP not found : TIM
2025-09-12 18:47:59,921 [WARN] CodeGenerator:4259 - IP not found : null
2025-09-12 18:47:59,921 [INFO] CodeEngine:265 - oldGeneratedFile, C:\ST\AB_LSTM\AB_LSTM\Appli\Core\Inc\main.h_save
2025-09-12 18:48:00,028 [INFO] CodeEngine:289 - Generated code: C:\ST\AB_LSTM\AB_LSTM\Appli\Core\Inc\main.h
2025-09-12 18:48:00,044 [INFO] CodeEngine:265 - oldGeneratedFile, C:\ST\AB_LSTM\AB_LSTM\Appli\Core\Src\main.c_save
2025-09-12 18:48:00,192 [INFO] CodeEngine:289 - Generated code: C:\ST\AB_LSTM\AB_LSTM\Appli\Core\Src\main.c
2025-09-12 18:48:00,207 [INFO] CodeEngine:265 - oldGeneratedFile, C:\ST\AB_LSTM\AB_LSTM\Appli\Core\Src\secure_nsc.c_save
2025-09-12 18:48:00,303 [INFO] CodeEngine:289 - Generated code: C:\ST\AB_LSTM\AB_LSTM\Appli\Core\Src\secure_nsc.c
2025-09-12 18:48:00,303 [INFO] CodeEngine:265 - oldGeneratedFile, C:\ST\AB_LSTM\AB_LSTM\Appli\Core\Inc\partition_stm32n657xx.h_save
2025-09-12 18:48:00,381 [INFO] CodeEngine:289 - Generated code: C:\ST\AB_LSTM\AB_LSTM\Appli\Core\Inc\partition_stm32n657xx.h
2025-09-12 18:48:00,390 [INFO] CodeEngine:265 - oldGeneratedFile, C:\ST\AB_LSTM\AB_LSTM\Secure_nsclib\secure_nsc.h_save
2025-09-12 18:48:00,444 [INFO] CodeEngine:289 - Generated code: C:\ST\AB_LSTM\AB_LSTM\Secure_nsclib\secure_nsc.h
2025-09-12 18:48:00,507 [INFO] CodeGenerator:1707 - *******************Project context ExtMemLoader Not selected
2025-09-12 18:48:02,033 [INFO] AInterface:322 - ModelName:network; files:[C:\Users\ZOJOLDRI\OneDrive - Carl Zeiss AG\Dokumente\Zeiss\SMT\Bachelor\AB Encoder Model\AB_Encoder_Synthetic_Data\lstm_ab_encoder.h5]; type:Keras; compression:None
2025-09-12 18:48:02,033 [INFO] AInterface:526 - workspaceTempDir: C:/Users/ZOJOLDRI/AppData/Local/Temp/mxAI_workspace193002695794420013832304283455242198
2025-09-12 18:48:02,033 [INFO] AInterface:1176 - Setting Env: C:/Users/ZOJOLDRI/STM32Cube/Repository/Packs/STMicroelectronics/X-CUBE-AI/10.2.0/Utilities/windows
2025-09-12 18:48:02,042 [INFO] STM32CubeIDEBuilder:265 - Looking for gnu-tools-for-stm32 tools/bin/arm-none-eabi-gcc.exe in C:\ST\STM32CubeIDE_1.19.0\STM32CubeIDE
2025-09-12 18:48:02,043 [INFO] STM32CubeIDEBuilder:294 - checking C:\ST\STM32CubeIDE_1.19.0\STM32CubeIDE\plugins\com.st.stm32cube.ide.mcu.externaltools.gnu-tools-for-stm32.13.3.rel1.win32_1.0.0.202411081344\tools\bin\arm-none-eabi-gcc.exe
2025-09-12 18:48:02,044 [INFO] STM32CubeIDEBuilder:297 - ret=C:\ST\STM32CubeIDE_1.19.0\STM32CubeIDE\plugins\com.st.stm32cube.ide.mcu.externaltools.gnu-tools-for-stm32.13.3.rel1.win32_1.0.0.202411081344\tools\bin\arm-none-eabi-gcc.exe
2025-09-12 18:48:02,044 [INFO] STM32CubeIDEBuilder:311 - returning C:\ST\STM32CubeIDE_1.19.0\STM32CubeIDE\plugins\com.st.stm32cube.ide.mcu.externaltools.gnu-tools-for-stm32.13.3.rel1.win32_1.0.0.202411081344\tools\bin\arm-none-eabi-gcc.exe
2025-09-12 18:48:02,044 [INFO] AInterface:1233 - Custom PATH variable: C:/Users/ZOJOLDRI/STM32Cube/Repository/Packs/STMicroelectronics/X-CUBE-AI/10.2.0/Utilities/windows;C:/Users/ZOJOLDRI/STM32Cube/Repository/Packs/STMicroelectronics/X-CUBE-AI/10.2.0/Utilities/windows/mingw64/bin;C:/Users/ZOJOLDRI/STM32Cube/Repository/Packs/STMicroelectronics/X-CUBE-AI/10.2.0/Utilities/windows/mingw64/libexec/gcc/x86_64-w64-mingw32/7.3.0;;C:\ST\STM32CubeIDE_1.19.0\STM32CubeIDE\plugins\com.st.stm32cube.ide.mcu.externaltools.gnu-tools-for-stm32.13.3.rel1.win32_1.0.0.202411081344\tools\bin
2025-09-12 18:48:02,048 [INFO] CmdLine:115 - Command: C:/Users/ZOJOLDRI/STM32Cube/Repository/Packs/STMicroelectronics/X-CUBE-AI/10.2.0/Utilities/windows/stedgeai.exe generate --target stm32n6 --name network -m C:/Users/ZOJOLDRI/OneDrive - Carl Zeiss AG/Dokumente/Zeiss/SMT/Bachelor/AB Encoder Model/AB_Encoder_Synthetic_Data/lstm_ab_encoder.h5 --compression none --verbosity 1 --workspace C:/Users/ZOJOLDRI/AppData/Local/Temp/mxAI_workspace193002695794420013832304283455242198 --output C:/Users/ZOJOLDRI/.stm32cubemx/network_output
2025-09-12 18:48:02,049 [INFO] AIModelDetailledView:2380 - Analysis status: pending
2025-09-12 18:48:02,779 [INFO] CmdLine:76 - ST Edge AI Core v2.2.0-20266 2adc00962
2025-09-12 18:48:07,858 [INFO] CmdLine:76 - Creating c (debug) info json file C:\Users\ZOJOLDRI\.stm32cubemx\network_output\network_c_info.json
2025-09-12 18:48:07,874 [INFO] CmdLine:76 -  
2025-09-12 18:48:07,874 [INFO] CmdLine:76 -  Exec/report summary (generate)
2025-09-12 18:48:07,874 [INFO] CmdLine:76 -  ---------------------------------------------------------------------------------------------------------------------------------------------------------------
2025-09-12 18:48:07,874 [INFO] CmdLine:76 -  model file         :   C:\Users\ZOJOLDRI\OneDrive - Carl Zeiss AG\Dokumente\Zeiss\SMT\Bachelor\AB Encoder Model\AB_Encoder_Synthetic_Data\lstm_ab_encoder.h5   
2025-09-12 18:48:07,874 [INFO] CmdLine:76 -  type               :   keras                                                                                                                                   
2025-09-12 18:48:07,874 [INFO] CmdLine:76 -  c_name             :   network                                                                                                                                 
2025-09-12 18:48:07,874 [INFO] CmdLine:76 -  compression        :   none                                                                                                                                    
2025-09-12 18:48:07,874 [INFO] CmdLine:76 -  options            :   allocate-inputs, allocate-outputs                                                                                                       
2025-09-12 18:48:07,874 [INFO] CmdLine:76 -  optimization       :   balanced                                                                                                                                
2025-09-12 18:48:07,874 [INFO] CmdLine:76 -  target/series      :   stm32n6                                                                                                                                 
2025-09-12 18:48:07,874 [INFO] CmdLine:76 -  workspace dir      :   C:\Users\ZOJOLDRI\AppData\Local\Temp\mxAI_workspace193002695794420013832304283455242198                                                 
2025-09-12 18:48:07,874 [INFO] CmdLine:76 -  output dir         :   C:\Users\ZOJOLDRI\.stm32cubemx\network_output                                                                                           
2025-09-12 18:48:07,874 [INFO] CmdLine:76 -  model_fmt          :   float                                                                                                                                   
2025-09-12 18:48:07,874 [INFO] CmdLine:76 -  model_name         :   lstm_ab_encoder                                                                                                                         
2025-09-12 18:48:07,874 [INFO] CmdLine:76 -  model_hash         :   0x884f52bfdff4b1e12706af6f17607a73                                                                                                      
2025-09-12 18:48:07,874 [INFO] CmdLine:76 -  params #           :   6,083 items (23.76 KiB)                                                                                                                 
2025-09-12 18:48:07,874 [INFO] CmdLine:76 -  ---------------------------------------------------------------------------------------------------------------------------------------------------------------
2025-09-12 18:48:07,874 [INFO] CmdLine:76 -  input 1/1          :   'input_0', f32(1x20x10), 800 Bytes, activations                                                                                         
2025-09-12 18:48:07,874 [INFO] CmdLine:76 -  output 1/1         :   'output', f32(1x3), 12 Bytes, activations                                                                                               
2025-09-12 18:48:07,874 [INFO] CmdLine:76 -  macc               :   111,360                                                                                                                                 
2025-09-12 18:48:07,874 [INFO] CmdLine:76 -  weights (ro)       :   24,716 B (24.14 KiB) (1 segment) / +384(+1.6%) vs float model                                                                           
2025-09-12 18:48:07,874 [INFO] CmdLine:76 -  activations (rw)   :   1,824 B (1.78 KiB) (1 segment) *                                                                                                        
2025-09-12 18:48:07,874 [INFO] CmdLine:76 -  ram (total)        :   1,824 B (1.78 KiB) = 1,824 + 0 + 0                                                                                                      
2025-09-12 18:48:07,874 [INFO] CmdLine:76 -  ---------------------------------------------------------------------------------------------------------------------------------------------------------------
2025-09-12 18:48:07,874 [INFO] CmdLine:76 -  (*) 'input'/'output' buffers are allocated in the activations buffer
2025-09-12 18:48:07,874 [INFO] CmdLine:76 - Computing AI RT data/code size (target=stm32n6)..
2025-09-12 18:48:10,208 [INFO] CmdLine:76 -  Requested memory size by section - "stm32n6" target
2025-09-12 18:48:10,209 [INFO] CmdLine:76 -  ------------------------------- -------- -------- ------- -------
2025-09-12 18:48:10,209 [INFO] CmdLine:76 -  module                              text   rodata    data     bss
2025-09-12 18:48:10,210 [INFO] CmdLine:76 -  ------------------------------- -------- -------- ------- -------
2025-09-12 18:48:10,210 [INFO] CmdLine:76 -  NetworkRuntime1020_CM55_GCC.a     15,800       32       0       0
2025-09-12 18:48:10,210 [INFO] CmdLine:76 -  network.o                            592       40   1,888     136
2025-09-12 18:48:10,210 [INFO] CmdLine:76 -  network_data.o                        48       16      88       0
2025-09-12 18:48:10,211 [INFO] CmdLine:76 -  lib (toolchain)*                   1,132      340       0       0
2025-09-12 18:48:10,211 [INFO] CmdLine:76 -  ------------------------------- -------- -------- ------- -------
2025-09-12 18:48:10,211 [INFO] CmdLine:76 -  RT total**                        17,572      428   1,976     136
2025-09-12 18:48:10,211 [INFO] CmdLine:76 -  ------------------------------- -------- -------- ------- -------
2025-09-12 18:48:10,211 [INFO] CmdLine:76 -  weights                                0   24,720       0       0
2025-09-12 18:48:10,211 [INFO] CmdLine:76 -  activations                            0        0       0   1,824
2025-09-12 18:48:10,211 [INFO] CmdLine:76 -  io                                     0        0       0       0
2025-09-12 18:48:10,212 [INFO] CmdLine:76 -  ------------------------------- -------- -------- ------- -------
2025-09-12 18:48:10,212 [INFO] CmdLine:76 -  TOTAL                             17,572   25,148   1,976   1,960
2025-09-12 18:48:10,212 [INFO] CmdLine:76 -  ------------------------------- -------- -------- ------- -------
2025-09-12 18:48:10,212 [INFO] CmdLine:76 -  *  toolchain objects (libm/libgcc*)
2025-09-12 18:48:10,212 [INFO] CmdLine:76 -  ** RT AI runtime objects (kernels+infrastructure)
2025-09-12 18:48:10,212 [INFO] CmdLine:76 -   Summary - "stm32n6" target
2025-09-12 18:48:10,212 [INFO] CmdLine:76 -   ---------------------------------------------------
2025-09-12 18:48:10,213 [INFO] CmdLine:76 -                FLASH (ro)      %*   RAM (rw)       %
2025-09-12 18:48:10,213 [INFO] CmdLine:76 -   ---------------------------------------------------
2025-09-12 18:48:10,213 [INFO] CmdLine:76 -   RT total         19,976   44.7%      2,112   53.7%
2025-09-12 18:48:10,213 [INFO] CmdLine:76 -   ---------------------------------------------------
2025-09-12 18:48:10,214 [INFO] CmdLine:76 -   TOTAL            44,696              3,936
2025-09-12 18:48:10,214 [INFO] CmdLine:76 -   ---------------------------------------------------
2025-09-12 18:48:10,214 [INFO] CmdLine:76 -   *  rt/total
2025-09-12 18:48:10,214 [INFO] CmdLine:76 -  Generated files (7)
2025-09-12 18:48:10,214 [INFO] CmdLine:76 -  ---------------------------------------------------------------------
2025-09-12 18:48:10,214 [INFO] CmdLine:76 -  C:\Users\ZOJOLDRI\.stm32cubemx\network_output\network_data_params.h
2025-09-12 18:48:10,214 [INFO] CmdLine:76 -  C:\Users\ZOJOLDRI\.stm32cubemx\network_output\network_data_params.c
2025-09-12 18:48:10,215 [INFO] CmdLine:76 -  C:\Users\ZOJOLDRI\.stm32cubemx\network_output\network_data.h
2025-09-12 18:48:10,215 [INFO] CmdLine:76 -  C:\Users\ZOJOLDRI\.stm32cubemx\network_output\network_data.c
2025-09-12 18:48:10,215 [INFO] CmdLine:76 -  C:\Users\ZOJOLDRI\.stm32cubemx\network_output\network_config.h
2025-09-12 18:48:10,215 [INFO] CmdLine:76 -  C:\Users\ZOJOLDRI\.stm32cubemx\network_output\network.h
2025-09-12 18:48:10,215 [INFO] CmdLine:76 -  C:\Users\ZOJOLDRI\.stm32cubemx\network_output\network.c
2025-09-12 18:48:10,215 [INFO] CmdLine:76 - Creating txt report file C:\Users\ZOJOLDRI\.stm32cubemx\network_output\network_generate_report.txt
2025-09-12 18:48:12,605 [INFO] CmdLine:76 - elapsed time (generate): 9.826s
2025-09-12 18:48:12,992 [INFO] CmdLine:148 - stedgeai exit with status: 0
2025-09-12 18:48:12,992 [INFO] AIModelDetailledView:2380 - Analysis status: done
2025-09-12 18:48:14,169 [INFO] ProjectBuilder:3606 - Time for Copy HAL[1] : 612mS.
2025-09-12 18:48:14,170 [ERROR] Middleware:2950 - Invalid RefComponent list
2025-09-12 18:48:14,170 [ERROR] Middleware:2950 - Invalid RefComponent list
2025-09-12 18:48:14,170 [ERROR] Middleware:2950 - Invalid RefComponent list
2025-09-12 18:48:14,170 [ERROR] Middleware:2950 - Invalid RefComponent list
2025-09-12 18:48:14,170 [ERROR] Middleware:2950 - Invalid RefComponent list
2025-09-12 18:48:14,170 [ERROR] Middleware:2950 - Invalid RefComponent list
2025-09-12 18:48:14,170 [ERROR] Middleware:2950 - Invalid RefComponent list
2025-09-12 18:48:14,170 [ERROR] Middleware:2950 - Invalid RefComponent list
2025-09-12 18:48:14,170 [ERROR] Middleware:2950 - Invalid RefComponent list
2025-09-12 18:48:14,170 [ERROR] Middleware:2950 - Invalid RefComponent list
2025-09-12 18:48:14,170 [ERROR] Middleware:2950 - Invalid RefComponent list
2025-09-12 18:48:14,170 [ERROR] Middleware:2950 - Invalid RefComponent list
2025-09-12 18:48:14,170 [ERROR] Middleware:2950 - Invalid RefComponent list
2025-09-12 18:48:14,170 [ERROR] Middleware:2950 - Invalid RefComponent list
2025-09-12 18:48:14,170 [ERROR] Middleware:2950 - Invalid RefComponent list
2025-09-12 18:48:14,170 [ERROR] Middleware:2950 - Invalid RefComponent list
2025-09-12 18:48:14,170 [ERROR] Middleware:2950 - Invalid RefComponent list
2025-09-12 18:48:14,170 [ERROR] Middleware:2950 - Invalid RefComponent list
2025-09-12 18:48:14,170 [ERROR] Middleware:2950 - Invalid RefComponent list
2025-09-12 18:48:14,170 [ERROR] Middleware:2950 - Invalid RefComponent list
2025-09-12 18:48:14,170 [ERROR] Middleware:2950 - Invalid RefComponent list
2025-09-12 18:48:14,170 [ERROR] Middleware:2950 - Invalid RefComponent list
2025-09-12 18:48:14,170 [ERROR] Middleware:2950 - Invalid RefComponent list
2025-09-12 18:48:14,170 [ERROR] Middleware:2950 - Invalid RefComponent list
2025-09-12 18:48:14,170 [ERROR] Middleware:2950 - Invalid RefComponent list
2025-09-12 18:48:14,170 [ERROR] Middleware:2950 - Invalid RefComponent list
2025-09-12 18:48:14,170 [ERROR] Middleware:2950 - Invalid RefComponent list
2025-09-12 18:48:14,170 [ERROR] Middleware:2950 - Invalid RefComponent list
2025-09-12 18:48:14,170 [ERROR] Middleware:2950 - Invalid RefComponent list
2025-09-12 18:48:14,170 [ERROR] Middleware:2950 - Invalid RefComponent list
2025-09-12 18:48:14,170 [ERROR] Middleware:2950 - Invalid RefComponent list
2025-09-12 18:48:14,170 [ERROR] Middleware:2950 - Invalid RefComponent list
2025-09-12 18:48:14,170 [ERROR] Middleware:2950 - Invalid RefComponent list
2025-09-12 18:48:14,170 [ERROR] Middleware:2950 - Invalid RefComponent list
2025-09-12 18:48:14,171 [ERROR] Middleware:2950 - Invalid RefComponent list
2025-09-12 18:48:14,171 [ERROR] Middleware:2950 - Invalid RefComponent list
2025-09-12 18:48:14,171 [ERROR] Middleware:2950 - Invalid RefComponent list
2025-09-12 18:48:14,171 [ERROR] Middleware:2950 - Invalid RefComponent list
2025-09-12 18:48:14,171 [ERROR] Middleware:2950 - Invalid RefComponent list
2025-09-12 18:48:14,171 [ERROR] Middleware:2950 - Invalid RefComponent list
2025-09-12 18:48:14,171 [ERROR] Middleware:2950 - Invalid RefComponent list
2025-09-12 18:48:14,171 [ERROR] Middleware:2950 - Invalid RefComponent list
2025-09-12 18:48:14,171 [ERROR] Middleware:2950 - Invalid RefComponent list
2025-09-12 18:48:14,171 [ERROR] Middleware:2950 - Invalid RefComponent list
2025-09-12 18:48:14,171 [ERROR] Middleware:2950 - Invalid RefComponent list
2025-09-12 18:48:14,171 [ERROR] Middleware:2950 - Invalid RefComponent list
2025-09-12 18:48:14,171 [ERROR] Middleware:2950 - Invalid RefComponent list
2025-09-12 18:48:14,171 [ERROR] Middleware:2950 - Invalid RefComponent list
2025-09-12 18:48:14,171 [ERROR] Middleware:2950 - Invalid RefComponent list
2025-09-12 18:48:14,171 [ERROR] Middleware:2950 - Invalid RefComponent list
2025-09-12 18:48:14,171 [ERROR] Middleware:2950 - Invalid RefComponent list
2025-09-12 18:48:14,171 [ERROR] Middleware:2950 - Invalid RefComponent list
2025-09-12 18:48:14,171 [ERROR] Middleware:2950 - Invalid RefComponent list
2025-09-12 18:48:14,171 [ERROR] Middleware:2950 - Invalid RefComponent list
2025-09-12 18:48:14,171 [ERROR] Middleware:2950 - Invalid RefComponent list
2025-09-12 18:48:14,171 [ERROR] Middleware:2950 - Invalid RefComponent list
2025-09-12 18:48:14,171 [ERROR] Middleware:2950 - Invalid RefComponent list
2025-09-12 18:48:14,171 [ERROR] Middleware:2950 - Invalid RefComponent list
2025-09-12 18:48:14,171 [ERROR] Middleware:2950 - Invalid RefComponent list
2025-09-12 18:48:14,171 [ERROR] Middleware:2950 - Invalid RefComponent list
2025-09-12 18:48:14,171 [ERROR] Middleware:2950 - Invalid RefComponent list
2025-09-12 18:48:14,171 [ERROR] Middleware:2950 - Invalid RefComponent list
2025-09-12 18:48:14,171 [ERROR] Middleware:2950 - Invalid RefComponent list
2025-09-12 18:48:14,171 [ERROR] Middleware:2950 - Invalid RefComponent list
2025-09-12 18:48:14,171 [ERROR] Middleware:2950 - Invalid RefComponent list
2025-09-12 18:48:14,171 [ERROR] Middleware:2950 - Invalid RefComponent list
2025-09-12 18:48:14,172 [ERROR] Middleware:2950 - Invalid RefComponent list
2025-09-12 18:48:14,172 [ERROR] Middleware:2950 - Invalid RefComponent list
2025-09-12 18:48:14,172 [ERROR] Middleware:2950 - Invalid RefComponent list
2025-09-12 18:48:14,172 [ERROR] Middleware:2950 - Invalid RefComponent list
2025-09-12 18:48:14,201 [INFO] ProjectBuilder:5216 - Project Generator version: 4.7.0-B52
2025-09-12 18:48:14,275 [INFO] ConfigFileManager:1595 - The Die is : DIE486
2025-09-12 18:48:28,574 [INFO] ProjectBuilder:5056 - Time for Generating toolchain IDE Files: 14373mS.
2025-09-12 18:48:28,577 [INFO] ProjectBuilder:3463 - Time for Copy CMSIS : 1mS.
2025-09-12 18:48:28,593 [INFO] ProjectBuilder:3463 - Time for Copy CMSIS : 0mS.
