2025-09-02 09:37:43,352 [INFO] WebApp:194 - Connection lost
2025-09-02 09:37:43,477 [INFO] WebApp:191 - Connection restablished
2025-09-02 09:37:45,128 [INFO] WebApp:194 - Connection lost
2025-09-02 09:37:45,239 [INFO] WebApp:191 - Connection restablished
2025-09-02 16:02:00,085 [INFO] NvicIntPanel:101 - NVIC parent = com.st.microxplorer.plugins.ip.nvic.MultiNvicIntPanel[,0,0,0x0,invalid,layout=javax.swing.BoxLayout,alignmentX=0.0,alignmentY=0.0,border=,flags=9,maximumSize=,minimumSize=,preferredSize=]
2025-09-02 16:02:00,221 [WARN] IP:2250 - RefParam_XIP_memory not found: check if there is a RefParameter without a condition.
2025-09-02 16:02:00,221 [WARN] IP:2250 - RefParam_MEMORY_1_Size not found: check if there is a RefParameter without a condition.
2025-09-02 16:02:00,221 [WARN] IP:2250 - RefParam_MEMORY_1_FreqMax not found: check if there is a RefParameter without a condition.
2025-09-02 16:02:00,221 [WARN] IP:2250 - RefParam_MEMORY_1_ReadReg not found: check if there is a RefParameter without a condition.
2025-09-02 16:02:00,221 [WARN] IP:2250 - RefParam_MEMORY_1_WriteReg not found: check if there is a RefParameter without a condition.
2025-09-02 16:02:00,221 [WARN] IP:2250 - RefParam_MEMORY_1_RegSize not found: check if there is a RefParameter without a condition.
2025-09-02 16:02:00,221 [WARN] IP:2250 - RefParam_MEMORY_1_RegDummyCycle not found: check if there is a RefParameter without a condition.
2025-09-02 16:02:00,221 [WARN] IP:2250 - RefParam_MEMORY_1_WriteCommand not found: check if there is a RefParameter without a condition.
2025-09-02 16:02:00,221 [WARN] IP:2250 - RefParam_MEMORY_1_WriteDummyCycle not found: check if there is a RefParameter without a condition.
2025-09-02 16:02:00,221 [WARN] IP:2250 - RefParam_MEMORY_1_ReadCommand not found: check if there is a RefParameter without a condition.
2025-09-02 16:02:00,222 [WARN] IP:2250 - RefParam_MEMORY_1_WrapReadCommand not found: check if there is a RefParameter without a condition.
2025-09-02 16:02:00,222 [WARN] IP:2250 - RefParam_MEMORY_1_ReadDummyCycle not found: check if there is a RefParameter without a condition.
2025-09-02 16:02:00,222 [WARN] IP:2250 - RefParam_MEMORY_1_NumberOfConfig not found: check if there is a RefParameter without a condition.
2025-09-02 16:02:00,222 [WARN] IP:2250 - RefParam_MEMORY_1_Config1_WriteMask not found: check if there is a RefParameter without a condition.
2025-09-02 16:02:00,222 [WARN] IP:2250 - RefParam_MEMORY_1_Config1_WriteValue not found: check if there is a RefParameter without a condition.
2025-09-02 16:02:00,222 [WARN] IP:2250 - RefParam_MEMORY_1_Config1_RegAddress not found: check if there is a RefParameter without a condition.
2025-09-02 16:02:00,222 [WARN] IP:2250 - RefParam_MEMORY_1_Config2_WriteMask not found: check if there is a RefParameter without a condition.
2025-09-02 16:02:00,222 [WARN] IP:2250 - RefParam_MEMORY_1_Config2_WriteValue not found: check if there is a RefParameter without a condition.
2025-09-02 16:02:00,222 [WARN] IP:2250 - RefParam_MEMORY_1_Config2_RegAddress not found: check if there is a RefParameter without a condition.
2025-09-02 16:02:00,222 [WARN] IP:2250 - RefParam_MEMORY_1_Config3_WriteMask not found: check if there is a RefParameter without a condition.
2025-09-02 16:02:00,222 [WARN] IP:2250 - RefParam_MEMORY_1_Config3_WriteValue not found: check if there is a RefParameter without a condition.
2025-09-02 16:02:00,222 [WARN] IP:2250 - RefParam_MEMORY_1_Config3_RegAddress not found: check if there is a RefParameter without a condition.
2025-09-02 16:02:00,222 [WARN] IP:2250 - RefParam_MEMORY_2_Instance not found: check if there is a RefParameter without a condition.
2025-09-02 16:02:00,223 [WARN] IP:2250 - RefParam_MEMORY_2_ConfigType not found: check if there is a RefParameter without a condition.
2025-09-02 16:02:00,223 [WARN] IP:2250 - RefParam_MEMORY_2_Size not found: check if there is a RefParameter without a condition.
2025-09-02 16:02:00,223 [WARN] IP:2250 - RefParam_MEMORY_2_FreqMax not found: check if there is a RefParameter without a condition.
2025-09-02 16:02:00,223 [WARN] IP:2250 - RefParam_MEMORY_2_ReadReg not found: check if there is a RefParameter without a condition.
2025-09-02 16:02:00,223 [WARN] IP:2250 - RefParam_MEMORY_2_WriteReg not found: check if there is a RefParameter without a condition.
2025-09-02 16:02:00,223 [WARN] IP:2250 - RefParam_MEMORY_2_RegSize not found: check if there is a RefParameter without a condition.
2025-09-02 16:02:00,223 [WARN] IP:2250 - RefParam_MEMORY_2_RegDummyCycle not found: check if there is a RefParameter without a condition.
2025-09-02 16:02:00,223 [WARN] IP:2250 - RefParam_MEMORY_2_WriteCommand not found: check if there is a RefParameter without a condition.
2025-09-02 16:02:00,223 [WARN] IP:2250 - RefParam_MEMORY_2_WriteDummyCycle not found: check if there is a RefParameter without a condition.
2025-09-02 16:02:00,223 [WARN] IP:2250 - RefParam_MEMORY_2_ReadCommand not found: check if there is a RefParameter without a condition.
2025-09-02 16:02:00,223 [WARN] IP:2250 - RefParam_MEMORY_2_WrapReadCommand not found: check if there is a RefParameter without a condition.
2025-09-02 16:02:00,223 [WARN] IP:2250 - RefParam_MEMORY_2_ReadDummyCycle not found: check if there is a RefParameter without a condition.
2025-09-02 16:02:00,223 [WARN] IP:2250 - RefParam_MEMORY_2_NumberOfConfig not found: check if there is a RefParameter without a condition.
2025-09-02 16:02:00,223 [WARN] IP:2250 - RefParam_MEMORY_2_Config1_WriteMask not found: check if there is a RefParameter without a condition.
2025-09-02 16:02:00,223 [WARN] IP:2250 - RefParam_MEMORY_2_Config1_WriteValue not found: check if there is a RefParameter without a condition.
2025-09-02 16:02:00,223 [WARN] IP:2250 - RefParam_MEMORY_2_Config1_RegAddress not found: check if there is a RefParameter without a condition.
2025-09-02 16:02:00,224 [WARN] IP:2250 - RefParam_MEMORY_2_Config2_WriteMask not found: check if there is a RefParameter without a condition.
2025-09-02 16:02:00,224 [WARN] IP:2250 - RefParam_MEMORY_2_Config2_WriteValue not found: check if there is a RefParameter without a condition.
2025-09-02 16:02:00,224 [WARN] IP:2250 - RefParam_MEMORY_2_Config2_RegAddress not found: check if there is a RefParameter without a condition.
2025-09-02 16:02:00,224 [WARN] IP:2250 - RefParam_MEMORY_2_Config3_WriteMask not found: check if there is a RefParameter without a condition.
2025-09-02 16:02:00,224 [WARN] IP:2250 - RefParam_MEMORY_2_Config3_WriteValue not found: check if there is a RefParameter without a condition.
2025-09-02 16:02:00,224 [WARN] IP:2250 - RefParam_MEMORY_2_Config3_RegAddress not found: check if there is a RefParameter without a condition.
2025-09-02 16:02:07,204 [INFO] UtilMem:75 - End SaveConfig() Used Memory: 876222872 Bytes (1073741824)
2025-09-02 16:02:08,279 [ERROR] IocParser:95 - Exception caught: null
2025-09-02 16:02:08,541 [INFO] UtilMem:75 - End SaveConfig() Used Memory: 915020184 Bytes (1073741824)
2025-09-02 16:02:09,607 [INFO] UtilMem:75 - End SaveConfig() Used Memory: 553651952 Bytes (1073741824)
2025-09-02 16:02:10,425 [INFO] BlockDiagram:2775 - set Specific Code input for plugin: EXTMEM_MANAGER
2025-09-02 16:02:10,425 [INFO] BlockDiagram:2775 - set Specific Code input for plugin: RAMCFG
2025-09-02 16:02:10,425 [INFO] BlockDiagram:2775 - set Specific Code input for plugin: RCC
2025-09-02 16:02:10,425 [INFO] BlockDiagram:2775 - set Specific Code input for plugin: CORTEX_M55_FSBL
2025-09-02 16:02:10,425 [INFO] BlockDiagram:2775 - set Specific Code input for plugin: XSPIM
2025-09-02 16:02:10,425 [INFO] BlockDiagram:2775 - set Specific Code input for plugin: STMicroelectronics.X-CUBE-AI.10.2.0
2025-09-02 16:02:10,425 [INFO] BlockDiagram:2775 - set Specific Code input for plugin: XSPI
2025-09-02 16:02:10,425 [INFO] BlockDiagram:2775 - set Specific Code input for plugin: NUCLEO-N657X0-Q
2025-09-02 16:02:10,425 [INFO] BlockDiagram:2775 - set Specific Code input for plugin: TIM1_8N6
2025-09-02 16:02:10,425 [INFO] BlockDiagram:2775 - set Specific Code input for plugin: CACHEAXI
2025-09-02 16:02:10,425 [INFO] BlockDiagram:2775 - set Specific Code input for plugin: BSEC
2025-09-02 16:02:10,425 [INFO] BlockDiagram:2775 - set Specific Code input for plugin: LPUART
2025-09-02 16:02:10,425 [INFO] BlockDiagram:2775 - set Specific Code input for plugin: NVIC
2025-09-02 16:02:10,426 [INFO] BlockDiagram:2775 - set Specific Code input for plugin: GPIO
2025-09-02 16:02:10,426 [INFO] BlockDiagram:2775 - set Specific Code input for plugin: RIF
2025-09-02 16:02:10,426 [INFO] BlockDiagram:2775 - set Specific Code input for plugin: NVIC1
2025-09-02 16:02:10,428 [INFO] CodeGenerator:892 - code generatio: config db path: C:\ST\STM32CubeIDE_1.19.0\STM32CubeIDE\plugins\com.st.stm32cube.common.mx_6.15.0.202507011659\\db\
2025-09-02 16:02:10,442 [WARN] IP:2250 - RefParam_XIP_memory not found: check if there is a RefParameter without a condition.
2025-09-02 16:02:10,442 [WARN] IP:2250 - RefParam_MEMORY_1_Size not found: check if there is a RefParameter without a condition.
2025-09-02 16:02:10,442 [WARN] IP:2250 - RefParam_MEMORY_1_FreqMax not found: check if there is a RefParameter without a condition.
2025-09-02 16:02:10,442 [WARN] IP:2250 - RefParam_MEMORY_1_ReadReg not found: check if there is a RefParameter without a condition.
2025-09-02 16:02:10,442 [WARN] IP:2250 - RefParam_MEMORY_1_WriteReg not found: check if there is a RefParameter without a condition.
2025-09-02 16:02:10,442 [WARN] IP:2250 - RefParam_MEMORY_1_RegSize not found: check if there is a RefParameter without a condition.
2025-09-02 16:02:10,442 [WARN] IP:2250 - RefParam_MEMORY_1_RegDummyCycle not found: check if there is a RefParameter without a condition.
2025-09-02 16:02:10,442 [WARN] IP:2250 - RefParam_MEMORY_1_WriteCommand not found: check if there is a RefParameter without a condition.
2025-09-02 16:02:10,442 [WARN] IP:2250 - RefParam_MEMORY_1_WriteDummyCycle not found: check if there is a RefParameter without a condition.
2025-09-02 16:02:10,442 [WARN] IP:2250 - RefParam_MEMORY_1_ReadCommand not found: check if there is a RefParameter without a condition.
2025-09-02 16:02:10,442 [WARN] IP:2250 - RefParam_MEMORY_1_WrapReadCommand not found: check if there is a RefParameter without a condition.
2025-09-02 16:02:10,442 [WARN] IP:2250 - RefParam_MEMORY_1_ReadDummyCycle not found: check if there is a RefParameter without a condition.
2025-09-02 16:02:10,442 [WARN] IP:2250 - RefParam_MEMORY_1_NumberOfConfig not found: check if there is a RefParameter without a condition.
2025-09-02 16:02:10,442 [WARN] IP:2250 - RefParam_MEMORY_1_Config1_WriteMask not found: check if there is a RefParameter without a condition.
2025-09-02 16:02:10,442 [WARN] IP:2250 - RefParam_MEMORY_1_Config1_WriteValue not found: check if there is a RefParameter without a condition.
2025-09-02 16:02:10,442 [WARN] IP:2250 - RefParam_MEMORY_1_Config1_RegAddress not found: check if there is a RefParameter without a condition.
2025-09-02 16:02:10,442 [WARN] IP:2250 - RefParam_MEMORY_1_Config2_WriteMask not found: check if there is a RefParameter without a condition.
2025-09-02 16:02:10,442 [WARN] IP:2250 - RefParam_MEMORY_1_Config2_WriteValue not found: check if there is a RefParameter without a condition.
2025-09-02 16:02:10,443 [WARN] IP:2250 - RefParam_MEMORY_1_Config2_RegAddress not found: check if there is a RefParameter without a condition.
2025-09-02 16:02:10,443 [WARN] IP:2250 - RefParam_MEMORY_1_Config3_WriteMask not found: check if there is a RefParameter without a condition.
2025-09-02 16:02:10,443 [WARN] IP:2250 - RefParam_MEMORY_1_Config3_WriteValue not found: check if there is a RefParameter without a condition.
2025-09-02 16:02:10,443 [WARN] IP:2250 - RefParam_MEMORY_1_Config3_RegAddress not found: check if there is a RefParameter without a condition.
2025-09-02 16:02:10,443 [WARN] IP:2250 - RefParam_MEMORY_2_Instance not found: check if there is a RefParameter without a condition.
2025-09-02 16:02:10,443 [WARN] IP:2250 - RefParam_MEMORY_2_ConfigType not found: check if there is a RefParameter without a condition.
2025-09-02 16:02:10,443 [WARN] IP:2250 - RefParam_MEMORY_2_Size not found: check if there is a RefParameter without a condition.
2025-09-02 16:02:10,443 [WARN] IP:2250 - RefParam_MEMORY_2_FreqMax not found: check if there is a RefParameter without a condition.
2025-09-02 16:02:10,443 [WARN] IP:2250 - RefParam_MEMORY_2_ReadReg not found: check if there is a RefParameter without a condition.
2025-09-02 16:02:10,443 [WARN] IP:2250 - RefParam_MEMORY_2_WriteReg not found: check if there is a RefParameter without a condition.
2025-09-02 16:02:10,444 [WARN] IP:2250 - RefParam_MEMORY_2_RegSize not found: check if there is a RefParameter without a condition.
2025-09-02 16:02:10,444 [WARN] IP:2250 - RefParam_MEMORY_2_RegDummyCycle not found: check if there is a RefParameter without a condition.
2025-09-02 16:02:10,444 [WARN] IP:2250 - RefParam_MEMORY_2_WriteCommand not found: check if there is a RefParameter without a condition.
2025-09-02 16:02:10,444 [WARN] IP:2250 - RefParam_MEMORY_2_WriteDummyCycle not found: check if there is a RefParameter without a condition.
2025-09-02 16:02:10,444 [WARN] IP:2250 - RefParam_MEMORY_2_ReadCommand not found: check if there is a RefParameter without a condition.
2025-09-02 16:02:10,444 [WARN] IP:2250 - RefParam_MEMORY_2_WrapReadCommand not found: check if there is a RefParameter without a condition.
2025-09-02 16:02:10,444 [WARN] IP:2250 - RefParam_MEMORY_2_ReadDummyCycle not found: check if there is a RefParameter without a condition.
2025-09-02 16:02:10,444 [WARN] IP:2250 - RefParam_MEMORY_2_NumberOfConfig not found: check if there is a RefParameter without a condition.
2025-09-02 16:02:10,444 [WARN] IP:2250 - RefParam_MEMORY_2_Config1_WriteMask not found: check if there is a RefParameter without a condition.
2025-09-02 16:02:10,444 [WARN] IP:2250 - RefParam_MEMORY_2_Config1_WriteValue not found: check if there is a RefParameter without a condition.
2025-09-02 16:02:10,444 [WARN] IP:2250 - RefParam_MEMORY_2_Config1_RegAddress not found: check if there is a RefParameter without a condition.
2025-09-02 16:02:10,444 [WARN] IP:2250 - RefParam_MEMORY_2_Config2_WriteMask not found: check if there is a RefParameter without a condition.
2025-09-02 16:02:10,444 [WARN] IP:2250 - RefParam_MEMORY_2_Config2_WriteValue not found: check if there is a RefParameter without a condition.
2025-09-02 16:02:10,444 [WARN] IP:2250 - RefParam_MEMORY_2_Config2_RegAddress not found: check if there is a RefParameter without a condition.
2025-09-02 16:02:10,444 [WARN] IP:2250 - RefParam_MEMORY_2_Config3_WriteMask not found: check if there is a RefParameter without a condition.
2025-09-02 16:02:10,444 [WARN] IP:2250 - RefParam_MEMORY_2_Config3_WriteValue not found: check if there is a RefParameter without a condition.
2025-09-02 16:02:10,444 [WARN] IP:2250 - RefParam_MEMORY_2_Config3_RegAddress not found: check if there is a RefParameter without a condition.
2025-09-02 16:02:10,562 [INFO] Middleware:1452 - No code input for Bsp Dependency
2025-09-02 16:02:10,565 [INFO] Middleware:1452 - No code input for Bsp Dependency
2025-09-02 16:02:10,568 [INFO] Middleware:1452 - No code input for Bsp Dependency
2025-09-02 16:02:10,570 [INFO] Middleware:1452 - No code input for Bsp Dependency
2025-09-02 16:02:10,570 [INFO] Middleware:1452 - No code input for Bsp Dependency
2025-09-02 16:02:10,571 [INFO] IP:3329 - RTE Config file name : RTE_Component
2025-09-02 16:02:10,571 [INFO] IP:3347 - RTE template : RTE_Components.ftl
2025-09-02 16:02:10,572 [INFO] Middleware:1452 - No code input for Bsp Dependency
2025-09-02 16:02:10,572 [INFO] Middleware:1452 - No code input for Bsp Dependency
2025-09-02 16:02:10,573 [INFO] Middleware:1452 - No code input for Bsp Dependency
2025-09-02 16:02:10,574 [INFO] CodeGenerator:1619 - *******************Project context FSBL selected
2025-09-02 16:02:10,624 [INFO] CodeEngine:265 - oldGeneratedFile, C:\ST\AB_LSTM\AB_LSTM\MXTmpFiles\license.tmp_save
2025-09-02 16:02:10,648 [ERROR] IocParser:95 - Exception caught: null
2025-09-02 16:02:10,888 [INFO] CodeEngine:289 - Generated code: C:\ST\AB_LSTM\AB_LSTM\MXTmpFiles\license.tmp
2025-09-02 16:02:10,953 [INFO] CodeEngine:265 - oldGeneratedFile, C:\ST\AB_LSTM\AB_LSTM\FSBL\MXTmpFiles\gpio.tmp_save
2025-09-02 16:02:11,152 [INFO] CodeEngine:289 - Generated code: C:\ST\AB_LSTM\AB_LSTM\FSBL\MXTmpFiles\gpio.tmp
2025-09-02 16:02:11,334 [WARN] IPConfigManager:103 - WARNING: Missing Config File for XSPIM ip!!
2025-09-02 16:02:11,385 [INFO] Middleware:1452 - No code input for Bsp Dependency
2025-09-02 16:02:11,392 [INFO] CodeEngine:265 - oldGeneratedFile, C:\ST\AB_LSTM\AB_LSTM\FSBL\MXTmpFiles\boot_code.tmp_save
2025-09-02 16:02:11,536 [INFO] CodeEngine:289 - Generated code: C:\ST\AB_LSTM\AB_LSTM\FSBL\MXTmpFiles\boot_code.tmp
2025-09-02 16:02:11,557 [INFO] CodeEngine:265 - oldGeneratedFile, C:\ST\AB_LSTM\AB_LSTM\FSBL\MXTmpFiles\cortex.tmp_save
2025-09-02 16:02:11,683 [INFO] CodeEngine:289 - Generated code: C:\ST\AB_LSTM\AB_LSTM\FSBL\MXTmpFiles\cortex.tmp
2025-09-02 16:02:11,695 [INFO] Middleware:1452 - No code input for Bsp Dependency
2025-09-02 16:02:11,705 [INFO] CodeEngine:265 - oldGeneratedFile, C:\ST\AB_LSTM\AB_LSTM\FSBL\Core\Inc\extmem_manager.h_save
2025-09-02 16:02:11,840 [INFO] CodeEngine:289 - Generated code: C:\ST\AB_LSTM\AB_LSTM\FSBL\Core\Inc\extmem_manager.h
2025-09-02 16:02:11,870 [INFO] CodeEngine:265 - oldGeneratedFile, C:\ST\AB_LSTM\AB_LSTM\FSBL\Core\Src\extmem_manager.c_save
2025-09-02 16:02:12,023 [INFO] CodeEngine:289 - Generated code: C:\ST\AB_LSTM\AB_LSTM\FSBL\Core\Src\extmem_manager.c
2025-09-02 16:02:12,032 [INFO] CodeEngine:265 - oldGeneratedFile, C:\ST\AB_LSTM\AB_LSTM\FSBL\Core\Inc\stm32_extmem_conf.h_save
2025-09-02 16:02:12,169 [INFO] CodeEngine:289 - Generated code: C:\ST\AB_LSTM\AB_LSTM\FSBL\Core\Inc\stm32_extmem_conf.h
2025-09-02 16:02:12,175 [INFO] CodeEngine:265 - oldGeneratedFile, C:\ST\AB_LSTM\AB_LSTM\FSBL\MXTmpFiles\boot_code.tmp_save
2025-09-02 16:02:12,207 [INFO] CodeEngine:289 - Generated code: C:\ST\AB_LSTM\AB_LSTM\FSBL\MXTmpFiles\boot_code.tmp
2025-09-02 16:02:12,232 [INFO] CodeEngine:265 - oldGeneratedFile, C:\ST\AB_LSTM\AB_LSTM\FSBL\Core\Src\stm32n6xx_it.c_save
2025-09-02 16:02:12,455 [INFO] CodeEngine:289 - Generated code: C:\ST\AB_LSTM\AB_LSTM\FSBL\Core\Src\stm32n6xx_it.c
2025-09-02 16:02:12,464 [INFO] CodeEngine:265 - oldGeneratedFile, C:\ST\AB_LSTM\AB_LSTM\FSBL\Core\Inc\stm32n6xx_it.h_save
2025-09-02 16:02:12,539 [INFO] CodeEngine:289 - Generated code: C:\ST\AB_LSTM\AB_LSTM\FSBL\Core\Inc\stm32n6xx_it.h
2025-09-02 16:02:12,633 [INFO] CodeEngine:265 - oldGeneratedFile, C:\ST\AB_LSTM\AB_LSTM\FSBL\Core\Src\stm32n6xx_hal_msp.c_save
2025-09-02 16:02:12,838 [INFO] CodeEngine:289 - Generated code: C:\ST\AB_LSTM\AB_LSTM\FSBL\Core\Src\stm32n6xx_hal_msp.c
2025-09-02 16:02:12,851 [INFO] CodeEngine:265 - oldGeneratedFile, C:\ST\AB_LSTM\AB_LSTM\FSBL\MXTmpFiles\system.tmp_save
2025-09-02 16:02:12,902 [INFO] CodeEngine:289 - Generated code: C:\ST\AB_LSTM\AB_LSTM\FSBL\MXTmpFiles\system.tmp
2025-09-02 16:02:12,920 [INFO] CodeEngine:321 - oldGeneratedFile, C:\ST\AB_LSTM\AB_LSTM\FSBL\Core\Inc\stm32n6xx_hal_conf.h_save
2025-09-02 16:02:13,048 [INFO] CodeEngine:345 - Generated code: C:\ST\AB_LSTM\AB_LSTM\FSBL\Core\Inc\stm32n6xx_hal_conf.h
2025-09-02 16:02:13,063 [WARN] IPConfigManager:3238 - Warning: the RefConfig RCC_ConfigVoltageScaling is not available in your config.xml file
2025-09-02 16:02:13,077 [WARN] IPConfigManager:3238 - Warning: the RefConfig RCC_RTC_HSEDIV is not available in your config.xml file
2025-09-02 16:02:13,085 [ERROR] ApiDbMcu:560 - Cannot parse XSPIM_Config file : file do not exist
2025-09-02 16:02:13,105 [INFO] CodeEngine:265 - oldGeneratedFile, C:\ST\AB_LSTM\AB_LSTM\FSBL\Core\Inc\main.h_save
2025-09-02 16:02:13,293 [INFO] CodeEngine:289 - Generated code: C:\ST\AB_LSTM\AB_LSTM\FSBL\Core\Inc\main.h
2025-09-02 16:02:13,301 [INFO] CodeEngine:265 - oldGeneratedFile, C:\ST\AB_LSTM\AB_LSTM\FSBL\Core\Src\main.c_save
2025-09-02 16:02:13,435 [INFO] CodeEngine:289 - Generated code: C:\ST\AB_LSTM\AB_LSTM\FSBL\Core\Src\main.c
2025-09-02 16:02:13,475 [INFO] CodeGenerator:1619 - *******************Project context Appli selected
2025-09-02 16:02:13,503 [INFO] IP:3329 - RTE Config file name : RTE_Component
2025-09-02 16:02:13,503 [INFO] IP:3347 - RTE template : RTE_Components.ftl
2025-09-02 16:02:13,510 [INFO] CodeEngine:265 - oldGeneratedFile, C:\ST\AB_LSTM\AB_LSTM\MXTmpFiles\license.tmp_save
2025-09-02 16:02:13,602 [INFO] CodeEngine:289 - Generated code: C:\ST\AB_LSTM\AB_LSTM\MXTmpFiles\license.tmp
2025-09-02 16:02:13,621 [INFO] CodeEngine:265 - oldGeneratedFile, C:\ST\AB_LSTM\AB_LSTM\Appli\MXTmpFiles\gpio.tmp_save
2025-09-02 16:02:13,752 [INFO] CodeEngine:289 - Generated code: C:\ST\AB_LSTM\AB_LSTM\Appli\MXTmpFiles\gpio.tmp
2025-09-02 16:02:13,819 [WARN] IPConfigManager:103 - WARNING: Missing Config File for NVIC ip!!
2025-09-02 16:02:13,879 [INFO] Middleware:1452 - No code input for Bsp Dependency
2025-09-02 16:02:13,880 [INFO] Middleware:1452 - No code input for Bsp Dependency
2025-09-02 16:02:13,880 [INFO] IP:3329 - RTE Config file name : RTE_Component
2025-09-02 16:02:13,880 [INFO] IP:3347 - RTE template : RTE_Components.ftl
2025-09-02 16:02:13,887 [INFO] CodeEngine:265 - oldGeneratedFile, C:\ST\AB_LSTM\AB_LSTM\Appli\MXTmpFiles\cortex.tmp_save
2025-09-02 16:02:13,993 [INFO] CodeEngine:289 - Generated code: C:\ST\AB_LSTM\AB_LSTM\Appli\MXTmpFiles\cortex.tmp
2025-09-02 16:02:14,016 [INFO] CodeEngine:265 - oldGeneratedFile, C:\ST\AB_LSTM\AB_LSTM\Appli\Core\Inc\stm32n6xx_nucleo_conf.h_save
2025-09-02 16:02:14,126 [INFO] CodeEngine:289 - Generated code: C:\ST\AB_LSTM\AB_LSTM\Appli\Core\Inc\stm32n6xx_nucleo_conf.h
2025-09-02 16:02:14,134 [INFO] CodeEngine:265 - oldGeneratedFile, C:\ST\AB_LSTM\AB_LSTM\Appli\MXTmpFiles\bsp_inc.tmp_save
2025-09-02 16:02:14,180 [INFO] CodeEngine:289 - Generated code: C:\ST\AB_LSTM\AB_LSTM\Appli\MXTmpFiles\bsp_inc.tmp
2025-09-02 16:02:14,200 [INFO] CodeEngine:265 - oldGeneratedFile, C:\ST\AB_LSTM\AB_LSTM\Appli\MXTmpFiles\bsp_common_vars.tmp_save
2025-09-02 16:02:14,235 [INFO] CodeEngine:289 - Generated code: C:\ST\AB_LSTM\AB_LSTM\Appli\MXTmpFiles\bsp_common_vars.tmp
2025-09-02 16:02:14,239 [INFO] CodeEngine:265 - oldGeneratedFile, C:\ST\AB_LSTM\AB_LSTM\Appli\MXTmpFiles\bsp_common_init.tmp_save
2025-09-02 16:02:14,285 [INFO] CodeEngine:289 - Generated code: C:\ST\AB_LSTM\AB_LSTM\Appli\MXTmpFiles\bsp_common_init.tmp
2025-09-02 16:02:14,298 [INFO] CodeEngine:265 - oldGeneratedFile, C:\ST\AB_LSTM\AB_LSTM\Appli\MXTmpFiles\bsp_common_demo_before_while.tmp_save
2025-09-02 16:02:14,334 [INFO] CodeEngine:289 - Generated code: C:\ST\AB_LSTM\AB_LSTM\Appli\MXTmpFiles\bsp_common_demo_before_while.tmp
2025-09-02 16:02:14,339 [INFO] CodeEngine:265 - oldGeneratedFile, C:\ST\AB_LSTM\AB_LSTM\Appli\MXTmpFiles\bsp_common_demo_inside_while.tmp_save
2025-09-02 16:02:14,375 [INFO] CodeEngine:289 - Generated code: C:\ST\AB_LSTM\AB_LSTM\Appli\MXTmpFiles\bsp_common_demo_inside_while.tmp
2025-09-02 16:02:14,380 [INFO] CodeEngine:265 - oldGeneratedFile, C:\ST\AB_LSTM\AB_LSTM\Appli\MXTmpFiles\bsp_common_demo_fct.tmp_save
2025-09-02 16:02:14,423 [INFO] CodeEngine:289 - Generated code: C:\ST\AB_LSTM\AB_LSTM\Appli\MXTmpFiles\bsp_common_demo_fct.tmp
2025-09-02 16:02:14,426 [INFO] Middleware:1452 - No code input for Bsp Dependency
2025-09-02 16:02:14,426 [INFO] Middleware:1452 - No code input for Bsp Dependency
2025-09-02 16:02:14,427 [INFO] IP:3329 - RTE Config file name : RTE_Component
2025-09-02 16:02:14,427 [INFO] IP:3347 - RTE template : RTE_Components.ftl
2025-09-02 16:02:14,435 [INFO] CodeEngine:265 - oldGeneratedFile, C:\ST\AB_LSTM\AB_LSTM\Appli\X-CUBE-AI\App\app_x-cube-ai.h_save
2025-09-02 16:02:14,540 [INFO] CodeEngine:289 - Generated code: C:\ST\AB_LSTM\AB_LSTM\Appli\X-CUBE-AI\App\app_x-cube-ai.h
2025-09-02 16:02:14,548 [INFO] CodeEngine:265 - oldGeneratedFile, C:\ST\AB_LSTM\AB_LSTM\Appli\X-CUBE-AI\constants_ai.h_save
2025-09-02 16:02:14,627 [INFO] CodeEngine:289 - Generated code: C:\ST\AB_LSTM\AB_LSTM\Appli\X-CUBE-AI\constants_ai.h
2025-09-02 16:02:14,635 [INFO] CodeEngine:265 - oldGeneratedFile, C:\ST\AB_LSTM\AB_LSTM\Appli\X-CUBE-AI\App\app_x-cube-ai.c_save
2025-09-02 16:02:14,737 [INFO] CodeEngine:289 - Generated code: C:\ST\AB_LSTM\AB_LSTM\Appli\X-CUBE-AI\App\app_x-cube-ai.c
2025-09-02 16:02:14,770 [INFO] CodeEngine:265 - oldGeneratedFile, C:\ST\AB_LSTM\AB_LSTM\Appli\Core\Src\stm32n6xx_it.c_save
2025-09-02 16:02:14,965 [INFO] CodeEngine:289 - Generated code: C:\ST\AB_LSTM\AB_LSTM\Appli\Core\Src\stm32n6xx_it.c
2025-09-02 16:02:14,972 [INFO] CodeEngine:265 - oldGeneratedFile, C:\ST\AB_LSTM\AB_LSTM\Appli\Core\Inc\stm32n6xx_it.h_save
2025-09-02 16:02:15,036 [INFO] CodeEngine:289 - Generated code: C:\ST\AB_LSTM\AB_LSTM\Appli\Core\Inc\stm32n6xx_it.h
2025-09-02 16:02:15,039 [INFO] IP:3329 - RTE Config file name : RTE_Component
2025-09-02 16:02:15,039 [INFO] IP:3347 - RTE template : RTE_Components.ftl
2025-09-02 16:02:15,039 [INFO] CodeGenerator:2312 - Add RTE Code Input 
2025-09-02 16:02:15,049 [INFO] CodeEngine:265 - oldGeneratedFile, C:\ST\AB_LSTM\AB_LSTM\Appli\Core\Inc\RTE_Components.h_save
2025-09-02 16:02:15,155 [INFO] CodeEngine:289 - Generated code: C:\ST\AB_LSTM\AB_LSTM\Appli\Core\Inc\RTE_Components.h
2025-09-02 16:02:15,164 [INFO] CodeEngine:265 - oldGeneratedFile, C:\ST\AB_LSTM\AB_LSTM\Appli\MXTmpFiles\RIFInit.tmp_save
2025-09-02 16:02:15,303 [INFO] CodeEngine:289 - Generated code: C:\ST\AB_LSTM\AB_LSTM\Appli\MXTmpFiles\RIFInit.tmp
2025-09-02 16:02:15,359 [INFO] CodeEngine:265 - oldGeneratedFile, C:\ST\AB_LSTM\AB_LSTM\Appli\Core\Src\stm32n6xx_hal_msp.c_save
2025-09-02 16:02:15,538 [INFO] CodeEngine:289 - Generated code: C:\ST\AB_LSTM\AB_LSTM\Appli\Core\Src\stm32n6xx_hal_msp.c
2025-09-02 16:02:15,548 [INFO] CodeEngine:265 - oldGeneratedFile, C:\ST\AB_LSTM\AB_LSTM\Appli\MXTmpFiles\system.tmp_save
2025-09-02 16:02:15,577 [INFO] CodeEngine:289 - Generated code: C:\ST\AB_LSTM\AB_LSTM\Appli\MXTmpFiles\system.tmp
2025-09-02 16:02:15,587 [INFO] CodeEngine:321 - oldGeneratedFile, C:\ST\AB_LSTM\AB_LSTM\Appli\Core\Inc\stm32n6xx_hal_conf.h_save
2025-09-02 16:02:15,750 [INFO] CodeEngine:345 - Generated code: C:\ST\AB_LSTM\AB_LSTM\Appli\Core\Inc\stm32n6xx_hal_conf.h
2025-09-02 16:02:15,763 [WARN] IPConfigManager:3238 - Warning: the RefConfig RCC_ConfigVoltageScaling is not available in your config.xml file
2025-09-02 16:02:15,764 [WARN] IPConfigManager:3238 - Warning: the RefConfig RCC_RTC_HSEDIV is not available in your config.xml file
2025-09-02 16:02:15,776 [WARN] IPConfigManager:3811 - IP not found : TIM
2025-09-02 16:02:15,777 [WARN] CodeGenerator:4259 - IP not found : null
2025-09-02 16:02:15,784 [INFO] CodeEngine:265 - oldGeneratedFile, C:\ST\AB_LSTM\AB_LSTM\Appli\Core\Inc\main.h_save
2025-09-02 16:02:15,901 [INFO] CodeEngine:289 - Generated code: C:\ST\AB_LSTM\AB_LSTM\Appli\Core\Inc\main.h
2025-09-02 16:02:15,911 [INFO] CodeEngine:265 - oldGeneratedFile, C:\ST\AB_LSTM\AB_LSTM\Appli\Core\Src\main.c_save
2025-09-02 16:02:16,041 [INFO] CodeEngine:289 - Generated code: C:\ST\AB_LSTM\AB_LSTM\Appli\Core\Src\main.c
2025-09-02 16:02:16,053 [INFO] CodeEngine:265 - oldGeneratedFile, C:\ST\AB_LSTM\AB_LSTM\Appli\Core\Src\secure_nsc.c_save
2025-09-02 16:02:16,139 [INFO] CodeEngine:289 - Generated code: C:\ST\AB_LSTM\AB_LSTM\Appli\Core\Src\secure_nsc.c
2025-09-02 16:02:16,147 [INFO] CodeEngine:265 - oldGeneratedFile, C:\ST\AB_LSTM\AB_LSTM\Appli\Core\Inc\partition_stm32n657xx.h_save
2025-09-02 16:02:16,219 [INFO] CodeEngine:289 - Generated code: C:\ST\AB_LSTM\AB_LSTM\Appli\Core\Inc\partition_stm32n657xx.h
2025-09-02 16:02:16,227 [INFO] CodeEngine:265 - oldGeneratedFile, C:\ST\AB_LSTM\AB_LSTM\Secure_nsclib\secure_nsc.h_save
2025-09-02 16:02:16,290 [INFO] CodeEngine:289 - Generated code: C:\ST\AB_LSTM\AB_LSTM\Secure_nsclib\secure_nsc.h
2025-09-02 16:02:16,318 [INFO] CodeGenerator:1707 - *******************Project context ExtMemLoader Not selected
2025-09-02 16:02:17,283 [INFO] AInterface:322 - ModelName:network; files:[C:\Users\ZOJOLDRI\OneDrive - Carl Zeiss AG\Dokumente\Zeiss\SMT\Bachelor\AB Encoder Model\AB_Encoder_Synthetic_Data\lstm_ab_encoder.h5]; type:Keras; compression:None
2025-09-02 16:02:17,283 [INFO] AInterface:526 - workspaceTempDir: C:/Users/ZOJOLDRI/AppData/Local/Temp/mxAI_workspace105597427676290013687653386460198093
2025-09-02 16:02:17,284 [INFO] AInterface:1176 - Setting Env: C:/Users/ZOJOLDRI/STM32Cube/Repository/Packs/STMicroelectronics/X-CUBE-AI/10.2.0/Utilities/windows
2025-09-02 16:02:17,291 [INFO] STM32CubeIDEBuilder:265 - Looking for gnu-tools-for-stm32 tools/bin/arm-none-eabi-gcc.exe in C:\ST\STM32CubeIDE_1.19.0\STM32CubeIDE
2025-09-02 16:02:17,309 [INFO] STM32CubeIDEBuilder:294 - checking C:\ST\STM32CubeIDE_1.19.0\STM32CubeIDE\plugins\com.st.stm32cube.ide.mcu.externaltools.gnu-tools-for-stm32.13.3.rel1.win32_1.0.0.202411081344\tools\bin\arm-none-eabi-gcc.exe
2025-09-02 16:02:17,310 [INFO] STM32CubeIDEBuilder:297 - ret=C:\ST\STM32CubeIDE_1.19.0\STM32CubeIDE\plugins\com.st.stm32cube.ide.mcu.externaltools.gnu-tools-for-stm32.13.3.rel1.win32_1.0.0.202411081344\tools\bin\arm-none-eabi-gcc.exe
2025-09-02 16:02:17,310 [INFO] STM32CubeIDEBuilder:311 - returning C:\ST\STM32CubeIDE_1.19.0\STM32CubeIDE\plugins\com.st.stm32cube.ide.mcu.externaltools.gnu-tools-for-stm32.13.3.rel1.win32_1.0.0.202411081344\tools\bin\arm-none-eabi-gcc.exe
2025-09-02 16:02:17,310 [INFO] AInterface:1233 - Custom PATH variable: C:/Users/ZOJOLDRI/STM32Cube/Repository/Packs/STMicroelectronics/X-CUBE-AI/10.2.0/Utilities/windows;C:/Users/ZOJOLDRI/STM32Cube/Repository/Packs/STMicroelectronics/X-CUBE-AI/10.2.0/Utilities/windows/mingw64/bin;C:/Users/ZOJOLDRI/STM32Cube/Repository/Packs/STMicroelectronics/X-CUBE-AI/10.2.0/Utilities/windows/mingw64/libexec/gcc/x86_64-w64-mingw32/7.3.0;;C:\ST\STM32CubeIDE_1.19.0\STM32CubeIDE\plugins\com.st.stm32cube.ide.mcu.externaltools.gnu-tools-for-stm32.13.3.rel1.win32_1.0.0.202411081344\tools\bin
2025-09-02 16:02:17,313 [INFO] CmdLine:115 - Command: C:/Users/ZOJOLDRI/STM32Cube/Repository/Packs/STMicroelectronics/X-CUBE-AI/10.2.0/Utilities/windows/stedgeai.exe generate --target stm32n6 --name network -m C:/Users/ZOJOLDRI/OneDrive - Carl Zeiss AG/Dokumente/Zeiss/SMT/Bachelor/AB Encoder Model/AB_Encoder_Synthetic_Data/lstm_ab_encoder.h5 --compression none --verbosity 1 --workspace C:/Users/ZOJOLDRI/AppData/Local/Temp/mxAI_workspace105597427676290013687653386460198093 --output C:/Users/ZOJOLDRI/.stm32cubemx/network_output
2025-09-02 16:02:17,313 [INFO] AIModelDetailledView:2380 - Analysis status: pending
2025-09-02 16:02:26,369 [INFO] CmdLine:76 - ST Edge AI Core v2.2.0-20266 2adc00962
2025-09-02 16:03:40,405 [INFO] CmdLine:76 - Creating c (debug) info json file C:\Users\ZOJOLDRI\.stm32cubemx\network_output\network_c_info.json
2025-09-02 16:03:40,425 [INFO] CmdLine:76 -  
2025-09-02 16:03:40,425 [INFO] CmdLine:76 -  Exec/report summary (generate)
2025-09-02 16:03:40,425 [INFO] CmdLine:76 -  ---------------------------------------------------------------------------------------------------------------------------------------------------------------
2025-09-02 16:03:40,425 [INFO] CmdLine:76 -  model file         :   C:\Users\ZOJOLDRI\OneDrive - Carl Zeiss AG\Dokumente\Zeiss\SMT\Bachelor\AB Encoder Model\AB_Encoder_Synthetic_Data\lstm_ab_encoder.h5   
2025-09-02 16:03:40,425 [INFO] CmdLine:76 -  type               :   keras                                                                                                                                   
2025-09-02 16:03:40,425 [INFO] CmdLine:76 -  c_name             :   network                                                                                                                                 
2025-09-02 16:03:40,426 [INFO] CmdLine:76 -  compression        :   none                                                                                                                                    
2025-09-02 16:03:40,426 [INFO] CmdLine:76 -  options            :   allocate-inputs, allocate-outputs                                                                                                       
2025-09-02 16:03:40,426 [INFO] CmdLine:76 -  optimization       :   balanced                                                                                                                                
2025-09-02 16:03:40,426 [INFO] CmdLine:76 -  target/series      :   stm32n6                                                                                                                                 
2025-09-02 16:03:40,426 [INFO] CmdLine:76 -  workspace dir      :   C:\Users\ZOJOLDRI\AppData\Local\Temp\mxAI_workspace105597427676290013687653386460198093                                                 
2025-09-02 16:03:40,426 [INFO] CmdLine:76 -  output dir         :   C:\Users\ZOJOLDRI\.stm32cubemx\network_output                                                                                           
2025-09-02 16:03:40,426 [INFO] CmdLine:76 -  model_fmt          :   float                                                                                                                                   
2025-09-02 16:03:40,426 [INFO] CmdLine:76 -  model_name         :   lstm_ab_encoder                                                                                                                         
2025-09-02 16:03:40,426 [INFO] CmdLine:76 -  model_hash         :   0xb9e6d1f2f93291781e52f63e3d49d785                                                                                                      
2025-09-02 16:03:40,426 [INFO] CmdLine:76 -  params #           :   6,083 items (23.76 KiB)                                                                                                                 
2025-09-02 16:03:40,426 [INFO] CmdLine:76 -  ---------------------------------------------------------------------------------------------------------------------------------------------------------------
2025-09-02 16:03:40,426 [INFO] CmdLine:76 -  input 1/1          :   'input_0', f32(1x20x10), 800 Bytes, activations                                                                                         
2025-09-02 16:03:40,426 [INFO] CmdLine:76 -  output 1/1         :   'output', f32(1x3), 12 Bytes, activations                                                                                               
2025-09-02 16:03:40,426 [INFO] CmdLine:76 -  macc               :   111,360                                                                                                                                 
2025-09-02 16:03:40,426 [INFO] CmdLine:76 -  weights (ro)       :   24,716 B (24.14 KiB) (1 segment) / +384(+1.6%) vs float model                                                                           
2025-09-02 16:03:40,426 [INFO] CmdLine:76 -  activations (rw)   :   1,824 B (1.78 KiB) (1 segment) *                                                                                                        
2025-09-02 16:03:40,427 [INFO] CmdLine:76 -  ram (total)        :   1,824 B (1.78 KiB) = 1,824 + 0 + 0                                                                                                      
2025-09-02 16:03:40,427 [INFO] CmdLine:76 -  ---------------------------------------------------------------------------------------------------------------------------------------------------------------
2025-09-02 16:03:40,427 [INFO] CmdLine:76 -  (*) 'input'/'output' buffers are allocated in the activations buffer
2025-09-02 16:03:40,428 [INFO] CmdLine:76 - Computing AI RT data/code size (target=stm32n6)..
2025-09-02 16:03:46,653 [INFO] CmdLine:76 -  Requested memory size by section - "stm32n6" target
2025-09-02 16:03:46,654 [INFO] CmdLine:76 -  ------------------------------- -------- -------- ------- -------
2025-09-02 16:03:46,654 [INFO] CmdLine:76 -  module                              text   rodata    data     bss
2025-09-02 16:03:46,655 [INFO] CmdLine:76 -  ------------------------------- -------- -------- ------- -------
2025-09-02 16:03:46,655 [INFO] CmdLine:76 -  NetworkRuntime1020_CM55_GCC.a     15,800       32       0       0
2025-09-02 16:03:46,655 [INFO] CmdLine:76 -  network.o                            592       40   1,888     136
2025-09-02 16:03:46,655 [INFO] CmdLine:76 -  network_data.o                        48       16      88       0
2025-09-02 16:03:46,655 [INFO] CmdLine:76 -  lib (toolchain)*                   1,132      340       0       0
2025-09-02 16:03:46,656 [INFO] CmdLine:76 -  ------------------------------- -------- -------- ------- -------
2025-09-02 16:03:46,656 [INFO] CmdLine:76 -  RT total**                        17,572      428   1,976     136
2025-09-02 16:03:46,656 [INFO] CmdLine:76 -  ------------------------------- -------- -------- ------- -------
2025-09-02 16:03:46,657 [INFO] CmdLine:76 -  weights                                0   24,720       0       0
2025-09-02 16:03:46,657 [INFO] CmdLine:76 -  activations                            0        0       0   1,824
2025-09-02 16:03:46,657 [INFO] CmdLine:76 -  io                                     0        0       0       0
2025-09-02 16:03:46,657 [INFO] CmdLine:76 -  ------------------------------- -------- -------- ------- -------
2025-09-02 16:03:46,657 [INFO] CmdLine:76 -  TOTAL                             17,572   25,148   1,976   1,960
2025-09-02 16:03:46,657 [INFO] CmdLine:76 -  ------------------------------- -------- -------- ------- -------
2025-09-02 16:03:46,657 [INFO] CmdLine:76 -  *  toolchain objects (libm/libgcc*)
2025-09-02 16:03:46,657 [INFO] CmdLine:76 -  ** RT AI runtime objects (kernels+infrastructure)
2025-09-02 16:03:46,657 [INFO] CmdLine:76 -   Summary - "stm32n6" target
2025-09-02 16:03:46,657 [INFO] CmdLine:76 -   ---------------------------------------------------
2025-09-02 16:03:46,657 [INFO] CmdLine:76 -                FLASH (ro)      %*   RAM (rw)       %
2025-09-02 16:03:46,657 [INFO] CmdLine:76 -   ---------------------------------------------------
2025-09-02 16:03:46,658 [INFO] CmdLine:76 -   RT total         19,976   44.7%      2,112   53.7%
2025-09-02 16:03:46,658 [INFO] CmdLine:76 -   ---------------------------------------------------
2025-09-02 16:03:46,658 [INFO] CmdLine:76 -   TOTAL            44,696              3,936
2025-09-02 16:03:46,658 [INFO] CmdLine:76 -   ---------------------------------------------------
2025-09-02 16:03:46,658 [INFO] CmdLine:76 -   *  rt/total
2025-09-02 16:03:46,658 [INFO] CmdLine:76 -  Generated files (7)
2025-09-02 16:03:46,658 [INFO] CmdLine:76 -  ---------------------------------------------------------------------
2025-09-02 16:03:46,658 [INFO] CmdLine:76 -  C:\Users\ZOJOLDRI\.stm32cubemx\network_output\network_data_params.h
2025-09-02 16:03:46,658 [INFO] CmdLine:76 -  C:\Users\ZOJOLDRI\.stm32cubemx\network_output\network_data_params.c
2025-09-02 16:03:46,658 [INFO] CmdLine:76 -  C:\Users\ZOJOLDRI\.stm32cubemx\network_output\network_data.h
2025-09-02 16:03:46,658 [INFO] CmdLine:76 -  C:\Users\ZOJOLDRI\.stm32cubemx\network_output\network_data.c
2025-09-02 16:03:46,658 [INFO] CmdLine:76 -  C:\Users\ZOJOLDRI\.stm32cubemx\network_output\network_config.h
2025-09-02 16:03:46,659 [INFO] CmdLine:76 -  C:\Users\ZOJOLDRI\.stm32cubemx\network_output\network.h
2025-09-02 16:03:46,659 [INFO] CmdLine:76 -  C:\Users\ZOJOLDRI\.stm32cubemx\network_output\network.c
2025-09-02 16:03:46,659 [INFO] CmdLine:76 - Creating txt report file C:\Users\ZOJOLDRI\.stm32cubemx\network_output\network_generate_report.txt
2025-09-02 16:03:49,906 [INFO] CmdLine:76 - elapsed time (generate): 83.536s
2025-09-02 16:03:50,282 [INFO] CmdLine:148 - stedgeai exit with status: 0
2025-09-02 16:03:50,300 [INFO] AIModelDetailledView:2380 - Analysis status: done
2025-09-02 16:03:51,323 [INFO] ProjectBuilder:3606 - Time for Copy HAL[1] : 577mS.
2025-09-02 16:03:51,323 [ERROR] Middleware:2950 - Invalid RefComponent list
2025-09-02 16:03:51,323 [ERROR] Middleware:2950 - Invalid RefComponent list
2025-09-02 16:03:51,323 [ERROR] Middleware:2950 - Invalid RefComponent list
2025-09-02 16:03:51,323 [ERROR] Middleware:2950 - Invalid RefComponent list
2025-09-02 16:03:51,323 [ERROR] Middleware:2950 - Invalid RefComponent list
2025-09-02 16:03:51,323 [ERROR] Middleware:2950 - Invalid RefComponent list
2025-09-02 16:03:51,323 [ERROR] Middleware:2950 - Invalid RefComponent list
2025-09-02 16:03:51,323 [ERROR] Middleware:2950 - Invalid RefComponent list
2025-09-02 16:03:51,323 [ERROR] Middleware:2950 - Invalid RefComponent list
2025-09-02 16:03:51,323 [ERROR] Middleware:2950 - Invalid RefComponent list
2025-09-02 16:03:51,323 [ERROR] Middleware:2950 - Invalid RefComponent list
2025-09-02 16:03:51,323 [ERROR] Middleware:2950 - Invalid RefComponent list
2025-09-02 16:03:51,323 [ERROR] Middleware:2950 - Invalid RefComponent list
2025-09-02 16:03:51,323 [ERROR] Middleware:2950 - Invalid RefComponent list
2025-09-02 16:03:51,323 [ERROR] Middleware:2950 - Invalid RefComponent list
2025-09-02 16:03:51,323 [ERROR] Middleware:2950 - Invalid RefComponent list
2025-09-02 16:03:51,323 [ERROR] Middleware:2950 - Invalid RefComponent list
2025-09-02 16:03:51,323 [ERROR] Middleware:2950 - Invalid RefComponent list
2025-09-02 16:03:51,323 [ERROR] Middleware:2950 - Invalid RefComponent list
2025-09-02 16:03:51,324 [ERROR] Middleware:2950 - Invalid RefComponent list
2025-09-02 16:03:51,324 [ERROR] Middleware:2950 - Invalid RefComponent list
2025-09-02 16:03:51,324 [ERROR] Middleware:2950 - Invalid RefComponent list
2025-09-02 16:03:51,324 [ERROR] Middleware:2950 - Invalid RefComponent list
2025-09-02 16:03:51,324 [ERROR] Middleware:2950 - Invalid RefComponent list
2025-09-02 16:03:51,324 [ERROR] Middleware:2950 - Invalid RefComponent list
2025-09-02 16:03:51,324 [ERROR] Middleware:2950 - Invalid RefComponent list
2025-09-02 16:03:51,324 [ERROR] Middleware:2950 - Invalid RefComponent list
2025-09-02 16:03:51,324 [ERROR] Middleware:2950 - Invalid RefComponent list
2025-09-02 16:03:51,324 [ERROR] Middleware:2950 - Invalid RefComponent list
2025-09-02 16:03:51,324 [ERROR] Middleware:2950 - Invalid RefComponent list
2025-09-02 16:03:51,324 [ERROR] Middleware:2950 - Invalid RefComponent list
2025-09-02 16:03:51,324 [ERROR] Middleware:2950 - Invalid RefComponent list
2025-09-02 16:03:51,324 [ERROR] Middleware:2950 - Invalid RefComponent list
2025-09-02 16:03:51,324 [ERROR] Middleware:2950 - Invalid RefComponent list
2025-09-02 16:03:51,324 [ERROR] Middleware:2950 - Invalid RefComponent list
2025-09-02 16:03:51,324 [ERROR] Middleware:2950 - Invalid RefComponent list
2025-09-02 16:03:51,324 [ERROR] Middleware:2950 - Invalid RefComponent list
2025-09-02 16:03:51,324 [ERROR] Middleware:2950 - Invalid RefComponent list
2025-09-02 16:03:51,324 [ERROR] Middleware:2950 - Invalid RefComponent list
2025-09-02 16:03:51,324 [ERROR] Middleware:2950 - Invalid RefComponent list
2025-09-02 16:03:51,324 [ERROR] Middleware:2950 - Invalid RefComponent list
2025-09-02 16:03:51,324 [ERROR] Middleware:2950 - Invalid RefComponent list
2025-09-02 16:03:51,324 [ERROR] Middleware:2950 - Invalid RefComponent list
2025-09-02 16:03:51,324 [ERROR] Middleware:2950 - Invalid RefComponent list
2025-09-02 16:03:51,324 [ERROR] Middleware:2950 - Invalid RefComponent list
2025-09-02 16:03:51,324 [ERROR] Middleware:2950 - Invalid RefComponent list
2025-09-02 16:03:51,324 [ERROR] Middleware:2950 - Invalid RefComponent list
2025-09-02 16:03:51,324 [ERROR] Middleware:2950 - Invalid RefComponent list
2025-09-02 16:03:51,324 [ERROR] Middleware:2950 - Invalid RefComponent list
2025-09-02 16:03:51,324 [ERROR] Middleware:2950 - Invalid RefComponent list
2025-09-02 16:03:51,324 [ERROR] Middleware:2950 - Invalid RefComponent list
2025-09-02 16:03:51,324 [ERROR] Middleware:2950 - Invalid RefComponent list
2025-09-02 16:03:51,324 [ERROR] Middleware:2950 - Invalid RefComponent list
2025-09-02 16:03:51,324 [ERROR] Middleware:2950 - Invalid RefComponent list
2025-09-02 16:03:51,324 [ERROR] Middleware:2950 - Invalid RefComponent list
2025-09-02 16:03:51,324 [ERROR] Middleware:2950 - Invalid RefComponent list
2025-09-02 16:03:51,324 [ERROR] Middleware:2950 - Invalid RefComponent list
2025-09-02 16:03:51,324 [ERROR] Middleware:2950 - Invalid RefComponent list
2025-09-02 16:03:51,324 [ERROR] Middleware:2950 - Invalid RefComponent list
2025-09-02 16:03:51,324 [ERROR] Middleware:2950 - Invalid RefComponent list
2025-09-02 16:03:51,324 [ERROR] Middleware:2950 - Invalid RefComponent list
2025-09-02 16:03:51,324 [ERROR] Middleware:2950 - Invalid RefComponent list
2025-09-02 16:03:51,324 [ERROR] Middleware:2950 - Invalid RefComponent list
2025-09-02 16:03:51,324 [ERROR] Middleware:2950 - Invalid RefComponent list
2025-09-02 16:03:51,324 [ERROR] Middleware:2950 - Invalid RefComponent list
2025-09-02 16:03:51,324 [ERROR] Middleware:2950 - Invalid RefComponent list
2025-09-02 16:03:51,324 [ERROR] Middleware:2950 - Invalid RefComponent list
2025-09-02 16:03:51,324 [ERROR] Middleware:2950 - Invalid RefComponent list
2025-09-02 16:03:51,324 [ERROR] Middleware:2950 - Invalid RefComponent list
2025-09-02 16:03:51,324 [ERROR] Middleware:2950 - Invalid RefComponent list
2025-09-02 16:03:51,341 [INFO] ProjectBuilder:5216 - Project Generator version: 4.7.0-B52
2025-09-02 16:03:51,393 [INFO] ConfigFileManager:1595 - The Die is : DIE486
2025-09-02 16:03:59,202 [INFO] ProjectBuilder:5056 - Time for Generating toolchain IDE Files: 7860mS.
2025-09-02 16:03:59,203 [INFO] ProjectBuilder:3463 - Time for Copy CMSIS : 1mS.
2025-09-02 16:03:59,213 [INFO] ProjectBuilder:3463 - Time for Copy CMSIS : 0mS.
2025-09-02 16:12:06,105 [INFO] NvicIntPanel:101 - NVIC parent = com.st.microxplorer.plugins.ip.nvic.MultiNvicIntPanel[,0,0,530x292,layout=javax.swing.BoxLayout,alignmentX=0.0,alignmentY=0.0,border=,flags=9,maximumSize=,minimumSize=,preferredSize=]
2025-09-02 16:12:15,968 [INFO] UtilMem:75 - End SaveConfig() Used Memory: 737523360 Bytes (1073741824)
2025-09-02 16:12:17,078 [ERROR] IocParser:95 - Exception caught: null
2025-09-02 16:12:17,238 [INFO] UtilMem:75 - End SaveConfig() Used Memory: 776842912 Bytes (1073741824)
2025-09-02 16:12:18,574 [INFO] UtilMem:75 - End SaveConfig() Used Memory: 856534688 Bytes (1073741824)
2025-09-02 16:12:19,483 [ERROR] IocParser:95 - Exception caught: null
2025-09-02 16:12:19,569 [INFO] BlockDiagram:2775 - set Specific Code input for plugin: EXTMEM_MANAGER
2025-09-02 16:12:19,569 [INFO] BlockDiagram:2775 - set Specific Code input for plugin: RAMCFG
2025-09-02 16:12:19,569 [INFO] BlockDiagram:2775 - set Specific Code input for plugin: RCC
2025-09-02 16:12:19,569 [INFO] BlockDiagram:2775 - set Specific Code input for plugin: CORTEX_M55_FSBL
2025-09-02 16:12:19,570 [INFO] BlockDiagram:2775 - set Specific Code input for plugin: XSPIM
2025-09-02 16:12:19,570 [INFO] BlockDiagram:2775 - set Specific Code input for plugin: STMicroelectronics.X-CUBE-AI.10.2.0
2025-09-02 16:12:19,570 [INFO] BlockDiagram:2775 - set Specific Code input for plugin: XSPI
2025-09-02 16:12:19,571 [INFO] BlockDiagram:2775 - set Specific Code input for plugin: NUCLEO-N657X0-Q
2025-09-02 16:12:19,571 [INFO] BlockDiagram:2775 - set Specific Code input for plugin: TIM1_8N6
2025-09-02 16:12:19,571 [INFO] BlockDiagram:2775 - set Specific Code input for plugin: CACHEAXI
2025-09-02 16:12:19,571 [INFO] BlockDiagram:2775 - set Specific Code input for plugin: BSEC
2025-09-02 16:12:19,571 [INFO] BlockDiagram:2775 - set Specific Code input for plugin: LPUART
2025-09-02 16:12:19,571 [INFO] BlockDiagram:2775 - set Specific Code input for plugin: NVIC
2025-09-02 16:12:19,572 [INFO] BlockDiagram:2775 - set Specific Code input for plugin: GPIO
2025-09-02 16:12:19,572 [INFO] BlockDiagram:2775 - set Specific Code input for plugin: RIF
2025-09-02 16:12:19,572 [INFO] BlockDiagram:2775 - set Specific Code input for plugin: NVIC1
2025-09-02 16:12:19,574 [INFO] CodeGenerator:892 - code generatio: config db path: C:\ST\STM32CubeIDE_1.19.0\STM32CubeIDE\plugins\com.st.stm32cube.common.mx_6.15.0.202507011659\\db\
2025-09-02 16:12:19,588 [WARN] IP:2250 - RefParam_XIP_memory not found: check if there is a RefParameter without a condition.
2025-09-02 16:12:19,589 [WARN] IP:2250 - RefParam_MEMORY_1_Size not found: check if there is a RefParameter without a condition.
2025-09-02 16:12:19,589 [WARN] IP:2250 - RefParam_MEMORY_1_FreqMax not found: check if there is a RefParameter without a condition.
2025-09-02 16:12:19,589 [WARN] IP:2250 - RefParam_MEMORY_1_ReadReg not found: check if there is a RefParameter without a condition.
2025-09-02 16:12:19,589 [WARN] IP:2250 - RefParam_MEMORY_1_WriteReg not found: check if there is a RefParameter without a condition.
2025-09-02 16:12:19,589 [WARN] IP:2250 - RefParam_MEMORY_1_RegSize not found: check if there is a RefParameter without a condition.
2025-09-02 16:12:19,589 [WARN] IP:2250 - RefParam_MEMORY_1_RegDummyCycle not found: check if there is a RefParameter without a condition.
2025-09-02 16:12:19,589 [WARN] IP:2250 - RefParam_MEMORY_1_WriteCommand not found: check if there is a RefParameter without a condition.
2025-09-02 16:12:19,589 [WARN] IP:2250 - RefParam_MEMORY_1_WriteDummyCycle not found: check if there is a RefParameter without a condition.
2025-09-02 16:12:19,589 [WARN] IP:2250 - RefParam_MEMORY_1_ReadCommand not found: check if there is a RefParameter without a condition.
2025-09-02 16:12:19,589 [WARN] IP:2250 - RefParam_MEMORY_1_WrapReadCommand not found: check if there is a RefParameter without a condition.
2025-09-02 16:12:19,589 [WARN] IP:2250 - RefParam_MEMORY_1_ReadDummyCycle not found: check if there is a RefParameter without a condition.
2025-09-02 16:12:19,589 [WARN] IP:2250 - RefParam_MEMORY_1_NumberOfConfig not found: check if there is a RefParameter without a condition.
2025-09-02 16:12:19,589 [WARN] IP:2250 - RefParam_MEMORY_1_Config1_WriteMask not found: check if there is a RefParameter without a condition.
2025-09-02 16:12:19,589 [WARN] IP:2250 - RefParam_MEMORY_1_Config1_WriteValue not found: check if there is a RefParameter without a condition.
2025-09-02 16:12:19,589 [WARN] IP:2250 - RefParam_MEMORY_1_Config1_RegAddress not found: check if there is a RefParameter without a condition.
2025-09-02 16:12:19,589 [WARN] IP:2250 - RefParam_MEMORY_1_Config2_WriteMask not found: check if there is a RefParameter without a condition.
2025-09-02 16:12:19,589 [WARN] IP:2250 - RefParam_MEMORY_1_Config2_WriteValue not found: check if there is a RefParameter without a condition.
2025-09-02 16:12:19,589 [WARN] IP:2250 - RefParam_MEMORY_1_Config2_RegAddress not found: check if there is a RefParameter without a condition.
2025-09-02 16:12:19,589 [WARN] IP:2250 - RefParam_MEMORY_1_Config3_WriteMask not found: check if there is a RefParameter without a condition.
2025-09-02 16:12:19,589 [WARN] IP:2250 - RefParam_MEMORY_1_Config3_WriteValue not found: check if there is a RefParameter without a condition.
2025-09-02 16:12:19,589 [WARN] IP:2250 - RefParam_MEMORY_1_Config3_RegAddress not found: check if there is a RefParameter without a condition.
2025-09-02 16:12:19,590 [WARN] IP:2250 - RefParam_MEMORY_2_Instance not found: check if there is a RefParameter without a condition.
2025-09-02 16:12:19,590 [WARN] IP:2250 - RefParam_MEMORY_2_ConfigType not found: check if there is a RefParameter without a condition.
2025-09-02 16:12:19,590 [WARN] IP:2250 - RefParam_MEMORY_2_Size not found: check if there is a RefParameter without a condition.
2025-09-02 16:12:19,590 [WARN] IP:2250 - RefParam_MEMORY_2_FreqMax not found: check if there is a RefParameter without a condition.
2025-09-02 16:12:19,590 [WARN] IP:2250 - RefParam_MEMORY_2_ReadReg not found: check if there is a RefParameter without a condition.
2025-09-02 16:12:19,590 [WARN] IP:2250 - RefParam_MEMORY_2_WriteReg not found: check if there is a RefParameter without a condition.
2025-09-02 16:12:19,590 [WARN] IP:2250 - RefParam_MEMORY_2_RegSize not found: check if there is a RefParameter without a condition.
2025-09-02 16:12:19,590 [WARN] IP:2250 - RefParam_MEMORY_2_RegDummyCycle not found: check if there is a RefParameter without a condition.
2025-09-02 16:12:19,590 [WARN] IP:2250 - RefParam_MEMORY_2_WriteCommand not found: check if there is a RefParameter without a condition.
2025-09-02 16:12:19,590 [WARN] IP:2250 - RefParam_MEMORY_2_WriteDummyCycle not found: check if there is a RefParameter without a condition.
2025-09-02 16:12:19,590 [WARN] IP:2250 - RefParam_MEMORY_2_ReadCommand not found: check if there is a RefParameter without a condition.
2025-09-02 16:12:19,590 [WARN] IP:2250 - RefParam_MEMORY_2_WrapReadCommand not found: check if there is a RefParameter without a condition.
2025-09-02 16:12:19,590 [WARN] IP:2250 - RefParam_MEMORY_2_ReadDummyCycle not found: check if there is a RefParameter without a condition.
2025-09-02 16:12:19,590 [WARN] IP:2250 - RefParam_MEMORY_2_NumberOfConfig not found: check if there is a RefParameter without a condition.
2025-09-02 16:12:19,590 [WARN] IP:2250 - RefParam_MEMORY_2_Config1_WriteMask not found: check if there is a RefParameter without a condition.
2025-09-02 16:12:19,590 [WARN] IP:2250 - RefParam_MEMORY_2_Config1_WriteValue not found: check if there is a RefParameter without a condition.
2025-09-02 16:12:19,590 [WARN] IP:2250 - RefParam_MEMORY_2_Config1_RegAddress not found: check if there is a RefParameter without a condition.
2025-09-02 16:12:19,590 [WARN] IP:2250 - RefParam_MEMORY_2_Config2_WriteMask not found: check if there is a RefParameter without a condition.
2025-09-02 16:12:19,590 [WARN] IP:2250 - RefParam_MEMORY_2_Config2_WriteValue not found: check if there is a RefParameter without a condition.
2025-09-02 16:12:19,591 [WARN] IP:2250 - RefParam_MEMORY_2_Config2_RegAddress not found: check if there is a RefParameter without a condition.
2025-09-02 16:12:19,591 [WARN] IP:2250 - RefParam_MEMORY_2_Config3_WriteMask not found: check if there is a RefParameter without a condition.
2025-09-02 16:12:19,591 [WARN] IP:2250 - RefParam_MEMORY_2_Config3_WriteValue not found: check if there is a RefParameter without a condition.
2025-09-02 16:12:19,591 [WARN] IP:2250 - RefParam_MEMORY_2_Config3_RegAddress not found: check if there is a RefParameter without a condition.
2025-09-02 16:12:19,689 [INFO] Middleware:1452 - No code input for Bsp Dependency
2025-09-02 16:12:19,691 [INFO] Middleware:1452 - No code input for Bsp Dependency
2025-09-02 16:12:19,693 [INFO] Middleware:1452 - No code input for Bsp Dependency
2025-09-02 16:12:19,694 [INFO] Middleware:1452 - No code input for Bsp Dependency
2025-09-02 16:12:19,694 [INFO] Middleware:1452 - No code input for Bsp Dependency
2025-09-02 16:12:19,694 [INFO] IP:3329 - RTE Config file name : RTE_Component
2025-09-02 16:12:19,694 [INFO] IP:3347 - RTE template : RTE_Components.ftl
2025-09-02 16:12:19,696 [INFO] Middleware:1452 - No code input for Bsp Dependency
2025-09-02 16:12:19,697 [INFO] Middleware:1452 - No code input for Bsp Dependency
2025-09-02 16:12:19,698 [INFO] Middleware:1452 - No code input for Bsp Dependency
2025-09-02 16:12:19,699 [INFO] CodeGenerator:1619 - *******************Project context FSBL selected
2025-09-02 16:12:19,743 [INFO] CodeEngine:265 - oldGeneratedFile, C:\ST\AB_LSTM\AB_LSTM\MXTmpFiles\license.tmp_save
2025-09-02 16:12:19,956 [INFO] CodeEngine:289 - Generated code: C:\ST\AB_LSTM\AB_LSTM\MXTmpFiles\license.tmp
2025-09-02 16:12:20,004 [INFO] CodeEngine:265 - oldGeneratedFile, C:\ST\AB_LSTM\AB_LSTM\FSBL\MXTmpFiles\gpio.tmp_save
2025-09-02 16:12:20,169 [INFO] CodeEngine:289 - Generated code: C:\ST\AB_LSTM\AB_LSTM\FSBL\MXTmpFiles\gpio.tmp
2025-09-02 16:12:20,314 [WARN] IPConfigManager:103 - WARNING: Missing Config File for XSPIM ip!!
2025-09-02 16:12:20,375 [INFO] Middleware:1452 - No code input for Bsp Dependency
2025-09-02 16:12:20,385 [INFO] CodeEngine:265 - oldGeneratedFile, C:\ST\AB_LSTM\AB_LSTM\FSBL\MXTmpFiles\boot_code.tmp_save
2025-09-02 16:12:20,494 [INFO] CodeEngine:289 - Generated code: C:\ST\AB_LSTM\AB_LSTM\FSBL\MXTmpFiles\boot_code.tmp
2025-09-02 16:12:20,513 [INFO] CodeEngine:265 - oldGeneratedFile, C:\ST\AB_LSTM\AB_LSTM\FSBL\MXTmpFiles\cortex.tmp_save
2025-09-02 16:12:20,634 [INFO] CodeEngine:289 - Generated code: C:\ST\AB_LSTM\AB_LSTM\FSBL\MXTmpFiles\cortex.tmp
2025-09-02 16:12:20,649 [INFO] Middleware:1452 - No code input for Bsp Dependency
2025-09-02 16:12:20,659 [INFO] CodeEngine:265 - oldGeneratedFile, C:\ST\AB_LSTM\AB_LSTM\FSBL\Core\Inc\extmem_manager.h_save
2025-09-02 16:12:20,755 [INFO] CodeEngine:289 - Generated code: C:\ST\AB_LSTM\AB_LSTM\FSBL\Core\Inc\extmem_manager.h
2025-09-02 16:12:20,764 [INFO] CodeEngine:265 - oldGeneratedFile, C:\ST\AB_LSTM\AB_LSTM\FSBL\Core\Src\extmem_manager.c_save
2025-09-02 16:12:20,853 [INFO] CodeEngine:289 - Generated code: C:\ST\AB_LSTM\AB_LSTM\FSBL\Core\Src\extmem_manager.c
2025-09-02 16:12:20,863 [INFO] CodeEngine:265 - oldGeneratedFile, C:\ST\AB_LSTM\AB_LSTM\FSBL\Core\Inc\stm32_extmem_conf.h_save
2025-09-02 16:12:20,955 [INFO] CodeEngine:289 - Generated code: C:\ST\AB_LSTM\AB_LSTM\FSBL\Core\Inc\stm32_extmem_conf.h
2025-09-02 16:12:20,962 [INFO] CodeEngine:265 - oldGeneratedFile, C:\ST\AB_LSTM\AB_LSTM\FSBL\MXTmpFiles\boot_code.tmp_save
2025-09-02 16:12:21,004 [INFO] CodeEngine:289 - Generated code: C:\ST\AB_LSTM\AB_LSTM\FSBL\MXTmpFiles\boot_code.tmp
2025-09-02 16:12:21,033 [INFO] CodeEngine:265 - oldGeneratedFile, C:\ST\AB_LSTM\AB_LSTM\FSBL\Core\Src\stm32n6xx_it.c_save
2025-09-02 16:12:21,210 [INFO] CodeEngine:289 - Generated code: C:\ST\AB_LSTM\AB_LSTM\FSBL\Core\Src\stm32n6xx_it.c
2025-09-02 16:12:21,219 [INFO] CodeEngine:265 - oldGeneratedFile, C:\ST\AB_LSTM\AB_LSTM\FSBL\Core\Inc\stm32n6xx_it.h_save
2025-09-02 16:12:21,285 [INFO] CodeEngine:289 - Generated code: C:\ST\AB_LSTM\AB_LSTM\FSBL\Core\Inc\stm32n6xx_it.h
2025-09-02 16:12:21,401 [INFO] CodeEngine:265 - oldGeneratedFile, C:\ST\AB_LSTM\AB_LSTM\FSBL\Core\Src\stm32n6xx_hal_msp.c_save
2025-09-02 16:12:21,623 [INFO] CodeEngine:289 - Generated code: C:\ST\AB_LSTM\AB_LSTM\FSBL\Core\Src\stm32n6xx_hal_msp.c
2025-09-02 16:12:21,631 [INFO] CodeEngine:265 - oldGeneratedFile, C:\ST\AB_LSTM\AB_LSTM\FSBL\MXTmpFiles\system.tmp_save
2025-09-02 16:12:21,678 [INFO] CodeEngine:289 - Generated code: C:\ST\AB_LSTM\AB_LSTM\FSBL\MXTmpFiles\system.tmp
2025-09-02 16:12:21,692 [INFO] CodeEngine:321 - oldGeneratedFile, C:\ST\AB_LSTM\AB_LSTM\FSBL\Core\Inc\stm32n6xx_hal_conf.h_save
2025-09-02 16:12:21,804 [INFO] CodeEngine:345 - Generated code: C:\ST\AB_LSTM\AB_LSTM\FSBL\Core\Inc\stm32n6xx_hal_conf.h
2025-09-02 16:12:21,819 [WARN] IPConfigManager:3238 - Warning: the RefConfig RCC_ConfigVoltageScaling is not available in your config.xml file
2025-09-02 16:12:21,824 [WARN] IPConfigManager:3238 - Warning: the RefConfig RCC_RTC_HSEDIV is not available in your config.xml file
2025-09-02 16:12:21,831 [ERROR] ApiDbMcu:560 - Cannot parse XSPIM_Config file : file do not exist
2025-09-02 16:12:21,844 [INFO] CodeEngine:265 - oldGeneratedFile, C:\ST\AB_LSTM\AB_LSTM\FSBL\Core\Inc\main.h_save
2025-09-02 16:12:21,947 [INFO] CodeEngine:289 - Generated code: C:\ST\AB_LSTM\AB_LSTM\FSBL\Core\Inc\main.h
2025-09-02 16:12:21,956 [INFO] CodeEngine:265 - oldGeneratedFile, C:\ST\AB_LSTM\AB_LSTM\FSBL\Core\Src\main.c_save
2025-09-02 16:12:22,092 [INFO] CodeEngine:289 - Generated code: C:\ST\AB_LSTM\AB_LSTM\FSBL\Core\Src\main.c
2025-09-02 16:12:22,137 [INFO] CodeGenerator:1619 - *******************Project context Appli selected
2025-09-02 16:12:22,168 [INFO] IP:3329 - RTE Config file name : RTE_Component
2025-09-02 16:12:22,168 [INFO] IP:3347 - RTE template : RTE_Components.ftl
2025-09-02 16:12:22,177 [INFO] CodeEngine:265 - oldGeneratedFile, C:\ST\AB_LSTM\AB_LSTM\MXTmpFiles\license.tmp_save
2025-09-02 16:12:22,243 [INFO] CodeEngine:289 - Generated code: C:\ST\AB_LSTM\AB_LSTM\MXTmpFiles\license.tmp
2025-09-02 16:12:22,261 [INFO] CodeEngine:265 - oldGeneratedFile, C:\ST\AB_LSTM\AB_LSTM\Appli\MXTmpFiles\gpio.tmp_save
2025-09-02 16:12:22,332 [INFO] CodeEngine:289 - Generated code: C:\ST\AB_LSTM\AB_LSTM\Appli\MXTmpFiles\gpio.tmp
2025-09-02 16:12:22,390 [WARN] IPConfigManager:103 - WARNING: Missing Config File for NVIC ip!!
2025-09-02 16:12:22,456 [INFO] Middleware:1452 - No code input for Bsp Dependency
2025-09-02 16:12:22,456 [INFO] Middleware:1452 - No code input for Bsp Dependency
2025-09-02 16:12:22,457 [INFO] IP:3329 - RTE Config file name : RTE_Component
2025-09-02 16:12:22,457 [INFO] IP:3347 - RTE template : RTE_Components.ftl
2025-09-02 16:12:22,466 [INFO] CodeEngine:265 - oldGeneratedFile, C:\ST\AB_LSTM\AB_LSTM\Appli\MXTmpFiles\cortex.tmp_save
2025-09-02 16:12:22,529 [INFO] CodeEngine:289 - Generated code: C:\ST\AB_LSTM\AB_LSTM\Appli\MXTmpFiles\cortex.tmp
2025-09-02 16:12:22,553 [INFO] CodeEngine:265 - oldGeneratedFile, C:\ST\AB_LSTM\AB_LSTM\Appli\Core\Inc\stm32n6xx_nucleo_conf.h_save
2025-09-02 16:12:22,631 [INFO] CodeEngine:289 - Generated code: C:\ST\AB_LSTM\AB_LSTM\Appli\Core\Inc\stm32n6xx_nucleo_conf.h
2025-09-02 16:12:22,639 [INFO] CodeEngine:265 - oldGeneratedFile, C:\ST\AB_LSTM\AB_LSTM\Appli\MXTmpFiles\bsp_inc.tmp_save
2025-09-02 16:12:22,683 [INFO] CodeEngine:289 - Generated code: C:\ST\AB_LSTM\AB_LSTM\Appli\MXTmpFiles\bsp_inc.tmp
2025-09-02 16:12:22,687 [INFO] CodeEngine:265 - oldGeneratedFile, C:\ST\AB_LSTM\AB_LSTM\Appli\MXTmpFiles\bsp_common_vars.tmp_save
2025-09-02 16:12:22,718 [INFO] CodeEngine:289 - Generated code: C:\ST\AB_LSTM\AB_LSTM\Appli\MXTmpFiles\bsp_common_vars.tmp
2025-09-02 16:12:22,723 [INFO] CodeEngine:265 - oldGeneratedFile, C:\ST\AB_LSTM\AB_LSTM\Appli\MXTmpFiles\bsp_common_init.tmp_save
2025-09-02 16:12:22,755 [INFO] CodeEngine:289 - Generated code: C:\ST\AB_LSTM\AB_LSTM\Appli\MXTmpFiles\bsp_common_init.tmp
2025-09-02 16:12:22,766 [INFO] CodeEngine:265 - oldGeneratedFile, C:\ST\AB_LSTM\AB_LSTM\Appli\MXTmpFiles\bsp_common_demo_before_while.tmp_save
2025-09-02 16:12:22,795 [INFO] CodeEngine:289 - Generated code: C:\ST\AB_LSTM\AB_LSTM\Appli\MXTmpFiles\bsp_common_demo_before_while.tmp
2025-09-02 16:12:22,800 [INFO] CodeEngine:265 - oldGeneratedFile, C:\ST\AB_LSTM\AB_LSTM\Appli\MXTmpFiles\bsp_common_demo_inside_while.tmp_save
2025-09-02 16:12:22,834 [INFO] CodeEngine:289 - Generated code: C:\ST\AB_LSTM\AB_LSTM\Appli\MXTmpFiles\bsp_common_demo_inside_while.tmp
2025-09-02 16:12:22,837 [INFO] CodeEngine:265 - oldGeneratedFile, C:\ST\AB_LSTM\AB_LSTM\Appli\MXTmpFiles\bsp_common_demo_fct.tmp_save
2025-09-02 16:12:22,874 [INFO] CodeEngine:289 - Generated code: C:\ST\AB_LSTM\AB_LSTM\Appli\MXTmpFiles\bsp_common_demo_fct.tmp
2025-09-02 16:12:22,878 [INFO] Middleware:1452 - No code input for Bsp Dependency
2025-09-02 16:12:22,878 [INFO] Middleware:1452 - No code input for Bsp Dependency
2025-09-02 16:12:22,878 [INFO] IP:3329 - RTE Config file name : RTE_Component
2025-09-02 16:12:22,878 [INFO] IP:3347 - RTE template : RTE_Components.ftl
2025-09-02 16:12:22,886 [INFO] CodeEngine:265 - oldGeneratedFile, C:\ST\AB_LSTM\AB_LSTM\Appli\X-CUBE-AI\App\app_x-cube-ai.h_save
2025-09-02 16:12:22,963 [INFO] CodeEngine:289 - Generated code: C:\ST\AB_LSTM\AB_LSTM\Appli\X-CUBE-AI\App\app_x-cube-ai.h
2025-09-02 16:12:22,969 [INFO] CodeEngine:265 - oldGeneratedFile, C:\ST\AB_LSTM\AB_LSTM\Appli\X-CUBE-AI\constants_ai.h_save
2025-09-02 16:12:23,017 [INFO] CodeEngine:289 - Generated code: C:\ST\AB_LSTM\AB_LSTM\Appli\X-CUBE-AI\constants_ai.h
2025-09-02 16:12:23,021 [INFO] CodeEngine:265 - oldGeneratedFile, C:\ST\AB_LSTM\AB_LSTM\Appli\X-CUBE-AI\App\app_x-cube-ai.c_save
2025-09-02 16:12:23,085 [INFO] CodeEngine:289 - Generated code: C:\ST\AB_LSTM\AB_LSTM\Appli\X-CUBE-AI\App\app_x-cube-ai.c
2025-09-02 16:12:23,119 [INFO] CodeEngine:265 - oldGeneratedFile, C:\ST\AB_LSTM\AB_LSTM\Appli\Core\Src\stm32n6xx_it.c_save
2025-09-02 16:12:23,266 [INFO] CodeEngine:289 - Generated code: C:\ST\AB_LSTM\AB_LSTM\Appli\Core\Src\stm32n6xx_it.c
2025-09-02 16:12:23,277 [INFO] CodeEngine:265 - oldGeneratedFile, C:\ST\AB_LSTM\AB_LSTM\Appli\Core\Inc\stm32n6xx_it.h_save
2025-09-02 16:12:23,329 [INFO] CodeEngine:289 - Generated code: C:\ST\AB_LSTM\AB_LSTM\Appli\Core\Inc\stm32n6xx_it.h
2025-09-02 16:12:23,333 [INFO] IP:3329 - RTE Config file name : RTE_Component
2025-09-02 16:12:23,334 [INFO] IP:3347 - RTE template : RTE_Components.ftl
2025-09-02 16:12:23,334 [INFO] CodeGenerator:2312 - Add RTE Code Input 
2025-09-02 16:12:23,341 [INFO] CodeEngine:265 - oldGeneratedFile, C:\ST\AB_LSTM\AB_LSTM\Appli\Core\Inc\RTE_Components.h_save
2025-09-02 16:12:23,426 [INFO] CodeEngine:289 - Generated code: C:\ST\AB_LSTM\AB_LSTM\Appli\Core\Inc\RTE_Components.h
2025-09-02 16:12:23,438 [INFO] CodeEngine:265 - oldGeneratedFile, C:\ST\AB_LSTM\AB_LSTM\Appli\MXTmpFiles\RIFInit.tmp_save
2025-09-02 16:12:23,508 [INFO] CodeEngine:289 - Generated code: C:\ST\AB_LSTM\AB_LSTM\Appli\MXTmpFiles\RIFInit.tmp
2025-09-02 16:12:23,561 [INFO] CodeEngine:265 - oldGeneratedFile, C:\ST\AB_LSTM\AB_LSTM\Appli\Core\Src\stm32n6xx_hal_msp.c_save
2025-09-02 16:12:23,705 [INFO] CodeEngine:289 - Generated code: C:\ST\AB_LSTM\AB_LSTM\Appli\Core\Src\stm32n6xx_hal_msp.c
2025-09-02 16:12:23,709 [INFO] CodeEngine:265 - oldGeneratedFile, C:\ST\AB_LSTM\AB_LSTM\Appli\MXTmpFiles\system.tmp_save
2025-09-02 16:12:23,740 [INFO] CodeEngine:289 - Generated code: C:\ST\AB_LSTM\AB_LSTM\Appli\MXTmpFiles\system.tmp
2025-09-02 16:12:23,750 [INFO] CodeEngine:321 - oldGeneratedFile, C:\ST\AB_LSTM\AB_LSTM\Appli\Core\Inc\stm32n6xx_hal_conf.h_save
2025-09-02 16:12:23,839 [INFO] CodeEngine:345 - Generated code: C:\ST\AB_LSTM\AB_LSTM\Appli\Core\Inc\stm32n6xx_hal_conf.h
2025-09-02 16:12:23,853 [WARN] IPConfigManager:3238 - Warning: the RefConfig RCC_ConfigVoltageScaling is not available in your config.xml file
2025-09-02 16:12:23,854 [WARN] IPConfigManager:3238 - Warning: the RefConfig RCC_RTC_HSEDIV is not available in your config.xml file
2025-09-02 16:12:23,862 [WARN] IPConfigManager:3811 - IP not found : TIM
2025-09-02 16:12:23,864 [WARN] CodeGenerator:4259 - IP not found : null
2025-09-02 16:12:23,871 [INFO] CodeEngine:265 - oldGeneratedFile, C:\ST\AB_LSTM\AB_LSTM\Appli\Core\Inc\main.h_save
2025-09-02 16:12:23,968 [INFO] CodeEngine:289 - Generated code: C:\ST\AB_LSTM\AB_LSTM\Appli\Core\Inc\main.h
2025-09-02 16:12:23,974 [INFO] CodeEngine:265 - oldGeneratedFile, C:\ST\AB_LSTM\AB_LSTM\Appli\Core\Src\main.c_save
2025-09-02 16:12:24,125 [INFO] CodeEngine:289 - Generated code: C:\ST\AB_LSTM\AB_LSTM\Appli\Core\Src\main.c
2025-09-02 16:12:24,142 [INFO] CodeEngine:265 - oldGeneratedFile, C:\ST\AB_LSTM\AB_LSTM\Appli\Core\Src\secure_nsc.c_save
2025-09-02 16:12:24,226 [INFO] CodeEngine:289 - Generated code: C:\ST\AB_LSTM\AB_LSTM\Appli\Core\Src\secure_nsc.c
2025-09-02 16:12:24,234 [INFO] CodeEngine:265 - oldGeneratedFile, C:\ST\AB_LSTM\AB_LSTM\Appli\Core\Inc\partition_stm32n657xx.h_save
2025-09-02 16:12:24,318 [INFO] CodeEngine:289 - Generated code: C:\ST\AB_LSTM\AB_LSTM\Appli\Core\Inc\partition_stm32n657xx.h
2025-09-02 16:12:24,324 [INFO] CodeEngine:265 - oldGeneratedFile, C:\ST\AB_LSTM\AB_LSTM\Secure_nsclib\secure_nsc.h_save
2025-09-02 16:12:24,373 [INFO] CodeEngine:289 - Generated code: C:\ST\AB_LSTM\AB_LSTM\Secure_nsclib\secure_nsc.h
2025-09-02 16:12:24,418 [INFO] CodeGenerator:1707 - *******************Project context ExtMemLoader Not selected
2025-09-02 16:12:25,505 [INFO] AInterface:322 - ModelName:network; files:[C:\Users\ZOJOLDRI\OneDrive - Carl Zeiss AG\Dokumente\Zeiss\SMT\Bachelor\AB Encoder Model\AB_Encoder_Synthetic_Data\lstm_ab_encoder.h5]; type:Keras; compression:None
2025-09-02 16:12:25,506 [INFO] AInterface:526 - workspaceTempDir: C:/Users/ZOJOLDRI/AppData/Local/Temp/mxAI_workspace105658249837110013246763130891774472
2025-09-02 16:12:25,506 [INFO] AInterface:1176 - Setting Env: C:/Users/ZOJOLDRI/STM32Cube/Repository/Packs/STMicroelectronics/X-CUBE-AI/10.2.0/Utilities/windows
2025-09-02 16:12:25,513 [INFO] STM32CubeIDEBuilder:265 - Looking for gnu-tools-for-stm32 tools/bin/arm-none-eabi-gcc.exe in C:\ST\STM32CubeIDE_1.19.0\STM32CubeIDE
2025-09-02 16:12:25,515 [INFO] STM32CubeIDEBuilder:294 - checking C:\ST\STM32CubeIDE_1.19.0\STM32CubeIDE\plugins\com.st.stm32cube.ide.mcu.externaltools.gnu-tools-for-stm32.13.3.rel1.win32_1.0.0.202411081344\tools\bin\arm-none-eabi-gcc.exe
2025-09-02 16:12:25,515 [INFO] STM32CubeIDEBuilder:297 - ret=C:\ST\STM32CubeIDE_1.19.0\STM32CubeIDE\plugins\com.st.stm32cube.ide.mcu.externaltools.gnu-tools-for-stm32.13.3.rel1.win32_1.0.0.202411081344\tools\bin\arm-none-eabi-gcc.exe
2025-09-02 16:12:25,515 [INFO] STM32CubeIDEBuilder:311 - returning C:\ST\STM32CubeIDE_1.19.0\STM32CubeIDE\plugins\com.st.stm32cube.ide.mcu.externaltools.gnu-tools-for-stm32.13.3.rel1.win32_1.0.0.202411081344\tools\bin\arm-none-eabi-gcc.exe
2025-09-02 16:12:25,515 [INFO] AInterface:1233 - Custom PATH variable: C:/Users/ZOJOLDRI/STM32Cube/Repository/Packs/STMicroelectronics/X-CUBE-AI/10.2.0/Utilities/windows;C:/Users/ZOJOLDRI/STM32Cube/Repository/Packs/STMicroelectronics/X-CUBE-AI/10.2.0/Utilities/windows/mingw64/bin;C:/Users/ZOJOLDRI/STM32Cube/Repository/Packs/STMicroelectronics/X-CUBE-AI/10.2.0/Utilities/windows/mingw64/libexec/gcc/x86_64-w64-mingw32/7.3.0;;C:\ST\STM32CubeIDE_1.19.0\STM32CubeIDE\plugins\com.st.stm32cube.ide.mcu.externaltools.gnu-tools-for-stm32.13.3.rel1.win32_1.0.0.202411081344\tools\bin
2025-09-02 16:12:25,518 [INFO] CmdLine:115 - Command: C:/Users/ZOJOLDRI/STM32Cube/Repository/Packs/STMicroelectronics/X-CUBE-AI/10.2.0/Utilities/windows/stedgeai.exe generate --target stm32n6 --name network -m C:/Users/ZOJOLDRI/OneDrive - Carl Zeiss AG/Dokumente/Zeiss/SMT/Bachelor/AB Encoder Model/AB_Encoder_Synthetic_Data/lstm_ab_encoder.h5 --compression none --verbosity 1 --workspace C:/Users/ZOJOLDRI/AppData/Local/Temp/mxAI_workspace105658249837110013246763130891774472 --output C:/Users/ZOJOLDRI/.stm32cubemx/network_output
2025-09-02 16:12:25,518 [INFO] AIModelDetailledView:2380 - Analysis status: pending
2025-09-02 16:12:26,627 [INFO] CmdLine:76 - ST Edge AI Core v2.2.0-20266 2adc00962
2025-09-02 16:12:31,832 [INFO] CmdLine:76 - Creating c (debug) info json file C:\Users\ZOJOLDRI\.stm32cubemx\network_output\network_c_info.json
2025-09-02 16:12:31,844 [INFO] CmdLine:76 -  
2025-09-02 16:12:31,844 [INFO] CmdLine:76 -  Exec/report summary (generate)
2025-09-02 16:12:31,844 [INFO] CmdLine:76 -  ---------------------------------------------------------------------------------------------------------------------------------------------------------------
2025-09-02 16:12:31,844 [INFO] CmdLine:76 -  model file         :   C:\Users\ZOJOLDRI\OneDrive - Carl Zeiss AG\Dokumente\Zeiss\SMT\Bachelor\AB Encoder Model\AB_Encoder_Synthetic_Data\lstm_ab_encoder.h5   
2025-09-02 16:12:31,845 [INFO] CmdLine:76 -  type               :   keras                                                                                                                                   
2025-09-02 16:12:31,845 [INFO] CmdLine:76 -  c_name             :   network                                                                                                                                 
2025-09-02 16:12:31,845 [INFO] CmdLine:76 -  compression        :   none                                                                                                                                    
2025-09-02 16:12:31,845 [INFO] CmdLine:76 -  options            :   allocate-inputs, allocate-outputs                                                                                                       
2025-09-02 16:12:31,845 [INFO] CmdLine:76 -  optimization       :   balanced                                                                                                                                
2025-09-02 16:12:31,845 [INFO] CmdLine:76 -  target/series      :   stm32n6                                                                                                                                 
2025-09-02 16:12:31,845 [INFO] CmdLine:76 -  workspace dir      :   C:\Users\ZOJOLDRI\AppData\Local\Temp\mxAI_workspace105658249837110013246763130891774472                                                 
2025-09-02 16:12:31,846 [INFO] CmdLine:76 -  output dir         :   C:\Users\ZOJOLDRI\.stm32cubemx\network_output                                                                                           
2025-09-02 16:12:31,846 [INFO] CmdLine:76 -  model_fmt          :   float                                                                                                                                   
2025-09-02 16:12:31,847 [INFO] CmdLine:76 -  model_name         :   lstm_ab_encoder                                                                                                                         
2025-09-02 16:12:31,847 [INFO] CmdLine:76 -  model_hash         :   0xb9e6d1f2f93291781e52f63e3d49d785                                                                                                      
2025-09-02 16:12:31,847 [INFO] CmdLine:76 -  params #           :   6,083 items (23.76 KiB)                                                                                                                 
2025-09-02 16:12:31,847 [INFO] CmdLine:76 -  ---------------------------------------------------------------------------------------------------------------------------------------------------------------
2025-09-02 16:12:31,847 [INFO] CmdLine:76 -  input 1/1          :   'input_0', f32(1x20x10), 800 Bytes, activations                                                                                         
2025-09-02 16:12:31,847 [INFO] CmdLine:76 -  output 1/1         :   'output', f32(1x3), 12 Bytes, activations                                                                                               
2025-09-02 16:12:31,847 [INFO] CmdLine:76 -  macc               :   111,360                                                                                                                                 
2025-09-02 16:12:31,847 [INFO] CmdLine:76 -  weights (ro)       :   24,716 B (24.14 KiB) (1 segment) / +384(+1.6%) vs float model                                                                           
2025-09-02 16:12:31,848 [INFO] CmdLine:76 -  activations (rw)   :   1,824 B (1.78 KiB) (1 segment) *                                                                                                        
2025-09-02 16:12:31,848 [INFO] CmdLine:76 -  ram (total)        :   1,824 B (1.78 KiB) = 1,824 + 0 + 0                                                                                                      
2025-09-02 16:12:31,848 [INFO] CmdLine:76 -  ---------------------------------------------------------------------------------------------------------------------------------------------------------------
2025-09-02 16:12:31,848 [INFO] CmdLine:76 -  (*) 'input'/'output' buffers are allocated in the activations buffer
2025-09-02 16:12:31,848 [INFO] CmdLine:76 - Computing AI RT data/code size (target=stm32n6)..
2025-09-02 16:12:36,702 [INFO] CmdLine:76 -  Requested memory size by section - "stm32n6" target
2025-09-02 16:12:36,703 [INFO] CmdLine:76 -  ------------------------------- -------- -------- ------- -------
2025-09-02 16:12:36,703 [INFO] CmdLine:76 -  module                              text   rodata    data     bss
2025-09-02 16:12:36,703 [INFO] CmdLine:76 -  ------------------------------- -------- -------- ------- -------
2025-09-02 16:12:36,703 [INFO] CmdLine:76 -  NetworkRuntime1020_CM55_GCC.a     15,800       32       0       0
2025-09-02 16:12:36,703 [INFO] CmdLine:76 -  network.o                            592       40   1,888     136
2025-09-02 16:12:36,703 [INFO] CmdLine:76 -  network_data.o                        48       16      88       0
2025-09-02 16:12:36,703 [INFO] CmdLine:76 -  lib (toolchain)*                   1,132      340       0       0
2025-09-02 16:12:36,704 [INFO] CmdLine:76 -  ------------------------------- -------- -------- ------- -------
2025-09-02 16:12:36,704 [INFO] CmdLine:76 -  RT total**                        17,572      428   1,976     136
2025-09-02 16:12:36,704 [INFO] CmdLine:76 -  ------------------------------- -------- -------- ------- -------
2025-09-02 16:12:36,704 [INFO] CmdLine:76 -  weights                                0   24,720       0       0
2025-09-02 16:12:36,704 [INFO] CmdLine:76 -  activations                            0        0       0   1,824
2025-09-02 16:12:36,705 [INFO] CmdLine:76 -  io                                     0        0       0       0
2025-09-02 16:12:36,705 [INFO] CmdLine:76 -  ------------------------------- -------- -------- ------- -------
2025-09-02 16:12:36,705 [INFO] CmdLine:76 -  TOTAL                             17,572   25,148   1,976   1,960
2025-09-02 16:12:36,705 [INFO] CmdLine:76 -  ------------------------------- -------- -------- ------- -------
2025-09-02 16:12:36,705 [INFO] CmdLine:76 -  *  toolchain objects (libm/libgcc*)
2025-09-02 16:12:36,705 [INFO] CmdLine:76 -  ** RT AI runtime objects (kernels+infrastructure)
2025-09-02 16:12:36,705 [INFO] CmdLine:76 -   Summary - "stm32n6" target
2025-09-02 16:12:36,705 [INFO] CmdLine:76 -   ---------------------------------------------------
2025-09-02 16:12:36,706 [INFO] CmdLine:76 -                FLASH (ro)      %*   RAM (rw)       %
2025-09-02 16:12:36,706 [INFO] CmdLine:76 -   ---------------------------------------------------
2025-09-02 16:12:36,706 [INFO] CmdLine:76 -   RT total         19,976   44.7%      2,112   53.7%
2025-09-02 16:12:36,706 [INFO] CmdLine:76 -   ---------------------------------------------------
2025-09-02 16:12:36,706 [INFO] CmdLine:76 -   TOTAL            44,696              3,936
2025-09-02 16:12:36,706 [INFO] CmdLine:76 -   ---------------------------------------------------
2025-09-02 16:12:36,706 [INFO] CmdLine:76 -   *  rt/total
2025-09-02 16:12:36,706 [INFO] CmdLine:76 -  Generated files (7)
2025-09-02 16:12:36,706 [INFO] CmdLine:76 -  ---------------------------------------------------------------------
2025-09-02 16:12:36,706 [INFO] CmdLine:76 -  C:\Users\ZOJOLDRI\.stm32cubemx\network_output\network_data_params.h
2025-09-02 16:12:36,706 [INFO] CmdLine:76 -  C:\Users\ZOJOLDRI\.stm32cubemx\network_output\network_data_params.c
2025-09-02 16:12:36,706 [INFO] CmdLine:76 -  C:\Users\ZOJOLDRI\.stm32cubemx\network_output\network_data.h
2025-09-02 16:12:36,707 [INFO] CmdLine:76 -  C:\Users\ZOJOLDRI\.stm32cubemx\network_output\network_data.c
2025-09-02 16:12:36,707 [INFO] CmdLine:76 -  C:\Users\ZOJOLDRI\.stm32cubemx\network_output\network_config.h
2025-09-02 16:12:36,707 [INFO] CmdLine:76 -  C:\Users\ZOJOLDRI\.stm32cubemx\network_output\network.h
2025-09-02 16:12:36,707 [INFO] CmdLine:76 -  C:\Users\ZOJOLDRI\.stm32cubemx\network_output\network.c
2025-09-02 16:12:36,707 [INFO] CmdLine:76 - Creating txt report file C:\Users\ZOJOLDRI\.stm32cubemx\network_output\network_generate_report.txt
2025-09-02 16:12:40,824 [INFO] CmdLine:76 - elapsed time (generate): 14.197s
2025-09-02 16:12:41,182 [INFO] CmdLine:148 - stedgeai exit with status: 0
2025-09-02 16:12:41,193 [INFO] AIModelDetailledView:2380 - Analysis status: done
2025-09-02 16:12:41,941 [INFO] ProjectBuilder:3606 - Time for Copy HAL[1] : 346mS.
2025-09-02 16:12:41,942 [ERROR] Middleware:2950 - Invalid RefComponent list
2025-09-02 16:12:41,942 [ERROR] Middleware:2950 - Invalid RefComponent list
2025-09-02 16:12:41,942 [ERROR] Middleware:2950 - Invalid RefComponent list
2025-09-02 16:12:41,942 [ERROR] Middleware:2950 - Invalid RefComponent list
2025-09-02 16:12:41,942 [ERROR] Middleware:2950 - Invalid RefComponent list
2025-09-02 16:12:41,942 [ERROR] Middleware:2950 - Invalid RefComponent list
2025-09-02 16:12:41,942 [ERROR] Middleware:2950 - Invalid RefComponent list
2025-09-02 16:12:41,942 [ERROR] Middleware:2950 - Invalid RefComponent list
2025-09-02 16:12:41,942 [ERROR] Middleware:2950 - Invalid RefComponent list
2025-09-02 16:12:41,942 [ERROR] Middleware:2950 - Invalid RefComponent list
2025-09-02 16:12:41,942 [ERROR] Middleware:2950 - Invalid RefComponent list
2025-09-02 16:12:41,942 [ERROR] Middleware:2950 - Invalid RefComponent list
2025-09-02 16:12:41,942 [ERROR] Middleware:2950 - Invalid RefComponent list
2025-09-02 16:12:41,942 [ERROR] Middleware:2950 - Invalid RefComponent list
2025-09-02 16:12:41,942 [ERROR] Middleware:2950 - Invalid RefComponent list
2025-09-02 16:12:41,942 [ERROR] Middleware:2950 - Invalid RefComponent list
2025-09-02 16:12:41,942 [ERROR] Middleware:2950 - Invalid RefComponent list
2025-09-02 16:12:41,942 [ERROR] Middleware:2950 - Invalid RefComponent list
2025-09-02 16:12:41,942 [ERROR] Middleware:2950 - Invalid RefComponent list
2025-09-02 16:12:41,942 [ERROR] Middleware:2950 - Invalid RefComponent list
2025-09-02 16:12:41,942 [ERROR] Middleware:2950 - Invalid RefComponent list
2025-09-02 16:12:41,942 [ERROR] Middleware:2950 - Invalid RefComponent list
2025-09-02 16:12:41,942 [ERROR] Middleware:2950 - Invalid RefComponent list
2025-09-02 16:12:41,942 [ERROR] Middleware:2950 - Invalid RefComponent list
2025-09-02 16:12:41,942 [ERROR] Middleware:2950 - Invalid RefComponent list
2025-09-02 16:12:41,942 [ERROR] Middleware:2950 - Invalid RefComponent list
2025-09-02 16:12:41,942 [ERROR] Middleware:2950 - Invalid RefComponent list
2025-09-02 16:12:41,942 [ERROR] Middleware:2950 - Invalid RefComponent list
2025-09-02 16:12:41,942 [ERROR] Middleware:2950 - Invalid RefComponent list
2025-09-02 16:12:41,942 [ERROR] Middleware:2950 - Invalid RefComponent list
2025-09-02 16:12:41,942 [ERROR] Middleware:2950 - Invalid RefComponent list
2025-09-02 16:12:41,942 [ERROR] Middleware:2950 - Invalid RefComponent list
2025-09-02 16:12:41,942 [ERROR] Middleware:2950 - Invalid RefComponent list
2025-09-02 16:12:41,942 [ERROR] Middleware:2950 - Invalid RefComponent list
2025-09-02 16:12:41,942 [ERROR] Middleware:2950 - Invalid RefComponent list
2025-09-02 16:12:41,942 [ERROR] Middleware:2950 - Invalid RefComponent list
2025-09-02 16:12:41,942 [ERROR] Middleware:2950 - Invalid RefComponent list
2025-09-02 16:12:41,942 [ERROR] Middleware:2950 - Invalid RefComponent list
2025-09-02 16:12:41,942 [ERROR] Middleware:2950 - Invalid RefComponent list
2025-09-02 16:12:41,942 [ERROR] Middleware:2950 - Invalid RefComponent list
2025-09-02 16:12:41,942 [ERROR] Middleware:2950 - Invalid RefComponent list
2025-09-02 16:12:41,942 [ERROR] Middleware:2950 - Invalid RefComponent list
2025-09-02 16:12:41,942 [ERROR] Middleware:2950 - Invalid RefComponent list
2025-09-02 16:12:41,942 [ERROR] Middleware:2950 - Invalid RefComponent list
2025-09-02 16:12:41,942 [ERROR] Middleware:2950 - Invalid RefComponent list
2025-09-02 16:12:41,942 [ERROR] Middleware:2950 - Invalid RefComponent list
2025-09-02 16:12:41,942 [ERROR] Middleware:2950 - Invalid RefComponent list
2025-09-02 16:12:41,942 [ERROR] Middleware:2950 - Invalid RefComponent list
2025-09-02 16:12:41,942 [ERROR] Middleware:2950 - Invalid RefComponent list
2025-09-02 16:12:41,943 [ERROR] Middleware:2950 - Invalid RefComponent list
2025-09-02 16:12:41,943 [ERROR] Middleware:2950 - Invalid RefComponent list
2025-09-02 16:12:41,943 [ERROR] Middleware:2950 - Invalid RefComponent list
2025-09-02 16:12:41,943 [ERROR] Middleware:2950 - Invalid RefComponent list
2025-09-02 16:12:41,943 [ERROR] Middleware:2950 - Invalid RefComponent list
2025-09-02 16:12:41,943 [ERROR] Middleware:2950 - Invalid RefComponent list
2025-09-02 16:12:41,943 [ERROR] Middleware:2950 - Invalid RefComponent list
2025-09-02 16:12:41,943 [ERROR] Middleware:2950 - Invalid RefComponent list
2025-09-02 16:12:41,943 [ERROR] Middleware:2950 - Invalid RefComponent list
2025-09-02 16:12:41,943 [ERROR] Middleware:2950 - Invalid RefComponent list
2025-09-02 16:12:41,943 [ERROR] Middleware:2950 - Invalid RefComponent list
2025-09-02 16:12:41,943 [ERROR] Middleware:2950 - Invalid RefComponent list
2025-09-02 16:12:41,943 [ERROR] Middleware:2950 - Invalid RefComponent list
2025-09-02 16:12:41,943 [ERROR] Middleware:2950 - Invalid RefComponent list
2025-09-02 16:12:41,943 [ERROR] Middleware:2950 - Invalid RefComponent list
2025-09-02 16:12:41,943 [ERROR] Middleware:2950 - Invalid RefComponent list
2025-09-02 16:12:41,943 [ERROR] Middleware:2950 - Invalid RefComponent list
2025-09-02 16:12:41,943 [ERROR] Middleware:2950 - Invalid RefComponent list
2025-09-02 16:12:41,943 [ERROR] Middleware:2950 - Invalid RefComponent list
2025-09-02 16:12:41,943 [ERROR] Middleware:2950 - Invalid RefComponent list
2025-09-02 16:12:41,943 [ERROR] Middleware:2950 - Invalid RefComponent list
2025-09-02 16:12:41,958 [INFO] ProjectBuilder:5216 - Project Generator version: 4.7.0-B52
2025-09-02 16:12:41,998 [INFO] ConfigFileManager:1595 - The Die is : DIE486
2025-09-02 16:12:48,143 [INFO] ProjectBuilder:5056 - Time for Generating toolchain IDE Files: 6185mS.
2025-09-02 16:12:48,145 [INFO] ProjectBuilder:3463 - Time for Copy CMSIS : 1mS.
2025-09-02 16:12:48,155 [INFO] ProjectBuilder:3463 - Time for Copy CMSIS : 0mS.
2025-09-02 16:59:35,623 [INFO] UtilMem:75 - End SaveConfig() Used Memory: 916711464 Bytes (1073741824)
2025-09-02 16:59:36,990 [ERROR] IocParser:95 - Exception caught: null
2025-09-02 16:59:37,720 [INFO] UtilMem:75 - End SaveConfig() Used Memory: 957079592 Bytes (1073741824)
2025-09-02 16:59:38,596 [ERROR] IocParser:95 - Exception caught: null
2025-09-02 17:00:13,914 [INFO] UtilMem:75 - End SaveConfig() Used Memory: 697923352 Bytes (1073741824)
2025-09-02 17:00:15,143 [INFO] BlockDiagram:2775 - set Specific Code input for plugin: EXTMEM_MANAGER
2025-09-02 17:00:15,143 [INFO] BlockDiagram:2775 - set Specific Code input for plugin: RAMCFG
2025-09-02 17:00:15,143 [INFO] BlockDiagram:2775 - set Specific Code input for plugin: RCC
2025-09-02 17:00:15,143 [INFO] BlockDiagram:2775 - set Specific Code input for plugin: CORTEX_M55_FSBL
2025-09-02 17:00:15,143 [INFO] BlockDiagram:2775 - set Specific Code input for plugin: XSPIM
2025-09-02 17:00:15,143 [INFO] BlockDiagram:2775 - set Specific Code input for plugin: STMicroelectronics.X-CUBE-AI.10.2.0
2025-09-02 17:00:15,143 [INFO] BlockDiagram:2775 - set Specific Code input for plugin: XSPI
2025-09-02 17:00:15,143 [INFO] BlockDiagram:2775 - set Specific Code input for plugin: NUCLEO-N657X0-Q
2025-09-02 17:00:15,143 [INFO] BlockDiagram:2775 - set Specific Code input for plugin: TIM1_8N6
2025-09-02 17:00:15,143 [INFO] BlockDiagram:2775 - set Specific Code input for plugin: CACHEAXI
2025-09-02 17:00:15,143 [INFO] BlockDiagram:2775 - set Specific Code input for plugin: BSEC
2025-09-02 17:00:15,143 [INFO] BlockDiagram:2775 - set Specific Code input for plugin: LPUART
2025-09-02 17:00:15,143 [INFO] BlockDiagram:2775 - set Specific Code input for plugin: NVIC
2025-09-02 17:00:15,144 [INFO] BlockDiagram:2775 - set Specific Code input for plugin: GPIO
2025-09-02 17:00:15,144 [INFO] BlockDiagram:2775 - set Specific Code input for plugin: RIF
2025-09-02 17:00:15,144 [INFO] BlockDiagram:2775 - set Specific Code input for plugin: NVIC1
2025-09-02 17:00:15,146 [INFO] CodeGenerator:892 - code generatio: config db path: C:\ST\STM32CubeIDE_1.19.0\STM32CubeIDE\plugins\com.st.stm32cube.common.mx_6.15.0.202507011659\\db\
2025-09-02 17:00:15,160 [WARN] IP:2250 - RefParam_XIP_memory not found: check if there is a RefParameter without a condition.
2025-09-02 17:00:15,160 [WARN] IP:2250 - RefParam_MEMORY_1_Size not found: check if there is a RefParameter without a condition.
2025-09-02 17:00:15,160 [WARN] IP:2250 - RefParam_MEMORY_1_FreqMax not found: check if there is a RefParameter without a condition.
2025-09-02 17:00:15,160 [WARN] IP:2250 - RefParam_MEMORY_1_ReadReg not found: check if there is a RefParameter without a condition.
2025-09-02 17:00:15,160 [WARN] IP:2250 - RefParam_MEMORY_1_WriteReg not found: check if there is a RefParameter without a condition.
2025-09-02 17:00:15,160 [WARN] IP:2250 - RefParam_MEMORY_1_RegSize not found: check if there is a RefParameter without a condition.
2025-09-02 17:00:15,160 [WARN] IP:2250 - RefParam_MEMORY_1_RegDummyCycle not found: check if there is a RefParameter without a condition.
2025-09-02 17:00:15,160 [WARN] IP:2250 - RefParam_MEMORY_1_WriteCommand not found: check if there is a RefParameter without a condition.
2025-09-02 17:00:15,161 [WARN] IP:2250 - RefParam_MEMORY_1_WriteDummyCycle not found: check if there is a RefParameter without a condition.
2025-09-02 17:00:15,161 [WARN] IP:2250 - RefParam_MEMORY_1_ReadCommand not found: check if there is a RefParameter without a condition.
2025-09-02 17:00:15,161 [WARN] IP:2250 - RefParam_MEMORY_1_WrapReadCommand not found: check if there is a RefParameter without a condition.
2025-09-02 17:00:15,161 [WARN] IP:2250 - RefParam_MEMORY_1_ReadDummyCycle not found: check if there is a RefParameter without a condition.
2025-09-02 17:00:15,161 [WARN] IP:2250 - RefParam_MEMORY_1_NumberOfConfig not found: check if there is a RefParameter without a condition.
2025-09-02 17:00:15,161 [WARN] IP:2250 - RefParam_MEMORY_1_Config1_WriteMask not found: check if there is a RefParameter without a condition.
2025-09-02 17:00:15,161 [WARN] IP:2250 - RefParam_MEMORY_1_Config1_WriteValue not found: check if there is a RefParameter without a condition.
2025-09-02 17:00:15,161 [WARN] IP:2250 - RefParam_MEMORY_1_Config1_RegAddress not found: check if there is a RefParameter without a condition.
2025-09-02 17:00:15,161 [WARN] IP:2250 - RefParam_MEMORY_1_Config2_WriteMask not found: check if there is a RefParameter without a condition.
2025-09-02 17:00:15,161 [WARN] IP:2250 - RefParam_MEMORY_1_Config2_WriteValue not found: check if there is a RefParameter without a condition.
2025-09-02 17:00:15,161 [WARN] IP:2250 - RefParam_MEMORY_1_Config2_RegAddress not found: check if there is a RefParameter without a condition.
2025-09-02 17:00:15,161 [WARN] IP:2250 - RefParam_MEMORY_1_Config3_WriteMask not found: check if there is a RefParameter without a condition.
2025-09-02 17:00:15,161 [WARN] IP:2250 - RefParam_MEMORY_1_Config3_WriteValue not found: check if there is a RefParameter without a condition.
2025-09-02 17:00:15,161 [WARN] IP:2250 - RefParam_MEMORY_1_Config3_RegAddress not found: check if there is a RefParameter without a condition.
2025-09-02 17:00:15,162 [WARN] IP:2250 - RefParam_MEMORY_2_Instance not found: check if there is a RefParameter without a condition.
2025-09-02 17:00:15,162 [WARN] IP:2250 - RefParam_MEMORY_2_ConfigType not found: check if there is a RefParameter without a condition.
2025-09-02 17:00:15,162 [WARN] IP:2250 - RefParam_MEMORY_2_Size not found: check if there is a RefParameter without a condition.
2025-09-02 17:00:15,162 [WARN] IP:2250 - RefParam_MEMORY_2_FreqMax not found: check if there is a RefParameter without a condition.
2025-09-02 17:00:15,162 [WARN] IP:2250 - RefParam_MEMORY_2_ReadReg not found: check if there is a RefParameter without a condition.
2025-09-02 17:00:15,162 [WARN] IP:2250 - RefParam_MEMORY_2_WriteReg not found: check if there is a RefParameter without a condition.
2025-09-02 17:00:15,162 [WARN] IP:2250 - RefParam_MEMORY_2_RegSize not found: check if there is a RefParameter without a condition.
2025-09-02 17:00:15,162 [WARN] IP:2250 - RefParam_MEMORY_2_RegDummyCycle not found: check if there is a RefParameter without a condition.
2025-09-02 17:00:15,162 [WARN] IP:2250 - RefParam_MEMORY_2_WriteCommand not found: check if there is a RefParameter without a condition.
2025-09-02 17:00:15,162 [WARN] IP:2250 - RefParam_MEMORY_2_WriteDummyCycle not found: check if there is a RefParameter without a condition.
2025-09-02 17:00:15,162 [WARN] IP:2250 - RefParam_MEMORY_2_ReadCommand not found: check if there is a RefParameter without a condition.
2025-09-02 17:00:15,162 [WARN] IP:2250 - RefParam_MEMORY_2_WrapReadCommand not found: check if there is a RefParameter without a condition.
2025-09-02 17:00:15,162 [WARN] IP:2250 - RefParam_MEMORY_2_ReadDummyCycle not found: check if there is a RefParameter without a condition.
2025-09-02 17:00:15,162 [WARN] IP:2250 - RefParam_MEMORY_2_NumberOfConfig not found: check if there is a RefParameter without a condition.
2025-09-02 17:00:15,162 [WARN] IP:2250 - RefParam_MEMORY_2_Config1_WriteMask not found: check if there is a RefParameter without a condition.
2025-09-02 17:00:15,162 [WARN] IP:2250 - RefParam_MEMORY_2_Config1_WriteValue not found: check if there is a RefParameter without a condition.
2025-09-02 17:00:15,162 [WARN] IP:2250 - RefParam_MEMORY_2_Config1_RegAddress not found: check if there is a RefParameter without a condition.
2025-09-02 17:00:15,163 [WARN] IP:2250 - RefParam_MEMORY_2_Config2_WriteMask not found: check if there is a RefParameter without a condition.
2025-09-02 17:00:15,163 [WARN] IP:2250 - RefParam_MEMORY_2_Config2_WriteValue not found: check if there is a RefParameter without a condition.
2025-09-02 17:00:15,163 [WARN] IP:2250 - RefParam_MEMORY_2_Config2_RegAddress not found: check if there is a RefParameter without a condition.
2025-09-02 17:00:15,163 [WARN] IP:2250 - RefParam_MEMORY_2_Config3_WriteMask not found: check if there is a RefParameter without a condition.
2025-09-02 17:00:15,163 [WARN] IP:2250 - RefParam_MEMORY_2_Config3_WriteValue not found: check if there is a RefParameter without a condition.
2025-09-02 17:00:15,163 [WARN] IP:2250 - RefParam_MEMORY_2_Config3_RegAddress not found: check if there is a RefParameter without a condition.
2025-09-02 17:00:15,263 [ERROR] IocParser:95 - Exception caught: null
2025-09-02 17:00:15,273 [INFO] Middleware:1452 - No code input for Bsp Dependency
2025-09-02 17:00:15,275 [INFO] Middleware:1452 - No code input for Bsp Dependency
2025-09-02 17:00:15,277 [INFO] Middleware:1452 - No code input for Bsp Dependency
2025-09-02 17:00:15,278 [INFO] Middleware:1452 - No code input for Bsp Dependency
2025-09-02 17:00:15,279 [INFO] Middleware:1452 - No code input for Bsp Dependency
2025-09-02 17:00:15,279 [INFO] IP:3329 - RTE Config file name : RTE_Component
2025-09-02 17:00:15,279 [INFO] IP:3347 - RTE template : RTE_Components.ftl
2025-09-02 17:00:15,281 [INFO] Middleware:1452 - No code input for Bsp Dependency
2025-09-02 17:00:15,284 [INFO] Middleware:1452 - No code input for Bsp Dependency
2025-09-02 17:00:15,285 [INFO] Middleware:1452 - No code input for Bsp Dependency
2025-09-02 17:00:15,286 [INFO] CodeGenerator:1619 - *******************Project context FSBL selected
2025-09-02 17:00:15,379 [INFO] CodeEngine:265 - oldGeneratedFile, C:\ST\AB_LSTM\AB_LSTM\MXTmpFiles\license.tmp_save
2025-09-02 17:00:15,673 [INFO] CodeEngine:289 - Generated code: C:\ST\AB_LSTM\AB_LSTM\MXTmpFiles\license.tmp
2025-09-02 17:00:15,729 [INFO] CodeEngine:265 - oldGeneratedFile, C:\ST\AB_LSTM\AB_LSTM\FSBL\MXTmpFiles\gpio.tmp_save
2025-09-02 17:00:15,880 [INFO] CodeEngine:289 - Generated code: C:\ST\AB_LSTM\AB_LSTM\FSBL\MXTmpFiles\gpio.tmp
2025-09-02 17:00:16,030 [WARN] IPConfigManager:103 - WARNING: Missing Config File for XSPIM ip!!
2025-09-02 17:00:16,087 [INFO] Middleware:1452 - No code input for Bsp Dependency
2025-09-02 17:00:16,096 [INFO] CodeEngine:265 - oldGeneratedFile, C:\ST\AB_LSTM\AB_LSTM\FSBL\MXTmpFiles\boot_code.tmp_save
2025-09-02 17:00:16,214 [INFO] CodeEngine:289 - Generated code: C:\ST\AB_LSTM\AB_LSTM\FSBL\MXTmpFiles\boot_code.tmp
2025-09-02 17:00:16,236 [INFO] CodeEngine:265 - oldGeneratedFile, C:\ST\AB_LSTM\AB_LSTM\FSBL\MXTmpFiles\cortex.tmp_save
2025-09-02 17:00:16,373 [INFO] CodeEngine:289 - Generated code: C:\ST\AB_LSTM\AB_LSTM\FSBL\MXTmpFiles\cortex.tmp
2025-09-02 17:00:16,385 [INFO] Middleware:1452 - No code input for Bsp Dependency
2025-09-02 17:00:16,396 [INFO] CodeEngine:265 - oldGeneratedFile, C:\ST\AB_LSTM\AB_LSTM\FSBL\Core\Inc\extmem_manager.h_save
2025-09-02 17:00:16,514 [INFO] CodeEngine:289 - Generated code: C:\ST\AB_LSTM\AB_LSTM\FSBL\Core\Inc\extmem_manager.h
2025-09-02 17:00:16,523 [INFO] CodeEngine:265 - oldGeneratedFile, C:\ST\AB_LSTM\AB_LSTM\FSBL\Core\Src\extmem_manager.c_save
2025-09-02 17:00:16,637 [INFO] CodeEngine:289 - Generated code: C:\ST\AB_LSTM\AB_LSTM\FSBL\Core\Src\extmem_manager.c
2025-09-02 17:00:16,644 [INFO] CodeEngine:265 - oldGeneratedFile, C:\ST\AB_LSTM\AB_LSTM\FSBL\Core\Inc\stm32_extmem_conf.h_save
2025-09-02 17:00:16,751 [INFO] CodeEngine:289 - Generated code: C:\ST\AB_LSTM\AB_LSTM\FSBL\Core\Inc\stm32_extmem_conf.h
2025-09-02 17:00:16,758 [INFO] CodeEngine:265 - oldGeneratedFile, C:\ST\AB_LSTM\AB_LSTM\FSBL\MXTmpFiles\boot_code.tmp_save
2025-09-02 17:00:16,806 [INFO] CodeEngine:289 - Generated code: C:\ST\AB_LSTM\AB_LSTM\FSBL\MXTmpFiles\boot_code.tmp
2025-09-02 17:00:16,835 [INFO] CodeEngine:265 - oldGeneratedFile, C:\ST\AB_LSTM\AB_LSTM\FSBL\Core\Src\stm32n6xx_it.c_save
2025-09-02 17:00:17,033 [INFO] CodeEngine:289 - Generated code: C:\ST\AB_LSTM\AB_LSTM\FSBL\Core\Src\stm32n6xx_it.c
2025-09-02 17:00:17,041 [INFO] CodeEngine:265 - oldGeneratedFile, C:\ST\AB_LSTM\AB_LSTM\FSBL\Core\Inc\stm32n6xx_it.h_save
2025-09-02 17:00:17,116 [INFO] CodeEngine:289 - Generated code: C:\ST\AB_LSTM\AB_LSTM\FSBL\Core\Inc\stm32n6xx_it.h
2025-09-02 17:00:17,238 [INFO] CodeEngine:265 - oldGeneratedFile, C:\ST\AB_LSTM\AB_LSTM\FSBL\Core\Src\stm32n6xx_hal_msp.c_save
2025-09-02 17:00:17,464 [INFO] CodeEngine:289 - Generated code: C:\ST\AB_LSTM\AB_LSTM\FSBL\Core\Src\stm32n6xx_hal_msp.c
2025-09-02 17:00:17,479 [INFO] CodeEngine:265 - oldGeneratedFile, C:\ST\AB_LSTM\AB_LSTM\FSBL\MXTmpFiles\system.tmp_save
2025-09-02 17:00:17,550 [INFO] CodeEngine:289 - Generated code: C:\ST\AB_LSTM\AB_LSTM\FSBL\MXTmpFiles\system.tmp
2025-09-02 17:00:17,580 [INFO] CodeEngine:321 - oldGeneratedFile, C:\ST\AB_LSTM\AB_LSTM\FSBL\Core\Inc\stm32n6xx_hal_conf.h_save
2025-09-02 17:00:17,758 [INFO] CodeEngine:345 - Generated code: C:\ST\AB_LSTM\AB_LSTM\FSBL\Core\Inc\stm32n6xx_hal_conf.h
2025-09-02 17:00:17,775 [WARN] IPConfigManager:3238 - Warning: the RefConfig RCC_ConfigVoltageScaling is not available in your config.xml file
2025-09-02 17:00:17,781 [WARN] IPConfigManager:3238 - Warning: the RefConfig RCC_RTC_HSEDIV is not available in your config.xml file
2025-09-02 17:00:17,788 [ERROR] ApiDbMcu:560 - Cannot parse XSPIM_Config file : file do not exist
2025-09-02 17:00:17,802 [INFO] CodeEngine:265 - oldGeneratedFile, C:\ST\AB_LSTM\AB_LSTM\FSBL\Core\Inc\main.h_save
2025-09-02 17:00:17,966 [INFO] CodeEngine:289 - Generated code: C:\ST\AB_LSTM\AB_LSTM\FSBL\Core\Inc\main.h
2025-09-02 17:00:17,974 [INFO] CodeEngine:265 - oldGeneratedFile, C:\ST\AB_LSTM\AB_LSTM\FSBL\Core\Src\main.c_save
2025-09-02 17:00:18,130 [INFO] CodeEngine:289 - Generated code: C:\ST\AB_LSTM\AB_LSTM\FSBL\Core\Src\main.c
2025-09-02 17:00:18,206 [INFO] CodeGenerator:1619 - *******************Project context Appli selected
2025-09-02 17:00:18,260 [INFO] IP:3329 - RTE Config file name : RTE_Component
2025-09-02 17:00:18,260 [INFO] IP:3347 - RTE template : RTE_Components.ftl
2025-09-02 17:00:18,293 [INFO] CodeEngine:265 - oldGeneratedFile, C:\ST\AB_LSTM\AB_LSTM\MXTmpFiles\license.tmp_save
2025-09-02 17:00:18,392 [INFO] CodeEngine:289 - Generated code: C:\ST\AB_LSTM\AB_LSTM\MXTmpFiles\license.tmp
2025-09-02 17:00:18,411 [INFO] CodeEngine:265 - oldGeneratedFile, C:\ST\AB_LSTM\AB_LSTM\Appli\MXTmpFiles\gpio.tmp_save
2025-09-02 17:00:18,502 [INFO] CodeEngine:289 - Generated code: C:\ST\AB_LSTM\AB_LSTM\Appli\MXTmpFiles\gpio.tmp
2025-09-02 17:00:18,566 [WARN] IPConfigManager:103 - WARNING: Missing Config File for NVIC ip!!
2025-09-02 17:00:18,631 [INFO] Middleware:1452 - No code input for Bsp Dependency
2025-09-02 17:00:18,631 [INFO] Middleware:1452 - No code input for Bsp Dependency
2025-09-02 17:00:18,631 [INFO] IP:3329 - RTE Config file name : RTE_Component
2025-09-02 17:00:18,631 [INFO] IP:3347 - RTE template : RTE_Components.ftl
2025-09-02 17:00:18,640 [INFO] CodeEngine:265 - oldGeneratedFile, C:\ST\AB_LSTM\AB_LSTM\Appli\MXTmpFiles\cortex.tmp_save
2025-09-02 17:00:18,744 [INFO] CodeEngine:289 - Generated code: C:\ST\AB_LSTM\AB_LSTM\Appli\MXTmpFiles\cortex.tmp
2025-09-02 17:00:18,768 [INFO] CodeEngine:265 - oldGeneratedFile, C:\ST\AB_LSTM\AB_LSTM\Appli\Core\Inc\stm32n6xx_nucleo_conf.h_save
2025-09-02 17:00:18,890 [INFO] CodeEngine:289 - Generated code: C:\ST\AB_LSTM\AB_LSTM\Appli\Core\Inc\stm32n6xx_nucleo_conf.h
2025-09-02 17:00:18,896 [INFO] CodeEngine:265 - oldGeneratedFile, C:\ST\AB_LSTM\AB_LSTM\Appli\MXTmpFiles\bsp_inc.tmp_save
2025-09-02 17:00:18,953 [INFO] CodeEngine:289 - Generated code: C:\ST\AB_LSTM\AB_LSTM\Appli\MXTmpFiles\bsp_inc.tmp
2025-09-02 17:00:18,966 [INFO] CodeEngine:265 - oldGeneratedFile, C:\ST\AB_LSTM\AB_LSTM\Appli\MXTmpFiles\bsp_common_vars.tmp_save
2025-09-02 17:00:19,006 [INFO] CodeEngine:289 - Generated code: C:\ST\AB_LSTM\AB_LSTM\Appli\MXTmpFiles\bsp_common_vars.tmp
2025-09-02 17:00:19,009 [INFO] CodeEngine:265 - oldGeneratedFile, C:\ST\AB_LSTM\AB_LSTM\Appli\MXTmpFiles\bsp_common_init.tmp_save
2025-09-02 17:00:19,050 [INFO] CodeEngine:289 - Generated code: C:\ST\AB_LSTM\AB_LSTM\Appli\MXTmpFiles\bsp_common_init.tmp
2025-09-02 17:00:19,060 [INFO] CodeEngine:265 - oldGeneratedFile, C:\ST\AB_LSTM\AB_LSTM\Appli\MXTmpFiles\bsp_common_demo_before_while.tmp_save
2025-09-02 17:00:19,096 [INFO] CodeEngine:289 - Generated code: C:\ST\AB_LSTM\AB_LSTM\Appli\MXTmpFiles\bsp_common_demo_before_while.tmp
2025-09-02 17:00:19,100 [INFO] CodeEngine:265 - oldGeneratedFile, C:\ST\AB_LSTM\AB_LSTM\Appli\MXTmpFiles\bsp_common_demo_inside_while.tmp_save
2025-09-02 17:00:19,143 [INFO] CodeEngine:289 - Generated code: C:\ST\AB_LSTM\AB_LSTM\Appli\MXTmpFiles\bsp_common_demo_inside_while.tmp
2025-09-02 17:00:19,147 [INFO] CodeEngine:265 - oldGeneratedFile, C:\ST\AB_LSTM\AB_LSTM\Appli\MXTmpFiles\bsp_common_demo_fct.tmp_save
2025-09-02 17:00:19,191 [INFO] CodeEngine:289 - Generated code: C:\ST\AB_LSTM\AB_LSTM\Appli\MXTmpFiles\bsp_common_demo_fct.tmp
2025-09-02 17:00:19,194 [INFO] Middleware:1452 - No code input for Bsp Dependency
2025-09-02 17:00:19,195 [INFO] Middleware:1452 - No code input for Bsp Dependency
2025-09-02 17:00:19,195 [INFO] IP:3329 - RTE Config file name : RTE_Component
2025-09-02 17:00:19,195 [INFO] IP:3347 - RTE template : RTE_Components.ftl
2025-09-02 17:00:19,203 [INFO] CodeEngine:265 - oldGeneratedFile, C:\ST\AB_LSTM\AB_LSTM\Appli\X-CUBE-AI\App\app_x-cube-ai.h_save
2025-09-02 17:00:19,328 [INFO] CodeEngine:289 - Generated code: C:\ST\AB_LSTM\AB_LSTM\Appli\X-CUBE-AI\App\app_x-cube-ai.h
2025-09-02 17:00:19,336 [INFO] CodeEngine:265 - oldGeneratedFile, C:\ST\AB_LSTM\AB_LSTM\Appli\X-CUBE-AI\constants_ai.h_save
2025-09-02 17:00:19,420 [INFO] CodeEngine:289 - Generated code: C:\ST\AB_LSTM\AB_LSTM\Appli\X-CUBE-AI\constants_ai.h
2025-09-02 17:00:19,428 [INFO] CodeEngine:265 - oldGeneratedFile, C:\ST\AB_LSTM\AB_LSTM\Appli\X-CUBE-AI\App\app_x-cube-ai.c_save
2025-09-02 17:00:19,527 [INFO] CodeEngine:289 - Generated code: C:\ST\AB_LSTM\AB_LSTM\Appli\X-CUBE-AI\App\app_x-cube-ai.c
2025-09-02 17:00:19,560 [INFO] CodeEngine:265 - oldGeneratedFile, C:\ST\AB_LSTM\AB_LSTM\Appli\Core\Src\stm32n6xx_it.c_save
2025-09-02 17:00:19,752 [INFO] CodeEngine:289 - Generated code: C:\ST\AB_LSTM\AB_LSTM\Appli\Core\Src\stm32n6xx_it.c
2025-09-02 17:00:19,767 [INFO] CodeEngine:265 - oldGeneratedFile, C:\ST\AB_LSTM\AB_LSTM\Appli\Core\Inc\stm32n6xx_it.h_save
2025-09-02 17:00:19,829 [INFO] CodeEngine:289 - Generated code: C:\ST\AB_LSTM\AB_LSTM\Appli\Core\Inc\stm32n6xx_it.h
2025-09-02 17:00:19,833 [INFO] IP:3329 - RTE Config file name : RTE_Component
2025-09-02 17:00:19,833 [INFO] IP:3347 - RTE template : RTE_Components.ftl
2025-09-02 17:00:19,833 [INFO] CodeGenerator:2312 - Add RTE Code Input 
2025-09-02 17:00:19,843 [INFO] CodeEngine:265 - oldGeneratedFile, C:\ST\AB_LSTM\AB_LSTM\Appli\Core\Inc\RTE_Components.h_save
2025-09-02 17:00:19,954 [INFO] CodeEngine:289 - Generated code: C:\ST\AB_LSTM\AB_LSTM\Appli\Core\Inc\RTE_Components.h
2025-09-02 17:00:19,962 [INFO] CodeEngine:265 - oldGeneratedFile, C:\ST\AB_LSTM\AB_LSTM\Appli\MXTmpFiles\RIFInit.tmp_save
2025-09-02 17:00:20,055 [INFO] CodeEngine:289 - Generated code: C:\ST\AB_LSTM\AB_LSTM\Appli\MXTmpFiles\RIFInit.tmp
2025-09-02 17:00:20,112 [INFO] CodeEngine:265 - oldGeneratedFile, C:\ST\AB_LSTM\AB_LSTM\Appli\Core\Src\stm32n6xx_hal_msp.c_save
2025-09-02 17:00:20,306 [INFO] CodeEngine:289 - Generated code: C:\ST\AB_LSTM\AB_LSTM\Appli\Core\Src\stm32n6xx_hal_msp.c
2025-09-02 17:00:20,311 [INFO] CodeEngine:265 - oldGeneratedFile, C:\ST\AB_LSTM\AB_LSTM\Appli\MXTmpFiles\system.tmp_save
2025-09-02 17:00:20,349 [INFO] CodeEngine:289 - Generated code: C:\ST\AB_LSTM\AB_LSTM\Appli\MXTmpFiles\system.tmp
2025-09-02 17:00:20,359 [INFO] CodeEngine:321 - oldGeneratedFile, C:\ST\AB_LSTM\AB_LSTM\Appli\Core\Inc\stm32n6xx_hal_conf.h_save
2025-09-02 17:00:20,507 [INFO] CodeEngine:345 - Generated code: C:\ST\AB_LSTM\AB_LSTM\Appli\Core\Inc\stm32n6xx_hal_conf.h
2025-09-02 17:00:20,518 [WARN] IPConfigManager:3238 - Warning: the RefConfig RCC_ConfigVoltageScaling is not available in your config.xml file
2025-09-02 17:00:20,519 [WARN] IPConfigManager:3238 - Warning: the RefConfig RCC_RTC_HSEDIV is not available in your config.xml file
2025-09-02 17:00:20,528 [WARN] IPConfigManager:3811 - IP not found : TIM
2025-09-02 17:00:20,529 [WARN] CodeGenerator:4259 - IP not found : null
2025-09-02 17:00:20,536 [INFO] CodeEngine:265 - oldGeneratedFile, C:\ST\AB_LSTM\AB_LSTM\Appli\Core\Inc\main.h_save
2025-09-02 17:00:20,653 [INFO] CodeEngine:289 - Generated code: C:\ST\AB_LSTM\AB_LSTM\Appli\Core\Inc\main.h
2025-09-02 17:00:20,662 [INFO] CodeEngine:265 - oldGeneratedFile, C:\ST\AB_LSTM\AB_LSTM\Appli\Core\Src\main.c_save
2025-09-02 17:00:20,815 [INFO] CodeEngine:289 - Generated code: C:\ST\AB_LSTM\AB_LSTM\Appli\Core\Src\main.c
2025-09-02 17:00:20,825 [INFO] CodeEngine:265 - oldGeneratedFile, C:\ST\AB_LSTM\AB_LSTM\Appli\Core\Src\secure_nsc.c_save
2025-09-02 17:00:20,959 [INFO] CodeEngine:289 - Generated code: C:\ST\AB_LSTM\AB_LSTM\Appli\Core\Src\secure_nsc.c
2025-09-02 17:00:20,964 [INFO] CodeEngine:265 - oldGeneratedFile, C:\ST\AB_LSTM\AB_LSTM\Appli\Core\Inc\partition_stm32n657xx.h_save
2025-09-02 17:00:21,063 [INFO] CodeEngine:289 - Generated code: C:\ST\AB_LSTM\AB_LSTM\Appli\Core\Inc\partition_stm32n657xx.h
2025-09-02 17:00:21,069 [INFO] CodeEngine:265 - oldGeneratedFile, C:\ST\AB_LSTM\AB_LSTM\Secure_nsclib\secure_nsc.h_save
2025-09-02 17:00:21,133 [INFO] CodeEngine:289 - Generated code: C:\ST\AB_LSTM\AB_LSTM\Secure_nsclib\secure_nsc.h
2025-09-02 17:00:21,165 [INFO] CodeGenerator:1707 - *******************Project context ExtMemLoader Not selected
2025-09-02 17:00:22,110 [INFO] AInterface:322 - ModelName:network; files:[C:\Users\ZOJOLDRI\OneDrive - Carl Zeiss AG\Dokumente\Zeiss\SMT\Bachelor\AB Encoder Model\AB_Encoder_Synthetic_Data\lstm_ab_encoder.h5]; type:Keras; compression:None
2025-09-02 17:00:22,110 [INFO] AInterface:526 - workspaceTempDir: C:/Users/ZOJOLDRI/AppData/Local/Temp/mxAI_workspace105945909886710014240840364709834772
2025-09-02 17:00:22,111 [INFO] AInterface:1176 - Setting Env: C:/Users/ZOJOLDRI/STM32Cube/Repository/Packs/STMicroelectronics/X-CUBE-AI/10.2.0/Utilities/windows
2025-09-02 17:00:22,117 [INFO] STM32CubeIDEBuilder:265 - Looking for gnu-tools-for-stm32 tools/bin/arm-none-eabi-gcc.exe in C:\ST\STM32CubeIDE_1.19.0\STM32CubeIDE
2025-09-02 17:00:22,119 [INFO] STM32CubeIDEBuilder:294 - checking C:\ST\STM32CubeIDE_1.19.0\STM32CubeIDE\plugins\com.st.stm32cube.ide.mcu.externaltools.gnu-tools-for-stm32.13.3.rel1.win32_1.0.0.202411081344\tools\bin\arm-none-eabi-gcc.exe
2025-09-02 17:00:22,119 [INFO] STM32CubeIDEBuilder:297 - ret=C:\ST\STM32CubeIDE_1.19.0\STM32CubeIDE\plugins\com.st.stm32cube.ide.mcu.externaltools.gnu-tools-for-stm32.13.3.rel1.win32_1.0.0.202411081344\tools\bin\arm-none-eabi-gcc.exe
2025-09-02 17:00:22,119 [INFO] STM32CubeIDEBuilder:311 - returning C:\ST\STM32CubeIDE_1.19.0\STM32CubeIDE\plugins\com.st.stm32cube.ide.mcu.externaltools.gnu-tools-for-stm32.13.3.rel1.win32_1.0.0.202411081344\tools\bin\arm-none-eabi-gcc.exe
2025-09-02 17:00:22,120 [INFO] AInterface:1233 - Custom PATH variable: C:/Users/ZOJOLDRI/STM32Cube/Repository/Packs/STMicroelectronics/X-CUBE-AI/10.2.0/Utilities/windows;C:/Users/ZOJOLDRI/STM32Cube/Repository/Packs/STMicroelectronics/X-CUBE-AI/10.2.0/Utilities/windows/mingw64/bin;C:/Users/ZOJOLDRI/STM32Cube/Repository/Packs/STMicroelectronics/X-CUBE-AI/10.2.0/Utilities/windows/mingw64/libexec/gcc/x86_64-w64-mingw32/7.3.0;;C:\ST\STM32CubeIDE_1.19.0\STM32CubeIDE\plugins\com.st.stm32cube.ide.mcu.externaltools.gnu-tools-for-stm32.13.3.rel1.win32_1.0.0.202411081344\tools\bin
2025-09-02 17:00:22,122 [INFO] CmdLine:115 - Command: C:/Users/ZOJOLDRI/STM32Cube/Repository/Packs/STMicroelectronics/X-CUBE-AI/10.2.0/Utilities/windows/stedgeai.exe generate --target stm32n6 --name network -m C:/Users/ZOJOLDRI/OneDrive - Carl Zeiss AG/Dokumente/Zeiss/SMT/Bachelor/AB Encoder Model/AB_Encoder_Synthetic_Data/lstm_ab_encoder.h5 --compression none --verbosity 1 --workspace C:/Users/ZOJOLDRI/AppData/Local/Temp/mxAI_workspace105945909886710014240840364709834772 --output C:/Users/ZOJOLDRI/.stm32cubemx/network_output
2025-09-02 17:00:22,123 [INFO] AIModelDetailledView:2380 - Analysis status: pending
2025-09-02 17:00:31,254 [INFO] CmdLine:76 - ST Edge AI Core v2.2.0-20266 2adc00962
2025-09-02 17:01:46,569 [INFO] CmdLine:76 - Creating c (debug) info json file C:\Users\ZOJOLDRI\.stm32cubemx\network_output\network_c_info.json
2025-09-02 17:01:46,583 [INFO] CmdLine:76 -  
2025-09-02 17:01:46,583 [INFO] CmdLine:76 -  Exec/report summary (generate)
2025-09-02 17:01:46,583 [INFO] CmdLine:76 -  ---------------------------------------------------------------------------------------------------------------------------------------------------------------
2025-09-02 17:01:46,584 [INFO] CmdLine:76 -  model file         :   C:\Users\ZOJOLDRI\OneDrive - Carl Zeiss AG\Dokumente\Zeiss\SMT\Bachelor\AB Encoder Model\AB_Encoder_Synthetic_Data\lstm_ab_encoder.h5   
2025-09-02 17:01:46,584 [INFO] CmdLine:76 -  type               :   keras                                                                                                                                   
2025-09-02 17:01:46,584 [INFO] CmdLine:76 -  c_name             :   network                                                                                                                                 
2025-09-02 17:01:46,584 [INFO] CmdLine:76 -  compression        :   none                                                                                                                                    
2025-09-02 17:01:46,584 [INFO] CmdLine:76 -  options            :   allocate-inputs, allocate-outputs                                                                                                       
2025-09-02 17:01:46,584 [INFO] CmdLine:76 -  optimization       :   balanced                                                                                                                                
2025-09-02 17:01:46,584 [INFO] CmdLine:76 -  target/series      :   stm32n6                                                                                                                                 
2025-09-02 17:01:46,585 [INFO] CmdLine:76 -  workspace dir      :   C:\Users\ZOJOLDRI\AppData\Local\Temp\mxAI_workspace105945909886710014240840364709834772                                                 
2025-09-02 17:01:46,585 [INFO] CmdLine:76 -  output dir         :   C:\Users\ZOJOLDRI\.stm32cubemx\network_output                                                                                           
2025-09-02 17:01:46,585 [INFO] CmdLine:76 -  model_fmt          :   float                                                                                                                                   
2025-09-02 17:01:46,585 [INFO] CmdLine:76 -  model_name         :   lstm_ab_encoder                                                                                                                         
2025-09-02 17:01:46,585 [INFO] CmdLine:76 -  model_hash         :   0xb9e6d1f2f93291781e52f63e3d49d785                                                                                                      
2025-09-02 17:01:46,585 [INFO] CmdLine:76 -  params #           :   6,083 items (23.76 KiB)                                                                                                                 
2025-09-02 17:01:46,585 [INFO] CmdLine:76 -  ---------------------------------------------------------------------------------------------------------------------------------------------------------------
2025-09-02 17:01:46,585 [INFO] CmdLine:76 -  input 1/1          :   'input_0', f32(1x20x10), 800 Bytes, activations                                                                                         
2025-09-02 17:01:46,586 [INFO] CmdLine:76 -  output 1/1         :   'output', f32(1x3), 12 Bytes, activations                                                                                               
2025-09-02 17:01:46,586 [INFO] CmdLine:76 -  macc               :   111,360                                                                                                                                 
2025-09-02 17:01:46,586 [INFO] CmdLine:76 -  weights (ro)       :   24,716 B (24.14 KiB) (1 segment) / +384(+1.6%) vs float model                                                                           
2025-09-02 17:01:46,586 [INFO] CmdLine:76 -  activations (rw)   :   1,824 B (1.78 KiB) (1 segment) *                                                                                                        
2025-09-02 17:01:46,586 [INFO] CmdLine:76 -  ram (total)        :   1,824 B (1.78 KiB) = 1,824 + 0 + 0                                                                                                      
2025-09-02 17:01:46,586 [INFO] CmdLine:76 -  ---------------------------------------------------------------------------------------------------------------------------------------------------------------
2025-09-02 17:01:46,586 [INFO] CmdLine:76 -  (*) 'input'/'output' buffers are allocated in the activations buffer
2025-09-02 17:01:46,588 [INFO] CmdLine:76 - Computing AI RT data/code size (target=stm32n6)..
2025-09-02 17:01:53,232 [INFO] CmdLine:76 -  Requested memory size by section - "stm32n6" target
2025-09-02 17:01:53,232 [INFO] CmdLine:76 -  ------------------------------- -------- -------- ------- -------
2025-09-02 17:01:53,232 [INFO] CmdLine:76 -  module                              text   rodata    data     bss
2025-09-02 17:01:53,232 [INFO] CmdLine:76 -  ------------------------------- -------- -------- ------- -------
2025-09-02 17:01:53,233 [INFO] CmdLine:76 -  NetworkRuntime1020_CM55_GCC.a     15,800       32       0       0
2025-09-02 17:01:53,233 [INFO] CmdLine:76 -  network.o                            592       40   1,888     136
2025-09-02 17:01:53,233 [INFO] CmdLine:76 -  network_data.o                        48       16      88       0
2025-09-02 17:01:53,233 [INFO] CmdLine:76 -  lib (toolchain)*                   1,132      340       0       0
2025-09-02 17:01:53,233 [INFO] CmdLine:76 -  ------------------------------- -------- -------- ------- -------
2025-09-02 17:01:53,233 [INFO] CmdLine:76 -  RT total**                        17,572      428   1,976     136
2025-09-02 17:01:53,233 [INFO] CmdLine:76 -  ------------------------------- -------- -------- ------- -------
2025-09-02 17:01:53,233 [INFO] CmdLine:76 -  weights                                0   24,720       0       0
2025-09-02 17:01:53,234 [INFO] CmdLine:76 -  activations                            0        0       0   1,824
2025-09-02 17:01:53,234 [INFO] CmdLine:76 -  io                                     0        0       0       0
2025-09-02 17:01:53,234 [INFO] CmdLine:76 -  ------------------------------- -------- -------- ------- -------
2025-09-02 17:01:53,235 [INFO] CmdLine:76 -  TOTAL                             17,572   25,148   1,976   1,960
2025-09-02 17:01:53,235 [INFO] CmdLine:76 -  ------------------------------- -------- -------- ------- -------
2025-09-02 17:01:53,235 [INFO] CmdLine:76 -  *  toolchain objects (libm/libgcc*)
2025-09-02 17:01:53,235 [INFO] CmdLine:76 -  ** RT AI runtime objects (kernels+infrastructure)
2025-09-02 17:01:53,235 [INFO] CmdLine:76 -   Summary - "stm32n6" target
2025-09-02 17:01:53,235 [INFO] CmdLine:76 -   ---------------------------------------------------
2025-09-02 17:01:53,235 [INFO] CmdLine:76 -                FLASH (ro)      %*   RAM (rw)       %
2025-09-02 17:01:53,235 [INFO] CmdLine:76 -   ---------------------------------------------------
2025-09-02 17:01:53,236 [INFO] CmdLine:76 -   RT total         19,976   44.7%      2,112   53.7%
2025-09-02 17:01:53,236 [INFO] CmdLine:76 -   ---------------------------------------------------
2025-09-02 17:01:53,236 [INFO] CmdLine:76 -   TOTAL            44,696              3,936
2025-09-02 17:01:53,236 [INFO] CmdLine:76 -   ---------------------------------------------------
2025-09-02 17:01:53,236 [INFO] CmdLine:76 -   *  rt/total
2025-09-02 17:01:53,236 [INFO] CmdLine:76 -  Generated files (7)
2025-09-02 17:01:53,237 [INFO] CmdLine:76 -  ---------------------------------------------------------------------
2025-09-02 17:01:53,237 [INFO] CmdLine:76 -  C:\Users\ZOJOLDRI\.stm32cubemx\network_output\network_data_params.h
2025-09-02 17:01:53,237 [INFO] CmdLine:76 -  C:\Users\ZOJOLDRI\.stm32cubemx\network_output\network_data_params.c
2025-09-02 17:01:53,237 [INFO] CmdLine:76 -  C:\Users\ZOJOLDRI\.stm32cubemx\network_output\network_data.h
2025-09-02 17:01:53,237 [INFO] CmdLine:76 -  C:\Users\ZOJOLDRI\.stm32cubemx\network_output\network_data.c
2025-09-02 17:01:53,237 [INFO] CmdLine:76 -  C:\Users\ZOJOLDRI\.stm32cubemx\network_output\network_config.h
2025-09-02 17:01:53,237 [INFO] CmdLine:76 -  C:\Users\ZOJOLDRI\.stm32cubemx\network_output\network.h
2025-09-02 17:01:53,237 [INFO] CmdLine:76 -  C:\Users\ZOJOLDRI\.stm32cubemx\network_output\network.c
2025-09-02 17:01:53,237 [INFO] CmdLine:76 - Creating txt report file C:\Users\ZOJOLDRI\.stm32cubemx\network_output\network_generate_report.txt
2025-09-02 17:01:56,892 [INFO] CmdLine:76 - elapsed time (generate): 85.638s
2025-09-02 17:01:57,260 [INFO] CmdLine:148 - stedgeai exit with status: 0
2025-09-02 17:01:57,272 [INFO] AIModelDetailledView:2380 - Analysis status: done
2025-09-02 17:01:58,063 [INFO] ProjectBuilder:3606 - Time for Copy HAL[1] : 367mS.
2025-09-02 17:01:58,063 [ERROR] Middleware:2950 - Invalid RefComponent list
2025-09-02 17:01:58,063 [ERROR] Middleware:2950 - Invalid RefComponent list
2025-09-02 17:01:58,063 [ERROR] Middleware:2950 - Invalid RefComponent list
2025-09-02 17:01:58,063 [ERROR] Middleware:2950 - Invalid RefComponent list
2025-09-02 17:01:58,063 [ERROR] Middleware:2950 - Invalid RefComponent list
2025-09-02 17:01:58,063 [ERROR] Middleware:2950 - Invalid RefComponent list
2025-09-02 17:01:58,063 [ERROR] Middleware:2950 - Invalid RefComponent list
2025-09-02 17:01:58,063 [ERROR] Middleware:2950 - Invalid RefComponent list
2025-09-02 17:01:58,063 [ERROR] Middleware:2950 - Invalid RefComponent list
2025-09-02 17:01:58,063 [ERROR] Middleware:2950 - Invalid RefComponent list
2025-09-02 17:01:58,063 [ERROR] Middleware:2950 - Invalid RefComponent list
2025-09-02 17:01:58,063 [ERROR] Middleware:2950 - Invalid RefComponent list
2025-09-02 17:01:58,063 [ERROR] Middleware:2950 - Invalid RefComponent list
2025-09-02 17:01:58,063 [ERROR] Middleware:2950 - Invalid RefComponent list
2025-09-02 17:01:58,063 [ERROR] Middleware:2950 - Invalid RefComponent list
2025-09-02 17:01:58,063 [ERROR] Middleware:2950 - Invalid RefComponent list
2025-09-02 17:01:58,063 [ERROR] Middleware:2950 - Invalid RefComponent list
2025-09-02 17:01:58,063 [ERROR] Middleware:2950 - Invalid RefComponent list
2025-09-02 17:01:58,063 [ERROR] Middleware:2950 - Invalid RefComponent list
2025-09-02 17:01:58,063 [ERROR] Middleware:2950 - Invalid RefComponent list
2025-09-02 17:01:58,064 [ERROR] Middleware:2950 - Invalid RefComponent list
2025-09-02 17:01:58,064 [ERROR] Middleware:2950 - Invalid RefComponent list
2025-09-02 17:01:58,064 [ERROR] Middleware:2950 - Invalid RefComponent list
2025-09-02 17:01:58,064 [ERROR] Middleware:2950 - Invalid RefComponent list
2025-09-02 17:01:58,064 [ERROR] Middleware:2950 - Invalid RefComponent list
2025-09-02 17:01:58,064 [ERROR] Middleware:2950 - Invalid RefComponent list
2025-09-02 17:01:58,064 [ERROR] Middleware:2950 - Invalid RefComponent list
2025-09-02 17:01:58,064 [ERROR] Middleware:2950 - Invalid RefComponent list
2025-09-02 17:01:58,064 [ERROR] Middleware:2950 - Invalid RefComponent list
2025-09-02 17:01:58,064 [ERROR] Middleware:2950 - Invalid RefComponent list
2025-09-02 17:01:58,064 [ERROR] Middleware:2950 - Invalid RefComponent list
2025-09-02 17:01:58,064 [ERROR] Middleware:2950 - Invalid RefComponent list
2025-09-02 17:01:58,064 [ERROR] Middleware:2950 - Invalid RefComponent list
2025-09-02 17:01:58,064 [ERROR] Middleware:2950 - Invalid RefComponent list
2025-09-02 17:01:58,064 [ERROR] Middleware:2950 - Invalid RefComponent list
2025-09-02 17:01:58,064 [ERROR] Middleware:2950 - Invalid RefComponent list
2025-09-02 17:01:58,064 [ERROR] Middleware:2950 - Invalid RefComponent list
2025-09-02 17:01:58,064 [ERROR] Middleware:2950 - Invalid RefComponent list
2025-09-02 17:01:58,064 [ERROR] Middleware:2950 - Invalid RefComponent list
2025-09-02 17:01:58,064 [ERROR] Middleware:2950 - Invalid RefComponent list
2025-09-02 17:01:58,064 [ERROR] Middleware:2950 - Invalid RefComponent list
2025-09-02 17:01:58,064 [ERROR] Middleware:2950 - Invalid RefComponent list
2025-09-02 17:01:58,064 [ERROR] Middleware:2950 - Invalid RefComponent list
2025-09-02 17:01:58,064 [ERROR] Middleware:2950 - Invalid RefComponent list
2025-09-02 17:01:58,064 [ERROR] Middleware:2950 - Invalid RefComponent list
2025-09-02 17:01:58,064 [ERROR] Middleware:2950 - Invalid RefComponent list
2025-09-02 17:01:58,064 [ERROR] Middleware:2950 - Invalid RefComponent list
2025-09-02 17:01:58,064 [ERROR] Middleware:2950 - Invalid RefComponent list
2025-09-02 17:01:58,064 [ERROR] Middleware:2950 - Invalid RefComponent list
2025-09-02 17:01:58,064 [ERROR] Middleware:2950 - Invalid RefComponent list
2025-09-02 17:01:58,064 [ERROR] Middleware:2950 - Invalid RefComponent list
2025-09-02 17:01:58,064 [ERROR] Middleware:2950 - Invalid RefComponent list
2025-09-02 17:01:58,064 [ERROR] Middleware:2950 - Invalid RefComponent list
2025-09-02 17:01:58,064 [ERROR] Middleware:2950 - Invalid RefComponent list
2025-09-02 17:01:58,064 [ERROR] Middleware:2950 - Invalid RefComponent list
2025-09-02 17:01:58,064 [ERROR] Middleware:2950 - Invalid RefComponent list
2025-09-02 17:01:58,064 [ERROR] Middleware:2950 - Invalid RefComponent list
2025-09-02 17:01:58,064 [ERROR] Middleware:2950 - Invalid RefComponent list
2025-09-02 17:01:58,064 [ERROR] Middleware:2950 - Invalid RefComponent list
2025-09-02 17:01:58,064 [ERROR] Middleware:2950 - Invalid RefComponent list
2025-09-02 17:01:58,064 [ERROR] Middleware:2950 - Invalid RefComponent list
2025-09-02 17:01:58,064 [ERROR] Middleware:2950 - Invalid RefComponent list
2025-09-02 17:01:58,064 [ERROR] Middleware:2950 - Invalid RefComponent list
2025-09-02 17:01:58,064 [ERROR] Middleware:2950 - Invalid RefComponent list
2025-09-02 17:01:58,064 [ERROR] Middleware:2950 - Invalid RefComponent list
2025-09-02 17:01:58,064 [ERROR] Middleware:2950 - Invalid RefComponent list
2025-09-02 17:01:58,064 [ERROR] Middleware:2950 - Invalid RefComponent list
2025-09-02 17:01:58,064 [ERROR] Middleware:2950 - Invalid RefComponent list
2025-09-02 17:01:58,064 [ERROR] Middleware:2950 - Invalid RefComponent list
2025-09-02 17:01:58,064 [ERROR] Middleware:2950 - Invalid RefComponent list
2025-09-02 17:01:58,080 [INFO] ProjectBuilder:5216 - Project Generator version: 4.7.0-B52
2025-09-02 17:01:58,130 [INFO] ConfigFileManager:1595 - The Die is : DIE486
2025-09-02 17:02:06,523 [INFO] ProjectBuilder:5056 - Time for Generating toolchain IDE Files: 8443mS.
2025-09-02 17:02:06,526 [INFO] ProjectBuilder:3463 - Time for Copy CMSIS : 2mS.
2025-09-02 17:02:06,536 [INFO] ProjectBuilder:3463 - Time for Copy CMSIS : 0mS.
2025-09-02 17:46:49,426 [INFO] NvicIntPanel:101 - NVIC parent = com.st.microxplorer.plugins.ip.nvic.MultiNvicIntPanel[,0,0,0x0,invalid,layout=javax.swing.BoxLayout,alignmentX=0.0,alignmentY=0.0,border=,flags=9,maximumSize=,minimumSize=,preferredSize=]
2025-09-02 17:46:50,001 [INFO] NvicIntPanel:101 - NVIC parent = com.st.microxplorer.plugins.ip.nvic.MultiNvicIntPanel[,0,0,0x0,invalid,layout=javax.swing.BoxLayout,alignmentX=0.0,alignmentY=0.0,border=,flags=9,maximumSize=,minimumSize=,preferredSize=]
2025-09-02 17:46:51,201 [INFO] NvicIntPanel:101 - NVIC parent = com.st.microxplorer.plugins.ip.nvic.MultiNvicIntPanel[,0,0,0x0,invalid,layout=javax.swing.BoxLayout,alignmentX=0.0,alignmentY=0.0,border=,flags=9,maximumSize=,minimumSize=,preferredSize=]
2025-09-02 17:46:51,789 [INFO] UtilMem:75 - End SaveConfig() Used Memory: 902206400 Bytes (1073741824)
2025-09-02 17:46:53,072 [ERROR] IocParser:95 - Exception caught: null
2025-09-02 17:46:53,567 [INFO] UtilMem:75 - End SaveConfig() Used Memory: 943100864 Bytes (1073741824)
2025-09-02 17:46:55,537 [INFO] UtilMem:75 - End SaveConfig() Used Memory: 691172136 Bytes (1073741824)
2025-09-02 17:46:56,539 [ERROR] IocParser:95 - Exception caught: null
2025-09-02 17:46:56,652 [INFO] BlockDiagram:2775 - set Specific Code input for plugin: EXTMEM_MANAGER
2025-09-02 17:46:56,652 [INFO] BlockDiagram:2775 - set Specific Code input for plugin: RAMCFG
2025-09-02 17:46:56,652 [INFO] BlockDiagram:2775 - set Specific Code input for plugin: RCC
2025-09-02 17:46:56,652 [INFO] BlockDiagram:2775 - set Specific Code input for plugin: CORTEX_M55_FSBL
2025-09-02 17:46:56,652 [INFO] BlockDiagram:2775 - set Specific Code input for plugin: XSPIM
2025-09-02 17:46:56,652 [INFO] BlockDiagram:2775 - set Specific Code input for plugin: STMicroelectronics.X-CUBE-AI.10.2.0
2025-09-02 17:46:56,652 [INFO] BlockDiagram:2775 - set Specific Code input for plugin: XSPI
2025-09-02 17:46:56,652 [INFO] BlockDiagram:2775 - set Specific Code input for plugin: NUCLEO-N657X0-Q
2025-09-02 17:46:56,652 [INFO] BlockDiagram:2775 - set Specific Code input for plugin: TIM1_8N6
2025-09-02 17:46:56,652 [INFO] BlockDiagram:2775 - set Specific Code input for plugin: CACHEAXI
2025-09-02 17:46:56,653 [INFO] BlockDiagram:2775 - set Specific Code input for plugin: BSEC
2025-09-02 17:46:56,653 [INFO] BlockDiagram:2775 - set Specific Code input for plugin: LPUART
2025-09-02 17:46:56,653 [INFO] BlockDiagram:2775 - set Specific Code input for plugin: NVIC
2025-09-02 17:46:56,653 [INFO] BlockDiagram:2775 - set Specific Code input for plugin: GPIO
2025-09-02 17:46:56,653 [INFO] BlockDiagram:2775 - set Specific Code input for plugin: RIF
2025-09-02 17:46:56,653 [INFO] BlockDiagram:2775 - set Specific Code input for plugin: NVIC1
2025-09-02 17:46:56,656 [INFO] CodeGenerator:892 - code generatio: config db path: C:\ST\STM32CubeIDE_1.19.0\STM32CubeIDE\plugins\com.st.stm32cube.common.mx_6.15.0.202507011659\\db\
2025-09-02 17:46:56,671 [WARN] IP:2250 - RefParam_XIP_memory not found: check if there is a RefParameter without a condition.
2025-09-02 17:46:56,671 [WARN] IP:2250 - RefParam_MEMORY_1_Size not found: check if there is a RefParameter without a condition.
2025-09-02 17:46:56,671 [WARN] IP:2250 - RefParam_MEMORY_1_FreqMax not found: check if there is a RefParameter without a condition.
2025-09-02 17:46:56,671 [WARN] IP:2250 - RefParam_MEMORY_1_ReadReg not found: check if there is a RefParameter without a condition.
2025-09-02 17:46:56,671 [WARN] IP:2250 - RefParam_MEMORY_1_WriteReg not found: check if there is a RefParameter without a condition.
2025-09-02 17:46:56,671 [WARN] IP:2250 - RefParam_MEMORY_1_RegSize not found: check if there is a RefParameter without a condition.
2025-09-02 17:46:56,671 [WARN] IP:2250 - RefParam_MEMORY_1_RegDummyCycle not found: check if there is a RefParameter without a condition.
2025-09-02 17:46:56,671 [WARN] IP:2250 - RefParam_MEMORY_1_WriteCommand not found: check if there is a RefParameter without a condition.
2025-09-02 17:46:56,671 [WARN] IP:2250 - RefParam_MEMORY_1_WriteDummyCycle not found: check if there is a RefParameter without a condition.
2025-09-02 17:46:56,671 [WARN] IP:2250 - RefParam_MEMORY_1_ReadCommand not found: check if there is a RefParameter without a condition.
2025-09-02 17:46:56,671 [WARN] IP:2250 - RefParam_MEMORY_1_WrapReadCommand not found: check if there is a RefParameter without a condition.
2025-09-02 17:46:56,671 [WARN] IP:2250 - RefParam_MEMORY_1_ReadDummyCycle not found: check if there is a RefParameter without a condition.
2025-09-02 17:46:56,671 [WARN] IP:2250 - RefParam_MEMORY_1_NumberOfConfig not found: check if there is a RefParameter without a condition.
2025-09-02 17:46:56,671 [WARN] IP:2250 - RefParam_MEMORY_1_Config1_WriteMask not found: check if there is a RefParameter without a condition.
2025-09-02 17:46:56,671 [WARN] IP:2250 - RefParam_MEMORY_1_Config1_WriteValue not found: check if there is a RefParameter without a condition.
2025-09-02 17:46:56,671 [WARN] IP:2250 - RefParam_MEMORY_1_Config1_RegAddress not found: check if there is a RefParameter without a condition.
2025-09-02 17:46:56,671 [WARN] IP:2250 - RefParam_MEMORY_1_Config2_WriteMask not found: check if there is a RefParameter without a condition.
2025-09-02 17:46:56,671 [WARN] IP:2250 - RefParam_MEMORY_1_Config2_WriteValue not found: check if there is a RefParameter without a condition.
2025-09-02 17:46:56,671 [WARN] IP:2250 - RefParam_MEMORY_1_Config2_RegAddress not found: check if there is a RefParameter without a condition.
2025-09-02 17:46:56,671 [WARN] IP:2250 - RefParam_MEMORY_1_Config3_WriteMask not found: check if there is a RefParameter without a condition.
2025-09-02 17:46:56,671 [WARN] IP:2250 - RefParam_MEMORY_1_Config3_WriteValue not found: check if there is a RefParameter without a condition.
2025-09-02 17:46:56,672 [WARN] IP:2250 - RefParam_MEMORY_1_Config3_RegAddress not found: check if there is a RefParameter without a condition.
2025-09-02 17:46:56,672 [WARN] IP:2250 - RefParam_MEMORY_2_Instance not found: check if there is a RefParameter without a condition.
2025-09-02 17:46:56,672 [WARN] IP:2250 - RefParam_MEMORY_2_ConfigType not found: check if there is a RefParameter without a condition.
2025-09-02 17:46:56,672 [WARN] IP:2250 - RefParam_MEMORY_2_Size not found: check if there is a RefParameter without a condition.
2025-09-02 17:46:56,672 [WARN] IP:2250 - RefParam_MEMORY_2_FreqMax not found: check if there is a RefParameter without a condition.
2025-09-02 17:46:56,672 [WARN] IP:2250 - RefParam_MEMORY_2_ReadReg not found: check if there is a RefParameter without a condition.
2025-09-02 17:46:56,672 [WARN] IP:2250 - RefParam_MEMORY_2_WriteReg not found: check if there is a RefParameter without a condition.
2025-09-02 17:46:56,672 [WARN] IP:2250 - RefParam_MEMORY_2_RegSize not found: check if there is a RefParameter without a condition.
2025-09-02 17:46:56,672 [WARN] IP:2250 - RefParam_MEMORY_2_RegDummyCycle not found: check if there is a RefParameter without a condition.
2025-09-02 17:46:56,672 [WARN] IP:2250 - RefParam_MEMORY_2_WriteCommand not found: check if there is a RefParameter without a condition.
2025-09-02 17:46:56,672 [WARN] IP:2250 - RefParam_MEMORY_2_WriteDummyCycle not found: check if there is a RefParameter without a condition.
2025-09-02 17:46:56,672 [WARN] IP:2250 - RefParam_MEMORY_2_ReadCommand not found: check if there is a RefParameter without a condition.
2025-09-02 17:46:56,672 [WARN] IP:2250 - RefParam_MEMORY_2_WrapReadCommand not found: check if there is a RefParameter without a condition.
2025-09-02 17:46:56,672 [WARN] IP:2250 - RefParam_MEMORY_2_ReadDummyCycle not found: check if there is a RefParameter without a condition.
2025-09-02 17:46:56,672 [WARN] IP:2250 - RefParam_MEMORY_2_NumberOfConfig not found: check if there is a RefParameter without a condition.
2025-09-02 17:46:56,672 [WARN] IP:2250 - RefParam_MEMORY_2_Config1_WriteMask not found: check if there is a RefParameter without a condition.
2025-09-02 17:46:56,672 [WARN] IP:2250 - RefParam_MEMORY_2_Config1_WriteValue not found: check if there is a RefParameter without a condition.
2025-09-02 17:46:56,672 [WARN] IP:2250 - RefParam_MEMORY_2_Config1_RegAddress not found: check if there is a RefParameter without a condition.
2025-09-02 17:46:56,672 [WARN] IP:2250 - RefParam_MEMORY_2_Config2_WriteMask not found: check if there is a RefParameter without a condition.
2025-09-02 17:46:56,672 [WARN] IP:2250 - RefParam_MEMORY_2_Config2_WriteValue not found: check if there is a RefParameter without a condition.
2025-09-02 17:46:56,672 [WARN] IP:2250 - RefParam_MEMORY_2_Config2_RegAddress not found: check if there is a RefParameter without a condition.
2025-09-02 17:46:56,672 [WARN] IP:2250 - RefParam_MEMORY_2_Config3_WriteMask not found: check if there is a RefParameter without a condition.
2025-09-02 17:46:56,673 [WARN] IP:2250 - RefParam_MEMORY_2_Config3_WriteValue not found: check if there is a RefParameter without a condition.
2025-09-02 17:46:56,673 [WARN] IP:2250 - RefParam_MEMORY_2_Config3_RegAddress not found: check if there is a RefParameter without a condition.
2025-09-02 17:46:56,801 [INFO] Middleware:1452 - No code input for Bsp Dependency
2025-09-02 17:46:56,803 [INFO] Middleware:1452 - No code input for Bsp Dependency
2025-09-02 17:46:56,820 [INFO] Middleware:1452 - No code input for Bsp Dependency
2025-09-02 17:46:56,822 [INFO] Middleware:1452 - No code input for Bsp Dependency
2025-09-02 17:46:56,822 [INFO] Middleware:1452 - No code input for Bsp Dependency
2025-09-02 17:46:56,823 [INFO] IP:3329 - RTE Config file name : RTE_Component
2025-09-02 17:46:56,823 [INFO] IP:3347 - RTE template : RTE_Components.ftl
2025-09-02 17:46:56,824 [INFO] Middleware:1452 - No code input for Bsp Dependency
2025-09-02 17:46:56,825 [INFO] Middleware:1452 - No code input for Bsp Dependency
2025-09-02 17:46:56,826 [INFO] Middleware:1452 - No code input for Bsp Dependency
2025-09-02 17:46:56,827 [INFO] CodeGenerator:1619 - *******************Project context FSBL selected
2025-09-02 17:46:56,876 [INFO] CodeEngine:265 - oldGeneratedFile, C:\ST\AB_LSTM\AB_LSTM\MXTmpFiles\license.tmp_save
2025-09-02 17:46:57,149 [INFO] CodeEngine:289 - Generated code: C:\ST\AB_LSTM\AB_LSTM\MXTmpFiles\license.tmp
2025-09-02 17:46:57,206 [INFO] CodeEngine:265 - oldGeneratedFile, C:\ST\AB_LSTM\AB_LSTM\FSBL\MXTmpFiles\gpio.tmp_save
2025-09-02 17:46:57,410 [INFO] CodeEngine:289 - Generated code: C:\ST\AB_LSTM\AB_LSTM\FSBL\MXTmpFiles\gpio.tmp
2025-09-02 17:46:57,575 [WARN] IPConfigManager:103 - WARNING: Missing Config File for XSPIM ip!!
2025-09-02 17:46:57,635 [INFO] Middleware:1452 - No code input for Bsp Dependency
2025-09-02 17:46:57,644 [INFO] CodeEngine:265 - oldGeneratedFile, C:\ST\AB_LSTM\AB_LSTM\FSBL\MXTmpFiles\boot_code.tmp_save
2025-09-02 17:46:57,800 [INFO] CodeEngine:289 - Generated code: C:\ST\AB_LSTM\AB_LSTM\FSBL\MXTmpFiles\boot_code.tmp
2025-09-02 17:46:57,831 [INFO] CodeEngine:265 - oldGeneratedFile, C:\ST\AB_LSTM\AB_LSTM\FSBL\MXTmpFiles\cortex.tmp_save
2025-09-02 17:46:57,982 [INFO] CodeEngine:289 - Generated code: C:\ST\AB_LSTM\AB_LSTM\FSBL\MXTmpFiles\cortex.tmp
2025-09-02 17:46:57,998 [INFO] Middleware:1452 - No code input for Bsp Dependency
2025-09-02 17:46:58,001 [INFO] CodeEngine:265 - oldGeneratedFile, C:\ST\AB_LSTM\AB_LSTM\FSBL\Core\Inc\extmem_manager.h_save
2025-09-02 17:46:58,125 [INFO] CodeEngine:289 - Generated code: C:\ST\AB_LSTM\AB_LSTM\FSBL\Core\Inc\extmem_manager.h
2025-09-02 17:46:58,144 [INFO] CodeEngine:265 - oldGeneratedFile, C:\ST\AB_LSTM\AB_LSTM\FSBL\Core\Src\extmem_manager.c_save
2025-09-02 17:46:58,285 [INFO] CodeEngine:289 - Generated code: C:\ST\AB_LSTM\AB_LSTM\FSBL\Core\Src\extmem_manager.c
2025-09-02 17:46:58,294 [INFO] CodeEngine:265 - oldGeneratedFile, C:\ST\AB_LSTM\AB_LSTM\FSBL\Core\Inc\stm32_extmem_conf.h_save
2025-09-02 17:46:58,424 [INFO] CodeEngine:289 - Generated code: C:\ST\AB_LSTM\AB_LSTM\FSBL\Core\Inc\stm32_extmem_conf.h
2025-09-02 17:46:58,434 [INFO] CodeEngine:265 - oldGeneratedFile, C:\ST\AB_LSTM\AB_LSTM\FSBL\MXTmpFiles\boot_code.tmp_save
2025-09-02 17:46:58,480 [INFO] CodeEngine:289 - Generated code: C:\ST\AB_LSTM\AB_LSTM\FSBL\MXTmpFiles\boot_code.tmp
2025-09-02 17:46:58,512 [INFO] CodeEngine:265 - oldGeneratedFile, C:\ST\AB_LSTM\AB_LSTM\FSBL\Core\Src\stm32n6xx_it.c_save
2025-09-02 17:46:58,753 [INFO] CodeEngine:289 - Generated code: C:\ST\AB_LSTM\AB_LSTM\FSBL\Core\Src\stm32n6xx_it.c
2025-09-02 17:46:58,761 [INFO] CodeEngine:265 - oldGeneratedFile, C:\ST\AB_LSTM\AB_LSTM\FSBL\Core\Inc\stm32n6xx_it.h_save
2025-09-02 17:46:58,851 [INFO] CodeEngine:289 - Generated code: C:\ST\AB_LSTM\AB_LSTM\FSBL\Core\Inc\stm32n6xx_it.h
2025-09-02 17:46:58,960 [INFO] CodeEngine:265 - oldGeneratedFile, C:\ST\AB_LSTM\AB_LSTM\FSBL\Core\Src\stm32n6xx_hal_msp.c_save
2025-09-02 17:46:59,179 [INFO] CodeEngine:289 - Generated code: C:\ST\AB_LSTM\AB_LSTM\FSBL\Core\Src\stm32n6xx_hal_msp.c
2025-09-02 17:46:59,190 [INFO] CodeEngine:265 - oldGeneratedFile, C:\ST\AB_LSTM\AB_LSTM\FSBL\MXTmpFiles\system.tmp_save
2025-09-02 17:46:59,254 [INFO] CodeEngine:289 - Generated code: C:\ST\AB_LSTM\AB_LSTM\FSBL\MXTmpFiles\system.tmp
2025-09-02 17:46:59,276 [INFO] CodeEngine:321 - oldGeneratedFile, C:\ST\AB_LSTM\AB_LSTM\FSBL\Core\Inc\stm32n6xx_hal_conf.h_save
2025-09-02 17:46:59,410 [INFO] CodeEngine:345 - Generated code: C:\ST\AB_LSTM\AB_LSTM\FSBL\Core\Inc\stm32n6xx_hal_conf.h
2025-09-02 17:46:59,426 [WARN] IPConfigManager:3238 - Warning: the RefConfig RCC_ConfigVoltageScaling is not available in your config.xml file
2025-09-02 17:46:59,432 [WARN] IPConfigManager:3238 - Warning: the RefConfig RCC_RTC_HSEDIV is not available in your config.xml file
2025-09-02 17:46:59,439 [ERROR] ApiDbMcu:560 - Cannot parse XSPIM_Config file : file do not exist
2025-09-02 17:46:59,452 [INFO] CodeEngine:265 - oldGeneratedFile, C:\ST\AB_LSTM\AB_LSTM\FSBL\Core\Inc\main.h_save
2025-09-02 17:46:59,604 [INFO] CodeEngine:289 - Generated code: C:\ST\AB_LSTM\AB_LSTM\FSBL\Core\Inc\main.h
2025-09-02 17:46:59,612 [INFO] CodeEngine:265 - oldGeneratedFile, C:\ST\AB_LSTM\AB_LSTM\FSBL\Core\Src\main.c_save
2025-09-02 17:46:59,827 [INFO] CodeEngine:289 - Generated code: C:\ST\AB_LSTM\AB_LSTM\FSBL\Core\Src\main.c
2025-09-02 17:46:59,887 [INFO] CodeGenerator:1619 - *******************Project context Appli selected
2025-09-02 17:46:59,922 [INFO] IP:3329 - RTE Config file name : RTE_Component
2025-09-02 17:46:59,922 [INFO] IP:3347 - RTE template : RTE_Components.ftl
2025-09-02 17:46:59,932 [INFO] CodeEngine:265 - oldGeneratedFile, C:\ST\AB_LSTM\AB_LSTM\MXTmpFiles\license.tmp_save
2025-09-02 17:47:00,010 [INFO] CodeEngine:289 - Generated code: C:\ST\AB_LSTM\AB_LSTM\MXTmpFiles\license.tmp
2025-09-02 17:47:00,031 [INFO] CodeEngine:265 - oldGeneratedFile, C:\ST\AB_LSTM\AB_LSTM\Appli\MXTmpFiles\gpio.tmp_save
2025-09-02 17:47:00,144 [INFO] CodeEngine:289 - Generated code: C:\ST\AB_LSTM\AB_LSTM\Appli\MXTmpFiles\gpio.tmp
2025-09-02 17:47:00,225 [WARN] IPConfigManager:103 - WARNING: Missing Config File for NVIC ip!!
2025-09-02 17:47:00,301 [INFO] Middleware:1452 - No code input for Bsp Dependency
2025-09-02 17:47:00,302 [INFO] Middleware:1452 - No code input for Bsp Dependency
2025-09-02 17:47:00,302 [INFO] IP:3329 - RTE Config file name : RTE_Component
2025-09-02 17:47:00,302 [INFO] IP:3347 - RTE template : RTE_Components.ftl
2025-09-02 17:47:00,313 [INFO] CodeEngine:265 - oldGeneratedFile, C:\ST\AB_LSTM\AB_LSTM\Appli\MXTmpFiles\cortex.tmp_save
2025-09-02 17:47:00,398 [INFO] CodeEngine:289 - Generated code: C:\ST\AB_LSTM\AB_LSTM\Appli\MXTmpFiles\cortex.tmp
2025-09-02 17:47:00,420 [INFO] CodeEngine:265 - oldGeneratedFile, C:\ST\AB_LSTM\AB_LSTM\Appli\Core\Inc\stm32n6xx_nucleo_conf.h_save
2025-09-02 17:47:00,564 [INFO] CodeEngine:289 - Generated code: C:\ST\AB_LSTM\AB_LSTM\Appli\Core\Inc\stm32n6xx_nucleo_conf.h
2025-09-02 17:47:00,569 [INFO] CodeEngine:265 - oldGeneratedFile, C:\ST\AB_LSTM\AB_LSTM\Appli\MXTmpFiles\bsp_inc.tmp_save
2025-09-02 17:47:00,624 [INFO] CodeEngine:289 - Generated code: C:\ST\AB_LSTM\AB_LSTM\Appli\MXTmpFiles\bsp_inc.tmp
2025-09-02 17:47:00,637 [INFO] CodeEngine:265 - oldGeneratedFile, C:\ST\AB_LSTM\AB_LSTM\Appli\MXTmpFiles\bsp_common_vars.tmp_save
2025-09-02 17:47:00,676 [INFO] CodeEngine:289 - Generated code: C:\ST\AB_LSTM\AB_LSTM\Appli\MXTmpFiles\bsp_common_vars.tmp
2025-09-02 17:47:00,679 [INFO] CodeEngine:265 - oldGeneratedFile, C:\ST\AB_LSTM\AB_LSTM\Appli\MXTmpFiles\bsp_common_init.tmp_save
2025-09-02 17:47:00,729 [INFO] CodeEngine:289 - Generated code: C:\ST\AB_LSTM\AB_LSTM\Appli\MXTmpFiles\bsp_common_init.tmp
2025-09-02 17:47:00,739 [INFO] CodeEngine:265 - oldGeneratedFile, C:\ST\AB_LSTM\AB_LSTM\Appli\MXTmpFiles\bsp_common_demo_before_while.tmp_save
2025-09-02 17:47:00,766 [INFO] CodeEngine:289 - Generated code: C:\ST\AB_LSTM\AB_LSTM\Appli\MXTmpFiles\bsp_common_demo_before_while.tmp
2025-09-02 17:47:00,766 [INFO] CodeEngine:265 - oldGeneratedFile, C:\ST\AB_LSTM\AB_LSTM\Appli\MXTmpFiles\bsp_common_demo_inside_while.tmp_save
2025-09-02 17:47:00,798 [INFO] CodeEngine:289 - Generated code: C:\ST\AB_LSTM\AB_LSTM\Appli\MXTmpFiles\bsp_common_demo_inside_while.tmp
2025-09-02 17:47:00,813 [INFO] CodeEngine:265 - oldGeneratedFile, C:\ST\AB_LSTM\AB_LSTM\Appli\MXTmpFiles\bsp_common_demo_fct.tmp_save
2025-09-02 17:47:00,849 [INFO] CodeEngine:289 - Generated code: C:\ST\AB_LSTM\AB_LSTM\Appli\MXTmpFiles\bsp_common_demo_fct.tmp
2025-09-02 17:47:00,849 [INFO] Middleware:1452 - No code input for Bsp Dependency
2025-09-02 17:47:00,849 [INFO] Middleware:1452 - No code input for Bsp Dependency
2025-09-02 17:47:00,849 [INFO] IP:3329 - RTE Config file name : RTE_Component
2025-09-02 17:47:00,849 [INFO] IP:3347 - RTE template : RTE_Components.ftl
2025-09-02 17:47:00,849 [INFO] CodeEngine:265 - oldGeneratedFile, C:\ST\AB_LSTM\AB_LSTM\Appli\X-CUBE-AI\App\app_x-cube-ai.h_save
2025-09-02 17:47:01,017 [INFO] CodeEngine:289 - Generated code: C:\ST\AB_LSTM\AB_LSTM\Appli\X-CUBE-AI\App\app_x-cube-ai.h
2025-09-02 17:47:01,017 [INFO] CodeEngine:265 - oldGeneratedFile, C:\ST\AB_LSTM\AB_LSTM\Appli\X-CUBE-AI\constants_ai.h_save
2025-09-02 17:47:01,098 [INFO] CodeEngine:289 - Generated code: C:\ST\AB_LSTM\AB_LSTM\Appli\X-CUBE-AI\constants_ai.h
2025-09-02 17:47:01,103 [INFO] CodeEngine:265 - oldGeneratedFile, C:\ST\AB_LSTM\AB_LSTM\Appli\X-CUBE-AI\App\app_x-cube-ai.c_save
2025-09-02 17:47:01,206 [INFO] CodeEngine:289 - Generated code: C:\ST\AB_LSTM\AB_LSTM\Appli\X-CUBE-AI\App\app_x-cube-ai.c
2025-09-02 17:47:01,247 [INFO] CodeEngine:265 - oldGeneratedFile, C:\ST\AB_LSTM\AB_LSTM\Appli\Core\Src\stm32n6xx_it.c_save
2025-09-02 17:47:01,416 [INFO] CodeEngine:289 - Generated code: C:\ST\AB_LSTM\AB_LSTM\Appli\Core\Src\stm32n6xx_it.c
2025-09-02 17:47:01,422 [INFO] CodeEngine:265 - oldGeneratedFile, C:\ST\AB_LSTM\AB_LSTM\Appli\Core\Inc\stm32n6xx_it.h_save
2025-09-02 17:47:01,478 [INFO] CodeEngine:289 - Generated code: C:\ST\AB_LSTM\AB_LSTM\Appli\Core\Inc\stm32n6xx_it.h
2025-09-02 17:47:01,483 [INFO] IP:3329 - RTE Config file name : RTE_Component
2025-09-02 17:47:01,483 [INFO] IP:3347 - RTE template : RTE_Components.ftl
2025-09-02 17:47:01,483 [INFO] CodeGenerator:2312 - Add RTE Code Input 
2025-09-02 17:47:01,483 [INFO] CodeEngine:265 - oldGeneratedFile, C:\ST\AB_LSTM\AB_LSTM\Appli\Core\Inc\RTE_Components.h_save
2025-09-02 17:47:01,598 [INFO] CodeEngine:289 - Generated code: C:\ST\AB_LSTM\AB_LSTM\Appli\Core\Inc\RTE_Components.h
2025-09-02 17:47:01,614 [INFO] CodeEngine:265 - oldGeneratedFile, C:\ST\AB_LSTM\AB_LSTM\Appli\MXTmpFiles\RIFInit.tmp_save
2025-09-02 17:47:01,699 [INFO] CodeEngine:289 - Generated code: C:\ST\AB_LSTM\AB_LSTM\Appli\MXTmpFiles\RIFInit.tmp
2025-09-02 17:47:01,764 [INFO] CodeEngine:265 - oldGeneratedFile, C:\ST\AB_LSTM\AB_LSTM\Appli\Core\Src\stm32n6xx_hal_msp.c_save
2025-09-02 17:47:01,965 [INFO] CodeEngine:289 - Generated code: C:\ST\AB_LSTM\AB_LSTM\Appli\Core\Src\stm32n6xx_hal_msp.c
2025-09-02 17:47:01,970 [INFO] CodeEngine:265 - oldGeneratedFile, C:\ST\AB_LSTM\AB_LSTM\Appli\MXTmpFiles\system.tmp_save
2025-09-02 17:47:02,000 [INFO] CodeEngine:289 - Generated code: C:\ST\AB_LSTM\AB_LSTM\Appli\MXTmpFiles\system.tmp
2025-09-02 17:47:02,010 [INFO] CodeEngine:321 - oldGeneratedFile, C:\ST\AB_LSTM\AB_LSTM\Appli\Core\Inc\stm32n6xx_hal_conf.h_save
2025-09-02 17:47:02,133 [INFO] CodeEngine:345 - Generated code: C:\ST\AB_LSTM\AB_LSTM\Appli\Core\Inc\stm32n6xx_hal_conf.h
2025-09-02 17:47:02,145 [WARN] IPConfigManager:3238 - Warning: the RefConfig RCC_ConfigVoltageScaling is not available in your config.xml file
2025-09-02 17:47:02,146 [WARN] IPConfigManager:3238 - Warning: the RefConfig RCC_RTC_HSEDIV is not available in your config.xml file
2025-09-02 17:47:02,155 [WARN] IPConfigManager:3811 - IP not found : TIM
2025-09-02 17:47:02,155 [WARN] CodeGenerator:4259 - IP not found : null
2025-09-02 17:47:02,162 [INFO] CodeEngine:265 - oldGeneratedFile, C:\ST\AB_LSTM\AB_LSTM\Appli\Core\Inc\main.h_save
2025-09-02 17:47:02,327 [INFO] CodeEngine:289 - Generated code: C:\ST\AB_LSTM\AB_LSTM\Appli\Core\Inc\main.h
2025-09-02 17:47:02,337 [INFO] CodeEngine:265 - oldGeneratedFile, C:\ST\AB_LSTM\AB_LSTM\Appli\Core\Src\main.c_save
2025-09-02 17:47:02,470 [INFO] CodeEngine:289 - Generated code: C:\ST\AB_LSTM\AB_LSTM\Appli\Core\Src\main.c
2025-09-02 17:47:02,480 [INFO] CodeEngine:265 - oldGeneratedFile, C:\ST\AB_LSTM\AB_LSTM\Appli\Core\Src\secure_nsc.c_save
2025-09-02 17:47:02,591 [INFO] CodeEngine:289 - Generated code: C:\ST\AB_LSTM\AB_LSTM\Appli\Core\Src\secure_nsc.c
2025-09-02 17:47:02,597 [INFO] CodeEngine:265 - oldGeneratedFile, C:\ST\AB_LSTM\AB_LSTM\Appli\Core\Inc\partition_stm32n657xx.h_save
2025-09-02 17:47:02,674 [INFO] CodeEngine:289 - Generated code: C:\ST\AB_LSTM\AB_LSTM\Appli\Core\Inc\partition_stm32n657xx.h
2025-09-02 17:47:02,680 [INFO] CodeEngine:265 - oldGeneratedFile, C:\ST\AB_LSTM\AB_LSTM\Secure_nsclib\secure_nsc.h_save
2025-09-02 17:47:02,740 [INFO] CodeEngine:289 - Generated code: C:\ST\AB_LSTM\AB_LSTM\Secure_nsclib\secure_nsc.h
2025-09-02 17:47:02,767 [INFO] CodeGenerator:1707 - *******************Project context ExtMemLoader Not selected
2025-09-02 17:47:03,685 [INFO] AInterface:322 - ModelName:network; files:[C:\Users\ZOJOLDRI\OneDrive - Carl Zeiss AG\Dokumente\Zeiss\SMT\Bachelor\AB Encoder Model\AB_Encoder_Synthetic_Data\lstm_ab_encoder.h5]; type:Keras; compression:None
2025-09-02 17:47:03,686 [INFO] AInterface:526 - workspaceTempDir: C:/Users/ZOJOLDRI/AppData/Local/Temp/mxAI_workspace10622606743014009661993819077495926
2025-09-02 17:47:03,686 [INFO] AInterface:1176 - Setting Env: C:/Users/ZOJOLDRI/STM32Cube/Repository/Packs/STMicroelectronics/X-CUBE-AI/10.2.0/Utilities/windows
2025-09-02 17:47:03,696 [INFO] STM32CubeIDEBuilder:265 - Looking for gnu-tools-for-stm32 tools/bin/arm-none-eabi-gcc.exe in C:\ST\STM32CubeIDE_1.19.0\STM32CubeIDE
2025-09-02 17:47:03,697 [INFO] STM32CubeIDEBuilder:294 - checking C:\ST\STM32CubeIDE_1.19.0\STM32CubeIDE\plugins\com.st.stm32cube.ide.mcu.externaltools.gnu-tools-for-stm32.13.3.rel1.win32_1.0.0.202411081344\tools\bin\arm-none-eabi-gcc.exe
2025-09-02 17:47:03,697 [INFO] STM32CubeIDEBuilder:297 - ret=C:\ST\STM32CubeIDE_1.19.0\STM32CubeIDE\plugins\com.st.stm32cube.ide.mcu.externaltools.gnu-tools-for-stm32.13.3.rel1.win32_1.0.0.202411081344\tools\bin\arm-none-eabi-gcc.exe
2025-09-02 17:47:03,697 [INFO] STM32CubeIDEBuilder:311 - returning C:\ST\STM32CubeIDE_1.19.0\STM32CubeIDE\plugins\com.st.stm32cube.ide.mcu.externaltools.gnu-tools-for-stm32.13.3.rel1.win32_1.0.0.202411081344\tools\bin\arm-none-eabi-gcc.exe
2025-09-02 17:47:03,698 [INFO] AInterface:1233 - Custom PATH variable: C:/Users/ZOJOLDRI/STM32Cube/Repository/Packs/STMicroelectronics/X-CUBE-AI/10.2.0/Utilities/windows;C:/Users/ZOJOLDRI/STM32Cube/Repository/Packs/STMicroelectronics/X-CUBE-AI/10.2.0/Utilities/windows/mingw64/bin;C:/Users/ZOJOLDRI/STM32Cube/Repository/Packs/STMicroelectronics/X-CUBE-AI/10.2.0/Utilities/windows/mingw64/libexec/gcc/x86_64-w64-mingw32/7.3.0;;C:\ST\STM32CubeIDE_1.19.0\STM32CubeIDE\plugins\com.st.stm32cube.ide.mcu.externaltools.gnu-tools-for-stm32.13.3.rel1.win32_1.0.0.202411081344\tools\bin
2025-09-02 17:47:03,700 [INFO] CmdLine:115 - Command: C:/Users/ZOJOLDRI/STM32Cube/Repository/Packs/STMicroelectronics/X-CUBE-AI/10.2.0/Utilities/windows/stedgeai.exe generate --target stm32n6 --name network -m C:/Users/ZOJOLDRI/OneDrive - Carl Zeiss AG/Dokumente/Zeiss/SMT/Bachelor/AB Encoder Model/AB_Encoder_Synthetic_Data/lstm_ab_encoder.h5 --compression none --verbosity 1 --workspace C:/Users/ZOJOLDRI/AppData/Local/Temp/mxAI_workspace10622606743014009661993819077495926 --output C:/Users/ZOJOLDRI/.stm32cubemx/network_output
2025-09-02 17:47:03,700 [INFO] AIModelDetailledView:2380 - Analysis status: pending
2025-09-02 17:47:11,263 [INFO] CmdLine:76 - ST Edge AI Core v2.2.0-20266 2adc00962
2025-09-02 17:48:16,523 [INFO] CmdLine:76 - Creating c (debug) info json file C:\Users\ZOJOLDRI\.stm32cubemx\network_output\network_c_info.json
2025-09-02 17:48:16,539 [INFO] CmdLine:76 -  
2025-09-02 17:48:16,539 [INFO] CmdLine:76 -  Exec/report summary (generate)
2025-09-02 17:48:16,539 [INFO] CmdLine:76 -  ---------------------------------------------------------------------------------------------------------------------------------------------------------------
2025-09-02 17:48:16,539 [INFO] CmdLine:76 -  model file         :   C:\Users\ZOJOLDRI\OneDrive - Carl Zeiss AG\Dokumente\Zeiss\SMT\Bachelor\AB Encoder Model\AB_Encoder_Synthetic_Data\lstm_ab_encoder.h5   
2025-09-02 17:48:16,539 [INFO] CmdLine:76 -  type               :   keras                                                                                                                                   
2025-09-02 17:48:16,539 [INFO] CmdLine:76 -  c_name             :   network                                                                                                                                 
2025-09-02 17:48:16,540 [INFO] CmdLine:76 -  compression        :   none                                                                                                                                    
2025-09-02 17:48:16,540 [INFO] CmdLine:76 -  options            :   allocate-inputs, allocate-outputs                                                                                                       
2025-09-02 17:48:16,540 [INFO] CmdLine:76 -  optimization       :   balanced                                                                                                                                
2025-09-02 17:48:16,540 [INFO] CmdLine:76 -  target/series      :   stm32n6                                                                                                                                 
2025-09-02 17:48:16,540 [INFO] CmdLine:76 -  workspace dir      :   C:\Users\ZOJOLDRI\AppData\Local\Temp\mxAI_workspace10622606743014009661993819077495926                                                  
2025-09-02 17:48:16,540 [INFO] CmdLine:76 -  output dir         :   C:\Users\ZOJOLDRI\.stm32cubemx\network_output                                                                                           
2025-09-02 17:48:16,541 [INFO] CmdLine:76 -  model_fmt          :   float                                                                                                                                   
2025-09-02 17:48:16,541 [INFO] CmdLine:76 -  model_name         :   lstm_ab_encoder                                                                                                                         
2025-09-02 17:48:16,541 [INFO] CmdLine:76 -  model_hash         :   0xb9e6d1f2f93291781e52f63e3d49d785                                                                                                      
2025-09-02 17:48:16,541 [INFO] CmdLine:76 -  params #           :   6,083 items (23.76 KiB)                                                                                                                 
2025-09-02 17:48:16,541 [INFO] CmdLine:76 -  ---------------------------------------------------------------------------------------------------------------------------------------------------------------
2025-09-02 17:48:16,541 [INFO] CmdLine:76 -  input 1/1          :   'input_0', f32(1x20x10), 800 Bytes, activations                                                                                         
2025-09-02 17:48:16,541 [INFO] CmdLine:76 -  output 1/1         :   'output', f32(1x3), 12 Bytes, activations                                                                                               
2025-09-02 17:48:16,542 [INFO] CmdLine:76 -  macc               :   111,360                                                                                                                                 
2025-09-02 17:48:16,542 [INFO] CmdLine:76 -  weights (ro)       :   24,716 B (24.14 KiB) (1 segment) / +384(+1.6%) vs float model                                                                           
2025-09-02 17:48:16,542 [INFO] CmdLine:76 -  activations (rw)   :   1,824 B (1.78 KiB) (1 segment) *                                                                                                        
2025-09-02 17:48:16,542 [INFO] CmdLine:76 -  ram (total)        :   1,824 B (1.78 KiB) = 1,824 + 0 + 0                                                                                                      
2025-09-02 17:48:16,542 [INFO] CmdLine:76 -  ---------------------------------------------------------------------------------------------------------------------------------------------------------------
2025-09-02 17:48:16,542 [INFO] CmdLine:76 -  (*) 'input'/'output' buffers are allocated in the activations buffer
2025-09-02 17:48:16,543 [INFO] CmdLine:76 - Computing AI RT data/code size (target=stm32n6)..
2025-09-02 17:48:22,694 [INFO] CmdLine:76 -  Requested memory size by section - "stm32n6" target
2025-09-02 17:48:22,695 [INFO] CmdLine:76 -  ------------------------------- -------- -------- ------- -------
2025-09-02 17:48:22,695 [INFO] CmdLine:76 -  module                              text   rodata    data     bss
2025-09-02 17:48:22,695 [INFO] CmdLine:76 -  ------------------------------- -------- -------- ------- -------
2025-09-02 17:48:22,695 [INFO] CmdLine:76 -  NetworkRuntime1020_CM55_GCC.a     15,800       32       0       0
2025-09-02 17:48:22,695 [INFO] CmdLine:76 -  network.o                            592       40   1,888     136
2025-09-02 17:48:22,696 [INFO] CmdLine:76 -  network_data.o                        48       16      88       0
2025-09-02 17:48:22,696 [INFO] CmdLine:76 -  lib (toolchain)*                   1,132      340       0       0
2025-09-02 17:48:22,696 [INFO] CmdLine:76 -  ------------------------------- -------- -------- ------- -------
2025-09-02 17:48:22,696 [INFO] CmdLine:76 -  RT total**                        17,572      428   1,976     136
2025-09-02 17:48:22,696 [INFO] CmdLine:76 -  ------------------------------- -------- -------- ------- -------
2025-09-02 17:48:22,698 [INFO] CmdLine:76 -  weights                                0   24,720       0       0
2025-09-02 17:48:22,698 [INFO] CmdLine:76 -  activations                            0        0       0   1,824
2025-09-02 17:48:22,698 [INFO] CmdLine:76 -  io                                     0        0       0       0
2025-09-02 17:48:22,698 [INFO] CmdLine:76 -  ------------------------------- -------- -------- ------- -------
2025-09-02 17:48:22,698 [INFO] CmdLine:76 -  TOTAL                             17,572   25,148   1,976   1,960
2025-09-02 17:48:22,698 [INFO] CmdLine:76 -  ------------------------------- -------- -------- ------- -------
2025-09-02 17:48:22,698 [INFO] CmdLine:76 -  *  toolchain objects (libm/libgcc*)
2025-09-02 17:48:22,698 [INFO] CmdLine:76 -  ** RT AI runtime objects (kernels+infrastructure)
2025-09-02 17:48:22,699 [INFO] CmdLine:76 -   Summary - "stm32n6" target
2025-09-02 17:48:22,699 [INFO] CmdLine:76 -   ---------------------------------------------------
2025-09-02 17:48:22,699 [INFO] CmdLine:76 -                FLASH (ro)      %*   RAM (rw)       %
2025-09-02 17:48:22,700 [INFO] CmdLine:76 -   ---------------------------------------------------
2025-09-02 17:48:22,700 [INFO] CmdLine:76 -   RT total         19,976   44.7%      2,112   53.7%
2025-09-02 17:48:22,701 [INFO] CmdLine:76 -   ---------------------------------------------------
2025-09-02 17:48:22,701 [INFO] CmdLine:76 -   TOTAL            44,696              3,936
2025-09-02 17:48:22,701 [INFO] CmdLine:76 -   ---------------------------------------------------
2025-09-02 17:48:22,701 [INFO] CmdLine:76 -   *  rt/total
2025-09-02 17:48:22,701 [INFO] CmdLine:76 -  Generated files (7)
2025-09-02 17:48:22,702 [INFO] CmdLine:76 -  ---------------------------------------------------------------------
2025-09-02 17:48:22,702 [INFO] CmdLine:76 -  C:\Users\ZOJOLDRI\.stm32cubemx\network_output\network_data_params.h
2025-09-02 17:48:22,702 [INFO] CmdLine:76 -  C:\Users\ZOJOLDRI\.stm32cubemx\network_output\network_data_params.c
2025-09-02 17:48:22,702 [INFO] CmdLine:76 -  C:\Users\ZOJOLDRI\.stm32cubemx\network_output\network_data.h
2025-09-02 17:48:22,702 [INFO] CmdLine:76 -  C:\Users\ZOJOLDRI\.stm32cubemx\network_output\network_data.c
2025-09-02 17:48:22,702 [INFO] CmdLine:76 -  C:\Users\ZOJOLDRI\.stm32cubemx\network_output\network_config.h
2025-09-02 17:48:22,702 [INFO] CmdLine:76 -  C:\Users\ZOJOLDRI\.stm32cubemx\network_output\network.h
2025-09-02 17:48:22,702 [INFO] CmdLine:76 -  C:\Users\ZOJOLDRI\.stm32cubemx\network_output\network.c
2025-09-02 17:48:22,702 [INFO] CmdLine:76 - Creating txt report file C:\Users\ZOJOLDRI\.stm32cubemx\network_output\network_generate_report.txt
2025-09-02 17:48:26,143 [INFO] CmdLine:76 - elapsed time (generate): 74.880s
2025-09-02 17:48:26,524 [INFO] CmdLine:148 - stedgeai exit with status: 0
2025-09-02 17:48:26,536 [INFO] AIModelDetailledView:2380 - Analysis status: done
2025-09-02 17:48:27,348 [INFO] ProjectBuilder:3606 - Time for Copy HAL[1] : 383mS.
2025-09-02 17:48:27,348 [ERROR] Middleware:2950 - Invalid RefComponent list
2025-09-02 17:48:27,348 [ERROR] Middleware:2950 - Invalid RefComponent list
2025-09-02 17:48:27,348 [ERROR] Middleware:2950 - Invalid RefComponent list
2025-09-02 17:48:27,348 [ERROR] Middleware:2950 - Invalid RefComponent list
2025-09-02 17:48:27,348 [ERROR] Middleware:2950 - Invalid RefComponent list
2025-09-02 17:48:27,348 [ERROR] Middleware:2950 - Invalid RefComponent list
2025-09-02 17:48:27,348 [ERROR] Middleware:2950 - Invalid RefComponent list
2025-09-02 17:48:27,348 [ERROR] Middleware:2950 - Invalid RefComponent list
2025-09-02 17:48:27,348 [ERROR] Middleware:2950 - Invalid RefComponent list
2025-09-02 17:48:27,348 [ERROR] Middleware:2950 - Invalid RefComponent list
2025-09-02 17:48:27,348 [ERROR] Middleware:2950 - Invalid RefComponent list
2025-09-02 17:48:27,348 [ERROR] Middleware:2950 - Invalid RefComponent list
2025-09-02 17:48:27,348 [ERROR] Middleware:2950 - Invalid RefComponent list
2025-09-02 17:48:27,348 [ERROR] Middleware:2950 - Invalid RefComponent list
2025-09-02 17:48:27,348 [ERROR] Middleware:2950 - Invalid RefComponent list
2025-09-02 17:48:27,348 [ERROR] Middleware:2950 - Invalid RefComponent list
2025-09-02 17:48:27,348 [ERROR] Middleware:2950 - Invalid RefComponent list
2025-09-02 17:48:27,348 [ERROR] Middleware:2950 - Invalid RefComponent list
2025-09-02 17:48:27,348 [ERROR] Middleware:2950 - Invalid RefComponent list
2025-09-02 17:48:27,348 [ERROR] Middleware:2950 - Invalid RefComponent list
2025-09-02 17:48:27,348 [ERROR] Middleware:2950 - Invalid RefComponent list
2025-09-02 17:48:27,348 [ERROR] Middleware:2950 - Invalid RefComponent list
2025-09-02 17:48:27,348 [ERROR] Middleware:2950 - Invalid RefComponent list
2025-09-02 17:48:27,348 [ERROR] Middleware:2950 - Invalid RefComponent list
2025-09-02 17:48:27,348 [ERROR] Middleware:2950 - Invalid RefComponent list
2025-09-02 17:48:27,348 [ERROR] Middleware:2950 - Invalid RefComponent list
2025-09-02 17:48:27,348 [ERROR] Middleware:2950 - Invalid RefComponent list
2025-09-02 17:48:27,348 [ERROR] Middleware:2950 - Invalid RefComponent list
2025-09-02 17:48:27,348 [ERROR] Middleware:2950 - Invalid RefComponent list
2025-09-02 17:48:27,348 [ERROR] Middleware:2950 - Invalid RefComponent list
2025-09-02 17:48:27,348 [ERROR] Middleware:2950 - Invalid RefComponent list
2025-09-02 17:48:27,348 [ERROR] Middleware:2950 - Invalid RefComponent list
2025-09-02 17:48:27,348 [ERROR] Middleware:2950 - Invalid RefComponent list
2025-09-02 17:48:27,348 [ERROR] Middleware:2950 - Invalid RefComponent list
2025-09-02 17:48:27,348 [ERROR] Middleware:2950 - Invalid RefComponent list
2025-09-02 17:48:27,348 [ERROR] Middleware:2950 - Invalid RefComponent list
2025-09-02 17:48:27,348 [ERROR] Middleware:2950 - Invalid RefComponent list
2025-09-02 17:48:27,349 [ERROR] Middleware:2950 - Invalid RefComponent list
2025-09-02 17:48:27,349 [ERROR] Middleware:2950 - Invalid RefComponent list
2025-09-02 17:48:27,349 [ERROR] Middleware:2950 - Invalid RefComponent list
2025-09-02 17:48:27,349 [ERROR] Middleware:2950 - Invalid RefComponent list
2025-09-02 17:48:27,349 [ERROR] Middleware:2950 - Invalid RefComponent list
2025-09-02 17:48:27,349 [ERROR] Middleware:2950 - Invalid RefComponent list
2025-09-02 17:48:27,349 [ERROR] Middleware:2950 - Invalid RefComponent list
2025-09-02 17:48:27,349 [ERROR] Middleware:2950 - Invalid RefComponent list
2025-09-02 17:48:27,349 [ERROR] Middleware:2950 - Invalid RefComponent list
2025-09-02 17:48:27,349 [ERROR] Middleware:2950 - Invalid RefComponent list
2025-09-02 17:48:27,349 [ERROR] Middleware:2950 - Invalid RefComponent list
2025-09-02 17:48:27,349 [ERROR] Middleware:2950 - Invalid RefComponent list
2025-09-02 17:48:27,349 [ERROR] Middleware:2950 - Invalid RefComponent list
2025-09-02 17:48:27,349 [ERROR] Middleware:2950 - Invalid RefComponent list
2025-09-02 17:48:27,349 [ERROR] Middleware:2950 - Invalid RefComponent list
2025-09-02 17:48:27,349 [ERROR] Middleware:2950 - Invalid RefComponent list
2025-09-02 17:48:27,349 [ERROR] Middleware:2950 - Invalid RefComponent list
2025-09-02 17:48:27,349 [ERROR] Middleware:2950 - Invalid RefComponent list
2025-09-02 17:48:27,349 [ERROR] Middleware:2950 - Invalid RefComponent list
2025-09-02 17:48:27,349 [ERROR] Middleware:2950 - Invalid RefComponent list
2025-09-02 17:48:27,349 [ERROR] Middleware:2950 - Invalid RefComponent list
2025-09-02 17:48:27,349 [ERROR] Middleware:2950 - Invalid RefComponent list
2025-09-02 17:48:27,349 [ERROR] Middleware:2950 - Invalid RefComponent list
2025-09-02 17:48:27,349 [ERROR] Middleware:2950 - Invalid RefComponent list
2025-09-02 17:48:27,349 [ERROR] Middleware:2950 - Invalid RefComponent list
2025-09-02 17:48:27,349 [ERROR] Middleware:2950 - Invalid RefComponent list
2025-09-02 17:48:27,349 [ERROR] Middleware:2950 - Invalid RefComponent list
2025-09-02 17:48:27,349 [ERROR] Middleware:2950 - Invalid RefComponent list
2025-09-02 17:48:27,349 [ERROR] Middleware:2950 - Invalid RefComponent list
2025-09-02 17:48:27,349 [ERROR] Middleware:2950 - Invalid RefComponent list
2025-09-02 17:48:27,349 [ERROR] Middleware:2950 - Invalid RefComponent list
2025-09-02 17:48:27,349 [ERROR] Middleware:2950 - Invalid RefComponent list
2025-09-02 17:48:27,349 [ERROR] Middleware:2950 - Invalid RefComponent list
2025-09-02 17:48:27,363 [INFO] ProjectBuilder:5216 - Project Generator version: 4.7.0-B52
2025-09-02 17:48:27,460 [INFO] ConfigFileManager:1595 - The Die is : DIE486
2025-09-02 17:48:38,062 [INFO] ProjectBuilder:5056 - Time for Generating toolchain IDE Files: 10699mS.
2025-09-02 17:48:38,064 [INFO] ProjectBuilder:3463 - Time for Copy CMSIS : 1mS.
2025-09-02 17:48:38,075 [INFO] ProjectBuilder:3463 - Time for Copy CMSIS : 0mS.
2025-09-02 19:25:28,288 [INFO] NvicIntPanel:101 - NVIC parent = com.st.microxplorer.plugins.ip.nvic.MultiNvicIntPanel[,0,0,0x0,invalid,layout=javax.swing.BoxLayout,alignmentX=0.0,alignmentY=0.0,border=,flags=9,maximumSize=,minimumSize=,preferredSize=]
2025-09-02 19:26:49,381 [INFO] NvicIntPanel:101 - NVIC parent = com.st.microxplorer.plugins.ip.nvic.MultiNvicIntPanel[,0,0,0x0,invalid,layout=javax.swing.BoxLayout,alignmentX=0.0,alignmentY=0.0,border=,flags=9,maximumSize=,minimumSize=,preferredSize=]
2025-09-02 21:47:06,688 [INFO] WebApp:194 - Connection lost
2025-09-02 21:47:06,959 [INFO] WebApp:191 - Connection restablished
2025-09-02 23:26:35,124 [INFO] WebApp:194 - Connection lost
