2025-10-05 00:03:35,218 [INFO] WebApp:194 - Connection lost
2025-10-05 00:03:46,685 [INFO] WebApp:191 - Connection restablished
2025-10-05 00:05:44,944 [INFO] WebApp:194 - Connection lost
2025-10-05 00:05:52,830 [INFO] WebApp:191 - Connection restablished
2025-10-05 12:29:57,311 [INFO] WebApp:194 - Connection lost
2025-10-05 12:29:57,392 [INFO] WebApp:191 - Connection restablished
2025-10-05 17:59:14,554 [INFO] MainUpdater:2872 - connection check result : 10
2025-10-05 17:59:14,554 [INFO] MainUpdater:2872 - connection check result : 10
2025-10-05 17:59:14,586 [ERROR] IocParser:95 - Exception caught: Cannot invoke "java.lang.CharSequence.length()" because "this.text" is null
2025-10-05 17:59:15,066 [INFO] MicroXplorer:468 - Change Database Path : 
2025-10-05 17:59:15,067 [INFO] MicroXplorer:498 - Change Database Version : DB.6.0.150
2025-10-05 17:59:15,214 [ERROR] ProjectManagerView:395 - 
java.lang.NullPointerException: Cannot invoke "javax.swing.JTextField.getText()" because the return value of "java.util.List.get(int)" is null
	at com.st.microxplorer.plugins.projectmanager.gui.ProjectChoiceTab$9.caretUpdate(ProjectChoiceTab.java:2706) ~[filemanager.jar:?]
	at javax.swing.text.JTextComponent.fireCaretUpdate(JTextComponent.java:408) ~[?:?]
	at javax.swing.text.JTextComponent$MutableCaretEvent.fire(JTextComponent.java:4484) ~[?:?]
	at javax.swing.text.JTextComponent$MutableCaretEvent.stateChanged(JTextComponent.java:4506) ~[?:?]
	at javax.swing.text.DefaultCaret.fireStateChanged(DefaultCaret.java:857) ~[?:?]
	at javax.swing.text.DefaultCaret.changeCaretPosition(DefaultCaret.java:1343) ~[?:?]
	at javax.swing.text.DefaultCaret.handleSetDot(DefaultCaret.java:1242) ~[?:?]
	at javax.swing.text.DefaultCaret.setDot(DefaultCaret.java:1223) ~[?:?]
	at javax.swing.text.DefaultCaret$Handler.insertUpdate(DefaultCaret.java:1819) ~[?:?]
	at javax.swing.text.AbstractDocument.fireInsertUpdate(AbstractDocument.java:227) ~[?:?]
	at javax.swing.text.AbstractDocument.handleInsertString(AbstractDocument.java:781) ~[?:?]
	at javax.swing.text.AbstractDocument.insertString(AbstractDocument.java:740) ~[?:?]
	at javax.swing.text.PlainDocument.insertString(PlainDocument.java:131) ~[?:?]
	at javax.swing.text.AbstractDocument.replace(AbstractDocument.java:699) ~[?:?]
	at javax.swing.text.JTextComponent.setText(JTextComponent.java:1725) ~[?:?]
	at com.st.microxplorer.plugins.projectmanager.gui.ProjectChoiceTab.createHeapStackFields(ProjectChoiceTab.java:993) ~[filemanager.jar:?]
	at com.st.microxplorer.plugins.projectmanager.gui.ProjectChoiceTab.buildLinkSettingsPanel(ProjectChoiceTab.java:3813) ~[filemanager.jar:?]
	at com.st.microxplorer.plugins.projectmanager.gui.ProjectChoiceTab.defineWindowsFields(ProjectChoiceTab.java:1987) ~[filemanager.jar:?]
	at com.st.microxplorer.plugins.projectmanager.gui.ProjectChoiceTab.updateSettings(ProjectChoiceTab.java:558) ~[filemanager.jar:?]
	at com.st.microxplorer.plugins.projectmanager.gui.ProjectSettingsPanel.UpdateDialog(ProjectSettingsPanel.java:247) ~[filemanager.jar:?]
	at com.st.microxplorer.plugins.projectmanager.ProjectManagerView.propertyChange(ProjectManagerView.java:392) ~[filemanager.jar:?]
	at java.beans.PropertyChangeSupport.fire(PropertyChangeSupport.java:343) ~[?:?]
	at java.beans.PropertyChangeSupport.firePropertyChange(PropertyChangeSupport.java:335) ~[?:?]
	at java.beans.PropertyChangeSupport.firePropertyChange(PropertyChangeSupport.java:268) ~[?:?]
	at com.st.microxplorer.util.MXPropertyChangeSupport.firePropertyChange(MXPropertyChangeSupport.java:54) ~[STM32CubeMX.jar:?]
	at com.st.microxplorer.mxsystem.MxSystem.closeConfig(MxSystem.java:899) ~[STM32CubeMX.jar:?]
	at com.st.microxplorer.maingui.MainPanel.closeConfig(MainPanel.java:792) ~[STM32CubeMX.jar:?]
	at com.st.microxplorer.plugins.filemanager.engine.OpenFileManager.loadConfigurationFile(OpenFileManager.java:288) ~[filemanager.jar:?]
	at com.st.microxplorer.plugins.filemanager.engine.MainFileManager.userLoadConfig(MainFileManager.java:364) ~[filemanager.jar:?]
	at com.st.microxplorer.plugins.filemanager.engine.MainFileManager.userLoadConfig(MainFileManager.java:342) ~[filemanager.jar:?]
	at com.st.microxplorer.plugins.filemanager.FileManagerView.getSpecificTask(FileManagerView.java:264) ~[filemanager.jar:?]
	at com.st.stm32cube.common.mx.editor.CubeMxEditor.getMxTabbedPaneInstance(CubeMxEditor.java:1198) ~[com.st.stm32cube.common.mx_6.15.0.202507011659/:?]
	at com.st.stm32cube.common.mx.editor.CubeMxEditor$12$1.createSwingComponent(CubeMxEditor.java:1068) ~[com.st.stm32cube.common.mx_6.15.0.202507011659/:?]
	at com.st.stm32cube.common.mx.oss.core.awtswtbridge.EmbeddedSwingComposite.doComponentCreation(EmbeddedSwingComposite.java:492) ~[com.st.stm32cube.common.mx.oss_6.15.0.202507011659/:?]
	at com.st.stm32cube.common.mx.oss.core.awtswtbridge.EmbeddedSwingComposite$4.run(EmbeddedSwingComposite.java:291) ~[com.st.stm32cube.common.mx.oss_6.15.0.202507011659/:?]
	at com.st.stm32cube.common.mx.oss.core.awtswtbridge.AwtEnvironment$2.run(AwtEnvironment.java:166) ~[com.st.stm32cube.common.mx.oss_6.15.0.202507011659/:?]
	at java.awt.event.InvocationEvent.dispatch(InvocationEvent.java:318) ~[?:?]
	at java.awt.EventQueue.dispatchEventImpl(EventQueue.java:773) ~[?:?]
	at java.awt.EventQueue$4.run(EventQueue.java:720) ~[?:?]
	at java.awt.EventQueue$4.run(EventQueue.java:714) ~[?:?]
	at java.security.AccessController.doPrivileged(AccessController.java:400) ~[?:?]
	at java.security.ProtectionDomain$JavaSecurityAccessImpl.doIntersectionPrivilege(ProtectionDomain.java:87) ~[?:?]
	at java.awt.EventQueue.dispatchEvent(EventQueue.java:742) ~[?:?]
	at java.awt.EventDispatchThread.pumpOneEventForFilters(EventDispatchThread.java:203) ~[?:?]
	at java.awt.EventDispatchThread.pumpEventsForFilter(EventDispatchThread.java:124) ~[?:?]
	at java.awt.EventDispatchThread.pumpEventsForHierarchy(EventDispatchThread.java:113) ~[?:?]
	at java.awt.EventDispatchThread.pumpEvents(EventDispatchThread.java:109) ~[?:?]
	at java.awt.EventDispatchThread.pumpEvents(EventDispatchThread.java:101) ~[?:?]
	at java.awt.EventDispatchThread.run(EventDispatchThread.java:90) ~[?:?]
2025-10-05 17:59:15,251 [WARN] ThirdParty:871 - waiting for thirdparty lock release [close project]
2025-10-05 17:59:15,251 [INFO] ThirdParty:873 - entering critical section [close project]
2025-10-05 17:59:15,251 [INFO] ThirdParty:883 - exiting critical section [close project]
2025-10-05 17:59:15,251 [INFO] PinOutPanel:1589 - setPackage(No Configuration,No Configuration)
2025-10-05 17:59:15,267 [INFO] AI:982 - onDisable adding AI com.st.microxplorer.plugins.ip.ai.AI@6ec92d70 on STMicroelectronics.X-CUBE-AI.10.2.0_Appli
2025-10-05 17:59:15,531 [INFO] UtilMem:75 - Begin LoadConfig() Used Memory: 522709576 Bytes (1073741824)
2025-10-05 17:59:15,547 [INFO] MicroXplorer:468 - Change Database Path : 
2025-10-05 17:59:15,547 [INFO] MicroXplorer:498 - Change Database Version : DB.6.0.150
2025-10-05 17:59:15,547 [INFO] OpenFileManager:355 - Change cursor
2025-10-05 17:59:15,775 [INFO] RulesReader:64 - Compatibility file has been processed (317 Rules)
2025-10-05 17:59:15,813 [INFO] Mcu:2029 - Initializing MCU STM32N657X0HxQ STM32N657X0HxQ STM32N657X0H3Q
2025-10-05 17:59:22,688 [INFO] Context:786 - Trying to add GPIOservice into a context  which must be forbidden
2025-10-05 17:59:22,689 [INFO] Context:786 - Trying to add GPIOservice into a context  which must be forbidden
2025-10-05 17:59:22,689 [INFO] Context:786 - Trying to add GPIOservice into a context  which must be forbidden
2025-10-05 17:59:22,689 [INFO] Context:786 - Trying to add GPIOservice into a context  which must be forbidden
2025-10-05 17:59:22,689 [INFO] Context:786 - Trying to add GPIOservice into a context  which must be forbidden
2025-10-05 17:59:24,895 [INFO] ApiDbMcu:532 - Load IP Config File for STMicroelectronics.X-CUBE-AI.10.2.0_Appli
2025-10-05 17:59:25,198 [INFO] ApiDbMcu:532 - Load IP Config File for NUCLEO-N657X0-Q
2025-10-05 17:59:25,380 [INFO] Context:786 - Trying to add GPIOservice into a context  which must be forbidden
2025-10-05 17:59:25,388 [INFO] Context:786 - Trying to add GPIOservice into a context  which must be forbidden
2025-10-05 17:59:25,391 [ERROR] Context:921 - The IP RIF is not set in context FSBL
2025-10-05 17:59:25,396 [INFO] Context:786 - Trying to add GPIOservice into a context  which must be forbidden
2025-10-05 17:59:25,430 [INFO] ImportTextPane:234 - (OptionalMessage_ERROR) Unable to find key (Mcu.IP15) in loaded IOC file
2025-10-05 17:59:25,430 [INFO] ImportTextPane:234 - (OptionalMessage_ERROR) Unknown IP (dummy)
2025-10-05 17:59:25,606 [WARN] ModelIntegratedComponent:63 - No mode defined for component null
2025-10-05 17:59:25,606 [WARN] ModelIntegratedComponent:63 - No mode defined for component null
2025-10-05 17:59:25,606 [WARN] ModelIntegratedComponent:63 - No mode defined for component null
2025-10-05 17:59:25,607 [WARN] ModelIntegratedComponent:63 - No mode defined for component null
2025-10-05 17:59:25,607 [WARN] ModelIntegratedComponent:63 - No mode defined for component null
2025-10-05 17:59:25,607 [WARN] ModelIntegratedComponent:63 - No mode defined for component null
2025-10-05 17:59:25,607 [WARN] ModelIntegratedComponent:63 - No mode defined for component null
2025-10-05 17:59:25,607 [WARN] ModelIntegratedComponent:63 - No mode defined for component null
2025-10-05 17:59:25,607 [WARN] ModelIntegratedComponent:63 - No mode defined for component null
2025-10-05 17:59:25,607 [WARN] ModelIntegratedComponent:63 - No mode defined for component null
2025-10-05 17:59:25,607 [WARN] ModelIntegratedComponent:63 - No mode defined for component null
2025-10-05 17:59:25,607 [WARN] ModelIntegratedComponent:63 - No mode defined for component null
2025-10-05 17:59:25,607 [WARN] ModelIntegratedComponent:63 - No mode defined for component null
2025-10-05 17:59:25,607 [WARN] ModelIntegratedComponent:63 - No mode defined for component null
2025-10-05 17:59:25,609 [WARN] ModelIntegratedComponent:63 - No mode defined for component null
2025-10-05 17:59:25,609 [WARN] ModelIntegratedComponent:63 - No mode defined for component null
2025-10-05 17:59:25,609 [WARN] ModelIntegratedComponent:63 - No mode defined for component null
2025-10-05 17:59:25,609 [WARN] ModelIntegratedComponent:63 - No mode defined for component null
2025-10-05 17:59:25,609 [WARN] ModelIntegratedComponent:63 - No mode defined for component null
2025-10-05 17:59:25,609 [WARN] ModelIntegratedComponent:63 - No mode defined for component null
2025-10-05 17:59:25,609 [WARN] ModelIntegratedComponent:63 - No mode defined for component null
2025-10-05 17:59:25,609 [WARN] ModelIntegratedComponent:63 - No mode defined for component null
2025-10-05 17:59:25,609 [WARN] ModelIntegratedComponent:63 - No mode defined for component null
2025-10-05 17:59:25,609 [WARN] ModelIntegratedComponent:63 - No mode defined for component null
2025-10-05 17:59:25,609 [WARN] ModelIntegratedComponent:63 - No mode defined for component null
2025-10-05 17:59:25,609 [WARN] ModelIntegratedComponent:63 - No mode defined for component null
2025-10-05 17:59:25,609 [WARN] ModelIntegratedComponent:63 - No mode defined for component null
2025-10-05 17:59:25,609 [WARN] ModelIntegratedComponent:63 - No mode defined for component null
2025-10-05 17:59:25,610 [WARN] ModelIntegratedComponent:63 - No mode defined for component null
2025-10-05 17:59:25,610 [WARN] ModelIntegratedComponent:63 - No mode defined for component null
2025-10-05 17:59:25,610 [WARN] ModelIntegratedComponent:63 - No mode defined for component null
2025-10-05 17:59:25,610 [WARN] ModelIntegratedComponent:63 - No mode defined for component null
2025-10-05 17:59:25,610 [WARN] ModelIntegratedComponent:63 - No mode defined for component null
2025-10-05 17:59:25,610 [WARN] ModelIntegratedComponent:63 - No mode defined for component null
2025-10-05 17:59:25,610 [WARN] ModelIntegratedComponent:63 - No mode defined for component null
2025-10-05 17:59:25,610 [WARN] ModelPack:524 - Component already loaded: STMicroelectronics:HAL Drivers:0.0.0:STMicroelectronics:Device:STMicro_Driver:XSPI:HAL::0.0.1:HAL_XSPI
2025-10-05 17:59:25,631 [INFO] RtosManager:558 - Registered RTOS mode: class=RTOS, group=ThreadX, mode=Core, owner=THREADX
2025-10-05 17:59:25,777 [WARN] ModelIntegratedComponent:63 - No mode defined for component null
2025-10-05 17:59:25,777 [WARN] ModelIntegratedComponent:63 - No mode defined for component null
2025-10-05 17:59:25,777 [WARN] ModelIntegratedComponent:63 - No mode defined for component null
2025-10-05 17:59:25,777 [WARN] ModelIntegratedComponent:63 - No mode defined for component null
2025-10-05 17:59:25,777 [WARN] ModelIntegratedComponent:63 - No mode defined for component null
2025-10-05 17:59:25,777 [WARN] ModelIntegratedComponent:63 - No mode defined for component null
2025-10-05 17:59:25,778 [WARN] ModelIntegratedComponent:63 - No mode defined for component null
2025-10-05 17:59:25,778 [WARN] ModelIntegratedComponent:63 - No mode defined for component null
2025-10-05 17:59:25,778 [WARN] ModelIntegratedComponent:63 - No mode defined for component null
2025-10-05 17:59:25,778 [WARN] ModelIntegratedComponent:63 - No mode defined for component null
2025-10-05 17:59:25,778 [WARN] ModelIntegratedComponent:63 - No mode defined for component null
2025-10-05 17:59:25,778 [WARN] ModelIntegratedComponent:63 - No mode defined for component null
2025-10-05 17:59:25,778 [WARN] ModelIntegratedComponent:63 - No mode defined for component null
2025-10-05 17:59:25,778 [WARN] ModelIntegratedComponent:63 - No mode defined for component null
2025-10-05 17:59:25,778 [WARN] ModelIntegratedComponent:63 - No mode defined for component null
2025-10-05 17:59:25,778 [WARN] ModelIntegratedComponent:63 - No mode defined for component null
2025-10-05 17:59:25,778 [WARN] ModelIntegratedComponent:63 - No mode defined for component null
2025-10-05 17:59:25,778 [WARN] ModelIntegratedComponent:63 - No mode defined for component null
2025-10-05 17:59:25,778 [WARN] ModelIntegratedComponent:63 - No mode defined for component null
2025-10-05 17:59:25,778 [WARN] ModelIntegratedComponent:63 - No mode defined for component null
2025-10-05 17:59:25,778 [WARN] ModelIntegratedComponent:63 - No mode defined for component null
2025-10-05 17:59:25,779 [WARN] ModelIntegratedComponent:63 - No mode defined for component null
2025-10-05 17:59:25,779 [WARN] ModelIntegratedComponent:63 - No mode defined for component null
2025-10-05 17:59:25,779 [WARN] ModelIntegratedComponent:63 - No mode defined for component null
2025-10-05 17:59:25,779 [WARN] ModelIntegratedComponent:63 - No mode defined for component null
2025-10-05 17:59:25,779 [WARN] ModelIntegratedComponent:63 - No mode defined for component null
2025-10-05 17:59:25,779 [WARN] ModelIntegratedComponent:63 - No mode defined for component null
2025-10-05 17:59:25,779 [WARN] ModelIntegratedComponent:63 - No mode defined for component null
2025-10-05 17:59:25,779 [WARN] ModelIntegratedComponent:63 - No mode defined for component null
2025-10-05 17:59:25,779 [WARN] ModelIntegratedComponent:63 - No mode defined for component null
2025-10-05 17:59:25,779 [WARN] ModelIntegratedComponent:63 - No mode defined for component null
2025-10-05 17:59:25,779 [WARN] ModelIntegratedComponent:63 - No mode defined for component null
2025-10-05 17:59:25,779 [WARN] ModelIntegratedComponent:63 - No mode defined for component null
2025-10-05 17:59:25,780 [WARN] ModelIntegratedComponent:63 - No mode defined for component null
2025-10-05 17:59:25,780 [WARN] ModelIntegratedComponent:63 - No mode defined for component null
2025-10-05 17:59:25,780 [WARN] ModelPack:524 - Component already loaded: STMicroelectronics:HAL Drivers:0.0.0:STMicroelectronics:Device:STMicro_Driver:XSPI:HAL::0.0.1:HAL_XSPI
2025-10-05 17:59:25,784 [INFO] RtosManager:558 - Registered RTOS mode: class=RTOS, group=ThreadX, mode=Core, owner=THREADX
2025-10-05 17:59:25,838 [WARN] ModelIntegratedComponent:63 - No mode defined for component null
2025-10-05 17:59:25,838 [WARN] ModelIntegratedComponent:63 - No mode defined for component null
2025-10-05 17:59:25,838 [WARN] ModelIntegratedComponent:63 - No mode defined for component null
2025-10-05 17:59:25,838 [WARN] ModelIntegratedComponent:63 - No mode defined for component null
2025-10-05 17:59:25,838 [WARN] ModelIntegratedComponent:63 - No mode defined for component null
2025-10-05 17:59:25,839 [WARN] ModelIntegratedComponent:63 - No mode defined for component null
2025-10-05 17:59:25,839 [WARN] ModelIntegratedComponent:63 - No mode defined for component null
2025-10-05 17:59:25,839 [WARN] ModelIntegratedComponent:63 - No mode defined for component null
2025-10-05 17:59:25,839 [WARN] ModelIntegratedComponent:63 - No mode defined for component null
2025-10-05 17:59:25,839 [WARN] ModelIntegratedComponent:63 - No mode defined for component null
2025-10-05 17:59:25,839 [WARN] ModelIntegratedComponent:63 - No mode defined for component null
2025-10-05 17:59:25,839 [WARN] ModelIntegratedComponent:63 - No mode defined for component null
2025-10-05 17:59:25,839 [WARN] ModelIntegratedComponent:63 - No mode defined for component null
2025-10-05 17:59:25,839 [WARN] ModelIntegratedComponent:63 - No mode defined for component null
2025-10-05 17:59:25,839 [WARN] ModelIntegratedComponent:63 - No mode defined for component null
2025-10-05 17:59:25,840 [WARN] ModelIntegratedComponent:63 - No mode defined for component null
2025-10-05 17:59:25,840 [WARN] ModelIntegratedComponent:63 - No mode defined for component null
2025-10-05 17:59:25,840 [WARN] ModelIntegratedComponent:63 - No mode defined for component null
2025-10-05 17:59:25,840 [WARN] ModelIntegratedComponent:63 - No mode defined for component null
2025-10-05 17:59:25,840 [WARN] ModelIntegratedComponent:63 - No mode defined for component null
2025-10-05 17:59:25,840 [WARN] ModelIntegratedComponent:63 - No mode defined for component null
2025-10-05 17:59:25,840 [WARN] ModelIntegratedComponent:63 - No mode defined for component null
2025-10-05 17:59:25,840 [WARN] ModelIntegratedComponent:63 - No mode defined for component null
2025-10-05 17:59:25,840 [WARN] ModelIntegratedComponent:63 - No mode defined for component null
2025-10-05 17:59:25,840 [WARN] ModelIntegratedComponent:63 - No mode defined for component null
2025-10-05 17:59:25,840 [WARN] ModelIntegratedComponent:63 - No mode defined for component null
2025-10-05 17:59:25,840 [WARN] ModelIntegratedComponent:63 - No mode defined for component null
2025-10-05 17:59:25,841 [WARN] ModelIntegratedComponent:63 - No mode defined for component null
2025-10-05 17:59:25,841 [WARN] ModelIntegratedComponent:63 - No mode defined for component null
2025-10-05 17:59:25,841 [WARN] ModelIntegratedComponent:63 - No mode defined for component null
2025-10-05 17:59:25,841 [WARN] ModelIntegratedComponent:63 - No mode defined for component null
2025-10-05 17:59:25,841 [WARN] ModelIntegratedComponent:63 - No mode defined for component null
2025-10-05 17:59:25,841 [WARN] ModelIntegratedComponent:63 - No mode defined for component null
2025-10-05 17:59:25,841 [WARN] ModelIntegratedComponent:63 - No mode defined for component null
2025-10-05 17:59:25,841 [WARN] ModelIntegratedComponent:63 - No mode defined for component null
2025-10-05 17:59:25,841 [WARN] ModelPack:524 - Component already loaded: STMicroelectronics:HAL Drivers:0.0.0:STMicroelectronics:Device:STMicro_Driver:XSPI:HAL::0.0.1:HAL_XSPI
2025-10-05 17:59:25,845 [INFO] RtosManager:558 - Registered RTOS mode: class=RTOS, group=ThreadX, mode=Core, owner=THREADX
2025-10-05 17:59:25,910 [ERROR] ThirdPartyModel:1051 - Thirdparty pack not in same context : STMicroelectronics.X-CUBE-AI.10.2.0_Appli
2025-10-05 17:59:25,910 [ERROR] ThirdPartyModel:1051 - Thirdparty pack not in same context : STMicroelectronics.X-CUBE-AI.10.2.0_Appli
2025-10-05 17:59:26,680 [INFO] ApiDbMcu:532 - Load IP Config File for EXTMEM_MANAGER
2025-10-05 17:59:26,696 [INFO] ThirdPartyModel:298 - Start build external matchings
2025-10-05 17:59:26,919 [INFO] ThirdPartyModel:316 - End build external matchings
2025-10-05 17:59:26,925 [INFO] ThirdPartyModel:298 - Start build external matchings
2025-10-05 17:59:27,153 [INFO] ThirdPartyModel:316 - End build external matchings
2025-10-05 17:59:27,158 [INFO] ThirdPartyModel:298 - Start build external matchings
2025-10-05 17:59:27,382 [INFO] ThirdPartyModel:316 - End build external matchings
2025-10-05 17:59:27,390 [INFO] ImportTextPane:234 - (OptionalMessage_ERROR) IP (CORTEX_M55_FSBL) : Invalid parameter (Attributes0)
2025-10-05 17:59:27,391 [INFO] ImportTextPane:234 - (OptionalMessage_ERROR) IP (CORTEX_M55_FSBL) : Invalid parameter (Memorytype0)
2025-10-05 17:59:27,391 [INFO] ImportTextPane:234 - (OptionalMessage_ERROR) IP (CORTEX_M55_FSBL) : Parameter (CacheableAttribute0) has invalid value (MPU_WRITE_BACK)
2025-10-05 17:59:27,391 [INFO] ImportTextPane:234 - (OptionalMessage_ERROR) IP (CORTEX_M55_FSBL) : Parameter (TransientAttribute0) has invalid value (MPU_NON_TRANSIENT)
2025-10-05 17:59:27,391 [INFO] ImportTextPane:234 - (OptionalMessage_ERROR) IP (CORTEX_M55_FSBL) : Parameter (AllocateAttribute0) has invalid value (MPU_R_ALLOCATE)
2025-10-05 17:59:27,392 [WARN] IP:2250 - RefParam_XIP_memory not found: check if there is a RefParameter without a condition.
2025-10-05 17:59:27,392 [WARN] IP:2250 - RefParam_MEMORY_1_Size not found: check if there is a RefParameter without a condition.
2025-10-05 17:59:27,392 [WARN] IP:2250 - RefParam_MEMORY_1_FreqMax not found: check if there is a RefParameter without a condition.
2025-10-05 17:59:27,392 [WARN] IP:2250 - RefParam_MEMORY_1_ReadReg not found: check if there is a RefParameter without a condition.
2025-10-05 17:59:27,392 [WARN] IP:2250 - RefParam_MEMORY_1_WriteReg not found: check if there is a RefParameter without a condition.
2025-10-05 17:59:27,392 [WARN] IP:2250 - RefParam_MEMORY_1_RegSize not found: check if there is a RefParameter without a condition.
2025-10-05 17:59:27,392 [WARN] IP:2250 - RefParam_MEMORY_1_RegDummyCycle not found: check if there is a RefParameter without a condition.
2025-10-05 17:59:27,392 [WARN] IP:2250 - RefParam_MEMORY_1_WriteCommand not found: check if there is a RefParameter without a condition.
2025-10-05 17:59:27,392 [WARN] IP:2250 - RefParam_MEMORY_1_WriteDummyCycle not found: check if there is a RefParameter without a condition.
2025-10-05 17:59:27,392 [WARN] IP:2250 - RefParam_MEMORY_1_ReadCommand not found: check if there is a RefParameter without a condition.
2025-10-05 17:59:27,392 [WARN] IP:2250 - RefParam_MEMORY_1_WrapReadCommand not found: check if there is a RefParameter without a condition.
2025-10-05 17:59:27,392 [WARN] IP:2250 - RefParam_MEMORY_1_ReadDummyCycle not found: check if there is a RefParameter without a condition.
2025-10-05 17:59:27,392 [WARN] IP:2250 - RefParam_MEMORY_1_NumberOfConfig not found: check if there is a RefParameter without a condition.
2025-10-05 17:59:27,392 [WARN] IP:2250 - RefParam_MEMORY_1_Config1_WriteMask not found: check if there is a RefParameter without a condition.
2025-10-05 17:59:27,392 [WARN] IP:2250 - RefParam_MEMORY_1_Config1_WriteValue not found: check if there is a RefParameter without a condition.
2025-10-05 17:59:27,392 [WARN] IP:2250 - RefParam_MEMORY_1_Config1_RegAddress not found: check if there is a RefParameter without a condition.
2025-10-05 17:59:27,392 [WARN] IP:2250 - RefParam_MEMORY_1_Config2_WriteMask not found: check if there is a RefParameter without a condition.
2025-10-05 17:59:27,392 [WARN] IP:2250 - RefParam_MEMORY_1_Config2_WriteValue not found: check if there is a RefParameter without a condition.
2025-10-05 17:59:27,392 [WARN] IP:2250 - RefParam_MEMORY_1_Config2_RegAddress not found: check if there is a RefParameter without a condition.
2025-10-05 17:59:27,393 [WARN] IP:2250 - RefParam_MEMORY_1_Config3_WriteMask not found: check if there is a RefParameter without a condition.
2025-10-05 17:59:27,393 [WARN] IP:2250 - RefParam_MEMORY_1_Config3_WriteValue not found: check if there is a RefParameter without a condition.
2025-10-05 17:59:27,393 [WARN] IP:2250 - RefParam_MEMORY_1_Config3_RegAddress not found: check if there is a RefParameter without a condition.
2025-10-05 17:59:27,393 [WARN] IP:2250 - RefParam_MEMORY_2_Instance not found: check if there is a RefParameter without a condition.
2025-10-05 17:59:27,393 [WARN] IP:2250 - RefParam_MEMORY_2_ConfigType not found: check if there is a RefParameter without a condition.
2025-10-05 17:59:27,393 [WARN] IP:2250 - RefParam_MEMORY_2_Size not found: check if there is a RefParameter without a condition.
2025-10-05 17:59:27,393 [WARN] IP:2250 - RefParam_MEMORY_2_FreqMax not found: check if there is a RefParameter without a condition.
2025-10-05 17:59:27,393 [WARN] IP:2250 - RefParam_MEMORY_2_ReadReg not found: check if there is a RefParameter without a condition.
2025-10-05 17:59:27,393 [WARN] IP:2250 - RefParam_MEMORY_2_WriteReg not found: check if there is a RefParameter without a condition.
2025-10-05 17:59:27,393 [WARN] IP:2250 - RefParam_MEMORY_2_RegSize not found: check if there is a RefParameter without a condition.
2025-10-05 17:59:27,393 [WARN] IP:2250 - RefParam_MEMORY_2_RegDummyCycle not found: check if there is a RefParameter without a condition.
2025-10-05 17:59:27,393 [WARN] IP:2250 - RefParam_MEMORY_2_WriteCommand not found: check if there is a RefParameter without a condition.
2025-10-05 17:59:27,393 [WARN] IP:2250 - RefParam_MEMORY_2_WriteDummyCycle not found: check if there is a RefParameter without a condition.
2025-10-05 17:59:27,393 [WARN] IP:2250 - RefParam_MEMORY_2_ReadCommand not found: check if there is a RefParameter without a condition.
2025-10-05 17:59:27,393 [WARN] IP:2250 - RefParam_MEMORY_2_WrapReadCommand not found: check if there is a RefParameter without a condition.
2025-10-05 17:59:27,393 [WARN] IP:2250 - RefParam_MEMORY_2_ReadDummyCycle not found: check if there is a RefParameter without a condition.
2025-10-05 17:59:27,393 [WARN] IP:2250 - RefParam_MEMORY_2_NumberOfConfig not found: check if there is a RefParameter without a condition.
2025-10-05 17:59:27,393 [WARN] IP:2250 - RefParam_MEMORY_2_Config1_WriteMask not found: check if there is a RefParameter without a condition.
2025-10-05 17:59:27,393 [WARN] IP:2250 - RefParam_MEMORY_2_Config1_WriteValue not found: check if there is a RefParameter without a condition.
2025-10-05 17:59:27,393 [WARN] IP:2250 - RefParam_MEMORY_2_Config1_RegAddress not found: check if there is a RefParameter without a condition.
2025-10-05 17:59:27,394 [WARN] IP:2250 - RefParam_MEMORY_2_Config2_WriteMask not found: check if there is a RefParameter without a condition.
2025-10-05 17:59:27,394 [WARN] IP:2250 - RefParam_MEMORY_2_Config2_WriteValue not found: check if there is a RefParameter without a condition.
2025-10-05 17:59:27,394 [WARN] IP:2250 - RefParam_MEMORY_2_Config2_RegAddress not found: check if there is a RefParameter without a condition.
2025-10-05 17:59:27,394 [WARN] IP:2250 - RefParam_MEMORY_2_Config3_WriteMask not found: check if there is a RefParameter without a condition.
2025-10-05 17:59:27,394 [WARN] IP:2250 - RefParam_MEMORY_2_Config3_WriteValue not found: check if there is a RefParameter without a condition.
2025-10-05 17:59:27,394 [WARN] IP:2250 - RefParam_MEMORY_2_Config3_RegAddress not found: check if there is a RefParameter without a condition.
2025-10-05 17:59:27,424 [INFO] ImportTextPane:234 - (OptionalMessage_ERROR) IP (RIF) : Invalid parameter ()
2025-10-05 17:59:27,424 [INFO] ImportTextPane:234 - (OptionalMessage_ERROR) IP (RIF) : Invalid parameter ()
2025-10-05 17:59:27,424 [INFO] ImportTextPane:234 - (OptionalMessage_ERROR) IP (RIF) : Invalid parameter ()
2025-10-05 17:59:27,424 [INFO] ImportTextPane:234 - (OptionalMessage_ERROR) IP (RIF) : Invalid parameter ()
2025-10-05 17:59:27,424 [INFO] ImportTextPane:234 - (OptionalMessage_ERROR) IP (RIF) : Invalid parameter ()
2025-10-05 17:59:27,424 [INFO] ImportTextPane:234 - (OptionalMessage_ERROR) IP (STMicroelectronics.X-CUBE-AI.10.2.0_Appli) : Parameter (ModelName) has Id (f791fad752eeb64fd5ada2722a9584e122ebc38b9eccb3c0c9cfd36ad2dc72e4) currently not set
2025-10-05 17:59:27,424 [INFO] ImportTextPane:234 - (OptionalMessage_ERROR) IP (STMicroelectronics.X-CUBE-AI.10.2.0_Appli) : Parameter (ModelKind) has Id (f791fad752eeb64fd5ada2722a9584e122ebc38b9eccb3c0c9cfd36ad2dc72e4) currently not set
2025-10-05 17:59:27,424 [INFO] ImportTextPane:234 - (OptionalMessage_ERROR) IP (STMicroelectronics.X-CUBE-AI.10.2.0_Appli) : Parameter (ModelCompression) has Id (f791fad752eeb64fd5ada2722a9584e122ebc38b9eccb3c0c9cfd36ad2dc72e4) currently not set
2025-10-05 17:59:27,425 [INFO] ImportTextPane:234 - (OptionalMessage_ERROR) IP (STMicroelectronics.X-CUBE-AI.10.2.0_Appli) : Invalid parameter (LatestDirectoryUsed)
2025-10-05 17:59:27,425 [INFO] ImportTextPane:234 - (OptionalMessage_ERROR) IP (STMicroelectronics.X-CUBE-AI.10.2.0_Appli) : Parameter (ModelStructureFile) has Id (f791fad752eeb64fd5ada2722a9584e122ebc38b9eccb3c0c9cfd36ad2dc72e4) currently not set
2025-10-05 17:59:27,425 [INFO] ImportTextPane:234 - (OptionalMessage_ERROR) IP (STMicroelectronics.X-CUBE-AI.10.2.0_Appli) : Parameter (ModelMacc) has Id (f791fad752eeb64fd5ada2722a9584e122ebc38b9eccb3c0c9cfd36ad2dc72e4) currently not set
2025-10-05 17:59:27,425 [INFO] ImportTextPane:234 - (OptionalMessage_ERROR) IP (STMicroelectronics.X-CUBE-AI.10.2.0_Appli) : Parameter (ModelActualCompression) has Id (f791fad752eeb64fd5ada2722a9584e122ebc38b9eccb3c0c9cfd36ad2dc72e4) currently not set
2025-10-05 17:59:27,425 [INFO] ImportTextPane:234 - (OptionalMessage_ERROR) IP (STMicroelectronics.X-CUBE-AI.10.2.0_Appli) : Parameter (ModelRamOccupation) has Id (f791fad752eeb64fd5ada2722a9584e122ebc38b9eccb3c0c9cfd36ad2dc72e4) currently not set
2025-10-05 17:59:27,425 [INFO] ImportTextPane:234 - (OptionalMessage_ERROR) IP (STMicroelectronics.X-CUBE-AI.10.2.0_Appli) : Parameter (ModelFlashOccupation) has Id (f791fad752eeb64fd5ada2722a9584e122ebc38b9eccb3c0c9cfd36ad2dc72e4) currently not set
2025-10-05 17:59:27,425 [INFO] ImportTextPane:234 - (OptionalMessage_ERROR) IP (STMicroelectronics.X-CUBE-AI.10.2.0_Appli) : Parameter (copyWeightToRam) has Id (f791fad752eeb64fd5ada2722a9584e122ebc38b9eccb3c0c9cfd36ad2dc72e4) currently not set
2025-10-05 17:59:27,425 [INFO] ImportTextPane:234 - (OptionalMessage_ERROR) IP (STMicroelectronics.X-CUBE-AI.10.2.0_Appli) : Invalid parameter (useInputAllocation)
2025-10-05 17:59:27,425 [INFO] ImportTextPane:234 - (OptionalMessage_ERROR) IP (STMicroelectronics.X-CUBE-AI.10.2.0_Appli) : Invalid parameter (useOutputAllocation)
2025-10-05 17:59:27,425 [INFO] ImportTextPane:234 - (OptionalMessage_ERROR) IP (STMicroelectronics.X-CUBE-AI.10.2.0_Appli) : Invalid parameter (customLayerConfigEnabled)
2025-10-05 17:59:27,425 [INFO] ImportTextPane:234 - (OptionalMessage_ERROR) IP (STMicroelectronics.X-CUBE-AI.10.2.0_Appli) : Invalid parameter (noOnnxIoTranspose)
2025-10-05 17:59:27,425 [INFO] ImportTextPane:234 - (OptionalMessage_ERROR) IP (STMicroelectronics.X-CUBE-AI.10.2.0_Appli) : Parameter (ModelType) has Id (f791fad752eeb64fd5ada2722a9584e122ebc38b9eccb3c0c9cfd36ad2dc72e4) currently not set
2025-10-05 17:59:27,425 [INFO] ImportTextPane:234 - (OptionalMessage_ERROR) IP (STMicroelectronics.X-CUBE-AI.10.2.0_Appli) : Invalid parameter (MaximumNumberOfInputLayer)
2025-10-05 17:59:27,425 [INFO] ImportTextPane:234 - (OptionalMessage_ERROR) IP (STMicroelectronics.X-CUBE-AI.10.2.0_Appli) : Invalid parameter (MaximumNumberOfOutputLayer)
2025-10-05 17:59:27,425 [INFO] ImportTextPane:234 - (OptionalMessage_ERROR) IP (STMicroelectronics.X-CUBE-AI.10.2.0_Appli) : Invalid parameter (ValidationInputFileHistory)
2025-10-05 17:59:27,425 [INFO] ImportTextPane:234 - (OptionalMessage_ERROR) IP (STMicroelectronics.X-CUBE-AI.10.2.0_Appli) : Invalid parameter (useInputAllocation)
2025-10-05 17:59:27,425 [INFO] ImportTextPane:234 - (OptionalMessage_ERROR) IP (STMicroelectronics.X-CUBE-AI.10.2.0_Appli) : Invalid parameter (useOutputAllocation)
2025-10-05 17:59:27,425 [INFO] ImportTextPane:234 - (OptionalMessage_ERROR) IP (STMicroelectronics.X-CUBE-AI.10.2.0_Appli) : Invalid parameter (customLayerConfigEnabled)
2025-10-05 17:59:27,425 [INFO] ImportTextPane:234 - (OptionalMessage_ERROR) IP (STMicroelectronics.X-CUBE-AI.10.2.0_Appli) : Invalid parameter (noOnnxIoTranspose)
2025-10-05 17:59:27,425 [INFO] ImportTextPane:234 - (OptionalMessage_ERROR) IP (STMicroelectronics.X-CUBE-AI.10.2.0_Appli) : Invalid parameter (ValidationOutputFileHistory)
2025-10-05 17:59:27,425 [INFO] ImportTextPane:234 - (OptionalMessage_ERROR) IP (STMicroelectronics.X-CUBE-AI.10.2.0_Appli) : Invalid parameter (ValidationOutputFile)
2025-10-05 17:59:27,425 [INFO] ImportTextPane:234 - (OptionalMessage_ERROR) IP (STMicroelectronics.X-CUBE-AI.10.2.0_Appli) : Invalid parameter (optimization)
2025-10-05 17:59:27,425 [INFO] ImportTextPane:234 - (OptionalMessage_ERROR) IP (STMicroelectronics.X-CUBE-AI.10.2.0_Appli) : Invalid parameter (memoryPool0size)
2025-10-05 17:59:27,425 [INFO] ImportTextPane:234 - (OptionalMessage_ERROR) IP (STMicroelectronics.X-CUBE-AI.10.2.0_Appli) : Invalid parameter (memoryPool0max)
2025-10-05 17:59:27,425 [INFO] ImportTextPane:234 - (OptionalMessage_ERROR) IP (STMicroelectronics.X-CUBE-AI.10.2.0_Appli) : Invalid parameter (memoryPool0id)
2025-10-05 17:59:27,425 [INFO] ImportTextPane:234 - (OptionalMessage_ERROR) IP (STMicroelectronics.X-CUBE-AI.10.2.0_Appli) : Invalid parameter (memoryPool0used)
2025-10-05 17:59:27,425 [INFO] ImportTextPane:234 - (OptionalMessage_ERROR) IP (STMicroelectronics.X-CUBE-AI.10.2.0_Appli) : Invalid parameter (ValidationInputFile)
2025-10-05 17:59:27,671 [INFO] UtilMem:75 - End LoadConfig() Used Memory: 529273952 Bytes (1073741824)
2025-10-05 17:59:27,744 [WARN] ThirdParty:833 - waiting for thirdparty lock release [change project]
2025-10-05 17:59:27,745 [INFO] ThirdParty:835 - entering critical section [change project]
2025-10-05 17:59:27,745 [INFO] ThirdParty:1030 - CMSIS Pack Vendor :STMicroelectronics X-CUBE-PM33A1 1.0.0
2025-10-05 17:59:27,745 [INFO] ThirdParty:1030 - CMSIS Pack Vendor :STMicroelectronics USBPD 4.1
2025-10-05 17:59:27,745 [INFO] ThirdParty:1030 - CMSIS Pack Vendor :STMicroelectronics X-CUBE-NFC9 1.0.0
2025-10-05 17:59:27,745 [INFO] ThirdParty:1030 - CMSIS Pack Vendor :wolfSSL I-CUBE-wolfSSL 5.8.0
2025-10-05 17:59:27,745 [INFO] ThirdParty:1030 - CMSIS Pack Vendor :STMicroelectronics USB_HOST 2.0.0
2025-10-05 17:59:27,745 [INFO] ThirdParty:1030 - CMSIS Pack Vendor :STMicroelectronics FP-SNS-MOTENVWB1 1.4.0
2025-10-05 17:59:27,745 [INFO] ThirdParty:1030 - CMSIS Pack Vendor :STMicroelectronics X-CUBE-AZRTOS-F4 1.1.0
2025-10-05 17:59:27,745 [INFO] ThirdParty:1030 - CMSIS Pack Vendor :STMicroelectronics LIBJPEG 8.0.0
2025-10-05 17:59:27,745 [INFO] ThirdParty:1030 - CMSIS Pack Vendor :STMicroelectronics FP-ATR-ASTRA1 2.0.2
2025-10-05 17:59:27,745 [INFO] ThirdParty:1030 - CMSIS Pack Vendor :STMicroelectronics X-CUBE-BLE1 7.1.0
2025-10-05 17:59:27,745 [INFO] ThirdParty:1030 - CMSIS Pack Vendor :Avnet-IotConnect X-CUBE-IoTC-DA16k-PMOD 1.0.0
2025-10-05 17:59:27,745 [INFO] ThirdParty:1030 - CMSIS Pack Vendor :STMicroelectronics X-CUBE-SMBUS 2.1.0
2025-10-05 17:59:27,745 [INFO] ThirdParty:1030 - CMSIS Pack Vendor :wolfSSL I-CUBE-wolfMQTT 1.19.2
2025-10-05 17:59:27,745 [INFO] ThirdParty:1030 - CMSIS Pack Vendor :STMicroelectronics USB_DEVICE 3.0.0
2025-10-05 17:59:27,745 [INFO] ThirdParty:1030 - CMSIS Pack Vendor :STMicroelectronics X-CUBE-ISPU 2.1.0
2025-10-05 17:59:27,745 [INFO] ThirdParty:1030 - CMSIS Pack Vendor :STMicroelectronics X-CUBE-EEPRMA1 5.2.0
2025-10-05 17:59:27,745 [INFO] ThirdParty:1030 - CMSIS Pack Vendor :STMicroelectronics X-CUBE-BLEMGR 4.1.0
2025-10-05 17:59:27,745 [INFO] ThirdParty:1030 - CMSIS Pack Vendor :STMicroelectronics X-CUBE-AZRTOS-WB 2.0.0
2025-10-05 17:59:27,745 [INFO] ThirdParty:1030 - CMSIS Pack Vendor :STMicroelectronics X-CUBE-ST60 1.0.0
2025-10-05 17:59:27,745 [INFO] ThirdParty:1030 - CMSIS Pack Vendor :STMicroelectronics X-CUBE-GNSS1 7.0.1
2025-10-05 17:59:27,745 [INFO] ThirdParty:1030 - CMSIS Pack Vendor :STMicroelectronics X-CUBE-NFC12 1.0.0
2025-10-05 17:59:27,745 [INFO] ThirdParty:1030 - CMSIS Pack Vendor :STMicroelectronics X-CUBE-AZRTOS-F7 1.1.0
2025-10-05 17:59:27,745 [INFO] ThirdParty:1030 - CMSIS Pack Vendor :STMicroelectronics X-CUBE-AZRTOS-L5 2.0.0
2025-10-05 17:59:27,745 [INFO] ThirdParty:1030 - CMSIS Pack Vendor :STMicroelectronics X-CUBE-TOUCHGFX 4.25.0
2025-10-05 17:59:27,745 [INFO] ThirdParty:1030 - CMSIS Pack Vendor :STMicroelectronics USB_DEVICE 2.0.0
2025-10-05 17:59:27,745 [INFO] ThirdParty:1030 - CMSIS Pack Vendor :STMicroelectronics X-CUBE-NFC6 3.1.0
2025-10-05 17:59:27,745 [INFO] ThirdParty:1030 - CMSIS Pack Vendor :STMicroelectronics X-CUBE-AI 10.1.0
2025-10-05 17:59:27,745 [INFO] ThirdParty:1030 - CMSIS Pack Vendor :STMicroelectronics FP-SNS-STBOX1 2.0.0
2025-10-05 17:59:27,745 [INFO] ThirdParty:1030 - CMSIS Pack Vendor :quantropi X-CUBE-qispace-sdk-base 2.1.0
2025-10-05 17:59:27,745 [INFO] ThirdParty:1030 - CMSIS Pack Vendor :STMicroelectronics FreeRTOS 0.0.1
2025-10-05 17:59:27,745 [INFO] ThirdParty:1030 - CMSIS Pack Vendor :STMicroelectronics X-CUBE-AZRTOS-G0 1.1.0
2025-10-05 17:59:27,745 [INFO] ThirdParty:1030 - CMSIS Pack Vendor :STMicroelectronics X-CUBE-SAFEA1 1.2.2
2025-10-05 17:59:27,745 [INFO] ThirdParty:1030 - CMSIS Pack Vendor :STMicroelectronics X-CUBE-NFC4 3.0.0
2025-10-05 17:59:27,745 [INFO] ThirdParty:1030 - CMSIS Pack Vendor :STMicroelectronics X-CUBE-SUBG2 5.0.0
2025-10-05 17:59:27,745 [INFO] ThirdParty:1030 - CMSIS Pack Vendor :STMicroelectronics X-CUBE-AZRTOS-H7RS 1.1.0
2025-10-05 17:59:27,745 [INFO] ThirdParty:1030 - CMSIS Pack Vendor :STMicroelectronics STM32_WPAN 1.0.0
2025-10-05 17:59:27,745 [INFO] ThirdParty:1030 - CMSIS Pack Vendor :EmbeddedOffice I-CUBE-FS-RTOS 1.0.1
2025-10-05 17:59:27,746 [INFO] ThirdParty:1030 - CMSIS Pack Vendor :STMicroelectronics lwIP 2.0.3
2025-10-05 17:59:27,746 [INFO] ThirdParty:1030 - CMSIS Pack Vendor :Cesanta I-CUBE-Mongoose 7.13.0
2025-10-05 17:59:27,746 [INFO] ThirdParty:1030 - CMSIS Pack Vendor :STMicroelectronics USB_HOST 1.0.0
2025-10-05 17:59:27,746 [INFO] ThirdParty:1030 - CMSIS Pack Vendor :Infineon AIROC-Wi-Fi-Bluetooth-STM32 1.7.1
2025-10-05 17:59:27,746 [INFO] ThirdParty:1030 - CMSIS Pack Vendor :STMicroelectronics X-CUBE-AZRTOS-G4 2.0.0
2025-10-05 17:59:27,746 [INFO] ThirdParty:1030 - CMSIS Pack Vendor :STMicroelectronics X-CUBE-WB05N 2.0.0
2025-10-05 17:59:27,746 [INFO] ThirdParty:1030 - CMSIS Pack Vendor :STMicroelectronics PDM2PCM 3.1.0
2025-10-05 17:59:27,746 [INFO] ThirdParty:1030 - CMSIS Pack Vendor :STMicroelectronics PDM2PCM 3.3.0
2025-10-05 17:59:27,746 [INFO] ThirdParty:1030 - CMSIS Pack Vendor :wolfSSL I-CUBE-wolfTPM 3.8.0
2025-10-05 17:59:27,746 [INFO] ThirdParty:1030 - CMSIS Pack Vendor :STMicroelectronics X-CUBE-AZRTOS-H7 3.4.0
2025-10-05 17:59:27,746 [INFO] ThirdParty:1030 - CMSIS Pack Vendor :STMicroelectronics X-CUBE-DISPLAY 3.0.0
2025-10-05 17:59:27,746 [INFO] ThirdParty:1030 - CMSIS Pack Vendor :wolfSSL I-CUBE-wolfSSH 1.4.20
2025-10-05 17:59:27,746 [INFO] ThirdParty:1030 - CMSIS Pack Vendor :STMicroelectronics X-CUBE-NFC7 2.0.0
2025-10-05 17:59:27,746 [INFO] ThirdParty:1030 - CMSIS Pack Vendor :STMicroelectronics X-CUBE-TCPP 4.2.0
2025-10-05 17:59:27,746 [INFO] ThirdParty:1030 - CMSIS Pack Vendor :RealThread X-CUBE-RT-Thread_Nano 4.1.1
2025-10-05 17:59:27,746 [INFO] ThirdParty:1030 - CMSIS Pack Vendor :STMicroelectronics FP-ATR-SIGFOX1 3.2.0
2025-10-05 17:59:27,746 [INFO] ThirdParty:1030 - CMSIS Pack Vendor :STMicroelectronics X-CUBE-NFC10 1.0.0
2025-10-05 17:59:27,746 [INFO] ThirdParty:1030 - CMSIS Pack Vendor :STMicroelectronics X-CUBE-FREERTOS 1.3.1
2025-10-05 17:59:27,746 [INFO] ThirdParty:1030 - CMSIS Pack Vendor :STMicroelectronics HAL Drivers 0.0.0
2025-10-05 17:59:27,746 [INFO] ThirdParty:1030 - CMSIS Pack Vendor :STMicroelectronics MBEDTLS 2.16.2
2025-10-05 17:59:27,746 [INFO] ThirdParty:1030 - CMSIS Pack Vendor :STMicroelectronics X-CUBE-IPS 3.1.0
2025-10-05 17:59:27,746 [INFO] ThirdParty:1030 - CMSIS Pack Vendor :STMicroelectronics X-CUBE-ALS 1.0.2
2025-10-05 17:59:27,746 [INFO] ThirdParty:1030 - CMSIS Pack Vendor :emotas I-CUBE-CANOPEN 1.3.0
2025-10-05 17:59:27,746 [INFO] ThirdParty:1030 - CMSIS Pack Vendor :STMicroelectronics MBEDTLS 2.14.1
2025-10-05 17:59:27,746 [INFO] ThirdParty:1030 - CMSIS Pack Vendor :ITTIA_DB I-CUBE-ITTIADB 8.9.0
2025-10-05 17:59:27,746 [INFO] ThirdParty:1030 - CMSIS Pack Vendor :STMicroelectronics X-CUBE-TOUCHGFX 4.26.0
2025-10-05 17:59:27,746 [INFO] ThirdParty:1030 - CMSIS Pack Vendor :STMicroelectronics X-CUBE-STSE01 1.0.0
2025-10-05 17:59:27,746 [INFO] ThirdParty:1030 - CMSIS Pack Vendor :portGmbH I-Cube-SoM-uGOAL 1.1.0
2025-10-05 17:59:27,746 [INFO] ThirdParty:1030 - CMSIS Pack Vendor :STMicroelectronics X-CUBE-ST67W61 1.0.0
2025-10-05 17:59:27,746 [INFO] ThirdParty:1030 - CMSIS Pack Vendor :STMicroelectronics FP-SNS-STBOX1 2.1.0
2025-10-05 17:59:27,746 [INFO] ThirdParty:1030 - CMSIS Pack Vendor :STMicroelectronics X-CUBE-AI 10.2.0
2025-10-05 17:59:27,746 [INFO] ThirdParty:1030 - CMSIS Pack Vendor :STMicroelectronics FP-SNS-STAIOTCFT 1.0.0
2025-10-05 17:59:27,746 [INFO] ThirdParty:1030 - CMSIS Pack Vendor :STMicroelectronics ThreadX 1.0.0
2025-10-05 17:59:27,746 [INFO] ThirdParty:1030 - CMSIS Pack Vendor :STMicroelectronics FP-SNS-SMARTAG2 1.2.0
2025-10-05 17:59:27,746 [INFO] ThirdParty:1030 - CMSIS Pack Vendor :STMicroelectronics FP-SNS-FLIGHT1 5.1.0
2025-10-05 17:59:27,746 [INFO] ThirdParty:1030 - CMSIS Pack Vendor :STMicroelectronics X-CUBE-AZRTOS-WL 2.0.0
2025-10-05 17:59:27,746 [INFO] ThirdParty:1030 - CMSIS Pack Vendor :SEGGER I-CUBE-embOS 1.3.1
2025-10-05 17:59:27,746 [INFO] ThirdParty:1030 - CMSIS Pack Vendor :STMicroelectronics X-CUBE-ALGOBUILD 1.4.0
2025-10-05 17:59:27,746 [INFO] ThirdParty:1030 - CMSIS Pack Vendor :STMicroelectronics X-CUBE-DPower 1.3.0
2025-10-05 17:59:27,746 [INFO] ThirdParty:1030 - CMSIS Pack Vendor :STMicroelectronics X-CUBE-MEMS1 11.3.0
2025-10-05 17:59:27,746 [INFO] ThirdParty:1030 - CMSIS Pack Vendor :STMicroelectronics FP-SNS-MOTENV1 5.0.0
2025-10-05 17:59:27,746 [INFO] ThirdParty:1030 - CMSIS Pack Vendor :STMicroelectronics USB_DEVICE 1.0.0
2025-10-05 17:59:27,746 [INFO] ThirdParty:1030 - CMSIS Pack Vendor :STMicroelectronics X-CUBE-AZRTOS-L4 2.0.0
2025-10-05 17:59:27,746 [INFO] ThirdParty:1030 - CMSIS Pack Vendor :STMicroelectronics ThreadX 0.0.2
2025-10-05 17:59:27,746 [INFO] ThirdParty:1030 - CMSIS Pack Vendor :WES I-CUBE-Cesium 1.3.0
2025-10-05 17:59:27,746 [INFO] ThirdParty:1030 - CMSIS Pack Vendor :STMicroelectronics lwIP 2.1.2
2025-10-05 17:59:27,746 [INFO] ThirdParty:1030 - CMSIS Pack Vendor :STMicroelectronics X-CUBE-SFXS2LP1 4.0.0
2025-10-05 17:59:27,746 [INFO] ThirdParty:1030 - CMSIS Pack Vendor :STMicroelectronics X-CUBE-BLE2 3.3.0
2025-10-05 17:59:27,746 [INFO] ThirdParty:1030 - CMSIS Pack Vendor :STMicroelectronics X-CUBE-TOF1 3.4.3
2025-10-05 17:59:27,746 [INFO] ThirdParty:1030 - CMSIS Pack Vendor :STMicroelectronics PDM2PCM 3.2.0
2025-10-05 17:59:27,746 [INFO] ThirdParty:841 - exiting critical section [change project]
2025-10-05 17:59:28,169 [INFO] PinOutPanel:1589 - setPackage(No Configuration,No Configuration)
2025-10-05 17:59:28,172 [INFO] PinOutPanel:1589 - setPackage(STM32N657X0HxQ,VFBGA264)
2025-10-05 17:59:29,047 [INFO] UtilMem:75 - Before build in PCC Used Memory: 671691072 Bytes (1073741824)
2025-10-05 17:59:29,416 [INFO] UtilMem:75 - After build in PCC Used Memory: 729403056 Bytes (1073741824)
2025-10-05 17:59:29,442 [INFO] IPUIPlugin:80 - create IPUIPlugin
2025-10-05 17:59:29,442 [INFO] IPUIPlugin:80 - create IPUIPlugin
2025-10-05 17:59:29,442 [INFO] IPUIPlugin:80 - create IPUIPlugin
2025-10-05 17:59:29,442 [INFO] IPUIPlugin:80 - create IPUIPlugin
2025-10-05 17:59:29,442 [INFO] IPUIPlugin:80 - create IPUIPlugin
2025-10-05 17:59:29,442 [INFO] IPUIPlugin:80 - create IPUIPlugin
2025-10-05 17:59:29,442 [INFO] IPUIPlugin:80 - create IPUIPlugin
2025-10-05 17:59:29,443 [INFO] IPUIPlugin:80 - create IPUIPlugin
2025-10-05 17:59:29,443 [INFO] IPUIPlugin:80 - create IPUIPlugin
2025-10-05 17:59:29,443 [INFO] IPUIPlugin:80 - create IPUIPlugin
2025-10-05 17:59:29,443 [INFO] IPUIPlugin:80 - create IPUIPlugin
2025-10-05 17:59:29,443 [INFO] IPUIPlugin:80 - create IPUIPlugin
2025-10-05 17:59:29,443 [INFO] IPUIPlugin:80 - create IPUIPlugin
2025-10-05 17:59:29,443 [INFO] IPUIPlugin:80 - create IPUIPlugin
2025-10-05 17:59:29,443 [INFO] IPUIPlugin:80 - create IPUIPlugin
2025-10-05 17:59:29,443 [INFO] IPUIPlugin:80 - create IPUIPlugin
2025-10-05 17:59:29,443 [INFO] IPUIPlugin:80 - create IPUIPlugin
2025-10-05 17:59:29,443 [INFO] IPUIPlugin:80 - create IPUIPlugin
2025-10-05 17:59:29,443 [INFO] IPUIPlugin:80 - create IPUIPlugin
2025-10-05 17:59:29,444 [INFO] IPUIPlugin:80 - create IPUIPlugin
2025-10-05 17:59:29,444 [INFO] IPUIPlugin:80 - create IPUIPlugin
2025-10-05 17:59:29,444 [INFO] IPUIPlugin:80 - create IPUIPlugin
2025-10-05 17:59:29,444 [INFO] IPUIPlugin:80 - create IPUIPlugin
2025-10-05 17:59:29,444 [INFO] IPUIPlugin:80 - create IPUIPlugin
2025-10-05 17:59:29,444 [INFO] IPUIPlugin:80 - create IPUIPlugin
2025-10-05 17:59:29,444 [INFO] IPUIPlugin:80 - create IPUIPlugin
2025-10-05 17:59:29,444 [INFO] IPUIPlugin:80 - create IPUIPlugin
2025-10-05 17:59:29,444 [INFO] IPUIPlugin:80 - create IPUIPlugin
2025-10-05 17:59:29,444 [INFO] IPUIPlugin:80 - create IPUIPlugin
2025-10-05 17:59:29,444 [INFO] IPUIPlugin:80 - create IPUIPlugin
2025-10-05 17:59:29,445 [INFO] IPUIPlugin:80 - create IPUIPlugin
2025-10-05 17:59:29,445 [INFO] IPUIPlugin:80 - create IPUIPlugin
2025-10-05 17:59:29,445 [INFO] IPUIPlugin:80 - create IPUIPlugin
2025-10-05 17:59:29,445 [INFO] IPUIPlugin:80 - create IPUIPlugin
2025-10-05 17:59:29,445 [INFO] IPUIPlugin:80 - create IPUIPlugin
2025-10-05 17:59:29,445 [INFO] IPUIPlugin:80 - create IPUIPlugin
2025-10-05 17:59:29,445 [INFO] IPUIPlugin:80 - create IPUIPlugin
2025-10-05 17:59:29,445 [INFO] IPUIPlugin:80 - create IPUIPlugin
2025-10-05 17:59:29,445 [INFO] IPUIPlugin:80 - create IPUIPlugin
2025-10-05 17:59:29,445 [INFO] IPUIPlugin:80 - create IPUIPlugin
2025-10-05 17:59:29,445 [INFO] IPUIPlugin:80 - create IPUIPlugin
2025-10-05 17:59:29,445 [INFO] IPUIPlugin:80 - create IPUIPlugin
2025-10-05 17:59:29,446 [INFO] IPUIPlugin:80 - create IPUIPlugin
2025-10-05 17:59:29,446 [INFO] IPUIPlugin:80 - create IPUIPlugin
2025-10-05 17:59:29,446 [INFO] IPUIPlugin:80 - create IPUIPlugin
2025-10-05 17:59:29,446 [INFO] IPUIPlugin:80 - create IPUIPlugin
2025-10-05 17:59:29,446 [INFO] IPUIPlugin:80 - create IPUIPlugin
2025-10-05 17:59:29,446 [INFO] IPUIPlugin:80 - create IPUIPlugin
2025-10-05 17:59:29,447 [INFO] IPUIPlugin:80 - create IPUIPlugin
2025-10-05 17:59:29,447 [INFO] IPUIPlugin:80 - create IPUIPlugin
2025-10-05 17:59:29,447 [INFO] IPUIPlugin:80 - create IPUIPlugin
2025-10-05 17:59:29,447 [INFO] IPUIPlugin:80 - create IPUIPlugin
2025-10-05 17:59:29,447 [INFO] IPUIPlugin:80 - create IPUIPlugin
2025-10-05 17:59:29,448 [INFO] IPUIPlugin:80 - create IPUIPlugin
2025-10-05 17:59:29,448 [INFO] IPUIPlugin:80 - create IPUIPlugin
2025-10-05 17:59:29,448 [INFO] IPUIPlugin:80 - create IPUIPlugin
2025-10-05 17:59:29,448 [INFO] IPUIPlugin:80 - create IPUIPlugin
2025-10-05 17:59:29,448 [INFO] IPUIPlugin:80 - create IPUIPlugin
2025-10-05 17:59:29,448 [INFO] IPUIPlugin:80 - create IPUIPlugin
2025-10-05 17:59:29,449 [INFO] IPUIPlugin:80 - create IPUIPlugin
2025-10-05 17:59:29,449 [INFO] IPUIPlugin:80 - create IPUIPlugin
2025-10-05 17:59:29,449 [INFO] IPUIPlugin:80 - create IPUIPlugin
2025-10-05 17:59:29,449 [INFO] IPUIPlugin:80 - create IPUIPlugin
2025-10-05 17:59:29,450 [INFO] IPUIPlugin:80 - create IPUIPlugin
2025-10-05 17:59:29,450 [INFO] IPUIPlugin:80 - create IPUIPlugin
2025-10-05 17:59:29,450 [INFO] IPUIPlugin:80 - create IPUIPlugin
2025-10-05 17:59:29,450 [INFO] IPUIPlugin:80 - create IPUIPlugin
2025-10-05 17:59:29,451 [INFO] IPUIPlugin:80 - create IPUIPlugin
2025-10-05 17:59:29,451 [INFO] IPUIPlugin:80 - create IPUIPlugin
2025-10-05 17:59:29,451 [INFO] IPUIPlugin:80 - create IPUIPlugin
2025-10-05 17:59:29,452 [INFO] IPUIPlugin:80 - create IPUIPlugin
2025-10-05 17:59:29,452 [INFO] IPUIPlugin:80 - create IPUIPlugin
2025-10-05 17:59:29,452 [INFO] IPUIPlugin:80 - create IPUIPlugin
2025-10-05 17:59:29,453 [INFO] IPUIPlugin:80 - create IPUIPlugin
2025-10-05 17:59:29,453 [INFO] IPUIPlugin:80 - create IPUIPlugin
2025-10-05 17:59:29,453 [INFO] IPUIPlugin:80 - create IPUIPlugin
2025-10-05 17:59:29,453 [INFO] IPUIPlugin:80 - create IPUIPlugin
2025-10-05 17:59:29,454 [INFO] IPUIPlugin:80 - create IPUIPlugin
2025-10-05 17:59:29,454 [INFO] IPUIPlugin:80 - create IPUIPlugin
2025-10-05 17:59:29,454 [INFO] IPUIPlugin:80 - create IPUIPlugin
2025-10-05 17:59:29,455 [INFO] IPUIPlugin:80 - create IPUIPlugin
2025-10-05 17:59:29,455 [INFO] IPUIPlugin:80 - create IPUIPlugin
2025-10-05 17:59:29,455 [INFO] IPUIPlugin:80 - create IPUIPlugin
2025-10-05 17:59:29,456 [INFO] IPUIPlugin:80 - create IPUIPlugin
2025-10-05 17:59:29,456 [INFO] IPUIPlugin:80 - create IPUIPlugin
2025-10-05 17:59:29,456 [INFO] IPUIPlugin:80 - create IPUIPlugin
2025-10-05 17:59:29,456 [INFO] IPUIPlugin:80 - create IPUIPlugin
2025-10-05 17:59:29,457 [INFO] IPUIPlugin:80 - create IPUIPlugin
2025-10-05 17:59:29,458 [INFO] IPUIPlugin:80 - create IPUIPlugin
2025-10-05 17:59:29,458 [INFO] IPUIPlugin:80 - create IPUIPlugin
2025-10-05 17:59:29,458 [INFO] IPUIPlugin:80 - create IPUIPlugin
2025-10-05 17:59:29,458 [INFO] IPUIPlugin:80 - create IPUIPlugin
2025-10-05 17:59:29,459 [INFO] IPUIPlugin:80 - create IPUIPlugin
2025-10-05 17:59:29,459 [INFO] IPUIPlugin:80 - create IPUIPlugin
2025-10-05 17:59:29,459 [INFO] IPUIPlugin:80 - create IPUIPlugin
2025-10-05 17:59:29,459 [INFO] IPUIPlugin:80 - create IPUIPlugin
2025-10-05 17:59:29,460 [INFO] IPUIPlugin:80 - create IPUIPlugin
2025-10-05 17:59:29,460 [INFO] IPUIPlugin:80 - create IPUIPlugin
2025-10-05 17:59:29,460 [INFO] IPUIPlugin:80 - create IPUIPlugin
2025-10-05 17:59:29,460 [INFO] IPUIPlugin:80 - create IPUIPlugin
2025-10-05 17:59:29,461 [INFO] IPUIPlugin:80 - create IPUIPlugin
2025-10-05 17:59:29,461 [INFO] IPUIPlugin:80 - create IPUIPlugin
2025-10-05 17:59:29,461 [INFO] IPUIPlugin:80 - create IPUIPlugin
2025-10-05 17:59:29,461 [INFO] IPUIPlugin:80 - create IPUIPlugin
2025-10-05 17:59:29,461 [INFO] IPUIPlugin:80 - create IPUIPlugin
2025-10-05 17:59:29,462 [INFO] IPUIPlugin:80 - create IPUIPlugin
2025-10-05 17:59:29,462 [INFO] IPUIPlugin:80 - create IPUIPlugin
2025-10-05 17:59:29,462 [INFO] IPUIPlugin:80 - create IPUIPlugin
2025-10-05 17:59:29,462 [INFO] IPUIPlugin:80 - create IPUIPlugin
2025-10-05 17:59:29,463 [INFO] IPUIPlugin:80 - create IPUIPlugin
2025-10-05 17:59:29,463 [INFO] IPUIPlugin:80 - create IPUIPlugin
2025-10-05 17:59:29,463 [INFO] IPUIPlugin:80 - create IPUIPlugin
2025-10-05 17:59:29,464 [INFO] IPUIPlugin:80 - create IPUIPlugin
2025-10-05 17:59:29,464 [INFO] IPUIPlugin:80 - create IPUIPlugin
2025-10-05 17:59:29,464 [INFO] IPUIPlugin:80 - create IPUIPlugin
2025-10-05 17:59:29,464 [INFO] IPUIPlugin:80 - create IPUIPlugin
2025-10-05 17:59:29,465 [INFO] IPUIPlugin:80 - create IPUIPlugin
2025-10-05 17:59:29,465 [INFO] IPUIPlugin:80 - create IPUIPlugin
2025-10-05 17:59:29,465 [INFO] IPUIPlugin:80 - create IPUIPlugin
2025-10-05 17:59:29,466 [INFO] IPUIPlugin:80 - create IPUIPlugin
2025-10-05 17:59:29,466 [INFO] IPUIPlugin:80 - create IPUIPlugin
2025-10-05 17:59:29,466 [INFO] IPUIPlugin:80 - create IPUIPlugin
2025-10-05 17:59:29,467 [INFO] IPUIPlugin:80 - create IPUIPlugin
2025-10-05 17:59:29,467 [INFO] IPUIPlugin:80 - create IPUIPlugin
2025-10-05 17:59:29,468 [INFO] IPUIPlugin:80 - create IPUIPlugin
2025-10-05 17:59:29,468 [INFO] IPUIPlugin:80 - create IPUIPlugin
2025-10-05 17:59:29,469 [INFO] IPUIPlugin:80 - create IPUIPlugin
2025-10-05 17:59:29,469 [INFO] IPUIPlugin:80 - create IPUIPlugin
2025-10-05 17:59:29,470 [INFO] IPUIPlugin:80 - create IPUIPlugin
2025-10-05 17:59:29,470 [INFO] IPUIPlugin:80 - create IPUIPlugin
2025-10-05 17:59:29,471 [INFO] IPUIPlugin:80 - create IPUIPlugin
2025-10-05 17:59:29,471 [INFO] IPUIPlugin:80 - create IPUIPlugin
2025-10-05 17:59:29,478 [INFO] AI:982 - onDisable adding AI com.st.microxplorer.plugins.ip.ai.AI@e6f2259 on STMicroelectronics.X-CUBE-AI.10.2.0_Appli
2025-10-05 17:59:29,484 [WARN] IP:2250 - RefParam_XIP_memory not found: check if there is a RefParameter without a condition.
2025-10-05 17:59:29,485 [WARN] IP:2250 - RefParam_MEMORY_1_Size not found: check if there is a RefParameter without a condition.
2025-10-05 17:59:29,485 [WARN] IP:2250 - RefParam_MEMORY_1_FreqMax not found: check if there is a RefParameter without a condition.
2025-10-05 17:59:29,485 [WARN] IP:2250 - RefParam_MEMORY_1_ReadReg not found: check if there is a RefParameter without a condition.
2025-10-05 17:59:29,485 [WARN] IP:2250 - RefParam_MEMORY_1_WriteReg not found: check if there is a RefParameter without a condition.
2025-10-05 17:59:29,485 [WARN] IP:2250 - RefParam_MEMORY_1_RegSize not found: check if there is a RefParameter without a condition.
2025-10-05 17:59:29,485 [WARN] IP:2250 - RefParam_MEMORY_1_RegDummyCycle not found: check if there is a RefParameter without a condition.
2025-10-05 17:59:29,485 [WARN] IP:2250 - RefParam_MEMORY_1_WriteCommand not found: check if there is a RefParameter without a condition.
2025-10-05 17:59:29,485 [WARN] IP:2250 - RefParam_MEMORY_1_WriteDummyCycle not found: check if there is a RefParameter without a condition.
2025-10-05 17:59:29,485 [WARN] IP:2250 - RefParam_MEMORY_1_ReadCommand not found: check if there is a RefParameter without a condition.
2025-10-05 17:59:29,485 [WARN] IP:2250 - RefParam_MEMORY_1_WrapReadCommand not found: check if there is a RefParameter without a condition.
2025-10-05 17:59:29,485 [WARN] IP:2250 - RefParam_MEMORY_1_ReadDummyCycle not found: check if there is a RefParameter without a condition.
2025-10-05 17:59:29,485 [WARN] IP:2250 - RefParam_MEMORY_1_NumberOfConfig not found: check if there is a RefParameter without a condition.
2025-10-05 17:59:29,485 [WARN] IP:2250 - RefParam_MEMORY_1_Config1_WriteMask not found: check if there is a RefParameter without a condition.
2025-10-05 17:59:29,485 [WARN] IP:2250 - RefParam_MEMORY_1_Config1_WriteValue not found: check if there is a RefParameter without a condition.
2025-10-05 17:59:29,485 [WARN] IP:2250 - RefParam_MEMORY_1_Config1_RegAddress not found: check if there is a RefParameter without a condition.
2025-10-05 17:59:29,485 [WARN] IP:2250 - RefParam_MEMORY_1_Config2_WriteMask not found: check if there is a RefParameter without a condition.
2025-10-05 17:59:29,485 [WARN] IP:2250 - RefParam_MEMORY_1_Config2_WriteValue not found: check if there is a RefParameter without a condition.
2025-10-05 17:59:29,485 [WARN] IP:2250 - RefParam_MEMORY_1_Config2_RegAddress not found: check if there is a RefParameter without a condition.
2025-10-05 17:59:29,485 [WARN] IP:2250 - RefParam_MEMORY_1_Config3_WriteMask not found: check if there is a RefParameter without a condition.
2025-10-05 17:59:29,485 [WARN] IP:2250 - RefParam_MEMORY_1_Config3_WriteValue not found: check if there is a RefParameter without a condition.
2025-10-05 17:59:29,485 [WARN] IP:2250 - RefParam_MEMORY_1_Config3_RegAddress not found: check if there is a RefParameter without a condition.
2025-10-05 17:59:29,485 [WARN] IP:2250 - RefParam_MEMORY_2_Instance not found: check if there is a RefParameter without a condition.
2025-10-05 17:59:29,485 [WARN] IP:2250 - RefParam_MEMORY_2_ConfigType not found: check if there is a RefParameter without a condition.
2025-10-05 17:59:29,486 [WARN] IP:2250 - RefParam_MEMORY_2_Size not found: check if there is a RefParameter without a condition.
2025-10-05 17:59:29,486 [WARN] IP:2250 - RefParam_MEMORY_2_FreqMax not found: check if there is a RefParameter without a condition.
2025-10-05 17:59:29,486 [WARN] IP:2250 - RefParam_MEMORY_2_ReadReg not found: check if there is a RefParameter without a condition.
2025-10-05 17:59:29,486 [WARN] IP:2250 - RefParam_MEMORY_2_WriteReg not found: check if there is a RefParameter without a condition.
2025-10-05 17:59:29,486 [WARN] IP:2250 - RefParam_MEMORY_2_RegSize not found: check if there is a RefParameter without a condition.
2025-10-05 17:59:29,486 [WARN] IP:2250 - RefParam_MEMORY_2_RegDummyCycle not found: check if there is a RefParameter without a condition.
2025-10-05 17:59:29,486 [WARN] IP:2250 - RefParam_MEMORY_2_WriteCommand not found: check if there is a RefParameter without a condition.
2025-10-05 17:59:29,486 [WARN] IP:2250 - RefParam_MEMORY_2_WriteDummyCycle not found: check if there is a RefParameter without a condition.
2025-10-05 17:59:29,486 [WARN] IP:2250 - RefParam_MEMORY_2_ReadCommand not found: check if there is a RefParameter without a condition.
2025-10-05 17:59:29,487 [WARN] IP:2250 - RefParam_MEMORY_2_WrapReadCommand not found: check if there is a RefParameter without a condition.
2025-10-05 17:59:29,487 [WARN] IP:2250 - RefParam_MEMORY_2_ReadDummyCycle not found: check if there is a RefParameter without a condition.
2025-10-05 17:59:29,487 [WARN] IP:2250 - RefParam_MEMORY_2_NumberOfConfig not found: check if there is a RefParameter without a condition.
2025-10-05 17:59:29,487 [WARN] IP:2250 - RefParam_MEMORY_2_Config1_WriteMask not found: check if there is a RefParameter without a condition.
2025-10-05 17:59:29,487 [WARN] IP:2250 - RefParam_MEMORY_2_Config1_WriteValue not found: check if there is a RefParameter without a condition.
2025-10-05 17:59:29,487 [WARN] IP:2250 - RefParam_MEMORY_2_Config1_RegAddress not found: check if there is a RefParameter without a condition.
2025-10-05 17:59:29,487 [WARN] IP:2250 - RefParam_MEMORY_2_Config2_WriteMask not found: check if there is a RefParameter without a condition.
2025-10-05 17:59:29,487 [WARN] IP:2250 - RefParam_MEMORY_2_Config2_WriteValue not found: check if there is a RefParameter without a condition.
2025-10-05 17:59:29,487 [WARN] IP:2250 - RefParam_MEMORY_2_Config2_RegAddress not found: check if there is a RefParameter without a condition.
2025-10-05 17:59:29,487 [WARN] IP:2250 - RefParam_MEMORY_2_Config3_WriteMask not found: check if there is a RefParameter without a condition.
2025-10-05 17:59:29,487 [WARN] IP:2250 - RefParam_MEMORY_2_Config3_WriteValue not found: check if there is a RefParameter without a condition.
2025-10-05 17:59:29,487 [WARN] IP:2250 - RefParam_MEMORY_2_Config3_RegAddress not found: check if there is a RefParameter without a condition.
2025-10-05 17:59:29,646 [INFO] CADModel:165 - CPN selected for project levelSTM32N657X0H3Q
2025-10-05 17:59:29,646 [INFO] CADModel:114 - Register for checkConnection events
2025-10-05 17:59:30,034 [ERROR] Context:921 - The IP LTDC is not set in context FSBL
2025-10-05 17:59:30,034 [ERROR] Context:921 - The IP LTDC is not set in context Appli
2025-10-05 17:59:30,034 [ERROR] Context:921 - The IP LTDC is not set in context ExtMemLoader
2025-10-05 17:59:30,463 [ERROR] MainProjectManager:405 - 
java.lang.NullPointerException: Cannot invoke "javax.swing.JTextField.getText()" because the return value of "java.util.List.get(int)" is null
	at com.st.microxplorer.plugins.projectmanager.gui.ProjectChoiceTab$9.caretUpdate(ProjectChoiceTab.java:2706) ~[filemanager.jar:?]
	at javax.swing.text.JTextComponent.fireCaretUpdate(JTextComponent.java:408) ~[?:?]
	at javax.swing.text.JTextComponent$MutableCaretEvent.fire(JTextComponent.java:4484) ~[?:?]
	at javax.swing.text.JTextComponent$MutableCaretEvent.stateChanged(JTextComponent.java:4506) ~[?:?]
	at javax.swing.text.DefaultCaret.fireStateChanged(DefaultCaret.java:857) ~[?:?]
	at javax.swing.text.DefaultCaret.changeCaretPosition(DefaultCaret.java:1343) ~[?:?]
	at javax.swing.text.DefaultCaret.handleSetDot(DefaultCaret.java:1242) ~[?:?]
	at javax.swing.text.DefaultCaret.setDot(DefaultCaret.java:1223) ~[?:?]
	at javax.swing.text.DefaultCaret$Handler.insertUpdate(DefaultCaret.java:1819) ~[?:?]
	at javax.swing.text.AbstractDocument.fireInsertUpdate(AbstractDocument.java:227) ~[?:?]
	at javax.swing.text.AbstractDocument.handleInsertString(AbstractDocument.java:781) ~[?:?]
	at javax.swing.text.AbstractDocument.insertString(AbstractDocument.java:740) ~[?:?]
	at javax.swing.text.PlainDocument.insertString(PlainDocument.java:131) ~[?:?]
	at javax.swing.text.AbstractDocument.replace(AbstractDocument.java:699) ~[?:?]
	at javax.swing.text.JTextComponent.setText(JTextComponent.java:1725) ~[?:?]
	at com.st.microxplorer.plugins.projectmanager.gui.ProjectChoiceTab.createHeapStackFields(ProjectChoiceTab.java:993) ~[filemanager.jar:?]
	at com.st.microxplorer.plugins.projectmanager.gui.ProjectChoiceTab.buildLinkSettingsPanel(ProjectChoiceTab.java:3813) ~[filemanager.jar:?]
	at com.st.microxplorer.plugins.projectmanager.gui.ProjectChoiceTab.defineWindowsFields(ProjectChoiceTab.java:1987) ~[filemanager.jar:?]
	at com.st.microxplorer.plugins.projectmanager.gui.ProjectChoiceTab.updateSettings(ProjectChoiceTab.java:558) ~[filemanager.jar:?]
	at com.st.microxplorer.plugins.projectmanager.gui.ProjectSettingsPanel.UpdateDialog(ProjectSettingsPanel.java:247) ~[filemanager.jar:?]
	at com.st.microxplorer.plugins.projectmanager.engine.MainProjectManager$9.onCommandEntered(MainProjectManager.java:403) ~[filemanager.jar:?]
	at com.st.components.util.CommandLineManager$3.run(CommandLineManager.java:175) ~[STM32CubeMX.jar:?]
	at java.awt.event.InvocationEvent.dispatch(InvocationEvent.java:308) ~[?:?]
	at java.awt.EventQueue.dispatchEventImpl(EventQueue.java:773) ~[?:?]
	at java.awt.EventQueue$4.run(EventQueue.java:720) ~[?:?]
	at java.awt.EventQueue$4.run(EventQueue.java:714) ~[?:?]
	at java.security.AccessController.doPrivileged(AccessController.java:400) ~[?:?]
	at java.security.ProtectionDomain$JavaSecurityAccessImpl.doIntersectionPrivilege(ProtectionDomain.java:87) ~[?:?]
	at java.awt.EventQueue.dispatchEvent(EventQueue.java:742) ~[?:?]
	at java.awt.EventDispatchThread.pumpOneEventForFilters(EventDispatchThread.java:203) ~[?:?]
	at java.awt.EventDispatchThread.pumpEventsForFilter(EventDispatchThread.java:124) ~[?:?]
	at java.awt.EventDispatchThread.pumpEventsForFilter(EventDispatchThread.java:117) ~[?:?]
	at java.awt.WaitDispatchSupport$2.run(WaitDispatchSupport.java:191) ~[?:?]
	at java.awt.WaitDispatchSupport$4.run(WaitDispatchSupport.java:236) ~[?:?]
	at java.awt.WaitDispatchSupport$4.run(WaitDispatchSupport.java:234) ~[?:?]
	at java.security.AccessController.doPrivileged(AccessController.java:319) ~[?:?]
	at java.awt.WaitDispatchSupport.enter(WaitDispatchSupport.java:234) ~[?:?]
	at java.awt.Dialog.show(Dialog.java:1079) ~[?:?]
	at java.awt.Component.show(Component.java:1728) ~[?:?]
	at java.awt.Component.setVisible(Component.java:1675) ~[?:?]
	at java.awt.Window.setVisible(Window.java:1036) ~[?:?]
	at java.awt.Dialog.setVisible(Dialog.java:1015) ~[?:?]
	at com.st.microxplorer.util.ProcessBarDialog.doAction(ProcessBarDialog.java:173) ~[STM32CubeMX.jar:?]
	at com.st.microxplorer.mxsystem.MxSystem.completeLoadConfig(MxSystem.java:828) ~[STM32CubeMX.jar:?]
	at com.st.microxplorer.plugins.filemanager.engine.OpenFileManager.LoadConfig(OpenFileManager.java:378) ~[filemanager.jar:?]
	at com.st.microxplorer.plugins.filemanager.engine.OpenFileManager.loadConfigurationFile(OpenFileManager.java:292) ~[filemanager.jar:?]
	at com.st.microxplorer.plugins.filemanager.engine.MainFileManager.userLoadConfig(MainFileManager.java:364) ~[filemanager.jar:?]
	at com.st.microxplorer.plugins.filemanager.engine.MainFileManager.userLoadConfig(MainFileManager.java:342) ~[filemanager.jar:?]
	at com.st.microxplorer.plugins.filemanager.FileManagerView.getSpecificTask(FileManagerView.java:264) ~[filemanager.jar:?]
	at com.st.stm32cube.common.mx.editor.CubeMxEditor.getMxTabbedPaneInstance(CubeMxEditor.java:1198) ~[com.st.stm32cube.common.mx_6.15.0.202507011659/:?]
	at com.st.stm32cube.common.mx.editor.CubeMxEditor$12$1.createSwingComponent(CubeMxEditor.java:1068) ~[com.st.stm32cube.common.mx_6.15.0.202507011659/:?]
	at com.st.stm32cube.common.mx.oss.core.awtswtbridge.EmbeddedSwingComposite.doComponentCreation(EmbeddedSwingComposite.java:492) ~[com.st.stm32cube.common.mx.oss_6.15.0.202507011659/:?]
	at com.st.stm32cube.common.mx.oss.core.awtswtbridge.EmbeddedSwingComposite$4.run(EmbeddedSwingComposite.java:291) ~[com.st.stm32cube.common.mx.oss_6.15.0.202507011659/:?]
	at com.st.stm32cube.common.mx.oss.core.awtswtbridge.AwtEnvironment$2.run(AwtEnvironment.java:166) ~[com.st.stm32cube.common.mx.oss_6.15.0.202507011659/:?]
	at java.awt.event.InvocationEvent.dispatch(InvocationEvent.java:318) ~[?:?]
	at java.awt.EventQueue.dispatchEventImpl(EventQueue.java:773) ~[?:?]
	at java.awt.EventQueue$4.run(EventQueue.java:720) ~[?:?]
	at java.awt.EventQueue$4.run(EventQueue.java:714) ~[?:?]
	at java.security.AccessController.doPrivileged(AccessController.java:400) ~[?:?]
	at java.security.ProtectionDomain$JavaSecurityAccessImpl.doIntersectionPrivilege(ProtectionDomain.java:87) ~[?:?]
	at java.awt.EventQueue.dispatchEvent(EventQueue.java:742) ~[?:?]
	at java.awt.EventDispatchThread.pumpOneEventForFilters(EventDispatchThread.java:203) ~[?:?]
	at java.awt.EventDispatchThread.pumpEventsForFilter(EventDispatchThread.java:124) ~[?:?]
	at java.awt.EventDispatchThread.pumpEventsForHierarchy(EventDispatchThread.java:113) ~[?:?]
	at java.awt.EventDispatchThread.pumpEvents(EventDispatchThread.java:109) ~[?:?]
	at java.awt.EventDispatchThread.pumpEvents(EventDispatchThread.java:101) ~[?:?]
	at java.awt.EventDispatchThread.run(EventDispatchThread.java:90) ~[?:?]
2025-10-05 17:59:30,493 [ERROR] MainProjectManager:380 - 
java.lang.NullPointerException: Cannot invoke "javax.swing.JTextField.getText()" because the return value of "java.util.List.get(int)" is null
	at com.st.microxplorer.plugins.projectmanager.gui.ProjectChoiceTab$9.caretUpdate(ProjectChoiceTab.java:2706) ~[filemanager.jar:?]
	at javax.swing.text.JTextComponent.fireCaretUpdate(JTextComponent.java:408) ~[?:?]
	at javax.swing.text.JTextComponent$MutableCaretEvent.fire(JTextComponent.java:4484) ~[?:?]
	at javax.swing.text.JTextComponent$MutableCaretEvent.stateChanged(JTextComponent.java:4506) ~[?:?]
	at javax.swing.text.DefaultCaret.fireStateChanged(DefaultCaret.java:857) ~[?:?]
	at javax.swing.text.DefaultCaret.changeCaretPosition(DefaultCaret.java:1343) ~[?:?]
	at javax.swing.text.DefaultCaret.handleSetDot(DefaultCaret.java:1242) ~[?:?]
	at javax.swing.text.DefaultCaret.setDot(DefaultCaret.java:1223) ~[?:?]
	at javax.swing.text.DefaultCaret$Handler.insertUpdate(DefaultCaret.java:1819) ~[?:?]
	at javax.swing.text.AbstractDocument.fireInsertUpdate(AbstractDocument.java:227) ~[?:?]
	at javax.swing.text.AbstractDocument.handleInsertString(AbstractDocument.java:781) ~[?:?]
	at javax.swing.text.AbstractDocument.insertString(AbstractDocument.java:740) ~[?:?]
	at javax.swing.text.PlainDocument.insertString(PlainDocument.java:131) ~[?:?]
	at javax.swing.text.AbstractDocument.replace(AbstractDocument.java:699) ~[?:?]
	at javax.swing.text.JTextComponent.setText(JTextComponent.java:1725) ~[?:?]
	at com.st.microxplorer.plugins.projectmanager.gui.ProjectChoiceTab.createHeapStackFields(ProjectChoiceTab.java:993) ~[filemanager.jar:?]
	at com.st.microxplorer.plugins.projectmanager.gui.ProjectChoiceTab.buildLinkSettingsPanel(ProjectChoiceTab.java:3813) ~[filemanager.jar:?]
	at com.st.microxplorer.plugins.projectmanager.gui.ProjectChoiceTab.defineWindowsFields(ProjectChoiceTab.java:1987) ~[filemanager.jar:?]
	at com.st.microxplorer.plugins.projectmanager.gui.ProjectChoiceTab.updateSettings(ProjectChoiceTab.java:558) ~[filemanager.jar:?]
	at com.st.microxplorer.plugins.projectmanager.gui.ProjectSettingsPanel.UpdateDialog(ProjectSettingsPanel.java:247) ~[filemanager.jar:?]
	at com.st.microxplorer.plugins.projectmanager.engine.MainProjectManager$7.onCommandEntered(MainProjectManager.java:378) ~[filemanager.jar:?]
	at com.st.components.util.CommandLineManager$3.run(CommandLineManager.java:175) ~[STM32CubeMX.jar:?]
	at java.awt.event.InvocationEvent.dispatch(InvocationEvent.java:308) ~[?:?]
	at java.awt.EventQueue.dispatchEventImpl(EventQueue.java:773) ~[?:?]
	at java.awt.EventQueue$4.run(EventQueue.java:720) ~[?:?]
	at java.awt.EventQueue$4.run(EventQueue.java:714) ~[?:?]
	at java.security.AccessController.doPrivileged(AccessController.java:400) ~[?:?]
	at java.security.ProtectionDomain$JavaSecurityAccessImpl.doIntersectionPrivilege(ProtectionDomain.java:87) ~[?:?]
	at java.awt.EventQueue.dispatchEvent(EventQueue.java:742) ~[?:?]
	at java.awt.EventDispatchThread.pumpOneEventForFilters(EventDispatchThread.java:203) ~[?:?]
	at java.awt.EventDispatchThread.pumpEventsForFilter(EventDispatchThread.java:124) ~[?:?]
	at java.awt.EventDispatchThread.pumpEventsForFilter(EventDispatchThread.java:117) ~[?:?]
	at java.awt.WaitDispatchSupport$2.run(WaitDispatchSupport.java:191) ~[?:?]
	at java.awt.WaitDispatchSupport$4.run(WaitDispatchSupport.java:236) ~[?:?]
	at java.awt.WaitDispatchSupport$4.run(WaitDispatchSupport.java:234) ~[?:?]
	at java.security.AccessController.doPrivileged(AccessController.java:319) ~[?:?]
	at java.awt.WaitDispatchSupport.enter(WaitDispatchSupport.java:234) ~[?:?]
	at java.awt.Dialog.show(Dialog.java:1079) ~[?:?]
	at java.awt.Component.show(Component.java:1728) ~[?:?]
	at java.awt.Component.setVisible(Component.java:1675) ~[?:?]
	at java.awt.Window.setVisible(Window.java:1036) ~[?:?]
	at java.awt.Dialog.setVisible(Dialog.java:1015) ~[?:?]
	at com.st.microxplorer.util.ProcessBarDialog.doAction(ProcessBarDialog.java:173) ~[STM32CubeMX.jar:?]
	at com.st.microxplorer.mxsystem.MxSystem.completeLoadConfig(MxSystem.java:828) ~[STM32CubeMX.jar:?]
	at com.st.microxplorer.plugins.filemanager.engine.OpenFileManager.LoadConfig(OpenFileManager.java:378) ~[filemanager.jar:?]
	at com.st.microxplorer.plugins.filemanager.engine.OpenFileManager.loadConfigurationFile(OpenFileManager.java:292) ~[filemanager.jar:?]
	at com.st.microxplorer.plugins.filemanager.engine.MainFileManager.userLoadConfig(MainFileManager.java:364) ~[filemanager.jar:?]
	at com.st.microxplorer.plugins.filemanager.engine.MainFileManager.userLoadConfig(MainFileManager.java:342) ~[filemanager.jar:?]
	at com.st.microxplorer.plugins.filemanager.FileManagerView.getSpecificTask(FileManagerView.java:264) ~[filemanager.jar:?]
	at com.st.stm32cube.common.mx.editor.CubeMxEditor.getMxTabbedPaneInstance(CubeMxEditor.java:1198) ~[com.st.stm32cube.common.mx_6.15.0.202507011659/:?]
	at com.st.stm32cube.common.mx.editor.CubeMxEditor$12$1.createSwingComponent(CubeMxEditor.java:1068) ~[com.st.stm32cube.common.mx_6.15.0.202507011659/:?]
	at com.st.stm32cube.common.mx.oss.core.awtswtbridge.EmbeddedSwingComposite.doComponentCreation(EmbeddedSwingComposite.java:492) ~[com.st.stm32cube.common.mx.oss_6.15.0.202507011659/:?]
	at com.st.stm32cube.common.mx.oss.core.awtswtbridge.EmbeddedSwingComposite$4.run(EmbeddedSwingComposite.java:291) ~[com.st.stm32cube.common.mx.oss_6.15.0.202507011659/:?]
	at com.st.stm32cube.common.mx.oss.core.awtswtbridge.AwtEnvironment$2.run(AwtEnvironment.java:166) ~[com.st.stm32cube.common.mx.oss_6.15.0.202507011659/:?]
	at java.awt.event.InvocationEvent.dispatch(InvocationEvent.java:318) ~[?:?]
	at java.awt.EventQueue.dispatchEventImpl(EventQueue.java:773) ~[?:?]
	at java.awt.EventQueue$4.run(EventQueue.java:720) ~[?:?]
	at java.awt.EventQueue$4.run(EventQueue.java:714) ~[?:?]
	at java.security.AccessController.doPrivileged(AccessController.java:400) ~[?:?]
	at java.security.ProtectionDomain$JavaSecurityAccessImpl.doIntersectionPrivilege(ProtectionDomain.java:87) ~[?:?]
	at java.awt.EventQueue.dispatchEvent(EventQueue.java:742) ~[?:?]
	at java.awt.EventDispatchThread.pumpOneEventForFilters(EventDispatchThread.java:203) ~[?:?]
	at java.awt.EventDispatchThread.pumpEventsForFilter(EventDispatchThread.java:124) ~[?:?]
	at java.awt.EventDispatchThread.pumpEventsForHierarchy(EventDispatchThread.java:113) ~[?:?]
	at java.awt.EventDispatchThread.pumpEvents(EventDispatchThread.java:109) ~[?:?]
	at java.awt.EventDispatchThread.pumpEvents(EventDispatchThread.java:101) ~[?:?]
	at java.awt.EventDispatchThread.run(EventDispatchThread.java:90) ~[?:?]
2025-10-05 17:59:30,646 [ERROR] MainProjectManager:405 - 
java.lang.NullPointerException: Cannot invoke "javax.swing.JTextField.getText()" because the return value of "java.util.List.get(int)" is null
	at com.st.microxplorer.plugins.projectmanager.gui.ProjectChoiceTab$9.caretUpdate(ProjectChoiceTab.java:2706) ~[filemanager.jar:?]
	at javax.swing.text.JTextComponent.fireCaretUpdate(JTextComponent.java:408) ~[?:?]
	at javax.swing.text.JTextComponent$MutableCaretEvent.fire(JTextComponent.java:4484) ~[?:?]
	at javax.swing.text.JTextComponent$MutableCaretEvent.stateChanged(JTextComponent.java:4506) ~[?:?]
	at javax.swing.text.DefaultCaret.fireStateChanged(DefaultCaret.java:857) ~[?:?]
	at javax.swing.text.DefaultCaret.changeCaretPosition(DefaultCaret.java:1343) ~[?:?]
	at javax.swing.text.DefaultCaret.handleSetDot(DefaultCaret.java:1242) ~[?:?]
	at javax.swing.text.DefaultCaret.setDot(DefaultCaret.java:1223) ~[?:?]
	at javax.swing.text.DefaultCaret$Handler.insertUpdate(DefaultCaret.java:1819) ~[?:?]
	at javax.swing.text.AbstractDocument.fireInsertUpdate(AbstractDocument.java:227) ~[?:?]
	at javax.swing.text.AbstractDocument.handleInsertString(AbstractDocument.java:781) ~[?:?]
	at javax.swing.text.AbstractDocument.insertString(AbstractDocument.java:740) ~[?:?]
	at javax.swing.text.PlainDocument.insertString(PlainDocument.java:131) ~[?:?]
	at javax.swing.text.AbstractDocument.replace(AbstractDocument.java:699) ~[?:?]
	at javax.swing.text.JTextComponent.setText(JTextComponent.java:1725) ~[?:?]
	at com.st.microxplorer.plugins.projectmanager.gui.ProjectChoiceTab.createHeapStackFields(ProjectChoiceTab.java:993) ~[filemanager.jar:?]
	at com.st.microxplorer.plugins.projectmanager.gui.ProjectChoiceTab.buildLinkSettingsPanel(ProjectChoiceTab.java:3813) ~[filemanager.jar:?]
	at com.st.microxplorer.plugins.projectmanager.gui.ProjectChoiceTab.defineWindowsFields(ProjectChoiceTab.java:1987) ~[filemanager.jar:?]
	at com.st.microxplorer.plugins.projectmanager.gui.ProjectChoiceTab.updateSettings(ProjectChoiceTab.java:558) ~[filemanager.jar:?]
	at com.st.microxplorer.plugins.projectmanager.gui.ProjectSettingsPanel.UpdateDialog(ProjectSettingsPanel.java:247) ~[filemanager.jar:?]
	at com.st.microxplorer.plugins.projectmanager.engine.MainProjectManager$9.onCommandEntered(MainProjectManager.java:403) ~[filemanager.jar:?]
	at com.st.components.util.CommandLineManager$3.run(CommandLineManager.java:175) ~[STM32CubeMX.jar:?]
	at java.awt.event.InvocationEvent.dispatch(InvocationEvent.java:308) ~[?:?]
	at java.awt.EventQueue.dispatchEventImpl(EventQueue.java:773) ~[?:?]
	at java.awt.EventQueue$4.run(EventQueue.java:720) ~[?:?]
	at java.awt.EventQueue$4.run(EventQueue.java:714) ~[?:?]
	at java.security.AccessController.doPrivileged(AccessController.java:400) ~[?:?]
	at java.security.ProtectionDomain$JavaSecurityAccessImpl.doIntersectionPrivilege(ProtectionDomain.java:87) ~[?:?]
	at java.awt.EventQueue.dispatchEvent(EventQueue.java:742) ~[?:?]
	at java.awt.EventDispatchThread.pumpOneEventForFilters(EventDispatchThread.java:203) ~[?:?]
	at java.awt.EventDispatchThread.pumpEventsForFilter(EventDispatchThread.java:124) ~[?:?]
	at java.awt.EventDispatchThread.pumpEventsForFilter(EventDispatchThread.java:117) ~[?:?]
	at java.awt.WaitDispatchSupport$2.run(WaitDispatchSupport.java:191) ~[?:?]
	at java.awt.WaitDispatchSupport$4.run(WaitDispatchSupport.java:236) ~[?:?]
	at java.awt.WaitDispatchSupport$4.run(WaitDispatchSupport.java:234) ~[?:?]
	at java.security.AccessController.doPrivileged(AccessController.java:319) ~[?:?]
	at java.awt.WaitDispatchSupport.enter(WaitDispatchSupport.java:234) ~[?:?]
	at java.awt.Dialog.show(Dialog.java:1079) ~[?:?]
	at java.awt.Component.show(Component.java:1728) ~[?:?]
	at java.awt.Component.setVisible(Component.java:1675) ~[?:?]
	at java.awt.Window.setVisible(Window.java:1036) ~[?:?]
	at java.awt.Dialog.setVisible(Dialog.java:1015) ~[?:?]
	at com.st.microxplorer.util.ProcessBarDialog.doAction(ProcessBarDialog.java:173) ~[STM32CubeMX.jar:?]
	at com.st.microxplorer.mxsystem.MxSystem.completeLoadConfig(MxSystem.java:828) ~[STM32CubeMX.jar:?]
	at com.st.microxplorer.plugins.filemanager.engine.OpenFileManager.LoadConfig(OpenFileManager.java:378) ~[filemanager.jar:?]
	at com.st.microxplorer.plugins.filemanager.engine.OpenFileManager.loadConfigurationFile(OpenFileManager.java:292) ~[filemanager.jar:?]
	at com.st.microxplorer.plugins.filemanager.engine.MainFileManager.userLoadConfig(MainFileManager.java:364) ~[filemanager.jar:?]
	at com.st.microxplorer.plugins.filemanager.engine.MainFileManager.userLoadConfig(MainFileManager.java:342) ~[filemanager.jar:?]
	at com.st.microxplorer.plugins.filemanager.FileManagerView.getSpecificTask(FileManagerView.java:264) ~[filemanager.jar:?]
	at com.st.stm32cube.common.mx.editor.CubeMxEditor.getMxTabbedPaneInstance(CubeMxEditor.java:1198) ~[com.st.stm32cube.common.mx_6.15.0.202507011659/:?]
	at com.st.stm32cube.common.mx.editor.CubeMxEditor$12$1.createSwingComponent(CubeMxEditor.java:1068) ~[com.st.stm32cube.common.mx_6.15.0.202507011659/:?]
	at com.st.stm32cube.common.mx.oss.core.awtswtbridge.EmbeddedSwingComposite.doComponentCreation(EmbeddedSwingComposite.java:492) ~[com.st.stm32cube.common.mx.oss_6.15.0.202507011659/:?]
	at com.st.stm32cube.common.mx.oss.core.awtswtbridge.EmbeddedSwingComposite$4.run(EmbeddedSwingComposite.java:291) ~[com.st.stm32cube.common.mx.oss_6.15.0.202507011659/:?]
	at com.st.stm32cube.common.mx.oss.core.awtswtbridge.AwtEnvironment$2.run(AwtEnvironment.java:166) ~[com.st.stm32cube.common.mx.oss_6.15.0.202507011659/:?]
	at java.awt.event.InvocationEvent.dispatch(InvocationEvent.java:318) ~[?:?]
	at java.awt.EventQueue.dispatchEventImpl(EventQueue.java:773) ~[?:?]
	at java.awt.EventQueue$4.run(EventQueue.java:720) ~[?:?]
	at java.awt.EventQueue$4.run(EventQueue.java:714) ~[?:?]
	at java.security.AccessController.doPrivileged(AccessController.java:400) ~[?:?]
	at java.security.ProtectionDomain$JavaSecurityAccessImpl.doIntersectionPrivilege(ProtectionDomain.java:87) ~[?:?]
	at java.awt.EventQueue.dispatchEvent(EventQueue.java:742) ~[?:?]
	at java.awt.EventDispatchThread.pumpOneEventForFilters(EventDispatchThread.java:203) ~[?:?]
	at java.awt.EventDispatchThread.pumpEventsForFilter(EventDispatchThread.java:124) ~[?:?]
	at java.awt.EventDispatchThread.pumpEventsForHierarchy(EventDispatchThread.java:113) ~[?:?]
	at java.awt.EventDispatchThread.pumpEvents(EventDispatchThread.java:109) ~[?:?]
	at java.awt.EventDispatchThread.pumpEvents(EventDispatchThread.java:101) ~[?:?]
	at java.awt.EventDispatchThread.run(EventDispatchThread.java:90) ~[?:?]
2025-10-05 17:59:30,653 [ERROR] MainProjectManager:380 - 
java.lang.NullPointerException: Cannot invoke "javax.swing.JTextField.getText()" because the return value of "java.util.List.get(int)" is null
	at com.st.microxplorer.plugins.projectmanager.gui.ProjectChoiceTab$9.caretUpdate(ProjectChoiceTab.java:2706) ~[filemanager.jar:?]
	at javax.swing.text.JTextComponent.fireCaretUpdate(JTextComponent.java:408) ~[?:?]
	at javax.swing.text.JTextComponent$MutableCaretEvent.fire(JTextComponent.java:4484) ~[?:?]
	at javax.swing.text.JTextComponent$MutableCaretEvent.stateChanged(JTextComponent.java:4506) ~[?:?]
	at javax.swing.text.DefaultCaret.fireStateChanged(DefaultCaret.java:857) ~[?:?]
	at javax.swing.text.DefaultCaret.changeCaretPosition(DefaultCaret.java:1343) ~[?:?]
	at javax.swing.text.DefaultCaret.handleSetDot(DefaultCaret.java:1242) ~[?:?]
	at javax.swing.text.DefaultCaret.setDot(DefaultCaret.java:1223) ~[?:?]
	at javax.swing.text.DefaultCaret$Handler.insertUpdate(DefaultCaret.java:1819) ~[?:?]
	at javax.swing.text.AbstractDocument.fireInsertUpdate(AbstractDocument.java:227) ~[?:?]
	at javax.swing.text.AbstractDocument.handleInsertString(AbstractDocument.java:781) ~[?:?]
	at javax.swing.text.AbstractDocument.insertString(AbstractDocument.java:740) ~[?:?]
	at javax.swing.text.PlainDocument.insertString(PlainDocument.java:131) ~[?:?]
	at javax.swing.text.AbstractDocument.replace(AbstractDocument.java:699) ~[?:?]
	at javax.swing.text.JTextComponent.setText(JTextComponent.java:1725) ~[?:?]
	at com.st.microxplorer.plugins.projectmanager.gui.ProjectChoiceTab.createHeapStackFields(ProjectChoiceTab.java:993) ~[filemanager.jar:?]
	at com.st.microxplorer.plugins.projectmanager.gui.ProjectChoiceTab.buildLinkSettingsPanel(ProjectChoiceTab.java:3813) ~[filemanager.jar:?]
	at com.st.microxplorer.plugins.projectmanager.gui.ProjectChoiceTab.defineWindowsFields(ProjectChoiceTab.java:1987) ~[filemanager.jar:?]
	at com.st.microxplorer.plugins.projectmanager.gui.ProjectChoiceTab.updateSettings(ProjectChoiceTab.java:558) ~[filemanager.jar:?]
	at com.st.microxplorer.plugins.projectmanager.gui.ProjectSettingsPanel.UpdateDialog(ProjectSettingsPanel.java:247) ~[filemanager.jar:?]
	at com.st.microxplorer.plugins.projectmanager.engine.MainProjectManager$7.onCommandEntered(MainProjectManager.java:378) ~[filemanager.jar:?]
	at com.st.components.util.CommandLineManager$3.run(CommandLineManager.java:175) ~[STM32CubeMX.jar:?]
	at java.awt.event.InvocationEvent.dispatch(InvocationEvent.java:308) ~[?:?]
	at java.awt.EventQueue.dispatchEventImpl(EventQueue.java:773) ~[?:?]
	at java.awt.EventQueue$4.run(EventQueue.java:720) ~[?:?]
	at java.awt.EventQueue$4.run(EventQueue.java:714) ~[?:?]
	at java.security.AccessController.doPrivileged(AccessController.java:400) ~[?:?]
	at java.security.ProtectionDomain$JavaSecurityAccessImpl.doIntersectionPrivilege(ProtectionDomain.java:87) ~[?:?]
	at java.awt.EventQueue.dispatchEvent(EventQueue.java:742) ~[?:?]
	at java.awt.EventDispatchThread.pumpOneEventForFilters(EventDispatchThread.java:203) ~[?:?]
	at java.awt.EventDispatchThread.pumpEventsForFilter(EventDispatchThread.java:124) ~[?:?]
	at java.awt.EventDispatchThread.pumpEventsForFilter(EventDispatchThread.java:117) ~[?:?]
	at java.awt.WaitDispatchSupport$2.run(WaitDispatchSupport.java:191) ~[?:?]
	at java.awt.WaitDispatchSupport$4.run(WaitDispatchSupport.java:236) ~[?:?]
	at java.awt.WaitDispatchSupport$4.run(WaitDispatchSupport.java:234) ~[?:?]
	at java.security.AccessController.doPrivileged(AccessController.java:319) ~[?:?]
	at java.awt.WaitDispatchSupport.enter(WaitDispatchSupport.java:234) ~[?:?]
	at java.awt.Dialog.show(Dialog.java:1079) ~[?:?]
	at java.awt.Component.show(Component.java:1728) ~[?:?]
	at java.awt.Component.setVisible(Component.java:1675) ~[?:?]
	at java.awt.Window.setVisible(Window.java:1036) ~[?:?]
	at java.awt.Dialog.setVisible(Dialog.java:1015) ~[?:?]
	at com.st.microxplorer.util.ProcessBarDialog.doAction(ProcessBarDialog.java:173) ~[STM32CubeMX.jar:?]
	at com.st.microxplorer.mxsystem.MxSystem.completeLoadConfig(MxSystem.java:828) ~[STM32CubeMX.jar:?]
	at com.st.microxplorer.plugins.filemanager.engine.OpenFileManager.LoadConfig(OpenFileManager.java:378) ~[filemanager.jar:?]
	at com.st.microxplorer.plugins.filemanager.engine.OpenFileManager.loadConfigurationFile(OpenFileManager.java:292) ~[filemanager.jar:?]
	at com.st.microxplorer.plugins.filemanager.engine.MainFileManager.userLoadConfig(MainFileManager.java:364) ~[filemanager.jar:?]
	at com.st.microxplorer.plugins.filemanager.engine.MainFileManager.userLoadConfig(MainFileManager.java:342) ~[filemanager.jar:?]
	at com.st.microxplorer.plugins.filemanager.FileManagerView.getSpecificTask(FileManagerView.java:264) ~[filemanager.jar:?]
	at com.st.stm32cube.common.mx.editor.CubeMxEditor.getMxTabbedPaneInstance(CubeMxEditor.java:1198) ~[com.st.stm32cube.common.mx_6.15.0.202507011659/:?]
	at com.st.stm32cube.common.mx.editor.CubeMxEditor$12$1.createSwingComponent(CubeMxEditor.java:1068) ~[com.st.stm32cube.common.mx_6.15.0.202507011659/:?]
	at com.st.stm32cube.common.mx.oss.core.awtswtbridge.EmbeddedSwingComposite.doComponentCreation(EmbeddedSwingComposite.java:492) ~[com.st.stm32cube.common.mx.oss_6.15.0.202507011659/:?]
	at com.st.stm32cube.common.mx.oss.core.awtswtbridge.EmbeddedSwingComposite$4.run(EmbeddedSwingComposite.java:291) ~[com.st.stm32cube.common.mx.oss_6.15.0.202507011659/:?]
	at com.st.stm32cube.common.mx.oss.core.awtswtbridge.AwtEnvironment$2.run(AwtEnvironment.java:166) ~[com.st.stm32cube.common.mx.oss_6.15.0.202507011659/:?]
	at java.awt.event.InvocationEvent.dispatch(InvocationEvent.java:318) ~[?:?]
	at java.awt.EventQueue.dispatchEventImpl(EventQueue.java:773) ~[?:?]
	at java.awt.EventQueue$4.run(EventQueue.java:720) ~[?:?]
	at java.awt.EventQueue$4.run(EventQueue.java:714) ~[?:?]
	at java.security.AccessController.doPrivileged(AccessController.java:400) ~[?:?]
	at java.security.ProtectionDomain$JavaSecurityAccessImpl.doIntersectionPrivilege(ProtectionDomain.java:87) ~[?:?]
	at java.awt.EventQueue.dispatchEvent(EventQueue.java:742) ~[?:?]
	at java.awt.EventDispatchThread.pumpOneEventForFilters(EventDispatchThread.java:203) ~[?:?]
	at java.awt.EventDispatchThread.pumpEventsForFilter(EventDispatchThread.java:124) ~[?:?]
	at java.awt.EventDispatchThread.pumpEventsForHierarchy(EventDispatchThread.java:113) ~[?:?]
	at java.awt.EventDispatchThread.pumpEvents(EventDispatchThread.java:109) ~[?:?]
	at java.awt.EventDispatchThread.pumpEvents(EventDispatchThread.java:101) ~[?:?]
	at java.awt.EventDispatchThread.run(EventDispatchThread.java:90) ~[?:?]
2025-10-05 17:59:30,702 [ERROR] MainProjectManager:405 - 
java.lang.NullPointerException: Cannot invoke "javax.swing.JTextField.getText()" because the return value of "java.util.List.get(int)" is null
	at com.st.microxplorer.plugins.projectmanager.gui.ProjectChoiceTab$9.caretUpdate(ProjectChoiceTab.java:2706) ~[filemanager.jar:?]
	at javax.swing.text.JTextComponent.fireCaretUpdate(JTextComponent.java:408) ~[?:?]
	at javax.swing.text.JTextComponent$MutableCaretEvent.fire(JTextComponent.java:4484) ~[?:?]
	at javax.swing.text.JTextComponent$MutableCaretEvent.stateChanged(JTextComponent.java:4506) ~[?:?]
	at javax.swing.text.DefaultCaret.fireStateChanged(DefaultCaret.java:857) ~[?:?]
	at javax.swing.text.DefaultCaret.changeCaretPosition(DefaultCaret.java:1343) ~[?:?]
	at javax.swing.text.DefaultCaret.handleSetDot(DefaultCaret.java:1242) ~[?:?]
	at javax.swing.text.DefaultCaret.setDot(DefaultCaret.java:1223) ~[?:?]
	at javax.swing.text.DefaultCaret$Handler.insertUpdate(DefaultCaret.java:1819) ~[?:?]
	at javax.swing.text.AbstractDocument.fireInsertUpdate(AbstractDocument.java:227) ~[?:?]
	at javax.swing.text.AbstractDocument.handleInsertString(AbstractDocument.java:781) ~[?:?]
	at javax.swing.text.AbstractDocument.insertString(AbstractDocument.java:740) ~[?:?]
	at javax.swing.text.PlainDocument.insertString(PlainDocument.java:131) ~[?:?]
	at javax.swing.text.AbstractDocument.replace(AbstractDocument.java:699) ~[?:?]
	at javax.swing.text.JTextComponent.setText(JTextComponent.java:1725) ~[?:?]
	at com.st.microxplorer.plugins.projectmanager.gui.ProjectChoiceTab.createHeapStackFields(ProjectChoiceTab.java:993) ~[filemanager.jar:?]
	at com.st.microxplorer.plugins.projectmanager.gui.ProjectChoiceTab.buildLinkSettingsPanel(ProjectChoiceTab.java:3813) ~[filemanager.jar:?]
	at com.st.microxplorer.plugins.projectmanager.gui.ProjectChoiceTab.defineWindowsFields(ProjectChoiceTab.java:1987) ~[filemanager.jar:?]
	at com.st.microxplorer.plugins.projectmanager.gui.ProjectChoiceTab.updateSettings(ProjectChoiceTab.java:558) ~[filemanager.jar:?]
	at com.st.microxplorer.plugins.projectmanager.gui.ProjectSettingsPanel.UpdateDialog(ProjectSettingsPanel.java:247) ~[filemanager.jar:?]
	at com.st.microxplorer.plugins.projectmanager.engine.MainProjectManager$9.onCommandEntered(MainProjectManager.java:403) ~[filemanager.jar:?]
	at com.st.components.util.CommandLineManager$3.run(CommandLineManager.java:175) ~[STM32CubeMX.jar:?]
	at java.awt.event.InvocationEvent.dispatch(InvocationEvent.java:308) ~[?:?]
	at java.awt.EventQueue.dispatchEventImpl(EventQueue.java:773) ~[?:?]
	at java.awt.EventQueue$4.run(EventQueue.java:720) ~[?:?]
	at java.awt.EventQueue$4.run(EventQueue.java:714) ~[?:?]
	at java.security.AccessController.doPrivileged(AccessController.java:400) ~[?:?]
	at java.security.ProtectionDomain$JavaSecurityAccessImpl.doIntersectionPrivilege(ProtectionDomain.java:87) ~[?:?]
	at java.awt.EventQueue.dispatchEvent(EventQueue.java:742) ~[?:?]
	at java.awt.EventDispatchThread.pumpOneEventForFilters(EventDispatchThread.java:203) ~[?:?]
	at java.awt.EventDispatchThread.pumpEventsForFilter(EventDispatchThread.java:124) ~[?:?]
	at java.awt.EventDispatchThread.pumpEventsForFilter(EventDispatchThread.java:117) ~[?:?]
	at java.awt.WaitDispatchSupport$2.run(WaitDispatchSupport.java:191) ~[?:?]
	at java.awt.WaitDispatchSupport$4.run(WaitDispatchSupport.java:236) ~[?:?]
	at java.awt.WaitDispatchSupport$4.run(WaitDispatchSupport.java:234) ~[?:?]
	at java.security.AccessController.doPrivileged(AccessController.java:319) ~[?:?]
	at java.awt.WaitDispatchSupport.enter(WaitDispatchSupport.java:234) ~[?:?]
	at java.awt.Dialog.show(Dialog.java:1079) ~[?:?]
	at java.awt.Component.show(Component.java:1728) ~[?:?]
	at java.awt.Component.setVisible(Component.java:1675) ~[?:?]
	at java.awt.Window.setVisible(Window.java:1036) ~[?:?]
	at java.awt.Dialog.setVisible(Dialog.java:1015) ~[?:?]
	at com.st.microxplorer.util.ProcessBarDialog.doAction(ProcessBarDialog.java:173) ~[STM32CubeMX.jar:?]
	at com.st.microxplorer.mxsystem.MxSystem.completeLoadConfig(MxSystem.java:828) ~[STM32CubeMX.jar:?]
	at com.st.microxplorer.plugins.filemanager.engine.OpenFileManager.LoadConfig(OpenFileManager.java:378) ~[filemanager.jar:?]
	at com.st.microxplorer.plugins.filemanager.engine.OpenFileManager.loadConfigurationFile(OpenFileManager.java:292) ~[filemanager.jar:?]
	at com.st.microxplorer.plugins.filemanager.engine.MainFileManager.userLoadConfig(MainFileManager.java:364) ~[filemanager.jar:?]
	at com.st.microxplorer.plugins.filemanager.engine.MainFileManager.userLoadConfig(MainFileManager.java:342) ~[filemanager.jar:?]
	at com.st.microxplorer.plugins.filemanager.FileManagerView.getSpecificTask(FileManagerView.java:264) ~[filemanager.jar:?]
	at com.st.stm32cube.common.mx.editor.CubeMxEditor.getMxTabbedPaneInstance(CubeMxEditor.java:1198) ~[com.st.stm32cube.common.mx_6.15.0.202507011659/:?]
	at com.st.stm32cube.common.mx.editor.CubeMxEditor$12$1.createSwingComponent(CubeMxEditor.java:1068) ~[com.st.stm32cube.common.mx_6.15.0.202507011659/:?]
	at com.st.stm32cube.common.mx.oss.core.awtswtbridge.EmbeddedSwingComposite.doComponentCreation(EmbeddedSwingComposite.java:492) ~[com.st.stm32cube.common.mx.oss_6.15.0.202507011659/:?]
	at com.st.stm32cube.common.mx.oss.core.awtswtbridge.EmbeddedSwingComposite$4.run(EmbeddedSwingComposite.java:291) ~[com.st.stm32cube.common.mx.oss_6.15.0.202507011659/:?]
	at com.st.stm32cube.common.mx.oss.core.awtswtbridge.AwtEnvironment$2.run(AwtEnvironment.java:166) ~[com.st.stm32cube.common.mx.oss_6.15.0.202507011659/:?]
	at java.awt.event.InvocationEvent.dispatch(InvocationEvent.java:318) ~[?:?]
	at java.awt.EventQueue.dispatchEventImpl(EventQueue.java:773) ~[?:?]
	at java.awt.EventQueue$4.run(EventQueue.java:720) ~[?:?]
	at java.awt.EventQueue$4.run(EventQueue.java:714) ~[?:?]
	at java.security.AccessController.doPrivileged(AccessController.java:400) ~[?:?]
	at java.security.ProtectionDomain$JavaSecurityAccessImpl.doIntersectionPrivilege(ProtectionDomain.java:87) ~[?:?]
	at java.awt.EventQueue.dispatchEvent(EventQueue.java:742) ~[?:?]
	at java.awt.EventDispatchThread.pumpOneEventForFilters(EventDispatchThread.java:203) ~[?:?]
	at java.awt.EventDispatchThread.pumpEventsForFilter(EventDispatchThread.java:124) ~[?:?]
	at java.awt.EventDispatchThread.pumpEventsForHierarchy(EventDispatchThread.java:113) ~[?:?]
	at java.awt.EventDispatchThread.pumpEvents(EventDispatchThread.java:109) ~[?:?]
	at java.awt.EventDispatchThread.pumpEvents(EventDispatchThread.java:101) ~[?:?]
	at java.awt.EventDispatchThread.run(EventDispatchThread.java:90) ~[?:?]
2025-10-05 17:59:30,713 [ERROR] MainProjectManager:380 - 
java.lang.NullPointerException: Cannot invoke "javax.swing.JTextField.getText()" because the return value of "java.util.List.get(int)" is null
	at com.st.microxplorer.plugins.projectmanager.gui.ProjectChoiceTab$9.caretUpdate(ProjectChoiceTab.java:2706) ~[filemanager.jar:?]
	at javax.swing.text.JTextComponent.fireCaretUpdate(JTextComponent.java:408) ~[?:?]
	at javax.swing.text.JTextComponent$MutableCaretEvent.fire(JTextComponent.java:4484) ~[?:?]
	at javax.swing.text.JTextComponent$MutableCaretEvent.stateChanged(JTextComponent.java:4506) ~[?:?]
	at javax.swing.text.DefaultCaret.fireStateChanged(DefaultCaret.java:857) ~[?:?]
	at javax.swing.text.DefaultCaret.changeCaretPosition(DefaultCaret.java:1343) ~[?:?]
	at javax.swing.text.DefaultCaret.handleSetDot(DefaultCaret.java:1242) ~[?:?]
	at javax.swing.text.DefaultCaret.setDot(DefaultCaret.java:1223) ~[?:?]
	at javax.swing.text.DefaultCaret$Handler.insertUpdate(DefaultCaret.java:1819) ~[?:?]
	at javax.swing.text.AbstractDocument.fireInsertUpdate(AbstractDocument.java:227) ~[?:?]
	at javax.swing.text.AbstractDocument.handleInsertString(AbstractDocument.java:781) ~[?:?]
	at javax.swing.text.AbstractDocument.insertString(AbstractDocument.java:740) ~[?:?]
	at javax.swing.text.PlainDocument.insertString(PlainDocument.java:131) ~[?:?]
	at javax.swing.text.AbstractDocument.replace(AbstractDocument.java:699) ~[?:?]
	at javax.swing.text.JTextComponent.setText(JTextComponent.java:1725) ~[?:?]
	at com.st.microxplorer.plugins.projectmanager.gui.ProjectChoiceTab.createHeapStackFields(ProjectChoiceTab.java:993) ~[filemanager.jar:?]
	at com.st.microxplorer.plugins.projectmanager.gui.ProjectChoiceTab.buildLinkSettingsPanel(ProjectChoiceTab.java:3813) ~[filemanager.jar:?]
	at com.st.microxplorer.plugins.projectmanager.gui.ProjectChoiceTab.defineWindowsFields(ProjectChoiceTab.java:1987) ~[filemanager.jar:?]
	at com.st.microxplorer.plugins.projectmanager.gui.ProjectChoiceTab.updateSettings(ProjectChoiceTab.java:558) ~[filemanager.jar:?]
	at com.st.microxplorer.plugins.projectmanager.gui.ProjectSettingsPanel.UpdateDialog(ProjectSettingsPanel.java:247) ~[filemanager.jar:?]
	at com.st.microxplorer.plugins.projectmanager.engine.MainProjectManager$7.onCommandEntered(MainProjectManager.java:378) ~[filemanager.jar:?]
	at com.st.components.util.CommandLineManager$3.run(CommandLineManager.java:175) ~[STM32CubeMX.jar:?]
	at java.awt.event.InvocationEvent.dispatch(InvocationEvent.java:308) ~[?:?]
	at java.awt.EventQueue.dispatchEventImpl(EventQueue.java:773) ~[?:?]
	at java.awt.EventQueue$4.run(EventQueue.java:720) ~[?:?]
	at java.awt.EventQueue$4.run(EventQueue.java:714) ~[?:?]
	at java.security.AccessController.doPrivileged(AccessController.java:400) ~[?:?]
	at java.security.ProtectionDomain$JavaSecurityAccessImpl.doIntersectionPrivilege(ProtectionDomain.java:87) ~[?:?]
	at java.awt.EventQueue.dispatchEvent(EventQueue.java:742) ~[?:?]
	at java.awt.EventDispatchThread.pumpOneEventForFilters(EventDispatchThread.java:203) ~[?:?]
	at java.awt.EventDispatchThread.pumpEventsForFilter(EventDispatchThread.java:124) ~[?:?]
	at java.awt.EventDispatchThread.pumpEventsForFilter(EventDispatchThread.java:117) ~[?:?]
	at java.awt.WaitDispatchSupport$2.run(WaitDispatchSupport.java:191) ~[?:?]
	at java.awt.WaitDispatchSupport$4.run(WaitDispatchSupport.java:236) ~[?:?]
	at java.awt.WaitDispatchSupport$4.run(WaitDispatchSupport.java:234) ~[?:?]
	at java.security.AccessController.doPrivileged(AccessController.java:319) ~[?:?]
	at java.awt.WaitDispatchSupport.enter(WaitDispatchSupport.java:234) ~[?:?]
	at java.awt.Dialog.show(Dialog.java:1079) ~[?:?]
	at java.awt.Component.show(Component.java:1728) ~[?:?]
	at java.awt.Component.setVisible(Component.java:1675) ~[?:?]
	at java.awt.Window.setVisible(Window.java:1036) ~[?:?]
	at java.awt.Dialog.setVisible(Dialog.java:1015) ~[?:?]
	at com.st.microxplorer.util.ProcessBarDialog.doAction(ProcessBarDialog.java:173) ~[STM32CubeMX.jar:?]
	at com.st.microxplorer.mxsystem.MxSystem.completeLoadConfig(MxSystem.java:828) ~[STM32CubeMX.jar:?]
	at com.st.microxplorer.plugins.filemanager.engine.OpenFileManager.LoadConfig(OpenFileManager.java:378) ~[filemanager.jar:?]
	at com.st.microxplorer.plugins.filemanager.engine.OpenFileManager.loadConfigurationFile(OpenFileManager.java:292) ~[filemanager.jar:?]
	at com.st.microxplorer.plugins.filemanager.engine.MainFileManager.userLoadConfig(MainFileManager.java:364) ~[filemanager.jar:?]
	at com.st.microxplorer.plugins.filemanager.engine.MainFileManager.userLoadConfig(MainFileManager.java:342) ~[filemanager.jar:?]
	at com.st.microxplorer.plugins.filemanager.FileManagerView.getSpecificTask(FileManagerView.java:264) ~[filemanager.jar:?]
	at com.st.stm32cube.common.mx.editor.CubeMxEditor.getMxTabbedPaneInstance(CubeMxEditor.java:1198) ~[com.st.stm32cube.common.mx_6.15.0.202507011659/:?]
	at com.st.stm32cube.common.mx.editor.CubeMxEditor$12$1.createSwingComponent(CubeMxEditor.java:1068) ~[com.st.stm32cube.common.mx_6.15.0.202507011659/:?]
	at com.st.stm32cube.common.mx.oss.core.awtswtbridge.EmbeddedSwingComposite.doComponentCreation(EmbeddedSwingComposite.java:492) ~[com.st.stm32cube.common.mx.oss_6.15.0.202507011659/:?]
	at com.st.stm32cube.common.mx.oss.core.awtswtbridge.EmbeddedSwingComposite$4.run(EmbeddedSwingComposite.java:291) ~[com.st.stm32cube.common.mx.oss_6.15.0.202507011659/:?]
	at com.st.stm32cube.common.mx.oss.core.awtswtbridge.AwtEnvironment$2.run(AwtEnvironment.java:166) ~[com.st.stm32cube.common.mx.oss_6.15.0.202507011659/:?]
	at java.awt.event.InvocationEvent.dispatch(InvocationEvent.java:318) ~[?:?]
	at java.awt.EventQueue.dispatchEventImpl(EventQueue.java:773) ~[?:?]
	at java.awt.EventQueue$4.run(EventQueue.java:720) ~[?:?]
	at java.awt.EventQueue$4.run(EventQueue.java:714) ~[?:?]
	at java.security.AccessController.doPrivileged(AccessController.java:400) ~[?:?]
	at java.security.ProtectionDomain$JavaSecurityAccessImpl.doIntersectionPrivilege(ProtectionDomain.java:87) ~[?:?]
	at java.awt.EventQueue.dispatchEvent(EventQueue.java:742) ~[?:?]
	at java.awt.EventDispatchThread.pumpOneEventForFilters(EventDispatchThread.java:203) ~[?:?]
	at java.awt.EventDispatchThread.pumpEventsForFilter(EventDispatchThread.java:124) ~[?:?]
	at java.awt.EventDispatchThread.pumpEventsForHierarchy(EventDispatchThread.java:113) ~[?:?]
	at java.awt.EventDispatchThread.pumpEvents(EventDispatchThread.java:109) ~[?:?]
	at java.awt.EventDispatchThread.pumpEvents(EventDispatchThread.java:101) ~[?:?]
	at java.awt.EventDispatchThread.run(EventDispatchThread.java:90) ~[?:?]
2025-10-05 17:59:30,783 [ERROR] MainProjectManager:405 - 
java.lang.NullPointerException: Cannot invoke "javax.swing.JTextField.getText()" because the return value of "java.util.List.get(int)" is null
	at com.st.microxplorer.plugins.projectmanager.gui.ProjectChoiceTab$9.caretUpdate(ProjectChoiceTab.java:2706) ~[filemanager.jar:?]
	at javax.swing.text.JTextComponent.fireCaretUpdate(JTextComponent.java:408) ~[?:?]
	at javax.swing.text.JTextComponent$MutableCaretEvent.fire(JTextComponent.java:4484) ~[?:?]
	at javax.swing.text.JTextComponent$MutableCaretEvent.stateChanged(JTextComponent.java:4506) ~[?:?]
	at javax.swing.text.DefaultCaret.fireStateChanged(DefaultCaret.java:857) ~[?:?]
	at javax.swing.text.DefaultCaret.changeCaretPosition(DefaultCaret.java:1343) ~[?:?]
	at javax.swing.text.DefaultCaret.handleSetDot(DefaultCaret.java:1242) ~[?:?]
	at javax.swing.text.DefaultCaret.setDot(DefaultCaret.java:1223) ~[?:?]
	at javax.swing.text.DefaultCaret$Handler.insertUpdate(DefaultCaret.java:1819) ~[?:?]
	at javax.swing.text.AbstractDocument.fireInsertUpdate(AbstractDocument.java:227) ~[?:?]
	at javax.swing.text.AbstractDocument.handleInsertString(AbstractDocument.java:781) ~[?:?]
	at javax.swing.text.AbstractDocument.insertString(AbstractDocument.java:740) ~[?:?]
	at javax.swing.text.PlainDocument.insertString(PlainDocument.java:131) ~[?:?]
	at javax.swing.text.AbstractDocument.replace(AbstractDocument.java:699) ~[?:?]
	at javax.swing.text.JTextComponent.setText(JTextComponent.java:1725) ~[?:?]
	at com.st.microxplorer.plugins.projectmanager.gui.ProjectChoiceTab.createHeapStackFields(ProjectChoiceTab.java:993) ~[filemanager.jar:?]
	at com.st.microxplorer.plugins.projectmanager.gui.ProjectChoiceTab.buildLinkSettingsPanel(ProjectChoiceTab.java:3813) ~[filemanager.jar:?]
	at com.st.microxplorer.plugins.projectmanager.gui.ProjectChoiceTab.defineWindowsFields(ProjectChoiceTab.java:1987) ~[filemanager.jar:?]
	at com.st.microxplorer.plugins.projectmanager.gui.ProjectChoiceTab.updateSettings(ProjectChoiceTab.java:558) ~[filemanager.jar:?]
	at com.st.microxplorer.plugins.projectmanager.gui.ProjectSettingsPanel.UpdateDialog(ProjectSettingsPanel.java:247) ~[filemanager.jar:?]
	at com.st.microxplorer.plugins.projectmanager.engine.MainProjectManager$9.onCommandEntered(MainProjectManager.java:403) ~[filemanager.jar:?]
	at com.st.components.util.CommandLineManager$3.run(CommandLineManager.java:175) ~[STM32CubeMX.jar:?]
	at java.awt.event.InvocationEvent.dispatch(InvocationEvent.java:308) ~[?:?]
	at java.awt.EventQueue.dispatchEventImpl(EventQueue.java:773) ~[?:?]
	at java.awt.EventQueue$4.run(EventQueue.java:720) ~[?:?]
	at java.awt.EventQueue$4.run(EventQueue.java:714) ~[?:?]
	at java.security.AccessController.doPrivileged(AccessController.java:400) ~[?:?]
	at java.security.ProtectionDomain$JavaSecurityAccessImpl.doIntersectionPrivilege(ProtectionDomain.java:87) ~[?:?]
	at java.awt.EventQueue.dispatchEvent(EventQueue.java:742) ~[?:?]
	at java.awt.EventDispatchThread.pumpOneEventForFilters(EventDispatchThread.java:203) ~[?:?]
	at java.awt.EventDispatchThread.pumpEventsForFilter(EventDispatchThread.java:124) ~[?:?]
	at java.awt.EventDispatchThread.pumpEventsForFilter(EventDispatchThread.java:117) ~[?:?]
	at java.awt.WaitDispatchSupport$2.run(WaitDispatchSupport.java:191) ~[?:?]
	at java.awt.WaitDispatchSupport$4.run(WaitDispatchSupport.java:236) ~[?:?]
	at java.awt.WaitDispatchSupport$4.run(WaitDispatchSupport.java:234) ~[?:?]
	at java.security.AccessController.doPrivileged(AccessController.java:319) ~[?:?]
	at java.awt.WaitDispatchSupport.enter(WaitDispatchSupport.java:234) ~[?:?]
	at java.awt.Dialog.show(Dialog.java:1079) ~[?:?]
	at java.awt.Component.show(Component.java:1728) ~[?:?]
	at java.awt.Component.setVisible(Component.java:1675) ~[?:?]
	at java.awt.Window.setVisible(Window.java:1036) ~[?:?]
	at java.awt.Dialog.setVisible(Dialog.java:1015) ~[?:?]
	at com.st.microxplorer.util.ProcessBarDialog.doAction(ProcessBarDialog.java:173) ~[STM32CubeMX.jar:?]
	at com.st.microxplorer.mxsystem.MxSystem.completeLoadConfig(MxSystem.java:828) ~[STM32CubeMX.jar:?]
	at com.st.microxplorer.plugins.filemanager.engine.OpenFileManager.LoadConfig(OpenFileManager.java:378) ~[filemanager.jar:?]
	at com.st.microxplorer.plugins.filemanager.engine.OpenFileManager.loadConfigurationFile(OpenFileManager.java:292) ~[filemanager.jar:?]
	at com.st.microxplorer.plugins.filemanager.engine.MainFileManager.userLoadConfig(MainFileManager.java:364) ~[filemanager.jar:?]
	at com.st.microxplorer.plugins.filemanager.engine.MainFileManager.userLoadConfig(MainFileManager.java:342) ~[filemanager.jar:?]
	at com.st.microxplorer.plugins.filemanager.FileManagerView.getSpecificTask(FileManagerView.java:264) ~[filemanager.jar:?]
	at com.st.stm32cube.common.mx.editor.CubeMxEditor.getMxTabbedPaneInstance(CubeMxEditor.java:1198) ~[com.st.stm32cube.common.mx_6.15.0.202507011659/:?]
	at com.st.stm32cube.common.mx.editor.CubeMxEditor$12$1.createSwingComponent(CubeMxEditor.java:1068) ~[com.st.stm32cube.common.mx_6.15.0.202507011659/:?]
	at com.st.stm32cube.common.mx.oss.core.awtswtbridge.EmbeddedSwingComposite.doComponentCreation(EmbeddedSwingComposite.java:492) ~[com.st.stm32cube.common.mx.oss_6.15.0.202507011659/:?]
	at com.st.stm32cube.common.mx.oss.core.awtswtbridge.EmbeddedSwingComposite$4.run(EmbeddedSwingComposite.java:291) ~[com.st.stm32cube.common.mx.oss_6.15.0.202507011659/:?]
	at com.st.stm32cube.common.mx.oss.core.awtswtbridge.AwtEnvironment$2.run(AwtEnvironment.java:166) ~[com.st.stm32cube.common.mx.oss_6.15.0.202507011659/:?]
	at java.awt.event.InvocationEvent.dispatch(InvocationEvent.java:318) ~[?:?]
	at java.awt.EventQueue.dispatchEventImpl(EventQueue.java:773) ~[?:?]
	at java.awt.EventQueue$4.run(EventQueue.java:720) ~[?:?]
	at java.awt.EventQueue$4.run(EventQueue.java:714) ~[?:?]
	at java.security.AccessController.doPrivileged(AccessController.java:400) ~[?:?]
	at java.security.ProtectionDomain$JavaSecurityAccessImpl.doIntersectionPrivilege(ProtectionDomain.java:87) ~[?:?]
	at java.awt.EventQueue.dispatchEvent(EventQueue.java:742) ~[?:?]
	at java.awt.EventDispatchThread.pumpOneEventForFilters(EventDispatchThread.java:203) ~[?:?]
	at java.awt.EventDispatchThread.pumpEventsForFilter(EventDispatchThread.java:124) ~[?:?]
	at java.awt.EventDispatchThread.pumpEventsForHierarchy(EventDispatchThread.java:113) ~[?:?]
	at java.awt.EventDispatchThread.pumpEvents(EventDispatchThread.java:109) ~[?:?]
	at java.awt.EventDispatchThread.pumpEvents(EventDispatchThread.java:101) ~[?:?]
	at java.awt.EventDispatchThread.run(EventDispatchThread.java:90) ~[?:?]
2025-10-05 17:59:30,793 [ERROR] MainProjectManager:380 - 
java.lang.NullPointerException: Cannot invoke "javax.swing.JTextField.getText()" because the return value of "java.util.List.get(int)" is null
	at com.st.microxplorer.plugins.projectmanager.gui.ProjectChoiceTab$9.caretUpdate(ProjectChoiceTab.java:2706) ~[filemanager.jar:?]
	at javax.swing.text.JTextComponent.fireCaretUpdate(JTextComponent.java:408) ~[?:?]
	at javax.swing.text.JTextComponent$MutableCaretEvent.fire(JTextComponent.java:4484) ~[?:?]
	at javax.swing.text.JTextComponent$MutableCaretEvent.stateChanged(JTextComponent.java:4506) ~[?:?]
	at javax.swing.text.DefaultCaret.fireStateChanged(DefaultCaret.java:857) ~[?:?]
	at javax.swing.text.DefaultCaret.changeCaretPosition(DefaultCaret.java:1343) ~[?:?]
	at javax.swing.text.DefaultCaret.handleSetDot(DefaultCaret.java:1242) ~[?:?]
	at javax.swing.text.DefaultCaret.setDot(DefaultCaret.java:1223) ~[?:?]
	at javax.swing.text.DefaultCaret$Handler.insertUpdate(DefaultCaret.java:1819) ~[?:?]
	at javax.swing.text.AbstractDocument.fireInsertUpdate(AbstractDocument.java:227) ~[?:?]
	at javax.swing.text.AbstractDocument.handleInsertString(AbstractDocument.java:781) ~[?:?]
	at javax.swing.text.AbstractDocument.insertString(AbstractDocument.java:740) ~[?:?]
	at javax.swing.text.PlainDocument.insertString(PlainDocument.java:131) ~[?:?]
	at javax.swing.text.AbstractDocument.replace(AbstractDocument.java:699) ~[?:?]
	at javax.swing.text.JTextComponent.setText(JTextComponent.java:1725) ~[?:?]
	at com.st.microxplorer.plugins.projectmanager.gui.ProjectChoiceTab.createHeapStackFields(ProjectChoiceTab.java:993) ~[filemanager.jar:?]
	at com.st.microxplorer.plugins.projectmanager.gui.ProjectChoiceTab.buildLinkSettingsPanel(ProjectChoiceTab.java:3813) ~[filemanager.jar:?]
	at com.st.microxplorer.plugins.projectmanager.gui.ProjectChoiceTab.defineWindowsFields(ProjectChoiceTab.java:1987) ~[filemanager.jar:?]
	at com.st.microxplorer.plugins.projectmanager.gui.ProjectChoiceTab.updateSettings(ProjectChoiceTab.java:558) ~[filemanager.jar:?]
	at com.st.microxplorer.plugins.projectmanager.gui.ProjectSettingsPanel.UpdateDialog(ProjectSettingsPanel.java:247) ~[filemanager.jar:?]
	at com.st.microxplorer.plugins.projectmanager.engine.MainProjectManager$7.onCommandEntered(MainProjectManager.java:378) ~[filemanager.jar:?]
	at com.st.components.util.CommandLineManager$3.run(CommandLineManager.java:175) ~[STM32CubeMX.jar:?]
	at java.awt.event.InvocationEvent.dispatch(InvocationEvent.java:308) ~[?:?]
	at java.awt.EventQueue.dispatchEventImpl(EventQueue.java:773) ~[?:?]
	at java.awt.EventQueue$4.run(EventQueue.java:720) ~[?:?]
	at java.awt.EventQueue$4.run(EventQueue.java:714) ~[?:?]
	at java.security.AccessController.doPrivileged(AccessController.java:400) ~[?:?]
	at java.security.ProtectionDomain$JavaSecurityAccessImpl.doIntersectionPrivilege(ProtectionDomain.java:87) ~[?:?]
	at java.awt.EventQueue.dispatchEvent(EventQueue.java:742) ~[?:?]
	at java.awt.EventDispatchThread.pumpOneEventForFilters(EventDispatchThread.java:203) ~[?:?]
	at java.awt.EventDispatchThread.pumpEventsForFilter(EventDispatchThread.java:124) ~[?:?]
	at java.awt.EventDispatchThread.pumpEventsForFilter(EventDispatchThread.java:117) ~[?:?]
	at java.awt.WaitDispatchSupport$2.run(WaitDispatchSupport.java:191) ~[?:?]
	at java.awt.WaitDispatchSupport$4.run(WaitDispatchSupport.java:236) ~[?:?]
	at java.awt.WaitDispatchSupport$4.run(WaitDispatchSupport.java:234) ~[?:?]
	at java.security.AccessController.doPrivileged(AccessController.java:319) ~[?:?]
	at java.awt.WaitDispatchSupport.enter(WaitDispatchSupport.java:234) ~[?:?]
	at java.awt.Dialog.show(Dialog.java:1079) ~[?:?]
	at java.awt.Component.show(Component.java:1728) ~[?:?]
	at java.awt.Component.setVisible(Component.java:1675) ~[?:?]
	at java.awt.Window.setVisible(Window.java:1036) ~[?:?]
	at java.awt.Dialog.setVisible(Dialog.java:1015) ~[?:?]
	at com.st.microxplorer.util.ProcessBarDialog.doAction(ProcessBarDialog.java:173) ~[STM32CubeMX.jar:?]
	at com.st.microxplorer.mxsystem.MxSystem.completeLoadConfig(MxSystem.java:828) ~[STM32CubeMX.jar:?]
	at com.st.microxplorer.plugins.filemanager.engine.OpenFileManager.LoadConfig(OpenFileManager.java:378) ~[filemanager.jar:?]
	at com.st.microxplorer.plugins.filemanager.engine.OpenFileManager.loadConfigurationFile(OpenFileManager.java:292) ~[filemanager.jar:?]
	at com.st.microxplorer.plugins.filemanager.engine.MainFileManager.userLoadConfig(MainFileManager.java:364) ~[filemanager.jar:?]
	at com.st.microxplorer.plugins.filemanager.engine.MainFileManager.userLoadConfig(MainFileManager.java:342) ~[filemanager.jar:?]
	at com.st.microxplorer.plugins.filemanager.FileManagerView.getSpecificTask(FileManagerView.java:264) ~[filemanager.jar:?]
	at com.st.stm32cube.common.mx.editor.CubeMxEditor.getMxTabbedPaneInstance(CubeMxEditor.java:1198) ~[com.st.stm32cube.common.mx_6.15.0.202507011659/:?]
	at com.st.stm32cube.common.mx.editor.CubeMxEditor$12$1.createSwingComponent(CubeMxEditor.java:1068) ~[com.st.stm32cube.common.mx_6.15.0.202507011659/:?]
	at com.st.stm32cube.common.mx.oss.core.awtswtbridge.EmbeddedSwingComposite.doComponentCreation(EmbeddedSwingComposite.java:492) ~[com.st.stm32cube.common.mx.oss_6.15.0.202507011659/:?]
	at com.st.stm32cube.common.mx.oss.core.awtswtbridge.EmbeddedSwingComposite$4.run(EmbeddedSwingComposite.java:291) ~[com.st.stm32cube.common.mx.oss_6.15.0.202507011659/:?]
	at com.st.stm32cube.common.mx.oss.core.awtswtbridge.AwtEnvironment$2.run(AwtEnvironment.java:166) ~[com.st.stm32cube.common.mx.oss_6.15.0.202507011659/:?]
	at java.awt.event.InvocationEvent.dispatch(InvocationEvent.java:318) ~[?:?]
	at java.awt.EventQueue.dispatchEventImpl(EventQueue.java:773) ~[?:?]
	at java.awt.EventQueue$4.run(EventQueue.java:720) ~[?:?]
	at java.awt.EventQueue$4.run(EventQueue.java:714) ~[?:?]
	at java.security.AccessController.doPrivileged(AccessController.java:400) ~[?:?]
	at java.security.ProtectionDomain$JavaSecurityAccessImpl.doIntersectionPrivilege(ProtectionDomain.java:87) ~[?:?]
	at java.awt.EventQueue.dispatchEvent(EventQueue.java:742) ~[?:?]
	at java.awt.EventDispatchThread.pumpOneEventForFilters(EventDispatchThread.java:203) ~[?:?]
	at java.awt.EventDispatchThread.pumpEventsForFilter(EventDispatchThread.java:124) ~[?:?]
	at java.awt.EventDispatchThread.pumpEventsForHierarchy(EventDispatchThread.java:113) ~[?:?]
	at java.awt.EventDispatchThread.pumpEvents(EventDispatchThread.java:109) ~[?:?]
	at java.awt.EventDispatchThread.pumpEvents(EventDispatchThread.java:101) ~[?:?]
	at java.awt.EventDispatchThread.run(EventDispatchThread.java:90) ~[?:?]
2025-10-05 17:59:30,898 [ERROR] MainProjectManager:405 - 
java.lang.NullPointerException: Cannot invoke "javax.swing.JTextField.getText()" because the return value of "java.util.List.get(int)" is null
	at com.st.microxplorer.plugins.projectmanager.gui.ProjectChoiceTab$9.caretUpdate(ProjectChoiceTab.java:2706) ~[filemanager.jar:?]
	at javax.swing.text.JTextComponent.fireCaretUpdate(JTextComponent.java:408) ~[?:?]
	at javax.swing.text.JTextComponent$MutableCaretEvent.fire(JTextComponent.java:4484) ~[?:?]
	at javax.swing.text.JTextComponent$MutableCaretEvent.stateChanged(JTextComponent.java:4506) ~[?:?]
	at javax.swing.text.DefaultCaret.fireStateChanged(DefaultCaret.java:857) ~[?:?]
	at javax.swing.text.DefaultCaret.changeCaretPosition(DefaultCaret.java:1343) ~[?:?]
	at javax.swing.text.DefaultCaret.handleSetDot(DefaultCaret.java:1242) ~[?:?]
	at javax.swing.text.DefaultCaret.setDot(DefaultCaret.java:1223) ~[?:?]
	at javax.swing.text.DefaultCaret$Handler.insertUpdate(DefaultCaret.java:1819) ~[?:?]
	at javax.swing.text.AbstractDocument.fireInsertUpdate(AbstractDocument.java:227) ~[?:?]
	at javax.swing.text.AbstractDocument.handleInsertString(AbstractDocument.java:781) ~[?:?]
	at javax.swing.text.AbstractDocument.insertString(AbstractDocument.java:740) ~[?:?]
	at javax.swing.text.PlainDocument.insertString(PlainDocument.java:131) ~[?:?]
	at javax.swing.text.AbstractDocument.replace(AbstractDocument.java:699) ~[?:?]
	at javax.swing.text.JTextComponent.setText(JTextComponent.java:1725) ~[?:?]
	at com.st.microxplorer.plugins.projectmanager.gui.ProjectChoiceTab.createHeapStackFields(ProjectChoiceTab.java:993) ~[filemanager.jar:?]
	at com.st.microxplorer.plugins.projectmanager.gui.ProjectChoiceTab.buildLinkSettingsPanel(ProjectChoiceTab.java:3813) ~[filemanager.jar:?]
	at com.st.microxplorer.plugins.projectmanager.gui.ProjectChoiceTab.defineWindowsFields(ProjectChoiceTab.java:1987) ~[filemanager.jar:?]
	at com.st.microxplorer.plugins.projectmanager.gui.ProjectChoiceTab.updateSettings(ProjectChoiceTab.java:558) ~[filemanager.jar:?]
	at com.st.microxplorer.plugins.projectmanager.gui.ProjectSettingsPanel.UpdateDialog(ProjectSettingsPanel.java:247) ~[filemanager.jar:?]
	at com.st.microxplorer.plugins.projectmanager.engine.MainProjectManager$9.onCommandEntered(MainProjectManager.java:403) ~[filemanager.jar:?]
	at com.st.components.util.CommandLineManager$3.run(CommandLineManager.java:175) ~[STM32CubeMX.jar:?]
	at java.awt.event.InvocationEvent.dispatch(InvocationEvent.java:308) ~[?:?]
	at java.awt.EventQueue.dispatchEventImpl(EventQueue.java:773) ~[?:?]
	at java.awt.EventQueue$4.run(EventQueue.java:720) ~[?:?]
	at java.awt.EventQueue$4.run(EventQueue.java:714) ~[?:?]
	at java.security.AccessController.doPrivileged(AccessController.java:400) ~[?:?]
	at java.security.ProtectionDomain$JavaSecurityAccessImpl.doIntersectionPrivilege(ProtectionDomain.java:87) ~[?:?]
	at java.awt.EventQueue.dispatchEvent(EventQueue.java:742) ~[?:?]
	at java.awt.EventDispatchThread.pumpOneEventForFilters(EventDispatchThread.java:203) ~[?:?]
	at java.awt.EventDispatchThread.pumpEventsForFilter(EventDispatchThread.java:124) ~[?:?]
	at java.awt.EventDispatchThread.pumpEventsForFilter(EventDispatchThread.java:117) ~[?:?]
	at java.awt.WaitDispatchSupport$2.run(WaitDispatchSupport.java:191) ~[?:?]
	at java.awt.WaitDispatchSupport$4.run(WaitDispatchSupport.java:236) ~[?:?]
	at java.awt.WaitDispatchSupport$4.run(WaitDispatchSupport.java:234) ~[?:?]
	at java.security.AccessController.doPrivileged(AccessController.java:319) ~[?:?]
	at java.awt.WaitDispatchSupport.enter(WaitDispatchSupport.java:234) ~[?:?]
	at java.awt.Dialog.show(Dialog.java:1079) ~[?:?]
	at java.awt.Component.show(Component.java:1728) ~[?:?]
	at java.awt.Component.setVisible(Component.java:1675) ~[?:?]
	at java.awt.Window.setVisible(Window.java:1036) ~[?:?]
	at java.awt.Dialog.setVisible(Dialog.java:1015) ~[?:?]
	at com.st.microxplorer.util.ProcessBarDialog.doAction(ProcessBarDialog.java:173) ~[STM32CubeMX.jar:?]
	at com.st.microxplorer.mxsystem.MxSystem.completeLoadConfig(MxSystem.java:828) ~[STM32CubeMX.jar:?]
	at com.st.microxplorer.plugins.filemanager.engine.OpenFileManager.LoadConfig(OpenFileManager.java:378) ~[filemanager.jar:?]
	at com.st.microxplorer.plugins.filemanager.engine.OpenFileManager.loadConfigurationFile(OpenFileManager.java:292) ~[filemanager.jar:?]
	at com.st.microxplorer.plugins.filemanager.engine.MainFileManager.userLoadConfig(MainFileManager.java:364) ~[filemanager.jar:?]
	at com.st.microxplorer.plugins.filemanager.engine.MainFileManager.userLoadConfig(MainFileManager.java:342) ~[filemanager.jar:?]
	at com.st.microxplorer.plugins.filemanager.FileManagerView.getSpecificTask(FileManagerView.java:264) ~[filemanager.jar:?]
	at com.st.stm32cube.common.mx.editor.CubeMxEditor.getMxTabbedPaneInstance(CubeMxEditor.java:1198) ~[com.st.stm32cube.common.mx_6.15.0.202507011659/:?]
	at com.st.stm32cube.common.mx.editor.CubeMxEditor$12$1.createSwingComponent(CubeMxEditor.java:1068) ~[com.st.stm32cube.common.mx_6.15.0.202507011659/:?]
	at com.st.stm32cube.common.mx.oss.core.awtswtbridge.EmbeddedSwingComposite.doComponentCreation(EmbeddedSwingComposite.java:492) ~[com.st.stm32cube.common.mx.oss_6.15.0.202507011659/:?]
	at com.st.stm32cube.common.mx.oss.core.awtswtbridge.EmbeddedSwingComposite$4.run(EmbeddedSwingComposite.java:291) ~[com.st.stm32cube.common.mx.oss_6.15.0.202507011659/:?]
	at com.st.stm32cube.common.mx.oss.core.awtswtbridge.AwtEnvironment$2.run(AwtEnvironment.java:166) ~[com.st.stm32cube.common.mx.oss_6.15.0.202507011659/:?]
	at java.awt.event.InvocationEvent.dispatch(InvocationEvent.java:318) ~[?:?]
	at java.awt.EventQueue.dispatchEventImpl(EventQueue.java:773) ~[?:?]
	at java.awt.EventQueue$4.run(EventQueue.java:720) ~[?:?]
	at java.awt.EventQueue$4.run(EventQueue.java:714) ~[?:?]
	at java.security.AccessController.doPrivileged(AccessController.java:400) ~[?:?]
	at java.security.ProtectionDomain$JavaSecurityAccessImpl.doIntersectionPrivilege(ProtectionDomain.java:87) ~[?:?]
	at java.awt.EventQueue.dispatchEvent(EventQueue.java:742) ~[?:?]
	at java.awt.EventDispatchThread.pumpOneEventForFilters(EventDispatchThread.java:203) ~[?:?]
	at java.awt.EventDispatchThread.pumpEventsForFilter(EventDispatchThread.java:124) ~[?:?]
	at java.awt.EventDispatchThread.pumpEventsForHierarchy(EventDispatchThread.java:113) ~[?:?]
	at java.awt.EventDispatchThread.pumpEvents(EventDispatchThread.java:109) ~[?:?]
	at java.awt.EventDispatchThread.pumpEvents(EventDispatchThread.java:101) ~[?:?]
	at java.awt.EventDispatchThread.run(EventDispatchThread.java:90) ~[?:?]
2025-10-05 17:59:30,908 [ERROR] MainProjectManager:380 - 
java.lang.NullPointerException: Cannot invoke "javax.swing.JTextField.getText()" because the return value of "java.util.List.get(int)" is null
	at com.st.microxplorer.plugins.projectmanager.gui.ProjectChoiceTab$9.caretUpdate(ProjectChoiceTab.java:2706) ~[filemanager.jar:?]
	at javax.swing.text.JTextComponent.fireCaretUpdate(JTextComponent.java:408) ~[?:?]
	at javax.swing.text.JTextComponent$MutableCaretEvent.fire(JTextComponent.java:4484) ~[?:?]
	at javax.swing.text.JTextComponent$MutableCaretEvent.stateChanged(JTextComponent.java:4506) ~[?:?]
	at javax.swing.text.DefaultCaret.fireStateChanged(DefaultCaret.java:857) ~[?:?]
	at javax.swing.text.DefaultCaret.changeCaretPosition(DefaultCaret.java:1343) ~[?:?]
	at javax.swing.text.DefaultCaret.handleSetDot(DefaultCaret.java:1242) ~[?:?]
	at javax.swing.text.DefaultCaret.setDot(DefaultCaret.java:1223) ~[?:?]
	at javax.swing.text.DefaultCaret$Handler.insertUpdate(DefaultCaret.java:1819) ~[?:?]
	at javax.swing.text.AbstractDocument.fireInsertUpdate(AbstractDocument.java:227) ~[?:?]
	at javax.swing.text.AbstractDocument.handleInsertString(AbstractDocument.java:781) ~[?:?]
	at javax.swing.text.AbstractDocument.insertString(AbstractDocument.java:740) ~[?:?]
	at javax.swing.text.PlainDocument.insertString(PlainDocument.java:131) ~[?:?]
	at javax.swing.text.AbstractDocument.replace(AbstractDocument.java:699) ~[?:?]
	at javax.swing.text.JTextComponent.setText(JTextComponent.java:1725) ~[?:?]
	at com.st.microxplorer.plugins.projectmanager.gui.ProjectChoiceTab.createHeapStackFields(ProjectChoiceTab.java:993) ~[filemanager.jar:?]
	at com.st.microxplorer.plugins.projectmanager.gui.ProjectChoiceTab.buildLinkSettingsPanel(ProjectChoiceTab.java:3813) ~[filemanager.jar:?]
	at com.st.microxplorer.plugins.projectmanager.gui.ProjectChoiceTab.defineWindowsFields(ProjectChoiceTab.java:1987) ~[filemanager.jar:?]
	at com.st.microxplorer.plugins.projectmanager.gui.ProjectChoiceTab.updateSettings(ProjectChoiceTab.java:558) ~[filemanager.jar:?]
	at com.st.microxplorer.plugins.projectmanager.gui.ProjectSettingsPanel.UpdateDialog(ProjectSettingsPanel.java:247) ~[filemanager.jar:?]
	at com.st.microxplorer.plugins.projectmanager.engine.MainProjectManager$7.onCommandEntered(MainProjectManager.java:378) ~[filemanager.jar:?]
	at com.st.components.util.CommandLineManager$3.run(CommandLineManager.java:175) ~[STM32CubeMX.jar:?]
	at java.awt.event.InvocationEvent.dispatch(InvocationEvent.java:308) ~[?:?]
	at java.awt.EventQueue.dispatchEventImpl(EventQueue.java:773) ~[?:?]
	at java.awt.EventQueue$4.run(EventQueue.java:720) ~[?:?]
	at java.awt.EventQueue$4.run(EventQueue.java:714) ~[?:?]
	at java.security.AccessController.doPrivileged(AccessController.java:400) ~[?:?]
	at java.security.ProtectionDomain$JavaSecurityAccessImpl.doIntersectionPrivilege(ProtectionDomain.java:87) ~[?:?]
	at java.awt.EventQueue.dispatchEvent(EventQueue.java:742) ~[?:?]
	at java.awt.EventDispatchThread.pumpOneEventForFilters(EventDispatchThread.java:203) ~[?:?]
	at java.awt.EventDispatchThread.pumpEventsForFilter(EventDispatchThread.java:124) ~[?:?]
	at java.awt.EventDispatchThread.pumpEventsForFilter(EventDispatchThread.java:117) ~[?:?]
	at java.awt.WaitDispatchSupport$2.run(WaitDispatchSupport.java:191) ~[?:?]
	at java.awt.WaitDispatchSupport$4.run(WaitDispatchSupport.java:236) ~[?:?]
	at java.awt.WaitDispatchSupport$4.run(WaitDispatchSupport.java:234) ~[?:?]
	at java.security.AccessController.doPrivileged(AccessController.java:319) ~[?:?]
	at java.awt.WaitDispatchSupport.enter(WaitDispatchSupport.java:234) ~[?:?]
	at java.awt.Dialog.show(Dialog.java:1079) ~[?:?]
	at java.awt.Component.show(Component.java:1728) ~[?:?]
	at java.awt.Component.setVisible(Component.java:1675) ~[?:?]
	at java.awt.Window.setVisible(Window.java:1036) ~[?:?]
	at java.awt.Dialog.setVisible(Dialog.java:1015) ~[?:?]
	at com.st.microxplorer.util.ProcessBarDialog.doAction(ProcessBarDialog.java:173) ~[STM32CubeMX.jar:?]
	at com.st.microxplorer.mxsystem.MxSystem.completeLoadConfig(MxSystem.java:828) ~[STM32CubeMX.jar:?]
	at com.st.microxplorer.plugins.filemanager.engine.OpenFileManager.LoadConfig(OpenFileManager.java:378) ~[filemanager.jar:?]
	at com.st.microxplorer.plugins.filemanager.engine.OpenFileManager.loadConfigurationFile(OpenFileManager.java:292) ~[filemanager.jar:?]
	at com.st.microxplorer.plugins.filemanager.engine.MainFileManager.userLoadConfig(MainFileManager.java:364) ~[filemanager.jar:?]
	at com.st.microxplorer.plugins.filemanager.engine.MainFileManager.userLoadConfig(MainFileManager.java:342) ~[filemanager.jar:?]
	at com.st.microxplorer.plugins.filemanager.FileManagerView.getSpecificTask(FileManagerView.java:264) ~[filemanager.jar:?]
	at com.st.stm32cube.common.mx.editor.CubeMxEditor.getMxTabbedPaneInstance(CubeMxEditor.java:1198) ~[com.st.stm32cube.common.mx_6.15.0.202507011659/:?]
	at com.st.stm32cube.common.mx.editor.CubeMxEditor$12$1.createSwingComponent(CubeMxEditor.java:1068) ~[com.st.stm32cube.common.mx_6.15.0.202507011659/:?]
	at com.st.stm32cube.common.mx.oss.core.awtswtbridge.EmbeddedSwingComposite.doComponentCreation(EmbeddedSwingComposite.java:492) ~[com.st.stm32cube.common.mx.oss_6.15.0.202507011659/:?]
	at com.st.stm32cube.common.mx.oss.core.awtswtbridge.EmbeddedSwingComposite$4.run(EmbeddedSwingComposite.java:291) ~[com.st.stm32cube.common.mx.oss_6.15.0.202507011659/:?]
	at com.st.stm32cube.common.mx.oss.core.awtswtbridge.AwtEnvironment$2.run(AwtEnvironment.java:166) ~[com.st.stm32cube.common.mx.oss_6.15.0.202507011659/:?]
	at java.awt.event.InvocationEvent.dispatch(InvocationEvent.java:318) ~[?:?]
	at java.awt.EventQueue.dispatchEventImpl(EventQueue.java:773) ~[?:?]
	at java.awt.EventQueue$4.run(EventQueue.java:720) ~[?:?]
	at java.awt.EventQueue$4.run(EventQueue.java:714) ~[?:?]
	at java.security.AccessController.doPrivileged(AccessController.java:400) ~[?:?]
	at java.security.ProtectionDomain$JavaSecurityAccessImpl.doIntersectionPrivilege(ProtectionDomain.java:87) ~[?:?]
	at java.awt.EventQueue.dispatchEvent(EventQueue.java:742) ~[?:?]
	at java.awt.EventDispatchThread.pumpOneEventForFilters(EventDispatchThread.java:203) ~[?:?]
	at java.awt.EventDispatchThread.pumpEventsForFilter(EventDispatchThread.java:124) ~[?:?]
	at java.awt.EventDispatchThread.pumpEventsForHierarchy(EventDispatchThread.java:113) ~[?:?]
	at java.awt.EventDispatchThread.pumpEvents(EventDispatchThread.java:109) ~[?:?]
	at java.awt.EventDispatchThread.pumpEvents(EventDispatchThread.java:101) ~[?:?]
	at java.awt.EventDispatchThread.run(EventDispatchThread.java:90) ~[?:?]
2025-10-05 17:59:30,973 [ERROR] MainProjectManager:405 - 
java.lang.NullPointerException: Cannot invoke "javax.swing.JTextField.getText()" because the return value of "java.util.List.get(int)" is null
	at com.st.microxplorer.plugins.projectmanager.gui.ProjectChoiceTab$9.caretUpdate(ProjectChoiceTab.java:2706) ~[filemanager.jar:?]
	at javax.swing.text.JTextComponent.fireCaretUpdate(JTextComponent.java:408) ~[?:?]
	at javax.swing.text.JTextComponent$MutableCaretEvent.fire(JTextComponent.java:4484) ~[?:?]
	at javax.swing.text.JTextComponent$MutableCaretEvent.stateChanged(JTextComponent.java:4506) ~[?:?]
	at javax.swing.text.DefaultCaret.fireStateChanged(DefaultCaret.java:857) ~[?:?]
	at javax.swing.text.DefaultCaret.changeCaretPosition(DefaultCaret.java:1343) ~[?:?]
	at javax.swing.text.DefaultCaret.handleSetDot(DefaultCaret.java:1242) ~[?:?]
	at javax.swing.text.DefaultCaret.setDot(DefaultCaret.java:1223) ~[?:?]
	at javax.swing.text.DefaultCaret$Handler.insertUpdate(DefaultCaret.java:1819) ~[?:?]
	at javax.swing.text.AbstractDocument.fireInsertUpdate(AbstractDocument.java:227) ~[?:?]
	at javax.swing.text.AbstractDocument.handleInsertString(AbstractDocument.java:781) ~[?:?]
	at javax.swing.text.AbstractDocument.insertString(AbstractDocument.java:740) ~[?:?]
	at javax.swing.text.PlainDocument.insertString(PlainDocument.java:131) ~[?:?]
	at javax.swing.text.AbstractDocument.replace(AbstractDocument.java:699) ~[?:?]
	at javax.swing.text.JTextComponent.setText(JTextComponent.java:1725) ~[?:?]
	at com.st.microxplorer.plugins.projectmanager.gui.ProjectChoiceTab.createHeapStackFields(ProjectChoiceTab.java:993) ~[filemanager.jar:?]
	at com.st.microxplorer.plugins.projectmanager.gui.ProjectChoiceTab.buildLinkSettingsPanel(ProjectChoiceTab.java:3813) ~[filemanager.jar:?]
	at com.st.microxplorer.plugins.projectmanager.gui.ProjectChoiceTab.defineWindowsFields(ProjectChoiceTab.java:1987) ~[filemanager.jar:?]
	at com.st.microxplorer.plugins.projectmanager.gui.ProjectChoiceTab.updateSettings(ProjectChoiceTab.java:558) ~[filemanager.jar:?]
	at com.st.microxplorer.plugins.projectmanager.gui.ProjectSettingsPanel.UpdateDialog(ProjectSettingsPanel.java:247) ~[filemanager.jar:?]
	at com.st.microxplorer.plugins.projectmanager.engine.MainProjectManager$9.onCommandEntered(MainProjectManager.java:403) ~[filemanager.jar:?]
	at com.st.components.util.CommandLineManager$3.run(CommandLineManager.java:175) ~[STM32CubeMX.jar:?]
	at java.awt.event.InvocationEvent.dispatch(InvocationEvent.java:308) ~[?:?]
	at java.awt.EventQueue.dispatchEventImpl(EventQueue.java:773) ~[?:?]
	at java.awt.EventQueue$4.run(EventQueue.java:720) ~[?:?]
	at java.awt.EventQueue$4.run(EventQueue.java:714) ~[?:?]
	at java.security.AccessController.doPrivileged(AccessController.java:400) ~[?:?]
	at java.security.ProtectionDomain$JavaSecurityAccessImpl.doIntersectionPrivilege(ProtectionDomain.java:87) ~[?:?]
	at java.awt.EventQueue.dispatchEvent(EventQueue.java:742) ~[?:?]
	at java.awt.EventDispatchThread.pumpOneEventForFilters(EventDispatchThread.java:203) ~[?:?]
	at java.awt.EventDispatchThread.pumpEventsForFilter(EventDispatchThread.java:124) ~[?:?]
	at java.awt.EventDispatchThread.pumpEventsForFilter(EventDispatchThread.java:117) ~[?:?]
	at java.awt.WaitDispatchSupport$2.run(WaitDispatchSupport.java:191) ~[?:?]
	at java.awt.WaitDispatchSupport$4.run(WaitDispatchSupport.java:236) ~[?:?]
	at java.awt.WaitDispatchSupport$4.run(WaitDispatchSupport.java:234) ~[?:?]
	at java.security.AccessController.doPrivileged(AccessController.java:319) ~[?:?]
	at java.awt.WaitDispatchSupport.enter(WaitDispatchSupport.java:234) ~[?:?]
	at java.awt.Dialog.show(Dialog.java:1079) ~[?:?]
	at java.awt.Component.show(Component.java:1728) ~[?:?]
	at java.awt.Component.setVisible(Component.java:1675) ~[?:?]
	at java.awt.Window.setVisible(Window.java:1036) ~[?:?]
	at java.awt.Dialog.setVisible(Dialog.java:1015) ~[?:?]
	at com.st.microxplorer.util.ProcessBarDialog.doAction(ProcessBarDialog.java:173) ~[STM32CubeMX.jar:?]
	at com.st.microxplorer.mxsystem.MxSystem.completeLoadConfig(MxSystem.java:828) ~[STM32CubeMX.jar:?]
	at com.st.microxplorer.plugins.filemanager.engine.OpenFileManager.LoadConfig(OpenFileManager.java:378) ~[filemanager.jar:?]
	at com.st.microxplorer.plugins.filemanager.engine.OpenFileManager.loadConfigurationFile(OpenFileManager.java:292) ~[filemanager.jar:?]
	at com.st.microxplorer.plugins.filemanager.engine.MainFileManager.userLoadConfig(MainFileManager.java:364) ~[filemanager.jar:?]
	at com.st.microxplorer.plugins.filemanager.engine.MainFileManager.userLoadConfig(MainFileManager.java:342) ~[filemanager.jar:?]
	at com.st.microxplorer.plugins.filemanager.FileManagerView.getSpecificTask(FileManagerView.java:264) ~[filemanager.jar:?]
	at com.st.stm32cube.common.mx.editor.CubeMxEditor.getMxTabbedPaneInstance(CubeMxEditor.java:1198) ~[com.st.stm32cube.common.mx_6.15.0.202507011659/:?]
	at com.st.stm32cube.common.mx.editor.CubeMxEditor$12$1.createSwingComponent(CubeMxEditor.java:1068) ~[com.st.stm32cube.common.mx_6.15.0.202507011659/:?]
	at com.st.stm32cube.common.mx.oss.core.awtswtbridge.EmbeddedSwingComposite.doComponentCreation(EmbeddedSwingComposite.java:492) ~[com.st.stm32cube.common.mx.oss_6.15.0.202507011659/:?]
	at com.st.stm32cube.common.mx.oss.core.awtswtbridge.EmbeddedSwingComposite$4.run(EmbeddedSwingComposite.java:291) ~[com.st.stm32cube.common.mx.oss_6.15.0.202507011659/:?]
	at com.st.stm32cube.common.mx.oss.core.awtswtbridge.AwtEnvironment$2.run(AwtEnvironment.java:166) ~[com.st.stm32cube.common.mx.oss_6.15.0.202507011659/:?]
	at java.awt.event.InvocationEvent.dispatch(InvocationEvent.java:318) ~[?:?]
	at java.awt.EventQueue.dispatchEventImpl(EventQueue.java:773) ~[?:?]
	at java.awt.EventQueue$4.run(EventQueue.java:720) ~[?:?]
	at java.awt.EventQueue$4.run(EventQueue.java:714) ~[?:?]
	at java.security.AccessController.doPrivileged(AccessController.java:400) ~[?:?]
	at java.security.ProtectionDomain$JavaSecurityAccessImpl.doIntersectionPrivilege(ProtectionDomain.java:87) ~[?:?]
	at java.awt.EventQueue.dispatchEvent(EventQueue.java:742) ~[?:?]
	at java.awt.EventDispatchThread.pumpOneEventForFilters(EventDispatchThread.java:203) ~[?:?]
	at java.awt.EventDispatchThread.pumpEventsForFilter(EventDispatchThread.java:124) ~[?:?]
	at java.awt.EventDispatchThread.pumpEventsForHierarchy(EventDispatchThread.java:113) ~[?:?]
	at java.awt.EventDispatchThread.pumpEvents(EventDispatchThread.java:109) ~[?:?]
	at java.awt.EventDispatchThread.pumpEvents(EventDispatchThread.java:101) ~[?:?]
	at java.awt.EventDispatchThread.run(EventDispatchThread.java:90) ~[?:?]
2025-10-05 17:59:30,997 [ERROR] MainProjectManager:380 - 
java.lang.NullPointerException: Cannot invoke "javax.swing.JTextField.getText()" because the return value of "java.util.List.get(int)" is null
	at com.st.microxplorer.plugins.projectmanager.gui.ProjectChoiceTab$9.caretUpdate(ProjectChoiceTab.java:2706) ~[filemanager.jar:?]
	at javax.swing.text.JTextComponent.fireCaretUpdate(JTextComponent.java:408) ~[?:?]
	at javax.swing.text.JTextComponent$MutableCaretEvent.fire(JTextComponent.java:4484) ~[?:?]
	at javax.swing.text.JTextComponent$MutableCaretEvent.stateChanged(JTextComponent.java:4506) ~[?:?]
	at javax.swing.text.DefaultCaret.fireStateChanged(DefaultCaret.java:857) ~[?:?]
	at javax.swing.text.DefaultCaret.changeCaretPosition(DefaultCaret.java:1343) ~[?:?]
	at javax.swing.text.DefaultCaret.handleSetDot(DefaultCaret.java:1242) ~[?:?]
	at javax.swing.text.DefaultCaret.setDot(DefaultCaret.java:1223) ~[?:?]
	at javax.swing.text.DefaultCaret$Handler.insertUpdate(DefaultCaret.java:1819) ~[?:?]
	at javax.swing.text.AbstractDocument.fireInsertUpdate(AbstractDocument.java:227) ~[?:?]
	at javax.swing.text.AbstractDocument.handleInsertString(AbstractDocument.java:781) ~[?:?]
	at javax.swing.text.AbstractDocument.insertString(AbstractDocument.java:740) ~[?:?]
	at javax.swing.text.PlainDocument.insertString(PlainDocument.java:131) ~[?:?]
	at javax.swing.text.AbstractDocument.replace(AbstractDocument.java:699) ~[?:?]
	at javax.swing.text.JTextComponent.setText(JTextComponent.java:1725) ~[?:?]
	at com.st.microxplorer.plugins.projectmanager.gui.ProjectChoiceTab.createHeapStackFields(ProjectChoiceTab.java:993) ~[filemanager.jar:?]
	at com.st.microxplorer.plugins.projectmanager.gui.ProjectChoiceTab.buildLinkSettingsPanel(ProjectChoiceTab.java:3813) ~[filemanager.jar:?]
	at com.st.microxplorer.plugins.projectmanager.gui.ProjectChoiceTab.defineWindowsFields(ProjectChoiceTab.java:1987) ~[filemanager.jar:?]
	at com.st.microxplorer.plugins.projectmanager.gui.ProjectChoiceTab.updateSettings(ProjectChoiceTab.java:558) ~[filemanager.jar:?]
	at com.st.microxplorer.plugins.projectmanager.gui.ProjectSettingsPanel.UpdateDialog(ProjectSettingsPanel.java:247) ~[filemanager.jar:?]
	at com.st.microxplorer.plugins.projectmanager.engine.MainProjectManager$7.onCommandEntered(MainProjectManager.java:378) ~[filemanager.jar:?]
	at com.st.components.util.CommandLineManager$3.run(CommandLineManager.java:175) ~[STM32CubeMX.jar:?]
	at java.awt.event.InvocationEvent.dispatch(InvocationEvent.java:308) ~[?:?]
	at java.awt.EventQueue.dispatchEventImpl(EventQueue.java:773) ~[?:?]
	at java.awt.EventQueue$4.run(EventQueue.java:720) ~[?:?]
	at java.awt.EventQueue$4.run(EventQueue.java:714) ~[?:?]
	at java.security.AccessController.doPrivileged(AccessController.java:400) ~[?:?]
	at java.security.ProtectionDomain$JavaSecurityAccessImpl.doIntersectionPrivilege(ProtectionDomain.java:87) ~[?:?]
	at java.awt.EventQueue.dispatchEvent(EventQueue.java:742) ~[?:?]
	at java.awt.EventDispatchThread.pumpOneEventForFilters(EventDispatchThread.java:203) ~[?:?]
	at java.awt.EventDispatchThread.pumpEventsForFilter(EventDispatchThread.java:124) ~[?:?]
	at java.awt.EventDispatchThread.pumpEventsForFilter(EventDispatchThread.java:117) ~[?:?]
	at java.awt.WaitDispatchSupport$2.run(WaitDispatchSupport.java:191) ~[?:?]
	at java.awt.WaitDispatchSupport$4.run(WaitDispatchSupport.java:236) ~[?:?]
	at java.awt.WaitDispatchSupport$4.run(WaitDispatchSupport.java:234) ~[?:?]
	at java.security.AccessController.doPrivileged(AccessController.java:319) ~[?:?]
	at java.awt.WaitDispatchSupport.enter(WaitDispatchSupport.java:234) ~[?:?]
	at java.awt.Dialog.show(Dialog.java:1079) ~[?:?]
	at java.awt.Component.show(Component.java:1728) ~[?:?]
	at java.awt.Component.setVisible(Component.java:1675) ~[?:?]
	at java.awt.Window.setVisible(Window.java:1036) ~[?:?]
	at java.awt.Dialog.setVisible(Dialog.java:1015) ~[?:?]
	at com.st.microxplorer.util.ProcessBarDialog.doAction(ProcessBarDialog.java:173) ~[STM32CubeMX.jar:?]
	at com.st.microxplorer.mxsystem.MxSystem.completeLoadConfig(MxSystem.java:828) ~[STM32CubeMX.jar:?]
	at com.st.microxplorer.plugins.filemanager.engine.OpenFileManager.LoadConfig(OpenFileManager.java:378) ~[filemanager.jar:?]
	at com.st.microxplorer.plugins.filemanager.engine.OpenFileManager.loadConfigurationFile(OpenFileManager.java:292) ~[filemanager.jar:?]
	at com.st.microxplorer.plugins.filemanager.engine.MainFileManager.userLoadConfig(MainFileManager.java:364) ~[filemanager.jar:?]
	at com.st.microxplorer.plugins.filemanager.engine.MainFileManager.userLoadConfig(MainFileManager.java:342) ~[filemanager.jar:?]
	at com.st.microxplorer.plugins.filemanager.FileManagerView.getSpecificTask(FileManagerView.java:264) ~[filemanager.jar:?]
	at com.st.stm32cube.common.mx.editor.CubeMxEditor.getMxTabbedPaneInstance(CubeMxEditor.java:1198) ~[com.st.stm32cube.common.mx_6.15.0.202507011659/:?]
	at com.st.stm32cube.common.mx.editor.CubeMxEditor$12$1.createSwingComponent(CubeMxEditor.java:1068) ~[com.st.stm32cube.common.mx_6.15.0.202507011659/:?]
	at com.st.stm32cube.common.mx.oss.core.awtswtbridge.EmbeddedSwingComposite.doComponentCreation(EmbeddedSwingComposite.java:492) ~[com.st.stm32cube.common.mx.oss_6.15.0.202507011659/:?]
	at com.st.stm32cube.common.mx.oss.core.awtswtbridge.EmbeddedSwingComposite$4.run(EmbeddedSwingComposite.java:291) ~[com.st.stm32cube.common.mx.oss_6.15.0.202507011659/:?]
	at com.st.stm32cube.common.mx.oss.core.awtswtbridge.AwtEnvironment$2.run(AwtEnvironment.java:166) ~[com.st.stm32cube.common.mx.oss_6.15.0.202507011659/:?]
	at java.awt.event.InvocationEvent.dispatch(InvocationEvent.java:318) ~[?:?]
	at java.awt.EventQueue.dispatchEventImpl(EventQueue.java:773) ~[?:?]
	at java.awt.EventQueue$4.run(EventQueue.java:720) ~[?:?]
	at java.awt.EventQueue$4.run(EventQueue.java:714) ~[?:?]
	at java.security.AccessController.doPrivileged(AccessController.java:400) ~[?:?]
	at java.security.ProtectionDomain$JavaSecurityAccessImpl.doIntersectionPrivilege(ProtectionDomain.java:87) ~[?:?]
	at java.awt.EventQueue.dispatchEvent(EventQueue.java:742) ~[?:?]
	at java.awt.EventDispatchThread.pumpOneEventForFilters(EventDispatchThread.java:203) ~[?:?]
	at java.awt.EventDispatchThread.pumpEventsForFilter(EventDispatchThread.java:124) ~[?:?]
	at java.awt.EventDispatchThread.pumpEventsForHierarchy(EventDispatchThread.java:113) ~[?:?]
	at java.awt.EventDispatchThread.pumpEvents(EventDispatchThread.java:109) ~[?:?]
	at java.awt.EventDispatchThread.pumpEvents(EventDispatchThread.java:101) ~[?:?]
	at java.awt.EventDispatchThread.run(EventDispatchThread.java:90) ~[?:?]
2025-10-05 17:59:31,083 [ERROR] MainProjectManager:405 - 
java.lang.NullPointerException: Cannot invoke "javax.swing.JTextField.getText()" because the return value of "java.util.List.get(int)" is null
	at com.st.microxplorer.plugins.projectmanager.gui.ProjectChoiceTab$9.caretUpdate(ProjectChoiceTab.java:2706) ~[filemanager.jar:?]
	at javax.swing.text.JTextComponent.fireCaretUpdate(JTextComponent.java:408) ~[?:?]
	at javax.swing.text.JTextComponent$MutableCaretEvent.fire(JTextComponent.java:4484) ~[?:?]
	at javax.swing.text.JTextComponent$MutableCaretEvent.stateChanged(JTextComponent.java:4506) ~[?:?]
	at javax.swing.text.DefaultCaret.fireStateChanged(DefaultCaret.java:857) ~[?:?]
	at javax.swing.text.DefaultCaret.changeCaretPosition(DefaultCaret.java:1343) ~[?:?]
	at javax.swing.text.DefaultCaret.handleSetDot(DefaultCaret.java:1242) ~[?:?]
	at javax.swing.text.DefaultCaret.setDot(DefaultCaret.java:1223) ~[?:?]
	at javax.swing.text.DefaultCaret$Handler.insertUpdate(DefaultCaret.java:1819) ~[?:?]
	at javax.swing.text.AbstractDocument.fireInsertUpdate(AbstractDocument.java:227) ~[?:?]
	at javax.swing.text.AbstractDocument.handleInsertString(AbstractDocument.java:781) ~[?:?]
	at javax.swing.text.AbstractDocument.insertString(AbstractDocument.java:740) ~[?:?]
	at javax.swing.text.PlainDocument.insertString(PlainDocument.java:131) ~[?:?]
	at javax.swing.text.AbstractDocument.replace(AbstractDocument.java:699) ~[?:?]
	at javax.swing.text.JTextComponent.setText(JTextComponent.java:1725) ~[?:?]
	at com.st.microxplorer.plugins.projectmanager.gui.ProjectChoiceTab.createHeapStackFields(ProjectChoiceTab.java:993) ~[filemanager.jar:?]
	at com.st.microxplorer.plugins.projectmanager.gui.ProjectChoiceTab.buildLinkSettingsPanel(ProjectChoiceTab.java:3813) ~[filemanager.jar:?]
	at com.st.microxplorer.plugins.projectmanager.gui.ProjectChoiceTab.defineWindowsFields(ProjectChoiceTab.java:1987) ~[filemanager.jar:?]
	at com.st.microxplorer.plugins.projectmanager.gui.ProjectChoiceTab.updateSettings(ProjectChoiceTab.java:558) ~[filemanager.jar:?]
	at com.st.microxplorer.plugins.projectmanager.gui.ProjectSettingsPanel.UpdateDialog(ProjectSettingsPanel.java:247) ~[filemanager.jar:?]
	at com.st.microxplorer.plugins.projectmanager.engine.MainProjectManager$9.onCommandEntered(MainProjectManager.java:403) ~[filemanager.jar:?]
	at com.st.components.util.CommandLineManager$3.run(CommandLineManager.java:175) ~[STM32CubeMX.jar:?]
	at java.awt.event.InvocationEvent.dispatch(InvocationEvent.java:308) ~[?:?]
	at java.awt.EventQueue.dispatchEventImpl(EventQueue.java:773) ~[?:?]
	at java.awt.EventQueue$4.run(EventQueue.java:720) ~[?:?]
	at java.awt.EventQueue$4.run(EventQueue.java:714) ~[?:?]
	at java.security.AccessController.doPrivileged(AccessController.java:400) ~[?:?]
	at java.security.ProtectionDomain$JavaSecurityAccessImpl.doIntersectionPrivilege(ProtectionDomain.java:87) ~[?:?]
	at java.awt.EventQueue.dispatchEvent(EventQueue.java:742) ~[?:?]
	at java.awt.EventDispatchThread.pumpOneEventForFilters(EventDispatchThread.java:203) ~[?:?]
	at java.awt.EventDispatchThread.pumpEventsForFilter(EventDispatchThread.java:124) ~[?:?]
	at java.awt.EventDispatchThread.pumpEventsForFilter(EventDispatchThread.java:117) ~[?:?]
	at java.awt.WaitDispatchSupport$2.run(WaitDispatchSupport.java:191) ~[?:?]
	at java.awt.WaitDispatchSupport$4.run(WaitDispatchSupport.java:236) ~[?:?]
	at java.awt.WaitDispatchSupport$4.run(WaitDispatchSupport.java:234) ~[?:?]
	at java.security.AccessController.doPrivileged(AccessController.java:319) ~[?:?]
	at java.awt.WaitDispatchSupport.enter(WaitDispatchSupport.java:234) ~[?:?]
	at java.awt.Dialog.show(Dialog.java:1079) ~[?:?]
	at java.awt.Component.show(Component.java:1728) ~[?:?]
	at java.awt.Component.setVisible(Component.java:1675) ~[?:?]
	at java.awt.Window.setVisible(Window.java:1036) ~[?:?]
	at java.awt.Dialog.setVisible(Dialog.java:1015) ~[?:?]
	at com.st.microxplorer.util.ProcessBarDialog.doAction(ProcessBarDialog.java:173) ~[STM32CubeMX.jar:?]
	at com.st.microxplorer.mxsystem.MxSystem.completeLoadConfig(MxSystem.java:828) ~[STM32CubeMX.jar:?]
	at com.st.microxplorer.plugins.filemanager.engine.OpenFileManager.LoadConfig(OpenFileManager.java:378) ~[filemanager.jar:?]
	at com.st.microxplorer.plugins.filemanager.engine.OpenFileManager.loadConfigurationFile(OpenFileManager.java:292) ~[filemanager.jar:?]
	at com.st.microxplorer.plugins.filemanager.engine.MainFileManager.userLoadConfig(MainFileManager.java:364) ~[filemanager.jar:?]
	at com.st.microxplorer.plugins.filemanager.engine.MainFileManager.userLoadConfig(MainFileManager.java:342) ~[filemanager.jar:?]
	at com.st.microxplorer.plugins.filemanager.FileManagerView.getSpecificTask(FileManagerView.java:264) ~[filemanager.jar:?]
	at com.st.stm32cube.common.mx.editor.CubeMxEditor.getMxTabbedPaneInstance(CubeMxEditor.java:1198) ~[com.st.stm32cube.common.mx_6.15.0.202507011659/:?]
	at com.st.stm32cube.common.mx.editor.CubeMxEditor$12$1.createSwingComponent(CubeMxEditor.java:1068) ~[com.st.stm32cube.common.mx_6.15.0.202507011659/:?]
	at com.st.stm32cube.common.mx.oss.core.awtswtbridge.EmbeddedSwingComposite.doComponentCreation(EmbeddedSwingComposite.java:492) ~[com.st.stm32cube.common.mx.oss_6.15.0.202507011659/:?]
	at com.st.stm32cube.common.mx.oss.core.awtswtbridge.EmbeddedSwingComposite$4.run(EmbeddedSwingComposite.java:291) ~[com.st.stm32cube.common.mx.oss_6.15.0.202507011659/:?]
	at com.st.stm32cube.common.mx.oss.core.awtswtbridge.AwtEnvironment$2.run(AwtEnvironment.java:166) ~[com.st.stm32cube.common.mx.oss_6.15.0.202507011659/:?]
	at java.awt.event.InvocationEvent.dispatch(InvocationEvent.java:318) ~[?:?]
	at java.awt.EventQueue.dispatchEventImpl(EventQueue.java:773) ~[?:?]
	at java.awt.EventQueue$4.run(EventQueue.java:720) ~[?:?]
	at java.awt.EventQueue$4.run(EventQueue.java:714) ~[?:?]
	at java.security.AccessController.doPrivileged(AccessController.java:400) ~[?:?]
	at java.security.ProtectionDomain$JavaSecurityAccessImpl.doIntersectionPrivilege(ProtectionDomain.java:87) ~[?:?]
	at java.awt.EventQueue.dispatchEvent(EventQueue.java:742) ~[?:?]
	at java.awt.EventDispatchThread.pumpOneEventForFilters(EventDispatchThread.java:203) ~[?:?]
	at java.awt.EventDispatchThread.pumpEventsForFilter(EventDispatchThread.java:124) ~[?:?]
	at java.awt.EventDispatchThread.pumpEventsForHierarchy(EventDispatchThread.java:113) ~[?:?]
	at java.awt.EventDispatchThread.pumpEvents(EventDispatchThread.java:109) ~[?:?]
	at java.awt.EventDispatchThread.pumpEvents(EventDispatchThread.java:101) ~[?:?]
	at java.awt.EventDispatchThread.run(EventDispatchThread.java:90) ~[?:?]
2025-10-05 17:59:31,091 [ERROR] MainProjectManager:380 - 
java.lang.NullPointerException: Cannot invoke "javax.swing.JTextField.getText()" because the return value of "java.util.List.get(int)" is null
	at com.st.microxplorer.plugins.projectmanager.gui.ProjectChoiceTab$9.caretUpdate(ProjectChoiceTab.java:2706) ~[filemanager.jar:?]
	at javax.swing.text.JTextComponent.fireCaretUpdate(JTextComponent.java:408) ~[?:?]
	at javax.swing.text.JTextComponent$MutableCaretEvent.fire(JTextComponent.java:4484) ~[?:?]
	at javax.swing.text.JTextComponent$MutableCaretEvent.stateChanged(JTextComponent.java:4506) ~[?:?]
	at javax.swing.text.DefaultCaret.fireStateChanged(DefaultCaret.java:857) ~[?:?]
	at javax.swing.text.DefaultCaret.changeCaretPosition(DefaultCaret.java:1343) ~[?:?]
	at javax.swing.text.DefaultCaret.handleSetDot(DefaultCaret.java:1242) ~[?:?]
	at javax.swing.text.DefaultCaret.setDot(DefaultCaret.java:1223) ~[?:?]
	at javax.swing.text.DefaultCaret$Handler.insertUpdate(DefaultCaret.java:1819) ~[?:?]
	at javax.swing.text.AbstractDocument.fireInsertUpdate(AbstractDocument.java:227) ~[?:?]
	at javax.swing.text.AbstractDocument.handleInsertString(AbstractDocument.java:781) ~[?:?]
	at javax.swing.text.AbstractDocument.insertString(AbstractDocument.java:740) ~[?:?]
	at javax.swing.text.PlainDocument.insertString(PlainDocument.java:131) ~[?:?]
	at javax.swing.text.AbstractDocument.replace(AbstractDocument.java:699) ~[?:?]
	at javax.swing.text.JTextComponent.setText(JTextComponent.java:1725) ~[?:?]
	at com.st.microxplorer.plugins.projectmanager.gui.ProjectChoiceTab.createHeapStackFields(ProjectChoiceTab.java:993) ~[filemanager.jar:?]
	at com.st.microxplorer.plugins.projectmanager.gui.ProjectChoiceTab.buildLinkSettingsPanel(ProjectChoiceTab.java:3813) ~[filemanager.jar:?]
	at com.st.microxplorer.plugins.projectmanager.gui.ProjectChoiceTab.defineWindowsFields(ProjectChoiceTab.java:1987) ~[filemanager.jar:?]
	at com.st.microxplorer.plugins.projectmanager.gui.ProjectChoiceTab.updateSettings(ProjectChoiceTab.java:558) ~[filemanager.jar:?]
	at com.st.microxplorer.plugins.projectmanager.gui.ProjectSettingsPanel.UpdateDialog(ProjectSettingsPanel.java:247) ~[filemanager.jar:?]
	at com.st.microxplorer.plugins.projectmanager.engine.MainProjectManager$7.onCommandEntered(MainProjectManager.java:378) ~[filemanager.jar:?]
	at com.st.components.util.CommandLineManager$3.run(CommandLineManager.java:175) ~[STM32CubeMX.jar:?]
	at java.awt.event.InvocationEvent.dispatch(InvocationEvent.java:308) ~[?:?]
	at java.awt.EventQueue.dispatchEventImpl(EventQueue.java:773) ~[?:?]
	at java.awt.EventQueue$4.run(EventQueue.java:720) ~[?:?]
	at java.awt.EventQueue$4.run(EventQueue.java:714) ~[?:?]
	at java.security.AccessController.doPrivileged(AccessController.java:400) ~[?:?]
	at java.security.ProtectionDomain$JavaSecurityAccessImpl.doIntersectionPrivilege(ProtectionDomain.java:87) ~[?:?]
	at java.awt.EventQueue.dispatchEvent(EventQueue.java:742) ~[?:?]
	at java.awt.EventDispatchThread.pumpOneEventForFilters(EventDispatchThread.java:203) ~[?:?]
	at java.awt.EventDispatchThread.pumpEventsForFilter(EventDispatchThread.java:124) ~[?:?]
	at java.awt.EventDispatchThread.pumpEventsForFilter(EventDispatchThread.java:117) ~[?:?]
	at java.awt.WaitDispatchSupport$2.run(WaitDispatchSupport.java:191) ~[?:?]
	at java.awt.WaitDispatchSupport$4.run(WaitDispatchSupport.java:236) ~[?:?]
	at java.awt.WaitDispatchSupport$4.run(WaitDispatchSupport.java:234) ~[?:?]
	at java.security.AccessController.doPrivileged(AccessController.java:319) ~[?:?]
	at java.awt.WaitDispatchSupport.enter(WaitDispatchSupport.java:234) ~[?:?]
	at java.awt.Dialog.show(Dialog.java:1079) ~[?:?]
	at java.awt.Component.show(Component.java:1728) ~[?:?]
	at java.awt.Component.setVisible(Component.java:1675) ~[?:?]
	at java.awt.Window.setVisible(Window.java:1036) ~[?:?]
	at java.awt.Dialog.setVisible(Dialog.java:1015) ~[?:?]
	at com.st.microxplorer.util.ProcessBarDialog.doAction(ProcessBarDialog.java:173) ~[STM32CubeMX.jar:?]
	at com.st.microxplorer.mxsystem.MxSystem.completeLoadConfig(MxSystem.java:828) ~[STM32CubeMX.jar:?]
	at com.st.microxplorer.plugins.filemanager.engine.OpenFileManager.LoadConfig(OpenFileManager.java:378) ~[filemanager.jar:?]
	at com.st.microxplorer.plugins.filemanager.engine.OpenFileManager.loadConfigurationFile(OpenFileManager.java:292) ~[filemanager.jar:?]
	at com.st.microxplorer.plugins.filemanager.engine.MainFileManager.userLoadConfig(MainFileManager.java:364) ~[filemanager.jar:?]
	at com.st.microxplorer.plugins.filemanager.engine.MainFileManager.userLoadConfig(MainFileManager.java:342) ~[filemanager.jar:?]
	at com.st.microxplorer.plugins.filemanager.FileManagerView.getSpecificTask(FileManagerView.java:264) ~[filemanager.jar:?]
	at com.st.stm32cube.common.mx.editor.CubeMxEditor.getMxTabbedPaneInstance(CubeMxEditor.java:1198) ~[com.st.stm32cube.common.mx_6.15.0.202507011659/:?]
	at com.st.stm32cube.common.mx.editor.CubeMxEditor$12$1.createSwingComponent(CubeMxEditor.java:1068) ~[com.st.stm32cube.common.mx_6.15.0.202507011659/:?]
	at com.st.stm32cube.common.mx.oss.core.awtswtbridge.EmbeddedSwingComposite.doComponentCreation(EmbeddedSwingComposite.java:492) ~[com.st.stm32cube.common.mx.oss_6.15.0.202507011659/:?]
	at com.st.stm32cube.common.mx.oss.core.awtswtbridge.EmbeddedSwingComposite$4.run(EmbeddedSwingComposite.java:291) ~[com.st.stm32cube.common.mx.oss_6.15.0.202507011659/:?]
	at com.st.stm32cube.common.mx.oss.core.awtswtbridge.AwtEnvironment$2.run(AwtEnvironment.java:166) ~[com.st.stm32cube.common.mx.oss_6.15.0.202507011659/:?]
	at java.awt.event.InvocationEvent.dispatch(InvocationEvent.java:318) ~[?:?]
	at java.awt.EventQueue.dispatchEventImpl(EventQueue.java:773) ~[?:?]
	at java.awt.EventQueue$4.run(EventQueue.java:720) ~[?:?]
	at java.awt.EventQueue$4.run(EventQueue.java:714) ~[?:?]
	at java.security.AccessController.doPrivileged(AccessController.java:400) ~[?:?]
	at java.security.ProtectionDomain$JavaSecurityAccessImpl.doIntersectionPrivilege(ProtectionDomain.java:87) ~[?:?]
	at java.awt.EventQueue.dispatchEvent(EventQueue.java:742) ~[?:?]
	at java.awt.EventDispatchThread.pumpOneEventForFilters(EventDispatchThread.java:203) ~[?:?]
	at java.awt.EventDispatchThread.pumpEventsForFilter(EventDispatchThread.java:124) ~[?:?]
	at java.awt.EventDispatchThread.pumpEventsForHierarchy(EventDispatchThread.java:113) ~[?:?]
	at java.awt.EventDispatchThread.pumpEvents(EventDispatchThread.java:109) ~[?:?]
	at java.awt.EventDispatchThread.pumpEvents(EventDispatchThread.java:101) ~[?:?]
	at java.awt.EventDispatchThread.run(EventDispatchThread.java:90) ~[?:?]
2025-10-05 17:59:31,166 [ERROR] MainProjectManager:405 - 
java.lang.NullPointerException: Cannot invoke "javax.swing.JTextField.getText()" because the return value of "java.util.List.get(int)" is null
	at com.st.microxplorer.plugins.projectmanager.gui.ProjectChoiceTab$9.caretUpdate(ProjectChoiceTab.java:2706) ~[filemanager.jar:?]
	at javax.swing.text.JTextComponent.fireCaretUpdate(JTextComponent.java:408) ~[?:?]
	at javax.swing.text.JTextComponent$MutableCaretEvent.fire(JTextComponent.java:4484) ~[?:?]
	at javax.swing.text.JTextComponent$MutableCaretEvent.stateChanged(JTextComponent.java:4506) ~[?:?]
	at javax.swing.text.DefaultCaret.fireStateChanged(DefaultCaret.java:857) ~[?:?]
	at javax.swing.text.DefaultCaret.changeCaretPosition(DefaultCaret.java:1343) ~[?:?]
	at javax.swing.text.DefaultCaret.handleSetDot(DefaultCaret.java:1242) ~[?:?]
	at javax.swing.text.DefaultCaret.setDot(DefaultCaret.java:1223) ~[?:?]
	at javax.swing.text.DefaultCaret$Handler.insertUpdate(DefaultCaret.java:1819) ~[?:?]
	at javax.swing.text.AbstractDocument.fireInsertUpdate(AbstractDocument.java:227) ~[?:?]
	at javax.swing.text.AbstractDocument.handleInsertString(AbstractDocument.java:781) ~[?:?]
	at javax.swing.text.AbstractDocument.insertString(AbstractDocument.java:740) ~[?:?]
	at javax.swing.text.PlainDocument.insertString(PlainDocument.java:131) ~[?:?]
	at javax.swing.text.AbstractDocument.replace(AbstractDocument.java:699) ~[?:?]
	at javax.swing.text.JTextComponent.setText(JTextComponent.java:1725) ~[?:?]
	at com.st.microxplorer.plugins.projectmanager.gui.ProjectChoiceTab.createHeapStackFields(ProjectChoiceTab.java:993) ~[filemanager.jar:?]
	at com.st.microxplorer.plugins.projectmanager.gui.ProjectChoiceTab.buildLinkSettingsPanel(ProjectChoiceTab.java:3813) ~[filemanager.jar:?]
	at com.st.microxplorer.plugins.projectmanager.gui.ProjectChoiceTab.defineWindowsFields(ProjectChoiceTab.java:1987) ~[filemanager.jar:?]
	at com.st.microxplorer.plugins.projectmanager.gui.ProjectChoiceTab.updateSettings(ProjectChoiceTab.java:558) ~[filemanager.jar:?]
	at com.st.microxplorer.plugins.projectmanager.gui.ProjectSettingsPanel.UpdateDialog(ProjectSettingsPanel.java:247) ~[filemanager.jar:?]
	at com.st.microxplorer.plugins.projectmanager.engine.MainProjectManager$9.onCommandEntered(MainProjectManager.java:403) ~[filemanager.jar:?]
	at com.st.components.util.CommandLineManager$3.run(CommandLineManager.java:175) ~[STM32CubeMX.jar:?]
	at java.awt.event.InvocationEvent.dispatch(InvocationEvent.java:308) ~[?:?]
	at java.awt.EventQueue.dispatchEventImpl(EventQueue.java:773) ~[?:?]
	at java.awt.EventQueue$4.run(EventQueue.java:720) ~[?:?]
	at java.awt.EventQueue$4.run(EventQueue.java:714) ~[?:?]
	at java.security.AccessController.doPrivileged(AccessController.java:400) ~[?:?]
	at java.security.ProtectionDomain$JavaSecurityAccessImpl.doIntersectionPrivilege(ProtectionDomain.java:87) ~[?:?]
	at java.awt.EventQueue.dispatchEvent(EventQueue.java:742) ~[?:?]
	at java.awt.EventDispatchThread.pumpOneEventForFilters(EventDispatchThread.java:203) ~[?:?]
	at java.awt.EventDispatchThread.pumpEventsForFilter(EventDispatchThread.java:124) ~[?:?]
	at java.awt.EventDispatchThread.pumpEventsForFilter(EventDispatchThread.java:117) ~[?:?]
	at java.awt.WaitDispatchSupport$2.run(WaitDispatchSupport.java:191) ~[?:?]
	at java.awt.WaitDispatchSupport$4.run(WaitDispatchSupport.java:236) ~[?:?]
	at java.awt.WaitDispatchSupport$4.run(WaitDispatchSupport.java:234) ~[?:?]
	at java.security.AccessController.doPrivileged(AccessController.java:319) ~[?:?]
	at java.awt.WaitDispatchSupport.enter(WaitDispatchSupport.java:234) ~[?:?]
	at java.awt.Dialog.show(Dialog.java:1079) ~[?:?]
	at java.awt.Component.show(Component.java:1728) ~[?:?]
	at java.awt.Component.setVisible(Component.java:1675) ~[?:?]
	at java.awt.Window.setVisible(Window.java:1036) ~[?:?]
	at java.awt.Dialog.setVisible(Dialog.java:1015) ~[?:?]
	at com.st.microxplorer.util.ProcessBarDialog.doAction(ProcessBarDialog.java:173) ~[STM32CubeMX.jar:?]
	at com.st.microxplorer.mxsystem.MxSystem.completeLoadConfig(MxSystem.java:828) ~[STM32CubeMX.jar:?]
	at com.st.microxplorer.plugins.filemanager.engine.OpenFileManager.LoadConfig(OpenFileManager.java:378) ~[filemanager.jar:?]
	at com.st.microxplorer.plugins.filemanager.engine.OpenFileManager.loadConfigurationFile(OpenFileManager.java:292) ~[filemanager.jar:?]
	at com.st.microxplorer.plugins.filemanager.engine.MainFileManager.userLoadConfig(MainFileManager.java:364) ~[filemanager.jar:?]
	at com.st.microxplorer.plugins.filemanager.engine.MainFileManager.userLoadConfig(MainFileManager.java:342) ~[filemanager.jar:?]
	at com.st.microxplorer.plugins.filemanager.FileManagerView.getSpecificTask(FileManagerView.java:264) ~[filemanager.jar:?]
	at com.st.stm32cube.common.mx.editor.CubeMxEditor.getMxTabbedPaneInstance(CubeMxEditor.java:1198) ~[com.st.stm32cube.common.mx_6.15.0.202507011659/:?]
	at com.st.stm32cube.common.mx.editor.CubeMxEditor$12$1.createSwingComponent(CubeMxEditor.java:1068) ~[com.st.stm32cube.common.mx_6.15.0.202507011659/:?]
	at com.st.stm32cube.common.mx.oss.core.awtswtbridge.EmbeddedSwingComposite.doComponentCreation(EmbeddedSwingComposite.java:492) ~[com.st.stm32cube.common.mx.oss_6.15.0.202507011659/:?]
	at com.st.stm32cube.common.mx.oss.core.awtswtbridge.EmbeddedSwingComposite$4.run(EmbeddedSwingComposite.java:291) ~[com.st.stm32cube.common.mx.oss_6.15.0.202507011659/:?]
	at com.st.stm32cube.common.mx.oss.core.awtswtbridge.AwtEnvironment$2.run(AwtEnvironment.java:166) ~[com.st.stm32cube.common.mx.oss_6.15.0.202507011659/:?]
	at java.awt.event.InvocationEvent.dispatch(InvocationEvent.java:318) ~[?:?]
	at java.awt.EventQueue.dispatchEventImpl(EventQueue.java:773) ~[?:?]
	at java.awt.EventQueue$4.run(EventQueue.java:720) ~[?:?]
	at java.awt.EventQueue$4.run(EventQueue.java:714) ~[?:?]
	at java.security.AccessController.doPrivileged(AccessController.java:400) ~[?:?]
	at java.security.ProtectionDomain$JavaSecurityAccessImpl.doIntersectionPrivilege(ProtectionDomain.java:87) ~[?:?]
	at java.awt.EventQueue.dispatchEvent(EventQueue.java:742) ~[?:?]
	at java.awt.EventDispatchThread.pumpOneEventForFilters(EventDispatchThread.java:203) ~[?:?]
	at java.awt.EventDispatchThread.pumpEventsForFilter(EventDispatchThread.java:124) ~[?:?]
	at java.awt.EventDispatchThread.pumpEventsForHierarchy(EventDispatchThread.java:113) ~[?:?]
	at java.awt.EventDispatchThread.pumpEvents(EventDispatchThread.java:109) ~[?:?]
	at java.awt.EventDispatchThread.pumpEvents(EventDispatchThread.java:101) ~[?:?]
	at java.awt.EventDispatchThread.run(EventDispatchThread.java:90) ~[?:?]
2025-10-05 17:59:31,190 [ERROR] MainProjectManager:380 - 
java.lang.NullPointerException: Cannot invoke "javax.swing.JTextField.getText()" because the return value of "java.util.List.get(int)" is null
	at com.st.microxplorer.plugins.projectmanager.gui.ProjectChoiceTab$9.caretUpdate(ProjectChoiceTab.java:2706) ~[filemanager.jar:?]
	at javax.swing.text.JTextComponent.fireCaretUpdate(JTextComponent.java:408) ~[?:?]
	at javax.swing.text.JTextComponent$MutableCaretEvent.fire(JTextComponent.java:4484) ~[?:?]
	at javax.swing.text.JTextComponent$MutableCaretEvent.stateChanged(JTextComponent.java:4506) ~[?:?]
	at javax.swing.text.DefaultCaret.fireStateChanged(DefaultCaret.java:857) ~[?:?]
	at javax.swing.text.DefaultCaret.changeCaretPosition(DefaultCaret.java:1343) ~[?:?]
	at javax.swing.text.DefaultCaret.handleSetDot(DefaultCaret.java:1242) ~[?:?]
	at javax.swing.text.DefaultCaret.setDot(DefaultCaret.java:1223) ~[?:?]
	at javax.swing.text.DefaultCaret$Handler.insertUpdate(DefaultCaret.java:1819) ~[?:?]
	at javax.swing.text.AbstractDocument.fireInsertUpdate(AbstractDocument.java:227) ~[?:?]
	at javax.swing.text.AbstractDocument.handleInsertString(AbstractDocument.java:781) ~[?:?]
	at javax.swing.text.AbstractDocument.insertString(AbstractDocument.java:740) ~[?:?]
	at javax.swing.text.PlainDocument.insertString(PlainDocument.java:131) ~[?:?]
	at javax.swing.text.AbstractDocument.replace(AbstractDocument.java:699) ~[?:?]
	at javax.swing.text.JTextComponent.setText(JTextComponent.java:1725) ~[?:?]
	at com.st.microxplorer.plugins.projectmanager.gui.ProjectChoiceTab.createHeapStackFields(ProjectChoiceTab.java:993) ~[filemanager.jar:?]
	at com.st.microxplorer.plugins.projectmanager.gui.ProjectChoiceTab.buildLinkSettingsPanel(ProjectChoiceTab.java:3813) ~[filemanager.jar:?]
	at com.st.microxplorer.plugins.projectmanager.gui.ProjectChoiceTab.defineWindowsFields(ProjectChoiceTab.java:1987) ~[filemanager.jar:?]
	at com.st.microxplorer.plugins.projectmanager.gui.ProjectChoiceTab.updateSettings(ProjectChoiceTab.java:558) ~[filemanager.jar:?]
	at com.st.microxplorer.plugins.projectmanager.gui.ProjectSettingsPanel.UpdateDialog(ProjectSettingsPanel.java:247) ~[filemanager.jar:?]
	at com.st.microxplorer.plugins.projectmanager.engine.MainProjectManager$7.onCommandEntered(MainProjectManager.java:378) ~[filemanager.jar:?]
	at com.st.components.util.CommandLineManager$3.run(CommandLineManager.java:175) ~[STM32CubeMX.jar:?]
	at java.awt.event.InvocationEvent.dispatch(InvocationEvent.java:308) ~[?:?]
	at java.awt.EventQueue.dispatchEventImpl(EventQueue.java:773) ~[?:?]
	at java.awt.EventQueue$4.run(EventQueue.java:720) ~[?:?]
	at java.awt.EventQueue$4.run(EventQueue.java:714) ~[?:?]
	at java.security.AccessController.doPrivileged(AccessController.java:400) ~[?:?]
	at java.security.ProtectionDomain$JavaSecurityAccessImpl.doIntersectionPrivilege(ProtectionDomain.java:87) ~[?:?]
	at java.awt.EventQueue.dispatchEvent(EventQueue.java:742) ~[?:?]
	at java.awt.EventDispatchThread.pumpOneEventForFilters(EventDispatchThread.java:203) ~[?:?]
	at java.awt.EventDispatchThread.pumpEventsForFilter(EventDispatchThread.java:124) ~[?:?]
	at java.awt.EventDispatchThread.pumpEventsForFilter(EventDispatchThread.java:117) ~[?:?]
	at java.awt.WaitDispatchSupport$2.run(WaitDispatchSupport.java:191) ~[?:?]
	at java.awt.WaitDispatchSupport$4.run(WaitDispatchSupport.java:236) ~[?:?]
	at java.awt.WaitDispatchSupport$4.run(WaitDispatchSupport.java:234) ~[?:?]
	at java.security.AccessController.doPrivileged(AccessController.java:319) ~[?:?]
	at java.awt.WaitDispatchSupport.enter(WaitDispatchSupport.java:234) ~[?:?]
	at java.awt.Dialog.show(Dialog.java:1079) ~[?:?]
	at java.awt.Component.show(Component.java:1728) ~[?:?]
	at java.awt.Component.setVisible(Component.java:1675) ~[?:?]
	at java.awt.Window.setVisible(Window.java:1036) ~[?:?]
	at java.awt.Dialog.setVisible(Dialog.java:1015) ~[?:?]
	at com.st.microxplorer.util.ProcessBarDialog.doAction(ProcessBarDialog.java:173) ~[STM32CubeMX.jar:?]
	at com.st.microxplorer.mxsystem.MxSystem.completeLoadConfig(MxSystem.java:828) ~[STM32CubeMX.jar:?]
	at com.st.microxplorer.plugins.filemanager.engine.OpenFileManager.LoadConfig(OpenFileManager.java:378) ~[filemanager.jar:?]
	at com.st.microxplorer.plugins.filemanager.engine.OpenFileManager.loadConfigurationFile(OpenFileManager.java:292) ~[filemanager.jar:?]
	at com.st.microxplorer.plugins.filemanager.engine.MainFileManager.userLoadConfig(MainFileManager.java:364) ~[filemanager.jar:?]
	at com.st.microxplorer.plugins.filemanager.engine.MainFileManager.userLoadConfig(MainFileManager.java:342) ~[filemanager.jar:?]
	at com.st.microxplorer.plugins.filemanager.FileManagerView.getSpecificTask(FileManagerView.java:264) ~[filemanager.jar:?]
	at com.st.stm32cube.common.mx.editor.CubeMxEditor.getMxTabbedPaneInstance(CubeMxEditor.java:1198) ~[com.st.stm32cube.common.mx_6.15.0.202507011659/:?]
	at com.st.stm32cube.common.mx.editor.CubeMxEditor$12$1.createSwingComponent(CubeMxEditor.java:1068) ~[com.st.stm32cube.common.mx_6.15.0.202507011659/:?]
	at com.st.stm32cube.common.mx.oss.core.awtswtbridge.EmbeddedSwingComposite.doComponentCreation(EmbeddedSwingComposite.java:492) ~[com.st.stm32cube.common.mx.oss_6.15.0.202507011659/:?]
	at com.st.stm32cube.common.mx.oss.core.awtswtbridge.EmbeddedSwingComposite$4.run(EmbeddedSwingComposite.java:291) ~[com.st.stm32cube.common.mx.oss_6.15.0.202507011659/:?]
	at com.st.stm32cube.common.mx.oss.core.awtswtbridge.AwtEnvironment$2.run(AwtEnvironment.java:166) ~[com.st.stm32cube.common.mx.oss_6.15.0.202507011659/:?]
	at java.awt.event.InvocationEvent.dispatch(InvocationEvent.java:318) ~[?:?]
	at java.awt.EventQueue.dispatchEventImpl(EventQueue.java:773) ~[?:?]
	at java.awt.EventQueue$4.run(EventQueue.java:720) ~[?:?]
	at java.awt.EventQueue$4.run(EventQueue.java:714) ~[?:?]
	at java.security.AccessController.doPrivileged(AccessController.java:400) ~[?:?]
	at java.security.ProtectionDomain$JavaSecurityAccessImpl.doIntersectionPrivilege(ProtectionDomain.java:87) ~[?:?]
	at java.awt.EventQueue.dispatchEvent(EventQueue.java:742) ~[?:?]
	at java.awt.EventDispatchThread.pumpOneEventForFilters(EventDispatchThread.java:203) ~[?:?]
	at java.awt.EventDispatchThread.pumpEventsForFilter(EventDispatchThread.java:124) ~[?:?]
	at java.awt.EventDispatchThread.pumpEventsForHierarchy(EventDispatchThread.java:113) ~[?:?]
	at java.awt.EventDispatchThread.pumpEvents(EventDispatchThread.java:109) ~[?:?]
	at java.awt.EventDispatchThread.pumpEvents(EventDispatchThread.java:101) ~[?:?]
	at java.awt.EventDispatchThread.run(EventDispatchThread.java:90) ~[?:?]
2025-10-05 17:59:31,320 [ERROR] MainProjectManager:405 - 
java.lang.NullPointerException: Cannot invoke "javax.swing.JTextField.getText()" because the return value of "java.util.List.get(int)" is null
	at com.st.microxplorer.plugins.projectmanager.gui.ProjectChoiceTab$9.caretUpdate(ProjectChoiceTab.java:2706) ~[filemanager.jar:?]
	at javax.swing.text.JTextComponent.fireCaretUpdate(JTextComponent.java:408) ~[?:?]
	at javax.swing.text.JTextComponent$MutableCaretEvent.fire(JTextComponent.java:4484) ~[?:?]
	at javax.swing.text.JTextComponent$MutableCaretEvent.stateChanged(JTextComponent.java:4506) ~[?:?]
	at javax.swing.text.DefaultCaret.fireStateChanged(DefaultCaret.java:857) ~[?:?]
	at javax.swing.text.DefaultCaret.changeCaretPosition(DefaultCaret.java:1343) ~[?:?]
	at javax.swing.text.DefaultCaret.handleSetDot(DefaultCaret.java:1242) ~[?:?]
	at javax.swing.text.DefaultCaret.setDot(DefaultCaret.java:1223) ~[?:?]
	at javax.swing.text.DefaultCaret$Handler.insertUpdate(DefaultCaret.java:1819) ~[?:?]
	at javax.swing.text.AbstractDocument.fireInsertUpdate(AbstractDocument.java:227) ~[?:?]
	at javax.swing.text.AbstractDocument.handleInsertString(AbstractDocument.java:781) ~[?:?]
	at javax.swing.text.AbstractDocument.insertString(AbstractDocument.java:740) ~[?:?]
	at javax.swing.text.PlainDocument.insertString(PlainDocument.java:131) ~[?:?]
	at javax.swing.text.AbstractDocument.replace(AbstractDocument.java:699) ~[?:?]
	at javax.swing.text.JTextComponent.setText(JTextComponent.java:1725) ~[?:?]
	at com.st.microxplorer.plugins.projectmanager.gui.ProjectChoiceTab.createHeapStackFields(ProjectChoiceTab.java:993) ~[filemanager.jar:?]
	at com.st.microxplorer.plugins.projectmanager.gui.ProjectChoiceTab.buildLinkSettingsPanel(ProjectChoiceTab.java:3813) ~[filemanager.jar:?]
	at com.st.microxplorer.plugins.projectmanager.gui.ProjectChoiceTab.defineWindowsFields(ProjectChoiceTab.java:1987) ~[filemanager.jar:?]
	at com.st.microxplorer.plugins.projectmanager.gui.ProjectChoiceTab.updateSettings(ProjectChoiceTab.java:558) ~[filemanager.jar:?]
	at com.st.microxplorer.plugins.projectmanager.gui.ProjectSettingsPanel.UpdateDialog(ProjectSettingsPanel.java:247) ~[filemanager.jar:?]
	at com.st.microxplorer.plugins.projectmanager.engine.MainProjectManager$9.onCommandEntered(MainProjectManager.java:403) ~[filemanager.jar:?]
	at com.st.components.util.CommandLineManager$3.run(CommandLineManager.java:175) ~[STM32CubeMX.jar:?]
	at java.awt.event.InvocationEvent.dispatch(InvocationEvent.java:308) ~[?:?]
	at java.awt.EventQueue.dispatchEventImpl(EventQueue.java:773) ~[?:?]
	at java.awt.EventQueue$4.run(EventQueue.java:720) ~[?:?]
	at java.awt.EventQueue$4.run(EventQueue.java:714) ~[?:?]
	at java.security.AccessController.doPrivileged(AccessController.java:400) ~[?:?]
	at java.security.ProtectionDomain$JavaSecurityAccessImpl.doIntersectionPrivilege(ProtectionDomain.java:87) ~[?:?]
	at java.awt.EventQueue.dispatchEvent(EventQueue.java:742) ~[?:?]
	at java.awt.EventDispatchThread.pumpOneEventForFilters(EventDispatchThread.java:203) ~[?:?]
	at java.awt.EventDispatchThread.pumpEventsForFilter(EventDispatchThread.java:124) ~[?:?]
	at java.awt.EventDispatchThread.pumpEventsForFilter(EventDispatchThread.java:117) ~[?:?]
	at java.awt.WaitDispatchSupport$2.run(WaitDispatchSupport.java:191) ~[?:?]
	at java.awt.WaitDispatchSupport$4.run(WaitDispatchSupport.java:236) ~[?:?]
	at java.awt.WaitDispatchSupport$4.run(WaitDispatchSupport.java:234) ~[?:?]
	at java.security.AccessController.doPrivileged(AccessController.java:319) ~[?:?]
	at java.awt.WaitDispatchSupport.enter(WaitDispatchSupport.java:234) ~[?:?]
	at java.awt.Dialog.show(Dialog.java:1079) ~[?:?]
	at java.awt.Component.show(Component.java:1728) ~[?:?]
	at java.awt.Component.setVisible(Component.java:1675) ~[?:?]
	at java.awt.Window.setVisible(Window.java:1036) ~[?:?]
	at java.awt.Dialog.setVisible(Dialog.java:1015) ~[?:?]
	at com.st.microxplorer.util.ProcessBarDialog.doAction(ProcessBarDialog.java:173) ~[STM32CubeMX.jar:?]
	at com.st.microxplorer.mxsystem.MxSystem.completeLoadConfig(MxSystem.java:828) ~[STM32CubeMX.jar:?]
	at com.st.microxplorer.plugins.filemanager.engine.OpenFileManager.LoadConfig(OpenFileManager.java:378) ~[filemanager.jar:?]
	at com.st.microxplorer.plugins.filemanager.engine.OpenFileManager.loadConfigurationFile(OpenFileManager.java:292) ~[filemanager.jar:?]
	at com.st.microxplorer.plugins.filemanager.engine.MainFileManager.userLoadConfig(MainFileManager.java:364) ~[filemanager.jar:?]
	at com.st.microxplorer.plugins.filemanager.engine.MainFileManager.userLoadConfig(MainFileManager.java:342) ~[filemanager.jar:?]
	at com.st.microxplorer.plugins.filemanager.FileManagerView.getSpecificTask(FileManagerView.java:264) ~[filemanager.jar:?]
	at com.st.stm32cube.common.mx.editor.CubeMxEditor.getMxTabbedPaneInstance(CubeMxEditor.java:1198) ~[com.st.stm32cube.common.mx_6.15.0.202507011659/:?]
	at com.st.stm32cube.common.mx.editor.CubeMxEditor$12$1.createSwingComponent(CubeMxEditor.java:1068) ~[com.st.stm32cube.common.mx_6.15.0.202507011659/:?]
	at com.st.stm32cube.common.mx.oss.core.awtswtbridge.EmbeddedSwingComposite.doComponentCreation(EmbeddedSwingComposite.java:492) ~[com.st.stm32cube.common.mx.oss_6.15.0.202507011659/:?]
	at com.st.stm32cube.common.mx.oss.core.awtswtbridge.EmbeddedSwingComposite$4.run(EmbeddedSwingComposite.java:291) ~[com.st.stm32cube.common.mx.oss_6.15.0.202507011659/:?]
	at com.st.stm32cube.common.mx.oss.core.awtswtbridge.AwtEnvironment$2.run(AwtEnvironment.java:166) ~[com.st.stm32cube.common.mx.oss_6.15.0.202507011659/:?]
	at java.awt.event.InvocationEvent.dispatch(InvocationEvent.java:318) ~[?:?]
	at java.awt.EventQueue.dispatchEventImpl(EventQueue.java:773) ~[?:?]
	at java.awt.EventQueue$4.run(EventQueue.java:720) ~[?:?]
	at java.awt.EventQueue$4.run(EventQueue.java:714) ~[?:?]
	at java.security.AccessController.doPrivileged(AccessController.java:400) ~[?:?]
	at java.security.ProtectionDomain$JavaSecurityAccessImpl.doIntersectionPrivilege(ProtectionDomain.java:87) ~[?:?]
	at java.awt.EventQueue.dispatchEvent(EventQueue.java:742) ~[?:?]
	at java.awt.EventDispatchThread.pumpOneEventForFilters(EventDispatchThread.java:203) ~[?:?]
	at java.awt.EventDispatchThread.pumpEventsForFilter(EventDispatchThread.java:124) ~[?:?]
	at java.awt.EventDispatchThread.pumpEventsForHierarchy(EventDispatchThread.java:113) ~[?:?]
	at java.awt.EventDispatchThread.pumpEvents(EventDispatchThread.java:109) ~[?:?]
	at java.awt.EventDispatchThread.pumpEvents(EventDispatchThread.java:101) ~[?:?]
	at java.awt.EventDispatchThread.run(EventDispatchThread.java:90) ~[?:?]
2025-10-05 17:59:31,340 [ERROR] MainProjectManager:380 - 
java.lang.NullPointerException: Cannot invoke "javax.swing.JTextField.getText()" because the return value of "java.util.List.get(int)" is null
	at com.st.microxplorer.plugins.projectmanager.gui.ProjectChoiceTab$9.caretUpdate(ProjectChoiceTab.java:2706) ~[filemanager.jar:?]
	at javax.swing.text.JTextComponent.fireCaretUpdate(JTextComponent.java:408) ~[?:?]
	at javax.swing.text.JTextComponent$MutableCaretEvent.fire(JTextComponent.java:4484) ~[?:?]
	at javax.swing.text.JTextComponent$MutableCaretEvent.stateChanged(JTextComponent.java:4506) ~[?:?]
	at javax.swing.text.DefaultCaret.fireStateChanged(DefaultCaret.java:857) ~[?:?]
	at javax.swing.text.DefaultCaret.changeCaretPosition(DefaultCaret.java:1343) ~[?:?]
	at javax.swing.text.DefaultCaret.handleSetDot(DefaultCaret.java:1242) ~[?:?]
	at javax.swing.text.DefaultCaret.setDot(DefaultCaret.java:1223) ~[?:?]
	at javax.swing.text.DefaultCaret$Handler.insertUpdate(DefaultCaret.java:1819) ~[?:?]
	at javax.swing.text.AbstractDocument.fireInsertUpdate(AbstractDocument.java:227) ~[?:?]
	at javax.swing.text.AbstractDocument.handleInsertString(AbstractDocument.java:781) ~[?:?]
	at javax.swing.text.AbstractDocument.insertString(AbstractDocument.java:740) ~[?:?]
	at javax.swing.text.PlainDocument.insertString(PlainDocument.java:131) ~[?:?]
	at javax.swing.text.AbstractDocument.replace(AbstractDocument.java:699) ~[?:?]
	at javax.swing.text.JTextComponent.setText(JTextComponent.java:1725) ~[?:?]
	at com.st.microxplorer.plugins.projectmanager.gui.ProjectChoiceTab.createHeapStackFields(ProjectChoiceTab.java:993) ~[filemanager.jar:?]
	at com.st.microxplorer.plugins.projectmanager.gui.ProjectChoiceTab.buildLinkSettingsPanel(ProjectChoiceTab.java:3813) ~[filemanager.jar:?]
	at com.st.microxplorer.plugins.projectmanager.gui.ProjectChoiceTab.defineWindowsFields(ProjectChoiceTab.java:1987) ~[filemanager.jar:?]
	at com.st.microxplorer.plugins.projectmanager.gui.ProjectChoiceTab.updateSettings(ProjectChoiceTab.java:558) ~[filemanager.jar:?]
	at com.st.microxplorer.plugins.projectmanager.gui.ProjectSettingsPanel.UpdateDialog(ProjectSettingsPanel.java:247) ~[filemanager.jar:?]
	at com.st.microxplorer.plugins.projectmanager.engine.MainProjectManager$7.onCommandEntered(MainProjectManager.java:378) ~[filemanager.jar:?]
	at com.st.components.util.CommandLineManager$3.run(CommandLineManager.java:175) ~[STM32CubeMX.jar:?]
	at java.awt.event.InvocationEvent.dispatch(InvocationEvent.java:308) ~[?:?]
	at java.awt.EventQueue.dispatchEventImpl(EventQueue.java:773) ~[?:?]
	at java.awt.EventQueue$4.run(EventQueue.java:720) ~[?:?]
	at java.awt.EventQueue$4.run(EventQueue.java:714) ~[?:?]
	at java.security.AccessController.doPrivileged(AccessController.java:400) ~[?:?]
	at java.security.ProtectionDomain$JavaSecurityAccessImpl.doIntersectionPrivilege(ProtectionDomain.java:87) ~[?:?]
	at java.awt.EventQueue.dispatchEvent(EventQueue.java:742) ~[?:?]
	at java.awt.EventDispatchThread.pumpOneEventForFilters(EventDispatchThread.java:203) ~[?:?]
	at java.awt.EventDispatchThread.pumpEventsForFilter(EventDispatchThread.java:124) ~[?:?]
	at java.awt.EventDispatchThread.pumpEventsForFilter(EventDispatchThread.java:117) ~[?:?]
	at java.awt.WaitDispatchSupport$2.run(WaitDispatchSupport.java:191) ~[?:?]
	at java.awt.WaitDispatchSupport$4.run(WaitDispatchSupport.java:236) ~[?:?]
	at java.awt.WaitDispatchSupport$4.run(WaitDispatchSupport.java:234) ~[?:?]
	at java.security.AccessController.doPrivileged(AccessController.java:319) ~[?:?]
	at java.awt.WaitDispatchSupport.enter(WaitDispatchSupport.java:234) ~[?:?]
	at java.awt.Dialog.show(Dialog.java:1079) ~[?:?]
	at java.awt.Component.show(Component.java:1728) ~[?:?]
	at java.awt.Component.setVisible(Component.java:1675) ~[?:?]
	at java.awt.Window.setVisible(Window.java:1036) ~[?:?]
	at java.awt.Dialog.setVisible(Dialog.java:1015) ~[?:?]
	at com.st.microxplorer.util.ProcessBarDialog.doAction(ProcessBarDialog.java:173) ~[STM32CubeMX.jar:?]
	at com.st.microxplorer.mxsystem.MxSystem.completeLoadConfig(MxSystem.java:828) ~[STM32CubeMX.jar:?]
	at com.st.microxplorer.plugins.filemanager.engine.OpenFileManager.LoadConfig(OpenFileManager.java:378) ~[filemanager.jar:?]
	at com.st.microxplorer.plugins.filemanager.engine.OpenFileManager.loadConfigurationFile(OpenFileManager.java:292) ~[filemanager.jar:?]
	at com.st.microxplorer.plugins.filemanager.engine.MainFileManager.userLoadConfig(MainFileManager.java:364) ~[filemanager.jar:?]
	at com.st.microxplorer.plugins.filemanager.engine.MainFileManager.userLoadConfig(MainFileManager.java:342) ~[filemanager.jar:?]
	at com.st.microxplorer.plugins.filemanager.FileManagerView.getSpecificTask(FileManagerView.java:264) ~[filemanager.jar:?]
	at com.st.stm32cube.common.mx.editor.CubeMxEditor.getMxTabbedPaneInstance(CubeMxEditor.java:1198) ~[com.st.stm32cube.common.mx_6.15.0.202507011659/:?]
	at com.st.stm32cube.common.mx.editor.CubeMxEditor$12$1.createSwingComponent(CubeMxEditor.java:1068) ~[com.st.stm32cube.common.mx_6.15.0.202507011659/:?]
	at com.st.stm32cube.common.mx.oss.core.awtswtbridge.EmbeddedSwingComposite.doComponentCreation(EmbeddedSwingComposite.java:492) ~[com.st.stm32cube.common.mx.oss_6.15.0.202507011659/:?]
	at com.st.stm32cube.common.mx.oss.core.awtswtbridge.EmbeddedSwingComposite$4.run(EmbeddedSwingComposite.java:291) ~[com.st.stm32cube.common.mx.oss_6.15.0.202507011659/:?]
	at com.st.stm32cube.common.mx.oss.core.awtswtbridge.AwtEnvironment$2.run(AwtEnvironment.java:166) ~[com.st.stm32cube.common.mx.oss_6.15.0.202507011659/:?]
	at java.awt.event.InvocationEvent.dispatch(InvocationEvent.java:318) ~[?:?]
	at java.awt.EventQueue.dispatchEventImpl(EventQueue.java:773) ~[?:?]
	at java.awt.EventQueue$4.run(EventQueue.java:720) ~[?:?]
	at java.awt.EventQueue$4.run(EventQueue.java:714) ~[?:?]
	at java.security.AccessController.doPrivileged(AccessController.java:400) ~[?:?]
	at java.security.ProtectionDomain$JavaSecurityAccessImpl.doIntersectionPrivilege(ProtectionDomain.java:87) ~[?:?]
	at java.awt.EventQueue.dispatchEvent(EventQueue.java:742) ~[?:?]
	at java.awt.EventDispatchThread.pumpOneEventForFilters(EventDispatchThread.java:203) ~[?:?]
	at java.awt.EventDispatchThread.pumpEventsForFilter(EventDispatchThread.java:124) ~[?:?]
	at java.awt.EventDispatchThread.pumpEventsForHierarchy(EventDispatchThread.java:113) ~[?:?]
	at java.awt.EventDispatchThread.pumpEvents(EventDispatchThread.java:109) ~[?:?]
	at java.awt.EventDispatchThread.pumpEvents(EventDispatchThread.java:101) ~[?:?]
	at java.awt.EventDispatchThread.run(EventDispatchThread.java:90) ~[?:?]
2025-10-05 17:59:31,590 [ERROR] Context:921 - The IP PWR is not set in context FSBL
2025-10-05 17:59:31,590 [ERROR] Context:921 - The IP PWR is not set in context Appli
2025-10-05 17:59:31,590 [ERROR] Context:921 - The IP PWR is not set in context ExtMemLoader
2025-10-05 17:59:31,845 [ERROR] Context:921 - The IP RTC is not set in context FSBL
2025-10-05 17:59:31,845 [ERROR] Context:921 - The IP RTC is not set in context Appli
2025-10-05 17:59:31,845 [ERROR] Context:921 - The IP RTC is not set in context ExtMemLoader
2025-10-05 17:59:32,152 [INFO] OpenFileManager:386 - Restore cursor
2025-10-05 17:59:32,504 [WARN] IP:2250 - RefParam_XIP_memory not found: check if there is a RefParameter without a condition.
2025-10-05 17:59:32,505 [WARN] IP:2250 - RefParam_MEMORY_1_Size not found: check if there is a RefParameter without a condition.
2025-10-05 17:59:32,505 [WARN] IP:2250 - RefParam_MEMORY_1_FreqMax not found: check if there is a RefParameter without a condition.
2025-10-05 17:59:32,505 [WARN] IP:2250 - RefParam_MEMORY_1_ReadReg not found: check if there is a RefParameter without a condition.
2025-10-05 17:59:32,505 [WARN] IP:2250 - RefParam_MEMORY_1_WriteReg not found: check if there is a RefParameter without a condition.
2025-10-05 17:59:32,505 [WARN] IP:2250 - RefParam_MEMORY_1_RegSize not found: check if there is a RefParameter without a condition.
2025-10-05 17:59:32,505 [WARN] IP:2250 - RefParam_MEMORY_1_RegDummyCycle not found: check if there is a RefParameter without a condition.
2025-10-05 17:59:32,505 [WARN] IP:2250 - RefParam_MEMORY_1_WriteCommand not found: check if there is a RefParameter without a condition.
2025-10-05 17:59:32,505 [WARN] IP:2250 - RefParam_MEMORY_1_WriteDummyCycle not found: check if there is a RefParameter without a condition.
2025-10-05 17:59:32,505 [WARN] IP:2250 - RefParam_MEMORY_1_ReadCommand not found: check if there is a RefParameter without a condition.
2025-10-05 17:59:32,505 [WARN] IP:2250 - RefParam_MEMORY_1_WrapReadCommand not found: check if there is a RefParameter without a condition.
2025-10-05 17:59:32,505 [WARN] IP:2250 - RefParam_MEMORY_1_ReadDummyCycle not found: check if there is a RefParameter without a condition.
2025-10-05 17:59:32,505 [WARN] IP:2250 - RefParam_MEMORY_1_NumberOfConfig not found: check if there is a RefParameter without a condition.
2025-10-05 17:59:32,505 [WARN] IP:2250 - RefParam_MEMORY_1_Config1_WriteMask not found: check if there is a RefParameter without a condition.
2025-10-05 17:59:32,505 [WARN] IP:2250 - RefParam_MEMORY_1_Config1_WriteValue not found: check if there is a RefParameter without a condition.
2025-10-05 17:59:32,505 [WARN] IP:2250 - RefParam_MEMORY_1_Config1_RegAddress not found: check if there is a RefParameter without a condition.
2025-10-05 17:59:32,505 [WARN] IP:2250 - RefParam_MEMORY_1_Config2_WriteMask not found: check if there is a RefParameter without a condition.
2025-10-05 17:59:32,505 [WARN] IP:2250 - RefParam_MEMORY_1_Config2_WriteValue not found: check if there is a RefParameter without a condition.
2025-10-05 17:59:32,505 [WARN] IP:2250 - RefParam_MEMORY_1_Config2_RegAddress not found: check if there is a RefParameter without a condition.
2025-10-05 17:59:32,505 [WARN] IP:2250 - RefParam_MEMORY_1_Config3_WriteMask not found: check if there is a RefParameter without a condition.
2025-10-05 17:59:32,505 [WARN] IP:2250 - RefParam_MEMORY_1_Config3_WriteValue not found: check if there is a RefParameter without a condition.
2025-10-05 17:59:32,505 [WARN] IP:2250 - RefParam_MEMORY_1_Config3_RegAddress not found: check if there is a RefParameter without a condition.
2025-10-05 17:59:32,505 [WARN] IP:2250 - RefParam_MEMORY_2_Instance not found: check if there is a RefParameter without a condition.
2025-10-05 17:59:32,505 [WARN] IP:2250 - RefParam_MEMORY_2_ConfigType not found: check if there is a RefParameter without a condition.
2025-10-05 17:59:32,505 [WARN] IP:2250 - RefParam_MEMORY_2_Size not found: check if there is a RefParameter without a condition.
2025-10-05 17:59:32,505 [WARN] IP:2250 - RefParam_MEMORY_2_FreqMax not found: check if there is a RefParameter without a condition.
2025-10-05 17:59:32,505 [WARN] IP:2250 - RefParam_MEMORY_2_ReadReg not found: check if there is a RefParameter without a condition.
2025-10-05 17:59:32,505 [WARN] IP:2250 - RefParam_MEMORY_2_WriteReg not found: check if there is a RefParameter without a condition.
2025-10-05 17:59:32,505 [WARN] IP:2250 - RefParam_MEMORY_2_RegSize not found: check if there is a RefParameter without a condition.
2025-10-05 17:59:32,505 [WARN] IP:2250 - RefParam_MEMORY_2_RegDummyCycle not found: check if there is a RefParameter without a condition.
2025-10-05 17:59:32,505 [WARN] IP:2250 - RefParam_MEMORY_2_WriteCommand not found: check if there is a RefParameter without a condition.
2025-10-05 17:59:32,505 [WARN] IP:2250 - RefParam_MEMORY_2_WriteDummyCycle not found: check if there is a RefParameter without a condition.
2025-10-05 17:59:32,505 [WARN] IP:2250 - RefParam_MEMORY_2_ReadCommand not found: check if there is a RefParameter without a condition.
2025-10-05 17:59:32,505 [WARN] IP:2250 - RefParam_MEMORY_2_WrapReadCommand not found: check if there is a RefParameter without a condition.
2025-10-05 17:59:32,505 [WARN] IP:2250 - RefParam_MEMORY_2_ReadDummyCycle not found: check if there is a RefParameter without a condition.
2025-10-05 17:59:32,505 [WARN] IP:2250 - RefParam_MEMORY_2_NumberOfConfig not found: check if there is a RefParameter without a condition.
2025-10-05 17:59:32,505 [WARN] IP:2250 - RefParam_MEMORY_2_Config1_WriteMask not found: check if there is a RefParameter without a condition.
2025-10-05 17:59:32,505 [WARN] IP:2250 - RefParam_MEMORY_2_Config1_WriteValue not found: check if there is a RefParameter without a condition.
2025-10-05 17:59:32,505 [WARN] IP:2250 - RefParam_MEMORY_2_Config1_RegAddress not found: check if there is a RefParameter without a condition.
2025-10-05 17:59:32,505 [WARN] IP:2250 - RefParam_MEMORY_2_Config2_WriteMask not found: check if there is a RefParameter without a condition.
2025-10-05 17:59:32,505 [WARN] IP:2250 - RefParam_MEMORY_2_Config2_WriteValue not found: check if there is a RefParameter without a condition.
2025-10-05 17:59:32,505 [WARN] IP:2250 - RefParam_MEMORY_2_Config2_RegAddress not found: check if there is a RefParameter without a condition.
2025-10-05 17:59:32,505 [WARN] IP:2250 - RefParam_MEMORY_2_Config3_WriteMask not found: check if there is a RefParameter without a condition.
2025-10-05 17:59:32,505 [WARN] IP:2250 - RefParam_MEMORY_2_Config3_WriteValue not found: check if there is a RefParameter without a condition.
2025-10-05 17:59:32,505 [WARN] IP:2250 - RefParam_MEMORY_2_Config3_RegAddress not found: check if there is a RefParameter without a condition.
2025-10-05 17:59:32,729 [INFO] AIMainUI:1270 - Restoring parameters from IP...
2025-10-05 17:59:32,729 [INFO] AIMainUI:1393 - No old model detected
2025-10-05 17:59:32,761 [INFO] AInterface:116 - AInterface using toolDir: C:/Users/ZOJOLDRI/STM32Cube/Repository/Packs/STMicroelectronics/X-CUBE-AI/10.2.0/Utilities/windows
2025-10-05 17:59:32,767 [INFO] AIModelDetailledView:2380 - Analysis status: -
2025-10-05 17:59:32,769 [INFO] AIModelDetailledView:929 - Selected model: Keras
2025-10-05 17:59:32,835 [INFO] AIModelDetailledView:2380 - Analysis status: done
2025-10-05 18:00:05,089 [WARN] IP:2250 - RefParam_XIP_memory not found: check if there is a RefParameter without a condition.
2025-10-05 18:00:05,089 [WARN] IP:2250 - RefParam_MEMORY_1_Size not found: check if there is a RefParameter without a condition.
2025-10-05 18:00:05,089 [WARN] IP:2250 - RefParam_MEMORY_1_FreqMax not found: check if there is a RefParameter without a condition.
2025-10-05 18:00:05,089 [WARN] IP:2250 - RefParam_MEMORY_1_ReadReg not found: check if there is a RefParameter without a condition.
2025-10-05 18:00:05,089 [WARN] IP:2250 - RefParam_MEMORY_1_WriteReg not found: check if there is a RefParameter without a condition.
2025-10-05 18:00:05,089 [WARN] IP:2250 - RefParam_MEMORY_1_RegSize not found: check if there is a RefParameter without a condition.
2025-10-05 18:00:05,089 [WARN] IP:2250 - RefParam_MEMORY_1_RegDummyCycle not found: check if there is a RefParameter without a condition.
2025-10-05 18:00:05,089 [WARN] IP:2250 - RefParam_MEMORY_1_WriteCommand not found: check if there is a RefParameter without a condition.
2025-10-05 18:00:05,089 [WARN] IP:2250 - RefParam_MEMORY_1_WriteDummyCycle not found: check if there is a RefParameter without a condition.
2025-10-05 18:00:05,089 [WARN] IP:2250 - RefParam_MEMORY_1_ReadCommand not found: check if there is a RefParameter without a condition.
2025-10-05 18:00:05,089 [WARN] IP:2250 - RefParam_MEMORY_1_WrapReadCommand not found: check if there is a RefParameter without a condition.
2025-10-05 18:00:05,089 [WARN] IP:2250 - RefParam_MEMORY_1_ReadDummyCycle not found: check if there is a RefParameter without a condition.
2025-10-05 18:00:05,089 [WARN] IP:2250 - RefParam_MEMORY_1_NumberOfConfig not found: check if there is a RefParameter without a condition.
2025-10-05 18:00:05,089 [WARN] IP:2250 - RefParam_MEMORY_1_Config1_WriteMask not found: check if there is a RefParameter without a condition.
2025-10-05 18:00:05,089 [WARN] IP:2250 - RefParam_MEMORY_1_Config1_WriteValue not found: check if there is a RefParameter without a condition.
2025-10-05 18:00:05,089 [WARN] IP:2250 - RefParam_MEMORY_1_Config1_RegAddress not found: check if there is a RefParameter without a condition.
2025-10-05 18:00:05,089 [WARN] IP:2250 - RefParam_MEMORY_1_Config2_WriteMask not found: check if there is a RefParameter without a condition.
2025-10-05 18:00:05,089 [WARN] IP:2250 - RefParam_MEMORY_1_Config2_WriteValue not found: check if there is a RefParameter without a condition.
2025-10-05 18:00:05,090 [WARN] IP:2250 - RefParam_MEMORY_1_Config2_RegAddress not found: check if there is a RefParameter without a condition.
2025-10-05 18:00:05,090 [WARN] IP:2250 - RefParam_MEMORY_1_Config3_WriteMask not found: check if there is a RefParameter without a condition.
2025-10-05 18:00:05,090 [WARN] IP:2250 - RefParam_MEMORY_1_Config3_WriteValue not found: check if there is a RefParameter without a condition.
2025-10-05 18:00:05,090 [WARN] IP:2250 - RefParam_MEMORY_1_Config3_RegAddress not found: check if there is a RefParameter without a condition.
2025-10-05 18:00:05,090 [WARN] IP:2250 - RefParam_MEMORY_2_Instance not found: check if there is a RefParameter without a condition.
2025-10-05 18:00:05,090 [WARN] IP:2250 - RefParam_MEMORY_2_ConfigType not found: check if there is a RefParameter without a condition.
2025-10-05 18:00:05,090 [WARN] IP:2250 - RefParam_MEMORY_2_Size not found: check if there is a RefParameter without a condition.
2025-10-05 18:00:05,090 [WARN] IP:2250 - RefParam_MEMORY_2_FreqMax not found: check if there is a RefParameter without a condition.
2025-10-05 18:00:05,090 [WARN] IP:2250 - RefParam_MEMORY_2_ReadReg not found: check if there is a RefParameter without a condition.
2025-10-05 18:00:05,090 [WARN] IP:2250 - RefParam_MEMORY_2_WriteReg not found: check if there is a RefParameter without a condition.
2025-10-05 18:00:05,090 [WARN] IP:2250 - RefParam_MEMORY_2_RegSize not found: check if there is a RefParameter without a condition.
2025-10-05 18:00:05,090 [WARN] IP:2250 - RefParam_MEMORY_2_RegDummyCycle not found: check if there is a RefParameter without a condition.
2025-10-05 18:00:05,090 [WARN] IP:2250 - RefParam_MEMORY_2_WriteCommand not found: check if there is a RefParameter without a condition.
2025-10-05 18:00:05,090 [WARN] IP:2250 - RefParam_MEMORY_2_WriteDummyCycle not found: check if there is a RefParameter without a condition.
2025-10-05 18:00:05,090 [WARN] IP:2250 - RefParam_MEMORY_2_ReadCommand not found: check if there is a RefParameter without a condition.
2025-10-05 18:00:05,090 [WARN] IP:2250 - RefParam_MEMORY_2_WrapReadCommand not found: check if there is a RefParameter without a condition.
2025-10-05 18:00:05,090 [WARN] IP:2250 - RefParam_MEMORY_2_ReadDummyCycle not found: check if there is a RefParameter without a condition.
2025-10-05 18:00:05,090 [WARN] IP:2250 - RefParam_MEMORY_2_NumberOfConfig not found: check if there is a RefParameter without a condition.
2025-10-05 18:00:05,090 [WARN] IP:2250 - RefParam_MEMORY_2_Config1_WriteMask not found: check if there is a RefParameter without a condition.
2025-10-05 18:00:05,090 [WARN] IP:2250 - RefParam_MEMORY_2_Config1_WriteValue not found: check if there is a RefParameter without a condition.
2025-10-05 18:00:05,090 [WARN] IP:2250 - RefParam_MEMORY_2_Config1_RegAddress not found: check if there is a RefParameter without a condition.
2025-10-05 18:00:05,090 [WARN] IP:2250 - RefParam_MEMORY_2_Config2_WriteMask not found: check if there is a RefParameter without a condition.
2025-10-05 18:00:05,090 [WARN] IP:2250 - RefParam_MEMORY_2_Config2_WriteValue not found: check if there is a RefParameter without a condition.
2025-10-05 18:00:05,090 [WARN] IP:2250 - RefParam_MEMORY_2_Config2_RegAddress not found: check if there is a RefParameter without a condition.
2025-10-05 18:00:05,090 [WARN] IP:2250 - RefParam_MEMORY_2_Config3_WriteMask not found: check if there is a RefParameter without a condition.
2025-10-05 18:00:05,090 [WARN] IP:2250 - RefParam_MEMORY_2_Config3_WriteValue not found: check if there is a RefParameter without a condition.
2025-10-05 18:00:05,090 [WARN] IP:2250 - RefParam_MEMORY_2_Config3_RegAddress not found: check if there is a RefParameter without a condition.
2025-10-05 18:02:18,931 [INFO] NvicIntPanel:101 - NVIC parent = com.st.microxplorer.plugins.ip.nvic.MultiNvicIntPanel[,0,0,499x270,layout=javax.swing.BoxLayout,alignmentX=0.0,alignmentY=0.0,border=,flags=9,maximumSize=,minimumSize=,preferredSize=]
2025-10-05 18:05:31,524 [INFO] NvicIntPanel:101 - NVIC parent = com.st.microxplorer.plugins.ip.nvic.MultiNvicIntPanel[,0,0,499x270,layout=javax.swing.BoxLayout,alignmentX=0.0,alignmentY=0.0,border=,flags=9,maximumSize=,minimumSize=,preferredSize=]
2025-10-05 18:07:00,576 [WARN] IP:2250 - RefParam_XIP_memory not found: check if there is a RefParameter without a condition.
2025-10-05 18:07:00,576 [WARN] IP:2250 - RefParam_MEMORY_1_Size not found: check if there is a RefParameter without a condition.
2025-10-05 18:07:00,576 [WARN] IP:2250 - RefParam_MEMORY_1_FreqMax not found: check if there is a RefParameter without a condition.
2025-10-05 18:07:00,576 [WARN] IP:2250 - RefParam_MEMORY_1_ReadReg not found: check if there is a RefParameter without a condition.
2025-10-05 18:07:00,576 [WARN] IP:2250 - RefParam_MEMORY_1_WriteReg not found: check if there is a RefParameter without a condition.
2025-10-05 18:07:00,576 [WARN] IP:2250 - RefParam_MEMORY_1_RegSize not found: check if there is a RefParameter without a condition.
2025-10-05 18:07:00,576 [WARN] IP:2250 - RefParam_MEMORY_1_RegDummyCycle not found: check if there is a RefParameter without a condition.
2025-10-05 18:07:00,576 [WARN] IP:2250 - RefParam_MEMORY_1_WriteCommand not found: check if there is a RefParameter without a condition.
2025-10-05 18:07:00,576 [WARN] IP:2250 - RefParam_MEMORY_1_WriteDummyCycle not found: check if there is a RefParameter without a condition.
2025-10-05 18:07:00,576 [WARN] IP:2250 - RefParam_MEMORY_1_ReadCommand not found: check if there is a RefParameter without a condition.
2025-10-05 18:07:00,576 [WARN] IP:2250 - RefParam_MEMORY_1_WrapReadCommand not found: check if there is a RefParameter without a condition.
2025-10-05 18:07:00,576 [WARN] IP:2250 - RefParam_MEMORY_1_ReadDummyCycle not found: check if there is a RefParameter without a condition.
2025-10-05 18:07:00,576 [WARN] IP:2250 - RefParam_MEMORY_1_NumberOfConfig not found: check if there is a RefParameter without a condition.
2025-10-05 18:07:00,577 [WARN] IP:2250 - RefParam_MEMORY_1_Config1_WriteMask not found: check if there is a RefParameter without a condition.
2025-10-05 18:07:00,577 [WARN] IP:2250 - RefParam_MEMORY_1_Config1_WriteValue not found: check if there is a RefParameter without a condition.
2025-10-05 18:07:00,577 [WARN] IP:2250 - RefParam_MEMORY_1_Config1_RegAddress not found: check if there is a RefParameter without a condition.
2025-10-05 18:07:00,577 [WARN] IP:2250 - RefParam_MEMORY_1_Config2_WriteMask not found: check if there is a RefParameter without a condition.
2025-10-05 18:07:00,577 [WARN] IP:2250 - RefParam_MEMORY_1_Config2_WriteValue not found: check if there is a RefParameter without a condition.
2025-10-05 18:07:00,577 [WARN] IP:2250 - RefParam_MEMORY_1_Config2_RegAddress not found: check if there is a RefParameter without a condition.
2025-10-05 18:07:00,577 [WARN] IP:2250 - RefParam_MEMORY_1_Config3_WriteMask not found: check if there is a RefParameter without a condition.
2025-10-05 18:07:00,577 [WARN] IP:2250 - RefParam_MEMORY_1_Config3_WriteValue not found: check if there is a RefParameter without a condition.
2025-10-05 18:07:00,577 [WARN] IP:2250 - RefParam_MEMORY_1_Config3_RegAddress not found: check if there is a RefParameter without a condition.
2025-10-05 18:07:00,577 [WARN] IP:2250 - RefParam_MEMORY_2_Instance not found: check if there is a RefParameter without a condition.
2025-10-05 18:07:00,577 [WARN] IP:2250 - RefParam_MEMORY_2_ConfigType not found: check if there is a RefParameter without a condition.
2025-10-05 18:07:00,577 [WARN] IP:2250 - RefParam_MEMORY_2_Size not found: check if there is a RefParameter without a condition.
2025-10-05 18:07:00,577 [WARN] IP:2250 - RefParam_MEMORY_2_FreqMax not found: check if there is a RefParameter without a condition.
2025-10-05 18:07:00,577 [WARN] IP:2250 - RefParam_MEMORY_2_ReadReg not found: check if there is a RefParameter without a condition.
2025-10-05 18:07:00,577 [WARN] IP:2250 - RefParam_MEMORY_2_WriteReg not found: check if there is a RefParameter without a condition.
2025-10-05 18:07:00,577 [WARN] IP:2250 - RefParam_MEMORY_2_RegSize not found: check if there is a RefParameter without a condition.
2025-10-05 18:07:00,577 [WARN] IP:2250 - RefParam_MEMORY_2_RegDummyCycle not found: check if there is a RefParameter without a condition.
2025-10-05 18:07:00,577 [WARN] IP:2250 - RefParam_MEMORY_2_WriteCommand not found: check if there is a RefParameter without a condition.
2025-10-05 18:07:00,577 [WARN] IP:2250 - RefParam_MEMORY_2_WriteDummyCycle not found: check if there is a RefParameter without a condition.
2025-10-05 18:07:00,577 [WARN] IP:2250 - RefParam_MEMORY_2_ReadCommand not found: check if there is a RefParameter without a condition.
2025-10-05 18:07:00,577 [WARN] IP:2250 - RefParam_MEMORY_2_WrapReadCommand not found: check if there is a RefParameter without a condition.
2025-10-05 18:07:00,577 [WARN] IP:2250 - RefParam_MEMORY_2_ReadDummyCycle not found: check if there is a RefParameter without a condition.
2025-10-05 18:07:00,577 [WARN] IP:2250 - RefParam_MEMORY_2_NumberOfConfig not found: check if there is a RefParameter without a condition.
2025-10-05 18:07:00,577 [WARN] IP:2250 - RefParam_MEMORY_2_Config1_WriteMask not found: check if there is a RefParameter without a condition.
2025-10-05 18:07:00,577 [WARN] IP:2250 - RefParam_MEMORY_2_Config1_WriteValue not found: check if there is a RefParameter without a condition.
2025-10-05 18:07:00,577 [WARN] IP:2250 - RefParam_MEMORY_2_Config1_RegAddress not found: check if there is a RefParameter without a condition.
2025-10-05 18:07:00,577 [WARN] IP:2250 - RefParam_MEMORY_2_Config2_WriteMask not found: check if there is a RefParameter without a condition.
2025-10-05 18:07:00,577 [WARN] IP:2250 - RefParam_MEMORY_2_Config2_WriteValue not found: check if there is a RefParameter without a condition.
2025-10-05 18:07:00,577 [WARN] IP:2250 - RefParam_MEMORY_2_Config2_RegAddress not found: check if there is a RefParameter without a condition.
2025-10-05 18:07:00,577 [WARN] IP:2250 - RefParam_MEMORY_2_Config3_WriteMask not found: check if there is a RefParameter without a condition.
2025-10-05 18:07:00,577 [WARN] IP:2250 - RefParam_MEMORY_2_Config3_WriteValue not found: check if there is a RefParameter without a condition.
2025-10-05 18:07:00,577 [WARN] IP:2250 - RefParam_MEMORY_2_Config3_RegAddress not found: check if there is a RefParameter without a condition.
2025-10-05 18:07:00,792 [INFO] NvicIntPanel:101 - NVIC parent = com.st.microxplorer.plugins.ip.nvic.MultiNvicIntPanel[,0,0,0x0,invalid,layout=javax.swing.BoxLayout,alignmentX=0.0,alignmentY=0.0,border=,flags=9,maximumSize=,minimumSize=,preferredSize=]
2025-10-05 18:07:59,372 [WARN] IpParametersView:155 - Warning: This peripheral hasn't parameters
2025-10-05 20:32:14,880 [INFO] NvicIntPanel:101 - NVIC parent = com.st.microxplorer.plugins.ip.nvic.MultiNvicIntPanel[,0,0,0x0,invalid,layout=javax.swing.BoxLayout,alignmentX=0.0,alignmentY=0.0,border=,flags=9,maximumSize=,minimumSize=,preferredSize=]
2025-10-05 20:32:21,631 [WARN] IpParametersView:155 - Warning: This peripheral hasn't parameters
2025-10-05 21:05:34,596 [INFO] NvicIntPanel:101 - NVIC parent = com.st.microxplorer.plugins.ip.nvic.MultiNvicIntPanel[,0,0,763x289,layout=javax.swing.BoxLayout,alignmentX=0.0,alignmentY=0.0,border=,flags=9,maximumSize=,minimumSize=,preferredSize=]
2025-10-05 21:23:08,386 [INFO] Gpio:278 - dependency for GPIO [LPUART1, TIM1, XSPI2]
2025-10-05 21:23:14,954 [INFO] NvicIntPanel:101 - NVIC parent = com.st.microxplorer.plugins.ip.nvic.MultiNvicIntPanel[,2,65,334x637,layout=javax.swing.BoxLayout,alignmentX=0.0,alignmentY=0.0,border=,flags=9,maximumSize=,minimumSize=,preferredSize=]
2025-10-05 21:23:14,961 [INFO] NvicIntPanel:101 - NVIC parent = com.st.microxplorer.plugins.ip.nvic.MultiNvicIntPanel[,2,65,334x637,invalid,layout=javax.swing.BoxLayout,alignmentX=0.0,alignmentY=0.0,border=,flags=9,maximumSize=,minimumSize=,preferredSize=]
2025-10-05 21:30:09,188 [WARN] IP:2250 - RefParam_XIP_memory not found: check if there is a RefParameter without a condition.
2025-10-05 21:30:09,189 [WARN] IP:2250 - RefParam_MEMORY_1_Size not found: check if there is a RefParameter without a condition.
2025-10-05 21:30:09,189 [WARN] IP:2250 - RefParam_MEMORY_1_FreqMax not found: check if there is a RefParameter without a condition.
2025-10-05 21:30:09,189 [WARN] IP:2250 - RefParam_MEMORY_1_ReadReg not found: check if there is a RefParameter without a condition.
2025-10-05 21:30:09,189 [WARN] IP:2250 - RefParam_MEMORY_1_WriteReg not found: check if there is a RefParameter without a condition.
2025-10-05 21:30:09,189 [WARN] IP:2250 - RefParam_MEMORY_1_RegSize not found: check if there is a RefParameter without a condition.
2025-10-05 21:30:09,189 [WARN] IP:2250 - RefParam_MEMORY_1_RegDummyCycle not found: check if there is a RefParameter without a condition.
2025-10-05 21:30:09,189 [WARN] IP:2250 - RefParam_MEMORY_1_WriteCommand not found: check if there is a RefParameter without a condition.
2025-10-05 21:30:09,189 [WARN] IP:2250 - RefParam_MEMORY_1_WriteDummyCycle not found: check if there is a RefParameter without a condition.
2025-10-05 21:30:09,189 [WARN] IP:2250 - RefParam_MEMORY_1_ReadCommand not found: check if there is a RefParameter without a condition.
2025-10-05 21:30:09,189 [WARN] IP:2250 - RefParam_MEMORY_1_WrapReadCommand not found: check if there is a RefParameter without a condition.
2025-10-05 21:30:09,189 [WARN] IP:2250 - RefParam_MEMORY_1_ReadDummyCycle not found: check if there is a RefParameter without a condition.
2025-10-05 21:30:09,190 [WARN] IP:2250 - RefParam_MEMORY_1_NumberOfConfig not found: check if there is a RefParameter without a condition.
2025-10-05 21:30:09,190 [WARN] IP:2250 - RefParam_MEMORY_1_Config1_WriteMask not found: check if there is a RefParameter without a condition.
2025-10-05 21:30:09,190 [WARN] IP:2250 - RefParam_MEMORY_1_Config1_WriteValue not found: check if there is a RefParameter without a condition.
2025-10-05 21:30:09,190 [WARN] IP:2250 - RefParam_MEMORY_1_Config1_RegAddress not found: check if there is a RefParameter without a condition.
2025-10-05 21:30:09,190 [WARN] IP:2250 - RefParam_MEMORY_1_Config2_WriteMask not found: check if there is a RefParameter without a condition.
2025-10-05 21:30:09,190 [WARN] IP:2250 - RefParam_MEMORY_1_Config2_WriteValue not found: check if there is a RefParameter without a condition.
2025-10-05 21:30:09,190 [WARN] IP:2250 - RefParam_MEMORY_1_Config2_RegAddress not found: check if there is a RefParameter without a condition.
2025-10-05 21:30:09,190 [WARN] IP:2250 - RefParam_MEMORY_1_Config3_WriteMask not found: check if there is a RefParameter without a condition.
2025-10-05 21:30:09,190 [WARN] IP:2250 - RefParam_MEMORY_1_Config3_WriteValue not found: check if there is a RefParameter without a condition.
2025-10-05 21:30:09,191 [WARN] IP:2250 - RefParam_MEMORY_1_Config3_RegAddress not found: check if there is a RefParameter without a condition.
2025-10-05 21:30:09,191 [WARN] IP:2250 - RefParam_MEMORY_2_Instance not found: check if there is a RefParameter without a condition.
2025-10-05 21:30:09,191 [WARN] IP:2250 - RefParam_MEMORY_2_ConfigType not found: check if there is a RefParameter without a condition.
2025-10-05 21:30:09,191 [WARN] IP:2250 - RefParam_MEMORY_2_Size not found: check if there is a RefParameter without a condition.
2025-10-05 21:30:09,191 [WARN] IP:2250 - RefParam_MEMORY_2_FreqMax not found: check if there is a RefParameter without a condition.
2025-10-05 21:30:09,191 [WARN] IP:2250 - RefParam_MEMORY_2_ReadReg not found: check if there is a RefParameter without a condition.
2025-10-05 21:30:09,191 [WARN] IP:2250 - RefParam_MEMORY_2_WriteReg not found: check if there is a RefParameter without a condition.
2025-10-05 21:30:09,191 [WARN] IP:2250 - RefParam_MEMORY_2_RegSize not found: check if there is a RefParameter without a condition.
2025-10-05 21:30:09,191 [WARN] IP:2250 - RefParam_MEMORY_2_RegDummyCycle not found: check if there is a RefParameter without a condition.
2025-10-05 21:30:09,191 [WARN] IP:2250 - RefParam_MEMORY_2_WriteCommand not found: check if there is a RefParameter without a condition.
2025-10-05 21:30:09,191 [WARN] IP:2250 - RefParam_MEMORY_2_WriteDummyCycle not found: check if there is a RefParameter without a condition.
2025-10-05 21:30:09,191 [WARN] IP:2250 - RefParam_MEMORY_2_ReadCommand not found: check if there is a RefParameter without a condition.
2025-10-05 21:30:09,191 [WARN] IP:2250 - RefParam_MEMORY_2_WrapReadCommand not found: check if there is a RefParameter without a condition.
2025-10-05 21:30:09,191 [WARN] IP:2250 - RefParam_MEMORY_2_ReadDummyCycle not found: check if there is a RefParameter without a condition.
2025-10-05 21:30:09,191 [WARN] IP:2250 - RefParam_MEMORY_2_NumberOfConfig not found: check if there is a RefParameter without a condition.
2025-10-05 21:30:09,191 [WARN] IP:2250 - RefParam_MEMORY_2_Config1_WriteMask not found: check if there is a RefParameter without a condition.
2025-10-05 21:30:09,191 [WARN] IP:2250 - RefParam_MEMORY_2_Config1_WriteValue not found: check if there is a RefParameter without a condition.
2025-10-05 21:30:09,192 [WARN] IP:2250 - RefParam_MEMORY_2_Config1_RegAddress not found: check if there is a RefParameter without a condition.
2025-10-05 21:30:09,192 [WARN] IP:2250 - RefParam_MEMORY_2_Config2_WriteMask not found: check if there is a RefParameter without a condition.
2025-10-05 21:30:09,192 [WARN] IP:2250 - RefParam_MEMORY_2_Config2_WriteValue not found: check if there is a RefParameter without a condition.
2025-10-05 21:30:09,192 [WARN] IP:2250 - RefParam_MEMORY_2_Config2_RegAddress not found: check if there is a RefParameter without a condition.
2025-10-05 21:30:09,192 [WARN] IP:2250 - RefParam_MEMORY_2_Config3_WriteMask not found: check if there is a RefParameter without a condition.
2025-10-05 21:30:09,192 [WARN] IP:2250 - RefParam_MEMORY_2_Config3_WriteValue not found: check if there is a RefParameter without a condition.
2025-10-05 21:30:09,192 [WARN] IP:2250 - RefParam_MEMORY_2_Config3_RegAddress not found: check if there is a RefParameter without a condition.
2025-10-05 21:31:03,573 [INFO] UtilMem:75 - End SaveConfig() Used Memory: 722500784 Bytes (1073741824)
2025-10-05 21:31:04,857 [INFO] UtilMem:75 - End SaveConfig() Used Memory: 758674608 Bytes (1073741824)
2025-10-05 21:31:05,015 [ERROR] IocParser:95 - Exception caught: Cannot invoke "java.lang.CharSequence.length()" because "this.text" is null
2025-10-05 21:31:07,630 [INFO] UtilMem:75 - End SaveConfig() Used Memory: 981556448 Bytes (1073741824)
2025-10-05 21:31:08,468 [ERROR] IocParser:95 - Exception caught: Cannot invoke "java.lang.CharSequence.length()" because "this.text" is null
2025-10-05 21:31:08,783 [INFO] BlockDiagram:2775 - set Specific Code input for plugin: EXTMEM_MANAGER
2025-10-05 21:31:08,783 [INFO] BlockDiagram:2775 - set Specific Code input for plugin: RAMCFG
2025-10-05 21:31:08,783 [INFO] BlockDiagram:2775 - set Specific Code input for plugin: RCC
2025-10-05 21:31:08,783 [INFO] BlockDiagram:2775 - set Specific Code input for plugin: CORTEX_M55_FSBL
2025-10-05 21:31:08,783 [INFO] BlockDiagram:2775 - set Specific Code input for plugin: XSPIM
2025-10-05 21:31:08,783 [INFO] BlockDiagram:2775 - set Specific Code input for plugin: STMicroelectronics.X-CUBE-AI.10.2.0
2025-10-05 21:31:08,783 [INFO] BlockDiagram:2775 - set Specific Code input for plugin: XSPI
2025-10-05 21:31:08,783 [INFO] BlockDiagram:2775 - set Specific Code input for plugin: NUCLEO-N657X0-Q
2025-10-05 21:31:08,784 [INFO] BlockDiagram:2775 - set Specific Code input for plugin: TIM1_8N6
2025-10-05 21:31:08,784 [INFO] BlockDiagram:2775 - set Specific Code input for plugin: CACHEAXI
2025-10-05 21:31:08,784 [INFO] BlockDiagram:2775 - set Specific Code input for plugin: BSEC
2025-10-05 21:31:08,784 [INFO] BlockDiagram:2775 - set Specific Code input for plugin: LPUART
2025-10-05 21:31:08,784 [INFO] BlockDiagram:2775 - set Specific Code input for plugin: NVIC
2025-10-05 21:31:08,784 [INFO] BlockDiagram:2775 - set Specific Code input for plugin: GPIO
2025-10-05 21:31:08,784 [INFO] BlockDiagram:2775 - set Specific Code input for plugin: RIF
2025-10-05 21:31:08,784 [INFO] BlockDiagram:2775 - set Specific Code input for plugin: NVIC1
2025-10-05 21:31:08,786 [INFO] CodeGenerator:892 - code generatio: config db path: C:\ST\STM32CubeIDE_1.19.0\STM32CubeIDE\plugins\com.st.stm32cube.common.mx_6.15.0.202507011659\\db\
2025-10-05 21:31:08,799 [WARN] IP:2250 - RefParam_XIP_memory not found: check if there is a RefParameter without a condition.
2025-10-05 21:31:08,800 [WARN] IP:2250 - RefParam_MEMORY_1_Size not found: check if there is a RefParameter without a condition.
2025-10-05 21:31:08,800 [WARN] IP:2250 - RefParam_MEMORY_1_FreqMax not found: check if there is a RefParameter without a condition.
2025-10-05 21:31:08,800 [WARN] IP:2250 - RefParam_MEMORY_1_ReadReg not found: check if there is a RefParameter without a condition.
2025-10-05 21:31:08,800 [WARN] IP:2250 - RefParam_MEMORY_1_WriteReg not found: check if there is a RefParameter without a condition.
2025-10-05 21:31:08,800 [WARN] IP:2250 - RefParam_MEMORY_1_RegSize not found: check if there is a RefParameter without a condition.
2025-10-05 21:31:08,800 [WARN] IP:2250 - RefParam_MEMORY_1_RegDummyCycle not found: check if there is a RefParameter without a condition.
2025-10-05 21:31:08,800 [WARN] IP:2250 - RefParam_MEMORY_1_WriteCommand not found: check if there is a RefParameter without a condition.
2025-10-05 21:31:08,801 [WARN] IP:2250 - RefParam_MEMORY_1_WriteDummyCycle not found: check if there is a RefParameter without a condition.
2025-10-05 21:31:08,801 [WARN] IP:2250 - RefParam_MEMORY_1_ReadCommand not found: check if there is a RefParameter without a condition.
2025-10-05 21:31:08,801 [WARN] IP:2250 - RefParam_MEMORY_1_WrapReadCommand not found: check if there is a RefParameter without a condition.
2025-10-05 21:31:08,801 [WARN] IP:2250 - RefParam_MEMORY_1_ReadDummyCycle not found: check if there is a RefParameter without a condition.
2025-10-05 21:31:08,801 [WARN] IP:2250 - RefParam_MEMORY_1_NumberOfConfig not found: check if there is a RefParameter without a condition.
2025-10-05 21:31:08,801 [WARN] IP:2250 - RefParam_MEMORY_1_Config1_WriteMask not found: check if there is a RefParameter without a condition.
2025-10-05 21:31:08,801 [WARN] IP:2250 - RefParam_MEMORY_1_Config1_WriteValue not found: check if there is a RefParameter without a condition.
2025-10-05 21:31:08,801 [WARN] IP:2250 - RefParam_MEMORY_1_Config1_RegAddress not found: check if there is a RefParameter without a condition.
2025-10-05 21:31:08,801 [WARN] IP:2250 - RefParam_MEMORY_1_Config2_WriteMask not found: check if there is a RefParameter without a condition.
2025-10-05 21:31:08,802 [WARN] IP:2250 - RefParam_MEMORY_1_Config2_WriteValue not found: check if there is a RefParameter without a condition.
2025-10-05 21:31:08,802 [WARN] IP:2250 - RefParam_MEMORY_1_Config2_RegAddress not found: check if there is a RefParameter without a condition.
2025-10-05 21:31:08,802 [WARN] IP:2250 - RefParam_MEMORY_1_Config3_WriteMask not found: check if there is a RefParameter without a condition.
2025-10-05 21:31:08,802 [WARN] IP:2250 - RefParam_MEMORY_1_Config3_WriteValue not found: check if there is a RefParameter without a condition.
2025-10-05 21:31:08,802 [WARN] IP:2250 - RefParam_MEMORY_1_Config3_RegAddress not found: check if there is a RefParameter without a condition.
2025-10-05 21:31:08,803 [WARN] IP:2250 - RefParam_MEMORY_2_Instance not found: check if there is a RefParameter without a condition.
2025-10-05 21:31:08,803 [WARN] IP:2250 - RefParam_MEMORY_2_ConfigType not found: check if there is a RefParameter without a condition.
2025-10-05 21:31:08,804 [WARN] IP:2250 - RefParam_MEMORY_2_Size not found: check if there is a RefParameter without a condition.
2025-10-05 21:31:08,804 [WARN] IP:2250 - RefParam_MEMORY_2_FreqMax not found: check if there is a RefParameter without a condition.
2025-10-05 21:31:08,804 [WARN] IP:2250 - RefParam_MEMORY_2_ReadReg not found: check if there is a RefParameter without a condition.
2025-10-05 21:31:08,804 [WARN] IP:2250 - RefParam_MEMORY_2_WriteReg not found: check if there is a RefParameter without a condition.
2025-10-05 21:31:08,804 [WARN] IP:2250 - RefParam_MEMORY_2_RegSize not found: check if there is a RefParameter without a condition.
2025-10-05 21:31:08,804 [WARN] IP:2250 - RefParam_MEMORY_2_RegDummyCycle not found: check if there is a RefParameter without a condition.
2025-10-05 21:31:08,804 [WARN] IP:2250 - RefParam_MEMORY_2_WriteCommand not found: check if there is a RefParameter without a condition.
2025-10-05 21:31:08,804 [WARN] IP:2250 - RefParam_MEMORY_2_WriteDummyCycle not found: check if there is a RefParameter without a condition.
2025-10-05 21:31:08,804 [WARN] IP:2250 - RefParam_MEMORY_2_ReadCommand not found: check if there is a RefParameter without a condition.
2025-10-05 21:31:08,804 [WARN] IP:2250 - RefParam_MEMORY_2_WrapReadCommand not found: check if there is a RefParameter without a condition.
2025-10-05 21:31:08,805 [WARN] IP:2250 - RefParam_MEMORY_2_ReadDummyCycle not found: check if there is a RefParameter without a condition.
2025-10-05 21:31:08,805 [WARN] IP:2250 - RefParam_MEMORY_2_NumberOfConfig not found: check if there is a RefParameter without a condition.
2025-10-05 21:31:08,805 [WARN] IP:2250 - RefParam_MEMORY_2_Config1_WriteMask not found: check if there is a RefParameter without a condition.
2025-10-05 21:31:08,805 [WARN] IP:2250 - RefParam_MEMORY_2_Config1_WriteValue not found: check if there is a RefParameter without a condition.
2025-10-05 21:31:08,805 [WARN] IP:2250 - RefParam_MEMORY_2_Config1_RegAddress not found: check if there is a RefParameter without a condition.
2025-10-05 21:31:08,805 [WARN] IP:2250 - RefParam_MEMORY_2_Config2_WriteMask not found: check if there is a RefParameter without a condition.
2025-10-05 21:31:08,805 [WARN] IP:2250 - RefParam_MEMORY_2_Config2_WriteValue not found: check if there is a RefParameter without a condition.
2025-10-05 21:31:08,805 [WARN] IP:2250 - RefParam_MEMORY_2_Config2_RegAddress not found: check if there is a RefParameter without a condition.
2025-10-05 21:31:08,805 [WARN] IP:2250 - RefParam_MEMORY_2_Config3_WriteMask not found: check if there is a RefParameter without a condition.
2025-10-05 21:31:08,805 [WARN] IP:2250 - RefParam_MEMORY_2_Config3_WriteValue not found: check if there is a RefParameter without a condition.
2025-10-05 21:31:08,805 [WARN] IP:2250 - RefParam_MEMORY_2_Config3_RegAddress not found: check if there is a RefParameter without a condition.
2025-10-05 21:31:08,915 [INFO] Middleware:1452 - No code input for Bsp Dependency
2025-10-05 21:31:08,917 [INFO] Middleware:1452 - No code input for Bsp Dependency
2025-10-05 21:31:08,918 [INFO] Middleware:1452 - No code input for Bsp Dependency
2025-10-05 21:31:08,919 [INFO] Middleware:1452 - No code input for Bsp Dependency
2025-10-05 21:31:08,920 [INFO] Middleware:1452 - No code input for Bsp Dependency
2025-10-05 21:31:08,920 [INFO] IP:3329 - RTE Config file name : RTE_Component
2025-10-05 21:31:08,920 [INFO] IP:3347 - RTE template : RTE_Components.ftl
2025-10-05 21:31:08,921 [INFO] Middleware:1452 - No code input for Bsp Dependency
2025-10-05 21:31:08,922 [INFO] Middleware:1452 - No code input for Bsp Dependency
2025-10-05 21:31:08,923 [INFO] Middleware:1452 - No code input for Bsp Dependency
2025-10-05 21:31:08,923 [INFO] CodeGenerator:1619 - *******************Project context FSBL selected
2025-10-05 21:31:08,998 [INFO] CodeEngine:265 - oldGeneratedFile, C:\ST\AB_LSTM\AB_LSTM\MXTmpFiles\license.tmp_save
2025-10-05 21:31:09,223 [INFO] CodeEngine:289 - Generated code: C:\ST\AB_LSTM\AB_LSTM\MXTmpFiles\license.tmp
2025-10-05 21:31:09,337 [INFO] CodeEngine:265 - oldGeneratedFile, C:\ST\AB_LSTM\AB_LSTM\FSBL\MXTmpFiles\gpio.tmp_save
2025-10-05 21:31:09,466 [INFO] CodeEngine:289 - Generated code: C:\ST\AB_LSTM\AB_LSTM\FSBL\MXTmpFiles\gpio.tmp
2025-10-05 21:31:09,925 [WARN] IPConfigManager:103 - WARNING: Missing Config File for XSPIM ip!!
2025-10-05 21:31:09,982 [INFO] Middleware:1452 - No code input for Bsp Dependency
2025-10-05 21:31:09,995 [INFO] CodeEngine:265 - oldGeneratedFile, C:\ST\AB_LSTM\AB_LSTM\FSBL\MXTmpFiles\boot_code.tmp_save
2025-10-05 21:31:10,117 [INFO] CodeEngine:289 - Generated code: C:\ST\AB_LSTM\AB_LSTM\FSBL\MXTmpFiles\boot_code.tmp
2025-10-05 21:31:10,140 [INFO] CodeEngine:265 - oldGeneratedFile, C:\ST\AB_LSTM\AB_LSTM\FSBL\MXTmpFiles\cortex.tmp_save
2025-10-05 21:31:10,253 [INFO] CodeEngine:289 - Generated code: C:\ST\AB_LSTM\AB_LSTM\FSBL\MXTmpFiles\cortex.tmp
2025-10-05 21:31:10,267 [INFO] Middleware:1452 - No code input for Bsp Dependency
2025-10-05 21:31:10,277 [INFO] CodeEngine:265 - oldGeneratedFile, C:\ST\AB_LSTM\AB_LSTM\FSBL\Core\Inc\extmem_manager.h_save
2025-10-05 21:31:10,388 [INFO] CodeEngine:289 - Generated code: C:\ST\AB_LSTM\AB_LSTM\FSBL\Core\Inc\extmem_manager.h
2025-10-05 21:31:10,396 [INFO] CodeEngine:265 - oldGeneratedFile, C:\ST\AB_LSTM\AB_LSTM\FSBL\Core\Src\extmem_manager.c_save
2025-10-05 21:31:10,510 [INFO] CodeEngine:289 - Generated code: C:\ST\AB_LSTM\AB_LSTM\FSBL\Core\Src\extmem_manager.c
2025-10-05 21:31:10,521 [INFO] CodeEngine:265 - oldGeneratedFile, C:\ST\AB_LSTM\AB_LSTM\FSBL\Core\Inc\stm32_extmem_conf.h_save
2025-10-05 21:31:10,631 [INFO] CodeEngine:289 - Generated code: C:\ST\AB_LSTM\AB_LSTM\FSBL\Core\Inc\stm32_extmem_conf.h
2025-10-05 21:31:10,639 [INFO] CodeEngine:265 - oldGeneratedFile, C:\ST\AB_LSTM\AB_LSTM\FSBL\MXTmpFiles\boot_code.tmp_save
2025-10-05 21:31:10,676 [INFO] CodeEngine:289 - Generated code: C:\ST\AB_LSTM\AB_LSTM\FSBL\MXTmpFiles\boot_code.tmp
2025-10-05 21:31:10,712 [INFO] CodeEngine:265 - oldGeneratedFile, C:\ST\AB_LSTM\AB_LSTM\FSBL\Core\Src\stm32n6xx_it.c_save
2025-10-05 21:31:10,926 [INFO] CodeEngine:289 - Generated code: C:\ST\AB_LSTM\AB_LSTM\FSBL\Core\Src\stm32n6xx_it.c
2025-10-05 21:31:10,935 [INFO] CodeEngine:265 - oldGeneratedFile, C:\ST\AB_LSTM\AB_LSTM\FSBL\Core\Inc\stm32n6xx_it.h_save
2025-10-05 21:31:11,014 [INFO] CodeEngine:289 - Generated code: C:\ST\AB_LSTM\AB_LSTM\FSBL\Core\Inc\stm32n6xx_it.h
2025-10-05 21:31:11,233 [INFO] CodeEngine:265 - oldGeneratedFile, C:\ST\AB_LSTM\AB_LSTM\FSBL\Core\Src\stm32n6xx_hal_msp.c_save
2025-10-05 21:31:11,438 [INFO] CodeEngine:289 - Generated code: C:\ST\AB_LSTM\AB_LSTM\FSBL\Core\Src\stm32n6xx_hal_msp.c
2025-10-05 21:31:11,453 [INFO] CodeEngine:265 - oldGeneratedFile, C:\ST\AB_LSTM\AB_LSTM\FSBL\MXTmpFiles\system.tmp_save
2025-10-05 21:31:11,508 [INFO] CodeEngine:289 - Generated code: C:\ST\AB_LSTM\AB_LSTM\FSBL\MXTmpFiles\system.tmp
2025-10-05 21:31:11,536 [INFO] CodeEngine:321 - oldGeneratedFile, C:\ST\AB_LSTM\AB_LSTM\FSBL\Core\Inc\stm32n6xx_hal_conf.h_save
2025-10-05 21:31:11,667 [INFO] CodeEngine:345 - Generated code: C:\ST\AB_LSTM\AB_LSTM\FSBL\Core\Inc\stm32n6xx_hal_conf.h
2025-10-05 21:31:11,690 [WARN] IPConfigManager:3238 - Warning: the RefConfig RCC_ConfigVoltageScaling is not available in your config.xml file
2025-10-05 21:31:11,697 [WARN] IPConfigManager:3238 - Warning: the RefConfig RCC_RTC_HSEDIV is not available in your config.xml file
2025-10-05 21:31:11,712 [INFO] ApiDbMcu:532 - Load IP Config File for BSEC
2025-10-05 21:31:11,715 [INFO] ApiDbMcu:532 - Load IP Config File for XSPI2
2025-10-05 21:31:11,716 [ERROR] ApiDbMcu:560 - Cannot parse XSPIM_Config file : file do not exist
2025-10-05 21:31:11,720 [INFO] ApiDbMcu:532 - Load IP Config File for RCC
2025-10-05 21:31:11,739 [INFO] CodeEngine:265 - oldGeneratedFile, C:\ST\AB_LSTM\AB_LSTM\FSBL\Core\Inc\main.h_save
2025-10-05 21:31:11,890 [INFO] CodeEngine:289 - Generated code: C:\ST\AB_LSTM\AB_LSTM\FSBL\Core\Inc\main.h
2025-10-05 21:31:11,898 [INFO] CodeEngine:265 - oldGeneratedFile, C:\ST\AB_LSTM\AB_LSTM\FSBL\Core\Src\main.c_save
2025-10-05 21:31:12,064 [INFO] CodeEngine:289 - Generated code: C:\ST\AB_LSTM\AB_LSTM\FSBL\Core\Src\main.c
2025-10-05 21:31:12,115 [INFO] CodeGenerator:1619 - *******************Project context Appli selected
2025-10-05 21:31:12,150 [INFO] IP:3329 - RTE Config file name : RTE_Component
2025-10-05 21:31:12,150 [INFO] IP:3347 - RTE template : RTE_Components.ftl
2025-10-05 21:31:12,160 [INFO] CodeEngine:265 - oldGeneratedFile, C:\ST\AB_LSTM\AB_LSTM\MXTmpFiles\license.tmp_save
2025-10-05 21:31:12,239 [INFO] CodeEngine:289 - Generated code: C:\ST\AB_LSTM\AB_LSTM\MXTmpFiles\license.tmp
2025-10-05 21:31:12,266 [INFO] CodeEngine:265 - oldGeneratedFile, C:\ST\AB_LSTM\AB_LSTM\Appli\MXTmpFiles\gpio.tmp_save
2025-10-05 21:31:12,365 [INFO] CodeEngine:289 - Generated code: C:\ST\AB_LSTM\AB_LSTM\Appli\MXTmpFiles\gpio.tmp
2025-10-05 21:31:12,540 [WARN] IPConfigManager:103 - WARNING: Missing Config File for NVIC ip!!
2025-10-05 21:31:12,698 [INFO] Middleware:1452 - No code input for Bsp Dependency
2025-10-05 21:31:12,699 [INFO] Middleware:1452 - No code input for Bsp Dependency
2025-10-05 21:31:12,699 [INFO] IP:3329 - RTE Config file name : RTE_Component
2025-10-05 21:31:12,699 [INFO] IP:3347 - RTE template : RTE_Components.ftl
2025-10-05 21:31:12,706 [INFO] CodeEngine:265 - oldGeneratedFile, C:\ST\AB_LSTM\AB_LSTM\Appli\MXTmpFiles\cortex.tmp_save
2025-10-05 21:31:12,770 [INFO] CodeEngine:289 - Generated code: C:\ST\AB_LSTM\AB_LSTM\Appli\MXTmpFiles\cortex.tmp
2025-10-05 21:31:12,805 [INFO] CodeEngine:265 - oldGeneratedFile, C:\ST\AB_LSTM\AB_LSTM\Appli\Core\Inc\stm32n6xx_nucleo_conf.h_save
2025-10-05 21:31:12,898 [INFO] CodeEngine:289 - Generated code: C:\ST\AB_LSTM\AB_LSTM\Appli\Core\Inc\stm32n6xx_nucleo_conf.h
2025-10-05 21:31:12,905 [INFO] CodeEngine:265 - oldGeneratedFile, C:\ST\AB_LSTM\AB_LSTM\Appli\MXTmpFiles\bsp_inc.tmp_save
2025-10-05 21:31:12,952 [INFO] CodeEngine:289 - Generated code: C:\ST\AB_LSTM\AB_LSTM\Appli\MXTmpFiles\bsp_inc.tmp
2025-10-05 21:31:12,964 [INFO] CodeEngine:265 - oldGeneratedFile, C:\ST\AB_LSTM\AB_LSTM\Appli\MXTmpFiles\bsp_common_vars.tmp_save
2025-10-05 21:31:13,004 [INFO] CodeEngine:289 - Generated code: C:\ST\AB_LSTM\AB_LSTM\Appli\MXTmpFiles\bsp_common_vars.tmp
2025-10-05 21:31:13,008 [INFO] CodeEngine:265 - oldGeneratedFile, C:\ST\AB_LSTM\AB_LSTM\Appli\MXTmpFiles\bsp_common_init.tmp_save
2025-10-05 21:31:13,054 [INFO] CodeEngine:289 - Generated code: C:\ST\AB_LSTM\AB_LSTM\Appli\MXTmpFiles\bsp_common_init.tmp
2025-10-05 21:31:13,066 [INFO] CodeEngine:265 - oldGeneratedFile, C:\ST\AB_LSTM\AB_LSTM\Appli\MXTmpFiles\bsp_common_demo_before_while.tmp_save
2025-10-05 21:31:13,104 [INFO] CodeEngine:289 - Generated code: C:\ST\AB_LSTM\AB_LSTM\Appli\MXTmpFiles\bsp_common_demo_before_while.tmp
2025-10-05 21:31:13,109 [INFO] CodeEngine:265 - oldGeneratedFile, C:\ST\AB_LSTM\AB_LSTM\Appli\MXTmpFiles\bsp_common_demo_inside_while.tmp_save
2025-10-05 21:31:13,148 [INFO] CodeEngine:289 - Generated code: C:\ST\AB_LSTM\AB_LSTM\Appli\MXTmpFiles\bsp_common_demo_inside_while.tmp
2025-10-05 21:31:13,153 [INFO] CodeEngine:265 - oldGeneratedFile, C:\ST\AB_LSTM\AB_LSTM\Appli\MXTmpFiles\bsp_common_demo_fct.tmp_save
2025-10-05 21:31:13,190 [INFO] CodeEngine:289 - Generated code: C:\ST\AB_LSTM\AB_LSTM\Appli\MXTmpFiles\bsp_common_demo_fct.tmp
2025-10-05 21:31:13,194 [INFO] Middleware:1452 - No code input for Bsp Dependency
2025-10-05 21:31:13,195 [INFO] Middleware:1452 - No code input for Bsp Dependency
2025-10-05 21:31:13,195 [INFO] IP:3329 - RTE Config file name : RTE_Component
2025-10-05 21:31:13,195 [INFO] IP:3347 - RTE template : RTE_Components.ftl
2025-10-05 21:31:13,204 [INFO] CodeEngine:265 - oldGeneratedFile, C:\ST\AB_LSTM\AB_LSTM\Appli\X-CUBE-AI\App\app_x-cube-ai.h_save
2025-10-05 21:31:13,312 [INFO] CodeEngine:289 - Generated code: C:\ST\AB_LSTM\AB_LSTM\Appli\X-CUBE-AI\App\app_x-cube-ai.h
2025-10-05 21:31:13,323 [INFO] CodeEngine:265 - oldGeneratedFile, C:\ST\AB_LSTM\AB_LSTM\Appli\X-CUBE-AI\constants_ai.h_save
2025-10-05 21:31:13,386 [INFO] CodeEngine:289 - Generated code: C:\ST\AB_LSTM\AB_LSTM\Appli\X-CUBE-AI\constants_ai.h
2025-10-05 21:31:13,393 [INFO] CodeEngine:265 - oldGeneratedFile, C:\ST\AB_LSTM\AB_LSTM\Appli\X-CUBE-AI\App\app_x-cube-ai.c_save
2025-10-05 21:31:13,485 [INFO] CodeEngine:289 - Generated code: C:\ST\AB_LSTM\AB_LSTM\Appli\X-CUBE-AI\App\app_x-cube-ai.c
2025-10-05 21:31:13,516 [INFO] CodeEngine:265 - oldGeneratedFile, C:\ST\AB_LSTM\AB_LSTM\Appli\Core\Src\stm32n6xx_it.c_save
2025-10-05 21:31:13,657 [INFO] CodeEngine:289 - Generated code: C:\ST\AB_LSTM\AB_LSTM\Appli\Core\Src\stm32n6xx_it.c
2025-10-05 21:31:13,670 [INFO] CodeEngine:265 - oldGeneratedFile, C:\ST\AB_LSTM\AB_LSTM\Appli\Core\Inc\stm32n6xx_it.h_save
2025-10-05 21:31:13,725 [INFO] CodeEngine:289 - Generated code: C:\ST\AB_LSTM\AB_LSTM\Appli\Core\Inc\stm32n6xx_it.h
2025-10-05 21:31:13,729 [INFO] IP:3329 - RTE Config file name : RTE_Component
2025-10-05 21:31:13,729 [INFO] IP:3347 - RTE template : RTE_Components.ftl
2025-10-05 21:31:13,729 [INFO] CodeGenerator:2312 - Add RTE Code Input 
2025-10-05 21:31:13,738 [INFO] CodeEngine:265 - oldGeneratedFile, C:\ST\AB_LSTM\AB_LSTM\Appli\Core\Inc\RTE_Components.h_save
2025-10-05 21:31:13,826 [INFO] CodeEngine:289 - Generated code: C:\ST\AB_LSTM\AB_LSTM\Appli\Core\Inc\RTE_Components.h
2025-10-05 21:31:13,837 [INFO] CodeEngine:265 - oldGeneratedFile, C:\ST\AB_LSTM\AB_LSTM\Appli\MXTmpFiles\RIFInit.tmp_save
2025-10-05 21:31:13,920 [INFO] CodeEngine:289 - Generated code: C:\ST\AB_LSTM\AB_LSTM\Appli\MXTmpFiles\RIFInit.tmp
2025-10-05 21:31:13,990 [INFO] CodeEngine:265 - oldGeneratedFile, C:\ST\AB_LSTM\AB_LSTM\Appli\Core\Src\stm32n6xx_hal_msp.c_save
2025-10-05 21:31:14,114 [INFO] CodeEngine:289 - Generated code: C:\ST\AB_LSTM\AB_LSTM\Appli\Core\Src\stm32n6xx_hal_msp.c
2025-10-05 21:31:14,118 [INFO] CodeEngine:265 - oldGeneratedFile, C:\ST\AB_LSTM\AB_LSTM\Appli\MXTmpFiles\system.tmp_save
2025-10-05 21:31:14,155 [INFO] CodeEngine:289 - Generated code: C:\ST\AB_LSTM\AB_LSTM\Appli\MXTmpFiles\system.tmp
2025-10-05 21:31:14,166 [INFO] CodeEngine:321 - oldGeneratedFile, C:\ST\AB_LSTM\AB_LSTM\Appli\Core\Inc\stm32n6xx_hal_conf.h_save
2025-10-05 21:31:14,266 [INFO] CodeEngine:345 - Generated code: C:\ST\AB_LSTM\AB_LSTM\Appli\Core\Inc\stm32n6xx_hal_conf.h
2025-10-05 21:31:14,279 [WARN] IPConfigManager:3238 - Warning: the RefConfig RCC_ConfigVoltageScaling is not available in your config.xml file
2025-10-05 21:31:14,280 [WARN] IPConfigManager:3238 - Warning: the RefConfig RCC_RTC_HSEDIV is not available in your config.xml file
2025-10-05 21:31:14,287 [INFO] ApiDbMcu:532 - Load IP Config File for CACHEAXI
2025-10-05 21:31:14,293 [INFO] ApiDbMcu:532 - Load IP Config File for LPUART1
2025-10-05 21:31:14,295 [INFO] ApiDbMcu:532 - Load IP Config File for RAMCFG
2025-10-05 21:31:14,297 [INFO] ApiDbMcu:532 - Load IP Config File for RIF
2025-10-05 21:31:14,304 [INFO] ApiDbMcu:532 - Load IP Config File for TIM1
2025-10-05 21:31:14,307 [WARN] IPConfigManager:3811 - IP not found : TIM
2025-10-05 21:31:14,309 [WARN] CodeGenerator:4259 - IP not found : null
2025-10-05 21:31:14,316 [INFO] CodeEngine:265 - oldGeneratedFile, C:\ST\AB_LSTM\AB_LSTM\Appli\Core\Inc\main.h_save
2025-10-05 21:31:14,428 [INFO] CodeEngine:289 - Generated code: C:\ST\AB_LSTM\AB_LSTM\Appli\Core\Inc\main.h
2025-10-05 21:31:14,441 [INFO] CodeEngine:265 - oldGeneratedFile, C:\ST\AB_LSTM\AB_LSTM\Appli\Core\Src\main.c_save
2025-10-05 21:31:14,597 [INFO] CodeEngine:289 - Generated code: C:\ST\AB_LSTM\AB_LSTM\Appli\Core\Src\main.c
2025-10-05 21:31:14,608 [INFO] CodeEngine:265 - oldGeneratedFile, C:\ST\AB_LSTM\AB_LSTM\Appli\Core\Src\secure_nsc.c_save
2025-10-05 21:31:14,701 [INFO] CodeEngine:289 - Generated code: C:\ST\AB_LSTM\AB_LSTM\Appli\Core\Src\secure_nsc.c
2025-10-05 21:31:14,708 [INFO] CodeEngine:265 - oldGeneratedFile, C:\ST\AB_LSTM\AB_LSTM\Appli\Core\Inc\partition_stm32n657xx.h_save
2025-10-05 21:31:14,787 [INFO] CodeEngine:289 - Generated code: C:\ST\AB_LSTM\AB_LSTM\Appli\Core\Inc\partition_stm32n657xx.h
2025-10-05 21:31:14,797 [INFO] CodeEngine:265 - oldGeneratedFile, C:\ST\AB_LSTM\AB_LSTM\Secure_nsclib\secure_nsc.h_save
2025-10-05 21:31:14,861 [INFO] CodeEngine:289 - Generated code: C:\ST\AB_LSTM\AB_LSTM\Secure_nsclib\secure_nsc.h
2025-10-05 21:31:14,911 [INFO] CodeGenerator:1707 - *******************Project context ExtMemLoader Not selected
2025-10-05 21:31:16,884 [INFO] AInterface:322 - ModelName:network; files:[C:\Users\ZOJOLDRI\OneDrive - Carl Zeiss AG\Dokumente\Zeiss\SMT\Bachelor\AB Encoder Model\AB_Encoder_Synthetic_Data\lstm_ab_encoder.h5]; type:Keras; compression:None
2025-10-05 21:31:16,885 [INFO] AInterface:526 - workspaceTempDir: C:/Users/ZOJOLDRI/AppData/Local/Temp/mxAI_workspace34724398294150011657427584987826217
2025-10-05 21:31:16,885 [INFO] AInterface:1176 - Setting Env: C:/Users/ZOJOLDRI/STM32Cube/Repository/Packs/STMicroelectronics/X-CUBE-AI/10.2.0/Utilities/windows
2025-10-05 21:31:16,893 [INFO] STM32CubeIDEBuilder:265 - Looking for gnu-tools-for-stm32 tools/bin/arm-none-eabi-gcc.exe in C:\ST\STM32CubeIDE_1.19.0\STM32CubeIDE
2025-10-05 21:31:16,899 [INFO] STM32CubeIDEBuilder:294 - checking C:\ST\STM32CubeIDE_1.19.0\STM32CubeIDE\plugins\com.st.stm32cube.ide.mcu.externaltools.gnu-tools-for-stm32.13.3.rel1.win32_1.0.0.202411081344\tools\bin\arm-none-eabi-gcc.exe
2025-10-05 21:31:16,900 [INFO] STM32CubeIDEBuilder:297 - ret=C:\ST\STM32CubeIDE_1.19.0\STM32CubeIDE\plugins\com.st.stm32cube.ide.mcu.externaltools.gnu-tools-for-stm32.13.3.rel1.win32_1.0.0.202411081344\tools\bin\arm-none-eabi-gcc.exe
2025-10-05 21:31:16,900 [INFO] STM32CubeIDEBuilder:311 - returning C:\ST\STM32CubeIDE_1.19.0\STM32CubeIDE\plugins\com.st.stm32cube.ide.mcu.externaltools.gnu-tools-for-stm32.13.3.rel1.win32_1.0.0.202411081344\tools\bin\arm-none-eabi-gcc.exe
2025-10-05 21:31:16,900 [INFO] AInterface:1233 - Custom PATH variable: C:/Users/ZOJOLDRI/STM32Cube/Repository/Packs/STMicroelectronics/X-CUBE-AI/10.2.0/Utilities/windows;C:/Users/ZOJOLDRI/STM32Cube/Repository/Packs/STMicroelectronics/X-CUBE-AI/10.2.0/Utilities/windows/mingw64/bin;C:/Users/ZOJOLDRI/STM32Cube/Repository/Packs/STMicroelectronics/X-CUBE-AI/10.2.0/Utilities/windows/mingw64/libexec/gcc/x86_64-w64-mingw32/7.3.0;;C:\ST\STM32CubeIDE_1.19.0\STM32CubeIDE\plugins\com.st.stm32cube.ide.mcu.externaltools.gnu-tools-for-stm32.13.3.rel1.win32_1.0.0.202411081344\tools\bin
2025-10-05 21:31:16,901 [INFO] CmdLine:115 - Command: C:/Users/ZOJOLDRI/STM32Cube/Repository/Packs/STMicroelectronics/X-CUBE-AI/10.2.0/Utilities/windows/stedgeai.exe generate --target stm32n6 --name network -m C:/Users/ZOJOLDRI/OneDrive - Carl Zeiss AG/Dokumente/Zeiss/SMT/Bachelor/AB Encoder Model/AB_Encoder_Synthetic_Data/lstm_ab_encoder.h5 --compression none --verbosity 1 -O time --workspace C:/Users/ZOJOLDRI/AppData/Local/Temp/mxAI_workspace34724398294150011657427584987826217 --output C:/Users/ZOJOLDRI/.stm32cubemx/network_output
2025-10-05 21:31:16,902 [INFO] AIModelDetailledView:2380 - Analysis status: pending
2025-10-05 21:31:23,712 [INFO] CmdLine:76 - ST Edge AI Core v2.2.0-20266 2adc00962
2025-10-05 21:32:41,056 [INFO] CmdLine:76 - Creating c (debug) info json file C:\Users\ZOJOLDRI\.stm32cubemx\network_output\network_c_info.json
2025-10-05 21:32:41,079 [INFO] CmdLine:76 -  
2025-10-05 21:32:41,079 [INFO] CmdLine:76 -  Exec/report summary (generate)
2025-10-05 21:32:41,080 [INFO] CmdLine:76 -  ---------------------------------------------------------------------------------------------------------------------------------------------------------------
2025-10-05 21:32:41,080 [INFO] CmdLine:76 -  model file         :   C:\Users\ZOJOLDRI\OneDrive - Carl Zeiss AG\Dokumente\Zeiss\SMT\Bachelor\AB Encoder Model\AB_Encoder_Synthetic_Data\lstm_ab_encoder.h5   
2025-10-05 21:32:41,080 [INFO] CmdLine:76 -  type               :   keras                                                                                                                                   
2025-10-05 21:32:41,080 [INFO] CmdLine:76 -  c_name             :   network                                                                                                                                 
2025-10-05 21:32:41,080 [INFO] CmdLine:76 -  compression        :   none                                                                                                                                    
2025-10-05 21:32:41,081 [INFO] CmdLine:76 -  options            :   allocate-inputs, allocate-outputs                                                                                                       
2025-10-05 21:32:41,081 [INFO] CmdLine:76 -  optimization       :   time                                                                                                                                    
2025-10-05 21:32:41,081 [INFO] CmdLine:76 -  target/series      :   stm32n6                                                                                                                                 
2025-10-05 21:32:41,081 [INFO] CmdLine:76 -  workspace dir      :   C:\Users\ZOJOLDRI\AppData\Local\Temp\mxAI_workspace34724398294150011657427584987826217                                                  
2025-10-05 21:32:41,081 [INFO] CmdLine:76 -  output dir         :   C:\Users\ZOJOLDRI\.stm32cubemx\network_output                                                                                           
2025-10-05 21:32:41,081 [INFO] CmdLine:76 -  model_fmt          :   float                                                                                                                                   
2025-10-05 21:32:41,081 [INFO] CmdLine:76 -  model_name         :   lstm_ab_encoder                                                                                                                         
2025-10-05 21:32:41,082 [INFO] CmdLine:76 -  model_hash         :   0xd6e9a3b45dcc4778896469d9fb00962a                                                                                                      
2025-10-05 21:32:41,082 [INFO] CmdLine:76 -  params #           :   3,587 items (14.01 KiB)                                                                                                                 
2025-10-05 21:32:41,082 [INFO] CmdLine:76 -  ---------------------------------------------------------------------------------------------------------------------------------------------------------------
2025-10-05 21:32:41,082 [INFO] CmdLine:76 -  input 1/1          :   'input_0', f32(1x20x10), 800 Bytes, activations                                                                                         
2025-10-05 21:32:41,083 [INFO] CmdLine:76 -  output 1/1         :   'output', f32(1x3), 12 Bytes, activations                                                                                               
2025-10-05 21:32:41,083 [INFO] CmdLine:76 -  macc               :   67,960                                                                                                                                  
2025-10-05 21:32:41,083 [INFO] CmdLine:76 -  weights (ro)       :   14,636 B (14.29 KiB) (1 segment) / +288(+2.0%) vs float model                                                                           
2025-10-05 21:32:41,083 [INFO] CmdLine:76 -  activations (rw)   :   1,568 B (1.53 KiB) (1 segment) *                                                                                                        
2025-10-05 21:32:41,083 [INFO] CmdLine:76 -  ram (total)        :   1,568 B (1.53 KiB) = 1,568 + 0 + 0                                                                                                      
2025-10-05 21:32:41,083 [INFO] CmdLine:76 -  ---------------------------------------------------------------------------------------------------------------------------------------------------------------
2025-10-05 21:32:41,083 [INFO] CmdLine:76 -  (*) 'input'/'output' buffers are allocated in the activations buffer
2025-10-05 21:32:41,083 [INFO] CmdLine:76 - Computing AI RT data/code size (target=stm32n6)..
2025-10-05 21:32:44,815 [INFO] CmdLine:76 -  Requested memory size by section - "stm32n6" target
2025-10-05 21:32:44,816 [INFO] CmdLine:76 -  ------------------------------- -------- -------- ------- -------
2025-10-05 21:32:44,816 [INFO] CmdLine:76 -  module                              text   rodata    data     bss
2025-10-05 21:32:44,816 [INFO] CmdLine:76 -  ------------------------------- -------- -------- ------- -------
2025-10-05 21:32:44,816 [INFO] CmdLine:76 -  NetworkRuntime1020_CM55_GCC.a     15,800       32       0       0
2025-10-05 21:32:44,817 [INFO] CmdLine:76 -  network.o                            596       40   1,888     136
2025-10-05 21:32:44,817 [INFO] CmdLine:76 -  network_data.o                        48       16      88       0
2025-10-05 21:32:44,817 [INFO] CmdLine:76 -  lib (toolchain)*                   1,132      340       0       0
2025-10-05 21:32:44,817 [INFO] CmdLine:76 -  ------------------------------- -------- -------- ------- -------
2025-10-05 21:32:44,818 [INFO] CmdLine:76 -  RT total**                        17,576      428   1,976     136
2025-10-05 21:32:44,818 [INFO] CmdLine:76 -  ------------------------------- -------- -------- ------- -------
2025-10-05 21:32:44,818 [INFO] CmdLine:76 -  weights                                0   14,640       0       0
2025-10-05 21:32:44,818 [INFO] CmdLine:76 -  activations                            0        0       0   1,568
2025-10-05 21:32:44,819 [INFO] CmdLine:76 -  io                                     0        0       0       0
2025-10-05 21:32:44,819 [INFO] CmdLine:76 -  ------------------------------- -------- -------- ------- -------
2025-10-05 21:32:44,819 [INFO] CmdLine:76 -  TOTAL                             17,576   15,068   1,976   1,704
2025-10-05 21:32:44,820 [INFO] CmdLine:76 -  ------------------------------- -------- -------- ------- -------
2025-10-05 21:32:44,820 [INFO] CmdLine:76 -  *  toolchain objects (libm/libgcc*)
2025-10-05 21:32:44,821 [INFO] CmdLine:76 -  ** RT AI runtime objects (kernels+infrastructure)
2025-10-05 21:32:44,821 [INFO] CmdLine:76 -   Summary - "stm32n6" target
2025-10-05 21:32:44,821 [INFO] CmdLine:76 -   ---------------------------------------------------
2025-10-05 21:32:44,822 [INFO] CmdLine:76 -                FLASH (ro)      %*   RAM (rw)       %
2025-10-05 21:32:44,822 [INFO] CmdLine:76 -   ---------------------------------------------------
2025-10-05 21:32:44,822 [INFO] CmdLine:76 -   RT total         19,980   57.7%      2,112   57.4%
2025-10-05 21:32:44,822 [INFO] CmdLine:76 -   ---------------------------------------------------
2025-10-05 21:32:44,823 [INFO] CmdLine:76 -   TOTAL            34,620              3,680
2025-10-05 21:32:44,823 [INFO] CmdLine:76 -   ---------------------------------------------------
2025-10-05 21:32:44,824 [INFO] CmdLine:76 -   *  rt/total
2025-10-05 21:32:44,824 [INFO] CmdLine:76 -  Generated files (7)
2025-10-05 21:32:44,824 [INFO] CmdLine:76 -  ---------------------------------------------------------------------
2025-10-05 21:32:44,825 [INFO] CmdLine:76 -  C:\Users\ZOJOLDRI\.stm32cubemx\network_output\network_data_params.h
2025-10-05 21:32:44,825 [INFO] CmdLine:76 -  C:\Users\ZOJOLDRI\.stm32cubemx\network_output\network_data_params.c
2025-10-05 21:32:44,825 [INFO] CmdLine:76 -  C:\Users\ZOJOLDRI\.stm32cubemx\network_output\network_data.h
2025-10-05 21:32:44,825 [INFO] CmdLine:76 -  C:\Users\ZOJOLDRI\.stm32cubemx\network_output\network_data.c
2025-10-05 21:32:44,826 [INFO] CmdLine:76 -  C:\Users\ZOJOLDRI\.stm32cubemx\network_output\network_config.h
2025-10-05 21:32:44,826 [INFO] CmdLine:76 -  C:\Users\ZOJOLDRI\.stm32cubemx\network_output\network.h
2025-10-05 21:32:44,826 [INFO] CmdLine:76 -  C:\Users\ZOJOLDRI\.stm32cubemx\network_output\network.c
2025-10-05 21:32:44,826 [INFO] CmdLine:76 - Creating txt report file C:\Users\ZOJOLDRI\.stm32cubemx\network_output\network_generate_report.txt
2025-10-05 21:32:48,624 [INFO] CmdLine:76 - elapsed time (generate): 84.912s
2025-10-05 21:32:49,189 [INFO] CmdLine:148 - stedgeai exit with status: 0
2025-10-05 21:32:49,216 [INFO] AIModelDetailledView:2380 - Analysis status: done
2025-10-05 21:32:50,750 [INFO] ProjectBuilder:3606 - Time for Copy HAL[1] : 704mS.
2025-10-05 21:32:50,750 [ERROR] Middleware:2950 - Invalid RefComponent list
2025-10-05 21:32:50,751 [ERROR] Middleware:2950 - Invalid RefComponent list
2025-10-05 21:32:50,751 [ERROR] Middleware:2950 - Invalid RefComponent list
2025-10-05 21:32:50,751 [ERROR] Middleware:2950 - Invalid RefComponent list
2025-10-05 21:32:50,751 [ERROR] Middleware:2950 - Invalid RefComponent list
2025-10-05 21:32:50,751 [ERROR] Middleware:2950 - Invalid RefComponent list
2025-10-05 21:32:50,751 [ERROR] Middleware:2950 - Invalid RefComponent list
2025-10-05 21:32:50,751 [ERROR] Middleware:2950 - Invalid RefComponent list
2025-10-05 21:32:50,751 [ERROR] Middleware:2950 - Invalid RefComponent list
2025-10-05 21:32:50,751 [ERROR] Middleware:2950 - Invalid RefComponent list
2025-10-05 21:32:50,751 [ERROR] Middleware:2950 - Invalid RefComponent list
2025-10-05 21:32:50,751 [ERROR] Middleware:2950 - Invalid RefComponent list
2025-10-05 21:32:50,751 [ERROR] Middleware:2950 - Invalid RefComponent list
2025-10-05 21:32:50,751 [ERROR] Middleware:2950 - Invalid RefComponent list
2025-10-05 21:32:50,751 [ERROR] Middleware:2950 - Invalid RefComponent list
2025-10-05 21:32:50,751 [ERROR] Middleware:2950 - Invalid RefComponent list
2025-10-05 21:32:50,751 [ERROR] Middleware:2950 - Invalid RefComponent list
2025-10-05 21:32:50,751 [ERROR] Middleware:2950 - Invalid RefComponent list
2025-10-05 21:32:50,751 [ERROR] Middleware:2950 - Invalid RefComponent list
2025-10-05 21:32:50,751 [ERROR] Middleware:2950 - Invalid RefComponent list
2025-10-05 21:32:50,751 [ERROR] Middleware:2950 - Invalid RefComponent list
2025-10-05 21:32:50,751 [ERROR] Middleware:2950 - Invalid RefComponent list
2025-10-05 21:32:50,751 [ERROR] Middleware:2950 - Invalid RefComponent list
2025-10-05 21:32:50,751 [ERROR] Middleware:2950 - Invalid RefComponent list
2025-10-05 21:32:50,751 [ERROR] Middleware:2950 - Invalid RefComponent list
2025-10-05 21:32:50,751 [ERROR] Middleware:2950 - Invalid RefComponent list
2025-10-05 21:32:50,751 [ERROR] Middleware:2950 - Invalid RefComponent list
2025-10-05 21:32:50,751 [ERROR] Middleware:2950 - Invalid RefComponent list
2025-10-05 21:32:50,752 [ERROR] Middleware:2950 - Invalid RefComponent list
2025-10-05 21:32:50,752 [ERROR] Middleware:2950 - Invalid RefComponent list
2025-10-05 21:32:50,752 [ERROR] Middleware:2950 - Invalid RefComponent list
2025-10-05 21:32:50,752 [ERROR] Middleware:2950 - Invalid RefComponent list
2025-10-05 21:32:50,752 [ERROR] Middleware:2950 - Invalid RefComponent list
2025-10-05 21:32:50,752 [ERROR] Middleware:2950 - Invalid RefComponent list
2025-10-05 21:32:50,752 [ERROR] Middleware:2950 - Invalid RefComponent list
2025-10-05 21:32:50,752 [ERROR] Middleware:2950 - Invalid RefComponent list
2025-10-05 21:32:50,752 [ERROR] Middleware:2950 - Invalid RefComponent list
2025-10-05 21:32:50,752 [ERROR] Middleware:2950 - Invalid RefComponent list
2025-10-05 21:32:50,752 [ERROR] Middleware:2950 - Invalid RefComponent list
2025-10-05 21:32:50,752 [ERROR] Middleware:2950 - Invalid RefComponent list
2025-10-05 21:32:50,752 [ERROR] Middleware:2950 - Invalid RefComponent list
2025-10-05 21:32:50,752 [ERROR] Middleware:2950 - Invalid RefComponent list
2025-10-05 21:32:50,752 [ERROR] Middleware:2950 - Invalid RefComponent list
2025-10-05 21:32:50,752 [ERROR] Middleware:2950 - Invalid RefComponent list
2025-10-05 21:32:50,752 [ERROR] Middleware:2950 - Invalid RefComponent list
2025-10-05 21:32:50,752 [ERROR] Middleware:2950 - Invalid RefComponent list
2025-10-05 21:32:50,752 [ERROR] Middleware:2950 - Invalid RefComponent list
2025-10-05 21:32:50,752 [ERROR] Middleware:2950 - Invalid RefComponent list
2025-10-05 21:32:50,752 [ERROR] Middleware:2950 - Invalid RefComponent list
2025-10-05 21:32:50,752 [ERROR] Middleware:2950 - Invalid RefComponent list
2025-10-05 21:32:50,752 [ERROR] Middleware:2950 - Invalid RefComponent list
2025-10-05 21:32:50,753 [ERROR] Middleware:2950 - Invalid RefComponent list
2025-10-05 21:32:50,753 [ERROR] Middleware:2950 - Invalid RefComponent list
2025-10-05 21:32:50,753 [ERROR] Middleware:2950 - Invalid RefComponent list
2025-10-05 21:32:50,753 [ERROR] Middleware:2950 - Invalid RefComponent list
2025-10-05 21:32:50,753 [ERROR] Middleware:2950 - Invalid RefComponent list
2025-10-05 21:32:50,753 [ERROR] Middleware:2950 - Invalid RefComponent list
2025-10-05 21:32:50,753 [ERROR] Middleware:2950 - Invalid RefComponent list
2025-10-05 21:32:50,753 [ERROR] Middleware:2950 - Invalid RefComponent list
2025-10-05 21:32:50,753 [ERROR] Middleware:2950 - Invalid RefComponent list
2025-10-05 21:32:50,753 [ERROR] Middleware:2950 - Invalid RefComponent list
2025-10-05 21:32:50,753 [ERROR] Middleware:2950 - Invalid RefComponent list
2025-10-05 21:32:50,753 [ERROR] Middleware:2950 - Invalid RefComponent list
2025-10-05 21:32:50,753 [ERROR] Middleware:2950 - Invalid RefComponent list
2025-10-05 21:32:50,753 [ERROR] Middleware:2950 - Invalid RefComponent list
2025-10-05 21:32:50,753 [ERROR] Middleware:2950 - Invalid RefComponent list
2025-10-05 21:32:50,753 [ERROR] Middleware:2950 - Invalid RefComponent list
2025-10-05 21:32:50,753 [ERROR] Middleware:2950 - Invalid RefComponent list
2025-10-05 21:32:50,753 [ERROR] Middleware:2950 - Invalid RefComponent list
2025-10-05 21:32:50,753 [ERROR] Middleware:2950 - Invalid RefComponent list
2025-10-05 21:32:50,780 [INFO] ProjectBuilder:5216 - Project Generator version: 4.7.0-B52
2025-10-05 21:32:50,841 [INFO] ConfigFileManager:1595 - The Die is : DIE486
2025-10-05 21:33:03,254 [INFO] ProjectBuilder:5056 - Time for Generating toolchain IDE Files: 12474mS.
2025-10-05 21:33:03,256 [INFO] ProjectBuilder:3463 - Time for Copy CMSIS : 2mS.
2025-10-05 21:33:03,275 [INFO] ProjectBuilder:3463 - Time for Copy CMSIS : 0mS.
