2025-08-15 07:21:56,525 [INFO] WebApp:194 - Connection lost
2025-08-15 07:22:21,448 [INFO] WebApp:191 - Connection restablished
2025-08-15 11:22:17,694 [INFO] WebApp:194 - Connection lost
2025-08-15 11:22:18,132 [INFO] WebApp:191 - Connection restablished
2025-08-15 12:01:39,100 [INFO] ApiDbMcu:532 - Load IP Config File for STMicroelectronics.X-CUBE-AI.10.2.0_Appli
2025-08-15 12:01:39,802 [WARN] SupportedApi:132 - Cannot load RTOS API schema: s4s-elt-must-match.1: The content of 'definitions' must match (annotation?, (simpleType | complexType)?, (unique | key | keyref)*)). A problem was found starting at: attribute.
2025-08-15 12:01:39,972 [INFO] IPUIPlugin:80 - create IPUIPlugin
2025-08-15 12:01:40,025 [INFO] PluginManager:220 - loadIPPluginJar : add ai.10.2.0
2025-08-15 12:01:40,978 [INFO] IPUIPlugin:80 - create IPUIPlugin
2025-08-15 12:01:41,015 [WARN] IP:2250 - RefParam_LRUN_SRC_memory not found: check if there is a RefParameter without a condition.
2025-08-15 12:01:41,015 [WARN] IP:2250 - RefParam_LRUN_SRC_offset not found: check if there is a RefParameter without a condition.
2025-08-15 12:01:41,015 [WARN] IP:2250 - RefParam_LRUN_SRC_size not found: check if there is a RefParameter without a condition.
2025-08-15 12:01:41,015 [WARN] IP:2250 - RefParam_LRUN_DEST_memory not found: check if there is a RefParameter without a condition.
2025-08-15 12:01:41,016 [WARN] IP:2250 - RefParam_LRUN_DEST_offset not found: check if there is a RefParameter without a condition.
2025-08-15 12:01:41,016 [WARN] IP:2250 - RefParam_MEMORY_1_Size not found: check if there is a RefParameter without a condition.
2025-08-15 12:01:41,016 [WARN] IP:2250 - RefParam_MEMORY_1_FreqMax not found: check if there is a RefParameter without a condition.
2025-08-15 12:01:41,016 [WARN] IP:2250 - RefParam_MEMORY_1_ReadReg not found: check if there is a RefParameter without a condition.
2025-08-15 12:01:41,016 [WARN] IP:2250 - RefParam_MEMORY_1_WriteReg not found: check if there is a RefParameter without a condition.
2025-08-15 12:01:41,016 [WARN] IP:2250 - RefParam_MEMORY_1_RegSize not found: check if there is a RefParameter without a condition.
2025-08-15 12:01:41,016 [WARN] IP:2250 - RefParam_MEMORY_1_RegDummyCycle not found: check if there is a RefParameter without a condition.
2025-08-15 12:01:41,016 [WARN] IP:2250 - RefParam_MEMORY_1_WriteCommand not found: check if there is a RefParameter without a condition.
2025-08-15 12:01:41,016 [WARN] IP:2250 - RefParam_MEMORY_1_WriteDummyCycle not found: check if there is a RefParameter without a condition.
2025-08-15 12:01:41,017 [WARN] IP:2250 - RefParam_MEMORY_1_ReadCommand not found: check if there is a RefParameter without a condition.
2025-08-15 12:01:41,017 [WARN] IP:2250 - RefParam_MEMORY_1_WrapReadCommand not found: check if there is a RefParameter without a condition.
2025-08-15 12:01:41,017 [WARN] IP:2250 - RefParam_MEMORY_1_ReadDummyCycle not found: check if there is a RefParameter without a condition.
2025-08-15 12:01:41,017 [WARN] IP:2250 - RefParam_MEMORY_1_NumberOfConfig not found: check if there is a RefParameter without a condition.
2025-08-15 12:01:41,017 [WARN] IP:2250 - RefParam_MEMORY_1_Config1_WriteMask not found: check if there is a RefParameter without a condition.
2025-08-15 12:01:41,017 [WARN] IP:2250 - RefParam_MEMORY_1_Config1_WriteValue not found: check if there is a RefParameter without a condition.
2025-08-15 12:01:41,017 [WARN] IP:2250 - RefParam_MEMORY_1_Config1_RegAddress not found: check if there is a RefParameter without a condition.
2025-08-15 12:01:41,017 [WARN] IP:2250 - RefParam_MEMORY_1_Config2_WriteMask not found: check if there is a RefParameter without a condition.
2025-08-15 12:01:41,017 [WARN] IP:2250 - RefParam_MEMORY_1_Config2_WriteValue not found: check if there is a RefParameter without a condition.
2025-08-15 12:01:41,017 [WARN] IP:2250 - RefParam_MEMORY_1_Config2_RegAddress not found: check if there is a RefParameter without a condition.
2025-08-15 12:01:41,017 [WARN] IP:2250 - RefParam_MEMORY_1_Config3_WriteMask not found: check if there is a RefParameter without a condition.
2025-08-15 12:01:41,017 [WARN] IP:2250 - RefParam_MEMORY_1_Config3_WriteValue not found: check if there is a RefParameter without a condition.
2025-08-15 12:01:41,017 [WARN] IP:2250 - RefParam_MEMORY_1_Config3_RegAddress not found: check if there is a RefParameter without a condition.
2025-08-15 12:01:41,018 [WARN] IP:2250 - RefParam_MEMORY_2_Instance not found: check if there is a RefParameter without a condition.
2025-08-15 12:01:41,018 [WARN] IP:2250 - RefParam_MEMORY_2_ConfigType not found: check if there is a RefParameter without a condition.
2025-08-15 12:01:41,018 [WARN] IP:2250 - RefParam_MEMORY_2_Size not found: check if there is a RefParameter without a condition.
2025-08-15 12:01:41,018 [WARN] IP:2250 - RefParam_MEMORY_2_FreqMax not found: check if there is a RefParameter without a condition.
2025-08-15 12:01:41,018 [WARN] IP:2250 - RefParam_MEMORY_2_ReadReg not found: check if there is a RefParameter without a condition.
2025-08-15 12:01:41,018 [WARN] IP:2250 - RefParam_MEMORY_2_WriteReg not found: check if there is a RefParameter without a condition.
2025-08-15 12:01:41,018 [WARN] IP:2250 - RefParam_MEMORY_2_RegSize not found: check if there is a RefParameter without a condition.
2025-08-15 12:01:41,018 [WARN] IP:2250 - RefParam_MEMORY_2_RegDummyCycle not found: check if there is a RefParameter without a condition.
2025-08-15 12:01:41,018 [WARN] IP:2250 - RefParam_MEMORY_2_WriteCommand not found: check if there is a RefParameter without a condition.
2025-08-15 12:01:41,018 [WARN] IP:2250 - RefParam_MEMORY_2_WriteDummyCycle not found: check if there is a RefParameter without a condition.
2025-08-15 12:01:41,018 [WARN] IP:2250 - RefParam_MEMORY_2_ReadCommand not found: check if there is a RefParameter without a condition.
2025-08-15 12:01:41,018 [WARN] IP:2250 - RefParam_MEMORY_2_WrapReadCommand not found: check if there is a RefParameter without a condition.
2025-08-15 12:01:41,018 [WARN] IP:2250 - RefParam_MEMORY_2_ReadDummyCycle not found: check if there is a RefParameter without a condition.
2025-08-15 12:01:41,018 [WARN] IP:2250 - RefParam_MEMORY_2_NumberOfConfig not found: check if there is a RefParameter without a condition.
2025-08-15 12:01:41,019 [WARN] IP:2250 - RefParam_MEMORY_2_Config1_WriteMask not found: check if there is a RefParameter without a condition.
2025-08-15 12:01:41,019 [WARN] IP:2250 - RefParam_MEMORY_2_Config1_WriteValue not found: check if there is a RefParameter without a condition.
2025-08-15 12:01:41,019 [WARN] IP:2250 - RefParam_MEMORY_2_Config1_RegAddress not found: check if there is a RefParameter without a condition.
2025-08-15 12:01:41,019 [WARN] IP:2250 - RefParam_MEMORY_2_Config2_WriteMask not found: check if there is a RefParameter without a condition.
2025-08-15 12:01:41,019 [WARN] IP:2250 - RefParam_MEMORY_2_Config2_WriteValue not found: check if there is a RefParameter without a condition.
2025-08-15 12:01:41,019 [WARN] IP:2250 - RefParam_MEMORY_2_Config2_RegAddress not found: check if there is a RefParameter without a condition.
2025-08-15 12:01:41,019 [WARN] IP:2250 - RefParam_MEMORY_2_Config3_WriteMask not found: check if there is a RefParameter without a condition.
2025-08-15 12:01:41,019 [WARN] IP:2250 - RefParam_MEMORY_2_Config3_WriteValue not found: check if there is a RefParameter without a condition.
2025-08-15 12:01:41,019 [WARN] IP:2250 - RefParam_MEMORY_2_Config3_RegAddress not found: check if there is a RefParameter without a condition.
2025-08-15 12:01:41,042 [WARN] IP:2250 - pwrPrivilege not found: check if there is a RefParameter without a condition.
2025-08-15 12:01:41,043 [WARN] IP:2250 - pwrPrivilege not found: check if there is a RefParameter without a condition.
2025-08-15 12:01:41,071 [WARN] IP:2250 - Memorytype0 not found: check if there is a RefParameter without a condition.
2025-08-15 12:01:41,071 [WARN] IP:2250 - LL_DeviceAttribute20 not found: check if there is a RefParameter without a condition.
2025-08-15 12:01:41,071 [WARN] IP:2250 - DeviceAttribute0 not found: check if there is a RefParameter without a condition.
2025-08-15 12:01:41,072 [WARN] IP:2250 - DeviceAttribute20 not found: check if there is a RefParameter without a condition.
2025-08-15 12:01:41,072 [WARN] IP:2250 - DeviceAttribute1 not found: check if there is a RefParameter without a condition.
2025-08-15 12:01:41,073 [WARN] IP:2250 - Memorytype2 not found: check if there is a RefParameter without a condition.
2025-08-15 12:01:41,073 [WARN] IP:2250 - LL_DeviceAttribute22 not found: check if there is a RefParameter without a condition.
2025-08-15 12:01:41,073 [WARN] IP:2250 - DeviceAttribute2 not found: check if there is a RefParameter without a condition.
2025-08-15 12:01:41,074 [WARN] IP:2250 - Memorytype3 not found: check if there is a RefParameter without a condition.
2025-08-15 12:01:41,074 [WARN] IP:2250 - LL_DeviceAttribute23 not found: check if there is a RefParameter without a condition.
2025-08-15 12:01:41,074 [WARN] IP:2250 - DeviceAttribute3 not found: check if there is a RefParameter without a condition.
2025-08-15 12:01:41,075 [WARN] IP:2250 - Memorytype4 not found: check if there is a RefParameter without a condition.
2025-08-15 12:01:41,075 [WARN] IP:2250 - LL_DeviceAttribute24 not found: check if there is a RefParameter without a condition.
2025-08-15 12:01:41,075 [WARN] IP:2250 - DeviceAttribute4 not found: check if there is a RefParameter without a condition.
2025-08-15 12:01:41,075 [WARN] IP:2250 - Memorytype5 not found: check if there is a RefParameter without a condition.
2025-08-15 12:01:41,076 [WARN] IP:2250 - LL_DeviceAttribute25 not found: check if there is a RefParameter without a condition.
2025-08-15 12:01:41,076 [WARN] IP:2250 - DeviceAttribute5 not found: check if there is a RefParameter without a condition.
2025-08-15 12:01:41,076 [WARN] IP:2250 - Memorytype6 not found: check if there is a RefParameter without a condition.
2025-08-15 12:01:41,076 [WARN] IP:2250 - LL_DeviceAttribute26 not found: check if there is a RefParameter without a condition.
2025-08-15 12:01:41,076 [WARN] IP:2250 - DeviceAttribute6 not found: check if there is a RefParameter without a condition.
2025-08-15 12:01:41,076 [WARN] IP:2250 - Memorytype7 not found: check if there is a RefParameter without a condition.
2025-08-15 12:01:41,076 [WARN] IP:2250 - LL_DeviceAttribute27 not found: check if there is a RefParameter without a condition.
2025-08-15 12:01:41,076 [WARN] IP:2250 - DeviceAttribute7 not found: check if there is a RefParameter without a condition.
2025-08-15 12:01:41,272 [WARN] IP:2250 - DeviceAttribute0 not found: check if there is a RefParameter without a condition.
2025-08-15 12:01:41,272 [WARN] IP:2250 - Memorytype1 not found: check if there is a RefParameter without a condition.
2025-08-15 12:01:41,272 [WARN] IP:2250 - DeviceAttribute1 not found: check if there is a RefParameter without a condition.
2025-08-15 12:01:41,272 [WARN] IP:2250 - LL_DeviceAttribute21 not found: check if there is a RefParameter without a condition.
2025-08-15 12:01:41,272 [WARN] IP:2250 - Memorytype2 not found: check if there is a RefParameter without a condition.
2025-08-15 12:01:41,272 [WARN] IP:2250 - DeviceAttribute2 not found: check if there is a RefParameter without a condition.
2025-08-15 12:01:41,272 [WARN] IP:2250 - LL_DeviceAttribute22 not found: check if there is a RefParameter without a condition.
2025-08-15 12:01:41,273 [WARN] IP:2250 - Memorytype3 not found: check if there is a RefParameter without a condition.
2025-08-15 12:01:41,273 [WARN] IP:2250 - DeviceAttribute3 not found: check if there is a RefParameter without a condition.
2025-08-15 12:01:41,273 [WARN] IP:2250 - LL_DeviceAttribute23 not found: check if there is a RefParameter without a condition.
2025-08-15 12:01:41,273 [WARN] IP:2250 - Memorytype4 not found: check if there is a RefParameter without a condition.
2025-08-15 12:01:41,273 [WARN] IP:2250 - DeviceAttribute4 not found: check if there is a RefParameter without a condition.
2025-08-15 12:01:41,273 [WARN] IP:2250 - LL_DeviceAttribute24 not found: check if there is a RefParameter without a condition.
2025-08-15 12:01:41,273 [WARN] IP:2250 - Memorytype5 not found: check if there is a RefParameter without a condition.
2025-08-15 12:01:41,273 [WARN] IP:2250 - DeviceAttribute5 not found: check if there is a RefParameter without a condition.
2025-08-15 12:01:41,273 [WARN] IP:2250 - LL_DeviceAttribute25 not found: check if there is a RefParameter without a condition.
2025-08-15 12:01:41,273 [WARN] IP:2250 - Memorytype6 not found: check if there is a RefParameter without a condition.
2025-08-15 12:01:41,273 [WARN] IP:2250 - DeviceAttribute6 not found: check if there is a RefParameter without a condition.
2025-08-15 12:01:41,273 [WARN] IP:2250 - LL_DeviceAttribute26 not found: check if there is a RefParameter without a condition.
2025-08-15 12:01:41,273 [WARN] IP:2250 - Memorytype7 not found: check if there is a RefParameter without a condition.
2025-08-15 12:01:41,274 [WARN] IP:2250 - DeviceAttribute7 not found: check if there is a RefParameter without a condition.
2025-08-15 12:01:41,274 [WARN] IP:2250 - LL_DeviceAttribute27 not found: check if there is a RefParameter without a condition.
2025-08-15 12:01:41,890 [INFO] ServerAccessManage:452 - Complete download http(s) 200
2025-08-15 12:01:41,890 [INFO] ServerAccessManage:509 - Download File 
2025-08-15 12:01:41,893 [INFO] LoadUrlFilesThread:185 - End of LoadServerUrlFiles without Thread
2025-08-15 12:01:42,123 [WARN] IP:2250 - RefParam_LRUN_SRC_memory not found: check if there is a RefParameter without a condition.
2025-08-15 12:01:42,123 [WARN] IP:2250 - RefParam_LRUN_SRC_offset not found: check if there is a RefParameter without a condition.
2025-08-15 12:01:42,123 [WARN] IP:2250 - RefParam_LRUN_SRC_size not found: check if there is a RefParameter without a condition.
2025-08-15 12:01:42,123 [WARN] IP:2250 - RefParam_LRUN_DEST_memory not found: check if there is a RefParameter without a condition.
2025-08-15 12:01:42,123 [WARN] IP:2250 - RefParam_LRUN_DEST_offset not found: check if there is a RefParameter without a condition.
2025-08-15 12:01:42,124 [WARN] IP:2250 - RefParam_MEMORY_1_Size not found: check if there is a RefParameter without a condition.
2025-08-15 12:01:42,124 [WARN] IP:2250 - RefParam_MEMORY_1_FreqMax not found: check if there is a RefParameter without a condition.
2025-08-15 12:01:42,124 [WARN] IP:2250 - RefParam_MEMORY_1_ReadReg not found: check if there is a RefParameter without a condition.
2025-08-15 12:01:42,124 [WARN] IP:2250 - RefParam_MEMORY_1_WriteReg not found: check if there is a RefParameter without a condition.
2025-08-15 12:01:42,124 [WARN] IP:2250 - RefParam_MEMORY_1_RegSize not found: check if there is a RefParameter without a condition.
2025-08-15 12:01:42,124 [WARN] IP:2250 - RefParam_MEMORY_1_RegDummyCycle not found: check if there is a RefParameter without a condition.
2025-08-15 12:01:42,124 [WARN] IP:2250 - RefParam_MEMORY_1_WriteCommand not found: check if there is a RefParameter without a condition.
2025-08-15 12:01:42,124 [WARN] IP:2250 - RefParam_MEMORY_1_WriteDummyCycle not found: check if there is a RefParameter without a condition.
2025-08-15 12:01:42,124 [WARN] IP:2250 - RefParam_MEMORY_1_ReadCommand not found: check if there is a RefParameter without a condition.
2025-08-15 12:01:42,124 [WARN] IP:2250 - RefParam_MEMORY_1_WrapReadCommand not found: check if there is a RefParameter without a condition.
2025-08-15 12:01:42,124 [WARN] IP:2250 - RefParam_MEMORY_1_ReadDummyCycle not found: check if there is a RefParameter without a condition.
2025-08-15 12:01:42,124 [WARN] IP:2250 - RefParam_MEMORY_1_NumberOfConfig not found: check if there is a RefParameter without a condition.
2025-08-15 12:01:42,124 [WARN] IP:2250 - RefParam_MEMORY_1_Config1_WriteMask not found: check if there is a RefParameter without a condition.
2025-08-15 12:01:42,124 [WARN] IP:2250 - RefParam_MEMORY_1_Config1_WriteValue not found: check if there is a RefParameter without a condition.
2025-08-15 12:01:42,124 [WARN] IP:2250 - RefParam_MEMORY_1_Config1_RegAddress not found: check if there is a RefParameter without a condition.
2025-08-15 12:01:42,124 [WARN] IP:2250 - RefParam_MEMORY_1_Config2_WriteMask not found: check if there is a RefParameter without a condition.
2025-08-15 12:01:42,124 [WARN] IP:2250 - RefParam_MEMORY_1_Config2_WriteValue not found: check if there is a RefParameter without a condition.
2025-08-15 12:01:42,124 [WARN] IP:2250 - RefParam_MEMORY_1_Config2_RegAddress not found: check if there is a RefParameter without a condition.
2025-08-15 12:01:42,124 [WARN] IP:2250 - RefParam_MEMORY_1_Config3_WriteMask not found: check if there is a RefParameter without a condition.
2025-08-15 12:01:42,125 [WARN] IP:2250 - RefParam_MEMORY_1_Config3_WriteValue not found: check if there is a RefParameter without a condition.
2025-08-15 12:01:42,125 [WARN] IP:2250 - RefParam_MEMORY_1_Config3_RegAddress not found: check if there is a RefParameter without a condition.
2025-08-15 12:01:42,125 [WARN] IP:2250 - RefParam_MEMORY_2_Instance not found: check if there is a RefParameter without a condition.
2025-08-15 12:01:42,125 [WARN] IP:2250 - RefParam_MEMORY_2_ConfigType not found: check if there is a RefParameter without a condition.
2025-08-15 12:01:42,125 [WARN] IP:2250 - RefParam_MEMORY_2_Size not found: check if there is a RefParameter without a condition.
2025-08-15 12:01:42,125 [WARN] IP:2250 - RefParam_MEMORY_2_FreqMax not found: check if there is a RefParameter without a condition.
2025-08-15 12:01:42,125 [WARN] IP:2250 - RefParam_MEMORY_2_ReadReg not found: check if there is a RefParameter without a condition.
2025-08-15 12:01:42,125 [WARN] IP:2250 - RefParam_MEMORY_2_WriteReg not found: check if there is a RefParameter without a condition.
2025-08-15 12:01:42,125 [WARN] IP:2250 - RefParam_MEMORY_2_RegSize not found: check if there is a RefParameter without a condition.
2025-08-15 12:01:42,125 [WARN] IP:2250 - RefParam_MEMORY_2_RegDummyCycle not found: check if there is a RefParameter without a condition.
2025-08-15 12:01:42,125 [WARN] IP:2250 - RefParam_MEMORY_2_WriteCommand not found: check if there is a RefParameter without a condition.
2025-08-15 12:01:42,125 [WARN] IP:2250 - RefParam_MEMORY_2_WriteDummyCycle not found: check if there is a RefParameter without a condition.
2025-08-15 12:01:42,125 [WARN] IP:2250 - RefParam_MEMORY_2_ReadCommand not found: check if there is a RefParameter without a condition.
2025-08-15 12:01:42,125 [WARN] IP:2250 - RefParam_MEMORY_2_WrapReadCommand not found: check if there is a RefParameter without a condition.
2025-08-15 12:01:42,125 [WARN] IP:2250 - RefParam_MEMORY_2_ReadDummyCycle not found: check if there is a RefParameter without a condition.
2025-08-15 12:01:42,125 [WARN] IP:2250 - RefParam_MEMORY_2_NumberOfConfig not found: check if there is a RefParameter without a condition.
2025-08-15 12:01:42,125 [WARN] IP:2250 - RefParam_MEMORY_2_Config1_WriteMask not found: check if there is a RefParameter without a condition.
2025-08-15 12:01:42,125 [WARN] IP:2250 - RefParam_MEMORY_2_Config1_WriteValue not found: check if there is a RefParameter without a condition.
2025-08-15 12:01:42,125 [WARN] IP:2250 - RefParam_MEMORY_2_Config1_RegAddress not found: check if there is a RefParameter without a condition.
2025-08-15 12:01:42,125 [WARN] IP:2250 - RefParam_MEMORY_2_Config2_WriteMask not found: check if there is a RefParameter without a condition.
2025-08-15 12:01:42,125 [WARN] IP:2250 - RefParam_MEMORY_2_Config2_WriteValue not found: check if there is a RefParameter without a condition.
2025-08-15 12:01:42,125 [WARN] IP:2250 - RefParam_MEMORY_2_Config2_RegAddress not found: check if there is a RefParameter without a condition.
2025-08-15 12:01:42,125 [WARN] IP:2250 - RefParam_MEMORY_2_Config3_WriteMask not found: check if there is a RefParameter without a condition.
2025-08-15 12:01:42,125 [WARN] IP:2250 - RefParam_MEMORY_2_Config3_WriteValue not found: check if there is a RefParameter without a condition.
2025-08-15 12:01:42,125 [WARN] IP:2250 - RefParam_MEMORY_2_Config3_RegAddress not found: check if there is a RefParameter without a condition.
2025-08-15 12:01:42,131 [WARN] IP:2250 - pwrPrivilege not found: check if there is a RefParameter without a condition.
2025-08-15 12:01:42,131 [WARN] IP:2250 - pwrPrivilege not found: check if there is a RefParameter without a condition.
2025-08-15 12:01:42,137 [WARN] IP:2250 - Memorytype0 not found: check if there is a RefParameter without a condition.
2025-08-15 12:01:42,137 [WARN] IP:2250 - LL_DeviceAttribute20 not found: check if there is a RefParameter without a condition.
2025-08-15 12:01:42,137 [WARN] IP:2250 - DeviceAttribute0 not found: check if there is a RefParameter without a condition.
2025-08-15 12:01:42,137 [WARN] IP:2250 - DeviceAttribute20 not found: check if there is a RefParameter without a condition.
2025-08-15 12:01:42,137 [WARN] IP:2250 - DeviceAttribute1 not found: check if there is a RefParameter without a condition.
2025-08-15 12:01:42,138 [WARN] IP:2250 - Memorytype2 not found: check if there is a RefParameter without a condition.
2025-08-15 12:01:42,138 [WARN] IP:2250 - LL_DeviceAttribute22 not found: check if there is a RefParameter without a condition.
2025-08-15 12:01:42,138 [WARN] IP:2250 - DeviceAttribute2 not found: check if there is a RefParameter without a condition.
2025-08-15 12:01:42,138 [WARN] IP:2250 - Memorytype3 not found: check if there is a RefParameter without a condition.
2025-08-15 12:01:42,138 [WARN] IP:2250 - LL_DeviceAttribute23 not found: check if there is a RefParameter without a condition.
2025-08-15 12:01:42,138 [WARN] IP:2250 - DeviceAttribute3 not found: check if there is a RefParameter without a condition.
2025-08-15 12:01:42,138 [WARN] IP:2250 - Memorytype4 not found: check if there is a RefParameter without a condition.
2025-08-15 12:01:42,138 [WARN] IP:2250 - LL_DeviceAttribute24 not found: check if there is a RefParameter without a condition.
2025-08-15 12:01:42,138 [WARN] IP:2250 - DeviceAttribute4 not found: check if there is a RefParameter without a condition.
2025-08-15 12:01:42,138 [WARN] IP:2250 - Memorytype5 not found: check if there is a RefParameter without a condition.
2025-08-15 12:01:42,138 [WARN] IP:2250 - LL_DeviceAttribute25 not found: check if there is a RefParameter without a condition.
2025-08-15 12:01:42,138 [WARN] IP:2250 - DeviceAttribute5 not found: check if there is a RefParameter without a condition.
2025-08-15 12:01:42,138 [WARN] IP:2250 - Memorytype6 not found: check if there is a RefParameter without a condition.
2025-08-15 12:01:42,138 [WARN] IP:2250 - LL_DeviceAttribute26 not found: check if there is a RefParameter without a condition.
2025-08-15 12:01:42,138 [WARN] IP:2250 - DeviceAttribute6 not found: check if there is a RefParameter without a condition.
2025-08-15 12:01:42,138 [WARN] IP:2250 - Memorytype7 not found: check if there is a RefParameter without a condition.
2025-08-15 12:01:42,138 [WARN] IP:2250 - LL_DeviceAttribute27 not found: check if there is a RefParameter without a condition.
2025-08-15 12:01:42,138 [WARN] IP:2250 - DeviceAttribute7 not found: check if there is a RefParameter without a condition.
2025-08-15 12:01:42,196 [WARN] IP:2250 - DeviceAttribute0 not found: check if there is a RefParameter without a condition.
2025-08-15 12:01:42,196 [WARN] IP:2250 - Memorytype1 not found: check if there is a RefParameter without a condition.
2025-08-15 12:01:42,196 [WARN] IP:2250 - DeviceAttribute1 not found: check if there is a RefParameter without a condition.
2025-08-15 12:01:42,196 [WARN] IP:2250 - LL_DeviceAttribute21 not found: check if there is a RefParameter without a condition.
2025-08-15 12:01:42,196 [WARN] IP:2250 - Memorytype2 not found: check if there is a RefParameter without a condition.
2025-08-15 12:01:42,196 [WARN] IP:2250 - DeviceAttribute2 not found: check if there is a RefParameter without a condition.
2025-08-15 12:01:42,196 [WARN] IP:2250 - LL_DeviceAttribute22 not found: check if there is a RefParameter without a condition.
2025-08-15 12:01:42,196 [WARN] IP:2250 - Memorytype3 not found: check if there is a RefParameter without a condition.
2025-08-15 12:01:42,196 [WARN] IP:2250 - DeviceAttribute3 not found: check if there is a RefParameter without a condition.
2025-08-15 12:01:42,196 [WARN] IP:2250 - LL_DeviceAttribute23 not found: check if there is a RefParameter without a condition.
2025-08-15 12:01:42,196 [WARN] IP:2250 - Memorytype4 not found: check if there is a RefParameter without a condition.
2025-08-15 12:01:42,196 [WARN] IP:2250 - DeviceAttribute4 not found: check if there is a RefParameter without a condition.
2025-08-15 12:01:42,196 [WARN] IP:2250 - LL_DeviceAttribute24 not found: check if there is a RefParameter without a condition.
2025-08-15 12:01:42,196 [WARN] IP:2250 - Memorytype5 not found: check if there is a RefParameter without a condition.
2025-08-15 12:01:42,196 [WARN] IP:2250 - DeviceAttribute5 not found: check if there is a RefParameter without a condition.
2025-08-15 12:01:42,196 [WARN] IP:2250 - LL_DeviceAttribute25 not found: check if there is a RefParameter without a condition.
2025-08-15 12:01:42,197 [WARN] IP:2250 - Memorytype6 not found: check if there is a RefParameter without a condition.
2025-08-15 12:01:42,197 [WARN] IP:2250 - DeviceAttribute6 not found: check if there is a RefParameter without a condition.
2025-08-15 12:01:42,197 [WARN] IP:2250 - LL_DeviceAttribute26 not found: check if there is a RefParameter without a condition.
2025-08-15 12:01:42,197 [WARN] IP:2250 - Memorytype7 not found: check if there is a RefParameter without a condition.
2025-08-15 12:01:42,197 [WARN] IP:2250 - DeviceAttribute7 not found: check if there is a RefParameter without a condition.
2025-08-15 12:01:42,197 [WARN] IP:2250 - LL_DeviceAttribute27 not found: check if there is a RefParameter without a condition.
2025-08-15 12:01:42,369 [WARN] MainPanel:436 - Warning: This peripheral has no parameters to be configured
2025-08-15 12:01:42,385 [INFO] NvicIntPanel:101 - NVIC parent = com.st.microxplorer.plugins.ip.nvic.MultiNvicIntPanel[,0,0,0x0,invalid,layout=javax.swing.BoxLayout,alignmentX=0.0,alignmentY=0.0,border=,flags=9,maximumSize=,minimumSize=,preferredSize=]
2025-08-15 12:01:49,017 [INFO] AIMainUI:1270 - Restoring parameters from IP...
2025-08-15 12:01:49,018 [INFO] AIMainUI:1393 - No old model detected
2025-08-15 12:01:49,032 [INFO] AI:955 - getUI adding AI com.st.microxplorer.plugins.ip.ai.AI@41b01a09 on STMicroelectronics.X-CUBE-AI.10.2.0_Appli
2025-08-15 12:01:49,453 [INFO] AI:955 - getUI adding AI com.st.microxplorer.plugins.ip.ai.AI@41b01a09 on STMicroelectronics.X-CUBE-AI.10.2.0_Appli
2025-08-15 12:01:49,649 [INFO] BspModel:204 - createCodeInput : COM Port Template : 1 IPName : LPUART IPMode : Asynchronous Component :  Solution : LPUART1 InstanceName : 
2025-08-15 12:01:49,989 [INFO] AI:955 - getUI adding AI com.st.microxplorer.plugins.ip.ai.AI@41b01a09 on STMicroelectronics.X-CUBE-AI.10.2.0_Appli
2025-08-15 12:01:50,217 [INFO] AI:955 - getUI adding AI com.st.microxplorer.plugins.ip.ai.AI@41b01a09 on STMicroelectronics.X-CUBE-AI.10.2.0_Appli
2025-08-15 12:01:50,422 [INFO] BoardParameter:100 - Parameter not set IP=RCC name=SYSCCLKFreq_VALUE id=null desired value=800000000 actual value300000000
2025-08-15 12:01:50,602 [INFO] AI:955 - getUI adding AI com.st.microxplorer.plugins.ip.ai.AI@41b01a09 on STMicroelectronics.X-CUBE-AI.10.2.0_Appli
2025-08-15 12:02:37,586 [INFO] UtilMem:75 - End SaveConfig() Used Memory: 650336000 Bytes (1073741824)
2025-08-15 12:02:45,964 [INFO] MainUpdater:2872 - connection check result : 10
2025-08-15 12:02:45,965 [INFO] MainUpdater:2872 - connection check result : 10
2025-08-15 12:02:46,029 [INFO] MicroXplorer:468 - Change Database Path : 
2025-08-15 12:02:46,029 [INFO] MicroXplorer:498 - Change Database Version : DB.6.0.150
2025-08-15 12:02:46,060 [ERROR] ProjectManagerView:395 - 
java.lang.NullPointerException: Cannot invoke "javax.swing.JTextField.getText()" because the return value of "java.util.List.get(int)" is null
	at com.st.microxplorer.plugins.projectmanager.gui.ProjectChoiceTab$9.caretUpdate(ProjectChoiceTab.java:2706) ~[filemanager.jar:?]
	at javax.swing.text.JTextComponent.fireCaretUpdate(JTextComponent.java:408) ~[?:?]
	at javax.swing.text.JTextComponent$MutableCaretEvent.fire(JTextComponent.java:4484) ~[?:?]
	at javax.swing.text.JTextComponent$MutableCaretEvent.stateChanged(JTextComponent.java:4506) ~[?:?]
	at javax.swing.text.DefaultCaret.fireStateChanged(DefaultCaret.java:857) ~[?:?]
	at javax.swing.text.DefaultCaret.changeCaretPosition(DefaultCaret.java:1343) ~[?:?]
	at javax.swing.text.DefaultCaret.handleSetDot(DefaultCaret.java:1242) ~[?:?]
	at javax.swing.text.DefaultCaret.setDot(DefaultCaret.java:1223) ~[?:?]
	at javax.swing.text.DefaultCaret$Handler.insertUpdate(DefaultCaret.java:1819) ~[?:?]
	at javax.swing.text.AbstractDocument.fireInsertUpdate(AbstractDocument.java:227) ~[?:?]
	at javax.swing.text.AbstractDocument.handleInsertString(AbstractDocument.java:781) ~[?:?]
	at javax.swing.text.AbstractDocument.insertString(AbstractDocument.java:740) ~[?:?]
	at javax.swing.text.PlainDocument.insertString(PlainDocument.java:131) ~[?:?]
	at javax.swing.text.AbstractDocument.replace(AbstractDocument.java:699) ~[?:?]
	at javax.swing.text.JTextComponent.setText(JTextComponent.java:1725) ~[?:?]
	at com.st.microxplorer.plugins.projectmanager.gui.ProjectChoiceTab.createHeapStackFields(ProjectChoiceTab.java:993) ~[filemanager.jar:?]
	at com.st.microxplorer.plugins.projectmanager.gui.ProjectChoiceTab.buildLinkSettingsPanel(ProjectChoiceTab.java:3813) ~[filemanager.jar:?]
	at com.st.microxplorer.plugins.projectmanager.gui.ProjectChoiceTab.defineWindowsFields(ProjectChoiceTab.java:1987) ~[filemanager.jar:?]
	at com.st.microxplorer.plugins.projectmanager.gui.ProjectChoiceTab.updateSettings(ProjectChoiceTab.java:558) ~[filemanager.jar:?]
	at com.st.microxplorer.plugins.projectmanager.gui.ProjectSettingsPanel.UpdateDialog(ProjectSettingsPanel.java:247) ~[filemanager.jar:?]
	at com.st.microxplorer.plugins.projectmanager.ProjectManagerView.propertyChange(ProjectManagerView.java:392) ~[filemanager.jar:?]
	at java.beans.PropertyChangeSupport.fire(PropertyChangeSupport.java:343) ~[?:?]
	at java.beans.PropertyChangeSupport.firePropertyChange(PropertyChangeSupport.java:335) ~[?:?]
	at java.beans.PropertyChangeSupport.firePropertyChange(PropertyChangeSupport.java:268) ~[?:?]
	at com.st.microxplorer.util.MXPropertyChangeSupport.firePropertyChange(MXPropertyChangeSupport.java:54) ~[STM32CubeMX.jar:?]
	at com.st.microxplorer.mxsystem.MxSystem.closeConfig(MxSystem.java:899) ~[STM32CubeMX.jar:?]
	at com.st.microxplorer.maingui.MainPanel.closeConfig(MainPanel.java:792) ~[STM32CubeMX.jar:?]
	at com.st.microxplorer.plugins.filemanager.engine.OpenFileManager.loadConfigurationFile(OpenFileManager.java:288) ~[filemanager.jar:?]
	at com.st.microxplorer.plugins.filemanager.engine.MainFileManager.userLoadConfig(MainFileManager.java:364) ~[filemanager.jar:?]
	at com.st.microxplorer.plugins.filemanager.engine.MainFileManager.userLoadConfig(MainFileManager.java:342) ~[filemanager.jar:?]
	at com.st.microxplorer.plugins.filemanager.FileManagerView.getSpecificTask(FileManagerView.java:264) ~[filemanager.jar:?]
	at com.st.stm32cube.common.mx.editor.CubeMxEditor.getMxTabbedPaneInstance(CubeMxEditor.java:1198) ~[com.st.stm32cube.common.mx_6.15.0.202507011659/:?]
	at com.st.stm32cube.common.mx.editor.CubeMxEditor$12$1.createSwingComponent(CubeMxEditor.java:1068) ~[com.st.stm32cube.common.mx_6.15.0.202507011659/:?]
	at com.st.stm32cube.common.mx.oss.core.awtswtbridge.EmbeddedSwingComposite.doComponentCreation(EmbeddedSwingComposite.java:492) ~[com.st.stm32cube.common.mx.oss_6.15.0.202507011659/:?]
	at com.st.stm32cube.common.mx.oss.core.awtswtbridge.EmbeddedSwingComposite$4.run(EmbeddedSwingComposite.java:291) ~[com.st.stm32cube.common.mx.oss_6.15.0.202507011659/:?]
	at com.st.stm32cube.common.mx.oss.core.awtswtbridge.AwtEnvironment$2.run(AwtEnvironment.java:166) ~[com.st.stm32cube.common.mx.oss_6.15.0.202507011659/:?]
	at java.awt.event.InvocationEvent.dispatch(InvocationEvent.java:318) ~[?:?]
	at java.awt.EventQueue.dispatchEventImpl(EventQueue.java:773) ~[?:?]
	at java.awt.EventQueue$4.run(EventQueue.java:720) ~[?:?]
	at java.awt.EventQueue$4.run(EventQueue.java:714) ~[?:?]
	at java.security.AccessController.doPrivileged(AccessController.java:400) ~[?:?]
	at java.security.ProtectionDomain$JavaSecurityAccessImpl.doIntersectionPrivilege(ProtectionDomain.java:87) ~[?:?]
	at java.awt.EventQueue.dispatchEvent(EventQueue.java:742) ~[?:?]
	at java.awt.EventDispatchThread.pumpOneEventForFilters(EventDispatchThread.java:203) ~[?:?]
	at java.awt.EventDispatchThread.pumpEventsForFilter(EventDispatchThread.java:124) ~[?:?]
	at java.awt.EventDispatchThread.pumpEventsForFilter(EventDispatchThread.java:117) ~[?:?]
	at java.awt.WaitDispatchSupport$2.run(WaitDispatchSupport.java:191) ~[?:?]
	at java.awt.WaitDispatchSupport$4.run(WaitDispatchSupport.java:236) ~[?:?]
	at java.awt.WaitDispatchSupport$4.run(WaitDispatchSupport.java:234) ~[?:?]
	at java.security.AccessController.doPrivileged(AccessController.java:319) ~[?:?]
	at java.awt.WaitDispatchSupport.enter(WaitDispatchSupport.java:234) ~[?:?]
	at java.awt.Dialog.show(Dialog.java:1079) ~[?:?]
	at javax.swing.JOptionPane.showOptionDialog(JOptionPane.java:881) ~[?:?]
	at javax.swing.JOptionPane.showConfirmDialog(JOptionPane.java:806) ~[?:?]
	at javax.swing.JOptionPane.showConfirmDialog(JOptionPane.java:768) ~[?:?]
	at javax.swing.JOptionPane.showConfirmDialog(JOptionPane.java:729) ~[?:?]
	at com.st.microxplorer.plugins.ip.ai.AI.aiSetModes(AI.java:1744) ~[?:?]
	at com.st.microxplorer.plugins.ip.ai.AI.propertyChange(AI.java:1629) ~[?:?]
	at java.beans.PropertyChangeSupport.fire(PropertyChangeSupport.java:343) ~[?:?]
	at java.beans.PropertyChangeSupport.firePropertyChange(PropertyChangeSupport.java:335) ~[?:?]
	at java.beans.PropertyChangeSupport.firePropertyChange(PropertyChangeSupport.java:268) ~[?:?]
	at com.st.microxplorer.util.MXPropertyChangeSupport.firePropertyChange(MXPropertyChangeSupport.java:54) ~[STM32CubeMX.jar:?]
	at com.st.microxplorer.mxsystem.MxSystem.firePropertyChange(MxSystem.java:357) ~[STM32CubeMX.jar:?]
	at com.st.microxplorer.plugins.pinoutconfig.guiV5.PeripheralsSelectionPanel.selectIP(PeripheralsSelectionPanel.java:409) ~[?:?]
	at com.st.microxplorer.plugins.pinoutconfig.guiV5.PeripheralsListListener.mouseClicked(PeripheralsListListener.java:103) ~[?:?]
	at java.awt.AWTEventMulticaster.mouseClicked(AWTEventMulticaster.java:278) ~[?:?]
	at java.awt.Component.processMouseEvent(Component.java:6624) ~[?:?]
	at javax.swing.JComponent.processMouseEvent(JComponent.java:3398) ~[?:?]
	at java.awt.Component.processEvent(Component.java:6386) ~[?:?]
	at java.awt.Container.processEvent(Container.java:2266) ~[?:?]
	at java.awt.Component.dispatchEventImpl(Component.java:4996) ~[?:?]
	at java.awt.Container.dispatchEventImpl(Container.java:2324) ~[?:?]
	at java.awt.Component.dispatchEvent(Component.java:4828) ~[?:?]
	at java.awt.LightweightDispatcher.retargetMouseEvent(Container.java:4948) ~[?:?]
	at java.awt.LightweightDispatcher.processMouseEvent(Container.java:4584) ~[?:?]
	at java.awt.LightweightDispatcher.dispatchEvent(Container.java:4516) ~[?:?]
	at java.awt.Container.dispatchEventImpl(Container.java:2310) ~[?:?]
	at java.awt.Component.dispatchEvent(Component.java:4828) ~[?:?]
	at java.awt.EventQueue.dispatchEventImpl(EventQueue.java:775) ~[?:?]
	at java.awt.EventQueue$4.run(EventQueue.java:720) ~[?:?]
	at java.awt.EventQueue$4.run(EventQueue.java:714) ~[?:?]
	at java.security.AccessController.doPrivileged(AccessController.java:400) ~[?:?]
	at java.security.ProtectionDomain$JavaSecurityAccessImpl.doIntersectionPrivilege(ProtectionDomain.java:87) ~[?:?]
	at java.security.ProtectionDomain$JavaSecurityAccessImpl.doIntersectionPrivilege(ProtectionDomain.java:98) ~[?:?]
	at java.awt.EventQueue$5.run(EventQueue.java:747) ~[?:?]
	at java.awt.EventQueue$5.run(EventQueue.java:745) ~[?:?]
	at java.security.AccessController.doPrivileged(AccessController.java:400) ~[?:?]
	at java.security.ProtectionDomain$JavaSecurityAccessImpl.doIntersectionPrivilege(ProtectionDomain.java:87) ~[?:?]
	at java.awt.EventQueue.dispatchEvent(EventQueue.java:744) ~[?:?]
	at java.awt.EventDispatchThread.pumpOneEventForFilters(EventDispatchThread.java:203) ~[?:?]
	at java.awt.EventDispatchThread.pumpEventsForFilter(EventDispatchThread.java:124) ~[?:?]
	at java.awt.EventDispatchThread.pumpEventsForHierarchy(EventDispatchThread.java:113) ~[?:?]
	at java.awt.EventDispatchThread.pumpEvents(EventDispatchThread.java:109) ~[?:?]
	at java.awt.EventDispatchThread.pumpEvents(EventDispatchThread.java:101) ~[?:?]
	at java.awt.EventDispatchThread.run(EventDispatchThread.java:90) ~[?:?]
2025-08-15 12:02:46,073 [WARN] ThirdParty:871 - waiting for thirdparty lock release [close project]
2025-08-15 12:02:46,073 [INFO] ThirdParty:873 - entering critical section [close project]
2025-08-15 12:02:46,307 [INFO] ThirdParty:883 - exiting critical section [close project]
2025-08-15 12:02:46,309 [INFO] PinOutPanel:1589 - setPackage(No Configuration,No Configuration)
2025-08-15 12:02:46,311 [INFO] AI:982 - onDisable adding AI com.st.microxplorer.plugins.ip.ai.AI@41b01a09 on STMicroelectronics.X-CUBE-AI.10.2.0_Appli
2025-08-15 12:02:46,458 [INFO] UtilMem:75 - Begin LoadConfig() Used Memory: 654906896 Bytes (1073741824)
2025-08-15 12:02:46,459 [INFO] MicroXplorer:468 - Change Database Path : 
2025-08-15 12:02:46,460 [INFO] MicroXplorer:498 - Change Database Version : DB.6.0.150
2025-08-15 12:02:46,460 [INFO] OpenFileManager:355 - Change cursor
2025-08-15 12:02:46,606 [INFO] RulesReader:64 - Compatibility file has been processed (317 Rules)
2025-08-15 12:02:46,624 [INFO] Mcu:2029 - Initializing MCU STM32N657X0HxQ STM32N657X0HxQ STM32N657X0H3Q
2025-08-15 12:02:51,965 [INFO] Context:786 - Trying to add GPIOservice into a context  which must be forbidden
2025-08-15 12:02:51,966 [INFO] Context:786 - Trying to add GPIOservice into a context  which must be forbidden
2025-08-15 12:02:51,966 [INFO] Context:786 - Trying to add GPIOservice into a context  which must be forbidden
2025-08-15 12:02:51,966 [INFO] Context:786 - Trying to add GPIOservice into a context  which must be forbidden
2025-08-15 12:02:51,967 [INFO] Context:786 - Trying to add GPIOservice into a context  which must be forbidden
2025-08-15 12:02:53,690 [INFO] ApiDbMcu:532 - Load IP Config File for STMicroelectronics.X-CUBE-AI.10.2.0_Appli
2025-08-15 12:02:53,876 [INFO] ApiDbMcu:532 - Load IP Config File for NUCLEO-N657X0-Q
2025-08-15 12:02:53,975 [INFO] Context:786 - Trying to add GPIOservice into a context  which must be forbidden
2025-08-15 12:02:53,983 [INFO] Context:786 - Trying to add GPIOservice into a context  which must be forbidden
2025-08-15 12:02:53,986 [ERROR] Context:921 - The IP RIF is not set in context FSBL
2025-08-15 12:02:53,987 [INFO] Context:786 - Trying to add GPIOservice into a context  which must be forbidden
2025-08-15 12:02:54,143 [WARN] ModelIntegratedComponent:63 - No mode defined for component null
2025-08-15 12:02:54,143 [WARN] ModelIntegratedComponent:63 - No mode defined for component null
2025-08-15 12:02:54,143 [WARN] ModelIntegratedComponent:63 - No mode defined for component null
2025-08-15 12:02:54,143 [WARN] ModelIntegratedComponent:63 - No mode defined for component null
2025-08-15 12:02:54,143 [WARN] ModelIntegratedComponent:63 - No mode defined for component null
2025-08-15 12:02:54,143 [WARN] ModelIntegratedComponent:63 - No mode defined for component null
2025-08-15 12:02:54,143 [WARN] ModelIntegratedComponent:63 - No mode defined for component null
2025-08-15 12:02:54,143 [WARN] ModelIntegratedComponent:63 - No mode defined for component null
2025-08-15 12:02:54,143 [WARN] ModelIntegratedComponent:63 - No mode defined for component null
2025-08-15 12:02:54,144 [WARN] ModelIntegratedComponent:63 - No mode defined for component null
2025-08-15 12:02:54,144 [WARN] ModelIntegratedComponent:63 - No mode defined for component null
2025-08-15 12:02:54,144 [WARN] ModelIntegratedComponent:63 - No mode defined for component null
2025-08-15 12:02:54,144 [WARN] ModelIntegratedComponent:63 - No mode defined for component null
2025-08-15 12:02:54,144 [WARN] ModelIntegratedComponent:63 - No mode defined for component null
2025-08-15 12:02:54,144 [WARN] ModelIntegratedComponent:63 - No mode defined for component null
2025-08-15 12:02:54,144 [WARN] ModelIntegratedComponent:63 - No mode defined for component null
2025-08-15 12:02:54,144 [WARN] ModelIntegratedComponent:63 - No mode defined for component null
2025-08-15 12:02:54,145 [WARN] ModelIntegratedComponent:63 - No mode defined for component null
2025-08-15 12:02:54,145 [WARN] ModelIntegratedComponent:63 - No mode defined for component null
2025-08-15 12:02:54,145 [WARN] ModelIntegratedComponent:63 - No mode defined for component null
2025-08-15 12:02:54,145 [WARN] ModelIntegratedComponent:63 - No mode defined for component null
2025-08-15 12:02:54,145 [WARN] ModelIntegratedComponent:63 - No mode defined for component null
2025-08-15 12:02:54,145 [WARN] ModelIntegratedComponent:63 - No mode defined for component null
2025-08-15 12:02:54,145 [WARN] ModelIntegratedComponent:63 - No mode defined for component null
2025-08-15 12:02:54,145 [WARN] ModelIntegratedComponent:63 - No mode defined for component null
2025-08-15 12:02:54,145 [WARN] ModelIntegratedComponent:63 - No mode defined for component null
2025-08-15 12:02:54,145 [WARN] ModelIntegratedComponent:63 - No mode defined for component null
2025-08-15 12:02:54,145 [WARN] ModelIntegratedComponent:63 - No mode defined for component null
2025-08-15 12:02:54,145 [WARN] ModelIntegratedComponent:63 - No mode defined for component null
2025-08-15 12:02:54,146 [WARN] ModelIntegratedComponent:63 - No mode defined for component null
2025-08-15 12:02:54,146 [WARN] ModelIntegratedComponent:63 - No mode defined for component null
2025-08-15 12:02:54,146 [WARN] ModelIntegratedComponent:63 - No mode defined for component null
2025-08-15 12:02:54,146 [WARN] ModelIntegratedComponent:63 - No mode defined for component null
2025-08-15 12:02:54,146 [WARN] ModelIntegratedComponent:63 - No mode defined for component null
2025-08-15 12:02:54,146 [WARN] ModelIntegratedComponent:63 - No mode defined for component null
2025-08-15 12:02:54,146 [WARN] ModelPack:524 - Component already loaded: STMicroelectronics:HAL Drivers:0.0.0:STMicroelectronics:Device:STMicro_Driver:XSPI:HAL::0.0.1:HAL_XSPI
2025-08-15 12:02:54,161 [INFO] RtosManager:558 - Registered RTOS mode: class=RTOS, group=ThreadX, mode=Core, owner=THREADX
2025-08-15 12:02:54,257 [WARN] ModelIntegratedComponent:63 - No mode defined for component null
2025-08-15 12:02:54,257 [WARN] ModelIntegratedComponent:63 - No mode defined for component null
2025-08-15 12:02:54,257 [WARN] ModelIntegratedComponent:63 - No mode defined for component null
2025-08-15 12:02:54,257 [WARN] ModelIntegratedComponent:63 - No mode defined for component null
2025-08-15 12:02:54,257 [WARN] ModelIntegratedComponent:63 - No mode defined for component null
2025-08-15 12:02:54,258 [WARN] ModelIntegratedComponent:63 - No mode defined for component null
2025-08-15 12:02:54,258 [WARN] ModelIntegratedComponent:63 - No mode defined for component null
2025-08-15 12:02:54,258 [WARN] ModelIntegratedComponent:63 - No mode defined for component null
2025-08-15 12:02:54,258 [WARN] ModelIntegratedComponent:63 - No mode defined for component null
2025-08-15 12:02:54,258 [WARN] ModelIntegratedComponent:63 - No mode defined for component null
2025-08-15 12:02:54,258 [WARN] ModelIntegratedComponent:63 - No mode defined for component null
2025-08-15 12:02:54,258 [WARN] ModelIntegratedComponent:63 - No mode defined for component null
2025-08-15 12:02:54,258 [WARN] ModelIntegratedComponent:63 - No mode defined for component null
2025-08-15 12:02:54,259 [WARN] ModelIntegratedComponent:63 - No mode defined for component null
2025-08-15 12:02:54,259 [WARN] ModelIntegratedComponent:63 - No mode defined for component null
2025-08-15 12:02:54,259 [WARN] ModelIntegratedComponent:63 - No mode defined for component null
2025-08-15 12:02:54,259 [WARN] ModelIntegratedComponent:63 - No mode defined for component null
2025-08-15 12:02:54,259 [WARN] ModelIntegratedComponent:63 - No mode defined for component null
2025-08-15 12:02:54,259 [WARN] ModelIntegratedComponent:63 - No mode defined for component null
2025-08-15 12:02:54,259 [WARN] ModelIntegratedComponent:63 - No mode defined for component null
2025-08-15 12:02:54,259 [WARN] ModelIntegratedComponent:63 - No mode defined for component null
2025-08-15 12:02:54,259 [WARN] ModelIntegratedComponent:63 - No mode defined for component null
2025-08-15 12:02:54,259 [WARN] ModelIntegratedComponent:63 - No mode defined for component null
2025-08-15 12:02:54,259 [WARN] ModelIntegratedComponent:63 - No mode defined for component null
2025-08-15 12:02:54,259 [WARN] ModelIntegratedComponent:63 - No mode defined for component null
2025-08-15 12:02:54,259 [WARN] ModelIntegratedComponent:63 - No mode defined for component null
2025-08-15 12:02:54,259 [WARN] ModelIntegratedComponent:63 - No mode defined for component null
2025-08-15 12:02:54,259 [WARN] ModelIntegratedComponent:63 - No mode defined for component null
2025-08-15 12:02:54,259 [WARN] ModelIntegratedComponent:63 - No mode defined for component null
2025-08-15 12:02:54,259 [WARN] ModelIntegratedComponent:63 - No mode defined for component null
2025-08-15 12:02:54,259 [WARN] ModelIntegratedComponent:63 - No mode defined for component null
2025-08-15 12:02:54,260 [WARN] ModelIntegratedComponent:63 - No mode defined for component null
2025-08-15 12:02:54,260 [WARN] ModelIntegratedComponent:63 - No mode defined for component null
2025-08-15 12:02:54,260 [WARN] ModelIntegratedComponent:63 - No mode defined for component null
2025-08-15 12:02:54,260 [WARN] ModelIntegratedComponent:63 - No mode defined for component null
2025-08-15 12:02:54,260 [WARN] ModelPack:524 - Component already loaded: STMicroelectronics:HAL Drivers:0.0.0:STMicroelectronics:Device:STMicro_Driver:XSPI:HAL::0.0.1:HAL_XSPI
2025-08-15 12:02:54,262 [INFO] RtosManager:558 - Registered RTOS mode: class=RTOS, group=ThreadX, mode=Core, owner=THREADX
2025-08-15 12:02:54,310 [WARN] ModelIntegratedComponent:63 - No mode defined for component null
2025-08-15 12:02:54,310 [WARN] ModelIntegratedComponent:63 - No mode defined for component null
2025-08-15 12:02:54,310 [WARN] ModelIntegratedComponent:63 - No mode defined for component null
2025-08-15 12:02:54,310 [WARN] ModelIntegratedComponent:63 - No mode defined for component null
2025-08-15 12:02:54,311 [WARN] ModelIntegratedComponent:63 - No mode defined for component null
2025-08-15 12:02:54,311 [WARN] ModelIntegratedComponent:63 - No mode defined for component null
2025-08-15 12:02:54,311 [WARN] ModelIntegratedComponent:63 - No mode defined for component null
2025-08-15 12:02:54,311 [WARN] ModelIntegratedComponent:63 - No mode defined for component null
2025-08-15 12:02:54,311 [WARN] ModelIntegratedComponent:63 - No mode defined for component null
2025-08-15 12:02:54,311 [WARN] ModelIntegratedComponent:63 - No mode defined for component null
2025-08-15 12:02:54,311 [WARN] ModelIntegratedComponent:63 - No mode defined for component null
2025-08-15 12:02:54,311 [WARN] ModelIntegratedComponent:63 - No mode defined for component null
2025-08-15 12:02:54,311 [WARN] ModelIntegratedComponent:63 - No mode defined for component null
2025-08-15 12:02:54,311 [WARN] ModelIntegratedComponent:63 - No mode defined for component null
2025-08-15 12:02:54,311 [WARN] ModelIntegratedComponent:63 - No mode defined for component null
2025-08-15 12:02:54,311 [WARN] ModelIntegratedComponent:63 - No mode defined for component null
2025-08-15 12:02:54,311 [WARN] ModelIntegratedComponent:63 - No mode defined for component null
2025-08-15 12:02:54,311 [WARN] ModelIntegratedComponent:63 - No mode defined for component null
2025-08-15 12:02:54,311 [WARN] ModelIntegratedComponent:63 - No mode defined for component null
2025-08-15 12:02:54,311 [WARN] ModelIntegratedComponent:63 - No mode defined for component null
2025-08-15 12:02:54,311 [WARN] ModelIntegratedComponent:63 - No mode defined for component null
2025-08-15 12:02:54,311 [WARN] ModelIntegratedComponent:63 - No mode defined for component null
2025-08-15 12:02:54,312 [WARN] ModelIntegratedComponent:63 - No mode defined for component null
2025-08-15 12:02:54,312 [WARN] ModelIntegratedComponent:63 - No mode defined for component null
2025-08-15 12:02:54,312 [WARN] ModelIntegratedComponent:63 - No mode defined for component null
2025-08-15 12:02:54,312 [WARN] ModelIntegratedComponent:63 - No mode defined for component null
2025-08-15 12:02:54,312 [WARN] ModelIntegratedComponent:63 - No mode defined for component null
2025-08-15 12:02:54,312 [WARN] ModelIntegratedComponent:63 - No mode defined for component null
2025-08-15 12:02:54,312 [WARN] ModelIntegratedComponent:63 - No mode defined for component null
2025-08-15 12:02:54,312 [WARN] ModelIntegratedComponent:63 - No mode defined for component null
2025-08-15 12:02:54,312 [WARN] ModelIntegratedComponent:63 - No mode defined for component null
2025-08-15 12:02:54,312 [WARN] ModelIntegratedComponent:63 - No mode defined for component null
2025-08-15 12:02:54,312 [WARN] ModelIntegratedComponent:63 - No mode defined for component null
2025-08-15 12:02:54,312 [WARN] ModelIntegratedComponent:63 - No mode defined for component null
2025-08-15 12:02:54,312 [WARN] ModelIntegratedComponent:63 - No mode defined for component null
2025-08-15 12:02:54,312 [WARN] ModelPack:524 - Component already loaded: STMicroelectronics:HAL Drivers:0.0.0:STMicroelectronics:Device:STMicro_Driver:XSPI:HAL::0.0.1:HAL_XSPI
2025-08-15 12:02:54,315 [INFO] RtosManager:558 - Registered RTOS mode: class=RTOS, group=ThreadX, mode=Core, owner=THREADX
2025-08-15 12:02:54,360 [ERROR] ThirdPartyModel:1051 - Thirdparty pack not in same context : STMicroelectronics.X-CUBE-AI.10.2.0_Appli
2025-08-15 12:02:54,360 [ERROR] ThirdPartyModel:1051 - Thirdparty pack not in same context : STMicroelectronics.X-CUBE-AI.10.2.0_Appli
2025-08-15 12:02:55,074 [INFO] ApiDbMcu:532 - Load IP Config File for EXTMEM_MANAGER
2025-08-15 12:02:55,092 [INFO] ThirdPartyModel:298 - Start build external matchings
2025-08-15 12:02:55,294 [INFO] ThirdPartyModel:316 - End build external matchings
2025-08-15 12:02:55,300 [INFO] ThirdPartyModel:298 - Start build external matchings
2025-08-15 12:02:55,497 [INFO] ThirdPartyModel:316 - End build external matchings
2025-08-15 12:02:55,502 [INFO] ThirdPartyModel:298 - Start build external matchings
2025-08-15 12:02:55,730 [INFO] ThirdPartyModel:316 - End build external matchings
2025-08-15 12:02:55,738 [INFO] ImportTextPane:234 - (OptionalMessage_ERROR) IP (CORTEX_M55_S) : Parameter (AttributesIndex) has invalid value (null)
2025-08-15 12:02:55,739 [INFO] ImportTextPane:234 - (OptionalMessage_ERROR) IP (CORTEX_M55_S) : Parameter (AccessPermission) has invalid value (null)
2025-08-15 12:02:55,739 [WARN] IP:2250 - RefParam_LRUN_SRC_memory not found: check if there is a RefParameter without a condition.
2025-08-15 12:02:55,739 [WARN] IP:2250 - RefParam_LRUN_SRC_offset not found: check if there is a RefParameter without a condition.
2025-08-15 12:02:55,739 [WARN] IP:2250 - RefParam_LRUN_SRC_size not found: check if there is a RefParameter without a condition.
2025-08-15 12:02:55,739 [WARN] IP:2250 - RefParam_LRUN_DEST_memory not found: check if there is a RefParameter without a condition.
2025-08-15 12:02:55,739 [WARN] IP:2250 - RefParam_LRUN_DEST_offset not found: check if there is a RefParameter without a condition.
2025-08-15 12:02:55,739 [WARN] IP:2250 - RefParam_MEMORY_1_Size not found: check if there is a RefParameter without a condition.
2025-08-15 12:02:55,739 [WARN] IP:2250 - RefParam_MEMORY_1_FreqMax not found: check if there is a RefParameter without a condition.
2025-08-15 12:02:55,740 [WARN] IP:2250 - RefParam_MEMORY_1_ReadReg not found: check if there is a RefParameter without a condition.
2025-08-15 12:02:55,740 [WARN] IP:2250 - RefParam_MEMORY_1_WriteReg not found: check if there is a RefParameter without a condition.
2025-08-15 12:02:55,740 [WARN] IP:2250 - RefParam_MEMORY_1_RegSize not found: check if there is a RefParameter without a condition.
2025-08-15 12:02:55,740 [WARN] IP:2250 - RefParam_MEMORY_1_RegDummyCycle not found: check if there is a RefParameter without a condition.
2025-08-15 12:02:55,740 [WARN] IP:2250 - RefParam_MEMORY_1_WriteCommand not found: check if there is a RefParameter without a condition.
2025-08-15 12:02:55,740 [WARN] IP:2250 - RefParam_MEMORY_1_WriteDummyCycle not found: check if there is a RefParameter without a condition.
2025-08-15 12:02:55,740 [WARN] IP:2250 - RefParam_MEMORY_1_ReadCommand not found: check if there is a RefParameter without a condition.
2025-08-15 12:02:55,740 [WARN] IP:2250 - RefParam_MEMORY_1_WrapReadCommand not found: check if there is a RefParameter without a condition.
2025-08-15 12:02:55,740 [WARN] IP:2250 - RefParam_MEMORY_1_ReadDummyCycle not found: check if there is a RefParameter without a condition.
2025-08-15 12:02:55,740 [WARN] IP:2250 - RefParam_MEMORY_1_NumberOfConfig not found: check if there is a RefParameter without a condition.
2025-08-15 12:02:55,740 [WARN] IP:2250 - RefParam_MEMORY_1_Config1_WriteMask not found: check if there is a RefParameter without a condition.
2025-08-15 12:02:55,740 [WARN] IP:2250 - RefParam_MEMORY_1_Config1_WriteValue not found: check if there is a RefParameter without a condition.
2025-08-15 12:02:55,740 [WARN] IP:2250 - RefParam_MEMORY_1_Config1_RegAddress not found: check if there is a RefParameter without a condition.
2025-08-15 12:02:55,740 [WARN] IP:2250 - RefParam_MEMORY_1_Config2_WriteMask not found: check if there is a RefParameter without a condition.
2025-08-15 12:02:55,740 [WARN] IP:2250 - RefParam_MEMORY_1_Config2_WriteValue not found: check if there is a RefParameter without a condition.
2025-08-15 12:02:55,740 [WARN] IP:2250 - RefParam_MEMORY_1_Config2_RegAddress not found: check if there is a RefParameter without a condition.
2025-08-15 12:02:55,740 [WARN] IP:2250 - RefParam_MEMORY_1_Config3_WriteMask not found: check if there is a RefParameter without a condition.
2025-08-15 12:02:55,740 [WARN] IP:2250 - RefParam_MEMORY_1_Config3_WriteValue not found: check if there is a RefParameter without a condition.
2025-08-15 12:02:55,740 [WARN] IP:2250 - RefParam_MEMORY_1_Config3_RegAddress not found: check if there is a RefParameter without a condition.
2025-08-15 12:02:55,740 [WARN] IP:2250 - RefParam_MEMORY_2_Instance not found: check if there is a RefParameter without a condition.
2025-08-15 12:02:55,740 [WARN] IP:2250 - RefParam_MEMORY_2_ConfigType not found: check if there is a RefParameter without a condition.
2025-08-15 12:02:55,740 [WARN] IP:2250 - RefParam_MEMORY_2_Size not found: check if there is a RefParameter without a condition.
2025-08-15 12:02:55,740 [WARN] IP:2250 - RefParam_MEMORY_2_FreqMax not found: check if there is a RefParameter without a condition.
2025-08-15 12:02:55,740 [WARN] IP:2250 - RefParam_MEMORY_2_ReadReg not found: check if there is a RefParameter without a condition.
2025-08-15 12:02:55,740 [WARN] IP:2250 - RefParam_MEMORY_2_WriteReg not found: check if there is a RefParameter without a condition.
2025-08-15 12:02:55,740 [WARN] IP:2250 - RefParam_MEMORY_2_RegSize not found: check if there is a RefParameter without a condition.
2025-08-15 12:02:55,740 [WARN] IP:2250 - RefParam_MEMORY_2_RegDummyCycle not found: check if there is a RefParameter without a condition.
2025-08-15 12:02:55,740 [WARN] IP:2250 - RefParam_MEMORY_2_WriteCommand not found: check if there is a RefParameter without a condition.
2025-08-15 12:02:55,740 [WARN] IP:2250 - RefParam_MEMORY_2_WriteDummyCycle not found: check if there is a RefParameter without a condition.
2025-08-15 12:02:55,740 [WARN] IP:2250 - RefParam_MEMORY_2_ReadCommand not found: check if there is a RefParameter without a condition.
2025-08-15 12:02:55,740 [WARN] IP:2250 - RefParam_MEMORY_2_WrapReadCommand not found: check if there is a RefParameter without a condition.
2025-08-15 12:02:55,740 [WARN] IP:2250 - RefParam_MEMORY_2_ReadDummyCycle not found: check if there is a RefParameter without a condition.
2025-08-15 12:02:55,740 [WARN] IP:2250 - RefParam_MEMORY_2_NumberOfConfig not found: check if there is a RefParameter without a condition.
2025-08-15 12:02:55,740 [WARN] IP:2250 - RefParam_MEMORY_2_Config1_WriteMask not found: check if there is a RefParameter without a condition.
2025-08-15 12:02:55,740 [WARN] IP:2250 - RefParam_MEMORY_2_Config1_WriteValue not found: check if there is a RefParameter without a condition.
2025-08-15 12:02:55,740 [WARN] IP:2250 - RefParam_MEMORY_2_Config1_RegAddress not found: check if there is a RefParameter without a condition.
2025-08-15 12:02:55,741 [WARN] IP:2250 - RefParam_MEMORY_2_Config2_WriteMask not found: check if there is a RefParameter without a condition.
2025-08-15 12:02:55,741 [WARN] IP:2250 - RefParam_MEMORY_2_Config2_WriteValue not found: check if there is a RefParameter without a condition.
2025-08-15 12:02:55,741 [WARN] IP:2250 - RefParam_MEMORY_2_Config2_RegAddress not found: check if there is a RefParameter without a condition.
2025-08-15 12:02:55,741 [WARN] IP:2250 - RefParam_MEMORY_2_Config3_WriteMask not found: check if there is a RefParameter without a condition.
2025-08-15 12:02:55,741 [WARN] IP:2250 - RefParam_MEMORY_2_Config3_WriteValue not found: check if there is a RefParameter without a condition.
2025-08-15 12:02:55,741 [WARN] IP:2250 - RefParam_MEMORY_2_Config3_RegAddress not found: check if there is a RefParameter without a condition.
2025-08-15 12:02:55,757 [INFO] ImportTextPane:234 - (OptionalMessage_ERROR) IP (RIF) : Invalid parameter ()
2025-08-15 12:02:55,757 [INFO] ImportTextPane:234 - (OptionalMessage_ERROR) IP (RIF) : Invalid parameter ()
2025-08-15 12:02:55,757 [INFO] ImportTextPane:234 - (OptionalMessage_ERROR) IP (RIF) : Invalid parameter ()
2025-08-15 12:02:55,757 [INFO] ImportTextPane:234 - (OptionalMessage_ERROR) IP (RIF) : Invalid parameter ()
2025-08-15 12:02:55,757 [INFO] ImportTextPane:234 - (OptionalMessage_ERROR) IP (RIF) : Invalid parameter ()
2025-08-15 12:02:55,922 [INFO] UtilMem:75 - End LoadConfig() Used Memory: 983718520 Bytes (1073741824)
2025-08-15 12:02:56,004 [WARN] ThirdParty:833 - waiting for thirdparty lock release [change project]
2025-08-15 12:02:56,005 [INFO] ThirdParty:835 - entering critical section [change project]
2025-08-15 12:02:56,005 [INFO] ThirdParty:1030 - CMSIS Pack Vendor :STMicroelectronics X-CUBE-PM33A1 1.0.0
2025-08-15 12:02:56,005 [INFO] ThirdParty:1030 - CMSIS Pack Vendor :STMicroelectronics USBPD 4.1
2025-08-15 12:02:56,005 [INFO] ThirdParty:1030 - CMSIS Pack Vendor :STMicroelectronics X-CUBE-NFC9 1.0.0
2025-08-15 12:02:56,005 [INFO] ThirdParty:1030 - CMSIS Pack Vendor :wolfSSL I-CUBE-wolfSSL 5.8.0
2025-08-15 12:02:56,005 [INFO] ThirdParty:1030 - CMSIS Pack Vendor :STMicroelectronics USB_HOST 2.0.0
2025-08-15 12:02:56,005 [INFO] ThirdParty:1030 - CMSIS Pack Vendor :STMicroelectronics FP-SNS-MOTENVWB1 1.4.0
2025-08-15 12:02:56,005 [INFO] ThirdParty:1030 - CMSIS Pack Vendor :STMicroelectronics X-CUBE-AZRTOS-F4 1.1.0
2025-08-15 12:02:56,005 [INFO] ThirdParty:1030 - CMSIS Pack Vendor :STMicroelectronics LIBJPEG 8.0.0
2025-08-15 12:02:56,005 [INFO] ThirdParty:1030 - CMSIS Pack Vendor :STMicroelectronics FP-ATR-ASTRA1 2.0.2
2025-08-15 12:02:56,006 [INFO] ThirdParty:1030 - CMSIS Pack Vendor :STMicroelectronics X-CUBE-BLE1 7.1.0
2025-08-15 12:02:56,006 [INFO] ThirdParty:1030 - CMSIS Pack Vendor :Avnet-IotConnect X-CUBE-IoTC-DA16k-PMOD 1.0.0
2025-08-15 12:02:56,006 [INFO] ThirdParty:1030 - CMSIS Pack Vendor :STMicroelectronics X-CUBE-SMBUS 2.1.0
2025-08-15 12:02:56,006 [INFO] ThirdParty:1030 - CMSIS Pack Vendor :wolfSSL I-CUBE-wolfMQTT 1.19.2
2025-08-15 12:02:56,006 [INFO] ThirdParty:1030 - CMSIS Pack Vendor :STMicroelectronics USB_DEVICE 3.0.0
2025-08-15 12:02:56,006 [INFO] ThirdParty:1030 - CMSIS Pack Vendor :STMicroelectronics X-CUBE-ISPU 2.1.0
2025-08-15 12:02:56,006 [INFO] ThirdParty:1030 - CMSIS Pack Vendor :STMicroelectronics X-CUBE-EEPRMA1 5.2.0
2025-08-15 12:02:56,006 [INFO] ThirdParty:1030 - CMSIS Pack Vendor :STMicroelectronics X-CUBE-BLEMGR 4.1.0
2025-08-15 12:02:56,006 [INFO] ThirdParty:1030 - CMSIS Pack Vendor :STMicroelectronics X-CUBE-AZRTOS-WB 2.0.0
2025-08-15 12:02:56,006 [INFO] ThirdParty:1030 - CMSIS Pack Vendor :STMicroelectronics X-CUBE-ST60 1.0.0
2025-08-15 12:02:56,006 [INFO] ThirdParty:1030 - CMSIS Pack Vendor :STMicroelectronics X-CUBE-GNSS1 7.0.1
2025-08-15 12:02:56,006 [INFO] ThirdParty:1030 - CMSIS Pack Vendor :STMicroelectronics X-CUBE-NFC12 1.0.0
2025-08-15 12:02:56,006 [INFO] ThirdParty:1030 - CMSIS Pack Vendor :STMicroelectronics X-CUBE-AZRTOS-F7 1.1.0
2025-08-15 12:02:56,006 [INFO] ThirdParty:1030 - CMSIS Pack Vendor :STMicroelectronics X-CUBE-AZRTOS-L5 2.0.0
2025-08-15 12:02:56,006 [INFO] ThirdParty:1030 - CMSIS Pack Vendor :STMicroelectronics X-CUBE-TOUCHGFX 4.25.0
2025-08-15 12:02:56,006 [INFO] ThirdParty:1030 - CMSIS Pack Vendor :STMicroelectronics USB_DEVICE 2.0.0
2025-08-15 12:02:56,006 [INFO] ThirdParty:1030 - CMSIS Pack Vendor :STMicroelectronics X-CUBE-NFC6 3.1.0
2025-08-15 12:02:56,006 [INFO] ThirdParty:1030 - CMSIS Pack Vendor :STMicroelectronics X-CUBE-AI 10.1.0
2025-08-15 12:02:56,006 [INFO] ThirdParty:1030 - CMSIS Pack Vendor :STMicroelectronics FP-SNS-STBOX1 2.0.0
2025-08-15 12:02:56,006 [INFO] ThirdParty:1030 - CMSIS Pack Vendor :quantropi X-CUBE-qispace-sdk-base 2.1.0
2025-08-15 12:02:56,007 [INFO] ThirdParty:1030 - CMSIS Pack Vendor :STMicroelectronics FreeRTOS 0.0.1
2025-08-15 12:02:56,007 [INFO] ThirdParty:1030 - CMSIS Pack Vendor :STMicroelectronics X-CUBE-AZRTOS-G0 1.1.0
2025-08-15 12:02:56,007 [INFO] ThirdParty:1030 - CMSIS Pack Vendor :STMicroelectronics X-CUBE-SAFEA1 1.2.2
2025-08-15 12:02:56,007 [INFO] ThirdParty:1030 - CMSIS Pack Vendor :STMicroelectronics X-CUBE-NFC4 3.0.0
2025-08-15 12:02:56,007 [INFO] ThirdParty:1030 - CMSIS Pack Vendor :STMicroelectronics X-CUBE-SUBG2 5.0.0
2025-08-15 12:02:56,007 [INFO] ThirdParty:1030 - CMSIS Pack Vendor :STMicroelectronics X-CUBE-AZRTOS-H7RS 1.1.0
2025-08-15 12:02:56,007 [INFO] ThirdParty:1030 - CMSIS Pack Vendor :STMicroelectronics STM32_WPAN 1.0.0
2025-08-15 12:02:56,007 [INFO] ThirdParty:1030 - CMSIS Pack Vendor :EmbeddedOffice I-CUBE-FS-RTOS 1.0.1
2025-08-15 12:02:56,007 [INFO] ThirdParty:1030 - CMSIS Pack Vendor :STMicroelectronics lwIP 2.0.3
2025-08-15 12:02:56,007 [INFO] ThirdParty:1030 - CMSIS Pack Vendor :Cesanta I-CUBE-Mongoose 7.13.0
2025-08-15 12:02:56,007 [INFO] ThirdParty:1030 - CMSIS Pack Vendor :STMicroelectronics USB_HOST 1.0.0
2025-08-15 12:02:56,007 [INFO] ThirdParty:1030 - CMSIS Pack Vendor :Infineon AIROC-Wi-Fi-Bluetooth-STM32 1.7.1
2025-08-15 12:02:56,007 [INFO] ThirdParty:1030 - CMSIS Pack Vendor :STMicroelectronics X-CUBE-AZRTOS-G4 2.0.0
2025-08-15 12:02:56,007 [INFO] ThirdParty:1030 - CMSIS Pack Vendor :STMicroelectronics X-CUBE-WB05N 2.0.0
2025-08-15 12:02:56,007 [INFO] ThirdParty:1030 - CMSIS Pack Vendor :STMicroelectronics PDM2PCM 3.1.0
2025-08-15 12:02:56,007 [INFO] ThirdParty:1030 - CMSIS Pack Vendor :STMicroelectronics PDM2PCM 3.3.0
2025-08-15 12:02:56,007 [INFO] ThirdParty:1030 - CMSIS Pack Vendor :wolfSSL I-CUBE-wolfTPM 3.8.0
2025-08-15 12:02:56,007 [INFO] ThirdParty:1030 - CMSIS Pack Vendor :STMicroelectronics X-CUBE-AZRTOS-H7 3.4.0
2025-08-15 12:02:56,007 [INFO] ThirdParty:1030 - CMSIS Pack Vendor :STMicroelectronics X-CUBE-DISPLAY 3.0.0
2025-08-15 12:02:56,007 [INFO] ThirdParty:1030 - CMSIS Pack Vendor :wolfSSL I-CUBE-wolfSSH 1.4.20
2025-08-15 12:02:56,008 [INFO] ThirdParty:1030 - CMSIS Pack Vendor :STMicroelectronics X-CUBE-NFC7 2.0.0
2025-08-15 12:02:56,008 [INFO] ThirdParty:1030 - CMSIS Pack Vendor :STMicroelectronics X-CUBE-TCPP 4.2.0
2025-08-15 12:02:56,008 [INFO] ThirdParty:1030 - CMSIS Pack Vendor :RealThread X-CUBE-RT-Thread_Nano 4.1.1
2025-08-15 12:02:56,008 [INFO] ThirdParty:1030 - CMSIS Pack Vendor :STMicroelectronics FP-ATR-SIGFOX1 3.2.0
2025-08-15 12:02:56,008 [INFO] ThirdParty:1030 - CMSIS Pack Vendor :STMicroelectronics X-CUBE-NFC10 1.0.0
2025-08-15 12:02:56,008 [INFO] ThirdParty:1030 - CMSIS Pack Vendor :STMicroelectronics X-CUBE-FREERTOS 1.3.1
2025-08-15 12:02:56,008 [INFO] ThirdParty:1030 - CMSIS Pack Vendor :STMicroelectronics HAL Drivers 0.0.0
2025-08-15 12:02:56,008 [INFO] ThirdParty:1030 - CMSIS Pack Vendor :STMicroelectronics MBEDTLS 2.16.2
2025-08-15 12:02:56,008 [INFO] ThirdParty:1030 - CMSIS Pack Vendor :STMicroelectronics X-CUBE-IPS 3.1.0
2025-08-15 12:02:56,008 [INFO] ThirdParty:1030 - CMSIS Pack Vendor :STMicroelectronics X-CUBE-ALS 1.0.2
2025-08-15 12:02:56,008 [INFO] ThirdParty:1030 - CMSIS Pack Vendor :emotas I-CUBE-CANOPEN 1.3.0
2025-08-15 12:02:56,008 [INFO] ThirdParty:1030 - CMSIS Pack Vendor :STMicroelectronics MBEDTLS 2.14.1
2025-08-15 12:02:56,008 [INFO] ThirdParty:1030 - CMSIS Pack Vendor :ITTIA_DB I-CUBE-ITTIADB 8.9.0
2025-08-15 12:02:56,008 [INFO] ThirdParty:1030 - CMSIS Pack Vendor :portGmbH I-Cube-SoM-uGOAL 1.1.0
2025-08-15 12:02:56,008 [INFO] ThirdParty:1030 - CMSIS Pack Vendor :STMicroelectronics X-CUBE-ST67W61 1.0.0
2025-08-15 12:02:56,009 [INFO] ThirdParty:1030 - CMSIS Pack Vendor :STMicroelectronics FP-SNS-STBOX1 2.1.0
2025-08-15 12:02:56,009 [INFO] ThirdParty:1030 - CMSIS Pack Vendor :STMicroelectronics X-CUBE-AI 10.2.0
2025-08-15 12:02:56,009 [INFO] ThirdParty:1030 - CMSIS Pack Vendor :STMicroelectronics FP-SNS-STAIOTCFT 1.0.0
2025-08-15 12:02:56,009 [INFO] ThirdParty:1030 - CMSIS Pack Vendor :STMicroelectronics ThreadX 1.0.0
2025-08-15 12:02:56,009 [INFO] ThirdParty:1030 - CMSIS Pack Vendor :STMicroelectronics FP-SNS-SMARTAG2 1.2.0
2025-08-15 12:02:56,009 [INFO] ThirdParty:1030 - CMSIS Pack Vendor :STMicroelectronics FP-SNS-FLIGHT1 5.1.0
2025-08-15 12:02:56,009 [INFO] ThirdParty:1030 - CMSIS Pack Vendor :STMicroelectronics X-CUBE-AZRTOS-WL 2.0.0
2025-08-15 12:02:56,009 [INFO] ThirdParty:1030 - CMSIS Pack Vendor :SEGGER I-CUBE-embOS 1.3.1
2025-08-15 12:02:56,009 [INFO] ThirdParty:1030 - CMSIS Pack Vendor :STMicroelectronics X-CUBE-ALGOBUILD 1.4.0
2025-08-15 12:02:56,009 [INFO] ThirdParty:1030 - CMSIS Pack Vendor :STMicroelectronics X-CUBE-DPower 1.3.0
2025-08-15 12:02:56,009 [INFO] ThirdParty:1030 - CMSIS Pack Vendor :STMicroelectronics X-CUBE-MEMS1 11.3.0
2025-08-15 12:02:56,009 [INFO] ThirdParty:1030 - CMSIS Pack Vendor :STMicroelectronics FP-SNS-MOTENV1 5.0.0
2025-08-15 12:02:56,009 [INFO] ThirdParty:1030 - CMSIS Pack Vendor :STMicroelectronics USB_DEVICE 1.0.0
2025-08-15 12:02:56,009 [INFO] ThirdParty:1030 - CMSIS Pack Vendor :STMicroelectronics X-CUBE-AZRTOS-L4 2.0.0
2025-08-15 12:02:56,009 [INFO] ThirdParty:1030 - CMSIS Pack Vendor :STMicroelectronics ThreadX 0.0.2
2025-08-15 12:02:56,009 [INFO] ThirdParty:1030 - CMSIS Pack Vendor :WES I-CUBE-Cesium 1.3.0
2025-08-15 12:02:56,009 [INFO] ThirdParty:1030 - CMSIS Pack Vendor :STMicroelectronics lwIP 2.1.2
2025-08-15 12:02:56,009 [INFO] ThirdParty:1030 - CMSIS Pack Vendor :STMicroelectronics X-CUBE-SFXS2LP1 4.0.0
2025-08-15 12:02:56,009 [INFO] ThirdParty:1030 - CMSIS Pack Vendor :STMicroelectronics X-CUBE-BLE2 3.3.0
2025-08-15 12:02:56,009 [INFO] ThirdParty:1030 - CMSIS Pack Vendor :STMicroelectronics X-CUBE-TOF1 3.4.3
2025-08-15 12:02:56,009 [INFO] ThirdParty:1030 - CMSIS Pack Vendor :STMicroelectronics PDM2PCM 3.2.0
2025-08-15 12:02:56,010 [INFO] ThirdParty:841 - exiting critical section [change project]
2025-08-15 12:02:56,466 [INFO] PinOutPanel:1589 - setPackage(No Configuration,No Configuration)
2025-08-15 12:02:56,469 [INFO] PinOutPanel:1589 - setPackage(STM32N657X0HxQ,VFBGA264)
2025-08-15 12:02:57,230 [INFO] UtilMem:75 - Before build in PCC Used Memory: 811817248 Bytes (1073741824)
2025-08-15 12:02:57,544 [INFO] UtilMem:75 - After build in PCC Used Memory: 871059744 Bytes (1073741824)
2025-08-15 12:02:57,569 [INFO] IPUIPlugin:80 - create IPUIPlugin
2025-08-15 12:02:57,569 [INFO] IPUIPlugin:80 - create IPUIPlugin
2025-08-15 12:02:57,569 [INFO] IPUIPlugin:80 - create IPUIPlugin
2025-08-15 12:02:57,569 [INFO] IPUIPlugin:80 - create IPUIPlugin
2025-08-15 12:02:57,569 [INFO] IPUIPlugin:80 - create IPUIPlugin
2025-08-15 12:02:57,570 [INFO] IPUIPlugin:80 - create IPUIPlugin
2025-08-15 12:02:57,570 [INFO] IPUIPlugin:80 - create IPUIPlugin
2025-08-15 12:02:57,570 [INFO] IPUIPlugin:80 - create IPUIPlugin
2025-08-15 12:02:57,570 [INFO] IPUIPlugin:80 - create IPUIPlugin
2025-08-15 12:02:57,570 [INFO] IPUIPlugin:80 - create IPUIPlugin
2025-08-15 12:02:57,570 [INFO] IPUIPlugin:80 - create IPUIPlugin
2025-08-15 12:02:57,570 [INFO] IPUIPlugin:80 - create IPUIPlugin
2025-08-15 12:02:57,570 [INFO] IPUIPlugin:80 - create IPUIPlugin
2025-08-15 12:02:57,570 [INFO] IPUIPlugin:80 - create IPUIPlugin
2025-08-15 12:02:57,570 [INFO] IPUIPlugin:80 - create IPUIPlugin
2025-08-15 12:02:57,570 [INFO] IPUIPlugin:80 - create IPUIPlugin
2025-08-15 12:02:57,570 [INFO] IPUIPlugin:80 - create IPUIPlugin
2025-08-15 12:02:57,570 [INFO] IPUIPlugin:80 - create IPUIPlugin
2025-08-15 12:02:57,571 [INFO] IPUIPlugin:80 - create IPUIPlugin
2025-08-15 12:02:57,571 [INFO] IPUIPlugin:80 - create IPUIPlugin
2025-08-15 12:02:57,571 [INFO] IPUIPlugin:80 - create IPUIPlugin
2025-08-15 12:02:57,571 [INFO] IPUIPlugin:80 - create IPUIPlugin
2025-08-15 12:02:57,571 [INFO] IPUIPlugin:80 - create IPUIPlugin
2025-08-15 12:02:57,571 [INFO] IPUIPlugin:80 - create IPUIPlugin
2025-08-15 12:02:57,571 [INFO] IPUIPlugin:80 - create IPUIPlugin
2025-08-15 12:02:57,572 [INFO] IPUIPlugin:80 - create IPUIPlugin
2025-08-15 12:02:57,572 [INFO] IPUIPlugin:80 - create IPUIPlugin
2025-08-15 12:02:57,572 [INFO] IPUIPlugin:80 - create IPUIPlugin
2025-08-15 12:02:57,572 [INFO] IPUIPlugin:80 - create IPUIPlugin
2025-08-15 12:02:57,572 [INFO] IPUIPlugin:80 - create IPUIPlugin
2025-08-15 12:02:57,572 [INFO] IPUIPlugin:80 - create IPUIPlugin
2025-08-15 12:02:57,572 [INFO] IPUIPlugin:80 - create IPUIPlugin
2025-08-15 12:02:57,572 [INFO] IPUIPlugin:80 - create IPUIPlugin
2025-08-15 12:02:57,572 [INFO] IPUIPlugin:80 - create IPUIPlugin
2025-08-15 12:02:57,573 [INFO] IPUIPlugin:80 - create IPUIPlugin
2025-08-15 12:02:57,573 [INFO] IPUIPlugin:80 - create IPUIPlugin
2025-08-15 12:02:57,573 [INFO] IPUIPlugin:80 - create IPUIPlugin
2025-08-15 12:02:57,573 [INFO] IPUIPlugin:80 - create IPUIPlugin
2025-08-15 12:02:57,573 [INFO] IPUIPlugin:80 - create IPUIPlugin
2025-08-15 12:02:57,573 [INFO] IPUIPlugin:80 - create IPUIPlugin
2025-08-15 12:02:57,573 [INFO] IPUIPlugin:80 - create IPUIPlugin
2025-08-15 12:02:57,573 [INFO] IPUIPlugin:80 - create IPUIPlugin
2025-08-15 12:02:57,573 [INFO] IPUIPlugin:80 - create IPUIPlugin
2025-08-15 12:02:57,573 [INFO] IPUIPlugin:80 - create IPUIPlugin
2025-08-15 12:02:57,574 [INFO] IPUIPlugin:80 - create IPUIPlugin
2025-08-15 12:02:57,574 [INFO] IPUIPlugin:80 - create IPUIPlugin
2025-08-15 12:02:57,574 [INFO] IPUIPlugin:80 - create IPUIPlugin
2025-08-15 12:02:57,574 [INFO] IPUIPlugin:80 - create IPUIPlugin
2025-08-15 12:02:57,575 [INFO] IPUIPlugin:80 - create IPUIPlugin
2025-08-15 12:02:57,575 [INFO] IPUIPlugin:80 - create IPUIPlugin
2025-08-15 12:02:57,575 [INFO] IPUIPlugin:80 - create IPUIPlugin
2025-08-15 12:02:57,575 [INFO] IPUIPlugin:80 - create IPUIPlugin
2025-08-15 12:02:57,575 [INFO] IPUIPlugin:80 - create IPUIPlugin
2025-08-15 12:02:57,575 [INFO] IPUIPlugin:80 - create IPUIPlugin
2025-08-15 12:02:57,576 [INFO] IPUIPlugin:80 - create IPUIPlugin
2025-08-15 12:02:57,576 [INFO] IPUIPlugin:80 - create IPUIPlugin
2025-08-15 12:02:57,576 [INFO] IPUIPlugin:80 - create IPUIPlugin
2025-08-15 12:02:57,576 [INFO] IPUIPlugin:80 - create IPUIPlugin
2025-08-15 12:02:57,576 [INFO] IPUIPlugin:80 - create IPUIPlugin
2025-08-15 12:02:57,576 [INFO] IPUIPlugin:80 - create IPUIPlugin
2025-08-15 12:02:57,577 [INFO] IPUIPlugin:80 - create IPUIPlugin
2025-08-15 12:02:57,577 [INFO] IPUIPlugin:80 - create IPUIPlugin
2025-08-15 12:02:57,577 [INFO] IPUIPlugin:80 - create IPUIPlugin
2025-08-15 12:02:57,577 [INFO] IPUIPlugin:80 - create IPUIPlugin
2025-08-15 12:02:57,577 [INFO] IPUIPlugin:80 - create IPUIPlugin
2025-08-15 12:02:57,578 [INFO] IPUIPlugin:80 - create IPUIPlugin
2025-08-15 12:02:57,578 [INFO] IPUIPlugin:80 - create IPUIPlugin
2025-08-15 12:02:57,578 [INFO] IPUIPlugin:80 - create IPUIPlugin
2025-08-15 12:02:57,578 [INFO] IPUIPlugin:80 - create IPUIPlugin
2025-08-15 12:02:57,578 [INFO] IPUIPlugin:80 - create IPUIPlugin
2025-08-15 12:02:57,578 [INFO] IPUIPlugin:80 - create IPUIPlugin
2025-08-15 12:02:57,579 [INFO] IPUIPlugin:80 - create IPUIPlugin
2025-08-15 12:02:57,579 [INFO] IPUIPlugin:80 - create IPUIPlugin
2025-08-15 12:02:57,579 [INFO] IPUIPlugin:80 - create IPUIPlugin
2025-08-15 12:02:57,579 [INFO] IPUIPlugin:80 - create IPUIPlugin
2025-08-15 12:02:57,579 [INFO] IPUIPlugin:80 - create IPUIPlugin
2025-08-15 12:02:57,580 [INFO] IPUIPlugin:80 - create IPUIPlugin
2025-08-15 12:02:57,580 [INFO] IPUIPlugin:80 - create IPUIPlugin
2025-08-15 12:02:57,580 [INFO] IPUIPlugin:80 - create IPUIPlugin
2025-08-15 12:02:57,580 [INFO] IPUIPlugin:80 - create IPUIPlugin
2025-08-15 12:02:57,580 [INFO] IPUIPlugin:80 - create IPUIPlugin
2025-08-15 12:02:57,581 [INFO] IPUIPlugin:80 - create IPUIPlugin
2025-08-15 12:02:57,581 [INFO] IPUIPlugin:80 - create IPUIPlugin
2025-08-15 12:02:57,581 [INFO] IPUIPlugin:80 - create IPUIPlugin
2025-08-15 12:02:57,581 [INFO] IPUIPlugin:80 - create IPUIPlugin
2025-08-15 12:02:57,581 [INFO] IPUIPlugin:80 - create IPUIPlugin
2025-08-15 12:02:57,582 [INFO] IPUIPlugin:80 - create IPUIPlugin
2025-08-15 12:02:57,582 [INFO] IPUIPlugin:80 - create IPUIPlugin
2025-08-15 12:02:57,583 [INFO] IPUIPlugin:80 - create IPUIPlugin
2025-08-15 12:02:57,583 [INFO] IPUIPlugin:80 - create IPUIPlugin
2025-08-15 12:02:57,584 [INFO] IPUIPlugin:80 - create IPUIPlugin
2025-08-15 12:02:57,584 [INFO] IPUIPlugin:80 - create IPUIPlugin
2025-08-15 12:02:57,584 [INFO] IPUIPlugin:80 - create IPUIPlugin
2025-08-15 12:02:57,584 [INFO] IPUIPlugin:80 - create IPUIPlugin
2025-08-15 12:02:57,585 [INFO] IPUIPlugin:80 - create IPUIPlugin
2025-08-15 12:02:57,585 [INFO] IPUIPlugin:80 - create IPUIPlugin
2025-08-15 12:02:57,585 [INFO] IPUIPlugin:80 - create IPUIPlugin
2025-08-15 12:02:57,585 [INFO] IPUIPlugin:80 - create IPUIPlugin
2025-08-15 12:02:57,586 [INFO] IPUIPlugin:80 - create IPUIPlugin
2025-08-15 12:02:57,586 [INFO] IPUIPlugin:80 - create IPUIPlugin
2025-08-15 12:02:57,587 [INFO] IPUIPlugin:80 - create IPUIPlugin
2025-08-15 12:02:57,587 [INFO] IPUIPlugin:80 - create IPUIPlugin
2025-08-15 12:02:57,587 [INFO] IPUIPlugin:80 - create IPUIPlugin
2025-08-15 12:02:57,587 [INFO] IPUIPlugin:80 - create IPUIPlugin
2025-08-15 12:02:57,588 [INFO] IPUIPlugin:80 - create IPUIPlugin
2025-08-15 12:02:57,588 [INFO] IPUIPlugin:80 - create IPUIPlugin
2025-08-15 12:02:57,588 [INFO] IPUIPlugin:80 - create IPUIPlugin
2025-08-15 12:02:57,589 [INFO] IPUIPlugin:80 - create IPUIPlugin
2025-08-15 12:02:57,589 [INFO] IPUIPlugin:80 - create IPUIPlugin
2025-08-15 12:02:57,589 [INFO] IPUIPlugin:80 - create IPUIPlugin
2025-08-15 12:02:57,590 [INFO] IPUIPlugin:80 - create IPUIPlugin
2025-08-15 12:02:57,590 [INFO] IPUIPlugin:80 - create IPUIPlugin
2025-08-15 12:02:57,590 [INFO] IPUIPlugin:80 - create IPUIPlugin
2025-08-15 12:02:57,591 [INFO] IPUIPlugin:80 - create IPUIPlugin
2025-08-15 12:02:57,591 [INFO] IPUIPlugin:80 - create IPUIPlugin
2025-08-15 12:02:57,591 [INFO] IPUIPlugin:80 - create IPUIPlugin
2025-08-15 12:02:57,592 [INFO] IPUIPlugin:80 - create IPUIPlugin
2025-08-15 12:02:57,592 [INFO] IPUIPlugin:80 - create IPUIPlugin
2025-08-15 12:02:57,593 [INFO] IPUIPlugin:80 - create IPUIPlugin
2025-08-15 12:02:57,593 [INFO] IPUIPlugin:80 - create IPUIPlugin
2025-08-15 12:02:57,593 [INFO] IPUIPlugin:80 - create IPUIPlugin
2025-08-15 12:02:57,594 [INFO] IPUIPlugin:80 - create IPUIPlugin
2025-08-15 12:02:57,594 [INFO] IPUIPlugin:80 - create IPUIPlugin
2025-08-15 12:02:57,595 [INFO] IPUIPlugin:80 - create IPUIPlugin
2025-08-15 12:02:57,595 [INFO] IPUIPlugin:80 - create IPUIPlugin
2025-08-15 12:02:57,595 [INFO] IPUIPlugin:80 - create IPUIPlugin
2025-08-15 12:02:57,596 [INFO] IPUIPlugin:80 - create IPUIPlugin
2025-08-15 12:02:57,596 [INFO] IPUIPlugin:80 - create IPUIPlugin
2025-08-15 12:02:57,597 [INFO] IPUIPlugin:80 - create IPUIPlugin
2025-08-15 12:02:57,597 [INFO] IPUIPlugin:80 - create IPUIPlugin
2025-08-15 12:02:57,597 [INFO] IPUIPlugin:80 - create IPUIPlugin
2025-08-15 12:02:57,598 [INFO] IPUIPlugin:80 - create IPUIPlugin
2025-08-15 12:02:57,605 [INFO] AI:982 - onDisable adding AI com.st.microxplorer.plugins.ip.ai.AI@540ad79c on STMicroelectronics.X-CUBE-AI.10.2.0_Appli
2025-08-15 12:02:57,612 [WARN] IP:2250 - RefParam_LRUN_SRC_memory not found: check if there is a RefParameter without a condition.
2025-08-15 12:02:57,612 [WARN] IP:2250 - RefParam_LRUN_SRC_offset not found: check if there is a RefParameter without a condition.
2025-08-15 12:02:57,612 [WARN] IP:2250 - RefParam_LRUN_SRC_size not found: check if there is a RefParameter without a condition.
2025-08-15 12:02:57,612 [WARN] IP:2250 - RefParam_LRUN_DEST_memory not found: check if there is a RefParameter without a condition.
2025-08-15 12:02:57,612 [WARN] IP:2250 - RefParam_LRUN_DEST_offset not found: check if there is a RefParameter without a condition.
2025-08-15 12:02:57,612 [WARN] IP:2250 - RefParam_MEMORY_1_Size not found: check if there is a RefParameter without a condition.
2025-08-15 12:02:57,612 [WARN] IP:2250 - RefParam_MEMORY_1_FreqMax not found: check if there is a RefParameter without a condition.
2025-08-15 12:02:57,612 [WARN] IP:2250 - RefParam_MEMORY_1_ReadReg not found: check if there is a RefParameter without a condition.
2025-08-15 12:02:57,612 [WARN] IP:2250 - RefParam_MEMORY_1_WriteReg not found: check if there is a RefParameter without a condition.
2025-08-15 12:02:57,612 [WARN] IP:2250 - RefParam_MEMORY_1_RegSize not found: check if there is a RefParameter without a condition.
2025-08-15 12:02:57,612 [WARN] IP:2250 - RefParam_MEMORY_1_RegDummyCycle not found: check if there is a RefParameter without a condition.
2025-08-15 12:02:57,612 [WARN] IP:2250 - RefParam_MEMORY_1_WriteCommand not found: check if there is a RefParameter without a condition.
2025-08-15 12:02:57,612 [WARN] IP:2250 - RefParam_MEMORY_1_WriteDummyCycle not found: check if there is a RefParameter without a condition.
2025-08-15 12:02:57,612 [WARN] IP:2250 - RefParam_MEMORY_1_ReadCommand not found: check if there is a RefParameter without a condition.
2025-08-15 12:02:57,612 [WARN] IP:2250 - RefParam_MEMORY_1_WrapReadCommand not found: check if there is a RefParameter without a condition.
2025-08-15 12:02:57,612 [WARN] IP:2250 - RefParam_MEMORY_1_ReadDummyCycle not found: check if there is a RefParameter without a condition.
2025-08-15 12:02:57,612 [WARN] IP:2250 - RefParam_MEMORY_1_NumberOfConfig not found: check if there is a RefParameter without a condition.
2025-08-15 12:02:57,612 [WARN] IP:2250 - RefParam_MEMORY_1_Config1_WriteMask not found: check if there is a RefParameter without a condition.
2025-08-15 12:02:57,612 [WARN] IP:2250 - RefParam_MEMORY_1_Config1_WriteValue not found: check if there is a RefParameter without a condition.
2025-08-15 12:02:57,612 [WARN] IP:2250 - RefParam_MEMORY_1_Config1_RegAddress not found: check if there is a RefParameter without a condition.
2025-08-15 12:02:57,612 [WARN] IP:2250 - RefParam_MEMORY_1_Config2_WriteMask not found: check if there is a RefParameter without a condition.
2025-08-15 12:02:57,612 [WARN] IP:2250 - RefParam_MEMORY_1_Config2_WriteValue not found: check if there is a RefParameter without a condition.
2025-08-15 12:02:57,612 [WARN] IP:2250 - RefParam_MEMORY_1_Config2_RegAddress not found: check if there is a RefParameter without a condition.
2025-08-15 12:02:57,612 [WARN] IP:2250 - RefParam_MEMORY_1_Config3_WriteMask not found: check if there is a RefParameter without a condition.
2025-08-15 12:02:57,612 [WARN] IP:2250 - RefParam_MEMORY_1_Config3_WriteValue not found: check if there is a RefParameter without a condition.
2025-08-15 12:02:57,612 [WARN] IP:2250 - RefParam_MEMORY_1_Config3_RegAddress not found: check if there is a RefParameter without a condition.
2025-08-15 12:02:57,613 [WARN] IP:2250 - RefParam_MEMORY_2_Instance not found: check if there is a RefParameter without a condition.
2025-08-15 12:02:57,613 [WARN] IP:2250 - RefParam_MEMORY_2_ConfigType not found: check if there is a RefParameter without a condition.
2025-08-15 12:02:57,613 [WARN] IP:2250 - RefParam_MEMORY_2_Size not found: check if there is a RefParameter without a condition.
2025-08-15 12:02:57,613 [WARN] IP:2250 - RefParam_MEMORY_2_FreqMax not found: check if there is a RefParameter without a condition.
2025-08-15 12:02:57,613 [WARN] IP:2250 - RefParam_MEMORY_2_ReadReg not found: check if there is a RefParameter without a condition.
2025-08-15 12:02:57,613 [WARN] IP:2250 - RefParam_MEMORY_2_WriteReg not found: check if there is a RefParameter without a condition.
2025-08-15 12:02:57,613 [WARN] IP:2250 - RefParam_MEMORY_2_RegSize not found: check if there is a RefParameter without a condition.
2025-08-15 12:02:57,613 [WARN] IP:2250 - RefParam_MEMORY_2_RegDummyCycle not found: check if there is a RefParameter without a condition.
2025-08-15 12:02:57,613 [WARN] IP:2250 - RefParam_MEMORY_2_WriteCommand not found: check if there is a RefParameter without a condition.
2025-08-15 12:02:57,613 [WARN] IP:2250 - RefParam_MEMORY_2_WriteDummyCycle not found: check if there is a RefParameter without a condition.
2025-08-15 12:02:57,613 [WARN] IP:2250 - RefParam_MEMORY_2_ReadCommand not found: check if there is a RefParameter without a condition.
2025-08-15 12:02:57,613 [WARN] IP:2250 - RefParam_MEMORY_2_WrapReadCommand not found: check if there is a RefParameter without a condition.
2025-08-15 12:02:57,613 [WARN] IP:2250 - RefParam_MEMORY_2_ReadDummyCycle not found: check if there is a RefParameter without a condition.
2025-08-15 12:02:57,613 [WARN] IP:2250 - RefParam_MEMORY_2_NumberOfConfig not found: check if there is a RefParameter without a condition.
2025-08-15 12:02:57,613 [WARN] IP:2250 - RefParam_MEMORY_2_Config1_WriteMask not found: check if there is a RefParameter without a condition.
2025-08-15 12:02:57,613 [WARN] IP:2250 - RefParam_MEMORY_2_Config1_WriteValue not found: check if there is a RefParameter without a condition.
2025-08-15 12:02:57,613 [WARN] IP:2250 - RefParam_MEMORY_2_Config1_RegAddress not found: check if there is a RefParameter without a condition.
2025-08-15 12:02:57,613 [WARN] IP:2250 - RefParam_MEMORY_2_Config2_WriteMask not found: check if there is a RefParameter without a condition.
2025-08-15 12:02:57,613 [WARN] IP:2250 - RefParam_MEMORY_2_Config2_WriteValue not found: check if there is a RefParameter without a condition.
2025-08-15 12:02:57,613 [WARN] IP:2250 - RefParam_MEMORY_2_Config2_RegAddress not found: check if there is a RefParameter without a condition.
2025-08-15 12:02:57,613 [WARN] IP:2250 - RefParam_MEMORY_2_Config3_WriteMask not found: check if there is a RefParameter without a condition.
2025-08-15 12:02:57,613 [WARN] IP:2250 - RefParam_MEMORY_2_Config3_WriteValue not found: check if there is a RefParameter without a condition.
2025-08-15 12:02:57,613 [WARN] IP:2250 - RefParam_MEMORY_2_Config3_RegAddress not found: check if there is a RefParameter without a condition.
2025-08-15 12:02:57,753 [INFO] CADModel:165 - CPN selected for project levelSTM32N657X0H3Q
2025-08-15 12:02:57,753 [INFO] CADModel:114 - Register for checkConnection events
2025-08-15 12:02:58,201 [ERROR] Context:921 - The IP LTDC is not set in context FSBL
2025-08-15 12:02:58,201 [ERROR] Context:921 - The IP LTDC is not set in context Appli
2025-08-15 12:02:58,201 [ERROR] Context:921 - The IP LTDC is not set in context ExtMemLoader
2025-08-15 12:02:58,601 [ERROR] MainProjectManager:405 - 
java.lang.NullPointerException: Cannot invoke "javax.swing.JTextField.getText()" because the return value of "java.util.List.get(int)" is null
	at com.st.microxplorer.plugins.projectmanager.gui.ProjectChoiceTab$9.caretUpdate(ProjectChoiceTab.java:2706) ~[filemanager.jar:?]
	at javax.swing.text.JTextComponent.fireCaretUpdate(JTextComponent.java:408) ~[?:?]
	at javax.swing.text.JTextComponent$MutableCaretEvent.fire(JTextComponent.java:4484) ~[?:?]
	at javax.swing.text.JTextComponent$MutableCaretEvent.stateChanged(JTextComponent.java:4506) ~[?:?]
	at javax.swing.text.DefaultCaret.fireStateChanged(DefaultCaret.java:857) ~[?:?]
	at javax.swing.text.DefaultCaret.changeCaretPosition(DefaultCaret.java:1343) ~[?:?]
	at javax.swing.text.DefaultCaret.handleSetDot(DefaultCaret.java:1242) ~[?:?]
	at javax.swing.text.DefaultCaret.setDot(DefaultCaret.java:1223) ~[?:?]
	at javax.swing.text.DefaultCaret$Handler.insertUpdate(DefaultCaret.java:1819) ~[?:?]
	at javax.swing.text.AbstractDocument.fireInsertUpdate(AbstractDocument.java:227) ~[?:?]
	at javax.swing.text.AbstractDocument.handleInsertString(AbstractDocument.java:781) ~[?:?]
	at javax.swing.text.AbstractDocument.insertString(AbstractDocument.java:740) ~[?:?]
	at javax.swing.text.PlainDocument.insertString(PlainDocument.java:131) ~[?:?]
	at javax.swing.text.AbstractDocument.replace(AbstractDocument.java:699) ~[?:?]
	at javax.swing.text.JTextComponent.setText(JTextComponent.java:1725) ~[?:?]
	at com.st.microxplorer.plugins.projectmanager.gui.ProjectChoiceTab.createHeapStackFields(ProjectChoiceTab.java:993) ~[filemanager.jar:?]
	at com.st.microxplorer.plugins.projectmanager.gui.ProjectChoiceTab.buildLinkSettingsPanel(ProjectChoiceTab.java:3813) ~[filemanager.jar:?]
	at com.st.microxplorer.plugins.projectmanager.gui.ProjectChoiceTab.defineWindowsFields(ProjectChoiceTab.java:1987) ~[filemanager.jar:?]
	at com.st.microxplorer.plugins.projectmanager.gui.ProjectChoiceTab.updateSettings(ProjectChoiceTab.java:558) ~[filemanager.jar:?]
	at com.st.microxplorer.plugins.projectmanager.gui.ProjectSettingsPanel.UpdateDialog(ProjectSettingsPanel.java:247) ~[filemanager.jar:?]
	at com.st.microxplorer.plugins.projectmanager.engine.MainProjectManager$9.onCommandEntered(MainProjectManager.java:403) ~[filemanager.jar:?]
	at com.st.components.util.CommandLineManager$3.run(CommandLineManager.java:175) ~[STM32CubeMX.jar:?]
	at java.awt.event.InvocationEvent.dispatch(InvocationEvent.java:308) ~[?:?]
	at java.awt.EventQueue.dispatchEventImpl(EventQueue.java:773) ~[?:?]
	at java.awt.EventQueue$4.run(EventQueue.java:720) ~[?:?]
	at java.awt.EventQueue$4.run(EventQueue.java:714) ~[?:?]
	at java.security.AccessController.doPrivileged(AccessController.java:400) ~[?:?]
	at java.security.ProtectionDomain$JavaSecurityAccessImpl.doIntersectionPrivilege(ProtectionDomain.java:87) ~[?:?]
	at java.awt.EventQueue.dispatchEvent(EventQueue.java:742) ~[?:?]
	at java.awt.EventDispatchThread.pumpOneEventForFilters(EventDispatchThread.java:203) ~[?:?]
	at java.awt.EventDispatchThread.pumpEventsForFilter(EventDispatchThread.java:124) ~[?:?]
	at java.awt.EventDispatchThread.pumpEventsForFilter(EventDispatchThread.java:117) ~[?:?]
	at java.awt.WaitDispatchSupport$2.run(WaitDispatchSupport.java:191) ~[?:?]
	at java.awt.WaitDispatchSupport$4.run(WaitDispatchSupport.java:236) ~[?:?]
	at java.awt.WaitDispatchSupport$4.run(WaitDispatchSupport.java:234) ~[?:?]
	at java.security.AccessController.doPrivileged(AccessController.java:319) ~[?:?]
	at java.awt.WaitDispatchSupport.enter(WaitDispatchSupport.java:234) ~[?:?]
	at java.awt.Dialog.show(Dialog.java:1079) ~[?:?]
	at java.awt.Component.show(Component.java:1728) ~[?:?]
	at java.awt.Component.setVisible(Component.java:1675) ~[?:?]
	at java.awt.Window.setVisible(Window.java:1036) ~[?:?]
	at java.awt.Dialog.setVisible(Dialog.java:1015) ~[?:?]
	at com.st.microxplorer.util.ProcessBarDialog.doAction(ProcessBarDialog.java:173) ~[STM32CubeMX.jar:?]
	at com.st.microxplorer.mxsystem.MxSystem.completeLoadConfig(MxSystem.java:828) ~[STM32CubeMX.jar:?]
	at com.st.microxplorer.plugins.filemanager.engine.OpenFileManager.LoadConfig(OpenFileManager.java:378) ~[filemanager.jar:?]
	at com.st.microxplorer.plugins.filemanager.engine.OpenFileManager.loadConfigurationFile(OpenFileManager.java:292) ~[filemanager.jar:?]
	at com.st.microxplorer.plugins.filemanager.engine.MainFileManager.userLoadConfig(MainFileManager.java:364) ~[filemanager.jar:?]
	at com.st.microxplorer.plugins.filemanager.engine.MainFileManager.userLoadConfig(MainFileManager.java:342) ~[filemanager.jar:?]
	at com.st.microxplorer.plugins.filemanager.FileManagerView.getSpecificTask(FileManagerView.java:264) ~[filemanager.jar:?]
	at com.st.stm32cube.common.mx.editor.CubeMxEditor.getMxTabbedPaneInstance(CubeMxEditor.java:1198) ~[com.st.stm32cube.common.mx_6.15.0.202507011659/:?]
	at com.st.stm32cube.common.mx.editor.CubeMxEditor$12$1.createSwingComponent(CubeMxEditor.java:1068) ~[com.st.stm32cube.common.mx_6.15.0.202507011659/:?]
	at com.st.stm32cube.common.mx.oss.core.awtswtbridge.EmbeddedSwingComposite.doComponentCreation(EmbeddedSwingComposite.java:492) ~[com.st.stm32cube.common.mx.oss_6.15.0.202507011659/:?]
	at com.st.stm32cube.common.mx.oss.core.awtswtbridge.EmbeddedSwingComposite$4.run(EmbeddedSwingComposite.java:291) ~[com.st.stm32cube.common.mx.oss_6.15.0.202507011659/:?]
	at com.st.stm32cube.common.mx.oss.core.awtswtbridge.AwtEnvironment$2.run(AwtEnvironment.java:166) ~[com.st.stm32cube.common.mx.oss_6.15.0.202507011659/:?]
	at java.awt.event.InvocationEvent.dispatch(InvocationEvent.java:318) ~[?:?]
	at java.awt.EventQueue.dispatchEventImpl(EventQueue.java:773) ~[?:?]
	at java.awt.EventQueue$4.run(EventQueue.java:720) ~[?:?]
	at java.awt.EventQueue$4.run(EventQueue.java:714) ~[?:?]
	at java.security.AccessController.doPrivileged(AccessController.java:400) ~[?:?]
	at java.security.ProtectionDomain$JavaSecurityAccessImpl.doIntersectionPrivilege(ProtectionDomain.java:87) ~[?:?]
	at java.awt.EventQueue.dispatchEvent(EventQueue.java:742) ~[?:?]
	at java.awt.EventDispatchThread.pumpOneEventForFilters(EventDispatchThread.java:203) ~[?:?]
	at java.awt.EventDispatchThread.pumpEventsForFilter(EventDispatchThread.java:124) ~[?:?]
	at java.awt.EventDispatchThread.pumpEventsForFilter(EventDispatchThread.java:117) ~[?:?]
	at java.awt.WaitDispatchSupport$2.run(WaitDispatchSupport.java:191) ~[?:?]
	at java.awt.WaitDispatchSupport$4.run(WaitDispatchSupport.java:236) ~[?:?]
	at java.awt.WaitDispatchSupport$4.run(WaitDispatchSupport.java:234) ~[?:?]
	at java.security.AccessController.doPrivileged(AccessController.java:319) ~[?:?]
	at java.awt.WaitDispatchSupport.enter(WaitDispatchSupport.java:234) ~[?:?]
	at java.awt.Dialog.show(Dialog.java:1079) ~[?:?]
	at javax.swing.JOptionPane.showOptionDialog(JOptionPane.java:881) ~[?:?]
	at javax.swing.JOptionPane.showConfirmDialog(JOptionPane.java:806) ~[?:?]
	at javax.swing.JOptionPane.showConfirmDialog(JOptionPane.java:768) ~[?:?]
	at javax.swing.JOptionPane.showConfirmDialog(JOptionPane.java:729) ~[?:?]
	at com.st.microxplorer.plugins.ip.ai.AI.aiSetModes(AI.java:1744) ~[?:?]
	at com.st.microxplorer.plugins.ip.ai.AI.propertyChange(AI.java:1629) ~[?:?]
	at java.beans.PropertyChangeSupport.fire(PropertyChangeSupport.java:343) ~[?:?]
	at java.beans.PropertyChangeSupport.firePropertyChange(PropertyChangeSupport.java:335) ~[?:?]
	at java.beans.PropertyChangeSupport.firePropertyChange(PropertyChangeSupport.java:268) ~[?:?]
	at com.st.microxplorer.util.MXPropertyChangeSupport.firePropertyChange(MXPropertyChangeSupport.java:54) ~[STM32CubeMX.jar:?]
	at com.st.microxplorer.mxsystem.MxSystem.firePropertyChange(MxSystem.java:357) ~[STM32CubeMX.jar:?]
	at com.st.microxplorer.plugins.pinoutconfig.guiV5.PeripheralsSelectionPanel.selectIP(PeripheralsSelectionPanel.java:409) ~[?:?]
	at com.st.microxplorer.plugins.pinoutconfig.guiV5.PeripheralsListListener.mouseClicked(PeripheralsListListener.java:103) ~[?:?]
	at java.awt.AWTEventMulticaster.mouseClicked(AWTEventMulticaster.java:278) ~[?:?]
	at java.awt.Component.processMouseEvent(Component.java:6624) ~[?:?]
	at javax.swing.JComponent.processMouseEvent(JComponent.java:3398) ~[?:?]
	at java.awt.Component.processEvent(Component.java:6386) ~[?:?]
	at java.awt.Container.processEvent(Container.java:2266) ~[?:?]
	at java.awt.Component.dispatchEventImpl(Component.java:4996) ~[?:?]
	at java.awt.Container.dispatchEventImpl(Container.java:2324) ~[?:?]
	at java.awt.Component.dispatchEvent(Component.java:4828) ~[?:?]
	at java.awt.LightweightDispatcher.retargetMouseEvent(Container.java:4948) ~[?:?]
	at java.awt.LightweightDispatcher.processMouseEvent(Container.java:4584) ~[?:?]
	at java.awt.LightweightDispatcher.dispatchEvent(Container.java:4516) ~[?:?]
	at java.awt.Container.dispatchEventImpl(Container.java:2310) ~[?:?]
	at java.awt.Component.dispatchEvent(Component.java:4828) ~[?:?]
	at java.awt.EventQueue.dispatchEventImpl(EventQueue.java:775) ~[?:?]
	at java.awt.EventQueue$4.run(EventQueue.java:720) ~[?:?]
	at java.awt.EventQueue$4.run(EventQueue.java:714) ~[?:?]
	at java.security.AccessController.doPrivileged(AccessController.java:400) ~[?:?]
	at java.security.ProtectionDomain$JavaSecurityAccessImpl.doIntersectionPrivilege(ProtectionDomain.java:87) ~[?:?]
	at java.security.ProtectionDomain$JavaSecurityAccessImpl.doIntersectionPrivilege(ProtectionDomain.java:98) ~[?:?]
	at java.awt.EventQueue$5.run(EventQueue.java:747) ~[?:?]
	at java.awt.EventQueue$5.run(EventQueue.java:745) ~[?:?]
	at java.security.AccessController.doPrivileged(AccessController.java:400) ~[?:?]
	at java.security.ProtectionDomain$JavaSecurityAccessImpl.doIntersectionPrivilege(ProtectionDomain.java:87) ~[?:?]
	at java.awt.EventQueue.dispatchEvent(EventQueue.java:744) ~[?:?]
	at java.awt.EventDispatchThread.pumpOneEventForFilters(EventDispatchThread.java:203) ~[?:?]
	at java.awt.EventDispatchThread.pumpEventsForFilter(EventDispatchThread.java:124) ~[?:?]
	at java.awt.EventDispatchThread.pumpEventsForHierarchy(EventDispatchThread.java:113) ~[?:?]
	at java.awt.EventDispatchThread.pumpEvents(EventDispatchThread.java:109) ~[?:?]
	at java.awt.EventDispatchThread.pumpEvents(EventDispatchThread.java:101) ~[?:?]
	at java.awt.EventDispatchThread.run(EventDispatchThread.java:90) ~[?:?]
2025-08-15 12:02:58,635 [ERROR] MainProjectManager:380 - 
java.lang.NullPointerException: Cannot invoke "javax.swing.JTextField.getText()" because the return value of "java.util.List.get(int)" is null
	at com.st.microxplorer.plugins.projectmanager.gui.ProjectChoiceTab$9.caretUpdate(ProjectChoiceTab.java:2706) ~[filemanager.jar:?]
	at javax.swing.text.JTextComponent.fireCaretUpdate(JTextComponent.java:408) ~[?:?]
	at javax.swing.text.JTextComponent$MutableCaretEvent.fire(JTextComponent.java:4484) ~[?:?]
	at javax.swing.text.JTextComponent$MutableCaretEvent.stateChanged(JTextComponent.java:4506) ~[?:?]
	at javax.swing.text.DefaultCaret.fireStateChanged(DefaultCaret.java:857) ~[?:?]
	at javax.swing.text.DefaultCaret.changeCaretPosition(DefaultCaret.java:1343) ~[?:?]
	at javax.swing.text.DefaultCaret.handleSetDot(DefaultCaret.java:1242) ~[?:?]
	at javax.swing.text.DefaultCaret.setDot(DefaultCaret.java:1223) ~[?:?]
	at javax.swing.text.DefaultCaret$Handler.insertUpdate(DefaultCaret.java:1819) ~[?:?]
	at javax.swing.text.AbstractDocument.fireInsertUpdate(AbstractDocument.java:227) ~[?:?]
	at javax.swing.text.AbstractDocument.handleInsertString(AbstractDocument.java:781) ~[?:?]
	at javax.swing.text.AbstractDocument.insertString(AbstractDocument.java:740) ~[?:?]
	at javax.swing.text.PlainDocument.insertString(PlainDocument.java:131) ~[?:?]
	at javax.swing.text.AbstractDocument.replace(AbstractDocument.java:699) ~[?:?]
	at javax.swing.text.JTextComponent.setText(JTextComponent.java:1725) ~[?:?]
	at com.st.microxplorer.plugins.projectmanager.gui.ProjectChoiceTab.createHeapStackFields(ProjectChoiceTab.java:993) ~[filemanager.jar:?]
	at com.st.microxplorer.plugins.projectmanager.gui.ProjectChoiceTab.buildLinkSettingsPanel(ProjectChoiceTab.java:3813) ~[filemanager.jar:?]
	at com.st.microxplorer.plugins.projectmanager.gui.ProjectChoiceTab.defineWindowsFields(ProjectChoiceTab.java:1987) ~[filemanager.jar:?]
	at com.st.microxplorer.plugins.projectmanager.gui.ProjectChoiceTab.updateSettings(ProjectChoiceTab.java:558) ~[filemanager.jar:?]
	at com.st.microxplorer.plugins.projectmanager.gui.ProjectSettingsPanel.UpdateDialog(ProjectSettingsPanel.java:247) ~[filemanager.jar:?]
	at com.st.microxplorer.plugins.projectmanager.engine.MainProjectManager$7.onCommandEntered(MainProjectManager.java:378) ~[filemanager.jar:?]
	at com.st.components.util.CommandLineManager$3.run(CommandLineManager.java:175) ~[STM32CubeMX.jar:?]
	at java.awt.event.InvocationEvent.dispatch(InvocationEvent.java:308) ~[?:?]
	at java.awt.EventQueue.dispatchEventImpl(EventQueue.java:773) ~[?:?]
	at java.awt.EventQueue$4.run(EventQueue.java:720) ~[?:?]
	at java.awt.EventQueue$4.run(EventQueue.java:714) ~[?:?]
	at java.security.AccessController.doPrivileged(AccessController.java:400) ~[?:?]
	at java.security.ProtectionDomain$JavaSecurityAccessImpl.doIntersectionPrivilege(ProtectionDomain.java:87) ~[?:?]
	at java.awt.EventQueue.dispatchEvent(EventQueue.java:742) ~[?:?]
	at java.awt.EventDispatchThread.pumpOneEventForFilters(EventDispatchThread.java:203) ~[?:?]
	at java.awt.EventDispatchThread.pumpEventsForFilter(EventDispatchThread.java:124) ~[?:?]
	at java.awt.EventDispatchThread.pumpEventsForFilter(EventDispatchThread.java:117) ~[?:?]
	at java.awt.WaitDispatchSupport$2.run(WaitDispatchSupport.java:191) ~[?:?]
	at java.awt.WaitDispatchSupport$4.run(WaitDispatchSupport.java:236) ~[?:?]
	at java.awt.WaitDispatchSupport$4.run(WaitDispatchSupport.java:234) ~[?:?]
	at java.security.AccessController.doPrivileged(AccessController.java:319) ~[?:?]
	at java.awt.WaitDispatchSupport.enter(WaitDispatchSupport.java:234) ~[?:?]
	at java.awt.Dialog.show(Dialog.java:1079) ~[?:?]
	at java.awt.Component.show(Component.java:1728) ~[?:?]
	at java.awt.Component.setVisible(Component.java:1675) ~[?:?]
	at java.awt.Window.setVisible(Window.java:1036) ~[?:?]
	at java.awt.Dialog.setVisible(Dialog.java:1015) ~[?:?]
	at com.st.microxplorer.util.ProcessBarDialog.doAction(ProcessBarDialog.java:173) ~[STM32CubeMX.jar:?]
	at com.st.microxplorer.mxsystem.MxSystem.completeLoadConfig(MxSystem.java:828) ~[STM32CubeMX.jar:?]
	at com.st.microxplorer.plugins.filemanager.engine.OpenFileManager.LoadConfig(OpenFileManager.java:378) ~[filemanager.jar:?]
	at com.st.microxplorer.plugins.filemanager.engine.OpenFileManager.loadConfigurationFile(OpenFileManager.java:292) ~[filemanager.jar:?]
	at com.st.microxplorer.plugins.filemanager.engine.MainFileManager.userLoadConfig(MainFileManager.java:364) ~[filemanager.jar:?]
	at com.st.microxplorer.plugins.filemanager.engine.MainFileManager.userLoadConfig(MainFileManager.java:342) ~[filemanager.jar:?]
	at com.st.microxplorer.plugins.filemanager.FileManagerView.getSpecificTask(FileManagerView.java:264) ~[filemanager.jar:?]
	at com.st.stm32cube.common.mx.editor.CubeMxEditor.getMxTabbedPaneInstance(CubeMxEditor.java:1198) ~[com.st.stm32cube.common.mx_6.15.0.202507011659/:?]
	at com.st.stm32cube.common.mx.editor.CubeMxEditor$12$1.createSwingComponent(CubeMxEditor.java:1068) ~[com.st.stm32cube.common.mx_6.15.0.202507011659/:?]
	at com.st.stm32cube.common.mx.oss.core.awtswtbridge.EmbeddedSwingComposite.doComponentCreation(EmbeddedSwingComposite.java:492) ~[com.st.stm32cube.common.mx.oss_6.15.0.202507011659/:?]
	at com.st.stm32cube.common.mx.oss.core.awtswtbridge.EmbeddedSwingComposite$4.run(EmbeddedSwingComposite.java:291) ~[com.st.stm32cube.common.mx.oss_6.15.0.202507011659/:?]
	at com.st.stm32cube.common.mx.oss.core.awtswtbridge.AwtEnvironment$2.run(AwtEnvironment.java:166) ~[com.st.stm32cube.common.mx.oss_6.15.0.202507011659/:?]
	at java.awt.event.InvocationEvent.dispatch(InvocationEvent.java:318) ~[?:?]
	at java.awt.EventQueue.dispatchEventImpl(EventQueue.java:773) ~[?:?]
	at java.awt.EventQueue$4.run(EventQueue.java:720) ~[?:?]
	at java.awt.EventQueue$4.run(EventQueue.java:714) ~[?:?]
	at java.security.AccessController.doPrivileged(AccessController.java:400) ~[?:?]
	at java.security.ProtectionDomain$JavaSecurityAccessImpl.doIntersectionPrivilege(ProtectionDomain.java:87) ~[?:?]
	at java.awt.EventQueue.dispatchEvent(EventQueue.java:742) ~[?:?]
	at java.awt.EventDispatchThread.pumpOneEventForFilters(EventDispatchThread.java:203) ~[?:?]
	at java.awt.EventDispatchThread.pumpEventsForFilter(EventDispatchThread.java:124) ~[?:?]
	at java.awt.EventDispatchThread.pumpEventsForFilter(EventDispatchThread.java:117) ~[?:?]
	at java.awt.WaitDispatchSupport$2.run(WaitDispatchSupport.java:191) ~[?:?]
	at java.awt.WaitDispatchSupport$4.run(WaitDispatchSupport.java:236) ~[?:?]
	at java.awt.WaitDispatchSupport$4.run(WaitDispatchSupport.java:234) ~[?:?]
	at java.security.AccessController.doPrivileged(AccessController.java:319) ~[?:?]
	at java.awt.WaitDispatchSupport.enter(WaitDispatchSupport.java:234) ~[?:?]
	at java.awt.Dialog.show(Dialog.java:1079) ~[?:?]
	at javax.swing.JOptionPane.showOptionDialog(JOptionPane.java:881) ~[?:?]
	at javax.swing.JOptionPane.showConfirmDialog(JOptionPane.java:806) ~[?:?]
	at javax.swing.JOptionPane.showConfirmDialog(JOptionPane.java:768) ~[?:?]
	at javax.swing.JOptionPane.showConfirmDialog(JOptionPane.java:729) ~[?:?]
	at com.st.microxplorer.plugins.ip.ai.AI.aiSetModes(AI.java:1744) ~[?:?]
	at com.st.microxplorer.plugins.ip.ai.AI.propertyChange(AI.java:1629) ~[?:?]
	at java.beans.PropertyChangeSupport.fire(PropertyChangeSupport.java:343) ~[?:?]
	at java.beans.PropertyChangeSupport.firePropertyChange(PropertyChangeSupport.java:335) ~[?:?]
	at java.beans.PropertyChangeSupport.firePropertyChange(PropertyChangeSupport.java:268) ~[?:?]
	at com.st.microxplorer.util.MXPropertyChangeSupport.firePropertyChange(MXPropertyChangeSupport.java:54) ~[STM32CubeMX.jar:?]
	at com.st.microxplorer.mxsystem.MxSystem.firePropertyChange(MxSystem.java:357) ~[STM32CubeMX.jar:?]
	at com.st.microxplorer.plugins.pinoutconfig.guiV5.PeripheralsSelectionPanel.selectIP(PeripheralsSelectionPanel.java:409) ~[?:?]
	at com.st.microxplorer.plugins.pinoutconfig.guiV5.PeripheralsListListener.mouseClicked(PeripheralsListListener.java:103) ~[?:?]
	at java.awt.AWTEventMulticaster.mouseClicked(AWTEventMulticaster.java:278) ~[?:?]
	at java.awt.Component.processMouseEvent(Component.java:6624) ~[?:?]
	at javax.swing.JComponent.processMouseEvent(JComponent.java:3398) ~[?:?]
	at java.awt.Component.processEvent(Component.java:6386) ~[?:?]
	at java.awt.Container.processEvent(Container.java:2266) ~[?:?]
	at java.awt.Component.dispatchEventImpl(Component.java:4996) ~[?:?]
	at java.awt.Container.dispatchEventImpl(Container.java:2324) ~[?:?]
	at java.awt.Component.dispatchEvent(Component.java:4828) ~[?:?]
	at java.awt.LightweightDispatcher.retargetMouseEvent(Container.java:4948) ~[?:?]
	at java.awt.LightweightDispatcher.processMouseEvent(Container.java:4584) ~[?:?]
	at java.awt.LightweightDispatcher.dispatchEvent(Container.java:4516) ~[?:?]
	at java.awt.Container.dispatchEventImpl(Container.java:2310) ~[?:?]
	at java.awt.Component.dispatchEvent(Component.java:4828) ~[?:?]
	at java.awt.EventQueue.dispatchEventImpl(EventQueue.java:775) ~[?:?]
	at java.awt.EventQueue$4.run(EventQueue.java:720) ~[?:?]
	at java.awt.EventQueue$4.run(EventQueue.java:714) ~[?:?]
	at java.security.AccessController.doPrivileged(AccessController.java:400) ~[?:?]
	at java.security.ProtectionDomain$JavaSecurityAccessImpl.doIntersectionPrivilege(ProtectionDomain.java:87) ~[?:?]
	at java.security.ProtectionDomain$JavaSecurityAccessImpl.doIntersectionPrivilege(ProtectionDomain.java:98) ~[?:?]
	at java.awt.EventQueue$5.run(EventQueue.java:747) ~[?:?]
	at java.awt.EventQueue$5.run(EventQueue.java:745) ~[?:?]
	at java.security.AccessController.doPrivileged(AccessController.java:400) ~[?:?]
	at java.security.ProtectionDomain$JavaSecurityAccessImpl.doIntersectionPrivilege(ProtectionDomain.java:87) ~[?:?]
	at java.awt.EventQueue.dispatchEvent(EventQueue.java:744) ~[?:?]
	at java.awt.EventDispatchThread.pumpOneEventForFilters(EventDispatchThread.java:203) ~[?:?]
	at java.awt.EventDispatchThread.pumpEventsForFilter(EventDispatchThread.java:124) ~[?:?]
	at java.awt.EventDispatchThread.pumpEventsForHierarchy(EventDispatchThread.java:113) ~[?:?]
	at java.awt.EventDispatchThread.pumpEvents(EventDispatchThread.java:109) ~[?:?]
	at java.awt.EventDispatchThread.pumpEvents(EventDispatchThread.java:101) ~[?:?]
	at java.awt.EventDispatchThread.run(EventDispatchThread.java:90) ~[?:?]
2025-08-15 12:02:58,647 [INFO] BoardParameter:100 - Parameter not set IP=RCC name=SYSCCLKFreq_VALUE id=null desired value=800000000 actual value300000000
2025-08-15 12:03:01,068 [INFO] BoardParameter:100 - Parameter not set IP=RCC name=FBDIV2 id=null desired value=75 actual value25
2025-08-15 12:03:03,173 [WARN] Context:862 - Trying to set PWR twice on same context FSBL
2025-08-15 12:03:03,173 [ERROR] Context:921 - The IP PWR is not set in context Appli
2025-08-15 12:03:03,173 [ERROR] Context:921 - The IP PWR is not set in context ExtMemLoader
2025-08-15 12:03:03,246 [WARN] IP:2250 - pwrPrivilege not found: check if there is a RefParameter without a condition.
2025-08-15 12:03:03,459 [ERROR] Context:921 - The IP RTC is not set in context FSBL
2025-08-15 12:03:03,459 [ERROR] Context:921 - The IP RTC is not set in context Appli
2025-08-15 12:03:03,459 [ERROR] Context:921 - The IP RTC is not set in context ExtMemLoader
2025-08-15 12:03:03,825 [INFO] OpenFileManager:386 - Restore cursor
2025-08-15 12:03:04,181 [WARN] IP:2250 - RefParam_LRUN_SRC_memory not found: check if there is a RefParameter without a condition.
2025-08-15 12:03:04,181 [WARN] IP:2250 - RefParam_LRUN_SRC_offset not found: check if there is a RefParameter without a condition.
2025-08-15 12:03:04,181 [WARN] IP:2250 - RefParam_LRUN_SRC_size not found: check if there is a RefParameter without a condition.
2025-08-15 12:03:04,181 [WARN] IP:2250 - RefParam_LRUN_DEST_memory not found: check if there is a RefParameter without a condition.
2025-08-15 12:03:04,181 [WARN] IP:2250 - RefParam_LRUN_DEST_offset not found: check if there is a RefParameter without a condition.
2025-08-15 12:03:04,181 [WARN] IP:2250 - RefParam_MEMORY_1_Size not found: check if there is a RefParameter without a condition.
2025-08-15 12:03:04,181 [WARN] IP:2250 - RefParam_MEMORY_1_FreqMax not found: check if there is a RefParameter without a condition.
2025-08-15 12:03:04,182 [WARN] IP:2250 - RefParam_MEMORY_1_ReadReg not found: check if there is a RefParameter without a condition.
2025-08-15 12:03:04,182 [WARN] IP:2250 - RefParam_MEMORY_1_WriteReg not found: check if there is a RefParameter without a condition.
2025-08-15 12:03:04,182 [WARN] IP:2250 - RefParam_MEMORY_1_RegSize not found: check if there is a RefParameter without a condition.
2025-08-15 12:03:04,182 [WARN] IP:2250 - RefParam_MEMORY_1_RegDummyCycle not found: check if there is a RefParameter without a condition.
2025-08-15 12:03:04,182 [WARN] IP:2250 - RefParam_MEMORY_1_WriteCommand not found: check if there is a RefParameter without a condition.
2025-08-15 12:03:04,182 [WARN] IP:2250 - RefParam_MEMORY_1_WriteDummyCycle not found: check if there is a RefParameter without a condition.
2025-08-15 12:03:04,182 [WARN] IP:2250 - RefParam_MEMORY_1_ReadCommand not found: check if there is a RefParameter without a condition.
2025-08-15 12:03:04,182 [WARN] IP:2250 - RefParam_MEMORY_1_WrapReadCommand not found: check if there is a RefParameter without a condition.
2025-08-15 12:03:04,182 [WARN] IP:2250 - RefParam_MEMORY_1_ReadDummyCycle not found: check if there is a RefParameter without a condition.
2025-08-15 12:03:04,182 [WARN] IP:2250 - RefParam_MEMORY_1_NumberOfConfig not found: check if there is a RefParameter without a condition.
2025-08-15 12:03:04,182 [WARN] IP:2250 - RefParam_MEMORY_1_Config1_WriteMask not found: check if there is a RefParameter without a condition.
2025-08-15 12:03:04,182 [WARN] IP:2250 - RefParam_MEMORY_1_Config1_WriteValue not found: check if there is a RefParameter without a condition.
2025-08-15 12:03:04,182 [WARN] IP:2250 - RefParam_MEMORY_1_Config1_RegAddress not found: check if there is a RefParameter without a condition.
2025-08-15 12:03:04,182 [WARN] IP:2250 - RefParam_MEMORY_1_Config2_WriteMask not found: check if there is a RefParameter without a condition.
2025-08-15 12:03:04,182 [WARN] IP:2250 - RefParam_MEMORY_1_Config2_WriteValue not found: check if there is a RefParameter without a condition.
2025-08-15 12:03:04,182 [WARN] IP:2250 - RefParam_MEMORY_1_Config2_RegAddress not found: check if there is a RefParameter without a condition.
2025-08-15 12:03:04,182 [WARN] IP:2250 - RefParam_MEMORY_1_Config3_WriteMask not found: check if there is a RefParameter without a condition.
2025-08-15 12:03:04,182 [WARN] IP:2250 - RefParam_MEMORY_1_Config3_WriteValue not found: check if there is a RefParameter without a condition.
2025-08-15 12:03:04,182 [WARN] IP:2250 - RefParam_MEMORY_1_Config3_RegAddress not found: check if there is a RefParameter without a condition.
2025-08-15 12:03:04,182 [WARN] IP:2250 - RefParam_MEMORY_2_Instance not found: check if there is a RefParameter without a condition.
2025-08-15 12:03:04,182 [WARN] IP:2250 - RefParam_MEMORY_2_ConfigType not found: check if there is a RefParameter without a condition.
2025-08-15 12:03:04,182 [WARN] IP:2250 - RefParam_MEMORY_2_Size not found: check if there is a RefParameter without a condition.
2025-08-15 12:03:04,182 [WARN] IP:2250 - RefParam_MEMORY_2_FreqMax not found: check if there is a RefParameter without a condition.
2025-08-15 12:03:04,182 [WARN] IP:2250 - RefParam_MEMORY_2_ReadReg not found: check if there is a RefParameter without a condition.
2025-08-15 12:03:04,182 [WARN] IP:2250 - RefParam_MEMORY_2_WriteReg not found: check if there is a RefParameter without a condition.
2025-08-15 12:03:04,182 [WARN] IP:2250 - RefParam_MEMORY_2_RegSize not found: check if there is a RefParameter without a condition.
2025-08-15 12:03:04,182 [WARN] IP:2250 - RefParam_MEMORY_2_RegDummyCycle not found: check if there is a RefParameter without a condition.
2025-08-15 12:03:04,182 [WARN] IP:2250 - RefParam_MEMORY_2_WriteCommand not found: check if there is a RefParameter without a condition.
2025-08-15 12:03:04,182 [WARN] IP:2250 - RefParam_MEMORY_2_WriteDummyCycle not found: check if there is a RefParameter without a condition.
2025-08-15 12:03:04,182 [WARN] IP:2250 - RefParam_MEMORY_2_ReadCommand not found: check if there is a RefParameter without a condition.
2025-08-15 12:03:04,182 [WARN] IP:2250 - RefParam_MEMORY_2_WrapReadCommand not found: check if there is a RefParameter without a condition.
2025-08-15 12:03:04,182 [WARN] IP:2250 - RefParam_MEMORY_2_ReadDummyCycle not found: check if there is a RefParameter without a condition.
2025-08-15 12:03:04,182 [WARN] IP:2250 - RefParam_MEMORY_2_NumberOfConfig not found: check if there is a RefParameter without a condition.
2025-08-15 12:03:04,182 [WARN] IP:2250 - RefParam_MEMORY_2_Config1_WriteMask not found: check if there is a RefParameter without a condition.
2025-08-15 12:03:04,182 [WARN] IP:2250 - RefParam_MEMORY_2_Config1_WriteValue not found: check if there is a RefParameter without a condition.
2025-08-15 12:03:04,182 [WARN] IP:2250 - RefParam_MEMORY_2_Config1_RegAddress not found: check if there is a RefParameter without a condition.
2025-08-15 12:03:04,182 [WARN] IP:2250 - RefParam_MEMORY_2_Config2_WriteMask not found: check if there is a RefParameter without a condition.
2025-08-15 12:03:04,182 [WARN] IP:2250 - RefParam_MEMORY_2_Config2_WriteValue not found: check if there is a RefParameter without a condition.
2025-08-15 12:03:04,182 [WARN] IP:2250 - RefParam_MEMORY_2_Config2_RegAddress not found: check if there is a RefParameter without a condition.
2025-08-15 12:03:04,182 [WARN] IP:2250 - RefParam_MEMORY_2_Config3_WriteMask not found: check if there is a RefParameter without a condition.
2025-08-15 12:03:04,182 [WARN] IP:2250 - RefParam_MEMORY_2_Config3_WriteValue not found: check if there is a RefParameter without a condition.
2025-08-15 12:03:04,182 [WARN] IP:2250 - RefParam_MEMORY_2_Config3_RegAddress not found: check if there is a RefParameter without a condition.
2025-08-15 12:03:04,190 [WARN] IP:2250 - pwrPrivilege not found: check if there is a RefParameter without a condition.
2025-08-15 12:03:04,190 [WARN] IP:2250 - pwrPrivilege not found: check if there is a RefParameter without a condition.
2025-08-15 12:03:04,198 [WARN] IP:2250 - Memorytype0 not found: check if there is a RefParameter without a condition.
2025-08-15 12:03:04,198 [WARN] IP:2250 - LL_DeviceAttribute20 not found: check if there is a RefParameter without a condition.
2025-08-15 12:03:04,199 [WARN] IP:2250 - DeviceAttribute0 not found: check if there is a RefParameter without a condition.
2025-08-15 12:03:04,199 [WARN] IP:2250 - DeviceAttribute20 not found: check if there is a RefParameter without a condition.
2025-08-15 12:03:04,199 [WARN] IP:2250 - DeviceAttribute1 not found: check if there is a RefParameter without a condition.
2025-08-15 12:03:04,199 [WARN] IP:2250 - Memorytype2 not found: check if there is a RefParameter without a condition.
2025-08-15 12:03:04,199 [WARN] IP:2250 - LL_DeviceAttribute22 not found: check if there is a RefParameter without a condition.
2025-08-15 12:03:04,199 [WARN] IP:2250 - DeviceAttribute2 not found: check if there is a RefParameter without a condition.
2025-08-15 12:03:04,199 [WARN] IP:2250 - Memorytype3 not found: check if there is a RefParameter without a condition.
2025-08-15 12:03:04,199 [WARN] IP:2250 - LL_DeviceAttribute23 not found: check if there is a RefParameter without a condition.
2025-08-15 12:03:04,199 [WARN] IP:2250 - DeviceAttribute3 not found: check if there is a RefParameter without a condition.
2025-08-15 12:03:04,199 [WARN] IP:2250 - Memorytype4 not found: check if there is a RefParameter without a condition.
2025-08-15 12:03:04,199 [WARN] IP:2250 - LL_DeviceAttribute24 not found: check if there is a RefParameter without a condition.
2025-08-15 12:03:04,199 [WARN] IP:2250 - DeviceAttribute4 not found: check if there is a RefParameter without a condition.
2025-08-15 12:03:04,199 [WARN] IP:2250 - Memorytype5 not found: check if there is a RefParameter without a condition.
2025-08-15 12:03:04,199 [WARN] IP:2250 - LL_DeviceAttribute25 not found: check if there is a RefParameter without a condition.
2025-08-15 12:03:04,199 [WARN] IP:2250 - DeviceAttribute5 not found: check if there is a RefParameter without a condition.
2025-08-15 12:03:04,199 [WARN] IP:2250 - Memorytype6 not found: check if there is a RefParameter without a condition.
2025-08-15 12:03:04,199 [WARN] IP:2250 - LL_DeviceAttribute26 not found: check if there is a RefParameter without a condition.
2025-08-15 12:03:04,199 [WARN] IP:2250 - DeviceAttribute6 not found: check if there is a RefParameter without a condition.
2025-08-15 12:03:04,199 [WARN] IP:2250 - Memorytype7 not found: check if there is a RefParameter without a condition.
2025-08-15 12:03:04,199 [WARN] IP:2250 - LL_DeviceAttribute27 not found: check if there is a RefParameter without a condition.
2025-08-15 12:03:04,199 [WARN] IP:2250 - DeviceAttribute7 not found: check if there is a RefParameter without a condition.
2025-08-15 12:03:04,265 [WARN] IP:2250 - DeviceAttribute0 not found: check if there is a RefParameter without a condition.
2025-08-15 12:03:04,265 [WARN] IP:2250 - Memorytype1 not found: check if there is a RefParameter without a condition.
2025-08-15 12:03:04,265 [WARN] IP:2250 - DeviceAttribute1 not found: check if there is a RefParameter without a condition.
2025-08-15 12:03:04,265 [WARN] IP:2250 - LL_DeviceAttribute21 not found: check if there is a RefParameter without a condition.
2025-08-15 12:03:04,266 [WARN] IP:2250 - Memorytype2 not found: check if there is a RefParameter without a condition.
2025-08-15 12:03:04,266 [WARN] IP:2250 - DeviceAttribute2 not found: check if there is a RefParameter without a condition.
2025-08-15 12:03:04,266 [WARN] IP:2250 - LL_DeviceAttribute22 not found: check if there is a RefParameter without a condition.
2025-08-15 12:03:04,266 [WARN] IP:2250 - Memorytype3 not found: check if there is a RefParameter without a condition.
2025-08-15 12:03:04,266 [WARN] IP:2250 - DeviceAttribute3 not found: check if there is a RefParameter without a condition.
2025-08-15 12:03:04,266 [WARN] IP:2250 - LL_DeviceAttribute23 not found: check if there is a RefParameter without a condition.
2025-08-15 12:03:04,266 [WARN] IP:2250 - Memorytype4 not found: check if there is a RefParameter without a condition.
2025-08-15 12:03:04,266 [WARN] IP:2250 - DeviceAttribute4 not found: check if there is a RefParameter without a condition.
2025-08-15 12:03:04,266 [WARN] IP:2250 - LL_DeviceAttribute24 not found: check if there is a RefParameter without a condition.
2025-08-15 12:03:04,266 [WARN] IP:2250 - Memorytype5 not found: check if there is a RefParameter without a condition.
2025-08-15 12:03:04,266 [WARN] IP:2250 - DeviceAttribute5 not found: check if there is a RefParameter without a condition.
2025-08-15 12:03:04,266 [WARN] IP:2250 - LL_DeviceAttribute25 not found: check if there is a RefParameter without a condition.
2025-08-15 12:03:04,266 [WARN] IP:2250 - Memorytype6 not found: check if there is a RefParameter without a condition.
2025-08-15 12:03:04,266 [WARN] IP:2250 - DeviceAttribute6 not found: check if there is a RefParameter without a condition.
2025-08-15 12:03:04,266 [WARN] IP:2250 - LL_DeviceAttribute26 not found: check if there is a RefParameter without a condition.
2025-08-15 12:03:04,266 [WARN] IP:2250 - Memorytype7 not found: check if there is a RefParameter without a condition.
2025-08-15 12:03:04,266 [WARN] IP:2250 - DeviceAttribute7 not found: check if there is a RefParameter without a condition.
2025-08-15 12:03:04,266 [WARN] IP:2250 - LL_DeviceAttribute27 not found: check if there is a RefParameter without a condition.
2025-08-15 12:03:04,379 [INFO] AIMainUI:1270 - Restoring parameters from IP...
2025-08-15 12:03:04,379 [INFO] AIMainUI:1393 - No old model detected
