2025-09-30 08:03:52,673 [INFO] WebApp:194 - Connection lost
2025-09-30 08:04:12,346 [INFO] WebApp:191 - Connection restablished
2025-09-30 10:36:03,632 [INFO] AIModelDetailledView:2380 - Analysis status: -
2025-09-30 10:36:24,165 [INFO] AInterface:259 - ModelName:network; files:[C:\Users\ZOJOLDRI\OneDrive - Carl Zeiss AG\Dokumente\Zeiss\SMT\Bachelor\AB Encoder Model\AB_Encoder_Synthetic_Data\lstm_ab_encoder.h5]; type:Keras; compression:None
2025-09-30 10:36:24,166 [INFO] AInterface:526 - workspaceTempDir: C:/Users/ZOJOLDRI/AppData/Local/Temp/mxAI_workspace10768929583156004868410745075968093
2025-09-30 10:36:24,167 [INFO] AInterface:1176 - Setting Env: C:/Users/ZOJOLDRI/STM32Cube/Repository/Packs/STMicroelectronics/X-CUBE-AI/10.2.0/Utilities/windows
2025-09-30 10:36:24,200 [INFO] STM32CubeIDEBuilder:265 - Looking for gnu-tools-for-stm32 tools/bin/arm-none-eabi-gcc.exe in C:\ST\STM32CubeIDE_1.19.0\STM32CubeIDE
2025-09-30 10:36:24,248 [INFO] STM32CubeIDEBuilder:294 - checking C:\ST\STM32CubeIDE_1.19.0\STM32CubeIDE\plugins\com.st.stm32cube.ide.mcu.externaltools.gnu-tools-for-stm32.13.3.rel1.win32_1.0.0.202411081344\tools\bin\arm-none-eabi-gcc.exe
2025-09-30 10:36:24,249 [INFO] STM32CubeIDEBuilder:297 - ret=C:\ST\STM32CubeIDE_1.19.0\STM32CubeIDE\plugins\com.st.stm32cube.ide.mcu.externaltools.gnu-tools-for-stm32.13.3.rel1.win32_1.0.0.202411081344\tools\bin\arm-none-eabi-gcc.exe
2025-09-30 10:36:24,249 [INFO] STM32CubeIDEBuilder:311 - returning C:\ST\STM32CubeIDE_1.19.0\STM32CubeIDE\plugins\com.st.stm32cube.ide.mcu.externaltools.gnu-tools-for-stm32.13.3.rel1.win32_1.0.0.202411081344\tools\bin\arm-none-eabi-gcc.exe
2025-09-30 10:36:24,250 [INFO] AInterface:1233 - Custom PATH variable: C:/Users/ZOJOLDRI/STM32Cube/Repository/Packs/STMicroelectronics/X-CUBE-AI/10.2.0/Utilities/windows;C:/Users/ZOJOLDRI/STM32Cube/Repository/Packs/STMicroelectronics/X-CUBE-AI/10.2.0/Utilities/windows/mingw64/bin;C:/Users/ZOJOLDRI/STM32Cube/Repository/Packs/STMicroelectronics/X-CUBE-AI/10.2.0/Utilities/windows/mingw64/libexec/gcc/x86_64-w64-mingw32/7.3.0;;C:\ST\STM32CubeIDE_1.19.0\STM32CubeIDE\plugins\com.st.stm32cube.ide.mcu.externaltools.gnu-tools-for-stm32.13.3.rel1.win32_1.0.0.202411081344\tools\bin
2025-09-30 10:36:24,255 [INFO] CmdLine:115 - Command: C:/Users/ZOJOLDRI/STM32Cube/Repository/Packs/STMicroelectronics/X-CUBE-AI/10.2.0/Utilities/windows/stedgeai.exe analyze --target stm32n6 --name network -m C:/Users/ZOJOLDRI/OneDrive - Carl Zeiss AG/Dokumente/Zeiss/SMT/Bachelor/AB Encoder Model/AB_Encoder_Synthetic_Data/lstm_ab_encoder.h5 --compression none --verbosity 1 -O time --workspace C:/Users/ZOJOLDRI/AppData/Local/Temp/mxAI_workspace10768929583156004868410745075968093 --output C:/Users/ZOJOLDRI/.stm32cubemx/network_output
2025-09-30 10:36:24,259 [INFO] AIModelDetailledView:2380 - Analysis status: pending
2025-09-30 10:36:30,448 [INFO] CmdLine:76 - ST Edge AI Core v2.2.0-20266 2adc00962
2025-09-30 10:37:39,669 [INFO] CmdLine:76 - Creating c (debug) info json file C:\Users\ZOJOLDRI\.stm32cubemx\network_output\network_c_info.json
2025-09-30 10:37:39,686 [INFO] CmdLine:76 -  
2025-09-30 10:37:39,686 [INFO] CmdLine:76 -  Exec/report summary (analyze)
2025-09-30 10:37:39,686 [INFO] CmdLine:76 -  ---------------------------------------------------------------------------------------------------------------------------------------------------------------
2025-09-30 10:37:39,701 [INFO] CmdLine:76 -  model file         :   C:\Users\ZOJOLDRI\OneDrive - Carl Zeiss AG\Dokumente\Zeiss\SMT\Bachelor\AB Encoder Model\AB_Encoder_Synthetic_Data\lstm_ab_encoder.h5   
2025-09-30 10:37:39,701 [INFO] CmdLine:76 -  type               :   keras                                                                                                                                   
2025-09-30 10:37:39,702 [INFO] CmdLine:76 -  c_name             :   network                                                                                                                                 
2025-09-30 10:37:39,702 [INFO] CmdLine:76 -  compression        :   none                                                                                                                                    
2025-09-30 10:37:39,702 [INFO] CmdLine:76 -  options            :   allocate-inputs, allocate-outputs                                                                                                       
2025-09-30 10:37:39,702 [INFO] CmdLine:76 -  optimization       :   time                                                                                                                                    
2025-09-30 10:37:39,702 [INFO] CmdLine:76 -  target/series      :   stm32n6                                                                                                                                 
2025-09-30 10:37:39,704 [INFO] CmdLine:76 -  workspace dir      :   C:\Users\ZOJOLDRI\AppData\Local\Temp\mxAI_workspace10768929583156004868410745075968093                                                  
2025-09-30 10:37:39,706 [INFO] CmdLine:76 -  output dir         :   C:\Users\ZOJOLDRI\.stm32cubemx\network_output                                                                                           
2025-09-30 10:37:39,706 [INFO] CmdLine:76 -  model_fmt          :   float                                                                                                                                   
2025-09-30 10:37:39,706 [INFO] CmdLine:76 -  model_name         :   lstm_ab_encoder                                                                                                                         
2025-09-30 10:37:39,706 [INFO] CmdLine:76 -  model_hash         :   0xd35e5fe88adc6c96937029708d58eb02                                                                                                      
2025-09-30 10:37:39,706 [INFO] CmdLine:76 -  params #           :   3,587 items (14.01 KiB)                                                                                                                 
2025-09-30 10:37:39,706 [INFO] CmdLine:76 -  ---------------------------------------------------------------------------------------------------------------------------------------------------------------
2025-09-30 10:37:39,706 [INFO] CmdLine:76 -  input 1/1          :   'input_0', f32(1x20x10), 800 Bytes, activations                                                                                         
2025-09-30 10:37:39,706 [INFO] CmdLine:76 -  output 1/1         :   'output', f32(1x3), 12 Bytes, activations                                                                                               
2025-09-30 10:37:39,706 [INFO] CmdLine:76 -  macc               :   67,960                                                                                                                                  
2025-09-30 10:37:39,706 [INFO] CmdLine:76 -  weights (ro)       :   14,636 B (14.29 KiB) (1 segment) / +288(+2.0%) vs float model                                                                           
2025-09-30 10:37:39,706 [INFO] CmdLine:76 -  activations (rw)   :   1,568 B (1.53 KiB) (1 segment) *                                                                                                        
2025-09-30 10:37:39,706 [INFO] CmdLine:76 -  ram (total)        :   1,568 B (1.53 KiB) = 1,568 + 0 + 0                                                                                                      
2025-09-30 10:37:39,706 [INFO] CmdLine:76 -  ---------------------------------------------------------------------------------------------------------------------------------------------------------------
2025-09-30 10:37:39,706 [INFO] CmdLine:76 -  (*) 'input'/'output' buffers are allocated in the activations buffer
2025-09-30 10:37:39,706 [INFO] CmdLine:76 - Computing AI RT data/code size (target=stm32n6)..
2025-09-30 10:37:42,988 [INFO] CmdLine:76 -  Model name - lstm_ab_encoder
2025-09-30 10:37:42,988 [INFO] CmdLine:76 -  ------ ----------------------- ----------------- -------------- -------- ---------------
2025-09-30 10:37:42,988 [INFO] CmdLine:76 -  m_id   layer (original)        oshape            param/size         macc    connected to
2025-09-30 10:37:42,988 [INFO] CmdLine:76 -  ------ ----------------------- ----------------- -------------- -------- ---------------
2025-09-30 10:37:42,988 [INFO] CmdLine:76 -  0      input_0 (None)          [b:1,h:20,c:10]
2025-09-30 10:37:42,988 [INFO] CmdLine:76 -         lstm_1 (LSTM)           [b:1,c:24]        3,360/13,440     67,680         input_0
2025-09-30 10:37:42,988 [INFO] CmdLine:76 -  ------ ----------------------- ----------------- -------------- -------- ---------------
2025-09-30 10:37:42,988 [INFO] CmdLine:76 -  2      dense_1_dense (Dense)   [b:1,c:8]         200/800             200          lstm_1
2025-09-30 10:37:42,988 [INFO] CmdLine:76 -         dense_1 (Dense)         [b:1,c:8]                               8   dense_1_dense
2025-09-30 10:37:42,988 [INFO] CmdLine:76 -  ------ ----------------------- ----------------- -------------- -------- ---------------
2025-09-30 10:37:42,988 [INFO] CmdLine:76 -  3      output_dense (Dense)    [b:1,c:3]         27/108               27         dense_1
2025-09-30 10:37:42,988 [INFO] CmdLine:76 -         output (Dense)          [b:1,c:3]                              45    output_dense
2025-09-30 10:37:42,988 [INFO] CmdLine:76 -  ------ ----------------------- ----------------- -------------- -------- ---------------
2025-09-30 10:37:42,988 [INFO] CmdLine:76 -  model: macc=67,960 weights=14,348 activations=-- io=--
2025-09-30 10:37:42,988 [INFO] CmdLine:76 -  Number of operations per c-layer
2025-09-30 10:37:42,988 [INFO] CmdLine:76 -  ------- ------ ------------------------ -------- --------------
2025-09-30 10:37:42,988 [INFO] CmdLine:76 -  c_id    m_id   name (type)                   #op           type
2025-09-30 10:37:42,988 [INFO] CmdLine:76 -  ------- ------ ------------------------ -------- --------------
2025-09-30 10:37:42,988 [INFO] CmdLine:76 -  0       0      lstm_1 (LSTM)              67,680   smul_f32_f32
2025-09-30 10:37:42,988 [INFO] CmdLine:76 -  1       2      dense_1_dense (Dense)         200   smul_f32_f32
2025-09-30 10:37:42,988 [INFO] CmdLine:76 -  2       2      dense_1 (Nonlinearity)          8     op_f32_f32
2025-09-30 10:37:42,988 [INFO] CmdLine:76 -  3       3      output_dense (Dense)           27   smul_f32_f32
2025-09-30 10:37:42,988 [INFO] CmdLine:76 -  4       3      output (Nonlinearity)          45     op_f32_f32
2025-09-30 10:37:42,988 [INFO] CmdLine:76 -  ------- ------ ------------------------ -------- --------------
2025-09-30 10:37:42,988 [INFO] CmdLine:76 -  total                                     67,960
2025-09-30 10:37:42,988 [INFO] CmdLine:76 -  Number of operation types
2025-09-30 10:37:42,988 [INFO] CmdLine:76 -  ---------------- -------- -----------
2025-09-30 10:37:42,988 [INFO] CmdLine:76 -  operation type          #           %
2025-09-30 10:37:42,988 [INFO] CmdLine:76 -  ---------------- -------- -----------
2025-09-30 10:37:42,988 [INFO] CmdLine:76 -  smul_f32_f32       67,907       99.9%
2025-09-30 10:37:43,005 [INFO] CmdLine:76 -  op_f32_f32             53        0.1%
2025-09-30 10:37:43,005 [INFO] CmdLine:76 -  Complexity report (model)
2025-09-30 10:37:43,005 [INFO] CmdLine:76 -  ------ --------------- ------------------------- ------------------------- --------
2025-09-30 10:37:43,005 [INFO] CmdLine:76 -  m_id   name            c_macc                    c_rom                     c_id
2025-09-30 10:37:43,005 [INFO] CmdLine:76 -  ------ --------------- ------------------------- ------------------------- --------
2025-09-30 10:37:43,005 [INFO] CmdLine:76 -  0      input_0         ||||||||||||||||  99.6%   ||||||||||||||||  93.8%   [0]
2025-09-30 10:37:43,005 [INFO] CmdLine:76 -  2      dense_1_dense   |                  0.3%   |                  5.5%   [1, 2]
2025-09-30 10:37:43,005 [INFO] CmdLine:76 -  3      output_dense    |                  0.1%   |                  0.7%   [3, 4]
2025-09-30 10:37:43,005 [INFO] CmdLine:76 -  ------ --------------- ------------------------- ------------------------- --------
2025-09-30 10:37:43,005 [INFO] CmdLine:76 -  macc=67,960 weights=14,636 act=1,568 ram_io=0
2025-09-30 10:37:43,005 [INFO] CmdLine:76 -  Requested memory size by section - "stm32n6" target
2025-09-30 10:37:43,005 [INFO] CmdLine:76 -  ------------------------------- -------- -------- ------- -------
2025-09-30 10:37:43,005 [INFO] CmdLine:76 -  module                              text   rodata    data     bss
2025-09-30 10:37:43,005 [INFO] CmdLine:76 -  ------------------------------- -------- -------- ------- -------
2025-09-30 10:37:43,005 [INFO] CmdLine:76 -  NetworkRuntime1020_CM55_GCC.a     15,800       32       0       0
2025-09-30 10:37:43,005 [INFO] CmdLine:76 -  network.o                            596       40   1,888     136
2025-09-30 10:37:43,005 [INFO] CmdLine:76 -  network_data.o                        48       16      88       0
2025-09-30 10:37:43,005 [INFO] CmdLine:76 -  lib (toolchain)*                   1,132      340       0       0
2025-09-30 10:37:43,005 [INFO] CmdLine:76 -  ------------------------------- -------- -------- ------- -------
2025-09-30 10:37:43,005 [INFO] CmdLine:76 -  RT total**                        17,576      428   1,976     136
2025-09-30 10:37:43,005 [INFO] CmdLine:76 -  ------------------------------- -------- -------- ------- -------
2025-09-30 10:37:43,005 [INFO] CmdLine:76 -  weights                                0   14,640       0       0
2025-09-30 10:37:43,005 [INFO] CmdLine:76 -  activations                            0        0       0   1,568
2025-09-30 10:37:43,005 [INFO] CmdLine:76 -  io                                     0        0       0       0
2025-09-30 10:37:43,005 [INFO] CmdLine:76 -  ------------------------------- -------- -------- ------- -------
2025-09-30 10:37:43,014 [INFO] CmdLine:76 -  TOTAL                             17,576   15,068   1,976   1,704
2025-09-30 10:37:43,014 [INFO] CmdLine:76 -  ------------------------------- -------- -------- ------- -------
2025-09-30 10:37:43,015 [INFO] CmdLine:76 -  *  toolchain objects (libm/libgcc*)
2025-09-30 10:37:43,015 [INFO] CmdLine:76 -  ** RT AI runtime objects (kernels+infrastructure)
2025-09-30 10:37:43,015 [INFO] CmdLine:76 -   Summary - "stm32n6" target
2025-09-30 10:37:43,015 [INFO] CmdLine:76 -   ---------------------------------------------------
2025-09-30 10:37:43,015 [INFO] CmdLine:76 -                FLASH (ro)      %*   RAM (rw)       %
2025-09-30 10:37:43,015 [INFO] CmdLine:76 -   ---------------------------------------------------
2025-09-30 10:37:43,015 [INFO] CmdLine:76 -   RT total         19,980   57.7%      2,112   57.4%
2025-09-30 10:37:43,015 [INFO] CmdLine:76 -   ---------------------------------------------------
2025-09-30 10:37:43,015 [INFO] CmdLine:76 -   TOTAL            34,620              3,680
2025-09-30 10:37:43,015 [INFO] CmdLine:76 -   ---------------------------------------------------
2025-09-30 10:37:43,015 [INFO] CmdLine:76 -   *  rt/total
2025-09-30 10:37:43,015 [INFO] CmdLine:76 - Creating txt report file C:\Users\ZOJOLDRI\.stm32cubemx\network_output\network_analyze_report.txt
2025-09-30 10:37:45,457 [INFO] CmdLine:76 - elapsed time (analyze): 75.009s
2025-09-30 10:37:46,009 [INFO] CmdLine:148 - stedgeai exit with status: 0
2025-09-30 10:37:46,027 [INFO] AIModelDetailledView:1184 - Model file:      lstm_ab_encoder.h5
2025-09-30 10:37:46,029 [INFO] AIModelDetailledView:1184 - Total Flash:     34616 B (33.80 KiB)
2025-09-30 10:37:46,030 [INFO] AIModelDetailledView:1184 -     Weights:     14636 B (14.29 KiB)
2025-09-30 10:37:46,031 [INFO] AIModelDetailledView:1184 -     Library:     19980 B (19.51 KiB)
2025-09-30 10:37:46,032 [INFO] AIModelDetailledView:1184 - Total Ram:       3680 B (3.59 KiB)
2025-09-30 10:37:46,033 [INFO] AIModelDetailledView:1184 -     Activations: 1568 B (1.53 KiB)
2025-09-30 10:37:46,033 [INFO] AIModelDetailledView:1184 -     Library:     2112 B (2.06 KiB)
2025-09-30 10:37:46,033 [INFO] AIModelDetailledView:1184 -     Input:       800 B (included in Activations)
2025-09-30 10:37:46,033 [INFO] AIModelDetailledView:1184 -     Output:      12 B (included in Activations)
2025-09-30 10:37:46,033 [INFO] AIModelDetailledView:1184 - Done
2025-09-30 10:37:46,035 [INFO] AIModelDetailledView:2715 - Analyze complete on AI model
2025-09-30 10:37:46,044 [INFO] AIModelDetailledView:2380 - Analysis status: done
2025-09-30 10:41:29,958 [INFO] UtilMem:75 - End SaveConfig() Used Memory: 901850120 Bytes (1073741824)
2025-09-30 10:41:31,314 [INFO] BlockDiagram:2775 - set Specific Code input for plugin: EXTMEM_MANAGER
2025-09-30 10:41:31,314 [INFO] BlockDiagram:2775 - set Specific Code input for plugin: RAMCFG
2025-09-30 10:41:31,314 [INFO] BlockDiagram:2775 - set Specific Code input for plugin: RCC
2025-09-30 10:41:31,314 [INFO] BlockDiagram:2775 - set Specific Code input for plugin: CORTEX_M55_FSBL
2025-09-30 10:41:31,314 [INFO] BlockDiagram:2775 - set Specific Code input for plugin: XSPIM
2025-09-30 10:41:31,314 [INFO] BlockDiagram:2775 - set Specific Code input for plugin: STMicroelectronics.X-CUBE-AI.10.2.0
2025-09-30 10:41:31,314 [INFO] BlockDiagram:2775 - set Specific Code input for plugin: XSPI
2025-09-30 10:41:31,314 [INFO] BlockDiagram:2775 - set Specific Code input for plugin: NUCLEO-N657X0-Q
2025-09-30 10:41:31,314 [INFO] BlockDiagram:2775 - set Specific Code input for plugin: TIM1_8N6
2025-09-30 10:41:31,314 [INFO] BlockDiagram:2775 - set Specific Code input for plugin: CACHEAXI
2025-09-30 10:41:31,314 [INFO] BlockDiagram:2775 - set Specific Code input for plugin: BSEC
2025-09-30 10:41:31,314 [INFO] BlockDiagram:2775 - set Specific Code input for plugin: LPUART
2025-09-30 10:41:31,314 [INFO] BlockDiagram:2775 - set Specific Code input for plugin: NVIC
2025-09-30 10:41:31,315 [INFO] BlockDiagram:2775 - set Specific Code input for plugin: GPIO
2025-09-30 10:41:31,315 [INFO] BlockDiagram:2775 - set Specific Code input for plugin: RIF
2025-09-30 10:41:31,315 [INFO] BlockDiagram:2775 - set Specific Code input for plugin: NVIC1
2025-09-30 10:41:31,318 [INFO] CodeGenerator:892 - code generatio: config db path: C:\ST\STM32CubeIDE_1.19.0\STM32CubeIDE\plugins\com.st.stm32cube.common.mx_6.15.0.202507011659\\db\
2025-09-30 10:41:31,347 [WARN] IP:2250 - RefParam_XIP_memory not found: check if there is a RefParameter without a condition.
2025-09-30 10:41:31,347 [WARN] IP:2250 - RefParam_MEMORY_1_Size not found: check if there is a RefParameter without a condition.
2025-09-30 10:41:31,348 [WARN] IP:2250 - RefParam_MEMORY_1_FreqMax not found: check if there is a RefParameter without a condition.
2025-09-30 10:41:31,348 [WARN] IP:2250 - RefParam_MEMORY_1_ReadReg not found: check if there is a RefParameter without a condition.
2025-09-30 10:41:31,348 [WARN] IP:2250 - RefParam_MEMORY_1_WriteReg not found: check if there is a RefParameter without a condition.
2025-09-30 10:41:31,348 [WARN] IP:2250 - RefParam_MEMORY_1_RegSize not found: check if there is a RefParameter without a condition.
2025-09-30 10:41:31,348 [WARN] IP:2250 - RefParam_MEMORY_1_RegDummyCycle not found: check if there is a RefParameter without a condition.
2025-09-30 10:41:31,348 [WARN] IP:2250 - RefParam_MEMORY_1_WriteCommand not found: check if there is a RefParameter without a condition.
2025-09-30 10:41:31,348 [WARN] IP:2250 - RefParam_MEMORY_1_WriteDummyCycle not found: check if there is a RefParameter without a condition.
2025-09-30 10:41:31,348 [WARN] IP:2250 - RefParam_MEMORY_1_ReadCommand not found: check if there is a RefParameter without a condition.
2025-09-30 10:41:31,348 [WARN] IP:2250 - RefParam_MEMORY_1_WrapReadCommand not found: check if there is a RefParameter without a condition.
2025-09-30 10:41:31,348 [WARN] IP:2250 - RefParam_MEMORY_1_ReadDummyCycle not found: check if there is a RefParameter without a condition.
2025-09-30 10:41:31,348 [WARN] IP:2250 - RefParam_MEMORY_1_NumberOfConfig not found: check if there is a RefParameter without a condition.
2025-09-30 10:41:31,348 [WARN] IP:2250 - RefParam_MEMORY_1_Config1_WriteMask not found: check if there is a RefParameter without a condition.
2025-09-30 10:41:31,348 [WARN] IP:2250 - RefParam_MEMORY_1_Config1_WriteValue not found: check if there is a RefParameter without a condition.
2025-09-30 10:41:31,348 [WARN] IP:2250 - RefParam_MEMORY_1_Config1_RegAddress not found: check if there is a RefParameter without a condition.
2025-09-30 10:41:31,348 [WARN] IP:2250 - RefParam_MEMORY_1_Config2_WriteMask not found: check if there is a RefParameter without a condition.
2025-09-30 10:41:31,348 [WARN] IP:2250 - RefParam_MEMORY_1_Config2_WriteValue not found: check if there is a RefParameter without a condition.
2025-09-30 10:41:31,348 [WARN] IP:2250 - RefParam_MEMORY_1_Config2_RegAddress not found: check if there is a RefParameter without a condition.
2025-09-30 10:41:31,348 [WARN] IP:2250 - RefParam_MEMORY_1_Config3_WriteMask not found: check if there is a RefParameter without a condition.
2025-09-30 10:41:31,348 [WARN] IP:2250 - RefParam_MEMORY_1_Config3_WriteValue not found: check if there is a RefParameter without a condition.
2025-09-30 10:41:31,348 [WARN] IP:2250 - RefParam_MEMORY_1_Config3_RegAddress not found: check if there is a RefParameter without a condition.
2025-09-30 10:41:31,348 [WARN] IP:2250 - RefParam_MEMORY_2_Instance not found: check if there is a RefParameter without a condition.
2025-09-30 10:41:31,348 [WARN] IP:2250 - RefParam_MEMORY_2_ConfigType not found: check if there is a RefParameter without a condition.
2025-09-30 10:41:31,348 [WARN] IP:2250 - RefParam_MEMORY_2_Size not found: check if there is a RefParameter without a condition.
2025-09-30 10:41:31,348 [WARN] IP:2250 - RefParam_MEMORY_2_FreqMax not found: check if there is a RefParameter without a condition.
2025-09-30 10:41:31,348 [WARN] IP:2250 - RefParam_MEMORY_2_ReadReg not found: check if there is a RefParameter without a condition.
2025-09-30 10:41:31,348 [WARN] IP:2250 - RefParam_MEMORY_2_WriteReg not found: check if there is a RefParameter without a condition.
2025-09-30 10:41:31,348 [WARN] IP:2250 - RefParam_MEMORY_2_RegSize not found: check if there is a RefParameter without a condition.
2025-09-30 10:41:31,348 [WARN] IP:2250 - RefParam_MEMORY_2_RegDummyCycle not found: check if there is a RefParameter without a condition.
2025-09-30 10:41:31,348 [WARN] IP:2250 - RefParam_MEMORY_2_WriteCommand not found: check if there is a RefParameter without a condition.
2025-09-30 10:41:31,348 [WARN] IP:2250 - RefParam_MEMORY_2_WriteDummyCycle not found: check if there is a RefParameter without a condition.
2025-09-30 10:41:31,348 [WARN] IP:2250 - RefParam_MEMORY_2_ReadCommand not found: check if there is a RefParameter without a condition.
2025-09-30 10:41:31,348 [WARN] IP:2250 - RefParam_MEMORY_2_WrapReadCommand not found: check if there is a RefParameter without a condition.
2025-09-30 10:41:31,349 [WARN] IP:2250 - RefParam_MEMORY_2_ReadDummyCycle not found: check if there is a RefParameter without a condition.
2025-09-30 10:41:31,349 [WARN] IP:2250 - RefParam_MEMORY_2_NumberOfConfig not found: check if there is a RefParameter without a condition.
2025-09-30 10:41:31,349 [WARN] IP:2250 - RefParam_MEMORY_2_Config1_WriteMask not found: check if there is a RefParameter without a condition.
2025-09-30 10:41:31,349 [WARN] IP:2250 - RefParam_MEMORY_2_Config1_WriteValue not found: check if there is a RefParameter without a condition.
2025-09-30 10:41:31,349 [WARN] IP:2250 - RefParam_MEMORY_2_Config1_RegAddress not found: check if there is a RefParameter without a condition.
2025-09-30 10:41:31,349 [WARN] IP:2250 - RefParam_MEMORY_2_Config2_WriteMask not found: check if there is a RefParameter without a condition.
2025-09-30 10:41:31,349 [WARN] IP:2250 - RefParam_MEMORY_2_Config2_WriteValue not found: check if there is a RefParameter without a condition.
2025-09-30 10:41:31,349 [WARN] IP:2250 - RefParam_MEMORY_2_Config2_RegAddress not found: check if there is a RefParameter without a condition.
2025-09-30 10:41:31,349 [WARN] IP:2250 - RefParam_MEMORY_2_Config3_WriteMask not found: check if there is a RefParameter without a condition.
2025-09-30 10:41:31,349 [WARN] IP:2250 - RefParam_MEMORY_2_Config3_WriteValue not found: check if there is a RefParameter without a condition.
2025-09-30 10:41:31,349 [WARN] IP:2250 - RefParam_MEMORY_2_Config3_RegAddress not found: check if there is a RefParameter without a condition.
2025-09-30 10:41:31,558 [INFO] Middleware:1452 - No code input for Bsp Dependency
2025-09-30 10:41:31,564 [INFO] Middleware:1452 - No code input for Bsp Dependency
2025-09-30 10:41:31,569 [INFO] Middleware:1452 - No code input for Bsp Dependency
2025-09-30 10:41:31,574 [INFO] Middleware:1452 - No code input for Bsp Dependency
2025-09-30 10:41:31,574 [INFO] Middleware:1452 - No code input for Bsp Dependency
2025-09-30 10:41:31,575 [INFO] IP:3329 - RTE Config file name : RTE_Component
2025-09-30 10:41:31,575 [INFO] IP:3347 - RTE template : RTE_Components.ftl
2025-09-30 10:41:31,577 [INFO] Middleware:1452 - No code input for Bsp Dependency
2025-09-30 10:41:31,579 [INFO] Middleware:1452 - No code input for Bsp Dependency
2025-09-30 10:41:31,582 [INFO] Middleware:1452 - No code input for Bsp Dependency
2025-09-30 10:41:31,582 [INFO] CodeGenerator:1619 - *******************Project context FSBL selected
2025-09-30 10:41:31,667 [INFO] CodeEngine:265 - oldGeneratedFile, C:\ST\AB_LSTM\AB_LSTM\MXTmpFiles\license.tmp_save
2025-09-30 10:41:31,964 [INFO] CodeEngine:289 - Generated code: C:\ST\AB_LSTM\AB_LSTM\MXTmpFiles\license.tmp
2025-09-30 10:41:32,043 [INFO] CodeEngine:265 - oldGeneratedFile, C:\ST\AB_LSTM\AB_LSTM\FSBL\MXTmpFiles\gpio.tmp_save
2025-09-30 10:41:32,221 [ERROR] IocParser:95 - Exception caught: null
2025-09-30 10:41:32,258 [INFO] CodeEngine:289 - Generated code: C:\ST\AB_LSTM\AB_LSTM\FSBL\MXTmpFiles\gpio.tmp
2025-09-30 10:41:32,467 [WARN] IPConfigManager:103 - WARNING: Missing Config File for XSPIM ip!!
2025-09-30 10:41:32,545 [INFO] Middleware:1452 - No code input for Bsp Dependency
2025-09-30 10:41:32,555 [INFO] CodeEngine:265 - oldGeneratedFile, C:\ST\AB_LSTM\AB_LSTM\FSBL\MXTmpFiles\boot_code.tmp_save
2025-09-30 10:41:32,730 [INFO] CodeEngine:289 - Generated code: C:\ST\AB_LSTM\AB_LSTM\FSBL\MXTmpFiles\boot_code.tmp
2025-09-30 10:41:32,755 [INFO] CodeEngine:265 - oldGeneratedFile, C:\ST\AB_LSTM\AB_LSTM\FSBL\MXTmpFiles\cortex.tmp_save
2025-09-30 10:41:32,946 [INFO] CodeEngine:289 - Generated code: C:\ST\AB_LSTM\AB_LSTM\FSBL\MXTmpFiles\cortex.tmp
2025-09-30 10:41:32,965 [INFO] Middleware:1452 - No code input for Bsp Dependency
2025-09-30 10:41:32,975 [INFO] CodeEngine:265 - oldGeneratedFile, C:\ST\AB_LSTM\AB_LSTM\FSBL\Core\Inc\extmem_manager.h_save
2025-09-30 10:41:33,167 [INFO] CodeEngine:289 - Generated code: C:\ST\AB_LSTM\AB_LSTM\FSBL\Core\Inc\extmem_manager.h
2025-09-30 10:41:33,184 [INFO] CodeEngine:265 - oldGeneratedFile, C:\ST\AB_LSTM\AB_LSTM\FSBL\Core\Src\extmem_manager.c_save
2025-09-30 10:41:33,366 [INFO] CodeEngine:289 - Generated code: C:\ST\AB_LSTM\AB_LSTM\FSBL\Core\Src\extmem_manager.c
2025-09-30 10:41:33,374 [INFO] CodeEngine:265 - oldGeneratedFile, C:\ST\AB_LSTM\AB_LSTM\FSBL\Core\Inc\stm32_extmem_conf.h_save
2025-09-30 10:41:33,531 [INFO] CodeEngine:289 - Generated code: C:\ST\AB_LSTM\AB_LSTM\FSBL\Core\Inc\stm32_extmem_conf.h
2025-09-30 10:41:33,539 [INFO] CodeEngine:265 - oldGeneratedFile, C:\ST\AB_LSTM\AB_LSTM\FSBL\MXTmpFiles\boot_code.tmp_save
2025-09-30 10:41:33,591 [INFO] CodeEngine:289 - Generated code: C:\ST\AB_LSTM\AB_LSTM\FSBL\MXTmpFiles\boot_code.tmp
2025-09-30 10:41:33,637 [INFO] CodeEngine:265 - oldGeneratedFile, C:\ST\AB_LSTM\AB_LSTM\FSBL\Core\Src\stm32n6xx_it.c_save
2025-09-30 10:41:33,956 [INFO] CodeEngine:289 - Generated code: C:\ST\AB_LSTM\AB_LSTM\FSBL\Core\Src\stm32n6xx_it.c
2025-09-30 10:41:33,967 [INFO] CodeEngine:265 - oldGeneratedFile, C:\ST\AB_LSTM\AB_LSTM\FSBL\Core\Inc\stm32n6xx_it.h_save
2025-09-30 10:41:34,044 [INFO] CodeEngine:289 - Generated code: C:\ST\AB_LSTM\AB_LSTM\FSBL\Core\Inc\stm32n6xx_it.h
2025-09-30 10:41:34,161 [INFO] CodeEngine:265 - oldGeneratedFile, C:\ST\AB_LSTM\AB_LSTM\FSBL\Core\Src\stm32n6xx_hal_msp.c_save
2025-09-30 10:41:34,428 [INFO] CodeEngine:289 - Generated code: C:\ST\AB_LSTM\AB_LSTM\FSBL\Core\Src\stm32n6xx_hal_msp.c
2025-09-30 10:41:34,458 [INFO] CodeEngine:265 - oldGeneratedFile, C:\ST\AB_LSTM\AB_LSTM\FSBL\MXTmpFiles\system.tmp_save
2025-09-30 10:41:34,528 [INFO] CodeEngine:289 - Generated code: C:\ST\AB_LSTM\AB_LSTM\FSBL\MXTmpFiles\system.tmp
2025-09-30 10:41:34,555 [INFO] CodeEngine:321 - oldGeneratedFile, C:\ST\AB_LSTM\AB_LSTM\FSBL\Core\Inc\stm32n6xx_hal_conf.h_save
2025-09-30 10:41:34,745 [INFO] CodeEngine:345 - Generated code: C:\ST\AB_LSTM\AB_LSTM\FSBL\Core\Inc\stm32n6xx_hal_conf.h
2025-09-30 10:41:34,777 [WARN] IPConfigManager:3238 - Warning: the RefConfig RCC_ConfigVoltageScaling is not available in your config.xml file
2025-09-30 10:41:34,785 [WARN] IPConfigManager:3238 - Warning: the RefConfig RCC_RTC_HSEDIV is not available in your config.xml file
2025-09-30 10:41:34,786 [ERROR] ApiDbMcu:560 - Cannot parse XSPIM_Config file : file do not exist
2025-09-30 10:41:34,801 [INFO] CodeEngine:265 - oldGeneratedFile, C:\ST\AB_LSTM\AB_LSTM\FSBL\Core\Inc\main.h_save
2025-09-30 10:41:35,009 [INFO] CodeEngine:289 - Generated code: C:\ST\AB_LSTM\AB_LSTM\FSBL\Core\Inc\main.h
2025-09-30 10:41:35,019 [INFO] CodeEngine:265 - oldGeneratedFile, C:\ST\AB_LSTM\AB_LSTM\FSBL\Core\Src\main.c_save
2025-09-30 10:41:35,209 [INFO] CodeEngine:289 - Generated code: C:\ST\AB_LSTM\AB_LSTM\FSBL\Core\Src\main.c
2025-09-30 10:41:35,267 [INFO] CodeGenerator:1619 - *******************Project context Appli selected
2025-09-30 10:41:35,332 [INFO] IP:3329 - RTE Config file name : RTE_Component
2025-09-30 10:41:35,332 [INFO] IP:3347 - RTE template : RTE_Components.ftl
2025-09-30 10:41:35,349 [INFO] CodeEngine:265 - oldGeneratedFile, C:\ST\AB_LSTM\AB_LSTM\MXTmpFiles\license.tmp_save
2025-09-30 10:41:35,473 [INFO] CodeEngine:289 - Generated code: C:\ST\AB_LSTM\AB_LSTM\MXTmpFiles\license.tmp
2025-09-30 10:41:35,533 [INFO] CodeEngine:265 - oldGeneratedFile, C:\ST\AB_LSTM\AB_LSTM\Appli\MXTmpFiles\gpio.tmp_save
2025-09-30 10:41:35,657 [INFO] CodeEngine:289 - Generated code: C:\ST\AB_LSTM\AB_LSTM\Appli\MXTmpFiles\gpio.tmp
2025-09-30 10:41:35,758 [WARN] IPConfigManager:103 - WARNING: Missing Config File for NVIC ip!!
2025-09-30 10:41:35,908 [INFO] Middleware:1452 - No code input for Bsp Dependency
2025-09-30 10:41:35,909 [INFO] Middleware:1452 - No code input for Bsp Dependency
2025-09-30 10:41:35,909 [INFO] IP:3329 - RTE Config file name : RTE_Component
2025-09-30 10:41:35,909 [INFO] IP:3347 - RTE template : RTE_Components.ftl
2025-09-30 10:41:35,920 [INFO] CodeEngine:265 - oldGeneratedFile, C:\ST\AB_LSTM\AB_LSTM\Appli\MXTmpFiles\cortex.tmp_save
2025-09-30 10:41:36,027 [INFO] CodeEngine:289 - Generated code: C:\ST\AB_LSTM\AB_LSTM\Appli\MXTmpFiles\cortex.tmp
2025-09-30 10:41:36,068 [INFO] CodeEngine:265 - oldGeneratedFile, C:\ST\AB_LSTM\AB_LSTM\Appli\Core\Inc\stm32n6xx_nucleo_conf.h_save
2025-09-30 10:41:36,249 [INFO] CodeEngine:289 - Generated code: C:\ST\AB_LSTM\AB_LSTM\Appli\Core\Inc\stm32n6xx_nucleo_conf.h
2025-09-30 10:41:36,258 [INFO] CodeEngine:265 - oldGeneratedFile, C:\ST\AB_LSTM\AB_LSTM\Appli\MXTmpFiles\bsp_inc.tmp_save
2025-09-30 10:41:36,326 [INFO] CodeEngine:289 - Generated code: C:\ST\AB_LSTM\AB_LSTM\Appli\MXTmpFiles\bsp_inc.tmp
2025-09-30 10:41:36,342 [INFO] CodeEngine:265 - oldGeneratedFile, C:\ST\AB_LSTM\AB_LSTM\Appli\MXTmpFiles\bsp_common_vars.tmp_save
2025-09-30 10:41:36,392 [INFO] CodeEngine:289 - Generated code: C:\ST\AB_LSTM\AB_LSTM\Appli\MXTmpFiles\bsp_common_vars.tmp
2025-09-30 10:41:36,398 [INFO] CodeEngine:265 - oldGeneratedFile, C:\ST\AB_LSTM\AB_LSTM\Appli\MXTmpFiles\bsp_common_init.tmp_save
2025-09-30 10:41:36,461 [INFO] CodeEngine:289 - Generated code: C:\ST\AB_LSTM\AB_LSTM\Appli\MXTmpFiles\bsp_common_init.tmp
2025-09-30 10:41:36,479 [INFO] CodeEngine:265 - oldGeneratedFile, C:\ST\AB_LSTM\AB_LSTM\Appli\MXTmpFiles\bsp_common_demo_before_while.tmp_save
2025-09-30 10:41:36,541 [INFO] CodeEngine:289 - Generated code: C:\ST\AB_LSTM\AB_LSTM\Appli\MXTmpFiles\bsp_common_demo_before_while.tmp
2025-09-30 10:41:36,548 [INFO] CodeEngine:265 - oldGeneratedFile, C:\ST\AB_LSTM\AB_LSTM\Appli\MXTmpFiles\bsp_common_demo_inside_while.tmp_save
2025-09-30 10:41:36,602 [INFO] CodeEngine:289 - Generated code: C:\ST\AB_LSTM\AB_LSTM\Appli\MXTmpFiles\bsp_common_demo_inside_while.tmp
2025-09-30 10:41:36,607 [INFO] CodeEngine:265 - oldGeneratedFile, C:\ST\AB_LSTM\AB_LSTM\Appli\MXTmpFiles\bsp_common_demo_fct.tmp_save
2025-09-30 10:41:36,653 [INFO] CodeEngine:289 - Generated code: C:\ST\AB_LSTM\AB_LSTM\Appli\MXTmpFiles\bsp_common_demo_fct.tmp
2025-09-30 10:41:36,658 [INFO] Middleware:1452 - No code input for Bsp Dependency
2025-09-30 10:41:36,658 [INFO] Middleware:1452 - No code input for Bsp Dependency
2025-09-30 10:41:36,658 [INFO] IP:3329 - RTE Config file name : RTE_Component
2025-09-30 10:41:36,658 [INFO] IP:3347 - RTE template : RTE_Components.ftl
2025-09-30 10:41:36,670 [INFO] CodeEngine:265 - oldGeneratedFile, C:\ST\AB_LSTM\AB_LSTM\Appli\X-CUBE-AI\App\app_x-cube-ai.h_save
2025-09-30 10:41:36,815 [INFO] CodeEngine:289 - Generated code: C:\ST\AB_LSTM\AB_LSTM\Appli\X-CUBE-AI\App\app_x-cube-ai.h
2025-09-30 10:41:36,832 [INFO] CodeEngine:265 - oldGeneratedFile, C:\ST\AB_LSTM\AB_LSTM\Appli\X-CUBE-AI\constants_ai.h_save
2025-09-30 10:41:36,918 [INFO] CodeEngine:289 - Generated code: C:\ST\AB_LSTM\AB_LSTM\Appli\X-CUBE-AI\constants_ai.h
2025-09-30 10:41:36,927 [INFO] CodeEngine:265 - oldGeneratedFile, C:\ST\AB_LSTM\AB_LSTM\Appli\X-CUBE-AI\App\app_x-cube-ai.c_save
2025-09-30 10:41:37,045 [INFO] CodeEngine:289 - Generated code: C:\ST\AB_LSTM\AB_LSTM\Appli\X-CUBE-AI\App\app_x-cube-ai.c
2025-09-30 10:41:37,087 [INFO] CodeEngine:265 - oldGeneratedFile, C:\ST\AB_LSTM\AB_LSTM\Appli\Core\Src\stm32n6xx_it.c_save
2025-09-30 10:41:37,310 [INFO] CodeEngine:289 - Generated code: C:\ST\AB_LSTM\AB_LSTM\Appli\Core\Src\stm32n6xx_it.c
2025-09-30 10:41:37,324 [INFO] CodeEngine:265 - oldGeneratedFile, C:\ST\AB_LSTM\AB_LSTM\Appli\Core\Inc\stm32n6xx_it.h_save
2025-09-30 10:41:37,391 [INFO] CodeEngine:289 - Generated code: C:\ST\AB_LSTM\AB_LSTM\Appli\Core\Inc\stm32n6xx_it.h
2025-09-30 10:41:37,394 [INFO] IP:3329 - RTE Config file name : RTE_Component
2025-09-30 10:41:37,394 [INFO] IP:3347 - RTE template : RTE_Components.ftl
2025-09-30 10:41:37,394 [INFO] CodeGenerator:2312 - Add RTE Code Input 
2025-09-30 10:41:37,406 [INFO] CodeEngine:265 - oldGeneratedFile, C:\ST\AB_LSTM\AB_LSTM\Appli\Core\Inc\RTE_Components.h_save
2025-09-30 10:41:37,555 [INFO] CodeEngine:289 - Generated code: C:\ST\AB_LSTM\AB_LSTM\Appli\Core\Inc\RTE_Components.h
2025-09-30 10:41:37,571 [INFO] CodeEngine:265 - oldGeneratedFile, C:\ST\AB_LSTM\AB_LSTM\Appli\MXTmpFiles\RIFInit.tmp_save
2025-09-30 10:41:37,678 [INFO] CodeEngine:289 - Generated code: C:\ST\AB_LSTM\AB_LSTM\Appli\MXTmpFiles\RIFInit.tmp
2025-09-30 10:41:37,773 [INFO] CodeEngine:265 - oldGeneratedFile, C:\ST\AB_LSTM\AB_LSTM\Appli\Core\Src\stm32n6xx_hal_msp.c_save
2025-09-30 10:41:37,995 [INFO] CodeEngine:289 - Generated code: C:\ST\AB_LSTM\AB_LSTM\Appli\Core\Src\stm32n6xx_hal_msp.c
2025-09-30 10:41:38,005 [INFO] CodeEngine:265 - oldGeneratedFile, C:\ST\AB_LSTM\AB_LSTM\Appli\MXTmpFiles\system.tmp_save
2025-09-30 10:41:38,046 [INFO] CodeEngine:289 - Generated code: C:\ST\AB_LSTM\AB_LSTM\Appli\MXTmpFiles\system.tmp
2025-09-30 10:41:38,066 [INFO] CodeEngine:321 - oldGeneratedFile, C:\ST\AB_LSTM\AB_LSTM\Appli\Core\Inc\stm32n6xx_hal_conf.h_save
2025-09-30 10:41:38,203 [INFO] CodeEngine:345 - Generated code: C:\ST\AB_LSTM\AB_LSTM\Appli\Core\Inc\stm32n6xx_hal_conf.h
2025-09-30 10:41:38,223 [WARN] IPConfigManager:3238 - Warning: the RefConfig RCC_ConfigVoltageScaling is not available in your config.xml file
2025-09-30 10:41:38,225 [WARN] IPConfigManager:3238 - Warning: the RefConfig RCC_RTC_HSEDIV is not available in your config.xml file
2025-09-30 10:41:38,248 [WARN] IPConfigManager:3811 - IP not found : TIM
2025-09-30 10:41:38,251 [WARN] CodeGenerator:4259 - IP not found : null
2025-09-30 10:41:38,263 [INFO] CodeEngine:265 - oldGeneratedFile, C:\ST\AB_LSTM\AB_LSTM\Appli\Core\Inc\main.h_save
2025-09-30 10:41:38,453 [INFO] CodeEngine:289 - Generated code: C:\ST\AB_LSTM\AB_LSTM\Appli\Core\Inc\main.h
2025-09-30 10:41:38,470 [INFO] CodeEngine:265 - oldGeneratedFile, C:\ST\AB_LSTM\AB_LSTM\Appli\Core\Src\main.c_save
2025-09-30 10:41:38,634 [INFO] CodeEngine:289 - Generated code: C:\ST\AB_LSTM\AB_LSTM\Appli\Core\Src\main.c
2025-09-30 10:41:38,650 [INFO] CodeEngine:265 - oldGeneratedFile, C:\ST\AB_LSTM\AB_LSTM\Appli\Core\Src\secure_nsc.c_save
2025-09-30 10:41:38,746 [INFO] CodeEngine:289 - Generated code: C:\ST\AB_LSTM\AB_LSTM\Appli\Core\Src\secure_nsc.c
2025-09-30 10:41:38,754 [INFO] CodeEngine:265 - oldGeneratedFile, C:\ST\AB_LSTM\AB_LSTM\Appli\Core\Inc\partition_stm32n657xx.h_save
2025-09-30 10:41:38,845 [INFO] CodeEngine:289 - Generated code: C:\ST\AB_LSTM\AB_LSTM\Appli\Core\Inc\partition_stm32n657xx.h
2025-09-30 10:41:38,854 [INFO] CodeEngine:265 - oldGeneratedFile, C:\ST\AB_LSTM\AB_LSTM\Secure_nsclib\secure_nsc.h_save
2025-09-30 10:41:38,921 [INFO] CodeEngine:289 - Generated code: C:\ST\AB_LSTM\AB_LSTM\Secure_nsclib\secure_nsc.h
2025-09-30 10:41:38,954 [INFO] CodeGenerator:1707 - *******************Project context ExtMemLoader Not selected
2025-09-30 10:41:39,951 [INFO] AInterface:322 - ModelName:network; files:[C:\Users\ZOJOLDRI\OneDrive - Carl Zeiss AG\Dokumente\Zeiss\SMT\Bachelor\AB Encoder Model\AB_Encoder_Synthetic_Data\lstm_ab_encoder.h5]; type:Keras; compression:None
2025-09-30 10:41:39,951 [INFO] AInterface:526 - workspaceTempDir: C:/Users/ZOJOLDRI/AppData/Local/Temp/mxAI_workspace1077208744255899471819776228930397
2025-09-30 10:41:39,952 [INFO] AInterface:1176 - Setting Env: C:/Users/ZOJOLDRI/STM32Cube/Repository/Packs/STMicroelectronics/X-CUBE-AI/10.2.0/Utilities/windows
2025-09-30 10:41:39,960 [INFO] STM32CubeIDEBuilder:265 - Looking for gnu-tools-for-stm32 tools/bin/arm-none-eabi-gcc.exe in C:\ST\STM32CubeIDE_1.19.0\STM32CubeIDE
2025-09-30 10:41:39,963 [INFO] STM32CubeIDEBuilder:294 - checking C:\ST\STM32CubeIDE_1.19.0\STM32CubeIDE\plugins\com.st.stm32cube.ide.mcu.externaltools.gnu-tools-for-stm32.13.3.rel1.win32_1.0.0.202411081344\tools\bin\arm-none-eabi-gcc.exe
2025-09-30 10:41:39,963 [INFO] STM32CubeIDEBuilder:297 - ret=C:\ST\STM32CubeIDE_1.19.0\STM32CubeIDE\plugins\com.st.stm32cube.ide.mcu.externaltools.gnu-tools-for-stm32.13.3.rel1.win32_1.0.0.202411081344\tools\bin\arm-none-eabi-gcc.exe
2025-09-30 10:41:39,963 [INFO] STM32CubeIDEBuilder:311 - returning C:\ST\STM32CubeIDE_1.19.0\STM32CubeIDE\plugins\com.st.stm32cube.ide.mcu.externaltools.gnu-tools-for-stm32.13.3.rel1.win32_1.0.0.202411081344\tools\bin\arm-none-eabi-gcc.exe
2025-09-30 10:41:39,964 [INFO] AInterface:1233 - Custom PATH variable: C:/Users/ZOJOLDRI/STM32Cube/Repository/Packs/STMicroelectronics/X-CUBE-AI/10.2.0/Utilities/windows;C:/Users/ZOJOLDRI/STM32Cube/Repository/Packs/STMicroelectronics/X-CUBE-AI/10.2.0/Utilities/windows/mingw64/bin;C:/Users/ZOJOLDRI/STM32Cube/Repository/Packs/STMicroelectronics/X-CUBE-AI/10.2.0/Utilities/windows/mingw64/libexec/gcc/x86_64-w64-mingw32/7.3.0;;C:\ST\STM32CubeIDE_1.19.0\STM32CubeIDE\plugins\com.st.stm32cube.ide.mcu.externaltools.gnu-tools-for-stm32.13.3.rel1.win32_1.0.0.202411081344\tools\bin
2025-09-30 10:41:39,965 [INFO] CmdLine:115 - Command: C:/Users/ZOJOLDRI/STM32Cube/Repository/Packs/STMicroelectronics/X-CUBE-AI/10.2.0/Utilities/windows/stedgeai.exe generate --target stm32n6 --name network -m C:/Users/ZOJOLDRI/OneDrive - Carl Zeiss AG/Dokumente/Zeiss/SMT/Bachelor/AB Encoder Model/AB_Encoder_Synthetic_Data/lstm_ab_encoder.h5 --compression none --verbosity 1 -O time --workspace C:/Users/ZOJOLDRI/AppData/Local/Temp/mxAI_workspace1077208744255899471819776228930397 --output C:/Users/ZOJOLDRI/.stm32cubemx/network_output
2025-09-30 10:41:39,967 [INFO] AIModelDetailledView:2380 - Analysis status: pending
2025-09-30 10:41:47,151 [INFO] CmdLine:76 - ST Edge AI Core v2.2.0-20266 2adc00962
2025-09-30 10:42:53,070 [INFO] CmdLine:76 - Creating c (debug) info json file C:\Users\ZOJOLDRI\.stm32cubemx\network_output\network_c_info.json
2025-09-30 10:42:53,098 [INFO] CmdLine:76 -  
2025-09-30 10:42:53,098 [INFO] CmdLine:76 -  Exec/report summary (generate)
2025-09-30 10:42:53,099 [INFO] CmdLine:76 -  ---------------------------------------------------------------------------------------------------------------------------------------------------------------
2025-09-30 10:42:53,099 [INFO] CmdLine:76 -  model file         :   C:\Users\ZOJOLDRI\OneDrive - Carl Zeiss AG\Dokumente\Zeiss\SMT\Bachelor\AB Encoder Model\AB_Encoder_Synthetic_Data\lstm_ab_encoder.h5   
2025-09-30 10:42:53,099 [INFO] CmdLine:76 -  type               :   keras                                                                                                                                   
2025-09-30 10:42:53,099 [INFO] CmdLine:76 -  c_name             :   network                                                                                                                                 
2025-09-30 10:42:53,099 [INFO] CmdLine:76 -  compression        :   none                                                                                                                                    
2025-09-30 10:42:53,100 [INFO] CmdLine:76 -  options            :   allocate-inputs, allocate-outputs                                                                                                       
2025-09-30 10:42:53,100 [INFO] CmdLine:76 -  optimization       :   time                                                                                                                                    
2025-09-30 10:42:53,100 [INFO] CmdLine:76 -  target/series      :   stm32n6                                                                                                                                 
2025-09-30 10:42:53,100 [INFO] CmdLine:76 -  workspace dir      :   C:\Users\ZOJOLDRI\AppData\Local\Temp\mxAI_workspace1077208744255899471819776228930397                                                   
2025-09-30 10:42:53,100 [INFO] CmdLine:76 -  output dir         :   C:\Users\ZOJOLDRI\.stm32cubemx\network_output                                                                                           
2025-09-30 10:42:53,100 [INFO] CmdLine:76 -  model_fmt          :   float                                                                                                                                   
2025-09-30 10:42:53,100 [INFO] CmdLine:76 -  model_name         :   lstm_ab_encoder                                                                                                                         
2025-09-30 10:42:53,100 [INFO] CmdLine:76 -  model_hash         :   0xd35e5fe88adc6c96937029708d58eb02                                                                                                      
2025-09-30 10:42:53,100 [INFO] CmdLine:76 -  params #           :   3,587 items (14.01 KiB)                                                                                                                 
2025-09-30 10:42:53,100 [INFO] CmdLine:76 -  ---------------------------------------------------------------------------------------------------------------------------------------------------------------
2025-09-30 10:42:53,100 [INFO] CmdLine:76 -  input 1/1          :   'input_0', f32(1x20x10), 800 Bytes, activations                                                                                         
2025-09-30 10:42:53,100 [INFO] CmdLine:76 -  output 1/1         :   'output', f32(1x3), 12 Bytes, activations                                                                                               
2025-09-30 10:42:53,101 [INFO] CmdLine:76 -  macc               :   67,960                                                                                                                                  
2025-09-30 10:42:53,101 [INFO] CmdLine:76 -  weights (ro)       :   14,636 B (14.29 KiB) (1 segment) / +288(+2.0%) vs float model                                                                           
2025-09-30 10:42:53,101 [INFO] CmdLine:76 -  activations (rw)   :   1,568 B (1.53 KiB) (1 segment) *                                                                                                        
2025-09-30 10:42:53,101 [INFO] CmdLine:76 -  ram (total)        :   1,568 B (1.53 KiB) = 1,568 + 0 + 0                                                                                                      
2025-09-30 10:42:53,101 [INFO] CmdLine:76 -  ---------------------------------------------------------------------------------------------------------------------------------------------------------------
2025-09-30 10:42:53,102 [INFO] CmdLine:76 -  (*) 'input'/'output' buffers are allocated in the activations buffer
2025-09-30 10:42:53,102 [INFO] CmdLine:76 - Computing AI RT data/code size (target=stm32n6)..
2025-09-30 10:42:57,177 [INFO] CmdLine:76 -  Requested memory size by section - "stm32n6" target
2025-09-30 10:42:57,178 [INFO] CmdLine:76 -  ------------------------------- -------- -------- ------- -------
2025-09-30 10:42:57,178 [INFO] CmdLine:76 -  module                              text   rodata    data     bss
2025-09-30 10:42:57,179 [INFO] CmdLine:76 -  ------------------------------- -------- -------- ------- -------
2025-09-30 10:42:57,179 [INFO] CmdLine:76 -  NetworkRuntime1020_CM55_GCC.a     15,800       32       0       0
2025-09-30 10:42:57,179 [INFO] CmdLine:76 -  network.o                            596       40   1,888     136
2025-09-30 10:42:57,180 [INFO] CmdLine:76 -  network_data.o                        48       16      88       0
2025-09-30 10:42:57,180 [INFO] CmdLine:76 -  lib (toolchain)*                   1,132      340       0       0
2025-09-30 10:42:57,180 [INFO] CmdLine:76 -  ------------------------------- -------- -------- ------- -------
2025-09-30 10:42:57,180 [INFO] CmdLine:76 -  RT total**                        17,576      428   1,976     136
2025-09-30 10:42:57,181 [INFO] CmdLine:76 -  ------------------------------- -------- -------- ------- -------
2025-09-30 10:42:57,181 [INFO] CmdLine:76 -  weights                                0   14,640       0       0
2025-09-30 10:42:57,181 [INFO] CmdLine:76 -  activations                            0        0       0   1,568
2025-09-30 10:42:57,181 [INFO] CmdLine:76 -  io                                     0        0       0       0
2025-09-30 10:42:57,181 [INFO] CmdLine:76 -  ------------------------------- -------- -------- ------- -------
2025-09-30 10:42:57,182 [INFO] CmdLine:76 -  TOTAL                             17,576   15,068   1,976   1,704
2025-09-30 10:42:57,182 [INFO] CmdLine:76 -  ------------------------------- -------- -------- ------- -------
2025-09-30 10:42:57,182 [INFO] CmdLine:76 -  *  toolchain objects (libm/libgcc*)
2025-09-30 10:42:57,182 [INFO] CmdLine:76 -  ** RT AI runtime objects (kernels+infrastructure)
2025-09-30 10:42:57,182 [INFO] CmdLine:76 -   Summary - "stm32n6" target
2025-09-30 10:42:57,183 [INFO] CmdLine:76 -   ---------------------------------------------------
2025-09-30 10:42:57,183 [INFO] CmdLine:76 -                FLASH (ro)      %*   RAM (rw)       %
2025-09-30 10:42:57,183 [INFO] CmdLine:76 -   ---------------------------------------------------
2025-09-30 10:42:57,183 [INFO] CmdLine:76 -   RT total         19,980   57.7%      2,112   57.4%
2025-09-30 10:42:57,183 [INFO] CmdLine:76 -   ---------------------------------------------------
2025-09-30 10:42:57,183 [INFO] CmdLine:76 -   TOTAL            34,620              3,680
2025-09-30 10:42:57,183 [INFO] CmdLine:76 -   ---------------------------------------------------
2025-09-30 10:42:57,183 [INFO] CmdLine:76 -   *  rt/total
2025-09-30 10:42:57,183 [INFO] CmdLine:76 -  Generated files (7)
2025-09-30 10:42:57,183 [INFO] CmdLine:76 -  ---------------------------------------------------------------------
2025-09-30 10:42:57,184 [INFO] CmdLine:76 -  C:\Users\ZOJOLDRI\.stm32cubemx\network_output\network_data_params.h
2025-09-30 10:42:57,184 [INFO] CmdLine:76 -  C:\Users\ZOJOLDRI\.stm32cubemx\network_output\network_data_params.c
2025-09-30 10:42:57,184 [INFO] CmdLine:76 -  C:\Users\ZOJOLDRI\.stm32cubemx\network_output\network_data.h
2025-09-30 10:42:57,184 [INFO] CmdLine:76 -  C:\Users\ZOJOLDRI\.stm32cubemx\network_output\network_data.c
2025-09-30 10:42:57,184 [INFO] CmdLine:76 -  C:\Users\ZOJOLDRI\.stm32cubemx\network_output\network_config.h
2025-09-30 10:42:57,184 [INFO] CmdLine:76 -  C:\Users\ZOJOLDRI\.stm32cubemx\network_output\network.h
2025-09-30 10:42:57,184 [INFO] CmdLine:76 -  C:\Users\ZOJOLDRI\.stm32cubemx\network_output\network.c
2025-09-30 10:42:57,184 [INFO] CmdLine:76 - Creating txt report file C:\Users\ZOJOLDRI\.stm32cubemx\network_output\network_generate_report.txt
2025-09-30 10:42:59,921 [INFO] CmdLine:76 - elapsed time (generate): 72.770s
2025-09-30 10:43:00,346 [INFO] CmdLine:148 - stedgeai exit with status: 0
2025-09-30 10:43:00,364 [INFO] AIModelDetailledView:2380 - Analysis status: done
2025-09-30 10:43:01,580 [INFO] ProjectBuilder:3606 - Time for Copy HAL[1] : 547mS.
2025-09-30 10:43:01,580 [ERROR] Middleware:2950 - Invalid RefComponent list
2025-09-30 10:43:01,580 [ERROR] Middleware:2950 - Invalid RefComponent list
2025-09-30 10:43:01,580 [ERROR] Middleware:2950 - Invalid RefComponent list
2025-09-30 10:43:01,580 [ERROR] Middleware:2950 - Invalid RefComponent list
2025-09-30 10:43:01,580 [ERROR] Middleware:2950 - Invalid RefComponent list
2025-09-30 10:43:01,580 [ERROR] Middleware:2950 - Invalid RefComponent list
2025-09-30 10:43:01,580 [ERROR] Middleware:2950 - Invalid RefComponent list
2025-09-30 10:43:01,580 [ERROR] Middleware:2950 - Invalid RefComponent list
2025-09-30 10:43:01,580 [ERROR] Middleware:2950 - Invalid RefComponent list
2025-09-30 10:43:01,580 [ERROR] Middleware:2950 - Invalid RefComponent list
2025-09-30 10:43:01,580 [ERROR] Middleware:2950 - Invalid RefComponent list
2025-09-30 10:43:01,580 [ERROR] Middleware:2950 - Invalid RefComponent list
2025-09-30 10:43:01,580 [ERROR] Middleware:2950 - Invalid RefComponent list
2025-09-30 10:43:01,580 [ERROR] Middleware:2950 - Invalid RefComponent list
2025-09-30 10:43:01,580 [ERROR] Middleware:2950 - Invalid RefComponent list
2025-09-30 10:43:01,580 [ERROR] Middleware:2950 - Invalid RefComponent list
2025-09-30 10:43:01,580 [ERROR] Middleware:2950 - Invalid RefComponent list
2025-09-30 10:43:01,580 [ERROR] Middleware:2950 - Invalid RefComponent list
2025-09-30 10:43:01,580 [ERROR] Middleware:2950 - Invalid RefComponent list
2025-09-30 10:43:01,580 [ERROR] Middleware:2950 - Invalid RefComponent list
2025-09-30 10:43:01,580 [ERROR] Middleware:2950 - Invalid RefComponent list
2025-09-30 10:43:01,580 [ERROR] Middleware:2950 - Invalid RefComponent list
2025-09-30 10:43:01,580 [ERROR] Middleware:2950 - Invalid RefComponent list
2025-09-30 10:43:01,580 [ERROR] Middleware:2950 - Invalid RefComponent list
2025-09-30 10:43:01,580 [ERROR] Middleware:2950 - Invalid RefComponent list
2025-09-30 10:43:01,580 [ERROR] Middleware:2950 - Invalid RefComponent list
2025-09-30 10:43:01,580 [ERROR] Middleware:2950 - Invalid RefComponent list
2025-09-30 10:43:01,580 [ERROR] Middleware:2950 - Invalid RefComponent list
2025-09-30 10:43:01,580 [ERROR] Middleware:2950 - Invalid RefComponent list
2025-09-30 10:43:01,580 [ERROR] Middleware:2950 - Invalid RefComponent list
2025-09-30 10:43:01,580 [ERROR] Middleware:2950 - Invalid RefComponent list
2025-09-30 10:43:01,580 [ERROR] Middleware:2950 - Invalid RefComponent list
2025-09-30 10:43:01,580 [ERROR] Middleware:2950 - Invalid RefComponent list
2025-09-30 10:43:01,580 [ERROR] Middleware:2950 - Invalid RefComponent list
2025-09-30 10:43:01,580 [ERROR] Middleware:2950 - Invalid RefComponent list
2025-09-30 10:43:01,580 [ERROR] Middleware:2950 - Invalid RefComponent list
2025-09-30 10:43:01,580 [ERROR] Middleware:2950 - Invalid RefComponent list
2025-09-30 10:43:01,580 [ERROR] Middleware:2950 - Invalid RefComponent list
2025-09-30 10:43:01,581 [ERROR] Middleware:2950 - Invalid RefComponent list
2025-09-30 10:43:01,581 [ERROR] Middleware:2950 - Invalid RefComponent list
2025-09-30 10:43:01,581 [ERROR] Middleware:2950 - Invalid RefComponent list
2025-09-30 10:43:01,581 [ERROR] Middleware:2950 - Invalid RefComponent list
2025-09-30 10:43:01,581 [ERROR] Middleware:2950 - Invalid RefComponent list
2025-09-30 10:43:01,581 [ERROR] Middleware:2950 - Invalid RefComponent list
2025-09-30 10:43:01,581 [ERROR] Middleware:2950 - Invalid RefComponent list
2025-09-30 10:43:01,581 [ERROR] Middleware:2950 - Invalid RefComponent list
2025-09-30 10:43:01,581 [ERROR] Middleware:2950 - Invalid RefComponent list
2025-09-30 10:43:01,581 [ERROR] Middleware:2950 - Invalid RefComponent list
2025-09-30 10:43:01,581 [ERROR] Middleware:2950 - Invalid RefComponent list
2025-09-30 10:43:01,581 [ERROR] Middleware:2950 - Invalid RefComponent list
2025-09-30 10:43:01,581 [ERROR] Middleware:2950 - Invalid RefComponent list
2025-09-30 10:43:01,581 [ERROR] Middleware:2950 - Invalid RefComponent list
2025-09-30 10:43:01,581 [ERROR] Middleware:2950 - Invalid RefComponent list
2025-09-30 10:43:01,581 [ERROR] Middleware:2950 - Invalid RefComponent list
2025-09-30 10:43:01,581 [ERROR] Middleware:2950 - Invalid RefComponent list
2025-09-30 10:43:01,581 [ERROR] Middleware:2950 - Invalid RefComponent list
2025-09-30 10:43:01,581 [ERROR] Middleware:2950 - Invalid RefComponent list
2025-09-30 10:43:01,581 [ERROR] Middleware:2950 - Invalid RefComponent list
2025-09-30 10:43:01,581 [ERROR] Middleware:2950 - Invalid RefComponent list
2025-09-30 10:43:01,581 [ERROR] Middleware:2950 - Invalid RefComponent list
2025-09-30 10:43:01,581 [ERROR] Middleware:2950 - Invalid RefComponent list
2025-09-30 10:43:01,581 [ERROR] Middleware:2950 - Invalid RefComponent list
2025-09-30 10:43:01,581 [ERROR] Middleware:2950 - Invalid RefComponent list
2025-09-30 10:43:01,581 [ERROR] Middleware:2950 - Invalid RefComponent list
2025-09-30 10:43:01,581 [ERROR] Middleware:2950 - Invalid RefComponent list
2025-09-30 10:43:01,581 [ERROR] Middleware:2950 - Invalid RefComponent list
2025-09-30 10:43:01,581 [ERROR] Middleware:2950 - Invalid RefComponent list
2025-09-30 10:43:01,581 [ERROR] Middleware:2950 - Invalid RefComponent list
2025-09-30 10:43:01,581 [ERROR] Middleware:2950 - Invalid RefComponent list
2025-09-30 10:43:01,581 [ERROR] Middleware:2950 - Invalid RefComponent list
2025-09-30 10:43:01,597 [INFO] ProjectBuilder:5216 - Project Generator version: 4.7.0-B52
2025-09-30 10:43:01,656 [INFO] ConfigFileManager:1595 - The Die is : DIE486
2025-09-30 10:43:13,807 [INFO] ProjectBuilder:5056 - Time for Generating toolchain IDE Files: 12210mS.
2025-09-30 10:43:13,811 [INFO] ProjectBuilder:3463 - Time for Copy CMSIS : 3mS.
2025-09-30 10:43:13,823 [INFO] ProjectBuilder:3463 - Time for Copy CMSIS : 0mS.
2025-09-30 10:44:08,680 [INFO] AIModelDetailledView:2380 - Analysis status: -
2025-09-30 10:44:26,498 [INFO] AInterface:259 - ModelName:network; files:[C:\Users\ZOJOLDRI\OneDrive - Carl Zeiss AG\Dokumente\Zeiss\SMT\Bachelor\AB Encoder Model\AB_Encoder_Synthetic_Data\lstm_ab_encoder.h5]; type:Keras; compression:None
2025-09-30 10:44:26,499 [INFO] AInterface:526 - workspaceTempDir: C:/Users/ZOJOLDRI/AppData/Local/Temp/mxAI_workspace10773752916262006767473428761358192
2025-09-30 10:44:26,500 [INFO] AInterface:1176 - Setting Env: C:/Users/ZOJOLDRI/STM32Cube/Repository/Packs/STMicroelectronics/X-CUBE-AI/10.2.0/Utilities/windows
2025-09-30 10:44:26,510 [INFO] STM32CubeIDEBuilder:265 - Looking for gnu-tools-for-stm32 tools/bin/arm-none-eabi-gcc.exe in C:\ST\STM32CubeIDE_1.19.0\STM32CubeIDE
2025-09-30 10:44:26,514 [INFO] STM32CubeIDEBuilder:294 - checking C:\ST\STM32CubeIDE_1.19.0\STM32CubeIDE\plugins\com.st.stm32cube.ide.mcu.externaltools.gnu-tools-for-stm32.13.3.rel1.win32_1.0.0.202411081344\tools\bin\arm-none-eabi-gcc.exe
2025-09-30 10:44:26,515 [INFO] STM32CubeIDEBuilder:297 - ret=C:\ST\STM32CubeIDE_1.19.0\STM32CubeIDE\plugins\com.st.stm32cube.ide.mcu.externaltools.gnu-tools-for-stm32.13.3.rel1.win32_1.0.0.202411081344\tools\bin\arm-none-eabi-gcc.exe
2025-09-30 10:44:26,515 [INFO] STM32CubeIDEBuilder:311 - returning C:\ST\STM32CubeIDE_1.19.0\STM32CubeIDE\plugins\com.st.stm32cube.ide.mcu.externaltools.gnu-tools-for-stm32.13.3.rel1.win32_1.0.0.202411081344\tools\bin\arm-none-eabi-gcc.exe
2025-09-30 10:44:26,516 [INFO] AInterface:1233 - Custom PATH variable: C:/Users/ZOJOLDRI/STM32Cube/Repository/Packs/STMicroelectronics/X-CUBE-AI/10.2.0/Utilities/windows;C:/Users/ZOJOLDRI/STM32Cube/Repository/Packs/STMicroelectronics/X-CUBE-AI/10.2.0/Utilities/windows/mingw64/bin;C:/Users/ZOJOLDRI/STM32Cube/Repository/Packs/STMicroelectronics/X-CUBE-AI/10.2.0/Utilities/windows/mingw64/libexec/gcc/x86_64-w64-mingw32/7.3.0;;C:\ST\STM32CubeIDE_1.19.0\STM32CubeIDE\plugins\com.st.stm32cube.ide.mcu.externaltools.gnu-tools-for-stm32.13.3.rel1.win32_1.0.0.202411081344\tools\bin
2025-09-30 10:44:26,517 [INFO] CmdLine:115 - Command: C:/Users/ZOJOLDRI/STM32Cube/Repository/Packs/STMicroelectronics/X-CUBE-AI/10.2.0/Utilities/windows/stedgeai.exe analyze --target stm32n6 --name network -m C:/Users/ZOJOLDRI/OneDrive - Carl Zeiss AG/Dokumente/Zeiss/SMT/Bachelor/AB Encoder Model/AB_Encoder_Synthetic_Data/lstm_ab_encoder.h5 --compression none --verbosity 1 -O time --workspace C:/Users/ZOJOLDRI/AppData/Local/Temp/mxAI_workspace10773752916262006767473428761358192 --output C:/Users/ZOJOLDRI/.stm32cubemx/network_output
2025-09-30 10:44:26,520 [INFO] AIModelDetailledView:2380 - Analysis status: pending
2025-09-30 10:44:27,235 [INFO] CmdLine:76 - ST Edge AI Core v2.2.0-20266 2adc00962
2025-09-30 10:44:32,126 [INFO] CmdLine:76 - Creating c (debug) info json file C:\Users\ZOJOLDRI\.stm32cubemx\network_output\network_c_info.json
2025-09-30 10:44:32,156 [INFO] CmdLine:76 -  
2025-09-30 10:44:32,156 [INFO] CmdLine:76 -  Exec/report summary (analyze)
2025-09-30 10:44:32,156 [INFO] CmdLine:76 -  ---------------------------------------------------------------------------------------------------------------------------------------------------------------
2025-09-30 10:44:32,157 [INFO] CmdLine:76 -  model file         :   C:\Users\ZOJOLDRI\OneDrive - Carl Zeiss AG\Dokumente\Zeiss\SMT\Bachelor\AB Encoder Model\AB_Encoder_Synthetic_Data\lstm_ab_encoder.h5   
2025-09-30 10:44:32,157 [INFO] CmdLine:76 -  type               :   keras                                                                                                                                   
2025-09-30 10:44:32,157 [INFO] CmdLine:76 -  c_name             :   network                                                                                                                                 
2025-09-30 10:44:32,157 [INFO] CmdLine:76 -  compression        :   none                                                                                                                                    
2025-09-30 10:44:32,158 [INFO] CmdLine:76 -  options            :   allocate-inputs, allocate-outputs                                                                                                       
2025-09-30 10:44:32,158 [INFO] CmdLine:76 -  optimization       :   time                                                                                                                                    
2025-09-30 10:44:32,158 [INFO] CmdLine:76 -  target/series      :   stm32n6                                                                                                                                 
2025-09-30 10:44:32,158 [INFO] CmdLine:76 -  workspace dir      :   C:\Users\ZOJOLDRI\AppData\Local\Temp\mxAI_workspace10773752916262006767473428761358192                                                  
2025-09-30 10:44:32,159 [INFO] CmdLine:76 -  output dir         :   C:\Users\ZOJOLDRI\.stm32cubemx\network_output                                                                                           
2025-09-30 10:44:32,159 [INFO] CmdLine:76 -  model_fmt          :   float                                                                                                                                   
2025-09-30 10:44:32,159 [INFO] CmdLine:76 -  model_name         :   lstm_ab_encoder                                                                                                                         
2025-09-30 10:44:32,159 [INFO] CmdLine:76 -  model_hash         :   0xd35e5fe88adc6c96937029708d58eb02                                                                                                      
2025-09-30 10:44:32,159 [INFO] CmdLine:76 -  params #           :   3,587 items (14.01 KiB)                                                                                                                 
2025-09-30 10:44:32,160 [INFO] CmdLine:76 -  ---------------------------------------------------------------------------------------------------------------------------------------------------------------
2025-09-30 10:44:32,160 [INFO] CmdLine:76 -  input 1/1          :   'input_0', f32(1x20x10), 800 Bytes, activations                                                                                         
2025-09-30 10:44:32,160 [INFO] CmdLine:76 -  output 1/1         :   'output', f32(1x3), 12 Bytes, activations                                                                                               
2025-09-30 10:44:32,162 [INFO] CmdLine:76 -  macc               :   67,960                                                                                                                                  
2025-09-30 10:44:32,165 [INFO] CmdLine:76 -  weights (ro)       :   14,636 B (14.29 KiB) (1 segment) / +288(+2.0%) vs float model                                                                           
2025-09-30 10:44:32,166 [INFO] CmdLine:76 -  activations (rw)   :   1,568 B (1.53 KiB) (1 segment) *                                                                                                        
2025-09-30 10:44:32,167 [INFO] CmdLine:76 -  ram (total)        :   1,568 B (1.53 KiB) = 1,568 + 0 + 0                                                                                                      
2025-09-30 10:44:32,168 [INFO] CmdLine:76 -  ---------------------------------------------------------------------------------------------------------------------------------------------------------------
2025-09-30 10:44:32,168 [INFO] CmdLine:76 -  (*) 'input'/'output' buffers are allocated in the activations buffer
2025-09-30 10:44:32,169 [INFO] CmdLine:76 - Computing AI RT data/code size (target=stm32n6)..
2025-09-30 10:44:34,078 [INFO] CmdLine:76 -  Model name - lstm_ab_encoder
2025-09-30 10:44:34,079 [INFO] CmdLine:76 -  ------ ----------------------- ----------------- -------------- -------- ---------------
2025-09-30 10:44:34,079 [INFO] CmdLine:76 -  m_id   layer (original)        oshape            param/size         macc    connected to
2025-09-30 10:44:34,079 [INFO] CmdLine:76 -  ------ ----------------------- ----------------- -------------- -------- ---------------
2025-09-30 10:44:34,079 [INFO] CmdLine:76 -  0      input_0 (None)          [b:1,h:20,c:10]
2025-09-30 10:44:34,079 [INFO] CmdLine:76 -         lstm_1 (LSTM)           [b:1,c:24]        3,360/13,440     67,680         input_0
2025-09-30 10:44:34,079 [INFO] CmdLine:76 -  ------ ----------------------- ----------------- -------------- -------- ---------------
2025-09-30 10:44:34,079 [INFO] CmdLine:76 -  2      dense_1_dense (Dense)   [b:1,c:8]         200/800             200          lstm_1
2025-09-30 10:44:34,079 [INFO] CmdLine:76 -         dense_1 (Dense)         [b:1,c:8]                               8   dense_1_dense
2025-09-30 10:44:34,079 [INFO] CmdLine:76 -  ------ ----------------------- ----------------- -------------- -------- ---------------
2025-09-30 10:44:34,079 [INFO] CmdLine:76 -  3      output_dense (Dense)    [b:1,c:3]         27/108               27         dense_1
2025-09-30 10:44:34,079 [INFO] CmdLine:76 -         output (Dense)          [b:1,c:3]                              45    output_dense
2025-09-30 10:44:34,079 [INFO] CmdLine:76 -  ------ ----------------------- ----------------- -------------- -------- ---------------
2025-09-30 10:44:34,079 [INFO] CmdLine:76 -  model: macc=67,960 weights=14,348 activations=-- io=--
2025-09-30 10:44:34,079 [INFO] CmdLine:76 -  Number of operations per c-layer
2025-09-30 10:44:34,079 [INFO] CmdLine:76 -  ------- ------ ------------------------ -------- --------------
2025-09-30 10:44:34,079 [INFO] CmdLine:76 -  c_id    m_id   name (type)                   #op           type
2025-09-30 10:44:34,079 [INFO] CmdLine:76 -  ------- ------ ------------------------ -------- --------------
2025-09-30 10:44:34,079 [INFO] CmdLine:76 -  0       0      lstm_1 (LSTM)              67,680   smul_f32_f32
2025-09-30 10:44:34,079 [INFO] CmdLine:76 -  1       2      dense_1_dense (Dense)         200   smul_f32_f32
2025-09-30 10:44:34,079 [INFO] CmdLine:76 -  2       2      dense_1 (Nonlinearity)          8     op_f32_f32
2025-09-30 10:44:34,079 [INFO] CmdLine:76 -  3       3      output_dense (Dense)           27   smul_f32_f32
2025-09-30 10:44:34,079 [INFO] CmdLine:76 -  4       3      output (Nonlinearity)          45     op_f32_f32
2025-09-30 10:44:34,079 [INFO] CmdLine:76 -  ------- ------ ------------------------ -------- --------------
2025-09-30 10:44:34,079 [INFO] CmdLine:76 -  total                                     67,960
2025-09-30 10:44:34,079 [INFO] CmdLine:76 -  Number of operation types
2025-09-30 10:44:34,079 [INFO] CmdLine:76 -  ---------------- -------- -----------
2025-09-30 10:44:34,079 [INFO] CmdLine:76 -  operation type          #           %
2025-09-30 10:44:34,079 [INFO] CmdLine:76 -  ---------------- -------- -----------
2025-09-30 10:44:34,079 [INFO] CmdLine:76 -  smul_f32_f32       67,907       99.9%
2025-09-30 10:44:34,079 [INFO] CmdLine:76 -  op_f32_f32             53        0.1%
2025-09-30 10:44:34,079 [INFO] CmdLine:76 -  Complexity report (model)
2025-09-30 10:44:34,079 [INFO] CmdLine:76 -  ------ --------------- ------------------------- ------------------------- --------
2025-09-30 10:44:34,079 [INFO] CmdLine:76 -  m_id   name            c_macc                    c_rom                     c_id
2025-09-30 10:44:34,079 [INFO] CmdLine:76 -  ------ --------------- ------------------------- ------------------------- --------
2025-09-30 10:44:34,079 [INFO] CmdLine:76 -  0      input_0         ||||||||||||||||  99.6%   ||||||||||||||||  93.8%   [0]
2025-09-30 10:44:34,079 [INFO] CmdLine:76 -  2      dense_1_dense   |                  0.3%   |                  5.5%   [1, 2]
2025-09-30 10:44:34,079 [INFO] CmdLine:76 -  3      output_dense    |                  0.1%   |                  0.7%   [3, 4]
2025-09-30 10:44:34,079 [INFO] CmdLine:76 -  ------ --------------- ------------------------- ------------------------- --------
2025-09-30 10:44:34,079 [INFO] CmdLine:76 -  macc=67,960 weights=14,636 act=1,568 ram_io=0
2025-09-30 10:44:34,079 [INFO] CmdLine:76 -  Requested memory size by section - "stm32n6" target
2025-09-30 10:44:34,079 [INFO] CmdLine:76 -  ------------------------------- -------- -------- ------- -------
2025-09-30 10:44:34,079 [INFO] CmdLine:76 -  module                              text   rodata    data     bss
2025-09-30 10:44:34,079 [INFO] CmdLine:76 -  ------------------------------- -------- -------- ------- -------
2025-09-30 10:44:34,094 [INFO] CmdLine:76 -  NetworkRuntime1020_CM55_GCC.a     15,800       32       0       0
2025-09-30 10:44:34,094 [INFO] CmdLine:76 -  network.o                            596       40   1,888     136
2025-09-30 10:44:34,094 [INFO] CmdLine:76 -  network_data.o                        48       16      88       0
2025-09-30 10:44:34,094 [INFO] CmdLine:76 -  lib (toolchain)*                   1,132      340       0       0
2025-09-30 10:44:34,094 [INFO] CmdLine:76 -  ------------------------------- -------- -------- ------- -------
2025-09-30 10:44:34,095 [INFO] CmdLine:76 -  RT total**                        17,576      428   1,976     136
2025-09-30 10:44:34,095 [INFO] CmdLine:76 -  ------------------------------- -------- -------- ------- -------
2025-09-30 10:44:34,095 [INFO] CmdLine:76 -  weights                                0   14,640       0       0
2025-09-30 10:44:34,095 [INFO] CmdLine:76 -  activations                            0        0       0   1,568
2025-09-30 10:44:34,095 [INFO] CmdLine:76 -  io                                     0        0       0       0
2025-09-30 10:44:34,095 [INFO] CmdLine:76 -  ------------------------------- -------- -------- ------- -------
2025-09-30 10:44:34,095 [INFO] CmdLine:76 -  TOTAL                             17,576   15,068   1,976   1,704
2025-09-30 10:44:34,095 [INFO] CmdLine:76 -  ------------------------------- -------- -------- ------- -------
2025-09-30 10:44:34,095 [INFO] CmdLine:76 -  *  toolchain objects (libm/libgcc*)
2025-09-30 10:44:34,095 [INFO] CmdLine:76 -  ** RT AI runtime objects (kernels+infrastructure)
2025-09-30 10:44:34,095 [INFO] CmdLine:76 -   Summary - "stm32n6" target
2025-09-30 10:44:34,097 [INFO] CmdLine:76 -   ---------------------------------------------------
2025-09-30 10:44:34,097 [INFO] CmdLine:76 -                FLASH (ro)      %*   RAM (rw)       %
2025-09-30 10:44:34,097 [INFO] CmdLine:76 -   ---------------------------------------------------
2025-09-30 10:44:34,097 [INFO] CmdLine:76 -   RT total         19,980   57.7%      2,112   57.4%
2025-09-30 10:44:34,097 [INFO] CmdLine:76 -   ---------------------------------------------------
2025-09-30 10:44:34,097 [INFO] CmdLine:76 -   TOTAL            34,620              3,680
2025-09-30 10:44:34,097 [INFO] CmdLine:76 -   ---------------------------------------------------
2025-09-30 10:44:34,097 [INFO] CmdLine:76 -   *  rt/total
2025-09-30 10:44:34,097 [INFO] CmdLine:76 - Creating txt report file C:\Users\ZOJOLDRI\.stm32cubemx\network_output\network_analyze_report.txt
2025-09-30 10:44:36,544 [INFO] CmdLine:76 - elapsed time (analyze): 9.308s
2025-09-30 10:44:36,918 [INFO] CmdLine:148 - stedgeai exit with status: 0
2025-09-30 10:44:36,931 [INFO] AIModelDetailledView:1184 - Model file:      lstm_ab_encoder.h5
2025-09-30 10:44:36,932 [INFO] AIModelDetailledView:1184 - Total Flash:     34616 B (33.80 KiB)
2025-09-30 10:44:36,934 [INFO] AIModelDetailledView:1184 -     Weights:     14636 B (14.29 KiB)
2025-09-30 10:44:36,934 [INFO] AIModelDetailledView:1184 -     Library:     19980 B (19.51 KiB)
2025-09-30 10:44:36,935 [INFO] AIModelDetailledView:1184 - Total Ram:       3680 B (3.59 KiB)
2025-09-30 10:44:36,935 [INFO] AIModelDetailledView:1184 -     Activations: 1568 B (1.53 KiB)
2025-09-30 10:44:36,936 [INFO] AIModelDetailledView:1184 -     Library:     2112 B (2.06 KiB)
2025-09-30 10:44:36,936 [INFO] AIModelDetailledView:1184 -     Input:       800 B (included in Activations)
2025-09-30 10:44:36,937 [INFO] AIModelDetailledView:1184 -     Output:      12 B (included in Activations)
2025-09-30 10:44:36,937 [INFO] AIModelDetailledView:1184 - Done
2025-09-30 10:44:36,939 [INFO] AIModelDetailledView:2715 - Analyze complete on AI model
2025-09-30 10:44:36,942 [INFO] AIModelDetailledView:2380 - Analysis status: done
2025-09-30 10:45:38,399 [INFO] AIModelDetailledView:2380 - Analysis status: -
2025-09-30 10:45:38,472 [INFO] AInterface:259 - ModelName:network; files:[C:\Users\ZOJOLDRI\OneDrive - Carl Zeiss AG\Dokumente\Zeiss\SMT\Bachelor\AB Encoder Model\AB_Encoder_Synthetic_Data\lstm_ab_encoder.h5]; type:Keras; compression:None
2025-09-30 10:45:38,473 [INFO] AInterface:526 - workspaceTempDir: C:/Users/ZOJOLDRI/AppData/Local/Temp/mxAI_workspace10774472658792009011235536494622209
2025-09-30 10:45:38,473 [INFO] AInterface:1176 - Setting Env: C:/Users/ZOJOLDRI/STM32Cube/Repository/Packs/STMicroelectronics/X-CUBE-AI/10.2.0/Utilities/windows
2025-09-30 10:45:38,479 [INFO] STM32CubeIDEBuilder:265 - Looking for gnu-tools-for-stm32 tools/bin/arm-none-eabi-gcc.exe in C:\ST\STM32CubeIDE_1.19.0\STM32CubeIDE
2025-09-30 10:45:38,481 [INFO] STM32CubeIDEBuilder:294 - checking C:\ST\STM32CubeIDE_1.19.0\STM32CubeIDE\plugins\com.st.stm32cube.ide.mcu.externaltools.gnu-tools-for-stm32.13.3.rel1.win32_1.0.0.202411081344\tools\bin\arm-none-eabi-gcc.exe
2025-09-30 10:45:38,482 [INFO] STM32CubeIDEBuilder:297 - ret=C:\ST\STM32CubeIDE_1.19.0\STM32CubeIDE\plugins\com.st.stm32cube.ide.mcu.externaltools.gnu-tools-for-stm32.13.3.rel1.win32_1.0.0.202411081344\tools\bin\arm-none-eabi-gcc.exe
2025-09-30 10:45:38,482 [INFO] STM32CubeIDEBuilder:311 - returning C:\ST\STM32CubeIDE_1.19.0\STM32CubeIDE\plugins\com.st.stm32cube.ide.mcu.externaltools.gnu-tools-for-stm32.13.3.rel1.win32_1.0.0.202411081344\tools\bin\arm-none-eabi-gcc.exe
2025-09-30 10:45:38,482 [INFO] AInterface:1233 - Custom PATH variable: C:/Users/ZOJOLDRI/STM32Cube/Repository/Packs/STMicroelectronics/X-CUBE-AI/10.2.0/Utilities/windows;C:/Users/ZOJOLDRI/STM32Cube/Repository/Packs/STMicroelectronics/X-CUBE-AI/10.2.0/Utilities/windows/mingw64/bin;C:/Users/ZOJOLDRI/STM32Cube/Repository/Packs/STMicroelectronics/X-CUBE-AI/10.2.0/Utilities/windows/mingw64/libexec/gcc/x86_64-w64-mingw32/7.3.0;;C:\ST\STM32CubeIDE_1.19.0\STM32CubeIDE\plugins\com.st.stm32cube.ide.mcu.externaltools.gnu-tools-for-stm32.13.3.rel1.win32_1.0.0.202411081344\tools\bin
2025-09-30 10:45:38,484 [INFO] CmdLine:115 - Command: C:/Users/ZOJOLDRI/STM32Cube/Repository/Packs/STMicroelectronics/X-CUBE-AI/10.2.0/Utilities/windows/stedgeai.exe analyze --target stm32n6 --name network -m C:/Users/ZOJOLDRI/OneDrive - Carl Zeiss AG/Dokumente/Zeiss/SMT/Bachelor/AB Encoder Model/AB_Encoder_Synthetic_Data/lstm_ab_encoder.h5 --compression none --verbosity 1 -O time --workspace C:/Users/ZOJOLDRI/AppData/Local/Temp/mxAI_workspace10774472658792009011235536494622209 --output C:/Users/ZOJOLDRI/.stm32cubemx/network_output
2025-09-30 10:45:38,487 [INFO] AIModelDetailledView:2380 - Analysis status: pending
2025-09-30 10:45:39,094 [INFO] CmdLine:76 - ST Edge AI Core v2.2.0-20266 2adc00962
2025-09-30 10:45:43,899 [INFO] CmdLine:76 - Creating c (debug) info json file C:\Users\ZOJOLDRI\.stm32cubemx\network_output\network_c_info.json
2025-09-30 10:45:43,933 [INFO] CmdLine:76 -  
2025-09-30 10:45:43,933 [INFO] CmdLine:76 -  Exec/report summary (analyze)
2025-09-30 10:45:43,933 [INFO] CmdLine:76 -  ---------------------------------------------------------------------------------------------------------------------------------------------------------------
2025-09-30 10:45:43,933 [INFO] CmdLine:76 -  model file         :   C:\Users\ZOJOLDRI\OneDrive - Carl Zeiss AG\Dokumente\Zeiss\SMT\Bachelor\AB Encoder Model\AB_Encoder_Synthetic_Data\lstm_ab_encoder.h5   
2025-09-30 10:45:43,933 [INFO] CmdLine:76 -  type               :   keras                                                                                                                                   
2025-09-30 10:45:43,933 [INFO] CmdLine:76 -  c_name             :   network                                                                                                                                 
2025-09-30 10:45:43,933 [INFO] CmdLine:76 -  compression        :   none                                                                                                                                    
2025-09-30 10:45:43,933 [INFO] CmdLine:76 -  options            :   allocate-inputs, allocate-outputs                                                                                                       
2025-09-30 10:45:43,933 [INFO] CmdLine:76 -  optimization       :   time                                                                                                                                    
2025-09-30 10:45:43,933 [INFO] CmdLine:76 -  target/series      :   stm32n6                                                                                                                                 
2025-09-30 10:45:43,933 [INFO] CmdLine:76 -  workspace dir      :   C:\Users\ZOJOLDRI\AppData\Local\Temp\mxAI_workspace10774472658792009011235536494622209                                                  
2025-09-30 10:45:43,933 [INFO] CmdLine:76 -  output dir         :   C:\Users\ZOJOLDRI\.stm32cubemx\network_output                                                                                           
2025-09-30 10:45:43,933 [INFO] CmdLine:76 -  model_fmt          :   float                                                                                                                                   
2025-09-30 10:45:43,933 [INFO] CmdLine:76 -  model_name         :   lstm_ab_encoder                                                                                                                         
2025-09-30 10:45:43,933 [INFO] CmdLine:76 -  model_hash         :   0xd35e5fe88adc6c96937029708d58eb02                                                                                                      
2025-09-30 10:45:43,933 [INFO] CmdLine:76 -  params #           :   3,587 items (14.01 KiB)                                                                                                                 
2025-09-30 10:45:43,933 [INFO] CmdLine:76 -  ---------------------------------------------------------------------------------------------------------------------------------------------------------------
2025-09-30 10:45:43,933 [INFO] CmdLine:76 -  input 1/1          :   'input_0', f32(1x20x10), 800 Bytes, activations                                                                                         
2025-09-30 10:45:43,933 [INFO] CmdLine:76 -  output 1/1         :   'output', f32(1x3), 12 Bytes, activations                                                                                               
2025-09-30 10:45:43,933 [INFO] CmdLine:76 -  macc               :   67,960                                                                                                                                  
2025-09-30 10:45:43,933 [INFO] CmdLine:76 -  weights (ro)       :   14,636 B (14.29 KiB) (1 segment) / +288(+2.0%) vs float model                                                                           
2025-09-30 10:45:43,933 [INFO] CmdLine:76 -  activations (rw)   :   1,568 B (1.53 KiB) (1 segment) *                                                                                                        
2025-09-30 10:45:43,933 [INFO] CmdLine:76 -  ram (total)        :   1,568 B (1.53 KiB) = 1,568 + 0 + 0                                                                                                      
2025-09-30 10:45:43,933 [INFO] CmdLine:76 -  ---------------------------------------------------------------------------------------------------------------------------------------------------------------
2025-09-30 10:45:43,933 [INFO] CmdLine:76 -  (*) 'input'/'output' buffers are allocated in the activations buffer
2025-09-30 10:45:43,933 [INFO] CmdLine:76 - Computing AI RT data/code size (target=stm32n6)..
2025-09-30 10:45:45,813 [INFO] CmdLine:76 -  Model name - lstm_ab_encoder
2025-09-30 10:45:45,814 [INFO] CmdLine:76 -  ------ ----------------------- ----------------- -------------- -------- ---------------
2025-09-30 10:45:45,814 [INFO] CmdLine:76 -  m_id   layer (original)        oshape            param/size         macc    connected to
2025-09-30 10:45:45,814 [INFO] CmdLine:76 -  ------ ----------------------- ----------------- -------------- -------- ---------------
2025-09-30 10:45:45,814 [INFO] CmdLine:76 -  0      input_0 (None)          [b:1,h:20,c:10]
2025-09-30 10:45:45,814 [INFO] CmdLine:76 -         lstm_1 (LSTM)           [b:1,c:24]        3,360/13,440     67,680         input_0
2025-09-30 10:45:45,814 [INFO] CmdLine:76 -  ------ ----------------------- ----------------- -------------- -------- ---------------
2025-09-30 10:45:45,814 [INFO] CmdLine:76 -  2      dense_1_dense (Dense)   [b:1,c:8]         200/800             200          lstm_1
2025-09-30 10:45:45,814 [INFO] CmdLine:76 -         dense_1 (Dense)         [b:1,c:8]                               8   dense_1_dense
2025-09-30 10:45:45,815 [INFO] CmdLine:76 -  ------ ----------------------- ----------------- -------------- -------- ---------------
2025-09-30 10:45:45,815 [INFO] CmdLine:76 -  3      output_dense (Dense)    [b:1,c:3]         27/108               27         dense_1
2025-09-30 10:45:45,816 [INFO] CmdLine:76 -         output (Dense)          [b:1,c:3]                              45    output_dense
2025-09-30 10:45:45,816 [INFO] CmdLine:76 -  ------ ----------------------- ----------------- -------------- -------- ---------------
2025-09-30 10:45:45,816 [INFO] CmdLine:76 -  model: macc=67,960 weights=14,348 activations=-- io=--
2025-09-30 10:45:45,816 [INFO] CmdLine:76 -  Number of operations per c-layer
2025-09-30 10:45:45,816 [INFO] CmdLine:76 -  ------- ------ ------------------------ -------- --------------
2025-09-30 10:45:45,816 [INFO] CmdLine:76 -  c_id    m_id   name (type)                   #op           type
2025-09-30 10:45:45,817 [INFO] CmdLine:76 -  ------- ------ ------------------------ -------- --------------
2025-09-30 10:45:45,817 [INFO] CmdLine:76 -  0       0      lstm_1 (LSTM)              67,680   smul_f32_f32
2025-09-30 10:45:45,817 [INFO] CmdLine:76 -  1       2      dense_1_dense (Dense)         200   smul_f32_f32
2025-09-30 10:45:45,817 [INFO] CmdLine:76 -  2       2      dense_1 (Nonlinearity)          8     op_f32_f32
2025-09-30 10:45:45,817 [INFO] CmdLine:76 -  3       3      output_dense (Dense)           27   smul_f32_f32
2025-09-30 10:45:45,817 [INFO] CmdLine:76 -  4       3      output (Nonlinearity)          45     op_f32_f32
2025-09-30 10:45:45,817 [INFO] CmdLine:76 -  ------- ------ ------------------------ -------- --------------
2025-09-30 10:45:45,817 [INFO] CmdLine:76 -  total                                     67,960
2025-09-30 10:45:45,817 [INFO] CmdLine:76 -  Number of operation types
2025-09-30 10:45:45,817 [INFO] CmdLine:76 -  ---------------- -------- -----------
2025-09-30 10:45:45,817 [INFO] CmdLine:76 -  operation type          #           %
2025-09-30 10:45:45,817 [INFO] CmdLine:76 -  ---------------- -------- -----------
2025-09-30 10:45:45,817 [INFO] CmdLine:76 -  smul_f32_f32       67,907       99.9%
2025-09-30 10:45:45,817 [INFO] CmdLine:76 -  op_f32_f32             53        0.1%
2025-09-30 10:45:45,817 [INFO] CmdLine:76 -  Complexity report (model)
2025-09-30 10:45:45,817 [INFO] CmdLine:76 -  ------ --------------- ------------------------- ------------------------- --------
2025-09-30 10:45:45,818 [INFO] CmdLine:76 -  m_id   name            c_macc                    c_rom                     c_id
2025-09-30 10:45:45,818 [INFO] CmdLine:76 -  ------ --------------- ------------------------- ------------------------- --------
2025-09-30 10:45:45,818 [INFO] CmdLine:76 -  0      input_0         ||||||||||||||||  99.6%   ||||||||||||||||  93.8%   [0]
2025-09-30 10:45:45,818 [INFO] CmdLine:76 -  2      dense_1_dense   |                  0.3%   |                  5.5%   [1, 2]
2025-09-30 10:45:45,818 [INFO] CmdLine:76 -  3      output_dense    |                  0.1%   |                  0.7%   [3, 4]
2025-09-30 10:45:45,818 [INFO] CmdLine:76 -  ------ --------------- ------------------------- ------------------------- --------
2025-09-30 10:45:45,818 [INFO] CmdLine:76 -  macc=67,960 weights=14,636 act=1,568 ram_io=0
2025-09-30 10:45:45,819 [INFO] CmdLine:76 -  Requested memory size by section - "stm32n6" target
2025-09-30 10:45:45,819 [INFO] CmdLine:76 -  ------------------------------- -------- -------- ------- -------
2025-09-30 10:45:45,819 [INFO] CmdLine:76 -  module                              text   rodata    data     bss
2025-09-30 10:45:45,819 [INFO] CmdLine:76 -  ------------------------------- -------- -------- ------- -------
2025-09-30 10:45:45,819 [INFO] CmdLine:76 -  NetworkRuntime1020_CM55_GCC.a     15,800       32       0       0
2025-09-30 10:45:45,819 [INFO] CmdLine:76 -  network.o                            596       40   1,888     136
2025-09-30 10:45:45,819 [INFO] CmdLine:76 -  network_data.o                        48       16      88       0
2025-09-30 10:45:45,820 [INFO] CmdLine:76 -  lib (toolchain)*                   1,132      340       0       0
2025-09-30 10:45:45,820 [INFO] CmdLine:76 -  ------------------------------- -------- -------- ------- -------
2025-09-30 10:45:45,820 [INFO] CmdLine:76 -  RT total**                        17,576      428   1,976     136
2025-09-30 10:45:45,820 [INFO] CmdLine:76 -  ------------------------------- -------- -------- ------- -------
2025-09-30 10:45:45,820 [INFO] CmdLine:76 -  weights                                0   14,640       0       0
2025-09-30 10:45:45,820 [INFO] CmdLine:76 -  activations                            0        0       0   1,568
2025-09-30 10:45:45,820 [INFO] CmdLine:76 -  io                                     0        0       0       0
2025-09-30 10:45:45,820 [INFO] CmdLine:76 -  ------------------------------- -------- -------- ------- -------
2025-09-30 10:45:45,820 [INFO] CmdLine:76 -  TOTAL                             17,576   15,068   1,976   1,704
2025-09-30 10:45:45,820 [INFO] CmdLine:76 -  ------------------------------- -------- -------- ------- -------
2025-09-30 10:45:45,820 [INFO] CmdLine:76 -  *  toolchain objects (libm/libgcc*)
2025-09-30 10:45:45,820 [INFO] CmdLine:76 -  ** RT AI runtime objects (kernels+infrastructure)
2025-09-30 10:45:45,820 [INFO] CmdLine:76 -   Summary - "stm32n6" target
2025-09-30 10:45:45,821 [INFO] CmdLine:76 -   ---------------------------------------------------
2025-09-30 10:45:45,821 [INFO] CmdLine:76 -                FLASH (ro)      %*   RAM (rw)       %
2025-09-30 10:45:45,821 [INFO] CmdLine:76 -   ---------------------------------------------------
2025-09-30 10:45:45,821 [INFO] CmdLine:76 -   RT total         19,980   57.7%      2,112   57.4%
2025-09-30 10:45:45,821 [INFO] CmdLine:76 -   ---------------------------------------------------
2025-09-30 10:45:45,821 [INFO] CmdLine:76 -   TOTAL            34,620              3,680
2025-09-30 10:45:45,821 [INFO] CmdLine:76 -   ---------------------------------------------------
2025-09-30 10:45:45,821 [INFO] CmdLine:76 -   *  rt/total
2025-09-30 10:45:45,821 [INFO] CmdLine:76 - Creating txt report file C:\Users\ZOJOLDRI\.stm32cubemx\network_output\network_analyze_report.txt
2025-09-30 10:45:48,575 [INFO] CmdLine:76 - elapsed time (analyze): 9.480s
2025-09-30 10:45:48,956 [INFO] CmdLine:148 - stedgeai exit with status: 0
2025-09-30 10:45:48,963 [INFO] AIModelDetailledView:1184 - Model file:      lstm_ab_encoder.h5
2025-09-30 10:45:48,964 [INFO] AIModelDetailledView:1184 - Total Flash:     34616 B (33.80 KiB)
2025-09-30 10:45:48,965 [INFO] AIModelDetailledView:1184 -     Weights:     14636 B (14.29 KiB)
2025-09-30 10:45:48,965 [INFO] AIModelDetailledView:1184 -     Library:     19980 B (19.51 KiB)
2025-09-30 10:45:48,965 [INFO] AIModelDetailledView:1184 - Total Ram:       3680 B (3.59 KiB)
2025-09-30 10:45:48,966 [INFO] AIModelDetailledView:1184 -     Activations: 1568 B (1.53 KiB)
2025-09-30 10:45:48,966 [INFO] AIModelDetailledView:1184 -     Library:     2112 B (2.06 KiB)
2025-09-30 10:45:48,966 [INFO] AIModelDetailledView:1184 -     Input:       800 B (included in Activations)
2025-09-30 10:45:48,966 [INFO] AIModelDetailledView:1184 -     Output:      12 B (included in Activations)
2025-09-30 10:45:48,966 [INFO] AIModelDetailledView:1184 - Done
2025-09-30 10:45:48,966 [INFO] AIModelDetailledView:2715 - Analyze complete on AI model
2025-09-30 10:45:48,968 [INFO] AIModelDetailledView:2380 - Analysis status: done
2025-09-30 13:25:50,767 [INFO] AIModelDetailledView:2380 - Analysis status: -
2025-09-30 13:26:03,927 [INFO] AInterface:259 - ModelName:network; files:[C:\Users\ZOJOLDRI\OneDrive - Carl Zeiss AG\Dokumente\Zeiss\SMT\Bachelor\AB Encoder Model\AB_Encoder_Synthetic_Data\lstm_ab_encoder.h5]; type:Keras; compression:None
2025-09-30 13:26:03,929 [INFO] AInterface:526 - workspaceTempDir: C:/Users/ZOJOLDRI/AppData/Local/Temp/mxAI_workspace10870727168578996049062633442656214
2025-09-30 13:26:03,929 [INFO] AInterface:1176 - Setting Env: C:/Users/ZOJOLDRI/STM32Cube/Repository/Packs/STMicroelectronics/X-CUBE-AI/10.2.0/Utilities/windows
2025-09-30 13:26:03,940 [INFO] STM32CubeIDEBuilder:265 - Looking for gnu-tools-for-stm32 tools/bin/arm-none-eabi-gcc.exe in C:\ST\STM32CubeIDE_1.19.0\STM32CubeIDE
2025-09-30 13:26:03,965 [INFO] STM32CubeIDEBuilder:294 - checking C:\ST\STM32CubeIDE_1.19.0\STM32CubeIDE\plugins\com.st.stm32cube.ide.mcu.externaltools.gnu-tools-for-stm32.13.3.rel1.win32_1.0.0.202411081344\tools\bin\arm-none-eabi-gcc.exe
2025-09-30 13:26:03,966 [INFO] STM32CubeIDEBuilder:297 - ret=C:\ST\STM32CubeIDE_1.19.0\STM32CubeIDE\plugins\com.st.stm32cube.ide.mcu.externaltools.gnu-tools-for-stm32.13.3.rel1.win32_1.0.0.202411081344\tools\bin\arm-none-eabi-gcc.exe
2025-09-30 13:26:03,966 [INFO] STM32CubeIDEBuilder:311 - returning C:\ST\STM32CubeIDE_1.19.0\STM32CubeIDE\plugins\com.st.stm32cube.ide.mcu.externaltools.gnu-tools-for-stm32.13.3.rel1.win32_1.0.0.202411081344\tools\bin\arm-none-eabi-gcc.exe
2025-09-30 13:26:03,967 [INFO] AInterface:1233 - Custom PATH variable: C:/Users/ZOJOLDRI/STM32Cube/Repository/Packs/STMicroelectronics/X-CUBE-AI/10.2.0/Utilities/windows;C:/Users/ZOJOLDRI/STM32Cube/Repository/Packs/STMicroelectronics/X-CUBE-AI/10.2.0/Utilities/windows/mingw64/bin;C:/Users/ZOJOLDRI/STM32Cube/Repository/Packs/STMicroelectronics/X-CUBE-AI/10.2.0/Utilities/windows/mingw64/libexec/gcc/x86_64-w64-mingw32/7.3.0;;C:\ST\STM32CubeIDE_1.19.0\STM32CubeIDE\plugins\com.st.stm32cube.ide.mcu.externaltools.gnu-tools-for-stm32.13.3.rel1.win32_1.0.0.202411081344\tools\bin
2025-09-30 13:26:03,970 [INFO] CmdLine:115 - Command: C:/Users/ZOJOLDRI/STM32Cube/Repository/Packs/STMicroelectronics/X-CUBE-AI/10.2.0/Utilities/windows/stedgeai.exe analyze --target stm32n6 --name network -m C:/Users/ZOJOLDRI/OneDrive - Carl Zeiss AG/Dokumente/Zeiss/SMT/Bachelor/AB Encoder Model/AB_Encoder_Synthetic_Data/lstm_ab_encoder.h5 --compression none --verbosity 1 -O time --workspace C:/Users/ZOJOLDRI/AppData/Local/Temp/mxAI_workspace10870727168578996049062633442656214 --output C:/Users/ZOJOLDRI/.stm32cubemx/network_output
2025-09-30 13:26:03,979 [INFO] AIModelDetailledView:2380 - Analysis status: pending
2025-09-30 13:26:10,938 [INFO] CmdLine:76 - ST Edge AI Core v2.2.0-20266 2adc00962
2025-09-30 13:27:16,663 [INFO] CmdLine:76 - Creating c (debug) info json file C:\Users\ZOJOLDRI\.stm32cubemx\network_output\network_c_info.json
2025-09-30 13:27:16,709 [INFO] CmdLine:76 -  
2025-09-30 13:27:16,710 [INFO] CmdLine:76 -  Exec/report summary (analyze)
2025-09-30 13:27:16,710 [INFO] CmdLine:76 -  ---------------------------------------------------------------------------------------------------------------------------------------------------------------
2025-09-30 13:27:16,711 [INFO] CmdLine:76 -  model file         :   C:\Users\ZOJOLDRI\OneDrive - Carl Zeiss AG\Dokumente\Zeiss\SMT\Bachelor\AB Encoder Model\AB_Encoder_Synthetic_Data\lstm_ab_encoder.h5   
2025-09-30 13:27:16,711 [INFO] CmdLine:76 -  type               :   keras                                                                                                                                   
2025-09-30 13:27:16,712 [INFO] CmdLine:76 -  c_name             :   network                                                                                                                                 
2025-09-30 13:27:16,712 [INFO] CmdLine:76 -  compression        :   none                                                                                                                                    
2025-09-30 13:27:16,712 [INFO] CmdLine:76 -  options            :   allocate-inputs, allocate-outputs                                                                                                       
2025-09-30 13:27:16,713 [INFO] CmdLine:76 -  optimization       :   time                                                                                                                                    
2025-09-30 13:27:16,713 [INFO] CmdLine:76 -  target/series      :   stm32n6                                                                                                                                 
2025-09-30 13:27:16,713 [INFO] CmdLine:76 -  workspace dir      :   C:\Users\ZOJOLDRI\AppData\Local\Temp\mxAI_workspace10870727168578996049062633442656214                                                  
2025-09-30 13:27:16,713 [INFO] CmdLine:76 -  output dir         :   C:\Users\ZOJOLDRI\.stm32cubemx\network_output                                                                                           
2025-09-30 13:27:16,713 [INFO] CmdLine:76 -  model_fmt          :   float                                                                                                                                   
2025-09-30 13:27:16,713 [INFO] CmdLine:76 -  model_name         :   lstm_ab_encoder                                                                                                                         
2025-09-30 13:27:16,714 [INFO] CmdLine:76 -  model_hash         :   0x1ae1b6c8da39574fbf40ed43fa353b2f                                                                                                      
2025-09-30 13:27:16,718 [INFO] CmdLine:76 -  params #           :   3,587 items (14.01 KiB)                                                                                                                 
2025-09-30 13:27:16,720 [INFO] CmdLine:76 -  ---------------------------------------------------------------------------------------------------------------------------------------------------------------
2025-09-30 13:27:16,721 [INFO] CmdLine:76 -  input 1/1          :   'input_0', f32(1x20x10), 800 Bytes, activations                                                                                         
2025-09-30 13:27:16,721 [INFO] CmdLine:76 -  output 1/1         :   'output', f32(1x3), 12 Bytes, activations                                                                                               
2025-09-30 13:27:16,721 [INFO] CmdLine:76 -  macc               :   67,960                                                                                                                                  
2025-09-30 13:27:16,721 [INFO] CmdLine:76 -  weights (ro)       :   14,636 B (14.29 KiB) (1 segment) / +288(+2.0%) vs float model                                                                           
2025-09-30 13:27:16,721 [INFO] CmdLine:76 -  activations (rw)   :   1,568 B (1.53 KiB) (1 segment) *                                                                                                        
2025-09-30 13:27:16,722 [INFO] CmdLine:76 -  ram (total)        :   1,568 B (1.53 KiB) = 1,568 + 0 + 0                                                                                                      
2025-09-30 13:27:16,722 [INFO] CmdLine:76 -  ---------------------------------------------------------------------------------------------------------------------------------------------------------------
2025-09-30 13:27:16,722 [INFO] CmdLine:76 -  (*) 'input'/'output' buffers are allocated in the activations buffer
2025-09-30 13:27:16,722 [INFO] CmdLine:76 - Computing AI RT data/code size (target=stm32n6)..
2025-09-30 13:27:19,981 [INFO] CmdLine:76 -  Model name - lstm_ab_encoder
2025-09-30 13:27:19,982 [INFO] CmdLine:76 -  ------ ----------------------- ----------------- -------------- -------- ---------------
2025-09-30 13:27:19,983 [INFO] CmdLine:76 -  m_id   layer (original)        oshape            param/size         macc    connected to
2025-09-30 13:27:19,983 [INFO] CmdLine:76 -  ------ ----------------------- ----------------- -------------- -------- ---------------
2025-09-30 13:27:19,983 [INFO] CmdLine:76 -  0      input_0 (None)          [b:1,h:20,c:10]
2025-09-30 13:27:19,985 [INFO] CmdLine:76 -         lstm_1 (LSTM)           [b:1,c:24]        3,360/13,440     67,680         input_0
2025-09-30 13:27:19,986 [INFO] CmdLine:76 -  ------ ----------------------- ----------------- -------------- -------- ---------------
2025-09-30 13:27:19,986 [INFO] CmdLine:76 -  2      dense_1_dense (Dense)   [b:1,c:8]         200/800             200          lstm_1
2025-09-30 13:27:19,986 [INFO] CmdLine:76 -         dense_1 (Dense)         [b:1,c:8]                               8   dense_1_dense
2025-09-30 13:27:19,986 [INFO] CmdLine:76 -  ------ ----------------------- ----------------- -------------- -------- ---------------
2025-09-30 13:27:19,986 [INFO] CmdLine:76 -  3      output_dense (Dense)    [b:1,c:3]         27/108               27         dense_1
2025-09-30 13:27:19,986 [INFO] CmdLine:76 -         output (Dense)          [b:1,c:3]                              45    output_dense
2025-09-30 13:27:19,987 [INFO] CmdLine:76 -  ------ ----------------------- ----------------- -------------- -------- ---------------
2025-09-30 13:27:19,987 [INFO] CmdLine:76 -  model: macc=67,960 weights=14,348 activations=-- io=--
2025-09-30 13:27:19,987 [INFO] CmdLine:76 -  Number of operations per c-layer
2025-09-30 13:27:19,987 [INFO] CmdLine:76 -  ------- ------ ------------------------ -------- --------------
2025-09-30 13:27:19,987 [INFO] CmdLine:76 -  c_id    m_id   name (type)                   #op           type
2025-09-30 13:27:19,987 [INFO] CmdLine:76 -  ------- ------ ------------------------ -------- --------------
2025-09-30 13:27:19,987 [INFO] CmdLine:76 -  0       0      lstm_1 (LSTM)              67,680   smul_f32_f32
2025-09-30 13:27:19,988 [INFO] CmdLine:76 -  1       2      dense_1_dense (Dense)         200   smul_f32_f32
2025-09-30 13:27:19,988 [INFO] CmdLine:76 -  2       2      dense_1 (Nonlinearity)          8     op_f32_f32
2025-09-30 13:27:19,988 [INFO] CmdLine:76 -  3       3      output_dense (Dense)           27   smul_f32_f32
2025-09-30 13:27:19,988 [INFO] CmdLine:76 -  4       3      output (Nonlinearity)          45     op_f32_f32
2025-09-30 13:27:19,988 [INFO] CmdLine:76 -  ------- ------ ------------------------ -------- --------------
2025-09-30 13:27:19,988 [INFO] CmdLine:76 -  total                                     67,960
2025-09-30 13:27:19,988 [INFO] CmdLine:76 -  Number of operation types
2025-09-30 13:27:19,988 [INFO] CmdLine:76 -  ---------------- -------- -----------
2025-09-30 13:27:19,990 [INFO] CmdLine:76 -  operation type          #           %
2025-09-30 13:27:19,990 [INFO] CmdLine:76 -  ---------------- -------- -----------
2025-09-30 13:27:19,990 [INFO] CmdLine:76 -  smul_f32_f32       67,907       99.9%
2025-09-30 13:27:19,990 [INFO] CmdLine:76 -  op_f32_f32             53        0.1%
2025-09-30 13:27:19,990 [INFO] CmdLine:76 -  Complexity report (model)
2025-09-30 13:27:19,990 [INFO] CmdLine:76 -  ------ --------------- ------------------------- ------------------------- --------
2025-09-30 13:27:19,990 [INFO] CmdLine:76 -  m_id   name            c_macc                    c_rom                     c_id
2025-09-30 13:27:19,990 [INFO] CmdLine:76 -  ------ --------------- ------------------------- ------------------------- --------
2025-09-30 13:27:19,990 [INFO] CmdLine:76 -  0      input_0         ||||||||||||||||  99.6%   ||||||||||||||||  93.8%   [0]
2025-09-30 13:27:19,990 [INFO] CmdLine:76 -  2      dense_1_dense   |                  0.3%   |                  5.5%   [1, 2]
2025-09-30 13:27:19,990 [INFO] CmdLine:76 -  3      output_dense    |                  0.1%   |                  0.7%   [3, 4]
2025-09-30 13:27:19,990 [INFO] CmdLine:76 -  ------ --------------- ------------------------- ------------------------- --------
2025-09-30 13:27:19,990 [INFO] CmdLine:76 -  macc=67,960 weights=14,636 act=1,568 ram_io=0
2025-09-30 13:27:19,990 [INFO] CmdLine:76 -  Requested memory size by section - "stm32n6" target
2025-09-30 13:27:19,990 [INFO] CmdLine:76 -  ------------------------------- -------- -------- ------- -------
2025-09-30 13:27:19,991 [INFO] CmdLine:76 -  module                              text   rodata    data     bss
2025-09-30 13:27:19,991 [INFO] CmdLine:76 -  ------------------------------- -------- -------- ------- -------
2025-09-30 13:27:19,991 [INFO] CmdLine:76 -  NetworkRuntime1020_CM55_GCC.a     15,800       32       0       0
2025-09-30 13:27:19,991 [INFO] CmdLine:76 -  network.o                            596       40   1,888     136
2025-09-30 13:27:19,992 [INFO] CmdLine:76 -  network_data.o                        48       16      88       0
2025-09-30 13:27:19,992 [INFO] CmdLine:76 -  lib (toolchain)*                   1,132      340       0       0
2025-09-30 13:27:19,992 [INFO] CmdLine:76 -  ------------------------------- -------- -------- ------- -------
2025-09-30 13:27:19,993 [INFO] CmdLine:76 -  RT total**                        17,576      428   1,976     136
2025-09-30 13:27:19,993 [INFO] CmdLine:76 -  ------------------------------- -------- -------- ------- -------
2025-09-30 13:27:19,993 [INFO] CmdLine:76 -  weights                                0   14,640       0       0
2025-09-30 13:27:19,993 [INFO] CmdLine:76 -  activations                            0        0       0   1,568
2025-09-30 13:27:19,993 [INFO] CmdLine:76 -  io                                     0        0       0       0
2025-09-30 13:27:19,993 [INFO] CmdLine:76 -  ------------------------------- -------- -------- ------- -------
2025-09-30 13:27:19,994 [INFO] CmdLine:76 -  TOTAL                             17,576   15,068   1,976   1,704
2025-09-30 13:27:19,994 [INFO] CmdLine:76 -  ------------------------------- -------- -------- ------- -------
2025-09-30 13:27:19,994 [INFO] CmdLine:76 -  *  toolchain objects (libm/libgcc*)
2025-09-30 13:27:19,994 [INFO] CmdLine:76 -  ** RT AI runtime objects (kernels+infrastructure)
2025-09-30 13:27:19,994 [INFO] CmdLine:76 -   Summary - "stm32n6" target
2025-09-30 13:27:19,994 [INFO] CmdLine:76 -   ---------------------------------------------------
2025-09-30 13:27:19,994 [INFO] CmdLine:76 -                FLASH (ro)      %*   RAM (rw)       %
2025-09-30 13:27:19,995 [INFO] CmdLine:76 -   ---------------------------------------------------
2025-09-30 13:27:19,995 [INFO] CmdLine:76 -   RT total         19,980   57.7%      2,112   57.4%
2025-09-30 13:27:19,995 [INFO] CmdLine:76 -   ---------------------------------------------------
2025-09-30 13:27:19,997 [INFO] CmdLine:76 -   TOTAL            34,620              3,680
2025-09-30 13:27:19,997 [INFO] CmdLine:76 -   ---------------------------------------------------
2025-09-30 13:27:19,997 [INFO] CmdLine:76 -   *  rt/total
2025-09-30 13:27:19,997 [INFO] CmdLine:76 - Creating txt report file C:\Users\ZOJOLDRI\.stm32cubemx\network_output\network_analyze_report.txt
2025-09-30 13:27:23,010 [INFO] CmdLine:76 - elapsed time (analyze): 72.068s
2025-09-30 13:27:23,428 [INFO] CmdLine:148 - stedgeai exit with status: 0
2025-09-30 13:27:23,439 [INFO] AIModelDetailledView:1184 - Model file:      lstm_ab_encoder.h5
2025-09-30 13:27:23,439 [INFO] AIModelDetailledView:1184 - Total Flash:     34616 B (33.80 KiB)
2025-09-30 13:27:23,441 [INFO] AIModelDetailledView:1184 -     Weights:     14636 B (14.29 KiB)
2025-09-30 13:27:23,441 [INFO] AIModelDetailledView:1184 -     Library:     19980 B (19.51 KiB)
2025-09-30 13:27:23,443 [INFO] AIModelDetailledView:1184 - Total Ram:       3680 B (3.59 KiB)
2025-09-30 13:27:23,443 [INFO] AIModelDetailledView:1184 -     Activations: 1568 B (1.53 KiB)
2025-09-30 13:27:23,443 [INFO] AIModelDetailledView:1184 -     Library:     2112 B (2.06 KiB)
2025-09-30 13:27:23,443 [INFO] AIModelDetailledView:1184 -     Input:       800 B (included in Activations)
2025-09-30 13:27:23,444 [INFO] AIModelDetailledView:1184 -     Output:      12 B (included in Activations)
2025-09-30 13:27:23,444 [INFO] AIModelDetailledView:1184 - Done
2025-09-30 13:27:23,444 [INFO] AIModelDetailledView:2715 - Analyze complete on AI model
2025-09-30 13:27:23,447 [INFO] AIModelDetailledView:2380 - Analysis status: done
2025-09-30 13:27:43,523 [INFO] UtilMem:75 - End SaveConfig() Used Memory: 788301184 Bytes (1073741824)
2025-09-30 13:27:44,614 [ERROR] IocParser:95 - Exception caught: null
2025-09-30 13:27:44,738 [INFO] BlockDiagram:2775 - set Specific Code input for plugin: EXTMEM_MANAGER
2025-09-30 13:27:44,740 [INFO] BlockDiagram:2775 - set Specific Code input for plugin: RAMCFG
2025-09-30 13:27:44,740 [INFO] BlockDiagram:2775 - set Specific Code input for plugin: RCC
2025-09-30 13:27:44,740 [INFO] BlockDiagram:2775 - set Specific Code input for plugin: CORTEX_M55_FSBL
2025-09-30 13:27:44,740 [INFO] BlockDiagram:2775 - set Specific Code input for plugin: XSPIM
2025-09-30 13:27:44,740 [INFO] BlockDiagram:2775 - set Specific Code input for plugin: STMicroelectronics.X-CUBE-AI.10.2.0
2025-09-30 13:27:44,740 [INFO] BlockDiagram:2775 - set Specific Code input for plugin: XSPI
2025-09-30 13:27:44,740 [INFO] BlockDiagram:2775 - set Specific Code input for plugin: NUCLEO-N657X0-Q
2025-09-30 13:27:44,740 [INFO] BlockDiagram:2775 - set Specific Code input for plugin: TIM1_8N6
2025-09-30 13:27:44,740 [INFO] BlockDiagram:2775 - set Specific Code input for plugin: CACHEAXI
2025-09-30 13:27:44,740 [INFO] BlockDiagram:2775 - set Specific Code input for plugin: BSEC
2025-09-30 13:27:44,740 [INFO] BlockDiagram:2775 - set Specific Code input for plugin: LPUART
2025-09-30 13:27:44,740 [INFO] BlockDiagram:2775 - set Specific Code input for plugin: NVIC
2025-09-30 13:27:44,741 [INFO] BlockDiagram:2775 - set Specific Code input for plugin: GPIO
2025-09-30 13:27:44,741 [INFO] BlockDiagram:2775 - set Specific Code input for plugin: RIF
2025-09-30 13:27:44,741 [INFO] BlockDiagram:2775 - set Specific Code input for plugin: NVIC1
2025-09-30 13:27:44,743 [INFO] CodeGenerator:892 - code generatio: config db path: C:\ST\STM32CubeIDE_1.19.0\STM32CubeIDE\plugins\com.st.stm32cube.common.mx_6.15.0.202507011659\\db\
2025-09-30 13:27:44,758 [WARN] IP:2250 - RefParam_XIP_memory not found: check if there is a RefParameter without a condition.
2025-09-30 13:27:44,759 [WARN] IP:2250 - RefParam_MEMORY_1_Size not found: check if there is a RefParameter without a condition.
2025-09-30 13:27:44,759 [WARN] IP:2250 - RefParam_MEMORY_1_FreqMax not found: check if there is a RefParameter without a condition.
2025-09-30 13:27:44,759 [WARN] IP:2250 - RefParam_MEMORY_1_ReadReg not found: check if there is a RefParameter without a condition.
2025-09-30 13:27:44,759 [WARN] IP:2250 - RefParam_MEMORY_1_WriteReg not found: check if there is a RefParameter without a condition.
2025-09-30 13:27:44,759 [WARN] IP:2250 - RefParam_MEMORY_1_RegSize not found: check if there is a RefParameter without a condition.
2025-09-30 13:27:44,759 [WARN] IP:2250 - RefParam_MEMORY_1_RegDummyCycle not found: check if there is a RefParameter without a condition.
2025-09-30 13:27:44,759 [WARN] IP:2250 - RefParam_MEMORY_1_WriteCommand not found: check if there is a RefParameter without a condition.
2025-09-30 13:27:44,759 [WARN] IP:2250 - RefParam_MEMORY_1_WriteDummyCycle not found: check if there is a RefParameter without a condition.
2025-09-30 13:27:44,759 [WARN] IP:2250 - RefParam_MEMORY_1_ReadCommand not found: check if there is a RefParameter without a condition.
2025-09-30 13:27:44,759 [WARN] IP:2250 - RefParam_MEMORY_1_WrapReadCommand not found: check if there is a RefParameter without a condition.
2025-09-30 13:27:44,759 [WARN] IP:2250 - RefParam_MEMORY_1_ReadDummyCycle not found: check if there is a RefParameter without a condition.
2025-09-30 13:27:44,759 [WARN] IP:2250 - RefParam_MEMORY_1_NumberOfConfig not found: check if there is a RefParameter without a condition.
2025-09-30 13:27:44,759 [WARN] IP:2250 - RefParam_MEMORY_1_Config1_WriteMask not found: check if there is a RefParameter without a condition.
2025-09-30 13:27:44,759 [WARN] IP:2250 - RefParam_MEMORY_1_Config1_WriteValue not found: check if there is a RefParameter without a condition.
2025-09-30 13:27:44,759 [WARN] IP:2250 - RefParam_MEMORY_1_Config1_RegAddress not found: check if there is a RefParameter without a condition.
2025-09-30 13:27:44,759 [WARN] IP:2250 - RefParam_MEMORY_1_Config2_WriteMask not found: check if there is a RefParameter without a condition.
2025-09-30 13:27:44,759 [WARN] IP:2250 - RefParam_MEMORY_1_Config2_WriteValue not found: check if there is a RefParameter without a condition.
2025-09-30 13:27:44,759 [WARN] IP:2250 - RefParam_MEMORY_1_Config2_RegAddress not found: check if there is a RefParameter without a condition.
2025-09-30 13:27:44,759 [WARN] IP:2250 - RefParam_MEMORY_1_Config3_WriteMask not found: check if there is a RefParameter without a condition.
2025-09-30 13:27:44,759 [WARN] IP:2250 - RefParam_MEMORY_1_Config3_WriteValue not found: check if there is a RefParameter without a condition.
2025-09-30 13:27:44,759 [WARN] IP:2250 - RefParam_MEMORY_1_Config3_RegAddress not found: check if there is a RefParameter without a condition.
2025-09-30 13:27:44,759 [WARN] IP:2250 - RefParam_MEMORY_2_Instance not found: check if there is a RefParameter without a condition.
2025-09-30 13:27:44,759 [WARN] IP:2250 - RefParam_MEMORY_2_ConfigType not found: check if there is a RefParameter without a condition.
2025-09-30 13:27:44,759 [WARN] IP:2250 - RefParam_MEMORY_2_Size not found: check if there is a RefParameter without a condition.
2025-09-30 13:27:44,759 [WARN] IP:2250 - RefParam_MEMORY_2_FreqMax not found: check if there is a RefParameter without a condition.
2025-09-30 13:27:44,759 [WARN] IP:2250 - RefParam_MEMORY_2_ReadReg not found: check if there is a RefParameter without a condition.
2025-09-30 13:27:44,759 [WARN] IP:2250 - RefParam_MEMORY_2_WriteReg not found: check if there is a RefParameter without a condition.
2025-09-30 13:27:44,760 [WARN] IP:2250 - RefParam_MEMORY_2_RegSize not found: check if there is a RefParameter without a condition.
2025-09-30 13:27:44,760 [WARN] IP:2250 - RefParam_MEMORY_2_RegDummyCycle not found: check if there is a RefParameter without a condition.
2025-09-30 13:27:44,760 [WARN] IP:2250 - RefParam_MEMORY_2_WriteCommand not found: check if there is a RefParameter without a condition.
2025-09-30 13:27:44,760 [WARN] IP:2250 - RefParam_MEMORY_2_WriteDummyCycle not found: check if there is a RefParameter without a condition.
2025-09-30 13:27:44,760 [WARN] IP:2250 - RefParam_MEMORY_2_ReadCommand not found: check if there is a RefParameter without a condition.
2025-09-30 13:27:44,760 [WARN] IP:2250 - RefParam_MEMORY_2_WrapReadCommand not found: check if there is a RefParameter without a condition.
2025-09-30 13:27:44,760 [WARN] IP:2250 - RefParam_MEMORY_2_ReadDummyCycle not found: check if there is a RefParameter without a condition.
2025-09-30 13:27:44,760 [WARN] IP:2250 - RefParam_MEMORY_2_NumberOfConfig not found: check if there is a RefParameter without a condition.
2025-09-30 13:27:44,760 [WARN] IP:2250 - RefParam_MEMORY_2_Config1_WriteMask not found: check if there is a RefParameter without a condition.
2025-09-30 13:27:44,760 [WARN] IP:2250 - RefParam_MEMORY_2_Config1_WriteValue not found: check if there is a RefParameter without a condition.
2025-09-30 13:27:44,760 [WARN] IP:2250 - RefParam_MEMORY_2_Config1_RegAddress not found: check if there is a RefParameter without a condition.
2025-09-30 13:27:44,760 [WARN] IP:2250 - RefParam_MEMORY_2_Config2_WriteMask not found: check if there is a RefParameter without a condition.
2025-09-30 13:27:44,760 [WARN] IP:2250 - RefParam_MEMORY_2_Config2_WriteValue not found: check if there is a RefParameter without a condition.
2025-09-30 13:27:44,760 [WARN] IP:2250 - RefParam_MEMORY_2_Config2_RegAddress not found: check if there is a RefParameter without a condition.
2025-09-30 13:27:44,760 [WARN] IP:2250 - RefParam_MEMORY_2_Config3_WriteMask not found: check if there is a RefParameter without a condition.
2025-09-30 13:27:44,760 [WARN] IP:2250 - RefParam_MEMORY_2_Config3_WriteValue not found: check if there is a RefParameter without a condition.
2025-09-30 13:27:44,760 [WARN] IP:2250 - RefParam_MEMORY_2_Config3_RegAddress not found: check if there is a RefParameter without a condition.
2025-09-30 13:27:44,894 [INFO] Middleware:1452 - No code input for Bsp Dependency
2025-09-30 13:27:44,896 [INFO] Middleware:1452 - No code input for Bsp Dependency
2025-09-30 13:27:44,898 [INFO] Middleware:1452 - No code input for Bsp Dependency
2025-09-30 13:27:44,899 [INFO] Middleware:1452 - No code input for Bsp Dependency
2025-09-30 13:27:44,899 [INFO] Middleware:1452 - No code input for Bsp Dependency
2025-09-30 13:27:44,899 [INFO] IP:3329 - RTE Config file name : RTE_Component
2025-09-30 13:27:44,899 [INFO] IP:3347 - RTE template : RTE_Components.ftl
2025-09-30 13:27:44,901 [INFO] Middleware:1452 - No code input for Bsp Dependency
2025-09-30 13:27:44,903 [INFO] Middleware:1452 - No code input for Bsp Dependency
2025-09-30 13:27:44,904 [INFO] Middleware:1452 - No code input for Bsp Dependency
2025-09-30 13:27:44,905 [INFO] CodeGenerator:1619 - *******************Project context FSBL selected
2025-09-30 13:27:45,002 [INFO] CodeEngine:265 - oldGeneratedFile, C:\ST\AB_LSTM\AB_LSTM\MXTmpFiles\license.tmp_save
2025-09-30 13:27:45,345 [INFO] CodeEngine:289 - Generated code: C:\ST\AB_LSTM\AB_LSTM\MXTmpFiles\license.tmp
2025-09-30 13:27:45,410 [INFO] CodeEngine:265 - oldGeneratedFile, C:\ST\AB_LSTM\AB_LSTM\FSBL\MXTmpFiles\gpio.tmp_save
2025-09-30 13:27:45,573 [INFO] CodeEngine:289 - Generated code: C:\ST\AB_LSTM\AB_LSTM\FSBL\MXTmpFiles\gpio.tmp
2025-09-30 13:27:45,748 [WARN] IPConfigManager:103 - WARNING: Missing Config File for XSPIM ip!!
2025-09-30 13:27:45,812 [INFO] Middleware:1452 - No code input for Bsp Dependency
2025-09-30 13:27:45,820 [INFO] CodeEngine:265 - oldGeneratedFile, C:\ST\AB_LSTM\AB_LSTM\FSBL\MXTmpFiles\boot_code.tmp_save
2025-09-30 13:27:45,937 [INFO] CodeEngine:289 - Generated code: C:\ST\AB_LSTM\AB_LSTM\FSBL\MXTmpFiles\boot_code.tmp
2025-09-30 13:27:45,960 [INFO] CodeEngine:265 - oldGeneratedFile, C:\ST\AB_LSTM\AB_LSTM\FSBL\MXTmpFiles\cortex.tmp_save
2025-09-30 13:27:46,096 [INFO] CodeEngine:289 - Generated code: C:\ST\AB_LSTM\AB_LSTM\FSBL\MXTmpFiles\cortex.tmp
2025-09-30 13:27:46,112 [INFO] Middleware:1452 - No code input for Bsp Dependency
2025-09-30 13:27:46,123 [INFO] CodeEngine:265 - oldGeneratedFile, C:\ST\AB_LSTM\AB_LSTM\FSBL\Core\Inc\extmem_manager.h_save
2025-09-30 13:27:46,253 [INFO] CodeEngine:289 - Generated code: C:\ST\AB_LSTM\AB_LSTM\FSBL\Core\Inc\extmem_manager.h
2025-09-30 13:27:46,260 [INFO] CodeEngine:265 - oldGeneratedFile, C:\ST\AB_LSTM\AB_LSTM\FSBL\Core\Src\extmem_manager.c_save
2025-09-30 13:27:46,396 [INFO] CodeEngine:289 - Generated code: C:\ST\AB_LSTM\AB_LSTM\FSBL\Core\Src\extmem_manager.c
2025-09-30 13:27:46,406 [INFO] CodeEngine:265 - oldGeneratedFile, C:\ST\AB_LSTM\AB_LSTM\FSBL\Core\Inc\stm32_extmem_conf.h_save
2025-09-30 13:27:46,543 [INFO] CodeEngine:289 - Generated code: C:\ST\AB_LSTM\AB_LSTM\FSBL\Core\Inc\stm32_extmem_conf.h
2025-09-30 13:27:46,550 [INFO] CodeEngine:265 - oldGeneratedFile, C:\ST\AB_LSTM\AB_LSTM\FSBL\MXTmpFiles\boot_code.tmp_save
2025-09-30 13:27:46,598 [INFO] CodeEngine:289 - Generated code: C:\ST\AB_LSTM\AB_LSTM\FSBL\MXTmpFiles\boot_code.tmp
2025-09-30 13:27:46,631 [INFO] CodeEngine:265 - oldGeneratedFile, C:\ST\AB_LSTM\AB_LSTM\FSBL\Core\Src\stm32n6xx_it.c_save
2025-09-30 13:27:46,867 [INFO] CodeEngine:289 - Generated code: C:\ST\AB_LSTM\AB_LSTM\FSBL\Core\Src\stm32n6xx_it.c
2025-09-30 13:27:46,877 [INFO] CodeEngine:265 - oldGeneratedFile, C:\ST\AB_LSTM\AB_LSTM\FSBL\Core\Inc\stm32n6xx_it.h_save
2025-09-30 13:27:46,949 [INFO] CodeEngine:289 - Generated code: C:\ST\AB_LSTM\AB_LSTM\FSBL\Core\Inc\stm32n6xx_it.h
2025-09-30 13:27:47,136 [INFO] CodeEngine:265 - oldGeneratedFile, C:\ST\AB_LSTM\AB_LSTM\FSBL\Core\Src\stm32n6xx_hal_msp.c_save
2025-09-30 13:27:47,383 [INFO] CodeEngine:289 - Generated code: C:\ST\AB_LSTM\AB_LSTM\FSBL\Core\Src\stm32n6xx_hal_msp.c
2025-09-30 13:27:47,398 [INFO] CodeEngine:265 - oldGeneratedFile, C:\ST\AB_LSTM\AB_LSTM\FSBL\MXTmpFiles\system.tmp_save
2025-09-30 13:27:47,454 [INFO] CodeEngine:289 - Generated code: C:\ST\AB_LSTM\AB_LSTM\FSBL\MXTmpFiles\system.tmp
2025-09-30 13:27:47,476 [INFO] CodeEngine:321 - oldGeneratedFile, C:\ST\AB_LSTM\AB_LSTM\FSBL\Core\Inc\stm32n6xx_hal_conf.h_save
2025-09-30 13:27:47,601 [INFO] CodeEngine:345 - Generated code: C:\ST\AB_LSTM\AB_LSTM\FSBL\Core\Inc\stm32n6xx_hal_conf.h
2025-09-30 13:27:47,623 [WARN] IPConfigManager:3238 - Warning: the RefConfig RCC_ConfigVoltageScaling is not available in your config.xml file
2025-09-30 13:27:47,629 [WARN] IPConfigManager:3238 - Warning: the RefConfig RCC_RTC_HSEDIV is not available in your config.xml file
2025-09-30 13:27:47,638 [ERROR] ApiDbMcu:560 - Cannot parse XSPIM_Config file : file do not exist
2025-09-30 13:27:47,655 [INFO] CodeEngine:265 - oldGeneratedFile, C:\ST\AB_LSTM\AB_LSTM\FSBL\Core\Inc\main.h_save
2025-09-30 13:27:47,800 [INFO] CodeEngine:289 - Generated code: C:\ST\AB_LSTM\AB_LSTM\FSBL\Core\Inc\main.h
2025-09-30 13:27:47,810 [INFO] CodeEngine:265 - oldGeneratedFile, C:\ST\AB_LSTM\AB_LSTM\FSBL\Core\Src\main.c_save
2025-09-30 13:27:47,977 [INFO] CodeEngine:289 - Generated code: C:\ST\AB_LSTM\AB_LSTM\FSBL\Core\Src\main.c
2025-09-30 13:27:48,027 [INFO] CodeGenerator:1619 - *******************Project context Appli selected
2025-09-30 13:27:48,059 [INFO] IP:3329 - RTE Config file name : RTE_Component
2025-09-30 13:27:48,059 [INFO] IP:3347 - RTE template : RTE_Components.ftl
2025-09-30 13:27:48,069 [INFO] CodeEngine:265 - oldGeneratedFile, C:\ST\AB_LSTM\AB_LSTM\MXTmpFiles\license.tmp_save
2025-09-30 13:27:48,156 [INFO] CodeEngine:289 - Generated code: C:\ST\AB_LSTM\AB_LSTM\MXTmpFiles\license.tmp
2025-09-30 13:27:48,182 [INFO] CodeEngine:265 - oldGeneratedFile, C:\ST\AB_LSTM\AB_LSTM\Appli\MXTmpFiles\gpio.tmp_save
2025-09-30 13:27:48,294 [INFO] CodeEngine:289 - Generated code: C:\ST\AB_LSTM\AB_LSTM\Appli\MXTmpFiles\gpio.tmp
2025-09-30 13:27:48,392 [WARN] IPConfigManager:103 - WARNING: Missing Config File for NVIC ip!!
2025-09-30 13:27:48,504 [INFO] Middleware:1452 - No code input for Bsp Dependency
2025-09-30 13:27:48,505 [INFO] Middleware:1452 - No code input for Bsp Dependency
2025-09-30 13:27:48,505 [INFO] IP:3329 - RTE Config file name : RTE_Component
2025-09-30 13:27:48,505 [INFO] IP:3347 - RTE template : RTE_Components.ftl
2025-09-30 13:27:48,515 [INFO] CodeEngine:265 - oldGeneratedFile, C:\ST\AB_LSTM\AB_LSTM\Appli\MXTmpFiles\cortex.tmp_save
2025-09-30 13:27:48,599 [INFO] CodeEngine:289 - Generated code: C:\ST\AB_LSTM\AB_LSTM\Appli\MXTmpFiles\cortex.tmp
2025-09-30 13:27:48,632 [INFO] CodeEngine:265 - oldGeneratedFile, C:\ST\AB_LSTM\AB_LSTM\Appli\Core\Inc\stm32n6xx_nucleo_conf.h_save
2025-09-30 13:27:48,763 [INFO] CodeEngine:289 - Generated code: C:\ST\AB_LSTM\AB_LSTM\Appli\Core\Inc\stm32n6xx_nucleo_conf.h
2025-09-30 13:27:48,771 [INFO] CodeEngine:265 - oldGeneratedFile, C:\ST\AB_LSTM\AB_LSTM\Appli\MXTmpFiles\bsp_inc.tmp_save
2025-09-30 13:27:48,837 [INFO] CodeEngine:289 - Generated code: C:\ST\AB_LSTM\AB_LSTM\Appli\MXTmpFiles\bsp_inc.tmp
2025-09-30 13:27:48,853 [INFO] CodeEngine:265 - oldGeneratedFile, C:\ST\AB_LSTM\AB_LSTM\Appli\MXTmpFiles\bsp_common_vars.tmp_save
2025-09-30 13:27:48,910 [INFO] CodeEngine:289 - Generated code: C:\ST\AB_LSTM\AB_LSTM\Appli\MXTmpFiles\bsp_common_vars.tmp
2025-09-30 13:27:48,915 [INFO] CodeEngine:265 - oldGeneratedFile, C:\ST\AB_LSTM\AB_LSTM\Appli\MXTmpFiles\bsp_common_init.tmp_save
2025-09-30 13:27:48,975 [INFO] CodeEngine:289 - Generated code: C:\ST\AB_LSTM\AB_LSTM\Appli\MXTmpFiles\bsp_common_init.tmp
2025-09-30 13:27:48,990 [INFO] CodeEngine:265 - oldGeneratedFile, C:\ST\AB_LSTM\AB_LSTM\Appli\MXTmpFiles\bsp_common_demo_before_while.tmp_save
2025-09-30 13:27:49,036 [INFO] CodeEngine:289 - Generated code: C:\ST\AB_LSTM\AB_LSTM\Appli\MXTmpFiles\bsp_common_demo_before_while.tmp
2025-09-30 13:27:49,043 [INFO] CodeEngine:265 - oldGeneratedFile, C:\ST\AB_LSTM\AB_LSTM\Appli\MXTmpFiles\bsp_common_demo_inside_while.tmp_save
2025-09-30 13:27:49,096 [INFO] CodeEngine:289 - Generated code: C:\ST\AB_LSTM\AB_LSTM\Appli\MXTmpFiles\bsp_common_demo_inside_while.tmp
2025-09-30 13:27:49,102 [INFO] CodeEngine:265 - oldGeneratedFile, C:\ST\AB_LSTM\AB_LSTM\Appli\MXTmpFiles\bsp_common_demo_fct.tmp_save
2025-09-30 13:27:49,151 [INFO] CodeEngine:289 - Generated code: C:\ST\AB_LSTM\AB_LSTM\Appli\MXTmpFiles\bsp_common_demo_fct.tmp
2025-09-30 13:27:49,156 [INFO] Middleware:1452 - No code input for Bsp Dependency
2025-09-30 13:27:49,156 [INFO] Middleware:1452 - No code input for Bsp Dependency
2025-09-30 13:27:49,157 [INFO] IP:3329 - RTE Config file name : RTE_Component
2025-09-30 13:27:49,157 [INFO] IP:3347 - RTE template : RTE_Components.ftl
2025-09-30 13:27:49,166 [INFO] CodeEngine:265 - oldGeneratedFile, C:\ST\AB_LSTM\AB_LSTM\Appli\X-CUBE-AI\App\app_x-cube-ai.h_save
2025-09-30 13:27:49,304 [INFO] CodeEngine:289 - Generated code: C:\ST\AB_LSTM\AB_LSTM\Appli\X-CUBE-AI\App\app_x-cube-ai.h
2025-09-30 13:27:49,320 [INFO] CodeEngine:265 - oldGeneratedFile, C:\ST\AB_LSTM\AB_LSTM\Appli\X-CUBE-AI\constants_ai.h_save
2025-09-30 13:27:49,400 [INFO] CodeEngine:289 - Generated code: C:\ST\AB_LSTM\AB_LSTM\Appli\X-CUBE-AI\constants_ai.h
2025-09-30 13:27:49,412 [INFO] CodeEngine:265 - oldGeneratedFile, C:\ST\AB_LSTM\AB_LSTM\Appli\X-CUBE-AI\App\app_x-cube-ai.c_save
2025-09-30 13:27:49,518 [INFO] CodeEngine:289 - Generated code: C:\ST\AB_LSTM\AB_LSTM\Appli\X-CUBE-AI\App\app_x-cube-ai.c
2025-09-30 13:27:49,565 [INFO] CodeEngine:265 - oldGeneratedFile, C:\ST\AB_LSTM\AB_LSTM\Appli\Core\Src\stm32n6xx_it.c_save
2025-09-30 13:27:49,754 [INFO] CodeEngine:289 - Generated code: C:\ST\AB_LSTM\AB_LSTM\Appli\Core\Src\stm32n6xx_it.c
2025-09-30 13:27:49,775 [INFO] CodeEngine:265 - oldGeneratedFile, C:\ST\AB_LSTM\AB_LSTM\Appli\Core\Inc\stm32n6xx_it.h_save
2025-09-30 13:27:49,859 [INFO] CodeEngine:289 - Generated code: C:\ST\AB_LSTM\AB_LSTM\Appli\Core\Inc\stm32n6xx_it.h
2025-09-30 13:27:49,867 [INFO] IP:3329 - RTE Config file name : RTE_Component
2025-09-30 13:27:49,867 [INFO] IP:3347 - RTE template : RTE_Components.ftl
2025-09-30 13:27:49,868 [INFO] CodeGenerator:2312 - Add RTE Code Input 
2025-09-30 13:27:49,879 [INFO] CodeEngine:265 - oldGeneratedFile, C:\ST\AB_LSTM\AB_LSTM\Appli\Core\Inc\RTE_Components.h_save
2025-09-30 13:27:50,012 [INFO] CodeEngine:289 - Generated code: C:\ST\AB_LSTM\AB_LSTM\Appli\Core\Inc\RTE_Components.h
2025-09-30 13:27:50,023 [INFO] CodeEngine:265 - oldGeneratedFile, C:\ST\AB_LSTM\AB_LSTM\Appli\MXTmpFiles\RIFInit.tmp_save
2025-09-30 13:27:50,107 [INFO] CodeEngine:289 - Generated code: C:\ST\AB_LSTM\AB_LSTM\Appli\MXTmpFiles\RIFInit.tmp
2025-09-30 13:27:50,180 [INFO] CodeEngine:265 - oldGeneratedFile, C:\ST\AB_LSTM\AB_LSTM\Appli\Core\Src\stm32n6xx_hal_msp.c_save
2025-09-30 13:27:50,297 [INFO] CodeEngine:289 - Generated code: C:\ST\AB_LSTM\AB_LSTM\Appli\Core\Src\stm32n6xx_hal_msp.c
2025-09-30 13:27:50,301 [INFO] CodeEngine:265 - oldGeneratedFile, C:\ST\AB_LSTM\AB_LSTM\Appli\MXTmpFiles\system.tmp_save
2025-09-30 13:27:50,335 [INFO] CodeEngine:289 - Generated code: C:\ST\AB_LSTM\AB_LSTM\Appli\MXTmpFiles\system.tmp
2025-09-30 13:27:50,347 [INFO] CodeEngine:321 - oldGeneratedFile, C:\ST\AB_LSTM\AB_LSTM\Appli\Core\Inc\stm32n6xx_hal_conf.h_save
2025-09-30 13:27:50,448 [INFO] CodeEngine:345 - Generated code: C:\ST\AB_LSTM\AB_LSTM\Appli\Core\Inc\stm32n6xx_hal_conf.h
2025-09-30 13:27:50,463 [WARN] IPConfigManager:3238 - Warning: the RefConfig RCC_ConfigVoltageScaling is not available in your config.xml file
2025-09-30 13:27:50,464 [WARN] IPConfigManager:3238 - Warning: the RefConfig RCC_RTC_HSEDIV is not available in your config.xml file
2025-09-30 13:27:50,475 [WARN] IPConfigManager:3811 - IP not found : TIM
2025-09-30 13:27:50,476 [WARN] CodeGenerator:4259 - IP not found : null
2025-09-30 13:27:50,483 [INFO] CodeEngine:265 - oldGeneratedFile, C:\ST\AB_LSTM\AB_LSTM\Appli\Core\Inc\main.h_save
2025-09-30 13:27:50,594 [INFO] CodeEngine:289 - Generated code: C:\ST\AB_LSTM\AB_LSTM\Appli\Core\Inc\main.h
2025-09-30 13:27:50,603 [INFO] CodeEngine:265 - oldGeneratedFile, C:\ST\AB_LSTM\AB_LSTM\Appli\Core\Src\main.c_save
2025-09-30 13:27:50,723 [INFO] CodeEngine:289 - Generated code: C:\ST\AB_LSTM\AB_LSTM\Appli\Core\Src\main.c
2025-09-30 13:27:50,735 [INFO] CodeEngine:265 - oldGeneratedFile, C:\ST\AB_LSTM\AB_LSTM\Appli\Core\Src\secure_nsc.c_save
2025-09-30 13:27:50,831 [INFO] CodeEngine:289 - Generated code: C:\ST\AB_LSTM\AB_LSTM\Appli\Core\Src\secure_nsc.c
2025-09-30 13:27:50,840 [INFO] CodeEngine:265 - oldGeneratedFile, C:\ST\AB_LSTM\AB_LSTM\Appli\Core\Inc\partition_stm32n657xx.h_save
2025-09-30 13:27:50,918 [INFO] CodeEngine:289 - Generated code: C:\ST\AB_LSTM\AB_LSTM\Appli\Core\Inc\partition_stm32n657xx.h
2025-09-30 13:27:50,925 [INFO] CodeEngine:265 - oldGeneratedFile, C:\ST\AB_LSTM\AB_LSTM\Secure_nsclib\secure_nsc.h_save
2025-09-30 13:27:50,981 [INFO] CodeEngine:289 - Generated code: C:\ST\AB_LSTM\AB_LSTM\Secure_nsclib\secure_nsc.h
2025-09-30 13:27:51,011 [INFO] CodeGenerator:1707 - *******************Project context ExtMemLoader Not selected
2025-09-30 13:27:51,960 [INFO] AInterface:322 - ModelName:network; files:[C:\Users\ZOJOLDRI\OneDrive - Carl Zeiss AG\Dokumente\Zeiss\SMT\Bachelor\AB Encoder Model\AB_Encoder_Synthetic_Data\lstm_ab_encoder.h5]; type:Keras; compression:None
2025-09-30 13:27:51,960 [INFO] AInterface:526 - workspaceTempDir: C:/Users/ZOJOLDRI/AppData/Local/Temp/mxAI_workspace10871807494878003987649263281836286
2025-09-30 13:27:51,960 [INFO] AInterface:1176 - Setting Env: C:/Users/ZOJOLDRI/STM32Cube/Repository/Packs/STMicroelectronics/X-CUBE-AI/10.2.0/Utilities/windows
2025-09-30 13:27:51,970 [INFO] STM32CubeIDEBuilder:265 - Looking for gnu-tools-for-stm32 tools/bin/arm-none-eabi-gcc.exe in C:\ST\STM32CubeIDE_1.19.0\STM32CubeIDE
2025-09-30 13:27:51,972 [INFO] STM32CubeIDEBuilder:294 - checking C:\ST\STM32CubeIDE_1.19.0\STM32CubeIDE\plugins\com.st.stm32cube.ide.mcu.externaltools.gnu-tools-for-stm32.13.3.rel1.win32_1.0.0.202411081344\tools\bin\arm-none-eabi-gcc.exe
2025-09-30 13:27:51,972 [INFO] STM32CubeIDEBuilder:297 - ret=C:\ST\STM32CubeIDE_1.19.0\STM32CubeIDE\plugins\com.st.stm32cube.ide.mcu.externaltools.gnu-tools-for-stm32.13.3.rel1.win32_1.0.0.202411081344\tools\bin\arm-none-eabi-gcc.exe
2025-09-30 13:27:51,972 [INFO] STM32CubeIDEBuilder:311 - returning C:\ST\STM32CubeIDE_1.19.0\STM32CubeIDE\plugins\com.st.stm32cube.ide.mcu.externaltools.gnu-tools-for-stm32.13.3.rel1.win32_1.0.0.202411081344\tools\bin\arm-none-eabi-gcc.exe
2025-09-30 13:27:51,972 [INFO] AInterface:1233 - Custom PATH variable: C:/Users/ZOJOLDRI/STM32Cube/Repository/Packs/STMicroelectronics/X-CUBE-AI/10.2.0/Utilities/windows;C:/Users/ZOJOLDRI/STM32Cube/Repository/Packs/STMicroelectronics/X-CUBE-AI/10.2.0/Utilities/windows/mingw64/bin;C:/Users/ZOJOLDRI/STM32Cube/Repository/Packs/STMicroelectronics/X-CUBE-AI/10.2.0/Utilities/windows/mingw64/libexec/gcc/x86_64-w64-mingw32/7.3.0;;C:\ST\STM32CubeIDE_1.19.0\STM32CubeIDE\plugins\com.st.stm32cube.ide.mcu.externaltools.gnu-tools-for-stm32.13.3.rel1.win32_1.0.0.202411081344\tools\bin
2025-09-30 13:27:51,975 [INFO] CmdLine:115 - Command: C:/Users/ZOJOLDRI/STM32Cube/Repository/Packs/STMicroelectronics/X-CUBE-AI/10.2.0/Utilities/windows/stedgeai.exe generate --target stm32n6 --name network -m C:/Users/ZOJOLDRI/OneDrive - Carl Zeiss AG/Dokumente/Zeiss/SMT/Bachelor/AB Encoder Model/AB_Encoder_Synthetic_Data/lstm_ab_encoder.h5 --compression none --verbosity 1 -O time --workspace C:/Users/ZOJOLDRI/AppData/Local/Temp/mxAI_workspace10871807494878003987649263281836286 --output C:/Users/ZOJOLDRI/.stm32cubemx/network_output
2025-09-30 13:27:51,977 [INFO] AIModelDetailledView:2380 - Analysis status: pending
2025-09-30 13:27:52,648 [INFO] CmdLine:76 - ST Edge AI Core v2.2.0-20266 2adc00962
2025-09-30 13:27:57,650 [INFO] CmdLine:76 - Creating c (debug) info json file C:\Users\ZOJOLDRI\.stm32cubemx\network_output\network_c_info.json
2025-09-30 13:27:57,674 [INFO] CmdLine:76 -  
2025-09-30 13:27:57,675 [INFO] CmdLine:76 -  Exec/report summary (generate)
2025-09-30 13:27:57,675 [INFO] CmdLine:76 -  ---------------------------------------------------------------------------------------------------------------------------------------------------------------
2025-09-30 13:27:57,675 [INFO] CmdLine:76 -  model file         :   C:\Users\ZOJOLDRI\OneDrive - Carl Zeiss AG\Dokumente\Zeiss\SMT\Bachelor\AB Encoder Model\AB_Encoder_Synthetic_Data\lstm_ab_encoder.h5   
2025-09-30 13:27:57,675 [INFO] CmdLine:76 -  type               :   keras                                                                                                                                   
2025-09-30 13:27:57,675 [INFO] CmdLine:76 -  c_name             :   network                                                                                                                                 
2025-09-30 13:27:57,676 [INFO] CmdLine:76 -  compression        :   none                                                                                                                                    
2025-09-30 13:27:57,676 [INFO] CmdLine:76 -  options            :   allocate-inputs, allocate-outputs                                                                                                       
2025-09-30 13:27:57,676 [INFO] CmdLine:76 -  optimization       :   time                                                                                                                                    
2025-09-30 13:27:57,676 [INFO] CmdLine:76 -  target/series      :   stm32n6                                                                                                                                 
2025-09-30 13:27:57,676 [INFO] CmdLine:76 -  workspace dir      :   C:\Users\ZOJOLDRI\AppData\Local\Temp\mxAI_workspace10871807494878003987649263281836286                                                  
2025-09-30 13:27:57,676 [INFO] CmdLine:76 -  output dir         :   C:\Users\ZOJOLDRI\.stm32cubemx\network_output                                                                                           
2025-09-30 13:27:57,676 [INFO] CmdLine:76 -  model_fmt          :   float                                                                                                                                   
2025-09-30 13:27:57,676 [INFO] CmdLine:76 -  model_name         :   lstm_ab_encoder                                                                                                                         
2025-09-30 13:27:57,677 [INFO] CmdLine:76 -  model_hash         :   0x1ae1b6c8da39574fbf40ed43fa353b2f                                                                                                      
2025-09-30 13:27:57,677 [INFO] CmdLine:76 -  params #           :   3,587 items (14.01 KiB)                                                                                                                 
2025-09-30 13:27:57,677 [INFO] CmdLine:76 -  ---------------------------------------------------------------------------------------------------------------------------------------------------------------
2025-09-30 13:27:57,677 [INFO] CmdLine:76 -  input 1/1          :   'input_0', f32(1x20x10), 800 Bytes, activations                                                                                         
2025-09-30 13:27:57,677 [INFO] CmdLine:76 -  output 1/1         :   'output', f32(1x3), 12 Bytes, activations                                                                                               
2025-09-30 13:27:57,678 [INFO] CmdLine:76 -  macc               :   67,960                                                                                                                                  
2025-09-30 13:27:57,678 [INFO] CmdLine:76 -  weights (ro)       :   14,636 B (14.29 KiB) (1 segment) / +288(+2.0%) vs float model                                                                           
2025-09-30 13:27:57,678 [INFO] CmdLine:76 -  activations (rw)   :   1,568 B (1.53 KiB) (1 segment) *                                                                                                        
2025-09-30 13:27:57,678 [INFO] CmdLine:76 -  ram (total)        :   1,568 B (1.53 KiB) = 1,568 + 0 + 0                                                                                                      
2025-09-30 13:27:57,678 [INFO] CmdLine:76 -  ---------------------------------------------------------------------------------------------------------------------------------------------------------------
2025-09-30 13:27:57,679 [INFO] CmdLine:76 -  (*) 'input'/'output' buffers are allocated in the activations buffer
2025-09-30 13:27:57,679 [INFO] CmdLine:76 - Computing AI RT data/code size (target=stm32n6)..
2025-09-30 13:27:59,634 [INFO] CmdLine:76 -  Requested memory size by section - "stm32n6" target
2025-09-30 13:27:59,635 [INFO] CmdLine:76 -  ------------------------------- -------- -------- ------- -------
2025-09-30 13:27:59,635 [INFO] CmdLine:76 -  module                              text   rodata    data     bss
2025-09-30 13:27:59,636 [INFO] CmdLine:76 -  ------------------------------- -------- -------- ------- -------
2025-09-30 13:27:59,636 [INFO] CmdLine:76 -  NetworkRuntime1020_CM55_GCC.a     15,800       32       0       0
2025-09-30 13:27:59,636 [INFO] CmdLine:76 -  network.o                            596       40   1,888     136
2025-09-30 13:27:59,637 [INFO] CmdLine:76 -  network_data.o                        48       16      88       0
2025-09-30 13:27:59,637 [INFO] CmdLine:76 -  lib (toolchain)*                   1,132      340       0       0
2025-09-30 13:27:59,637 [INFO] CmdLine:76 -  ------------------------------- -------- -------- ------- -------
2025-09-30 13:27:59,638 [INFO] CmdLine:76 -  RT total**                        17,576      428   1,976     136
2025-09-30 13:27:59,638 [INFO] CmdLine:76 -  ------------------------------- -------- -------- ------- -------
2025-09-30 13:27:59,638 [INFO] CmdLine:76 -  weights                                0   14,640       0       0
2025-09-30 13:27:59,638 [INFO] CmdLine:76 -  activations                            0        0       0   1,568
2025-09-30 13:27:59,639 [INFO] CmdLine:76 -  io                                     0        0       0       0
2025-09-30 13:27:59,639 [INFO] CmdLine:76 -  ------------------------------- -------- -------- ------- -------
2025-09-30 13:27:59,639 [INFO] CmdLine:76 -  TOTAL                             17,576   15,068   1,976   1,704
2025-09-30 13:27:59,639 [INFO] CmdLine:76 -  ------------------------------- -------- -------- ------- -------
2025-09-30 13:27:59,639 [INFO] CmdLine:76 -  *  toolchain objects (libm/libgcc*)
2025-09-30 13:27:59,639 [INFO] CmdLine:76 -  ** RT AI runtime objects (kernels+infrastructure)
2025-09-30 13:27:59,640 [INFO] CmdLine:76 -   Summary - "stm32n6" target
2025-09-30 13:27:59,640 [INFO] CmdLine:76 -   ---------------------------------------------------
2025-09-30 13:27:59,640 [INFO] CmdLine:76 -                FLASH (ro)      %*   RAM (rw)       %
2025-09-30 13:27:59,640 [INFO] CmdLine:76 -   ---------------------------------------------------
2025-09-30 13:27:59,640 [INFO] CmdLine:76 -   RT total         19,980   57.7%      2,112   57.4%
2025-09-30 13:27:59,640 [INFO] CmdLine:76 -   ---------------------------------------------------
2025-09-30 13:27:59,641 [INFO] CmdLine:76 -   TOTAL            34,620              3,680
2025-09-30 13:27:59,641 [INFO] CmdLine:76 -   ---------------------------------------------------
2025-09-30 13:27:59,641 [INFO] CmdLine:76 -   *  rt/total
2025-09-30 13:27:59,641 [INFO] CmdLine:76 -  Generated files (7)
2025-09-30 13:27:59,641 [INFO] CmdLine:76 -  ---------------------------------------------------------------------
2025-09-30 13:27:59,641 [INFO] CmdLine:76 -  C:\Users\ZOJOLDRI\.stm32cubemx\network_output\network_data_params.h
2025-09-30 13:27:59,642 [INFO] CmdLine:76 -  C:\Users\ZOJOLDRI\.stm32cubemx\network_output\network_data_params.c
2025-09-30 13:27:59,642 [INFO] CmdLine:76 -  C:\Users\ZOJOLDRI\.stm32cubemx\network_output\network_data.h
2025-09-30 13:27:59,642 [INFO] CmdLine:76 -  C:\Users\ZOJOLDRI\.stm32cubemx\network_output\network_data.c
2025-09-30 13:27:59,642 [INFO] CmdLine:76 -  C:\Users\ZOJOLDRI\.stm32cubemx\network_output\network_config.h
2025-09-30 13:27:59,642 [INFO] CmdLine:76 -  C:\Users\ZOJOLDRI\.stm32cubemx\network_output\network.h
2025-09-30 13:27:59,643 [INFO] CmdLine:76 -  C:\Users\ZOJOLDRI\.stm32cubemx\network_output\network.c
2025-09-30 13:27:59,643 [INFO] CmdLine:76 - Creating txt report file C:\Users\ZOJOLDRI\.stm32cubemx\network_output\network_generate_report.txt
2025-09-30 13:28:02,338 [INFO] CmdLine:76 - elapsed time (generate): 9.689s
2025-09-30 13:28:02,762 [INFO] CmdLine:148 - stedgeai exit with status: 0
2025-09-30 13:28:02,778 [INFO] AIModelDetailledView:2380 - Analysis status: done
2025-09-30 13:28:04,045 [INFO] ProjectBuilder:3606 - Time for Copy HAL[1] : 529mS.
2025-09-30 13:28:04,045 [ERROR] Middleware:2950 - Invalid RefComponent list
2025-09-30 13:28:04,045 [ERROR] Middleware:2950 - Invalid RefComponent list
2025-09-30 13:28:04,045 [ERROR] Middleware:2950 - Invalid RefComponent list
2025-09-30 13:28:04,045 [ERROR] Middleware:2950 - Invalid RefComponent list
2025-09-30 13:28:04,045 [ERROR] Middleware:2950 - Invalid RefComponent list
2025-09-30 13:28:04,045 [ERROR] Middleware:2950 - Invalid RefComponent list
2025-09-30 13:28:04,045 [ERROR] Middleware:2950 - Invalid RefComponent list
2025-09-30 13:28:04,045 [ERROR] Middleware:2950 - Invalid RefComponent list
2025-09-30 13:28:04,045 [ERROR] Middleware:2950 - Invalid RefComponent list
2025-09-30 13:28:04,045 [ERROR] Middleware:2950 - Invalid RefComponent list
2025-09-30 13:28:04,045 [ERROR] Middleware:2950 - Invalid RefComponent list
2025-09-30 13:28:04,045 [ERROR] Middleware:2950 - Invalid RefComponent list
2025-09-30 13:28:04,045 [ERROR] Middleware:2950 - Invalid RefComponent list
2025-09-30 13:28:04,045 [ERROR] Middleware:2950 - Invalid RefComponent list
2025-09-30 13:28:04,045 [ERROR] Middleware:2950 - Invalid RefComponent list
2025-09-30 13:28:04,045 [ERROR] Middleware:2950 - Invalid RefComponent list
2025-09-30 13:28:04,045 [ERROR] Middleware:2950 - Invalid RefComponent list
2025-09-30 13:28:04,045 [ERROR] Middleware:2950 - Invalid RefComponent list
2025-09-30 13:28:04,045 [ERROR] Middleware:2950 - Invalid RefComponent list
2025-09-30 13:28:04,045 [ERROR] Middleware:2950 - Invalid RefComponent list
2025-09-30 13:28:04,045 [ERROR] Middleware:2950 - Invalid RefComponent list
2025-09-30 13:28:04,045 [ERROR] Middleware:2950 - Invalid RefComponent list
2025-09-30 13:28:04,045 [ERROR] Middleware:2950 - Invalid RefComponent list
2025-09-30 13:28:04,045 [ERROR] Middleware:2950 - Invalid RefComponent list
2025-09-30 13:28:04,045 [ERROR] Middleware:2950 - Invalid RefComponent list
2025-09-30 13:28:04,045 [ERROR] Middleware:2950 - Invalid RefComponent list
2025-09-30 13:28:04,045 [ERROR] Middleware:2950 - Invalid RefComponent list
2025-09-30 13:28:04,045 [ERROR] Middleware:2950 - Invalid RefComponent list
2025-09-30 13:28:04,045 [ERROR] Middleware:2950 - Invalid RefComponent list
2025-09-30 13:28:04,045 [ERROR] Middleware:2950 - Invalid RefComponent list
2025-09-30 13:28:04,045 [ERROR] Middleware:2950 - Invalid RefComponent list
2025-09-30 13:28:04,045 [ERROR] Middleware:2950 - Invalid RefComponent list
2025-09-30 13:28:04,046 [ERROR] Middleware:2950 - Invalid RefComponent list
2025-09-30 13:28:04,046 [ERROR] Middleware:2950 - Invalid RefComponent list
2025-09-30 13:28:04,046 [ERROR] Middleware:2950 - Invalid RefComponent list
2025-09-30 13:28:04,046 [ERROR] Middleware:2950 - Invalid RefComponent list
2025-09-30 13:28:04,046 [ERROR] Middleware:2950 - Invalid RefComponent list
2025-09-30 13:28:04,046 [ERROR] Middleware:2950 - Invalid RefComponent list
2025-09-30 13:28:04,046 [ERROR] Middleware:2950 - Invalid RefComponent list
2025-09-30 13:28:04,046 [ERROR] Middleware:2950 - Invalid RefComponent list
2025-09-30 13:28:04,046 [ERROR] Middleware:2950 - Invalid RefComponent list
2025-09-30 13:28:04,046 [ERROR] Middleware:2950 - Invalid RefComponent list
2025-09-30 13:28:04,046 [ERROR] Middleware:2950 - Invalid RefComponent list
2025-09-30 13:28:04,046 [ERROR] Middleware:2950 - Invalid RefComponent list
2025-09-30 13:28:04,046 [ERROR] Middleware:2950 - Invalid RefComponent list
2025-09-30 13:28:04,046 [ERROR] Middleware:2950 - Invalid RefComponent list
2025-09-30 13:28:04,046 [ERROR] Middleware:2950 - Invalid RefComponent list
2025-09-30 13:28:04,046 [ERROR] Middleware:2950 - Invalid RefComponent list
2025-09-30 13:28:04,046 [ERROR] Middleware:2950 - Invalid RefComponent list
2025-09-30 13:28:04,046 [ERROR] Middleware:2950 - Invalid RefComponent list
2025-09-30 13:28:04,046 [ERROR] Middleware:2950 - Invalid RefComponent list
2025-09-30 13:28:04,046 [ERROR] Middleware:2950 - Invalid RefComponent list
2025-09-30 13:28:04,046 [ERROR] Middleware:2950 - Invalid RefComponent list
2025-09-30 13:28:04,046 [ERROR] Middleware:2950 - Invalid RefComponent list
2025-09-30 13:28:04,046 [ERROR] Middleware:2950 - Invalid RefComponent list
2025-09-30 13:28:04,046 [ERROR] Middleware:2950 - Invalid RefComponent list
2025-09-30 13:28:04,046 [ERROR] Middleware:2950 - Invalid RefComponent list
2025-09-30 13:28:04,046 [ERROR] Middleware:2950 - Invalid RefComponent list
2025-09-30 13:28:04,046 [ERROR] Middleware:2950 - Invalid RefComponent list
2025-09-30 13:28:04,046 [ERROR] Middleware:2950 - Invalid RefComponent list
2025-09-30 13:28:04,046 [ERROR] Middleware:2950 - Invalid RefComponent list
2025-09-30 13:28:04,046 [ERROR] Middleware:2950 - Invalid RefComponent list
2025-09-30 13:28:04,046 [ERROR] Middleware:2950 - Invalid RefComponent list
2025-09-30 13:28:04,046 [ERROR] Middleware:2950 - Invalid RefComponent list
2025-09-30 13:28:04,046 [ERROR] Middleware:2950 - Invalid RefComponent list
2025-09-30 13:28:04,046 [ERROR] Middleware:2950 - Invalid RefComponent list
2025-09-30 13:28:04,046 [ERROR] Middleware:2950 - Invalid RefComponent list
2025-09-30 13:28:04,046 [ERROR] Middleware:2950 - Invalid RefComponent list
2025-09-30 13:28:04,046 [ERROR] Middleware:2950 - Invalid RefComponent list
2025-09-30 13:28:04,047 [ERROR] Middleware:2950 - Invalid RefComponent list
2025-09-30 13:28:04,063 [INFO] ProjectBuilder:5216 - Project Generator version: 4.7.0-B52
2025-09-30 13:28:04,125 [INFO] ConfigFileManager:1595 - The Die is : DIE486
2025-09-30 13:28:18,226 [INFO] ProjectBuilder:5056 - Time for Generating toolchain IDE Files: 14163mS.
2025-09-30 13:28:18,229 [INFO] ProjectBuilder:3463 - Time for Copy CMSIS : 2mS.
2025-09-30 13:28:18,239 [INFO] ProjectBuilder:3463 - Time for Copy CMSIS : 1mS.
2025-09-30 14:32:44,076 [INFO] AIModelDetailledView:2380 - Analysis status: -
2025-09-30 14:32:57,685 [INFO] AInterface:259 - ModelName:network; files:[C:\Users\ZOJOLDRI\OneDrive - Carl Zeiss AG\Dokumente\Zeiss\SMT\Bachelor\AB Encoder Model\AB_Encoder_Synthetic_Data\lstm_ab_encoder.h5]; type:Keras; compression:None
2025-09-30 14:32:57,686 [INFO] AInterface:526 - workspaceTempDir: C:/Users/ZOJOLDRI/AppData/Local/Temp/mxAI_workspace10910864749400004504381772600204736
2025-09-30 14:32:57,686 [INFO] AInterface:1176 - Setting Env: C:/Users/ZOJOLDRI/STM32Cube/Repository/Packs/STMicroelectronics/X-CUBE-AI/10.2.0/Utilities/windows
2025-09-30 14:32:57,696 [INFO] STM32CubeIDEBuilder:265 - Looking for gnu-tools-for-stm32 tools/bin/arm-none-eabi-gcc.exe in C:\ST\STM32CubeIDE_1.19.0\STM32CubeIDE
2025-09-30 14:32:57,698 [INFO] STM32CubeIDEBuilder:294 - checking C:\ST\STM32CubeIDE_1.19.0\STM32CubeIDE\plugins\com.st.stm32cube.ide.mcu.externaltools.gnu-tools-for-stm32.13.3.rel1.win32_1.0.0.202411081344\tools\bin\arm-none-eabi-gcc.exe
2025-09-30 14:32:57,699 [INFO] STM32CubeIDEBuilder:297 - ret=C:\ST\STM32CubeIDE_1.19.0\STM32CubeIDE\plugins\com.st.stm32cube.ide.mcu.externaltools.gnu-tools-for-stm32.13.3.rel1.win32_1.0.0.202411081344\tools\bin\arm-none-eabi-gcc.exe
2025-09-30 14:32:57,699 [INFO] STM32CubeIDEBuilder:311 - returning C:\ST\STM32CubeIDE_1.19.0\STM32CubeIDE\plugins\com.st.stm32cube.ide.mcu.externaltools.gnu-tools-for-stm32.13.3.rel1.win32_1.0.0.202411081344\tools\bin\arm-none-eabi-gcc.exe
2025-09-30 14:32:57,700 [INFO] AInterface:1233 - Custom PATH variable: C:/Users/ZOJOLDRI/STM32Cube/Repository/Packs/STMicroelectronics/X-CUBE-AI/10.2.0/Utilities/windows;C:/Users/ZOJOLDRI/STM32Cube/Repository/Packs/STMicroelectronics/X-CUBE-AI/10.2.0/Utilities/windows/mingw64/bin;C:/Users/ZOJOLDRI/STM32Cube/Repository/Packs/STMicroelectronics/X-CUBE-AI/10.2.0/Utilities/windows/mingw64/libexec/gcc/x86_64-w64-mingw32/7.3.0;;C:\ST\STM32CubeIDE_1.19.0\STM32CubeIDE\plugins\com.st.stm32cube.ide.mcu.externaltools.gnu-tools-for-stm32.13.3.rel1.win32_1.0.0.202411081344\tools\bin
2025-09-30 14:32:57,704 [INFO] CmdLine:115 - Command: C:/Users/ZOJOLDRI/STM32Cube/Repository/Packs/STMicroelectronics/X-CUBE-AI/10.2.0/Utilities/windows/stedgeai.exe analyze --target stm32n6 --name network -m C:/Users/ZOJOLDRI/OneDrive - Carl Zeiss AG/Dokumente/Zeiss/SMT/Bachelor/AB Encoder Model/AB_Encoder_Synthetic_Data/lstm_ab_encoder.h5 --compression none --verbosity 1 -O time --workspace C:/Users/ZOJOLDRI/AppData/Local/Temp/mxAI_workspace10910864749400004504381772600204736 --output C:/Users/ZOJOLDRI/.stm32cubemx/network_output
2025-09-30 14:32:57,715 [INFO] AIModelDetailledView:2380 - Analysis status: pending
2025-09-30 14:33:05,539 [INFO] CmdLine:76 - ST Edge AI Core v2.2.0-20266 2adc00962
2025-09-30 14:34:12,162 [INFO] CmdLine:76 - Creating c (debug) info json file C:\Users\ZOJOLDRI\.stm32cubemx\network_output\network_c_info.json
2025-09-30 14:34:12,187 [INFO] CmdLine:76 -  
2025-09-30 14:34:12,188 [INFO] CmdLine:76 -  Exec/report summary (analyze)
2025-09-30 14:34:12,188 [INFO] CmdLine:76 -  ---------------------------------------------------------------------------------------------------------------------------------------------------------------
2025-09-30 14:34:12,189 [INFO] CmdLine:76 -  model file         :   C:\Users\ZOJOLDRI\OneDrive - Carl Zeiss AG\Dokumente\Zeiss\SMT\Bachelor\AB Encoder Model\AB_Encoder_Synthetic_Data\lstm_ab_encoder.h5   
2025-09-30 14:34:12,189 [INFO] CmdLine:76 -  type               :   keras                                                                                                                                   
2025-09-30 14:34:12,190 [INFO] CmdLine:76 -  c_name             :   network                                                                                                                                 
2025-09-30 14:34:12,190 [INFO] CmdLine:76 -  compression        :   none                                                                                                                                    
2025-09-30 14:34:12,190 [INFO] CmdLine:76 -  options            :   allocate-inputs, allocate-outputs                                                                                                       
2025-09-30 14:34:12,190 [INFO] CmdLine:76 -  optimization       :   time                                                                                                                                    
2025-09-30 14:34:12,190 [INFO] CmdLine:76 -  target/series      :   stm32n6                                                                                                                                 
2025-09-30 14:34:12,190 [INFO] CmdLine:76 -  workspace dir      :   C:\Users\ZOJOLDRI\AppData\Local\Temp\mxAI_workspace10910864749400004504381772600204736                                                  
2025-09-30 14:34:12,190 [INFO] CmdLine:76 -  output dir         :   C:\Users\ZOJOLDRI\.stm32cubemx\network_output                                                                                           
2025-09-30 14:34:12,190 [INFO] CmdLine:76 -  model_fmt          :   float                                                                                                                                   
2025-09-30 14:34:12,190 [INFO] CmdLine:76 -  model_name         :   lstm_ab_encoder                                                                                                                         
2025-09-30 14:34:12,191 [INFO] CmdLine:76 -  model_hash         :   0x4fc4ddae9b35993639e06fef6ce6af52                                                                                                      
2025-09-30 14:34:12,191 [INFO] CmdLine:76 -  params #           :   3,587 items (14.01 KiB)                                                                                                                 
2025-09-30 14:34:12,191 [INFO] CmdLine:76 -  ---------------------------------------------------------------------------------------------------------------------------------------------------------------
2025-09-30 14:34:12,191 [INFO] CmdLine:76 -  input 1/1          :   'input_0', f32(1x20x10), 800 Bytes, activations                                                                                         
2025-09-30 14:34:12,191 [INFO] CmdLine:76 -  output 1/1         :   'output', f32(1x3), 12 Bytes, activations                                                                                               
2025-09-30 14:34:12,192 [INFO] CmdLine:76 -  macc               :   67,960                                                                                                                                  
2025-09-30 14:34:12,192 [INFO] CmdLine:76 -  weights (ro)       :   14,636 B (14.29 KiB) (1 segment) / +288(+2.0%) vs float model                                                                           
2025-09-30 14:34:12,192 [INFO] CmdLine:76 -  activations (rw)   :   1,568 B (1.53 KiB) (1 segment) *                                                                                                        
2025-09-30 14:34:12,192 [INFO] CmdLine:76 -  ram (total)        :   1,568 B (1.53 KiB) = 1,568 + 0 + 0                                                                                                      
2025-09-30 14:34:12,192 [INFO] CmdLine:76 -  ---------------------------------------------------------------------------------------------------------------------------------------------------------------
2025-09-30 14:34:12,193 [INFO] CmdLine:76 -  (*) 'input'/'output' buffers are allocated in the activations buffer
2025-09-30 14:34:12,193 [INFO] CmdLine:76 - Computing AI RT data/code size (target=stm32n6)..
2025-09-30 14:34:16,095 [INFO] CmdLine:76 -  Model name - lstm_ab_encoder
2025-09-30 14:34:16,096 [INFO] CmdLine:76 -  ------ ----------------------- ----------------- -------------- -------- ---------------
2025-09-30 14:34:16,096 [INFO] CmdLine:76 -  m_id   layer (original)        oshape            param/size         macc    connected to
2025-09-30 14:34:16,096 [INFO] CmdLine:76 -  ------ ----------------------- ----------------- -------------- -------- ---------------
2025-09-30 14:34:16,097 [INFO] CmdLine:76 -  0      input_0 (None)          [b:1,h:20,c:10]
2025-09-30 14:34:16,097 [INFO] CmdLine:76 -         lstm_1 (LSTM)           [b:1,c:24]        3,360/13,440     67,680         input_0
2025-09-30 14:34:16,097 [INFO] CmdLine:76 -  ------ ----------------------- ----------------- -------------- -------- ---------------
2025-09-30 14:34:16,097 [INFO] CmdLine:76 -  2      dense_1_dense (Dense)   [b:1,c:8]         200/800             200          lstm_1
2025-09-30 14:34:16,097 [INFO] CmdLine:76 -         dense_1 (Dense)         [b:1,c:8]                               8   dense_1_dense
2025-09-30 14:34:16,097 [INFO] CmdLine:76 -  ------ ----------------------- ----------------- -------------- -------- ---------------
2025-09-30 14:34:16,098 [INFO] CmdLine:76 -  3      output_dense (Dense)    [b:1,c:3]         27/108               27         dense_1
2025-09-30 14:34:16,098 [INFO] CmdLine:76 -         output (Dense)          [b:1,c:3]                              45    output_dense
2025-09-30 14:34:16,098 [INFO] CmdLine:76 -  ------ ----------------------- ----------------- -------------- -------- ---------------
2025-09-30 14:34:16,098 [INFO] CmdLine:76 -  model: macc=67,960 weights=14,348 activations=-- io=--
2025-09-30 14:34:16,098 [INFO] CmdLine:76 -  Number of operations per c-layer
2025-09-30 14:34:16,098 [INFO] CmdLine:76 -  ------- ------ ------------------------ -------- --------------
2025-09-30 14:34:16,098 [INFO] CmdLine:76 -  c_id    m_id   name (type)                   #op           type
2025-09-30 14:34:16,099 [INFO] CmdLine:76 -  ------- ------ ------------------------ -------- --------------
2025-09-30 14:34:16,099 [INFO] CmdLine:76 -  0       0      lstm_1 (LSTM)              67,680   smul_f32_f32
2025-09-30 14:34:16,099 [INFO] CmdLine:76 -  1       2      dense_1_dense (Dense)         200   smul_f32_f32
2025-09-30 14:34:16,099 [INFO] CmdLine:76 -  2       2      dense_1 (Nonlinearity)          8     op_f32_f32
2025-09-30 14:34:16,099 [INFO] CmdLine:76 -  3       3      output_dense (Dense)           27   smul_f32_f32
2025-09-30 14:34:16,099 [INFO] CmdLine:76 -  4       3      output (Nonlinearity)          45     op_f32_f32
2025-09-30 14:34:16,099 [INFO] CmdLine:76 -  ------- ------ ------------------------ -------- --------------
2025-09-30 14:34:16,100 [INFO] CmdLine:76 -  total                                     67,960
2025-09-30 14:34:16,100 [INFO] CmdLine:76 -  Number of operation types
2025-09-30 14:34:16,100 [INFO] CmdLine:76 -  ---------------- -------- -----------
2025-09-30 14:34:16,100 [INFO] CmdLine:76 -  operation type          #           %
2025-09-30 14:34:16,100 [INFO] CmdLine:76 -  ---------------- -------- -----------
2025-09-30 14:34:16,101 [INFO] CmdLine:76 -  smul_f32_f32       67,907       99.9%
2025-09-30 14:34:16,101 [INFO] CmdLine:76 -  op_f32_f32             53        0.1%
2025-09-30 14:34:16,101 [INFO] CmdLine:76 -  Complexity report (model)
2025-09-30 14:34:16,104 [INFO] CmdLine:76 -  ------ --------------- ------------------------- ------------------------- --------
2025-09-30 14:34:16,105 [INFO] CmdLine:76 -  m_id   name            c_macc                    c_rom                     c_id
2025-09-30 14:34:16,105 [INFO] CmdLine:76 -  ------ --------------- ------------------------- ------------------------- --------
2025-09-30 14:34:16,106 [INFO] CmdLine:76 -  0      input_0         ||||||||||||||||  99.6%   ||||||||||||||||  93.8%   [0]
2025-09-30 14:34:16,106 [INFO] CmdLine:76 -  2      dense_1_dense   |                  0.3%   |                  5.5%   [1, 2]
2025-09-30 14:34:16,107 [INFO] CmdLine:76 -  3      output_dense    |                  0.1%   |                  0.7%   [3, 4]
2025-09-30 14:34:16,108 [INFO] CmdLine:76 -  ------ --------------- ------------------------- ------------------------- --------
2025-09-30 14:34:16,108 [INFO] CmdLine:76 -  macc=67,960 weights=14,636 act=1,568 ram_io=0
2025-09-30 14:34:16,109 [INFO] CmdLine:76 -  Requested memory size by section - "stm32n6" target
2025-09-30 14:34:16,109 [INFO] CmdLine:76 -  ------------------------------- -------- -------- ------- -------
2025-09-30 14:34:16,109 [INFO] CmdLine:76 -  module                              text   rodata    data     bss
2025-09-30 14:34:16,110 [INFO] CmdLine:76 -  ------------------------------- -------- -------- ------- -------
2025-09-30 14:34:16,110 [INFO] CmdLine:76 -  NetworkRuntime1020_CM55_GCC.a     15,800       32       0       0
2025-09-30 14:34:16,110 [INFO] CmdLine:76 -  network.o                            596       40   1,888     136
2025-09-30 14:34:16,111 [INFO] CmdLine:76 -  network_data.o                        48       16      88       0
2025-09-30 14:34:16,111 [INFO] CmdLine:76 -  lib (toolchain)*                   1,132      340       0       0
2025-09-30 14:34:16,111 [INFO] CmdLine:76 -  ------------------------------- -------- -------- ------- -------
2025-09-30 14:34:16,111 [INFO] CmdLine:76 -  RT total**                        17,576      428   1,976     136
2025-09-30 14:34:16,111 [INFO] CmdLine:76 -  ------------------------------- -------- -------- ------- -------
2025-09-30 14:34:16,111 [INFO] CmdLine:76 -  weights                                0   14,640       0       0
2025-09-30 14:34:16,112 [INFO] CmdLine:76 -  activations                            0        0       0   1,568
2025-09-30 14:34:16,112 [INFO] CmdLine:76 -  io                                     0        0       0       0
2025-09-30 14:34:16,112 [INFO] CmdLine:76 -  ------------------------------- -------- -------- ------- -------
2025-09-30 14:34:16,112 [INFO] CmdLine:76 -  TOTAL                             17,576   15,068   1,976   1,704
2025-09-30 14:34:16,112 [INFO] CmdLine:76 -  ------------------------------- -------- -------- ------- -------
2025-09-30 14:34:16,112 [INFO] CmdLine:76 -  *  toolchain objects (libm/libgcc*)
2025-09-30 14:34:16,113 [INFO] CmdLine:76 -  ** RT AI runtime objects (kernels+infrastructure)
2025-09-30 14:34:16,113 [INFO] CmdLine:76 -   Summary - "stm32n6" target
2025-09-30 14:34:16,113 [INFO] CmdLine:76 -   ---------------------------------------------------
2025-09-30 14:34:16,113 [INFO] CmdLine:76 -                FLASH (ro)      %*   RAM (rw)       %
2025-09-30 14:34:16,113 [INFO] CmdLine:76 -   ---------------------------------------------------
2025-09-30 14:34:16,116 [INFO] CmdLine:76 -   RT total         19,980   57.7%      2,112   57.4%
2025-09-30 14:34:16,117 [INFO] CmdLine:76 -   ---------------------------------------------------
2025-09-30 14:34:16,117 [INFO] CmdLine:76 -   TOTAL            34,620              3,680
2025-09-30 14:34:16,118 [INFO] CmdLine:76 -   ---------------------------------------------------
2025-09-30 14:34:16,118 [INFO] CmdLine:76 -   *  rt/total
2025-09-30 14:34:16,118 [INFO] CmdLine:76 - Creating txt report file C:\Users\ZOJOLDRI\.stm32cubemx\network_output\network_analyze_report.txt
2025-09-30 14:34:19,962 [INFO] CmdLine:76 - elapsed time (analyze): 74.424s
2025-09-30 14:34:20,323 [INFO] CmdLine:148 - stedgeai exit with status: 0
2025-09-30 14:34:20,339 [INFO] AIModelDetailledView:1184 - Model file:      lstm_ab_encoder.h5
2025-09-30 14:34:20,340 [INFO] AIModelDetailledView:1184 - Total Flash:     34616 B (33.80 KiB)
2025-09-30 14:34:20,340 [INFO] AIModelDetailledView:1184 -     Weights:     14636 B (14.29 KiB)
2025-09-30 14:34:20,341 [INFO] AIModelDetailledView:1184 -     Library:     19980 B (19.51 KiB)
2025-09-30 14:34:20,343 [INFO] AIModelDetailledView:1184 - Total Ram:       3680 B (3.59 KiB)
2025-09-30 14:34:20,344 [INFO] AIModelDetailledView:1184 -     Activations: 1568 B (1.53 KiB)
2025-09-30 14:34:20,345 [INFO] AIModelDetailledView:1184 -     Library:     2112 B (2.06 KiB)
2025-09-30 14:34:20,345 [INFO] AIModelDetailledView:1184 -     Input:       800 B (included in Activations)
2025-09-30 14:34:20,345 [INFO] AIModelDetailledView:1184 -     Output:      12 B (included in Activations)
2025-09-30 14:34:20,345 [INFO] AIModelDetailledView:1184 - Done
2025-09-30 14:34:20,346 [INFO] AIModelDetailledView:2715 - Analyze complete on AI model
2025-09-30 14:34:20,349 [INFO] AIModelDetailledView:2380 - Analysis status: done
2025-09-30 14:34:29,960 [INFO] UtilMem:75 - End SaveConfig() Used Memory: 798769792 Bytes (1073741824)
2025-09-30 14:34:31,112 [ERROR] IocParser:95 - Exception caught: null
2025-09-30 14:34:31,451 [INFO] BlockDiagram:2775 - set Specific Code input for plugin: EXTMEM_MANAGER
2025-09-30 14:34:31,451 [INFO] BlockDiagram:2775 - set Specific Code input for plugin: RAMCFG
2025-09-30 14:34:31,451 [INFO] BlockDiagram:2775 - set Specific Code input for plugin: RCC
2025-09-30 14:34:31,451 [INFO] BlockDiagram:2775 - set Specific Code input for plugin: CORTEX_M55_FSBL
2025-09-30 14:34:31,451 [INFO] BlockDiagram:2775 - set Specific Code input for plugin: XSPIM
2025-09-30 14:34:31,451 [INFO] BlockDiagram:2775 - set Specific Code input for plugin: STMicroelectronics.X-CUBE-AI.10.2.0
2025-09-30 14:34:31,451 [INFO] BlockDiagram:2775 - set Specific Code input for plugin: XSPI
2025-09-30 14:34:31,451 [INFO] BlockDiagram:2775 - set Specific Code input for plugin: NUCLEO-N657X0-Q
2025-09-30 14:34:31,451 [INFO] BlockDiagram:2775 - set Specific Code input for plugin: TIM1_8N6
2025-09-30 14:34:31,451 [INFO] BlockDiagram:2775 - set Specific Code input for plugin: CACHEAXI
2025-09-30 14:34:31,451 [INFO] BlockDiagram:2775 - set Specific Code input for plugin: BSEC
2025-09-30 14:34:31,451 [INFO] BlockDiagram:2775 - set Specific Code input for plugin: LPUART
2025-09-30 14:34:31,451 [INFO] BlockDiagram:2775 - set Specific Code input for plugin: NVIC
2025-09-30 14:34:31,452 [INFO] BlockDiagram:2775 - set Specific Code input for plugin: GPIO
2025-09-30 14:34:31,452 [INFO] BlockDiagram:2775 - set Specific Code input for plugin: RIF
2025-09-30 14:34:31,452 [INFO] BlockDiagram:2775 - set Specific Code input for plugin: NVIC1
2025-09-30 14:34:31,454 [INFO] CodeGenerator:892 - code generatio: config db path: C:\ST\STM32CubeIDE_1.19.0\STM32CubeIDE\plugins\com.st.stm32cube.common.mx_6.15.0.202507011659\\db\
2025-09-30 14:34:31,470 [WARN] IP:2250 - RefParam_XIP_memory not found: check if there is a RefParameter without a condition.
2025-09-30 14:34:31,471 [WARN] IP:2250 - RefParam_MEMORY_1_Size not found: check if there is a RefParameter without a condition.
2025-09-30 14:34:31,471 [WARN] IP:2250 - RefParam_MEMORY_1_FreqMax not found: check if there is a RefParameter without a condition.
2025-09-30 14:34:31,471 [WARN] IP:2250 - RefParam_MEMORY_1_ReadReg not found: check if there is a RefParameter without a condition.
2025-09-30 14:34:31,471 [WARN] IP:2250 - RefParam_MEMORY_1_WriteReg not found: check if there is a RefParameter without a condition.
2025-09-30 14:34:31,471 [WARN] IP:2250 - RefParam_MEMORY_1_RegSize not found: check if there is a RefParameter without a condition.
2025-09-30 14:34:31,471 [WARN] IP:2250 - RefParam_MEMORY_1_RegDummyCycle not found: check if there is a RefParameter without a condition.
2025-09-30 14:34:31,471 [WARN] IP:2250 - RefParam_MEMORY_1_WriteCommand not found: check if there is a RefParameter without a condition.
2025-09-30 14:34:31,471 [WARN] IP:2250 - RefParam_MEMORY_1_WriteDummyCycle not found: check if there is a RefParameter without a condition.
2025-09-30 14:34:31,471 [WARN] IP:2250 - RefParam_MEMORY_1_ReadCommand not found: check if there is a RefParameter without a condition.
2025-09-30 14:34:31,471 [WARN] IP:2250 - RefParam_MEMORY_1_WrapReadCommand not found: check if there is a RefParameter without a condition.
2025-09-30 14:34:31,471 [WARN] IP:2250 - RefParam_MEMORY_1_ReadDummyCycle not found: check if there is a RefParameter without a condition.
2025-09-30 14:34:31,471 [WARN] IP:2250 - RefParam_MEMORY_1_NumberOfConfig not found: check if there is a RefParameter without a condition.
2025-09-30 14:34:31,472 [WARN] IP:2250 - RefParam_MEMORY_1_Config1_WriteMask not found: check if there is a RefParameter without a condition.
2025-09-30 14:34:31,472 [WARN] IP:2250 - RefParam_MEMORY_1_Config1_WriteValue not found: check if there is a RefParameter without a condition.
2025-09-30 14:34:31,472 [WARN] IP:2250 - RefParam_MEMORY_1_Config1_RegAddress not found: check if there is a RefParameter without a condition.
2025-09-30 14:34:31,472 [WARN] IP:2250 - RefParam_MEMORY_1_Config2_WriteMask not found: check if there is a RefParameter without a condition.
2025-09-30 14:34:31,472 [WARN] IP:2250 - RefParam_MEMORY_1_Config2_WriteValue not found: check if there is a RefParameter without a condition.
2025-09-30 14:34:31,472 [WARN] IP:2250 - RefParam_MEMORY_1_Config2_RegAddress not found: check if there is a RefParameter without a condition.
2025-09-30 14:34:31,472 [WARN] IP:2250 - RefParam_MEMORY_1_Config3_WriteMask not found: check if there is a RefParameter without a condition.
2025-09-30 14:34:31,472 [WARN] IP:2250 - RefParam_MEMORY_1_Config3_WriteValue not found: check if there is a RefParameter without a condition.
2025-09-30 14:34:31,472 [WARN] IP:2250 - RefParam_MEMORY_1_Config3_RegAddress not found: check if there is a RefParameter without a condition.
2025-09-30 14:34:31,472 [WARN] IP:2250 - RefParam_MEMORY_2_Instance not found: check if there is a RefParameter without a condition.
2025-09-30 14:34:31,472 [WARN] IP:2250 - RefParam_MEMORY_2_ConfigType not found: check if there is a RefParameter without a condition.
2025-09-30 14:34:31,472 [WARN] IP:2250 - RefParam_MEMORY_2_Size not found: check if there is a RefParameter without a condition.
2025-09-30 14:34:31,472 [WARN] IP:2250 - RefParam_MEMORY_2_FreqMax not found: check if there is a RefParameter without a condition.
2025-09-30 14:34:31,472 [WARN] IP:2250 - RefParam_MEMORY_2_ReadReg not found: check if there is a RefParameter without a condition.
2025-09-30 14:34:31,472 [WARN] IP:2250 - RefParam_MEMORY_2_WriteReg not found: check if there is a RefParameter without a condition.
2025-09-30 14:34:31,472 [WARN] IP:2250 - RefParam_MEMORY_2_RegSize not found: check if there is a RefParameter without a condition.
2025-09-30 14:34:31,472 [WARN] IP:2250 - RefParam_MEMORY_2_RegDummyCycle not found: check if there is a RefParameter without a condition.
2025-09-30 14:34:31,472 [WARN] IP:2250 - RefParam_MEMORY_2_WriteCommand not found: check if there is a RefParameter without a condition.
2025-09-30 14:34:31,472 [WARN] IP:2250 - RefParam_MEMORY_2_WriteDummyCycle not found: check if there is a RefParameter without a condition.
2025-09-30 14:34:31,472 [WARN] IP:2250 - RefParam_MEMORY_2_ReadCommand not found: check if there is a RefParameter without a condition.
2025-09-30 14:34:31,472 [WARN] IP:2250 - RefParam_MEMORY_2_WrapReadCommand not found: check if there is a RefParameter without a condition.
2025-09-30 14:34:31,472 [WARN] IP:2250 - RefParam_MEMORY_2_ReadDummyCycle not found: check if there is a RefParameter without a condition.
2025-09-30 14:34:31,472 [WARN] IP:2250 - RefParam_MEMORY_2_NumberOfConfig not found: check if there is a RefParameter without a condition.
2025-09-30 14:34:31,472 [WARN] IP:2250 - RefParam_MEMORY_2_Config1_WriteMask not found: check if there is a RefParameter without a condition.
2025-09-30 14:34:31,472 [WARN] IP:2250 - RefParam_MEMORY_2_Config1_WriteValue not found: check if there is a RefParameter without a condition.
2025-09-30 14:34:31,472 [WARN] IP:2250 - RefParam_MEMORY_2_Config1_RegAddress not found: check if there is a RefParameter without a condition.
2025-09-30 14:34:31,472 [WARN] IP:2250 - RefParam_MEMORY_2_Config2_WriteMask not found: check if there is a RefParameter without a condition.
2025-09-30 14:34:31,472 [WARN] IP:2250 - RefParam_MEMORY_2_Config2_WriteValue not found: check if there is a RefParameter without a condition.
2025-09-30 14:34:31,472 [WARN] IP:2250 - RefParam_MEMORY_2_Config2_RegAddress not found: check if there is a RefParameter without a condition.
2025-09-30 14:34:31,473 [WARN] IP:2250 - RefParam_MEMORY_2_Config3_WriteMask not found: check if there is a RefParameter without a condition.
2025-09-30 14:34:31,473 [WARN] IP:2250 - RefParam_MEMORY_2_Config3_WriteValue not found: check if there is a RefParameter without a condition.
2025-09-30 14:34:31,473 [WARN] IP:2250 - RefParam_MEMORY_2_Config3_RegAddress not found: check if there is a RefParameter without a condition.
2025-09-30 14:34:31,599 [INFO] Middleware:1452 - No code input for Bsp Dependency
2025-09-30 14:34:31,601 [INFO] Middleware:1452 - No code input for Bsp Dependency
2025-09-30 14:34:31,602 [INFO] Middleware:1452 - No code input for Bsp Dependency
2025-09-30 14:34:31,603 [INFO] Middleware:1452 - No code input for Bsp Dependency
2025-09-30 14:34:31,604 [INFO] Middleware:1452 - No code input for Bsp Dependency
2025-09-30 14:34:31,604 [INFO] IP:3329 - RTE Config file name : RTE_Component
2025-09-30 14:34:31,605 [INFO] IP:3347 - RTE template : RTE_Components.ftl
2025-09-30 14:34:31,606 [INFO] Middleware:1452 - No code input for Bsp Dependency
2025-09-30 14:34:31,607 [INFO] Middleware:1452 - No code input for Bsp Dependency
2025-09-30 14:34:31,608 [INFO] Middleware:1452 - No code input for Bsp Dependency
2025-09-30 14:34:31,609 [INFO] CodeGenerator:1619 - *******************Project context FSBL selected
2025-09-30 14:34:31,664 [INFO] CodeEngine:265 - oldGeneratedFile, C:\ST\AB_LSTM\AB_LSTM\MXTmpFiles\license.tmp_save
2025-09-30 14:34:31,917 [INFO] CodeEngine:289 - Generated code: C:\ST\AB_LSTM\AB_LSTM\MXTmpFiles\license.tmp
2025-09-30 14:34:31,982 [INFO] CodeEngine:265 - oldGeneratedFile, C:\ST\AB_LSTM\AB_LSTM\FSBL\MXTmpFiles\gpio.tmp_save
2025-09-30 14:34:32,140 [INFO] CodeEngine:289 - Generated code: C:\ST\AB_LSTM\AB_LSTM\FSBL\MXTmpFiles\gpio.tmp
2025-09-30 14:34:32,347 [WARN] IPConfigManager:103 - WARNING: Missing Config File for XSPIM ip!!
2025-09-30 14:34:32,427 [INFO] Middleware:1452 - No code input for Bsp Dependency
2025-09-30 14:34:32,439 [INFO] CodeEngine:265 - oldGeneratedFile, C:\ST\AB_LSTM\AB_LSTM\FSBL\MXTmpFiles\boot_code.tmp_save
2025-09-30 14:34:32,621 [INFO] CodeEngine:289 - Generated code: C:\ST\AB_LSTM\AB_LSTM\FSBL\MXTmpFiles\boot_code.tmp
2025-09-30 14:34:32,672 [INFO] CodeEngine:265 - oldGeneratedFile, C:\ST\AB_LSTM\AB_LSTM\FSBL\MXTmpFiles\cortex.tmp_save
2025-09-30 14:34:32,811 [INFO] CodeEngine:289 - Generated code: C:\ST\AB_LSTM\AB_LSTM\FSBL\MXTmpFiles\cortex.tmp
2025-09-30 14:34:32,825 [INFO] Middleware:1452 - No code input for Bsp Dependency
2025-09-30 14:34:32,835 [INFO] CodeEngine:265 - oldGeneratedFile, C:\ST\AB_LSTM\AB_LSTM\FSBL\Core\Inc\extmem_manager.h_save
2025-09-30 14:34:32,966 [INFO] CodeEngine:289 - Generated code: C:\ST\AB_LSTM\AB_LSTM\FSBL\Core\Inc\extmem_manager.h
2025-09-30 14:34:32,974 [INFO] CodeEngine:265 - oldGeneratedFile, C:\ST\AB_LSTM\AB_LSTM\FSBL\Core\Src\extmem_manager.c_save
2025-09-30 14:34:33,084 [INFO] CodeEngine:289 - Generated code: C:\ST\AB_LSTM\AB_LSTM\FSBL\Core\Src\extmem_manager.c
2025-09-30 14:34:33,092 [INFO] CodeEngine:265 - oldGeneratedFile, C:\ST\AB_LSTM\AB_LSTM\FSBL\Core\Inc\stm32_extmem_conf.h_save
2025-09-30 14:34:33,207 [INFO] CodeEngine:289 - Generated code: C:\ST\AB_LSTM\AB_LSTM\FSBL\Core\Inc\stm32_extmem_conf.h
2025-09-30 14:34:33,215 [INFO] CodeEngine:265 - oldGeneratedFile, C:\ST\AB_LSTM\AB_LSTM\FSBL\MXTmpFiles\boot_code.tmp_save
2025-09-30 14:34:33,256 [INFO] CodeEngine:289 - Generated code: C:\ST\AB_LSTM\AB_LSTM\FSBL\MXTmpFiles\boot_code.tmp
2025-09-30 14:34:33,287 [INFO] CodeEngine:265 - oldGeneratedFile, C:\ST\AB_LSTM\AB_LSTM\FSBL\Core\Src\stm32n6xx_it.c_save
2025-09-30 14:34:33,489 [INFO] CodeEngine:289 - Generated code: C:\ST\AB_LSTM\AB_LSTM\FSBL\Core\Src\stm32n6xx_it.c
2025-09-30 14:34:33,496 [INFO] CodeEngine:265 - oldGeneratedFile, C:\ST\AB_LSTM\AB_LSTM\FSBL\Core\Inc\stm32n6xx_it.h_save
2025-09-30 14:34:33,571 [INFO] CodeEngine:289 - Generated code: C:\ST\AB_LSTM\AB_LSTM\FSBL\Core\Inc\stm32n6xx_it.h
2025-09-30 14:34:33,695 [INFO] CodeEngine:265 - oldGeneratedFile, C:\ST\AB_LSTM\AB_LSTM\FSBL\Core\Src\stm32n6xx_hal_msp.c_save
2025-09-30 14:34:33,900 [INFO] CodeEngine:289 - Generated code: C:\ST\AB_LSTM\AB_LSTM\FSBL\Core\Src\stm32n6xx_hal_msp.c
2025-09-30 14:34:33,915 [INFO] CodeEngine:265 - oldGeneratedFile, C:\ST\AB_LSTM\AB_LSTM\FSBL\MXTmpFiles\system.tmp_save
2025-09-30 14:34:33,975 [INFO] CodeEngine:289 - Generated code: C:\ST\AB_LSTM\AB_LSTM\FSBL\MXTmpFiles\system.tmp
2025-09-30 14:34:34,000 [INFO] CodeEngine:321 - oldGeneratedFile, C:\ST\AB_LSTM\AB_LSTM\FSBL\Core\Inc\stm32n6xx_hal_conf.h_save
2025-09-30 14:34:34,138 [INFO] CodeEngine:345 - Generated code: C:\ST\AB_LSTM\AB_LSTM\FSBL\Core\Inc\stm32n6xx_hal_conf.h
2025-09-30 14:34:34,159 [WARN] IPConfigManager:3238 - Warning: the RefConfig RCC_ConfigVoltageScaling is not available in your config.xml file
2025-09-30 14:34:34,167 [WARN] IPConfigManager:3238 - Warning: the RefConfig RCC_RTC_HSEDIV is not available in your config.xml file
2025-09-30 14:34:34,174 [ERROR] ApiDbMcu:560 - Cannot parse XSPIM_Config file : file do not exist
2025-09-30 14:34:34,191 [INFO] CodeEngine:265 - oldGeneratedFile, C:\ST\AB_LSTM\AB_LSTM\FSBL\Core\Inc\main.h_save
2025-09-30 14:34:34,340 [INFO] CodeEngine:289 - Generated code: C:\ST\AB_LSTM\AB_LSTM\FSBL\Core\Inc\main.h
2025-09-30 14:34:34,350 [INFO] CodeEngine:265 - oldGeneratedFile, C:\ST\AB_LSTM\AB_LSTM\FSBL\Core\Src\main.c_save
2025-09-30 14:34:34,515 [INFO] CodeEngine:289 - Generated code: C:\ST\AB_LSTM\AB_LSTM\FSBL\Core\Src\main.c
2025-09-30 14:34:34,577 [INFO] CodeGenerator:1619 - *******************Project context Appli selected
2025-09-30 14:34:34,622 [INFO] IP:3329 - RTE Config file name : RTE_Component
2025-09-30 14:34:34,622 [INFO] IP:3347 - RTE template : RTE_Components.ftl
2025-09-30 14:34:34,635 [INFO] CodeEngine:265 - oldGeneratedFile, C:\ST\AB_LSTM\AB_LSTM\MXTmpFiles\license.tmp_save
2025-09-30 14:34:34,760 [INFO] CodeEngine:289 - Generated code: C:\ST\AB_LSTM\AB_LSTM\MXTmpFiles\license.tmp
2025-09-30 14:34:34,798 [INFO] CodeEngine:265 - oldGeneratedFile, C:\ST\AB_LSTM\AB_LSTM\Appli\MXTmpFiles\gpio.tmp_save
2025-09-30 14:34:34,906 [INFO] CodeEngine:289 - Generated code: C:\ST\AB_LSTM\AB_LSTM\Appli\MXTmpFiles\gpio.tmp
2025-09-30 14:34:35,004 [WARN] IPConfigManager:103 - WARNING: Missing Config File for NVIC ip!!
2025-09-30 14:34:35,109 [INFO] Middleware:1452 - No code input for Bsp Dependency
2025-09-30 14:34:35,109 [INFO] Middleware:1452 - No code input for Bsp Dependency
2025-09-30 14:34:35,110 [INFO] IP:3329 - RTE Config file name : RTE_Component
2025-09-30 14:34:35,110 [INFO] IP:3347 - RTE template : RTE_Components.ftl
2025-09-30 14:34:35,120 [INFO] CodeEngine:265 - oldGeneratedFile, C:\ST\AB_LSTM\AB_LSTM\Appli\MXTmpFiles\cortex.tmp_save
2025-09-30 14:34:35,202 [INFO] CodeEngine:289 - Generated code: C:\ST\AB_LSTM\AB_LSTM\Appli\MXTmpFiles\cortex.tmp
2025-09-30 14:34:35,239 [INFO] CodeEngine:265 - oldGeneratedFile, C:\ST\AB_LSTM\AB_LSTM\Appli\Core\Inc\stm32n6xx_nucleo_conf.h_save
2025-09-30 14:34:35,361 [INFO] CodeEngine:289 - Generated code: C:\ST\AB_LSTM\AB_LSTM\Appli\Core\Inc\stm32n6xx_nucleo_conf.h
2025-09-30 14:34:35,367 [INFO] CodeEngine:265 - oldGeneratedFile, C:\ST\AB_LSTM\AB_LSTM\Appli\MXTmpFiles\bsp_inc.tmp_save
2025-09-30 14:34:35,428 [INFO] CodeEngine:289 - Generated code: C:\ST\AB_LSTM\AB_LSTM\Appli\MXTmpFiles\bsp_inc.tmp
2025-09-30 14:34:35,441 [INFO] CodeEngine:265 - oldGeneratedFile, C:\ST\AB_LSTM\AB_LSTM\Appli\MXTmpFiles\bsp_common_vars.tmp_save
2025-09-30 14:34:35,490 [INFO] CodeEngine:289 - Generated code: C:\ST\AB_LSTM\AB_LSTM\Appli\MXTmpFiles\bsp_common_vars.tmp
2025-09-30 14:34:35,495 [INFO] CodeEngine:265 - oldGeneratedFile, C:\ST\AB_LSTM\AB_LSTM\Appli\MXTmpFiles\bsp_common_init.tmp_save
2025-09-30 14:34:35,551 [INFO] CodeEngine:289 - Generated code: C:\ST\AB_LSTM\AB_LSTM\Appli\MXTmpFiles\bsp_common_init.tmp
2025-09-30 14:34:35,565 [INFO] CodeEngine:265 - oldGeneratedFile, C:\ST\AB_LSTM\AB_LSTM\Appli\MXTmpFiles\bsp_common_demo_before_while.tmp_save
2025-09-30 14:34:35,612 [INFO] CodeEngine:289 - Generated code: C:\ST\AB_LSTM\AB_LSTM\Appli\MXTmpFiles\bsp_common_demo_before_while.tmp
2025-09-30 14:34:35,616 [INFO] CodeEngine:265 - oldGeneratedFile, C:\ST\AB_LSTM\AB_LSTM\Appli\MXTmpFiles\bsp_common_demo_inside_while.tmp_save
2025-09-30 14:34:35,662 [INFO] CodeEngine:289 - Generated code: C:\ST\AB_LSTM\AB_LSTM\Appli\MXTmpFiles\bsp_common_demo_inside_while.tmp
2025-09-30 14:34:35,666 [INFO] CodeEngine:265 - oldGeneratedFile, C:\ST\AB_LSTM\AB_LSTM\Appli\MXTmpFiles\bsp_common_demo_fct.tmp_save
2025-09-30 14:34:35,714 [INFO] CodeEngine:289 - Generated code: C:\ST\AB_LSTM\AB_LSTM\Appli\MXTmpFiles\bsp_common_demo_fct.tmp
2025-09-30 14:34:35,718 [INFO] Middleware:1452 - No code input for Bsp Dependency
2025-09-30 14:34:35,718 [INFO] Middleware:1452 - No code input for Bsp Dependency
2025-09-30 14:34:35,719 [INFO] IP:3329 - RTE Config file name : RTE_Component
2025-09-30 14:34:35,719 [INFO] IP:3347 - RTE template : RTE_Components.ftl
2025-09-30 14:34:35,729 [INFO] CodeEngine:265 - oldGeneratedFile, C:\ST\AB_LSTM\AB_LSTM\Appli\X-CUBE-AI\App\app_x-cube-ai.h_save
2025-09-30 14:34:35,856 [INFO] CodeEngine:289 - Generated code: C:\ST\AB_LSTM\AB_LSTM\Appli\X-CUBE-AI\App\app_x-cube-ai.h
2025-09-30 14:34:35,869 [INFO] CodeEngine:265 - oldGeneratedFile, C:\ST\AB_LSTM\AB_LSTM\Appli\X-CUBE-AI\constants_ai.h_save
2025-09-30 14:34:35,943 [INFO] CodeEngine:289 - Generated code: C:\ST\AB_LSTM\AB_LSTM\Appli\X-CUBE-AI\constants_ai.h
2025-09-30 14:34:35,950 [INFO] CodeEngine:265 - oldGeneratedFile, C:\ST\AB_LSTM\AB_LSTM\Appli\X-CUBE-AI\App\app_x-cube-ai.c_save
2025-09-30 14:34:36,042 [INFO] CodeEngine:289 - Generated code: C:\ST\AB_LSTM\AB_LSTM\Appli\X-CUBE-AI\App\app_x-cube-ai.c
2025-09-30 14:34:36,081 [INFO] CodeEngine:265 - oldGeneratedFile, C:\ST\AB_LSTM\AB_LSTM\Appli\Core\Src\stm32n6xx_it.c_save
2025-09-30 14:34:36,242 [INFO] CodeEngine:289 - Generated code: C:\ST\AB_LSTM\AB_LSTM\Appli\Core\Src\stm32n6xx_it.c
2025-09-30 14:34:36,256 [INFO] CodeEngine:265 - oldGeneratedFile, C:\ST\AB_LSTM\AB_LSTM\Appli\Core\Inc\stm32n6xx_it.h_save
2025-09-30 14:34:36,316 [INFO] CodeEngine:289 - Generated code: C:\ST\AB_LSTM\AB_LSTM\Appli\Core\Inc\stm32n6xx_it.h
2025-09-30 14:34:36,319 [INFO] IP:3329 - RTE Config file name : RTE_Component
2025-09-30 14:34:36,319 [INFO] IP:3347 - RTE template : RTE_Components.ftl
2025-09-30 14:34:36,320 [INFO] CodeGenerator:2312 - Add RTE Code Input 
2025-09-30 14:34:36,328 [INFO] CodeEngine:265 - oldGeneratedFile, C:\ST\AB_LSTM\AB_LSTM\Appli\Core\Inc\RTE_Components.h_save
2025-09-30 14:34:36,428 [INFO] CodeEngine:289 - Generated code: C:\ST\AB_LSTM\AB_LSTM\Appli\Core\Inc\RTE_Components.h
2025-09-30 14:34:36,436 [INFO] CodeEngine:265 - oldGeneratedFile, C:\ST\AB_LSTM\AB_LSTM\Appli\MXTmpFiles\RIFInit.tmp_save
2025-09-30 14:34:36,517 [INFO] CodeEngine:289 - Generated code: C:\ST\AB_LSTM\AB_LSTM\Appli\MXTmpFiles\RIFInit.tmp
2025-09-30 14:34:36,587 [INFO] CodeEngine:265 - oldGeneratedFile, C:\ST\AB_LSTM\AB_LSTM\Appli\Core\Src\stm32n6xx_hal_msp.c_save
2025-09-30 14:34:36,701 [INFO] CodeEngine:289 - Generated code: C:\ST\AB_LSTM\AB_LSTM\Appli\Core\Src\stm32n6xx_hal_msp.c
2025-09-30 14:34:36,704 [INFO] CodeEngine:265 - oldGeneratedFile, C:\ST\AB_LSTM\AB_LSTM\Appli\MXTmpFiles\system.tmp_save
2025-09-30 14:34:36,734 [INFO] CodeEngine:289 - Generated code: C:\ST\AB_LSTM\AB_LSTM\Appli\MXTmpFiles\system.tmp
2025-09-30 14:34:36,745 [INFO] CodeEngine:321 - oldGeneratedFile, C:\ST\AB_LSTM\AB_LSTM\Appli\Core\Inc\stm32n6xx_hal_conf.h_save
2025-09-30 14:34:36,842 [INFO] CodeEngine:345 - Generated code: C:\ST\AB_LSTM\AB_LSTM\Appli\Core\Inc\stm32n6xx_hal_conf.h
2025-09-30 14:34:36,855 [WARN] IPConfigManager:3238 - Warning: the RefConfig RCC_ConfigVoltageScaling is not available in your config.xml file
2025-09-30 14:34:36,857 [WARN] IPConfigManager:3238 - Warning: the RefConfig RCC_RTC_HSEDIV is not available in your config.xml file
2025-09-30 14:34:36,867 [WARN] IPConfigManager:3811 - IP not found : TIM
2025-09-30 14:34:36,868 [WARN] CodeGenerator:4259 - IP not found : null
2025-09-30 14:34:36,876 [INFO] CodeEngine:265 - oldGeneratedFile, C:\ST\AB_LSTM\AB_LSTM\Appli\Core\Inc\main.h_save
2025-09-30 14:34:36,984 [INFO] CodeEngine:289 - Generated code: C:\ST\AB_LSTM\AB_LSTM\Appli\Core\Inc\main.h
2025-09-30 14:34:36,994 [INFO] CodeEngine:265 - oldGeneratedFile, C:\ST\AB_LSTM\AB_LSTM\Appli\Core\Src\main.c_save
2025-09-30 14:34:37,103 [INFO] CodeEngine:289 - Generated code: C:\ST\AB_LSTM\AB_LSTM\Appli\Core\Src\main.c
2025-09-30 14:34:37,115 [INFO] CodeEngine:265 - oldGeneratedFile, C:\ST\AB_LSTM\AB_LSTM\Appli\Core\Src\secure_nsc.c_save
2025-09-30 14:34:37,211 [INFO] CodeEngine:289 - Generated code: C:\ST\AB_LSTM\AB_LSTM\Appli\Core\Src\secure_nsc.c
2025-09-30 14:34:37,216 [INFO] CodeEngine:265 - oldGeneratedFile, C:\ST\AB_LSTM\AB_LSTM\Appli\Core\Inc\partition_stm32n657xx.h_save
2025-09-30 14:34:37,307 [INFO] CodeEngine:289 - Generated code: C:\ST\AB_LSTM\AB_LSTM\Appli\Core\Inc\partition_stm32n657xx.h
2025-09-30 14:34:37,317 [INFO] CodeEngine:265 - oldGeneratedFile, C:\ST\AB_LSTM\AB_LSTM\Secure_nsclib\secure_nsc.h_save
2025-09-30 14:34:37,419 [INFO] CodeEngine:289 - Generated code: C:\ST\AB_LSTM\AB_LSTM\Secure_nsclib\secure_nsc.h
2025-09-30 14:34:37,534 [INFO] CodeGenerator:1707 - *******************Project context ExtMemLoader Not selected
2025-09-30 14:34:38,485 [INFO] AInterface:322 - ModelName:network; files:[C:\Users\ZOJOLDRI\OneDrive - Carl Zeiss AG\Dokumente\Zeiss\SMT\Bachelor\AB Encoder Model\AB_Encoder_Synthetic_Data\lstm_ab_encoder.h5]; type:Keras; compression:None
2025-09-30 14:34:38,485 [INFO] AInterface:526 - workspaceTempDir: C:/Users/ZOJOLDRI/AppData/Local/Temp/mxAI_workspace10911872749415002358323452990381984
2025-09-30 14:34:38,485 [INFO] AInterface:1176 - Setting Env: C:/Users/ZOJOLDRI/STM32Cube/Repository/Packs/STMicroelectronics/X-CUBE-AI/10.2.0/Utilities/windows
2025-09-30 14:34:38,493 [INFO] STM32CubeIDEBuilder:265 - Looking for gnu-tools-for-stm32 tools/bin/arm-none-eabi-gcc.exe in C:\ST\STM32CubeIDE_1.19.0\STM32CubeIDE
2025-09-30 14:34:38,495 [INFO] STM32CubeIDEBuilder:294 - checking C:\ST\STM32CubeIDE_1.19.0\STM32CubeIDE\plugins\com.st.stm32cube.ide.mcu.externaltools.gnu-tools-for-stm32.13.3.rel1.win32_1.0.0.202411081344\tools\bin\arm-none-eabi-gcc.exe
2025-09-30 14:34:38,495 [INFO] STM32CubeIDEBuilder:297 - ret=C:\ST\STM32CubeIDE_1.19.0\STM32CubeIDE\plugins\com.st.stm32cube.ide.mcu.externaltools.gnu-tools-for-stm32.13.3.rel1.win32_1.0.0.202411081344\tools\bin\arm-none-eabi-gcc.exe
2025-09-30 14:34:38,496 [INFO] STM32CubeIDEBuilder:311 - returning C:\ST\STM32CubeIDE_1.19.0\STM32CubeIDE\plugins\com.st.stm32cube.ide.mcu.externaltools.gnu-tools-for-stm32.13.3.rel1.win32_1.0.0.202411081344\tools\bin\arm-none-eabi-gcc.exe
2025-09-30 14:34:38,496 [INFO] AInterface:1233 - Custom PATH variable: C:/Users/ZOJOLDRI/STM32Cube/Repository/Packs/STMicroelectronics/X-CUBE-AI/10.2.0/Utilities/windows;C:/Users/ZOJOLDRI/STM32Cube/Repository/Packs/STMicroelectronics/X-CUBE-AI/10.2.0/Utilities/windows/mingw64/bin;C:/Users/ZOJOLDRI/STM32Cube/Repository/Packs/STMicroelectronics/X-CUBE-AI/10.2.0/Utilities/windows/mingw64/libexec/gcc/x86_64-w64-mingw32/7.3.0;;C:\ST\STM32CubeIDE_1.19.0\STM32CubeIDE\plugins\com.st.stm32cube.ide.mcu.externaltools.gnu-tools-for-stm32.13.3.rel1.win32_1.0.0.202411081344\tools\bin
2025-09-30 14:34:38,499 [INFO] CmdLine:115 - Command: C:/Users/ZOJOLDRI/STM32Cube/Repository/Packs/STMicroelectronics/X-CUBE-AI/10.2.0/Utilities/windows/stedgeai.exe generate --target stm32n6 --name network -m C:/Users/ZOJOLDRI/OneDrive - Carl Zeiss AG/Dokumente/Zeiss/SMT/Bachelor/AB Encoder Model/AB_Encoder_Synthetic_Data/lstm_ab_encoder.h5 --compression none --verbosity 1 -O time --workspace C:/Users/ZOJOLDRI/AppData/Local/Temp/mxAI_workspace10911872749415002358323452990381984 --output C:/Users/ZOJOLDRI/.stm32cubemx/network_output
2025-09-30 14:34:38,500 [INFO] AIModelDetailledView:2380 - Analysis status: pending
2025-09-30 14:34:39,116 [INFO] CmdLine:76 - ST Edge AI Core v2.2.0-20266 2adc00962
2025-09-30 14:34:44,039 [INFO] CmdLine:76 - Creating c (debug) info json file C:\Users\ZOJOLDRI\.stm32cubemx\network_output\network_c_info.json
2025-09-30 14:34:44,063 [INFO] CmdLine:76 -  
2025-09-30 14:34:44,064 [INFO] CmdLine:76 -  Exec/report summary (generate)
2025-09-30 14:34:44,064 [INFO] CmdLine:76 -  ---------------------------------------------------------------------------------------------------------------------------------------------------------------
2025-09-30 14:34:44,064 [INFO] CmdLine:76 -  model file         :   C:\Users\ZOJOLDRI\OneDrive - Carl Zeiss AG\Dokumente\Zeiss\SMT\Bachelor\AB Encoder Model\AB_Encoder_Synthetic_Data\lstm_ab_encoder.h5   
2025-09-30 14:34:44,064 [INFO] CmdLine:76 -  type               :   keras                                                                                                                                   
2025-09-30 14:34:44,064 [INFO] CmdLine:76 -  c_name             :   network                                                                                                                                 
2025-09-30 14:34:44,064 [INFO] CmdLine:76 -  compression        :   none                                                                                                                                    
2025-09-30 14:34:44,065 [INFO] CmdLine:76 -  options            :   allocate-inputs, allocate-outputs                                                                                                       
2025-09-30 14:34:44,065 [INFO] CmdLine:76 -  optimization       :   time                                                                                                                                    
2025-09-30 14:34:44,065 [INFO] CmdLine:76 -  target/series      :   stm32n6                                                                                                                                 
2025-09-30 14:34:44,065 [INFO] CmdLine:76 -  workspace dir      :   C:\Users\ZOJOLDRI\AppData\Local\Temp\mxAI_workspace10911872749415002358323452990381984                                                  
2025-09-30 14:34:44,065 [INFO] CmdLine:76 -  output dir         :   C:\Users\ZOJOLDRI\.stm32cubemx\network_output                                                                                           
2025-09-30 14:34:44,066 [INFO] CmdLine:76 -  model_fmt          :   float                                                                                                                                   
2025-09-30 14:34:44,066 [INFO] CmdLine:76 -  model_name         :   lstm_ab_encoder                                                                                                                         
2025-09-30 14:34:44,066 [INFO] CmdLine:76 -  model_hash         :   0x4fc4ddae9b35993639e06fef6ce6af52                                                                                                      
2025-09-30 14:34:44,066 [INFO] CmdLine:76 -  params #           :   3,587 items (14.01 KiB)                                                                                                                 
2025-09-30 14:34:44,066 [INFO] CmdLine:76 -  ---------------------------------------------------------------------------------------------------------------------------------------------------------------
2025-09-30 14:34:44,066 [INFO] CmdLine:76 -  input 1/1          :   'input_0', f32(1x20x10), 800 Bytes, activations                                                                                         
2025-09-30 14:34:44,066 [INFO] CmdLine:76 -  output 1/1         :   'output', f32(1x3), 12 Bytes, activations                                                                                               
2025-09-30 14:34:44,066 [INFO] CmdLine:76 -  macc               :   67,960                                                                                                                                  
2025-09-30 14:34:44,066 [INFO] CmdLine:76 -  weights (ro)       :   14,636 B (14.29 KiB) (1 segment) / +288(+2.0%) vs float model                                                                           
2025-09-30 14:34:44,067 [INFO] CmdLine:76 -  activations (rw)   :   1,568 B (1.53 KiB) (1 segment) *                                                                                                        
2025-09-30 14:34:44,067 [INFO] CmdLine:76 -  ram (total)        :   1,568 B (1.53 KiB) = 1,568 + 0 + 0                                                                                                      
2025-09-30 14:34:44,067 [INFO] CmdLine:76 -  ---------------------------------------------------------------------------------------------------------------------------------------------------------------
2025-09-30 14:34:44,067 [INFO] CmdLine:76 -  (*) 'input'/'output' buffers are allocated in the activations buffer
2025-09-30 14:34:44,068 [INFO] CmdLine:76 - Computing AI RT data/code size (target=stm32n6)..
2025-09-30 14:34:45,941 [INFO] CmdLine:76 -  Requested memory size by section - "stm32n6" target
2025-09-30 14:34:45,942 [INFO] CmdLine:76 -  ------------------------------- -------- -------- ------- -------
2025-09-30 14:34:45,942 [INFO] CmdLine:76 -  module                              text   rodata    data     bss
2025-09-30 14:34:45,942 [INFO] CmdLine:76 -  ------------------------------- -------- -------- ------- -------
2025-09-30 14:34:45,942 [INFO] CmdLine:76 -  NetworkRuntime1020_CM55_GCC.a     15,800       32       0       0
2025-09-30 14:34:45,943 [INFO] CmdLine:76 -  network.o                            596       40   1,888     136
2025-09-30 14:34:45,943 [INFO] CmdLine:76 -  network_data.o                        48       16      88       0
2025-09-30 14:34:45,943 [INFO] CmdLine:76 -  lib (toolchain)*                   1,132      340       0       0
2025-09-30 14:34:45,943 [INFO] CmdLine:76 -  ------------------------------- -------- -------- ------- -------
2025-09-30 14:34:45,943 [INFO] CmdLine:76 -  RT total**                        17,576      428   1,976     136
2025-09-30 14:34:45,943 [INFO] CmdLine:76 -  ------------------------------- -------- -------- ------- -------
2025-09-30 14:34:45,943 [INFO] CmdLine:76 -  weights                                0   14,640       0       0
2025-09-30 14:34:45,943 [INFO] CmdLine:76 -  activations                            0        0       0   1,568
2025-09-30 14:34:45,943 [INFO] CmdLine:76 -  io                                     0        0       0       0
2025-09-30 14:34:45,943 [INFO] CmdLine:76 -  ------------------------------- -------- -------- ------- -------
2025-09-30 14:34:45,943 [INFO] CmdLine:76 -  TOTAL                             17,576   15,068   1,976   1,704
2025-09-30 14:34:45,945 [INFO] CmdLine:76 -  ------------------------------- -------- -------- ------- -------
2025-09-30 14:34:45,945 [INFO] CmdLine:76 -  *  toolchain objects (libm/libgcc*)
2025-09-30 14:34:45,945 [INFO] CmdLine:76 -  ** RT AI runtime objects (kernels+infrastructure)
2025-09-30 14:34:45,945 [INFO] CmdLine:76 -   Summary - "stm32n6" target
2025-09-30 14:34:45,945 [INFO] CmdLine:76 -   ---------------------------------------------------
2025-09-30 14:34:45,945 [INFO] CmdLine:76 -                FLASH (ro)      %*   RAM (rw)       %
2025-09-30 14:34:45,945 [INFO] CmdLine:76 -   ---------------------------------------------------
2025-09-30 14:34:45,945 [INFO] CmdLine:76 -   RT total         19,980   57.7%      2,112   57.4%
2025-09-30 14:34:45,945 [INFO] CmdLine:76 -   ---------------------------------------------------
2025-09-30 14:34:45,945 [INFO] CmdLine:76 -   TOTAL            34,620              3,680
2025-09-30 14:34:45,945 [INFO] CmdLine:76 -   ---------------------------------------------------
2025-09-30 14:34:45,945 [INFO] CmdLine:76 -   *  rt/total
2025-09-30 14:34:45,945 [INFO] CmdLine:76 -  Generated files (7)
2025-09-30 14:34:45,945 [INFO] CmdLine:76 -  ---------------------------------------------------------------------
2025-09-30 14:34:45,945 [INFO] CmdLine:76 -  C:\Users\ZOJOLDRI\.stm32cubemx\network_output\network_data_params.h
2025-09-30 14:34:45,945 [INFO] CmdLine:76 -  C:\Users\ZOJOLDRI\.stm32cubemx\network_output\network_data_params.c
2025-09-30 14:34:45,945 [INFO] CmdLine:76 -  C:\Users\ZOJOLDRI\.stm32cubemx\network_output\network_data.h
2025-09-30 14:34:45,946 [INFO] CmdLine:76 -  C:\Users\ZOJOLDRI\.stm32cubemx\network_output\network_data.c
2025-09-30 14:34:45,946 [INFO] CmdLine:76 -  C:\Users\ZOJOLDRI\.stm32cubemx\network_output\network_config.h
2025-09-30 14:34:45,946 [INFO] CmdLine:76 -  C:\Users\ZOJOLDRI\.stm32cubemx\network_output\network.h
2025-09-30 14:34:45,946 [INFO] CmdLine:76 -  C:\Users\ZOJOLDRI\.stm32cubemx\network_output\network.c
2025-09-30 14:34:45,946 [INFO] CmdLine:76 - Creating txt report file C:\Users\ZOJOLDRI\.stm32cubemx\network_output\network_generate_report.txt
2025-09-30 14:34:48,852 [INFO] CmdLine:76 - elapsed time (generate): 9.736s
2025-09-30 14:34:49,202 [INFO] CmdLine:148 - stedgeai exit with status: 0
2025-09-30 14:34:49,215 [INFO] AIModelDetailledView:2380 - Analysis status: done
2025-09-30 14:34:50,281 [INFO] ProjectBuilder:3606 - Time for Copy HAL[1] : 431mS.
2025-09-30 14:34:50,282 [ERROR] Middleware:2950 - Invalid RefComponent list
2025-09-30 14:34:50,282 [ERROR] Middleware:2950 - Invalid RefComponent list
2025-09-30 14:34:50,282 [ERROR] Middleware:2950 - Invalid RefComponent list
2025-09-30 14:34:50,282 [ERROR] Middleware:2950 - Invalid RefComponent list
2025-09-30 14:34:50,282 [ERROR] Middleware:2950 - Invalid RefComponent list
2025-09-30 14:34:50,282 [ERROR] Middleware:2950 - Invalid RefComponent list
2025-09-30 14:34:50,282 [ERROR] Middleware:2950 - Invalid RefComponent list
2025-09-30 14:34:50,282 [ERROR] Middleware:2950 - Invalid RefComponent list
2025-09-30 14:34:50,282 [ERROR] Middleware:2950 - Invalid RefComponent list
2025-09-30 14:34:50,282 [ERROR] Middleware:2950 - Invalid RefComponent list
2025-09-30 14:34:50,282 [ERROR] Middleware:2950 - Invalid RefComponent list
2025-09-30 14:34:50,282 [ERROR] Middleware:2950 - Invalid RefComponent list
2025-09-30 14:34:50,282 [ERROR] Middleware:2950 - Invalid RefComponent list
2025-09-30 14:34:50,282 [ERROR] Middleware:2950 - Invalid RefComponent list
2025-09-30 14:34:50,282 [ERROR] Middleware:2950 - Invalid RefComponent list
2025-09-30 14:34:50,282 [ERROR] Middleware:2950 - Invalid RefComponent list
2025-09-30 14:34:50,282 [ERROR] Middleware:2950 - Invalid RefComponent list
2025-09-30 14:34:50,282 [ERROR] Middleware:2950 - Invalid RefComponent list
2025-09-30 14:34:50,282 [ERROR] Middleware:2950 - Invalid RefComponent list
2025-09-30 14:34:50,282 [ERROR] Middleware:2950 - Invalid RefComponent list
2025-09-30 14:34:50,282 [ERROR] Middleware:2950 - Invalid RefComponent list
2025-09-30 14:34:50,282 [ERROR] Middleware:2950 - Invalid RefComponent list
2025-09-30 14:34:50,282 [ERROR] Middleware:2950 - Invalid RefComponent list
2025-09-30 14:34:50,282 [ERROR] Middleware:2950 - Invalid RefComponent list
2025-09-30 14:34:50,282 [ERROR] Middleware:2950 - Invalid RefComponent list
2025-09-30 14:34:50,282 [ERROR] Middleware:2950 - Invalid RefComponent list
2025-09-30 14:34:50,282 [ERROR] Middleware:2950 - Invalid RefComponent list
2025-09-30 14:34:50,282 [ERROR] Middleware:2950 - Invalid RefComponent list
2025-09-30 14:34:50,282 [ERROR] Middleware:2950 - Invalid RefComponent list
2025-09-30 14:34:50,282 [ERROR] Middleware:2950 - Invalid RefComponent list
2025-09-30 14:34:50,282 [ERROR] Middleware:2950 - Invalid RefComponent list
2025-09-30 14:34:50,282 [ERROR] Middleware:2950 - Invalid RefComponent list
2025-09-30 14:34:50,282 [ERROR] Middleware:2950 - Invalid RefComponent list
2025-09-30 14:34:50,282 [ERROR] Middleware:2950 - Invalid RefComponent list
2025-09-30 14:34:50,282 [ERROR] Middleware:2950 - Invalid RefComponent list
2025-09-30 14:34:50,283 [ERROR] Middleware:2950 - Invalid RefComponent list
2025-09-30 14:34:50,283 [ERROR] Middleware:2950 - Invalid RefComponent list
2025-09-30 14:34:50,283 [ERROR] Middleware:2950 - Invalid RefComponent list
2025-09-30 14:34:50,283 [ERROR] Middleware:2950 - Invalid RefComponent list
2025-09-30 14:34:50,283 [ERROR] Middleware:2950 - Invalid RefComponent list
2025-09-30 14:34:50,283 [ERROR] Middleware:2950 - Invalid RefComponent list
2025-09-30 14:34:50,283 [ERROR] Middleware:2950 - Invalid RefComponent list
2025-09-30 14:34:50,283 [ERROR] Middleware:2950 - Invalid RefComponent list
2025-09-30 14:34:50,283 [ERROR] Middleware:2950 - Invalid RefComponent list
2025-09-30 14:34:50,283 [ERROR] Middleware:2950 - Invalid RefComponent list
2025-09-30 14:34:50,283 [ERROR] Middleware:2950 - Invalid RefComponent list
2025-09-30 14:34:50,283 [ERROR] Middleware:2950 - Invalid RefComponent list
2025-09-30 14:34:50,283 [ERROR] Middleware:2950 - Invalid RefComponent list
2025-09-30 14:34:50,283 [ERROR] Middleware:2950 - Invalid RefComponent list
2025-09-30 14:34:50,283 [ERROR] Middleware:2950 - Invalid RefComponent list
2025-09-30 14:34:50,283 [ERROR] Middleware:2950 - Invalid RefComponent list
2025-09-30 14:34:50,283 [ERROR] Middleware:2950 - Invalid RefComponent list
2025-09-30 14:34:50,283 [ERROR] Middleware:2950 - Invalid RefComponent list
2025-09-30 14:34:50,283 [ERROR] Middleware:2950 - Invalid RefComponent list
2025-09-30 14:34:50,283 [ERROR] Middleware:2950 - Invalid RefComponent list
2025-09-30 14:34:50,283 [ERROR] Middleware:2950 - Invalid RefComponent list
2025-09-30 14:34:50,283 [ERROR] Middleware:2950 - Invalid RefComponent list
2025-09-30 14:34:50,283 [ERROR] Middleware:2950 - Invalid RefComponent list
2025-09-30 14:34:50,283 [ERROR] Middleware:2950 - Invalid RefComponent list
2025-09-30 14:34:50,283 [ERROR] Middleware:2950 - Invalid RefComponent list
2025-09-30 14:34:50,283 [ERROR] Middleware:2950 - Invalid RefComponent list
2025-09-30 14:34:50,283 [ERROR] Middleware:2950 - Invalid RefComponent list
2025-09-30 14:34:50,283 [ERROR] Middleware:2950 - Invalid RefComponent list
2025-09-30 14:34:50,283 [ERROR] Middleware:2950 - Invalid RefComponent list
2025-09-30 14:34:50,283 [ERROR] Middleware:2950 - Invalid RefComponent list
2025-09-30 14:34:50,283 [ERROR] Middleware:2950 - Invalid RefComponent list
2025-09-30 14:34:50,283 [ERROR] Middleware:2950 - Invalid RefComponent list
2025-09-30 14:34:50,283 [ERROR] Middleware:2950 - Invalid RefComponent list
2025-09-30 14:34:50,283 [ERROR] Middleware:2950 - Invalid RefComponent list
2025-09-30 14:34:50,283 [ERROR] Middleware:2950 - Invalid RefComponent list
2025-09-30 14:34:50,300 [INFO] ProjectBuilder:5216 - Project Generator version: 4.7.0-B52
2025-09-30 14:34:50,356 [INFO] ConfigFileManager:1595 - The Die is : DIE486
2025-09-30 14:35:01,999 [INFO] ProjectBuilder:5056 - Time for Generating toolchain IDE Files: 11699mS.
2025-09-30 14:35:02,002 [INFO] ProjectBuilder:3463 - Time for Copy CMSIS : 1mS.
2025-09-30 14:35:02,011 [INFO] ProjectBuilder:3463 - Time for Copy CMSIS : 0mS.
2025-09-30 15:05:05,073 [INFO] AIModelDetailledView:2380 - Analysis status: -
2025-09-30 15:05:06,730 [INFO] AInterface:259 - ModelName:network; files:[C:\Users\ZOJOLDRI\OneDrive - Carl Zeiss AG\Dokumente\Zeiss\SMT\Bachelor\AB Encoder Model\AB_Encoder_Synthetic_Data\lstm_ab_encoder.h5]; type:Keras; compression:None
2025-09-30 15:05:06,731 [INFO] AInterface:526 - workspaceTempDir: C:/Users/ZOJOLDRI/AppData/Local/Temp/mxAI_workspace109301552126679910536175707259035468
2025-09-30 15:05:06,731 [INFO] AInterface:1176 - Setting Env: C:/Users/ZOJOLDRI/STM32Cube/Repository/Packs/STMicroelectronics/X-CUBE-AI/10.2.0/Utilities/windows
2025-09-30 15:05:06,740 [INFO] STM32CubeIDEBuilder:265 - Looking for gnu-tools-for-stm32 tools/bin/arm-none-eabi-gcc.exe in C:\ST\STM32CubeIDE_1.19.0\STM32CubeIDE
2025-09-30 15:05:06,742 [INFO] STM32CubeIDEBuilder:294 - checking C:\ST\STM32CubeIDE_1.19.0\STM32CubeIDE\plugins\com.st.stm32cube.ide.mcu.externaltools.gnu-tools-for-stm32.13.3.rel1.win32_1.0.0.202411081344\tools\bin\arm-none-eabi-gcc.exe
2025-09-30 15:05:06,743 [INFO] STM32CubeIDEBuilder:297 - ret=C:\ST\STM32CubeIDE_1.19.0\STM32CubeIDE\plugins\com.st.stm32cube.ide.mcu.externaltools.gnu-tools-for-stm32.13.3.rel1.win32_1.0.0.202411081344\tools\bin\arm-none-eabi-gcc.exe
2025-09-30 15:05:06,743 [INFO] STM32CubeIDEBuilder:311 - returning C:\ST\STM32CubeIDE_1.19.0\STM32CubeIDE\plugins\com.st.stm32cube.ide.mcu.externaltools.gnu-tools-for-stm32.13.3.rel1.win32_1.0.0.202411081344\tools\bin\arm-none-eabi-gcc.exe
2025-09-30 15:05:06,744 [INFO] AInterface:1233 - Custom PATH variable: C:/Users/ZOJOLDRI/STM32Cube/Repository/Packs/STMicroelectronics/X-CUBE-AI/10.2.0/Utilities/windows;C:/Users/ZOJOLDRI/STM32Cube/Repository/Packs/STMicroelectronics/X-CUBE-AI/10.2.0/Utilities/windows/mingw64/bin;C:/Users/ZOJOLDRI/STM32Cube/Repository/Packs/STMicroelectronics/X-CUBE-AI/10.2.0/Utilities/windows/mingw64/libexec/gcc/x86_64-w64-mingw32/7.3.0;;C:\ST\STM32CubeIDE_1.19.0\STM32CubeIDE\plugins\com.st.stm32cube.ide.mcu.externaltools.gnu-tools-for-stm32.13.3.rel1.win32_1.0.0.202411081344\tools\bin
2025-09-30 15:05:06,748 [INFO] CmdLine:115 - Command: C:/Users/ZOJOLDRI/STM32Cube/Repository/Packs/STMicroelectronics/X-CUBE-AI/10.2.0/Utilities/windows/stedgeai.exe analyze --target stm32n6 --name network -m C:/Users/ZOJOLDRI/OneDrive - Carl Zeiss AG/Dokumente/Zeiss/SMT/Bachelor/AB Encoder Model/AB_Encoder_Synthetic_Data/lstm_ab_encoder.h5 --compression none --verbosity 1 -O time --workspace C:/Users/ZOJOLDRI/AppData/Local/Temp/mxAI_workspace109301552126679910536175707259035468 --output C:/Users/ZOJOLDRI/.stm32cubemx/network_output
2025-09-30 15:05:06,761 [INFO] AIModelDetailledView:2380 - Analysis status: pending
2025-09-30 15:05:14,434 [INFO] CmdLine:76 - ST Edge AI Core v2.2.0-20266 2adc00962
2025-09-30 15:06:18,217 [INFO] CmdLine:76 - Creating c (debug) info json file C:\Users\ZOJOLDRI\.stm32cubemx\network_output\network_c_info.json
2025-09-30 15:06:18,247 [INFO] CmdLine:76 -  
2025-09-30 15:06:18,247 [INFO] CmdLine:76 -  Exec/report summary (analyze)
2025-09-30 15:06:18,248 [INFO] CmdLine:76 -  ---------------------------------------------------------------------------------------------------------------------------------------------------------------
2025-09-30 15:06:18,248 [INFO] CmdLine:76 -  model file         :   C:\Users\ZOJOLDRI\OneDrive - Carl Zeiss AG\Dokumente\Zeiss\SMT\Bachelor\AB Encoder Model\AB_Encoder_Synthetic_Data\lstm_ab_encoder.h5   
2025-09-30 15:06:18,248 [INFO] CmdLine:76 -  type               :   keras                                                                                                                                   
2025-09-30 15:06:18,248 [INFO] CmdLine:76 -  c_name             :   network                                                                                                                                 
2025-09-30 15:06:18,248 [INFO] CmdLine:76 -  compression        :   none                                                                                                                                    
2025-09-30 15:06:18,249 [INFO] CmdLine:76 -  options            :   allocate-inputs, allocate-outputs                                                                                                       
2025-09-30 15:06:18,249 [INFO] CmdLine:76 -  optimization       :   time                                                                                                                                    
2025-09-30 15:06:18,249 [INFO] CmdLine:76 -  target/series      :   stm32n6                                                                                                                                 
2025-09-30 15:06:18,249 [INFO] CmdLine:76 -  workspace dir      :   C:\Users\ZOJOLDRI\AppData\Local\Temp\mxAI_workspace109301552126679910536175707259035468                                                 
2025-09-30 15:06:18,249 [INFO] CmdLine:76 -  output dir         :   C:\Users\ZOJOLDRI\.stm32cubemx\network_output                                                                                           
2025-09-30 15:06:18,249 [INFO] CmdLine:76 -  model_fmt          :   float                                                                                                                                   
2025-09-30 15:06:18,250 [INFO] CmdLine:76 -  model_name         :   lstm_ab_encoder                                                                                                                         
2025-09-30 15:06:18,250 [INFO] CmdLine:76 -  model_hash         :   0x1284f9998314b297b858c1d8a9d76cc5                                                                                                      
2025-09-30 15:06:18,250 [INFO] CmdLine:76 -  params #           :   3,587 items (14.01 KiB)                                                                                                                 
2025-09-30 15:06:18,250 [INFO] CmdLine:76 -  ---------------------------------------------------------------------------------------------------------------------------------------------------------------
2025-09-30 15:06:18,250 [INFO] CmdLine:76 -  input 1/1          :   'input_0', f32(1x20x10), 800 Bytes, activations                                                                                         
2025-09-30 15:06:18,251 [INFO] CmdLine:76 -  output 1/1         :   'output', f32(1x3), 12 Bytes, activations                                                                                               
2025-09-30 15:06:18,251 [INFO] CmdLine:76 -  macc               :   67,960                                                                                                                                  
2025-09-30 15:06:18,251 [INFO] CmdLine:76 -  weights (ro)       :   14,636 B (14.29 KiB) (1 segment) / +288(+2.0%) vs float model                                                                           
2025-09-30 15:06:18,251 [INFO] CmdLine:76 -  activations (rw)   :   1,568 B (1.53 KiB) (1 segment) *                                                                                                        
2025-09-30 15:06:18,251 [INFO] CmdLine:76 -  ram (total)        :   1,568 B (1.53 KiB) = 1,568 + 0 + 0                                                                                                      
2025-09-30 15:06:18,251 [INFO] CmdLine:76 -  ---------------------------------------------------------------------------------------------------------------------------------------------------------------
2025-09-30 15:06:18,252 [INFO] CmdLine:76 -  (*) 'input'/'output' buffers are allocated in the activations buffer
2025-09-30 15:06:18,252 [INFO] CmdLine:76 - Computing AI RT data/code size (target=stm32n6)..
2025-09-30 15:06:22,089 [INFO] CmdLine:76 -  Model name - lstm_ab_encoder
2025-09-30 15:06:22,090 [INFO] CmdLine:76 -  ------ ----------------------- ----------------- -------------- -------- ---------------
2025-09-30 15:06:22,091 [INFO] CmdLine:76 -  m_id   layer (original)        oshape            param/size         macc    connected to
2025-09-30 15:06:22,091 [INFO] CmdLine:76 -  ------ ----------------------- ----------------- -------------- -------- ---------------
2025-09-30 15:06:22,093 [INFO] CmdLine:76 -  0      input_0 (None)          [b:1,h:20,c:10]
2025-09-30 15:06:22,093 [INFO] CmdLine:76 -         lstm_1 (LSTM)           [b:1,c:24]        3,360/13,440     67,680         input_0
2025-09-30 15:06:22,094 [INFO] CmdLine:76 -  ------ ----------------------- ----------------- -------------- -------- ---------------
2025-09-30 15:06:22,094 [INFO] CmdLine:76 -  2      dense_1_dense (Dense)   [b:1,c:8]         200/800             200          lstm_1
2025-09-30 15:06:22,095 [INFO] CmdLine:76 -         dense_1 (Dense)         [b:1,c:8]                               8   dense_1_dense
2025-09-30 15:06:22,095 [INFO] CmdLine:76 -  ------ ----------------------- ----------------- -------------- -------- ---------------
2025-09-30 15:06:22,096 [INFO] CmdLine:76 -  3      output_dense (Dense)    [b:1,c:3]         27/108               27         dense_1
2025-09-30 15:06:22,096 [INFO] CmdLine:76 -         output (Dense)          [b:1,c:3]                              45    output_dense
2025-09-30 15:06:22,096 [INFO] CmdLine:76 -  ------ ----------------------- ----------------- -------------- -------- ---------------
2025-09-30 15:06:22,096 [INFO] CmdLine:76 -  model: macc=67,960 weights=14,348 activations=-- io=--
2025-09-30 15:06:22,097 [INFO] CmdLine:76 -  Number of operations per c-layer
2025-09-30 15:06:22,097 [INFO] CmdLine:76 -  ------- ------ ------------------------ -------- --------------
2025-09-30 15:06:22,097 [INFO] CmdLine:76 -  c_id    m_id   name (type)                   #op           type
2025-09-30 15:06:22,097 [INFO] CmdLine:76 -  ------- ------ ------------------------ -------- --------------
2025-09-30 15:06:22,097 [INFO] CmdLine:76 -  0       0      lstm_1 (LSTM)              67,680   smul_f32_f32
2025-09-30 15:06:22,097 [INFO] CmdLine:76 -  1       2      dense_1_dense (Dense)         200   smul_f32_f32
2025-09-30 15:06:22,097 [INFO] CmdLine:76 -  2       2      dense_1 (Nonlinearity)          8     op_f32_f32
2025-09-30 15:06:22,098 [INFO] CmdLine:76 -  3       3      output_dense (Dense)           27   smul_f32_f32
2025-09-30 15:06:22,100 [INFO] CmdLine:76 -  4       3      output (Nonlinearity)          45     op_f32_f32
2025-09-30 15:06:22,102 [INFO] CmdLine:76 -  ------- ------ ------------------------ -------- --------------
2025-09-30 15:06:22,103 [INFO] CmdLine:76 -  total                                     67,960
2025-09-30 15:06:22,103 [INFO] CmdLine:76 -  Number of operation types
2025-09-30 15:06:22,103 [INFO] CmdLine:76 -  ---------------- -------- -----------
2025-09-30 15:06:22,103 [INFO] CmdLine:76 -  operation type          #           %
2025-09-30 15:06:22,104 [INFO] CmdLine:76 -  ---------------- -------- -----------
2025-09-30 15:06:22,104 [INFO] CmdLine:76 -  smul_f32_f32       67,907       99.9%
2025-09-30 15:06:22,104 [INFO] CmdLine:76 -  op_f32_f32             53        0.1%
2025-09-30 15:06:22,104 [INFO] CmdLine:76 -  Complexity report (model)
2025-09-30 15:06:22,104 [INFO] CmdLine:76 -  ------ --------------- ------------------------- ------------------------- --------
2025-09-30 15:06:22,105 [INFO] CmdLine:76 -  m_id   name            c_macc                    c_rom                     c_id
2025-09-30 15:06:22,105 [INFO] CmdLine:76 -  ------ --------------- ------------------------- ------------------------- --------
2025-09-30 15:06:22,105 [INFO] CmdLine:76 -  0      input_0         ||||||||||||||||  99.6%   ||||||||||||||||  93.8%   [0]
2025-09-30 15:06:22,105 [INFO] CmdLine:76 -  2      dense_1_dense   |                  0.3%   |                  5.5%   [1, 2]
2025-09-30 15:06:22,105 [INFO] CmdLine:76 -  3      output_dense    |                  0.1%   |                  0.7%   [3, 4]
2025-09-30 15:06:22,105 [INFO] CmdLine:76 -  ------ --------------- ------------------------- ------------------------- --------
2025-09-30 15:06:22,106 [INFO] CmdLine:76 -  macc=67,960 weights=14,636 act=1,568 ram_io=0
2025-09-30 15:06:22,106 [INFO] CmdLine:76 -  Requested memory size by section - "stm32n6" target
2025-09-30 15:06:22,106 [INFO] CmdLine:76 -  ------------------------------- -------- -------- ------- -------
2025-09-30 15:06:22,106 [INFO] CmdLine:76 -  module                              text   rodata    data     bss
2025-09-30 15:06:22,106 [INFO] CmdLine:76 -  ------------------------------- -------- -------- ------- -------
2025-09-30 15:06:22,107 [INFO] CmdLine:76 -  NetworkRuntime1020_CM55_GCC.a     15,800       32       0       0
2025-09-30 15:06:22,107 [INFO] CmdLine:76 -  network.o                            596       40   1,888     136
2025-09-30 15:06:22,107 [INFO] CmdLine:76 -  network_data.o                        48       16      88       0
2025-09-30 15:06:22,107 [INFO] CmdLine:76 -  lib (toolchain)*                   1,132      340       0       0
2025-09-30 15:06:22,107 [INFO] CmdLine:76 -  ------------------------------- -------- -------- ------- -------
2025-09-30 15:06:22,108 [INFO] CmdLine:76 -  RT total**                        17,576      428   1,976     136
2025-09-30 15:06:22,108 [INFO] CmdLine:76 -  ------------------------------- -------- -------- ------- -------
2025-09-30 15:06:22,108 [INFO] CmdLine:76 -  weights                                0   14,640       0       0
2025-09-30 15:06:22,108 [INFO] CmdLine:76 -  activations                            0        0       0   1,568
2025-09-30 15:06:22,109 [INFO] CmdLine:76 -  io                                     0        0       0       0
2025-09-30 15:06:22,109 [INFO] CmdLine:76 -  ------------------------------- -------- -------- ------- -------
2025-09-30 15:06:22,109 [INFO] CmdLine:76 -  TOTAL                             17,576   15,068   1,976   1,704
2025-09-30 15:06:22,109 [INFO] CmdLine:76 -  ------------------------------- -------- -------- ------- -------
2025-09-30 15:06:22,109 [INFO] CmdLine:76 -  *  toolchain objects (libm/libgcc*)
2025-09-30 15:06:22,109 [INFO] CmdLine:76 -  ** RT AI runtime objects (kernels+infrastructure)
2025-09-30 15:06:22,110 [INFO] CmdLine:76 -   Summary - "stm32n6" target
2025-09-30 15:06:22,110 [INFO] CmdLine:76 -   ---------------------------------------------------
2025-09-30 15:06:22,111 [INFO] CmdLine:76 -                FLASH (ro)      %*   RAM (rw)       %
2025-09-30 15:06:22,111 [INFO] CmdLine:76 -   ---------------------------------------------------
2025-09-30 15:06:22,112 [INFO] CmdLine:76 -   RT total         19,980   57.7%      2,112   57.4%
2025-09-30 15:06:22,112 [INFO] CmdLine:76 -   ---------------------------------------------------
2025-09-30 15:06:22,112 [INFO] CmdLine:76 -   TOTAL            34,620              3,680
2025-09-30 15:06:22,113 [INFO] CmdLine:76 -   ---------------------------------------------------
2025-09-30 15:06:22,113 [INFO] CmdLine:76 -   *  rt/total
2025-09-30 15:06:22,113 [INFO] CmdLine:76 - Creating txt report file C:\Users\ZOJOLDRI\.stm32cubemx\network_output\network_analyze_report.txt
2025-09-30 15:06:24,317 [INFO] CmdLine:76 - elapsed time (analyze): 69.883s
2025-09-30 15:06:24,697 [INFO] CmdLine:148 - stedgeai exit with status: 0
2025-09-30 15:06:24,717 [INFO] AIModelDetailledView:1184 - Model file:      lstm_ab_encoder.h5
2025-09-30 15:06:24,717 [INFO] AIModelDetailledView:1184 - Total Flash:     34616 B (33.80 KiB)
2025-09-30 15:06:24,719 [INFO] AIModelDetailledView:1184 -     Weights:     14636 B (14.29 KiB)
2025-09-30 15:06:24,720 [INFO] AIModelDetailledView:1184 -     Library:     19980 B (19.51 KiB)
2025-09-30 15:06:24,721 [INFO] AIModelDetailledView:1184 - Total Ram:       3680 B (3.59 KiB)
2025-09-30 15:06:24,721 [INFO] AIModelDetailledView:1184 -     Activations: 1568 B (1.53 KiB)
2025-09-30 15:06:24,721 [INFO] AIModelDetailledView:1184 -     Library:     2112 B (2.06 KiB)
2025-09-30 15:06:24,722 [INFO] AIModelDetailledView:1184 -     Input:       800 B (included in Activations)
2025-09-30 15:06:24,722 [INFO] AIModelDetailledView:1184 -     Output:      12 B (included in Activations)
2025-09-30 15:06:24,722 [INFO] AIModelDetailledView:1184 - Done
2025-09-30 15:06:24,722 [INFO] AIModelDetailledView:2715 - Analyze complete on AI model
2025-09-30 15:06:24,726 [INFO] AIModelDetailledView:2380 - Analysis status: done
2025-09-30 15:06:33,529 [INFO] UtilMem:75 - End SaveConfig() Used Memory: 784934888 Bytes (1073741824)
2025-09-30 15:06:34,623 [ERROR] IocParser:95 - Exception caught: null
2025-09-30 15:06:34,951 [INFO] BlockDiagram:2775 - set Specific Code input for plugin: EXTMEM_MANAGER
2025-09-30 15:06:34,951 [INFO] BlockDiagram:2775 - set Specific Code input for plugin: RAMCFG
2025-09-30 15:06:34,951 [INFO] BlockDiagram:2775 - set Specific Code input for plugin: RCC
2025-09-30 15:06:34,951 [INFO] BlockDiagram:2775 - set Specific Code input for plugin: CORTEX_M55_FSBL
2025-09-30 15:06:34,951 [INFO] BlockDiagram:2775 - set Specific Code input for plugin: XSPIM
2025-09-30 15:06:34,951 [INFO] BlockDiagram:2775 - set Specific Code input for plugin: STMicroelectronics.X-CUBE-AI.10.2.0
2025-09-30 15:06:34,951 [INFO] BlockDiagram:2775 - set Specific Code input for plugin: XSPI
2025-09-30 15:06:34,951 [INFO] BlockDiagram:2775 - set Specific Code input for plugin: NUCLEO-N657X0-Q
2025-09-30 15:06:34,952 [INFO] BlockDiagram:2775 - set Specific Code input for plugin: TIM1_8N6
2025-09-30 15:06:34,952 [INFO] BlockDiagram:2775 - set Specific Code input for plugin: CACHEAXI
2025-09-30 15:06:34,952 [INFO] BlockDiagram:2775 - set Specific Code input for plugin: BSEC
2025-09-30 15:06:34,952 [INFO] BlockDiagram:2775 - set Specific Code input for plugin: LPUART
2025-09-30 15:06:34,952 [INFO] BlockDiagram:2775 - set Specific Code input for plugin: NVIC
2025-09-30 15:06:34,952 [INFO] BlockDiagram:2775 - set Specific Code input for plugin: GPIO
2025-09-30 15:06:34,953 [INFO] BlockDiagram:2775 - set Specific Code input for plugin: RIF
2025-09-30 15:06:34,953 [INFO] BlockDiagram:2775 - set Specific Code input for plugin: NVIC1
2025-09-30 15:06:34,956 [INFO] CodeGenerator:892 - code generatio: config db path: C:\ST\STM32CubeIDE_1.19.0\STM32CubeIDE\plugins\com.st.stm32cube.common.mx_6.15.0.202507011659\\db\
2025-09-30 15:06:34,980 [WARN] IP:2250 - RefParam_XIP_memory not found: check if there is a RefParameter without a condition.
2025-09-30 15:06:34,980 [WARN] IP:2250 - RefParam_MEMORY_1_Size not found: check if there is a RefParameter without a condition.
2025-09-30 15:06:34,980 [WARN] IP:2250 - RefParam_MEMORY_1_FreqMax not found: check if there is a RefParameter without a condition.
2025-09-30 15:06:34,980 [WARN] IP:2250 - RefParam_MEMORY_1_ReadReg not found: check if there is a RefParameter without a condition.
2025-09-30 15:06:34,980 [WARN] IP:2250 - RefParam_MEMORY_1_WriteReg not found: check if there is a RefParameter without a condition.
2025-09-30 15:06:34,980 [WARN] IP:2250 - RefParam_MEMORY_1_RegSize not found: check if there is a RefParameter without a condition.
2025-09-30 15:06:34,980 [WARN] IP:2250 - RefParam_MEMORY_1_RegDummyCycle not found: check if there is a RefParameter without a condition.
2025-09-30 15:06:34,981 [WARN] IP:2250 - RefParam_MEMORY_1_WriteCommand not found: check if there is a RefParameter without a condition.
2025-09-30 15:06:34,981 [WARN] IP:2250 - RefParam_MEMORY_1_WriteDummyCycle not found: check if there is a RefParameter without a condition.
2025-09-30 15:06:34,981 [WARN] IP:2250 - RefParam_MEMORY_1_ReadCommand not found: check if there is a RefParameter without a condition.
2025-09-30 15:06:34,981 [WARN] IP:2250 - RefParam_MEMORY_1_WrapReadCommand not found: check if there is a RefParameter without a condition.
2025-09-30 15:06:34,981 [WARN] IP:2250 - RefParam_MEMORY_1_ReadDummyCycle not found: check if there is a RefParameter without a condition.
2025-09-30 15:06:34,981 [WARN] IP:2250 - RefParam_MEMORY_1_NumberOfConfig not found: check if there is a RefParameter without a condition.
2025-09-30 15:06:34,981 [WARN] IP:2250 - RefParam_MEMORY_1_Config1_WriteMask not found: check if there is a RefParameter without a condition.
2025-09-30 15:06:34,981 [WARN] IP:2250 - RefParam_MEMORY_1_Config1_WriteValue not found: check if there is a RefParameter without a condition.
2025-09-30 15:06:34,981 [WARN] IP:2250 - RefParam_MEMORY_1_Config1_RegAddress not found: check if there is a RefParameter without a condition.
2025-09-30 15:06:34,981 [WARN] IP:2250 - RefParam_MEMORY_1_Config2_WriteMask not found: check if there is a RefParameter without a condition.
2025-09-30 15:06:34,981 [WARN] IP:2250 - RefParam_MEMORY_1_Config2_WriteValue not found: check if there is a RefParameter without a condition.
2025-09-30 15:06:34,981 [WARN] IP:2250 - RefParam_MEMORY_1_Config2_RegAddress not found: check if there is a RefParameter without a condition.
2025-09-30 15:06:34,981 [WARN] IP:2250 - RefParam_MEMORY_1_Config3_WriteMask not found: check if there is a RefParameter without a condition.
2025-09-30 15:06:34,981 [WARN] IP:2250 - RefParam_MEMORY_1_Config3_WriteValue not found: check if there is a RefParameter without a condition.
2025-09-30 15:06:34,981 [WARN] IP:2250 - RefParam_MEMORY_1_Config3_RegAddress not found: check if there is a RefParameter without a condition.
2025-09-30 15:06:34,981 [WARN] IP:2250 - RefParam_MEMORY_2_Instance not found: check if there is a RefParameter without a condition.
2025-09-30 15:06:34,981 [WARN] IP:2250 - RefParam_MEMORY_2_ConfigType not found: check if there is a RefParameter without a condition.
2025-09-30 15:06:34,981 [WARN] IP:2250 - RefParam_MEMORY_2_Size not found: check if there is a RefParameter without a condition.
2025-09-30 15:06:34,981 [WARN] IP:2250 - RefParam_MEMORY_2_FreqMax not found: check if there is a RefParameter without a condition.
2025-09-30 15:06:34,981 [WARN] IP:2250 - RefParam_MEMORY_2_ReadReg not found: check if there is a RefParameter without a condition.
2025-09-30 15:06:34,981 [WARN] IP:2250 - RefParam_MEMORY_2_WriteReg not found: check if there is a RefParameter without a condition.
2025-09-30 15:06:34,981 [WARN] IP:2250 - RefParam_MEMORY_2_RegSize not found: check if there is a RefParameter without a condition.
2025-09-30 15:06:34,981 [WARN] IP:2250 - RefParam_MEMORY_2_RegDummyCycle not found: check if there is a RefParameter without a condition.
2025-09-30 15:06:34,981 [WARN] IP:2250 - RefParam_MEMORY_2_WriteCommand not found: check if there is a RefParameter without a condition.
2025-09-30 15:06:34,981 [WARN] IP:2250 - RefParam_MEMORY_2_WriteDummyCycle not found: check if there is a RefParameter without a condition.
2025-09-30 15:06:34,982 [WARN] IP:2250 - RefParam_MEMORY_2_ReadCommand not found: check if there is a RefParameter without a condition.
2025-09-30 15:06:34,982 [WARN] IP:2250 - RefParam_MEMORY_2_WrapReadCommand not found: check if there is a RefParameter without a condition.
2025-09-30 15:06:34,982 [WARN] IP:2250 - RefParam_MEMORY_2_ReadDummyCycle not found: check if there is a RefParameter without a condition.
2025-09-30 15:06:34,982 [WARN] IP:2250 - RefParam_MEMORY_2_NumberOfConfig not found: check if there is a RefParameter without a condition.
2025-09-30 15:06:34,982 [WARN] IP:2250 - RefParam_MEMORY_2_Config1_WriteMask not found: check if there is a RefParameter without a condition.
2025-09-30 15:06:34,982 [WARN] IP:2250 - RefParam_MEMORY_2_Config1_WriteValue not found: check if there is a RefParameter without a condition.
2025-09-30 15:06:34,982 [WARN] IP:2250 - RefParam_MEMORY_2_Config1_RegAddress not found: check if there is a RefParameter without a condition.
2025-09-30 15:06:34,982 [WARN] IP:2250 - RefParam_MEMORY_2_Config2_WriteMask not found: check if there is a RefParameter without a condition.
2025-09-30 15:06:34,982 [WARN] IP:2250 - RefParam_MEMORY_2_Config2_WriteValue not found: check if there is a RefParameter without a condition.
2025-09-30 15:06:34,982 [WARN] IP:2250 - RefParam_MEMORY_2_Config2_RegAddress not found: check if there is a RefParameter without a condition.
2025-09-30 15:06:34,982 [WARN] IP:2250 - RefParam_MEMORY_2_Config3_WriteMask not found: check if there is a RefParameter without a condition.
2025-09-30 15:06:34,982 [WARN] IP:2250 - RefParam_MEMORY_2_Config3_WriteValue not found: check if there is a RefParameter without a condition.
2025-09-30 15:06:34,982 [WARN] IP:2250 - RefParam_MEMORY_2_Config3_RegAddress not found: check if there is a RefParameter without a condition.
2025-09-30 15:06:35,120 [INFO] Middleware:1452 - No code input for Bsp Dependency
2025-09-30 15:06:35,124 [INFO] Middleware:1452 - No code input for Bsp Dependency
2025-09-30 15:06:35,126 [INFO] Middleware:1452 - No code input for Bsp Dependency
2025-09-30 15:06:35,127 [INFO] Middleware:1452 - No code input for Bsp Dependency
2025-09-30 15:06:35,127 [INFO] Middleware:1452 - No code input for Bsp Dependency
2025-09-30 15:06:35,127 [INFO] IP:3329 - RTE Config file name : RTE_Component
2025-09-30 15:06:35,127 [INFO] IP:3347 - RTE template : RTE_Components.ftl
2025-09-30 15:06:35,129 [INFO] Middleware:1452 - No code input for Bsp Dependency
2025-09-30 15:06:35,130 [INFO] Middleware:1452 - No code input for Bsp Dependency
2025-09-30 15:06:35,131 [INFO] Middleware:1452 - No code input for Bsp Dependency
2025-09-30 15:06:35,131 [INFO] CodeGenerator:1619 - *******************Project context FSBL selected
2025-09-30 15:06:35,199 [INFO] CodeEngine:265 - oldGeneratedFile, C:\ST\AB_LSTM\AB_LSTM\MXTmpFiles\license.tmp_save
2025-09-30 15:06:35,532 [INFO] CodeEngine:289 - Generated code: C:\ST\AB_LSTM\AB_LSTM\MXTmpFiles\license.tmp
2025-09-30 15:06:35,594 [INFO] CodeEngine:265 - oldGeneratedFile, C:\ST\AB_LSTM\AB_LSTM\FSBL\MXTmpFiles\gpio.tmp_save
2025-09-30 15:06:35,754 [INFO] CodeEngine:289 - Generated code: C:\ST\AB_LSTM\AB_LSTM\FSBL\MXTmpFiles\gpio.tmp
2025-09-30 15:06:35,931 [WARN] IPConfigManager:103 - WARNING: Missing Config File for XSPIM ip!!
2025-09-30 15:06:35,994 [INFO] Middleware:1452 - No code input for Bsp Dependency
2025-09-30 15:06:36,002 [INFO] CodeEngine:265 - oldGeneratedFile, C:\ST\AB_LSTM\AB_LSTM\FSBL\MXTmpFiles\boot_code.tmp_save
2025-09-30 15:06:36,129 [INFO] CodeEngine:289 - Generated code: C:\ST\AB_LSTM\AB_LSTM\FSBL\MXTmpFiles\boot_code.tmp
2025-09-30 15:06:36,152 [INFO] CodeEngine:265 - oldGeneratedFile, C:\ST\AB_LSTM\AB_LSTM\FSBL\MXTmpFiles\cortex.tmp_save
2025-09-30 15:06:36,295 [INFO] CodeEngine:289 - Generated code: C:\ST\AB_LSTM\AB_LSTM\FSBL\MXTmpFiles\cortex.tmp
2025-09-30 15:06:36,309 [INFO] Middleware:1452 - No code input for Bsp Dependency
2025-09-30 15:06:36,322 [INFO] CodeEngine:265 - oldGeneratedFile, C:\ST\AB_LSTM\AB_LSTM\FSBL\Core\Inc\extmem_manager.h_save
2025-09-30 15:06:36,455 [INFO] CodeEngine:289 - Generated code: C:\ST\AB_LSTM\AB_LSTM\FSBL\Core\Inc\extmem_manager.h
2025-09-30 15:06:36,463 [INFO] CodeEngine:265 - oldGeneratedFile, C:\ST\AB_LSTM\AB_LSTM\FSBL\Core\Src\extmem_manager.c_save
2025-09-30 15:06:36,603 [INFO] CodeEngine:289 - Generated code: C:\ST\AB_LSTM\AB_LSTM\FSBL\Core\Src\extmem_manager.c
2025-09-30 15:06:36,612 [INFO] CodeEngine:265 - oldGeneratedFile, C:\ST\AB_LSTM\AB_LSTM\FSBL\Core\Inc\stm32_extmem_conf.h_save
2025-09-30 15:06:36,759 [INFO] CodeEngine:289 - Generated code: C:\ST\AB_LSTM\AB_LSTM\FSBL\Core\Inc\stm32_extmem_conf.h
2025-09-30 15:06:36,767 [INFO] CodeEngine:265 - oldGeneratedFile, C:\ST\AB_LSTM\AB_LSTM\FSBL\MXTmpFiles\boot_code.tmp_save
2025-09-30 15:06:36,815 [INFO] CodeEngine:289 - Generated code: C:\ST\AB_LSTM\AB_LSTM\FSBL\MXTmpFiles\boot_code.tmp
2025-09-30 15:06:36,851 [INFO] CodeEngine:265 - oldGeneratedFile, C:\ST\AB_LSTM\AB_LSTM\FSBL\Core\Src\stm32n6xx_it.c_save
2025-09-30 15:06:37,087 [INFO] CodeEngine:289 - Generated code: C:\ST\AB_LSTM\AB_LSTM\FSBL\Core\Src\stm32n6xx_it.c
2025-09-30 15:06:37,096 [INFO] CodeEngine:265 - oldGeneratedFile, C:\ST\AB_LSTM\AB_LSTM\FSBL\Core\Inc\stm32n6xx_it.h_save
2025-09-30 15:06:37,176 [INFO] CodeEngine:289 - Generated code: C:\ST\AB_LSTM\AB_LSTM\FSBL\Core\Inc\stm32n6xx_it.h
2025-09-30 15:06:37,368 [INFO] CodeEngine:265 - oldGeneratedFile, C:\ST\AB_LSTM\AB_LSTM\FSBL\Core\Src\stm32n6xx_hal_msp.c_save
2025-09-30 15:06:37,632 [INFO] CodeEngine:289 - Generated code: C:\ST\AB_LSTM\AB_LSTM\FSBL\Core\Src\stm32n6xx_hal_msp.c
2025-09-30 15:06:37,646 [INFO] CodeEngine:265 - oldGeneratedFile, C:\ST\AB_LSTM\AB_LSTM\FSBL\MXTmpFiles\system.tmp_save
2025-09-30 15:06:37,701 [INFO] CodeEngine:289 - Generated code: C:\ST\AB_LSTM\AB_LSTM\FSBL\MXTmpFiles\system.tmp
2025-09-30 15:06:37,727 [INFO] CodeEngine:321 - oldGeneratedFile, C:\ST\AB_LSTM\AB_LSTM\FSBL\Core\Inc\stm32n6xx_hal_conf.h_save
2025-09-30 15:06:37,865 [INFO] CodeEngine:345 - Generated code: C:\ST\AB_LSTM\AB_LSTM\FSBL\Core\Inc\stm32n6xx_hal_conf.h
2025-09-30 15:06:37,888 [WARN] IPConfigManager:3238 - Warning: the RefConfig RCC_ConfigVoltageScaling is not available in your config.xml file
2025-09-30 15:06:37,896 [WARN] IPConfigManager:3238 - Warning: the RefConfig RCC_RTC_HSEDIV is not available in your config.xml file
2025-09-30 15:06:37,905 [ERROR] ApiDbMcu:560 - Cannot parse XSPIM_Config file : file do not exist
2025-09-30 15:06:37,919 [INFO] CodeEngine:265 - oldGeneratedFile, C:\ST\AB_LSTM\AB_LSTM\FSBL\Core\Inc\main.h_save
2025-09-30 15:06:38,069 [INFO] CodeEngine:289 - Generated code: C:\ST\AB_LSTM\AB_LSTM\FSBL\Core\Inc\main.h
2025-09-30 15:06:38,077 [INFO] CodeEngine:265 - oldGeneratedFile, C:\ST\AB_LSTM\AB_LSTM\FSBL\Core\Src\main.c_save
2025-09-30 15:06:38,248 [INFO] CodeEngine:289 - Generated code: C:\ST\AB_LSTM\AB_LSTM\FSBL\Core\Src\main.c
2025-09-30 15:06:38,299 [INFO] CodeGenerator:1619 - *******************Project context Appli selected
2025-09-30 15:06:38,334 [INFO] IP:3329 - RTE Config file name : RTE_Component
2025-09-30 15:06:38,334 [INFO] IP:3347 - RTE template : RTE_Components.ftl
2025-09-30 15:06:38,345 [INFO] CodeEngine:265 - oldGeneratedFile, C:\ST\AB_LSTM\AB_LSTM\MXTmpFiles\license.tmp_save
2025-09-30 15:06:38,429 [INFO] CodeEngine:289 - Generated code: C:\ST\AB_LSTM\AB_LSTM\MXTmpFiles\license.tmp
2025-09-30 15:06:38,456 [INFO] CodeEngine:265 - oldGeneratedFile, C:\ST\AB_LSTM\AB_LSTM\Appli\MXTmpFiles\gpio.tmp_save
2025-09-30 15:06:38,559 [INFO] CodeEngine:289 - Generated code: C:\ST\AB_LSTM\AB_LSTM\Appli\MXTmpFiles\gpio.tmp
2025-09-30 15:06:38,655 [WARN] IPConfigManager:103 - WARNING: Missing Config File for NVIC ip!!
2025-09-30 15:06:38,770 [INFO] Middleware:1452 - No code input for Bsp Dependency
2025-09-30 15:06:38,771 [INFO] Middleware:1452 - No code input for Bsp Dependency
2025-09-30 15:06:38,771 [INFO] IP:3329 - RTE Config file name : RTE_Component
2025-09-30 15:06:38,771 [INFO] IP:3347 - RTE template : RTE_Components.ftl
2025-09-30 15:06:38,780 [INFO] CodeEngine:265 - oldGeneratedFile, C:\ST\AB_LSTM\AB_LSTM\Appli\MXTmpFiles\cortex.tmp_save
2025-09-30 15:06:38,863 [INFO] CodeEngine:289 - Generated code: C:\ST\AB_LSTM\AB_LSTM\Appli\MXTmpFiles\cortex.tmp
2025-09-30 15:06:38,893 [INFO] CodeEngine:265 - oldGeneratedFile, C:\ST\AB_LSTM\AB_LSTM\Appli\Core\Inc\stm32n6xx_nucleo_conf.h_save
2025-09-30 15:06:39,021 [INFO] CodeEngine:289 - Generated code: C:\ST\AB_LSTM\AB_LSTM\Appli\Core\Inc\stm32n6xx_nucleo_conf.h
2025-09-30 15:06:39,029 [INFO] CodeEngine:265 - oldGeneratedFile, C:\ST\AB_LSTM\AB_LSTM\Appli\MXTmpFiles\bsp_inc.tmp_save
2025-09-30 15:06:39,088 [INFO] CodeEngine:289 - Generated code: C:\ST\AB_LSTM\AB_LSTM\Appli\MXTmpFiles\bsp_inc.tmp
2025-09-30 15:06:39,101 [INFO] CodeEngine:265 - oldGeneratedFile, C:\ST\AB_LSTM\AB_LSTM\Appli\MXTmpFiles\bsp_common_vars.tmp_save
2025-09-30 15:06:39,151 [INFO] CodeEngine:289 - Generated code: C:\ST\AB_LSTM\AB_LSTM\Appli\MXTmpFiles\bsp_common_vars.tmp
2025-09-30 15:06:39,156 [INFO] CodeEngine:265 - oldGeneratedFile, C:\ST\AB_LSTM\AB_LSTM\Appli\MXTmpFiles\bsp_common_init.tmp_save
2025-09-30 15:06:39,223 [INFO] CodeEngine:289 - Generated code: C:\ST\AB_LSTM\AB_LSTM\Appli\MXTmpFiles\bsp_common_init.tmp
2025-09-30 15:06:39,236 [INFO] CodeEngine:265 - oldGeneratedFile, C:\ST\AB_LSTM\AB_LSTM\Appli\MXTmpFiles\bsp_common_demo_before_while.tmp_save
2025-09-30 15:06:39,286 [INFO] CodeEngine:289 - Generated code: C:\ST\AB_LSTM\AB_LSTM\Appli\MXTmpFiles\bsp_common_demo_before_while.tmp
2025-09-30 15:06:39,292 [INFO] CodeEngine:265 - oldGeneratedFile, C:\ST\AB_LSTM\AB_LSTM\Appli\MXTmpFiles\bsp_common_demo_inside_while.tmp_save
2025-09-30 15:06:39,343 [INFO] CodeEngine:289 - Generated code: C:\ST\AB_LSTM\AB_LSTM\Appli\MXTmpFiles\bsp_common_demo_inside_while.tmp
2025-09-30 15:06:39,348 [INFO] CodeEngine:265 - oldGeneratedFile, C:\ST\AB_LSTM\AB_LSTM\Appli\MXTmpFiles\bsp_common_demo_fct.tmp_save
2025-09-30 15:06:39,397 [INFO] CodeEngine:289 - Generated code: C:\ST\AB_LSTM\AB_LSTM\Appli\MXTmpFiles\bsp_common_demo_fct.tmp
2025-09-30 15:06:39,403 [INFO] Middleware:1452 - No code input for Bsp Dependency
2025-09-30 15:06:39,403 [INFO] Middleware:1452 - No code input for Bsp Dependency
2025-09-30 15:06:39,403 [INFO] IP:3329 - RTE Config file name : RTE_Component
2025-09-30 15:06:39,403 [INFO] IP:3347 - RTE template : RTE_Components.ftl
2025-09-30 15:06:39,413 [INFO] CodeEngine:265 - oldGeneratedFile, C:\ST\AB_LSTM\AB_LSTM\Appli\X-CUBE-AI\App\app_x-cube-ai.h_save
2025-09-30 15:06:39,542 [INFO] CodeEngine:289 - Generated code: C:\ST\AB_LSTM\AB_LSTM\Appli\X-CUBE-AI\App\app_x-cube-ai.h
2025-09-30 15:06:39,556 [INFO] CodeEngine:265 - oldGeneratedFile, C:\ST\AB_LSTM\AB_LSTM\Appli\X-CUBE-AI\constants_ai.h_save
2025-09-30 15:06:39,635 [INFO] CodeEngine:289 - Generated code: C:\ST\AB_LSTM\AB_LSTM\Appli\X-CUBE-AI\constants_ai.h
2025-09-30 15:06:39,643 [INFO] CodeEngine:265 - oldGeneratedFile, C:\ST\AB_LSTM\AB_LSTM\Appli\X-CUBE-AI\App\app_x-cube-ai.c_save
2025-09-30 15:06:39,760 [INFO] CodeEngine:289 - Generated code: C:\ST\AB_LSTM\AB_LSTM\Appli\X-CUBE-AI\App\app_x-cube-ai.c
2025-09-30 15:06:39,802 [INFO] CodeEngine:265 - oldGeneratedFile, C:\ST\AB_LSTM\AB_LSTM\Appli\Core\Src\stm32n6xx_it.c_save
2025-09-30 15:06:40,001 [INFO] CodeEngine:289 - Generated code: C:\ST\AB_LSTM\AB_LSTM\Appli\Core\Src\stm32n6xx_it.c
2025-09-30 15:06:40,016 [INFO] CodeEngine:265 - oldGeneratedFile, C:\ST\AB_LSTM\AB_LSTM\Appli\Core\Inc\stm32n6xx_it.h_save
2025-09-30 15:06:40,087 [INFO] CodeEngine:289 - Generated code: C:\ST\AB_LSTM\AB_LSTM\Appli\Core\Inc\stm32n6xx_it.h
2025-09-30 15:06:40,091 [INFO] IP:3329 - RTE Config file name : RTE_Component
2025-09-30 15:06:40,091 [INFO] IP:3347 - RTE template : RTE_Components.ftl
2025-09-30 15:06:40,091 [INFO] CodeGenerator:2312 - Add RTE Code Input 
2025-09-30 15:06:40,099 [INFO] CodeEngine:265 - oldGeneratedFile, C:\ST\AB_LSTM\AB_LSTM\Appli\Core\Inc\RTE_Components.h_save
2025-09-30 15:06:40,222 [INFO] CodeEngine:289 - Generated code: C:\ST\AB_LSTM\AB_LSTM\Appli\Core\Inc\RTE_Components.h
2025-09-30 15:06:40,234 [INFO] CodeEngine:265 - oldGeneratedFile, C:\ST\AB_LSTM\AB_LSTM\Appli\MXTmpFiles\RIFInit.tmp_save
2025-09-30 15:06:40,331 [INFO] CodeEngine:289 - Generated code: C:\ST\AB_LSTM\AB_LSTM\Appli\MXTmpFiles\RIFInit.tmp
2025-09-30 15:06:40,464 [INFO] CodeEngine:265 - oldGeneratedFile, C:\ST\AB_LSTM\AB_LSTM\Appli\Core\Src\stm32n6xx_hal_msp.c_save
2025-09-30 15:06:40,648 [INFO] CodeEngine:289 - Generated code: C:\ST\AB_LSTM\AB_LSTM\Appli\Core\Src\stm32n6xx_hal_msp.c
2025-09-30 15:06:40,654 [INFO] CodeEngine:265 - oldGeneratedFile, C:\ST\AB_LSTM\AB_LSTM\Appli\MXTmpFiles\system.tmp_save
2025-09-30 15:06:40,687 [INFO] CodeEngine:289 - Generated code: C:\ST\AB_LSTM\AB_LSTM\Appli\MXTmpFiles\system.tmp
2025-09-30 15:06:40,699 [INFO] CodeEngine:321 - oldGeneratedFile, C:\ST\AB_LSTM\AB_LSTM\Appli\Core\Inc\stm32n6xx_hal_conf.h_save
2025-09-30 15:06:40,794 [INFO] CodeEngine:345 - Generated code: C:\ST\AB_LSTM\AB_LSTM\Appli\Core\Inc\stm32n6xx_hal_conf.h
2025-09-30 15:06:40,809 [WARN] IPConfigManager:3238 - Warning: the RefConfig RCC_ConfigVoltageScaling is not available in your config.xml file
2025-09-30 15:06:40,811 [WARN] IPConfigManager:3238 - Warning: the RefConfig RCC_RTC_HSEDIV is not available in your config.xml file
2025-09-30 15:06:40,822 [WARN] IPConfigManager:3811 - IP not found : TIM
2025-09-30 15:06:40,824 [WARN] CodeGenerator:4259 - IP not found : null
2025-09-30 15:06:40,832 [INFO] CodeEngine:265 - oldGeneratedFile, C:\ST\AB_LSTM\AB_LSTM\Appli\Core\Inc\main.h_save
2025-09-30 15:06:40,949 [INFO] CodeEngine:289 - Generated code: C:\ST\AB_LSTM\AB_LSTM\Appli\Core\Inc\main.h
2025-09-30 15:06:40,961 [INFO] CodeEngine:265 - oldGeneratedFile, C:\ST\AB_LSTM\AB_LSTM\Appli\Core\Src\main.c_save
2025-09-30 15:06:41,093 [INFO] CodeEngine:289 - Generated code: C:\ST\AB_LSTM\AB_LSTM\Appli\Core\Src\main.c
2025-09-30 15:06:41,104 [INFO] CodeEngine:265 - oldGeneratedFile, C:\ST\AB_LSTM\AB_LSTM\Appli\Core\Src\secure_nsc.c_save
2025-09-30 15:06:41,194 [INFO] CodeEngine:289 - Generated code: C:\ST\AB_LSTM\AB_LSTM\Appli\Core\Src\secure_nsc.c
2025-09-30 15:06:41,201 [INFO] CodeEngine:265 - oldGeneratedFile, C:\ST\AB_LSTM\AB_LSTM\Appli\Core\Inc\partition_stm32n657xx.h_save
2025-09-30 15:06:41,282 [INFO] CodeEngine:289 - Generated code: C:\ST\AB_LSTM\AB_LSTM\Appli\Core\Inc\partition_stm32n657xx.h
2025-09-30 15:06:41,290 [INFO] CodeEngine:265 - oldGeneratedFile, C:\ST\AB_LSTM\AB_LSTM\Secure_nsclib\secure_nsc.h_save
2025-09-30 15:06:41,352 [INFO] CodeEngine:289 - Generated code: C:\ST\AB_LSTM\AB_LSTM\Secure_nsclib\secure_nsc.h
2025-09-30 15:06:41,382 [INFO] CodeGenerator:1707 - *******************Project context ExtMemLoader Not selected
2025-09-30 15:06:42,397 [INFO] AInterface:322 - ModelName:network; files:[C:\Users\ZOJOLDRI\OneDrive - Carl Zeiss AG\Dokumente\Zeiss\SMT\Bachelor\AB Encoder Model\AB_Encoder_Synthetic_Data\lstm_ab_encoder.h5]; type:Keras; compression:None
2025-09-30 15:06:42,398 [INFO] AInterface:526 - workspaceTempDir: C:/Users/ZOJOLDRI/AppData/Local/Temp/mxAI_workspace10931111892094008045135499664115489
2025-09-30 15:06:42,398 [INFO] AInterface:1176 - Setting Env: C:/Users/ZOJOLDRI/STM32Cube/Repository/Packs/STMicroelectronics/X-CUBE-AI/10.2.0/Utilities/windows
2025-09-30 15:06:42,410 [INFO] STM32CubeIDEBuilder:265 - Looking for gnu-tools-for-stm32 tools/bin/arm-none-eabi-gcc.exe in C:\ST\STM32CubeIDE_1.19.0\STM32CubeIDE
2025-09-30 15:06:42,413 [INFO] STM32CubeIDEBuilder:294 - checking C:\ST\STM32CubeIDE_1.19.0\STM32CubeIDE\plugins\com.st.stm32cube.ide.mcu.externaltools.gnu-tools-for-stm32.13.3.rel1.win32_1.0.0.202411081344\tools\bin\arm-none-eabi-gcc.exe
2025-09-30 15:06:42,413 [INFO] STM32CubeIDEBuilder:297 - ret=C:\ST\STM32CubeIDE_1.19.0\STM32CubeIDE\plugins\com.st.stm32cube.ide.mcu.externaltools.gnu-tools-for-stm32.13.3.rel1.win32_1.0.0.202411081344\tools\bin\arm-none-eabi-gcc.exe
2025-09-30 15:06:42,413 [INFO] STM32CubeIDEBuilder:311 - returning C:\ST\STM32CubeIDE_1.19.0\STM32CubeIDE\plugins\com.st.stm32cube.ide.mcu.externaltools.gnu-tools-for-stm32.13.3.rel1.win32_1.0.0.202411081344\tools\bin\arm-none-eabi-gcc.exe
2025-09-30 15:06:42,414 [INFO] AInterface:1233 - Custom PATH variable: C:/Users/ZOJOLDRI/STM32Cube/Repository/Packs/STMicroelectronics/X-CUBE-AI/10.2.0/Utilities/windows;C:/Users/ZOJOLDRI/STM32Cube/Repository/Packs/STMicroelectronics/X-CUBE-AI/10.2.0/Utilities/windows/mingw64/bin;C:/Users/ZOJOLDRI/STM32Cube/Repository/Packs/STMicroelectronics/X-CUBE-AI/10.2.0/Utilities/windows/mingw64/libexec/gcc/x86_64-w64-mingw32/7.3.0;;C:\ST\STM32CubeIDE_1.19.0\STM32CubeIDE\plugins\com.st.stm32cube.ide.mcu.externaltools.gnu-tools-for-stm32.13.3.rel1.win32_1.0.0.202411081344\tools\bin
2025-09-30 15:06:42,417 [INFO] CmdLine:115 - Command: C:/Users/ZOJOLDRI/STM32Cube/Repository/Packs/STMicroelectronics/X-CUBE-AI/10.2.0/Utilities/windows/stedgeai.exe generate --target stm32n6 --name network -m C:/Users/ZOJOLDRI/OneDrive - Carl Zeiss AG/Dokumente/Zeiss/SMT/Bachelor/AB Encoder Model/AB_Encoder_Synthetic_Data/lstm_ab_encoder.h5 --compression none --verbosity 1 -O time --workspace C:/Users/ZOJOLDRI/AppData/Local/Temp/mxAI_workspace10931111892094008045135499664115489 --output C:/Users/ZOJOLDRI/.stm32cubemx/network_output
2025-09-30 15:06:42,418 [INFO] AIModelDetailledView:2380 - Analysis status: pending
2025-09-30 15:06:43,292 [INFO] CmdLine:76 - ST Edge AI Core v2.2.0-20266 2adc00962
2025-09-30 15:06:48,330 [INFO] CmdLine:76 - Creating c (debug) info json file C:\Users\ZOJOLDRI\.stm32cubemx\network_output\network_c_info.json
2025-09-30 15:06:48,348 [INFO] CmdLine:76 -  
2025-09-30 15:06:48,348 [INFO] CmdLine:76 -  Exec/report summary (generate)
2025-09-30 15:06:48,349 [INFO] CmdLine:76 -  ---------------------------------------------------------------------------------------------------------------------------------------------------------------
2025-09-30 15:06:48,349 [INFO] CmdLine:76 -  model file         :   C:\Users\ZOJOLDRI\OneDrive - Carl Zeiss AG\Dokumente\Zeiss\SMT\Bachelor\AB Encoder Model\AB_Encoder_Synthetic_Data\lstm_ab_encoder.h5   
2025-09-30 15:06:48,350 [INFO] CmdLine:76 -  type               :   keras                                                                                                                                   
2025-09-30 15:06:48,350 [INFO] CmdLine:76 -  c_name             :   network                                                                                                                                 
2025-09-30 15:06:48,350 [INFO] CmdLine:76 -  compression        :   none                                                                                                                                    
2025-09-30 15:06:48,350 [INFO] CmdLine:76 -  options            :   allocate-inputs, allocate-outputs                                                                                                       
2025-09-30 15:06:48,351 [INFO] CmdLine:76 -  optimization       :   time                                                                                                                                    
2025-09-30 15:06:48,351 [INFO] CmdLine:76 -  target/series      :   stm32n6                                                                                                                                 
2025-09-30 15:06:48,351 [INFO] CmdLine:76 -  workspace dir      :   C:\Users\ZOJOLDRI\AppData\Local\Temp\mxAI_workspace10931111892094008045135499664115489                                                  
2025-09-30 15:06:48,351 [INFO] CmdLine:76 -  output dir         :   C:\Users\ZOJOLDRI\.stm32cubemx\network_output                                                                                           
2025-09-30 15:06:48,351 [INFO] CmdLine:76 -  model_fmt          :   float                                                                                                                                   
2025-09-30 15:06:48,351 [INFO] CmdLine:76 -  model_name         :   lstm_ab_encoder                                                                                                                         
2025-09-30 15:06:48,351 [INFO] CmdLine:76 -  model_hash         :   0x1284f9998314b297b858c1d8a9d76cc5                                                                                                      
2025-09-30 15:06:48,351 [INFO] CmdLine:76 -  params #           :   3,587 items (14.01 KiB)                                                                                                                 
2025-09-30 15:06:48,352 [INFO] CmdLine:76 -  ---------------------------------------------------------------------------------------------------------------------------------------------------------------
2025-09-30 15:06:48,352 [INFO] CmdLine:76 -  input 1/1          :   'input_0', f32(1x20x10), 800 Bytes, activations                                                                                         
2025-09-30 15:06:48,352 [INFO] CmdLine:76 -  output 1/1         :   'output', f32(1x3), 12 Bytes, activations                                                                                               
2025-09-30 15:06:48,352 [INFO] CmdLine:76 -  macc               :   67,960                                                                                                                                  
2025-09-30 15:06:48,352 [INFO] CmdLine:76 -  weights (ro)       :   14,636 B (14.29 KiB) (1 segment) / +288(+2.0%) vs float model                                                                           
2025-09-30 15:06:48,352 [INFO] CmdLine:76 -  activations (rw)   :   1,568 B (1.53 KiB) (1 segment) *                                                                                                        
2025-09-30 15:06:48,352 [INFO] CmdLine:76 -  ram (total)        :   1,568 B (1.53 KiB) = 1,568 + 0 + 0                                                                                                      
2025-09-30 15:06:48,352 [INFO] CmdLine:76 -  ---------------------------------------------------------------------------------------------------------------------------------------------------------------
2025-09-30 15:06:48,352 [INFO] CmdLine:76 -  (*) 'input'/'output' buffers are allocated in the activations buffer
2025-09-30 15:06:48,353 [INFO] CmdLine:76 - Computing AI RT data/code size (target=stm32n6)..
2025-09-30 15:06:50,265 [INFO] CmdLine:76 -  Requested memory size by section - "stm32n6" target
2025-09-30 15:06:50,266 [INFO] CmdLine:76 -  ------------------------------- -------- -------- ------- -------
2025-09-30 15:06:50,266 [INFO] CmdLine:76 -  module                              text   rodata    data     bss
2025-09-30 15:06:50,266 [INFO] CmdLine:76 -  ------------------------------- -------- -------- ------- -------
2025-09-30 15:06:50,266 [INFO] CmdLine:76 -  NetworkRuntime1020_CM55_GCC.a     15,800       32       0       0
2025-09-30 15:06:50,266 [INFO] CmdLine:76 -  network.o                            596       40   1,888     136
2025-09-30 15:06:50,268 [INFO] CmdLine:76 -  network_data.o                        48       16      88       0
2025-09-30 15:06:50,268 [INFO] CmdLine:76 -  lib (toolchain)*                   1,132      340       0       0
2025-09-30 15:06:50,268 [INFO] CmdLine:76 -  ------------------------------- -------- -------- ------- -------
2025-09-30 15:06:50,268 [INFO] CmdLine:76 -  RT total**                        17,576      428   1,976     136
2025-09-30 15:06:50,268 [INFO] CmdLine:76 -  ------------------------------- -------- -------- ------- -------
2025-09-30 15:06:50,268 [INFO] CmdLine:76 -  weights                                0   14,640       0       0
2025-09-30 15:06:50,269 [INFO] CmdLine:76 -  activations                            0        0       0   1,568
2025-09-30 15:06:50,269 [INFO] CmdLine:76 -  io                                     0        0       0       0
2025-09-30 15:06:50,269 [INFO] CmdLine:76 -  ------------------------------- -------- -------- ------- -------
2025-09-30 15:06:50,269 [INFO] CmdLine:76 -  TOTAL                             17,576   15,068   1,976   1,704
2025-09-30 15:06:50,269 [INFO] CmdLine:76 -  ------------------------------- -------- -------- ------- -------
2025-09-30 15:06:50,269 [INFO] CmdLine:76 -  *  toolchain objects (libm/libgcc*)
2025-09-30 15:06:50,269 [INFO] CmdLine:76 -  ** RT AI runtime objects (kernels+infrastructure)
2025-09-30 15:06:50,269 [INFO] CmdLine:76 -   Summary - "stm32n6" target
2025-09-30 15:06:50,269 [INFO] CmdLine:76 -   ---------------------------------------------------
2025-09-30 15:06:50,269 [INFO] CmdLine:76 -                FLASH (ro)      %*   RAM (rw)       %
2025-09-30 15:06:50,269 [INFO] CmdLine:76 -   ---------------------------------------------------
2025-09-30 15:06:50,270 [INFO] CmdLine:76 -   RT total         19,980   57.7%      2,112   57.4%
2025-09-30 15:06:50,270 [INFO] CmdLine:76 -   ---------------------------------------------------
2025-09-30 15:06:50,270 [INFO] CmdLine:76 -   TOTAL            34,620              3,680
2025-09-30 15:06:50,270 [INFO] CmdLine:76 -   ---------------------------------------------------
2025-09-30 15:06:50,270 [INFO] CmdLine:76 -   *  rt/total
2025-09-30 15:06:50,270 [INFO] CmdLine:76 -  Generated files (7)
2025-09-30 15:06:50,270 [INFO] CmdLine:76 -  ---------------------------------------------------------------------
2025-09-30 15:06:50,270 [INFO] CmdLine:76 -  C:\Users\ZOJOLDRI\.stm32cubemx\network_output\network_data_params.h
2025-09-30 15:06:50,270 [INFO] CmdLine:76 -  C:\Users\ZOJOLDRI\.stm32cubemx\network_output\network_data_params.c
2025-09-30 15:06:50,270 [INFO] CmdLine:76 -  C:\Users\ZOJOLDRI\.stm32cubemx\network_output\network_data.h
2025-09-30 15:06:50,270 [INFO] CmdLine:76 -  C:\Users\ZOJOLDRI\.stm32cubemx\network_output\network_data.c
2025-09-30 15:06:50,270 [INFO] CmdLine:76 -  C:\Users\ZOJOLDRI\.stm32cubemx\network_output\network_config.h
2025-09-30 15:06:50,270 [INFO] CmdLine:76 -  C:\Users\ZOJOLDRI\.stm32cubemx\network_output\network.h
2025-09-30 15:06:50,271 [INFO] CmdLine:76 -  C:\Users\ZOJOLDRI\.stm32cubemx\network_output\network.c
2025-09-30 15:06:50,271 [INFO] CmdLine:76 - Creating txt report file C:\Users\ZOJOLDRI\.stm32cubemx\network_output\network_generate_report.txt
2025-09-30 15:06:52,486 [INFO] CmdLine:76 - elapsed time (generate): 9.193s
2025-09-30 15:06:52,846 [INFO] CmdLine:148 - stedgeai exit with status: 0
2025-09-30 15:06:52,858 [INFO] AIModelDetailledView:2380 - Analysis status: done
2025-09-30 15:06:53,832 [INFO] ProjectBuilder:3606 - Time for Copy HAL[1] : 383mS.
2025-09-30 15:06:53,832 [ERROR] Middleware:2950 - Invalid RefComponent list
2025-09-30 15:06:53,832 [ERROR] Middleware:2950 - Invalid RefComponent list
2025-09-30 15:06:53,832 [ERROR] Middleware:2950 - Invalid RefComponent list
2025-09-30 15:06:53,832 [ERROR] Middleware:2950 - Invalid RefComponent list
2025-09-30 15:06:53,832 [ERROR] Middleware:2950 - Invalid RefComponent list
2025-09-30 15:06:53,832 [ERROR] Middleware:2950 - Invalid RefComponent list
2025-09-30 15:06:53,832 [ERROR] Middleware:2950 - Invalid RefComponent list
2025-09-30 15:06:53,832 [ERROR] Middleware:2950 - Invalid RefComponent list
2025-09-30 15:06:53,832 [ERROR] Middleware:2950 - Invalid RefComponent list
2025-09-30 15:06:53,832 [ERROR] Middleware:2950 - Invalid RefComponent list
2025-09-30 15:06:53,832 [ERROR] Middleware:2950 - Invalid RefComponent list
2025-09-30 15:06:53,832 [ERROR] Middleware:2950 - Invalid RefComponent list
2025-09-30 15:06:53,832 [ERROR] Middleware:2950 - Invalid RefComponent list
2025-09-30 15:06:53,832 [ERROR] Middleware:2950 - Invalid RefComponent list
2025-09-30 15:06:53,832 [ERROR] Middleware:2950 - Invalid RefComponent list
2025-09-30 15:06:53,833 [ERROR] Middleware:2950 - Invalid RefComponent list
2025-09-30 15:06:53,833 [ERROR] Middleware:2950 - Invalid RefComponent list
2025-09-30 15:06:53,833 [ERROR] Middleware:2950 - Invalid RefComponent list
2025-09-30 15:06:53,833 [ERROR] Middleware:2950 - Invalid RefComponent list
2025-09-30 15:06:53,833 [ERROR] Middleware:2950 - Invalid RefComponent list
2025-09-30 15:06:53,833 [ERROR] Middleware:2950 - Invalid RefComponent list
2025-09-30 15:06:53,833 [ERROR] Middleware:2950 - Invalid RefComponent list
2025-09-30 15:06:53,833 [ERROR] Middleware:2950 - Invalid RefComponent list
2025-09-30 15:06:53,833 [ERROR] Middleware:2950 - Invalid RefComponent list
2025-09-30 15:06:53,833 [ERROR] Middleware:2950 - Invalid RefComponent list
2025-09-30 15:06:53,833 [ERROR] Middleware:2950 - Invalid RefComponent list
2025-09-30 15:06:53,833 [ERROR] Middleware:2950 - Invalid RefComponent list
2025-09-30 15:06:53,833 [ERROR] Middleware:2950 - Invalid RefComponent list
2025-09-30 15:06:53,833 [ERROR] Middleware:2950 - Invalid RefComponent list
2025-09-30 15:06:53,833 [ERROR] Middleware:2950 - Invalid RefComponent list
2025-09-30 15:06:53,833 [ERROR] Middleware:2950 - Invalid RefComponent list
2025-09-30 15:06:53,833 [ERROR] Middleware:2950 - Invalid RefComponent list
2025-09-30 15:06:53,833 [ERROR] Middleware:2950 - Invalid RefComponent list
2025-09-30 15:06:53,833 [ERROR] Middleware:2950 - Invalid RefComponent list
2025-09-30 15:06:53,833 [ERROR] Middleware:2950 - Invalid RefComponent list
2025-09-30 15:06:53,833 [ERROR] Middleware:2950 - Invalid RefComponent list
2025-09-30 15:06:53,833 [ERROR] Middleware:2950 - Invalid RefComponent list
2025-09-30 15:06:53,833 [ERROR] Middleware:2950 - Invalid RefComponent list
2025-09-30 15:06:53,833 [ERROR] Middleware:2950 - Invalid RefComponent list
2025-09-30 15:06:53,833 [ERROR] Middleware:2950 - Invalid RefComponent list
2025-09-30 15:06:53,833 [ERROR] Middleware:2950 - Invalid RefComponent list
2025-09-30 15:06:53,833 [ERROR] Middleware:2950 - Invalid RefComponent list
2025-09-30 15:06:53,833 [ERROR] Middleware:2950 - Invalid RefComponent list
2025-09-30 15:06:53,833 [ERROR] Middleware:2950 - Invalid RefComponent list
2025-09-30 15:06:53,833 [ERROR] Middleware:2950 - Invalid RefComponent list
2025-09-30 15:06:53,833 [ERROR] Middleware:2950 - Invalid RefComponent list
2025-09-30 15:06:53,833 [ERROR] Middleware:2950 - Invalid RefComponent list
2025-09-30 15:06:53,833 [ERROR] Middleware:2950 - Invalid RefComponent list
2025-09-30 15:06:53,833 [ERROR] Middleware:2950 - Invalid RefComponent list
2025-09-30 15:06:53,833 [ERROR] Middleware:2950 - Invalid RefComponent list
2025-09-30 15:06:53,833 [ERROR] Middleware:2950 - Invalid RefComponent list
2025-09-30 15:06:53,833 [ERROR] Middleware:2950 - Invalid RefComponent list
2025-09-30 15:06:53,833 [ERROR] Middleware:2950 - Invalid RefComponent list
2025-09-30 15:06:53,833 [ERROR] Middleware:2950 - Invalid RefComponent list
2025-09-30 15:06:53,833 [ERROR] Middleware:2950 - Invalid RefComponent list
2025-09-30 15:06:53,833 [ERROR] Middleware:2950 - Invalid RefComponent list
2025-09-30 15:06:53,833 [ERROR] Middleware:2950 - Invalid RefComponent list
2025-09-30 15:06:53,833 [ERROR] Middleware:2950 - Invalid RefComponent list
2025-09-30 15:06:53,833 [ERROR] Middleware:2950 - Invalid RefComponent list
2025-09-30 15:06:53,833 [ERROR] Middleware:2950 - Invalid RefComponent list
2025-09-30 15:06:53,833 [ERROR] Middleware:2950 - Invalid RefComponent list
2025-09-30 15:06:53,833 [ERROR] Middleware:2950 - Invalid RefComponent list
2025-09-30 15:06:53,833 [ERROR] Middleware:2950 - Invalid RefComponent list
2025-09-30 15:06:53,833 [ERROR] Middleware:2950 - Invalid RefComponent list
2025-09-30 15:06:53,833 [ERROR] Middleware:2950 - Invalid RefComponent list
2025-09-30 15:06:53,833 [ERROR] Middleware:2950 - Invalid RefComponent list
2025-09-30 15:06:53,833 [ERROR] Middleware:2950 - Invalid RefComponent list
2025-09-30 15:06:53,833 [ERROR] Middleware:2950 - Invalid RefComponent list
2025-09-30 15:06:53,833 [ERROR] Middleware:2950 - Invalid RefComponent list
2025-09-30 15:06:53,833 [ERROR] Middleware:2950 - Invalid RefComponent list
2025-09-30 15:06:53,849 [INFO] ProjectBuilder:5216 - Project Generator version: 4.7.0-B52
2025-09-30 15:06:53,908 [INFO] ConfigFileManager:1595 - The Die is : DIE486
2025-09-30 15:07:04,453 [INFO] ProjectBuilder:5056 - Time for Generating toolchain IDE Files: 10603mS.
2025-09-30 15:07:04,455 [INFO] ProjectBuilder:3463 - Time for Copy CMSIS : 1mS.
2025-09-30 15:07:04,467 [INFO] ProjectBuilder:3463 - Time for Copy CMSIS : 0mS.
2025-09-30 15:35:14,598 [INFO] AIModelDetailledView:2380 - Analysis status: -
2025-09-30 15:35:21,206 [INFO] AInterface:259 - ModelName:network; files:[C:\Users\ZOJOLDRI\OneDrive - Carl Zeiss AG\Dokumente\Zeiss\SMT\Bachelor\AB Encoder Model\AB_Encoder_Synthetic_Data\lstm_ab_encoder.h5]; type:Keras; compression:None
2025-09-30 15:35:21,207 [INFO] AInterface:526 - workspaceTempDir: C:/Users/ZOJOLDRI/AppData/Local/Temp/mxAI_workspace109483000359730012548542930392868160
2025-09-30 15:35:21,207 [INFO] AInterface:1176 - Setting Env: C:/Users/ZOJOLDRI/STM32Cube/Repository/Packs/STMicroelectronics/X-CUBE-AI/10.2.0/Utilities/windows
2025-09-30 15:35:21,215 [INFO] STM32CubeIDEBuilder:265 - Looking for gnu-tools-for-stm32 tools/bin/arm-none-eabi-gcc.exe in C:\ST\STM32CubeIDE_1.19.0\STM32CubeIDE
2025-09-30 15:35:21,218 [INFO] STM32CubeIDEBuilder:294 - checking C:\ST\STM32CubeIDE_1.19.0\STM32CubeIDE\plugins\com.st.stm32cube.ide.mcu.externaltools.gnu-tools-for-stm32.13.3.rel1.win32_1.0.0.202411081344\tools\bin\arm-none-eabi-gcc.exe
2025-09-30 15:35:21,218 [INFO] STM32CubeIDEBuilder:297 - ret=C:\ST\STM32CubeIDE_1.19.0\STM32CubeIDE\plugins\com.st.stm32cube.ide.mcu.externaltools.gnu-tools-for-stm32.13.3.rel1.win32_1.0.0.202411081344\tools\bin\arm-none-eabi-gcc.exe
2025-09-30 15:35:21,218 [INFO] STM32CubeIDEBuilder:311 - returning C:\ST\STM32CubeIDE_1.19.0\STM32CubeIDE\plugins\com.st.stm32cube.ide.mcu.externaltools.gnu-tools-for-stm32.13.3.rel1.win32_1.0.0.202411081344\tools\bin\arm-none-eabi-gcc.exe
2025-09-30 15:35:21,219 [INFO] AInterface:1233 - Custom PATH variable: C:/Users/ZOJOLDRI/STM32Cube/Repository/Packs/STMicroelectronics/X-CUBE-AI/10.2.0/Utilities/windows;C:/Users/ZOJOLDRI/STM32Cube/Repository/Packs/STMicroelectronics/X-CUBE-AI/10.2.0/Utilities/windows/mingw64/bin;C:/Users/ZOJOLDRI/STM32Cube/Repository/Packs/STMicroelectronics/X-CUBE-AI/10.2.0/Utilities/windows/mingw64/libexec/gcc/x86_64-w64-mingw32/7.3.0;;C:\ST\STM32CubeIDE_1.19.0\STM32CubeIDE\plugins\com.st.stm32cube.ide.mcu.externaltools.gnu-tools-for-stm32.13.3.rel1.win32_1.0.0.202411081344\tools\bin
2025-09-30 15:35:21,224 [INFO] CmdLine:115 - Command: C:/Users/ZOJOLDRI/STM32Cube/Repository/Packs/STMicroelectronics/X-CUBE-AI/10.2.0/Utilities/windows/stedgeai.exe analyze --target stm32n6 --name network -m C:/Users/ZOJOLDRI/OneDrive - Carl Zeiss AG/Dokumente/Zeiss/SMT/Bachelor/AB Encoder Model/AB_Encoder_Synthetic_Data/lstm_ab_encoder.h5 --compression none --verbosity 1 -O time --workspace C:/Users/ZOJOLDRI/AppData/Local/Temp/mxAI_workspace109483000359730012548542930392868160 --output C:/Users/ZOJOLDRI/.stm32cubemx/network_output
2025-09-30 15:35:21,236 [INFO] AIModelDetailledView:2380 - Analysis status: pending
2025-09-30 15:35:28,845 [INFO] CmdLine:76 - ST Edge AI Core v2.2.0-20266 2adc00962
2025-09-30 15:36:34,429 [INFO] CmdLine:76 - Creating c (debug) info json file C:\Users\ZOJOLDRI\.stm32cubemx\network_output\network_c_info.json
2025-09-30 15:36:34,455 [INFO] CmdLine:76 -  
2025-09-30 15:36:34,455 [INFO] CmdLine:76 -  Exec/report summary (analyze)
2025-09-30 15:36:34,456 [INFO] CmdLine:76 -  ---------------------------------------------------------------------------------------------------------------------------------------------------------------
2025-09-30 15:36:34,456 [INFO] CmdLine:76 -  model file         :   C:\Users\ZOJOLDRI\OneDrive - Carl Zeiss AG\Dokumente\Zeiss\SMT\Bachelor\AB Encoder Model\AB_Encoder_Synthetic_Data\lstm_ab_encoder.h5   
2025-09-30 15:36:34,456 [INFO] CmdLine:76 -  type               :   keras                                                                                                                                   
2025-09-30 15:36:34,457 [INFO] CmdLine:76 -  c_name             :   network                                                                                                                                 
2025-09-30 15:36:34,457 [INFO] CmdLine:76 -  compression        :   none                                                                                                                                    
2025-09-30 15:36:34,457 [INFO] CmdLine:76 -  options            :   allocate-inputs, allocate-outputs                                                                                                       
2025-09-30 15:36:34,457 [INFO] CmdLine:76 -  optimization       :   time                                                                                                                                    
2025-09-30 15:36:34,457 [INFO] CmdLine:76 -  target/series      :   stm32n6                                                                                                                                 
2025-09-30 15:36:34,460 [INFO] CmdLine:76 -  workspace dir      :   C:\Users\ZOJOLDRI\AppData\Local\Temp\mxAI_workspace109483000359730012548542930392868160                                                 
2025-09-30 15:36:34,463 [INFO] CmdLine:76 -  output dir         :   C:\Users\ZOJOLDRI\.stm32cubemx\network_output                                                                                           
2025-09-30 15:36:34,463 [INFO] CmdLine:76 -  model_fmt          :   float                                                                                                                                   
2025-09-30 15:36:34,463 [INFO] CmdLine:76 -  model_name         :   lstm_ab_encoder                                                                                                                         
2025-09-30 15:36:34,464 [INFO] CmdLine:76 -  model_hash         :   0xd6e9a3b45dcc4778896469d9fb00962a                                                                                                      
2025-09-30 15:36:34,464 [INFO] CmdLine:76 -  params #           :   3,587 items (14.01 KiB)                                                                                                                 
2025-09-30 15:36:34,464 [INFO] CmdLine:76 -  ---------------------------------------------------------------------------------------------------------------------------------------------------------------
2025-09-30 15:36:34,464 [INFO] CmdLine:76 -  input 1/1          :   'input_0', f32(1x20x10), 800 Bytes, activations                                                                                         
2025-09-30 15:36:34,464 [INFO] CmdLine:76 -  output 1/1         :   'output', f32(1x3), 12 Bytes, activations                                                                                               
2025-09-30 15:36:34,466 [INFO] CmdLine:76 -  macc               :   67,960                                                                                                                                  
2025-09-30 15:36:34,466 [INFO] CmdLine:76 -  weights (ro)       :   14,636 B (14.29 KiB) (1 segment) / +288(+2.0%) vs float model                                                                           
2025-09-30 15:36:34,466 [INFO] CmdLine:76 -  activations (rw)   :   1,568 B (1.53 KiB) (1 segment) *                                                                                                        
2025-09-30 15:36:34,466 [INFO] CmdLine:76 -  ram (total)        :   1,568 B (1.53 KiB) = 1,568 + 0 + 0                                                                                                      
2025-09-30 15:36:34,466 [INFO] CmdLine:76 -  ---------------------------------------------------------------------------------------------------------------------------------------------------------------
2025-09-30 15:36:34,466 [INFO] CmdLine:76 -  (*) 'input'/'output' buffers are allocated in the activations buffer
2025-09-30 15:36:34,466 [INFO] CmdLine:76 - Computing AI RT data/code size (target=stm32n6)..
2025-09-30 15:36:38,375 [INFO] CmdLine:76 -  Model name - lstm_ab_encoder
2025-09-30 15:36:38,376 [INFO] CmdLine:76 -  ------ ----------------------- ----------------- -------------- -------- ---------------
2025-09-30 15:36:38,376 [INFO] CmdLine:76 -  m_id   layer (original)        oshape            param/size         macc    connected to
2025-09-30 15:36:38,377 [INFO] CmdLine:76 -  ------ ----------------------- ----------------- -------------- -------- ---------------
2025-09-30 15:36:38,377 [INFO] CmdLine:76 -  0      input_0 (None)          [b:1,h:20,c:10]
2025-09-30 15:36:38,377 [INFO] CmdLine:76 -         lstm_1 (LSTM)           [b:1,c:24]        3,360/13,440     67,680         input_0
2025-09-30 15:36:38,377 [INFO] CmdLine:76 -  ------ ----------------------- ----------------- -------------- -------- ---------------
2025-09-30 15:36:38,377 [INFO] CmdLine:76 -  2      dense_1_dense (Dense)   [b:1,c:8]         200/800             200          lstm_1
2025-09-30 15:36:38,377 [INFO] CmdLine:76 -         dense_1 (Dense)         [b:1,c:8]                               8   dense_1_dense
2025-09-30 15:36:38,378 [INFO] CmdLine:76 -  ------ ----------------------- ----------------- -------------- -------- ---------------
2025-09-30 15:36:38,378 [INFO] CmdLine:76 -  3      output_dense (Dense)    [b:1,c:3]         27/108               27         dense_1
2025-09-30 15:36:38,378 [INFO] CmdLine:76 -         output (Dense)          [b:1,c:3]                              45    output_dense
2025-09-30 15:36:38,378 [INFO] CmdLine:76 -  ------ ----------------------- ----------------- -------------- -------- ---------------
2025-09-30 15:36:38,378 [INFO] CmdLine:76 -  model: macc=67,960 weights=14,348 activations=-- io=--
2025-09-30 15:36:38,378 [INFO] CmdLine:76 -  Number of operations per c-layer
2025-09-30 15:36:38,379 [INFO] CmdLine:76 -  ------- ------ ------------------------ -------- --------------
2025-09-30 15:36:38,379 [INFO] CmdLine:76 -  c_id    m_id   name (type)                   #op           type
2025-09-30 15:36:38,379 [INFO] CmdLine:76 -  ------- ------ ------------------------ -------- --------------
2025-09-30 15:36:38,379 [INFO] CmdLine:76 -  0       0      lstm_1 (LSTM)              67,680   smul_f32_f32
2025-09-30 15:36:38,379 [INFO] CmdLine:76 -  1       2      dense_1_dense (Dense)         200   smul_f32_f32
2025-09-30 15:36:38,379 [INFO] CmdLine:76 -  2       2      dense_1 (Nonlinearity)          8     op_f32_f32
2025-09-30 15:36:38,380 [INFO] CmdLine:76 -  3       3      output_dense (Dense)           27   smul_f32_f32
2025-09-30 15:36:38,380 [INFO] CmdLine:76 -  4       3      output (Nonlinearity)          45     op_f32_f32
2025-09-30 15:36:38,380 [INFO] CmdLine:76 -  ------- ------ ------------------------ -------- --------------
2025-09-30 15:36:38,380 [INFO] CmdLine:76 -  total                                     67,960
2025-09-30 15:36:38,381 [INFO] CmdLine:76 -  Number of operation types
2025-09-30 15:36:38,381 [INFO] CmdLine:76 -  ---------------- -------- -----------
2025-09-30 15:36:38,381 [INFO] CmdLine:76 -  operation type          #           %
2025-09-30 15:36:38,381 [INFO] CmdLine:76 -  ---------------- -------- -----------
2025-09-30 15:36:38,382 [INFO] CmdLine:76 -  smul_f32_f32       67,907       99.9%
2025-09-30 15:36:38,382 [INFO] CmdLine:76 -  op_f32_f32             53        0.1%
2025-09-30 15:36:38,382 [INFO] CmdLine:76 -  Complexity report (model)
2025-09-30 15:36:38,382 [INFO] CmdLine:76 -  ------ --------------- ------------------------- ------------------------- --------
2025-09-30 15:36:38,383 [INFO] CmdLine:76 -  m_id   name            c_macc                    c_rom                     c_id
2025-09-30 15:36:38,383 [INFO] CmdLine:76 -  ------ --------------- ------------------------- ------------------------- --------
2025-09-30 15:36:38,383 [INFO] CmdLine:76 -  0      input_0         ||||||||||||||||  99.6%   ||||||||||||||||  93.8%   [0]
2025-09-30 15:36:38,383 [INFO] CmdLine:76 -  2      dense_1_dense   |                  0.3%   |                  5.5%   [1, 2]
2025-09-30 15:36:38,384 [INFO] CmdLine:76 -  3      output_dense    |                  0.1%   |                  0.7%   [3, 4]
2025-09-30 15:36:38,384 [INFO] CmdLine:76 -  ------ --------------- ------------------------- ------------------------- --------
2025-09-30 15:36:38,384 [INFO] CmdLine:76 -  macc=67,960 weights=14,636 act=1,568 ram_io=0
2025-09-30 15:36:38,384 [INFO] CmdLine:76 -  Requested memory size by section - "stm32n6" target
2025-09-30 15:36:38,384 [INFO] CmdLine:76 -  ------------------------------- -------- -------- ------- -------
2025-09-30 15:36:38,384 [INFO] CmdLine:76 -  module                              text   rodata    data     bss
2025-09-30 15:36:38,385 [INFO] CmdLine:76 -  ------------------------------- -------- -------- ------- -------
2025-09-30 15:36:38,385 [INFO] CmdLine:76 -  NetworkRuntime1020_CM55_GCC.a     15,800       32       0       0
2025-09-30 15:36:38,385 [INFO] CmdLine:76 -  network.o                            596       40   1,888     136
2025-09-30 15:36:38,385 [INFO] CmdLine:76 -  network_data.o                        48       16      88       0
2025-09-30 15:36:38,385 [INFO] CmdLine:76 -  lib (toolchain)*                   1,132      340       0       0
2025-09-30 15:36:38,386 [INFO] CmdLine:76 -  ------------------------------- -------- -------- ------- -------
2025-09-30 15:36:38,386 [INFO] CmdLine:76 -  RT total**                        17,576      428   1,976     136
2025-09-30 15:36:38,386 [INFO] CmdLine:76 -  ------------------------------- -------- -------- ------- -------
2025-09-30 15:36:38,386 [INFO] CmdLine:76 -  weights                                0   14,640       0       0
2025-09-30 15:36:38,386 [INFO] CmdLine:76 -  activations                            0        0       0   1,568
2025-09-30 15:36:38,386 [INFO] CmdLine:76 -  io                                     0        0       0       0
2025-09-30 15:36:38,387 [INFO] CmdLine:76 -  ------------------------------- -------- -------- ------- -------
2025-09-30 15:36:38,387 [INFO] CmdLine:76 -  TOTAL                             17,576   15,068   1,976   1,704
2025-09-30 15:36:38,387 [INFO] CmdLine:76 -  ------------------------------- -------- -------- ------- -------
2025-09-30 15:36:38,387 [INFO] CmdLine:76 -  *  toolchain objects (libm/libgcc*)
2025-09-30 15:36:38,387 [INFO] CmdLine:76 -  ** RT AI runtime objects (kernels+infrastructure)
2025-09-30 15:36:38,387 [INFO] CmdLine:76 -   Summary - "stm32n6" target
2025-09-30 15:36:38,388 [INFO] CmdLine:76 -   ---------------------------------------------------
2025-09-30 15:36:38,388 [INFO] CmdLine:76 -                FLASH (ro)      %*   RAM (rw)       %
2025-09-30 15:36:38,388 [INFO] CmdLine:76 -   ---------------------------------------------------
2025-09-30 15:36:38,388 [INFO] CmdLine:76 -   RT total         19,980   57.7%      2,112   57.4%
2025-09-30 15:36:38,388 [INFO] CmdLine:76 -   ---------------------------------------------------
2025-09-30 15:36:38,388 [INFO] CmdLine:76 -   TOTAL            34,620              3,680
2025-09-30 15:36:38,389 [INFO] CmdLine:76 -   ---------------------------------------------------
2025-09-30 15:36:38,389 [INFO] CmdLine:76 -   *  rt/total
2025-09-30 15:36:38,389 [INFO] CmdLine:76 - Creating txt report file C:\Users\ZOJOLDRI\.stm32cubemx\network_output\network_analyze_report.txt
2025-09-30 15:36:40,757 [INFO] CmdLine:76 - elapsed time (analyze): 71.912s
2025-09-30 15:36:41,172 [INFO] CmdLine:148 - stedgeai exit with status: 0
2025-09-30 15:36:41,188 [INFO] AIModelDetailledView:1184 - Model file:      lstm_ab_encoder.h5
2025-09-30 15:36:41,188 [INFO] AIModelDetailledView:1184 - Total Flash:     34616 B (33.80 KiB)
2025-09-30 15:36:41,191 [INFO] AIModelDetailledView:1184 -     Weights:     14636 B (14.29 KiB)
2025-09-30 15:36:41,191 [INFO] AIModelDetailledView:1184 -     Library:     19980 B (19.51 KiB)
2025-09-30 15:36:41,192 [INFO] AIModelDetailledView:1184 - Total Ram:       3680 B (3.59 KiB)
2025-09-30 15:36:41,193 [INFO] AIModelDetailledView:1184 -     Activations: 1568 B (1.53 KiB)
2025-09-30 15:36:41,193 [INFO] AIModelDetailledView:1184 -     Library:     2112 B (2.06 KiB)
2025-09-30 15:36:41,194 [INFO] AIModelDetailledView:1184 -     Input:       800 B (included in Activations)
2025-09-30 15:36:41,194 [INFO] AIModelDetailledView:1184 -     Output:      12 B (included in Activations)
2025-09-30 15:36:41,194 [INFO] AIModelDetailledView:1184 - Done
2025-09-30 15:36:41,194 [INFO] AIModelDetailledView:2715 - Analyze complete on AI model
2025-09-30 15:36:41,198 [INFO] AIModelDetailledView:2380 - Analysis status: done
2025-09-30 15:45:31,699 [INFO] UtilMem:75 - End SaveConfig() Used Memory: 811877840 Bytes (1073741824)
2025-09-30 15:45:32,875 [ERROR] IocParser:95 - Exception caught: null
2025-09-30 15:45:33,158 [INFO] BlockDiagram:2775 - set Specific Code input for plugin: EXTMEM_MANAGER
2025-09-30 15:45:33,158 [INFO] BlockDiagram:2775 - set Specific Code input for plugin: RAMCFG
2025-09-30 15:45:33,158 [INFO] BlockDiagram:2775 - set Specific Code input for plugin: RCC
2025-09-30 15:45:33,158 [INFO] BlockDiagram:2775 - set Specific Code input for plugin: CORTEX_M55_FSBL
2025-09-30 15:45:33,158 [INFO] BlockDiagram:2775 - set Specific Code input for plugin: XSPIM
2025-09-30 15:45:33,158 [INFO] BlockDiagram:2775 - set Specific Code input for plugin: STMicroelectronics.X-CUBE-AI.10.2.0
2025-09-30 15:45:33,158 [INFO] BlockDiagram:2775 - set Specific Code input for plugin: XSPI
2025-09-30 15:45:33,158 [INFO] BlockDiagram:2775 - set Specific Code input for plugin: NUCLEO-N657X0-Q
2025-09-30 15:45:33,158 [INFO] BlockDiagram:2775 - set Specific Code input for plugin: TIM1_8N6
2025-09-30 15:45:33,159 [INFO] BlockDiagram:2775 - set Specific Code input for plugin: CACHEAXI
2025-09-30 15:45:33,159 [INFO] BlockDiagram:2775 - set Specific Code input for plugin: BSEC
2025-09-30 15:45:33,159 [INFO] BlockDiagram:2775 - set Specific Code input for plugin: LPUART
2025-09-30 15:45:33,159 [INFO] BlockDiagram:2775 - set Specific Code input for plugin: NVIC
2025-09-30 15:45:33,159 [INFO] BlockDiagram:2775 - set Specific Code input for plugin: GPIO
2025-09-30 15:45:33,159 [INFO] BlockDiagram:2775 - set Specific Code input for plugin: RIF
2025-09-30 15:45:33,160 [INFO] BlockDiagram:2775 - set Specific Code input for plugin: NVIC1
2025-09-30 15:45:33,162 [INFO] CodeGenerator:892 - code generatio: config db path: C:\ST\STM32CubeIDE_1.19.0\STM32CubeIDE\plugins\com.st.stm32cube.common.mx_6.15.0.202507011659\\db\
2025-09-30 15:45:33,178 [WARN] IP:2250 - RefParam_XIP_memory not found: check if there is a RefParameter without a condition.
2025-09-30 15:45:33,179 [WARN] IP:2250 - RefParam_MEMORY_1_Size not found: check if there is a RefParameter without a condition.
2025-09-30 15:45:33,179 [WARN] IP:2250 - RefParam_MEMORY_1_FreqMax not found: check if there is a RefParameter without a condition.
2025-09-30 15:45:33,179 [WARN] IP:2250 - RefParam_MEMORY_1_ReadReg not found: check if there is a RefParameter without a condition.
2025-09-30 15:45:33,179 [WARN] IP:2250 - RefParam_MEMORY_1_WriteReg not found: check if there is a RefParameter without a condition.
2025-09-30 15:45:33,179 [WARN] IP:2250 - RefParam_MEMORY_1_RegSize not found: check if there is a RefParameter without a condition.
2025-09-30 15:45:33,179 [WARN] IP:2250 - RefParam_MEMORY_1_RegDummyCycle not found: check if there is a RefParameter without a condition.
2025-09-30 15:45:33,179 [WARN] IP:2250 - RefParam_MEMORY_1_WriteCommand not found: check if there is a RefParameter without a condition.
2025-09-30 15:45:33,179 [WARN] IP:2250 - RefParam_MEMORY_1_WriteDummyCycle not found: check if there is a RefParameter without a condition.
2025-09-30 15:45:33,179 [WARN] IP:2250 - RefParam_MEMORY_1_ReadCommand not found: check if there is a RefParameter without a condition.
2025-09-30 15:45:33,180 [WARN] IP:2250 - RefParam_MEMORY_1_WrapReadCommand not found: check if there is a RefParameter without a condition.
2025-09-30 15:45:33,180 [WARN] IP:2250 - RefParam_MEMORY_1_ReadDummyCycle not found: check if there is a RefParameter without a condition.
2025-09-30 15:45:33,180 [WARN] IP:2250 - RefParam_MEMORY_1_NumberOfConfig not found: check if there is a RefParameter without a condition.
2025-09-30 15:45:33,180 [WARN] IP:2250 - RefParam_MEMORY_1_Config1_WriteMask not found: check if there is a RefParameter without a condition.
2025-09-30 15:45:33,180 [WARN] IP:2250 - RefParam_MEMORY_1_Config1_WriteValue not found: check if there is a RefParameter without a condition.
2025-09-30 15:45:33,180 [WARN] IP:2250 - RefParam_MEMORY_1_Config1_RegAddress not found: check if there is a RefParameter without a condition.
2025-09-30 15:45:33,180 [WARN] IP:2250 - RefParam_MEMORY_1_Config2_WriteMask not found: check if there is a RefParameter without a condition.
2025-09-30 15:45:33,180 [WARN] IP:2250 - RefParam_MEMORY_1_Config2_WriteValue not found: check if there is a RefParameter without a condition.
2025-09-30 15:45:33,180 [WARN] IP:2250 - RefParam_MEMORY_1_Config2_RegAddress not found: check if there is a RefParameter without a condition.
2025-09-30 15:45:33,180 [WARN] IP:2250 - RefParam_MEMORY_1_Config3_WriteMask not found: check if there is a RefParameter without a condition.
2025-09-30 15:45:33,180 [WARN] IP:2250 - RefParam_MEMORY_1_Config3_WriteValue not found: check if there is a RefParameter without a condition.
2025-09-30 15:45:33,180 [WARN] IP:2250 - RefParam_MEMORY_1_Config3_RegAddress not found: check if there is a RefParameter without a condition.
2025-09-30 15:45:33,180 [WARN] IP:2250 - RefParam_MEMORY_2_Instance not found: check if there is a RefParameter without a condition.
2025-09-30 15:45:33,180 [WARN] IP:2250 - RefParam_MEMORY_2_ConfigType not found: check if there is a RefParameter without a condition.
2025-09-30 15:45:33,180 [WARN] IP:2250 - RefParam_MEMORY_2_Size not found: check if there is a RefParameter without a condition.
2025-09-30 15:45:33,180 [WARN] IP:2250 - RefParam_MEMORY_2_FreqMax not found: check if there is a RefParameter without a condition.
2025-09-30 15:45:33,180 [WARN] IP:2250 - RefParam_MEMORY_2_ReadReg not found: check if there is a RefParameter without a condition.
2025-09-30 15:45:33,180 [WARN] IP:2250 - RefParam_MEMORY_2_WriteReg not found: check if there is a RefParameter without a condition.
2025-09-30 15:45:33,181 [WARN] IP:2250 - RefParam_MEMORY_2_RegSize not found: check if there is a RefParameter without a condition.
2025-09-30 15:45:33,181 [WARN] IP:2250 - RefParam_MEMORY_2_RegDummyCycle not found: check if there is a RefParameter without a condition.
2025-09-30 15:45:33,181 [WARN] IP:2250 - RefParam_MEMORY_2_WriteCommand not found: check if there is a RefParameter without a condition.
2025-09-30 15:45:33,181 [WARN] IP:2250 - RefParam_MEMORY_2_WriteDummyCycle not found: check if there is a RefParameter without a condition.
2025-09-30 15:45:33,181 [WARN] IP:2250 - RefParam_MEMORY_2_ReadCommand not found: check if there is a RefParameter without a condition.
2025-09-30 15:45:33,181 [WARN] IP:2250 - RefParam_MEMORY_2_WrapReadCommand not found: check if there is a RefParameter without a condition.
2025-09-30 15:45:33,181 [WARN] IP:2250 - RefParam_MEMORY_2_ReadDummyCycle not found: check if there is a RefParameter without a condition.
2025-09-30 15:45:33,181 [WARN] IP:2250 - RefParam_MEMORY_2_NumberOfConfig not found: check if there is a RefParameter without a condition.
2025-09-30 15:45:33,181 [WARN] IP:2250 - RefParam_MEMORY_2_Config1_WriteMask not found: check if there is a RefParameter without a condition.
2025-09-30 15:45:33,181 [WARN] IP:2250 - RefParam_MEMORY_2_Config1_WriteValue not found: check if there is a RefParameter without a condition.
2025-09-30 15:45:33,181 [WARN] IP:2250 - RefParam_MEMORY_2_Config1_RegAddress not found: check if there is a RefParameter without a condition.
2025-09-30 15:45:33,181 [WARN] IP:2250 - RefParam_MEMORY_2_Config2_WriteMask not found: check if there is a RefParameter without a condition.
2025-09-30 15:45:33,181 [WARN] IP:2250 - RefParam_MEMORY_2_Config2_WriteValue not found: check if there is a RefParameter without a condition.
2025-09-30 15:45:33,181 [WARN] IP:2250 - RefParam_MEMORY_2_Config2_RegAddress not found: check if there is a RefParameter without a condition.
2025-09-30 15:45:33,181 [WARN] IP:2250 - RefParam_MEMORY_2_Config3_WriteMask not found: check if there is a RefParameter without a condition.
2025-09-30 15:45:33,181 [WARN] IP:2250 - RefParam_MEMORY_2_Config3_WriteValue not found: check if there is a RefParameter without a condition.
2025-09-30 15:45:33,182 [WARN] IP:2250 - RefParam_MEMORY_2_Config3_RegAddress not found: check if there is a RefParameter without a condition.
2025-09-30 15:45:33,326 [INFO] Middleware:1452 - No code input for Bsp Dependency
2025-09-30 15:45:33,328 [INFO] Middleware:1452 - No code input for Bsp Dependency
2025-09-30 15:45:33,330 [INFO] Middleware:1452 - No code input for Bsp Dependency
2025-09-30 15:45:33,331 [INFO] Middleware:1452 - No code input for Bsp Dependency
2025-09-30 15:45:33,331 [INFO] Middleware:1452 - No code input for Bsp Dependency
2025-09-30 15:45:33,332 [INFO] IP:3329 - RTE Config file name : RTE_Component
2025-09-30 15:45:33,332 [INFO] IP:3347 - RTE template : RTE_Components.ftl
2025-09-30 15:45:33,333 [INFO] Middleware:1452 - No code input for Bsp Dependency
2025-09-30 15:45:33,334 [INFO] Middleware:1452 - No code input for Bsp Dependency
2025-09-30 15:45:33,336 [INFO] Middleware:1452 - No code input for Bsp Dependency
2025-09-30 15:45:33,336 [INFO] CodeGenerator:1619 - *******************Project context FSBL selected
2025-09-30 15:45:33,417 [INFO] CodeEngine:265 - oldGeneratedFile, C:\ST\AB_LSTM\AB_LSTM\MXTmpFiles\license.tmp_save
2025-09-30 15:45:33,735 [INFO] CodeEngine:289 - Generated code: C:\ST\AB_LSTM\AB_LSTM\MXTmpFiles\license.tmp
2025-09-30 15:45:33,798 [INFO] CodeEngine:265 - oldGeneratedFile, C:\ST\AB_LSTM\AB_LSTM\FSBL\MXTmpFiles\gpio.tmp_save
2025-09-30 15:45:33,959 [INFO] CodeEngine:289 - Generated code: C:\ST\AB_LSTM\AB_LSTM\FSBL\MXTmpFiles\gpio.tmp
2025-09-30 15:45:34,162 [WARN] IPConfigManager:103 - WARNING: Missing Config File for XSPIM ip!!
2025-09-30 15:45:34,228 [INFO] Middleware:1452 - No code input for Bsp Dependency
2025-09-30 15:45:34,237 [INFO] CodeEngine:265 - oldGeneratedFile, C:\ST\AB_LSTM\AB_LSTM\FSBL\MXTmpFiles\boot_code.tmp_save
2025-09-30 15:45:34,362 [INFO] CodeEngine:289 - Generated code: C:\ST\AB_LSTM\AB_LSTM\FSBL\MXTmpFiles\boot_code.tmp
2025-09-30 15:45:34,385 [INFO] CodeEngine:265 - oldGeneratedFile, C:\ST\AB_LSTM\AB_LSTM\FSBL\MXTmpFiles\cortex.tmp_save
2025-09-30 15:45:34,526 [INFO] CodeEngine:289 - Generated code: C:\ST\AB_LSTM\AB_LSTM\FSBL\MXTmpFiles\cortex.tmp
2025-09-30 15:45:34,540 [INFO] Middleware:1452 - No code input for Bsp Dependency
2025-09-30 15:45:34,550 [INFO] CodeEngine:265 - oldGeneratedFile, C:\ST\AB_LSTM\AB_LSTM\FSBL\Core\Inc\extmem_manager.h_save
2025-09-30 15:45:34,703 [INFO] CodeEngine:289 - Generated code: C:\ST\AB_LSTM\AB_LSTM\FSBL\Core\Inc\extmem_manager.h
2025-09-30 15:45:34,713 [INFO] CodeEngine:265 - oldGeneratedFile, C:\ST\AB_LSTM\AB_LSTM\FSBL\Core\Src\extmem_manager.c_save
2025-09-30 15:45:34,847 [INFO] CodeEngine:289 - Generated code: C:\ST\AB_LSTM\AB_LSTM\FSBL\Core\Src\extmem_manager.c
2025-09-30 15:45:34,855 [INFO] CodeEngine:265 - oldGeneratedFile, C:\ST\AB_LSTM\AB_LSTM\FSBL\Core\Inc\stm32_extmem_conf.h_save
2025-09-30 15:45:35,004 [INFO] CodeEngine:289 - Generated code: C:\ST\AB_LSTM\AB_LSTM\FSBL\Core\Inc\stm32_extmem_conf.h
2025-09-30 15:45:35,014 [INFO] CodeEngine:265 - oldGeneratedFile, C:\ST\AB_LSTM\AB_LSTM\FSBL\MXTmpFiles\boot_code.tmp_save
2025-09-30 15:45:35,074 [INFO] CodeEngine:289 - Generated code: C:\ST\AB_LSTM\AB_LSTM\FSBL\MXTmpFiles\boot_code.tmp
2025-09-30 15:45:35,107 [INFO] CodeEngine:265 - oldGeneratedFile, C:\ST\AB_LSTM\AB_LSTM\FSBL\Core\Src\stm32n6xx_it.c_save
2025-09-30 15:45:35,389 [INFO] CodeEngine:289 - Generated code: C:\ST\AB_LSTM\AB_LSTM\FSBL\Core\Src\stm32n6xx_it.c
2025-09-30 15:45:35,400 [INFO] CodeEngine:265 - oldGeneratedFile, C:\ST\AB_LSTM\AB_LSTM\FSBL\Core\Inc\stm32n6xx_it.h_save
2025-09-30 15:45:35,563 [INFO] CodeEngine:289 - Generated code: C:\ST\AB_LSTM\AB_LSTM\FSBL\Core\Inc\stm32n6xx_it.h
2025-09-30 15:45:35,697 [INFO] CodeEngine:265 - oldGeneratedFile, C:\ST\AB_LSTM\AB_LSTM\FSBL\Core\Src\stm32n6xx_hal_msp.c_save
2025-09-30 15:45:35,902 [INFO] CodeEngine:289 - Generated code: C:\ST\AB_LSTM\AB_LSTM\FSBL\Core\Src\stm32n6xx_hal_msp.c
2025-09-30 15:45:35,916 [INFO] CodeEngine:265 - oldGeneratedFile, C:\ST\AB_LSTM\AB_LSTM\FSBL\MXTmpFiles\system.tmp_save
2025-09-30 15:45:35,981 [INFO] CodeEngine:289 - Generated code: C:\ST\AB_LSTM\AB_LSTM\FSBL\MXTmpFiles\system.tmp
2025-09-30 15:45:36,005 [INFO] CodeEngine:321 - oldGeneratedFile, C:\ST\AB_LSTM\AB_LSTM\FSBL\Core\Inc\stm32n6xx_hal_conf.h_save
2025-09-30 15:45:36,137 [INFO] CodeEngine:345 - Generated code: C:\ST\AB_LSTM\AB_LSTM\FSBL\Core\Inc\stm32n6xx_hal_conf.h
2025-09-30 15:45:36,160 [WARN] IPConfigManager:3238 - Warning: the RefConfig RCC_ConfigVoltageScaling is not available in your config.xml file
2025-09-30 15:45:36,167 [WARN] IPConfigManager:3238 - Warning: the RefConfig RCC_RTC_HSEDIV is not available in your config.xml file
2025-09-30 15:45:36,175 [ERROR] ApiDbMcu:560 - Cannot parse XSPIM_Config file : file do not exist
2025-09-30 15:45:36,189 [INFO] CodeEngine:265 - oldGeneratedFile, C:\ST\AB_LSTM\AB_LSTM\FSBL\Core\Inc\main.h_save
2025-09-30 15:45:36,338 [INFO] CodeEngine:289 - Generated code: C:\ST\AB_LSTM\AB_LSTM\FSBL\Core\Inc\main.h
2025-09-30 15:45:36,346 [INFO] CodeEngine:265 - oldGeneratedFile, C:\ST\AB_LSTM\AB_LSTM\FSBL\Core\Src\main.c_save
2025-09-30 15:45:36,519 [INFO] CodeEngine:289 - Generated code: C:\ST\AB_LSTM\AB_LSTM\FSBL\Core\Src\main.c
2025-09-30 15:45:36,571 [INFO] CodeGenerator:1619 - *******************Project context Appli selected
2025-09-30 15:45:36,607 [INFO] IP:3329 - RTE Config file name : RTE_Component
2025-09-30 15:45:36,608 [INFO] IP:3347 - RTE template : RTE_Components.ftl
2025-09-30 15:45:36,618 [INFO] CodeEngine:265 - oldGeneratedFile, C:\ST\AB_LSTM\AB_LSTM\MXTmpFiles\license.tmp_save
2025-09-30 15:45:36,700 [INFO] CodeEngine:289 - Generated code: C:\ST\AB_LSTM\AB_LSTM\MXTmpFiles\license.tmp
2025-09-30 15:45:36,730 [INFO] CodeEngine:265 - oldGeneratedFile, C:\ST\AB_LSTM\AB_LSTM\Appli\MXTmpFiles\gpio.tmp_save
2025-09-30 15:45:36,843 [INFO] CodeEngine:289 - Generated code: C:\ST\AB_LSTM\AB_LSTM\Appli\MXTmpFiles\gpio.tmp
2025-09-30 15:45:36,945 [WARN] IPConfigManager:103 - WARNING: Missing Config File for NVIC ip!!
2025-09-30 15:45:37,054 [INFO] Middleware:1452 - No code input for Bsp Dependency
2025-09-30 15:45:37,055 [INFO] Middleware:1452 - No code input for Bsp Dependency
2025-09-30 15:45:37,055 [INFO] IP:3329 - RTE Config file name : RTE_Component
2025-09-30 15:45:37,056 [INFO] IP:3347 - RTE template : RTE_Components.ftl
2025-09-30 15:45:37,066 [INFO] CodeEngine:265 - oldGeneratedFile, C:\ST\AB_LSTM\AB_LSTM\Appli\MXTmpFiles\cortex.tmp_save
2025-09-30 15:45:37,151 [INFO] CodeEngine:289 - Generated code: C:\ST\AB_LSTM\AB_LSTM\Appli\MXTmpFiles\cortex.tmp
2025-09-30 15:45:37,185 [INFO] CodeEngine:265 - oldGeneratedFile, C:\ST\AB_LSTM\AB_LSTM\Appli\Core\Inc\stm32n6xx_nucleo_conf.h_save
2025-09-30 15:45:37,314 [INFO] CodeEngine:289 - Generated code: C:\ST\AB_LSTM\AB_LSTM\Appli\Core\Inc\stm32n6xx_nucleo_conf.h
2025-09-30 15:45:37,321 [INFO] CodeEngine:265 - oldGeneratedFile, C:\ST\AB_LSTM\AB_LSTM\Appli\MXTmpFiles\bsp_inc.tmp_save
2025-09-30 15:45:37,382 [INFO] CodeEngine:289 - Generated code: C:\ST\AB_LSTM\AB_LSTM\Appli\MXTmpFiles\bsp_inc.tmp
2025-09-30 15:45:37,398 [INFO] CodeEngine:265 - oldGeneratedFile, C:\ST\AB_LSTM\AB_LSTM\Appli\MXTmpFiles\bsp_common_vars.tmp_save
2025-09-30 15:45:37,446 [INFO] CodeEngine:289 - Generated code: C:\ST\AB_LSTM\AB_LSTM\Appli\MXTmpFiles\bsp_common_vars.tmp
2025-09-30 15:45:37,450 [INFO] CodeEngine:265 - oldGeneratedFile, C:\ST\AB_LSTM\AB_LSTM\Appli\MXTmpFiles\bsp_common_init.tmp_save
2025-09-30 15:45:37,502 [INFO] CodeEngine:289 - Generated code: C:\ST\AB_LSTM\AB_LSTM\Appli\MXTmpFiles\bsp_common_init.tmp
2025-09-30 15:45:37,515 [INFO] CodeEngine:265 - oldGeneratedFile, C:\ST\AB_LSTM\AB_LSTM\Appli\MXTmpFiles\bsp_common_demo_before_while.tmp_save
2025-09-30 15:45:37,558 [INFO] CodeEngine:289 - Generated code: C:\ST\AB_LSTM\AB_LSTM\Appli\MXTmpFiles\bsp_common_demo_before_while.tmp
2025-09-30 15:45:37,563 [INFO] CodeEngine:265 - oldGeneratedFile, C:\ST\AB_LSTM\AB_LSTM\Appli\MXTmpFiles\bsp_common_demo_inside_while.tmp_save
2025-09-30 15:45:37,623 [INFO] CodeEngine:289 - Generated code: C:\ST\AB_LSTM\AB_LSTM\Appli\MXTmpFiles\bsp_common_demo_inside_while.tmp
2025-09-30 15:45:37,631 [INFO] CodeEngine:265 - oldGeneratedFile, C:\ST\AB_LSTM\AB_LSTM\Appli\MXTmpFiles\bsp_common_demo_fct.tmp_save
2025-09-30 15:45:37,697 [INFO] CodeEngine:289 - Generated code: C:\ST\AB_LSTM\AB_LSTM\Appli\MXTmpFiles\bsp_common_demo_fct.tmp
2025-09-30 15:45:37,706 [INFO] Middleware:1452 - No code input for Bsp Dependency
2025-09-30 15:45:37,707 [INFO] Middleware:1452 - No code input for Bsp Dependency
2025-09-30 15:45:37,707 [INFO] IP:3329 - RTE Config file name : RTE_Component
2025-09-30 15:45:37,707 [INFO] IP:3347 - RTE template : RTE_Components.ftl
2025-09-30 15:45:37,720 [INFO] CodeEngine:265 - oldGeneratedFile, C:\ST\AB_LSTM\AB_LSTM\Appli\X-CUBE-AI\App\app_x-cube-ai.h_save
2025-09-30 15:45:37,918 [INFO] CodeEngine:289 - Generated code: C:\ST\AB_LSTM\AB_LSTM\Appli\X-CUBE-AI\App\app_x-cube-ai.h
2025-09-30 15:45:37,932 [INFO] CodeEngine:265 - oldGeneratedFile, C:\ST\AB_LSTM\AB_LSTM\Appli\X-CUBE-AI\constants_ai.h_save
2025-09-30 15:45:38,015 [INFO] CodeEngine:289 - Generated code: C:\ST\AB_LSTM\AB_LSTM\Appli\X-CUBE-AI\constants_ai.h
2025-09-30 15:45:38,023 [INFO] CodeEngine:265 - oldGeneratedFile, C:\ST\AB_LSTM\AB_LSTM\Appli\X-CUBE-AI\App\app_x-cube-ai.c_save
2025-09-30 15:45:38,138 [INFO] CodeEngine:289 - Generated code: C:\ST\AB_LSTM\AB_LSTM\Appli\X-CUBE-AI\App\app_x-cube-ai.c
2025-09-30 15:45:38,181 [INFO] CodeEngine:265 - oldGeneratedFile, C:\ST\AB_LSTM\AB_LSTM\Appli\Core\Src\stm32n6xx_it.c_save
2025-09-30 15:45:38,371 [INFO] CodeEngine:289 - Generated code: C:\ST\AB_LSTM\AB_LSTM\Appli\Core\Src\stm32n6xx_it.c
2025-09-30 15:45:38,387 [INFO] CodeEngine:265 - oldGeneratedFile, C:\ST\AB_LSTM\AB_LSTM\Appli\Core\Inc\stm32n6xx_it.h_save
2025-09-30 15:45:38,457 [INFO] CodeEngine:289 - Generated code: C:\ST\AB_LSTM\AB_LSTM\Appli\Core\Inc\stm32n6xx_it.h
2025-09-30 15:45:38,462 [INFO] IP:3329 - RTE Config file name : RTE_Component
2025-09-30 15:45:38,462 [INFO] IP:3347 - RTE template : RTE_Components.ftl
2025-09-30 15:45:38,462 [INFO] CodeGenerator:2312 - Add RTE Code Input 
2025-09-30 15:45:38,470 [INFO] CodeEngine:265 - oldGeneratedFile, C:\ST\AB_LSTM\AB_LSTM\Appli\Core\Inc\RTE_Components.h_save
2025-09-30 15:45:38,594 [INFO] CodeEngine:289 - Generated code: C:\ST\AB_LSTM\AB_LSTM\Appli\Core\Inc\RTE_Components.h
2025-09-30 15:45:38,606 [INFO] CodeEngine:265 - oldGeneratedFile, C:\ST\AB_LSTM\AB_LSTM\Appli\MXTmpFiles\RIFInit.tmp_save
2025-09-30 15:45:38,712 [INFO] CodeEngine:289 - Generated code: C:\ST\AB_LSTM\AB_LSTM\Appli\MXTmpFiles\RIFInit.tmp
2025-09-30 15:45:38,806 [INFO] CodeEngine:265 - oldGeneratedFile, C:\ST\AB_LSTM\AB_LSTM\Appli\Core\Src\stm32n6xx_hal_msp.c_save
2025-09-30 15:45:38,953 [INFO] CodeEngine:289 - Generated code: C:\ST\AB_LSTM\AB_LSTM\Appli\Core\Src\stm32n6xx_hal_msp.c
2025-09-30 15:45:38,960 [INFO] CodeEngine:265 - oldGeneratedFile, C:\ST\AB_LSTM\AB_LSTM\Appli\MXTmpFiles\system.tmp_save
2025-09-30 15:45:39,001 [INFO] CodeEngine:289 - Generated code: C:\ST\AB_LSTM\AB_LSTM\Appli\MXTmpFiles\system.tmp
2025-09-30 15:45:39,017 [INFO] CodeEngine:321 - oldGeneratedFile, C:\ST\AB_LSTM\AB_LSTM\Appli\Core\Inc\stm32n6xx_hal_conf.h_save
2025-09-30 15:45:39,147 [INFO] CodeEngine:345 - Generated code: C:\ST\AB_LSTM\AB_LSTM\Appli\Core\Inc\stm32n6xx_hal_conf.h
2025-09-30 15:45:39,165 [WARN] IPConfigManager:3238 - Warning: the RefConfig RCC_ConfigVoltageScaling is not available in your config.xml file
2025-09-30 15:45:39,167 [WARN] IPConfigManager:3238 - Warning: the RefConfig RCC_RTC_HSEDIV is not available in your config.xml file
2025-09-30 15:45:39,181 [WARN] IPConfigManager:3811 - IP not found : TIM
2025-09-30 15:45:39,182 [WARN] CodeGenerator:4259 - IP not found : null
2025-09-30 15:45:39,191 [INFO] CodeEngine:265 - oldGeneratedFile, C:\ST\AB_LSTM\AB_LSTM\Appli\Core\Inc\main.h_save
2025-09-30 15:45:39,328 [INFO] CodeEngine:289 - Generated code: C:\ST\AB_LSTM\AB_LSTM\Appli\Core\Inc\main.h
2025-09-30 15:45:39,341 [INFO] CodeEngine:265 - oldGeneratedFile, C:\ST\AB_LSTM\AB_LSTM\Appli\Core\Src\main.c_save
2025-09-30 15:45:39,494 [INFO] CodeEngine:289 - Generated code: C:\ST\AB_LSTM\AB_LSTM\Appli\Core\Src\main.c
2025-09-30 15:45:39,505 [INFO] CodeEngine:265 - oldGeneratedFile, C:\ST\AB_LSTM\AB_LSTM\Appli\Core\Src\secure_nsc.c_save
2025-09-30 15:45:39,590 [INFO] CodeEngine:289 - Generated code: C:\ST\AB_LSTM\AB_LSTM\Appli\Core\Src\secure_nsc.c
2025-09-30 15:45:39,596 [INFO] CodeEngine:265 - oldGeneratedFile, C:\ST\AB_LSTM\AB_LSTM\Appli\Core\Inc\partition_stm32n657xx.h_save
2025-09-30 15:45:39,681 [INFO] CodeEngine:289 - Generated code: C:\ST\AB_LSTM\AB_LSTM\Appli\Core\Inc\partition_stm32n657xx.h
2025-09-30 15:45:39,687 [INFO] CodeEngine:265 - oldGeneratedFile, C:\ST\AB_LSTM\AB_LSTM\Secure_nsclib\secure_nsc.h_save
2025-09-30 15:45:39,744 [INFO] CodeEngine:289 - Generated code: C:\ST\AB_LSTM\AB_LSTM\Secure_nsclib\secure_nsc.h
2025-09-30 15:45:39,780 [INFO] CodeGenerator:1707 - *******************Project context ExtMemLoader Not selected
2025-09-30 15:45:40,734 [INFO] AInterface:322 - ModelName:network; files:[C:\Users\ZOJOLDRI\OneDrive - Carl Zeiss AG\Dokumente\Zeiss\SMT\Bachelor\AB Encoder Model\AB_Encoder_Synthetic_Data\lstm_ab_encoder.h5]; type:Keras; compression:None
2025-09-30 15:45:40,735 [INFO] AInterface:526 - workspaceTempDir: C:/Users/ZOJOLDRI/AppData/Local/Temp/mxAI_workspace10954495320045006750727117636085187
2025-09-30 15:45:40,735 [INFO] AInterface:1176 - Setting Env: C:/Users/ZOJOLDRI/STM32Cube/Repository/Packs/STMicroelectronics/X-CUBE-AI/10.2.0/Utilities/windows
2025-09-30 15:45:40,743 [INFO] STM32CubeIDEBuilder:265 - Looking for gnu-tools-for-stm32 tools/bin/arm-none-eabi-gcc.exe in C:\ST\STM32CubeIDE_1.19.0\STM32CubeIDE
2025-09-30 15:45:40,745 [INFO] STM32CubeIDEBuilder:294 - checking C:\ST\STM32CubeIDE_1.19.0\STM32CubeIDE\plugins\com.st.stm32cube.ide.mcu.externaltools.gnu-tools-for-stm32.13.3.rel1.win32_1.0.0.202411081344\tools\bin\arm-none-eabi-gcc.exe
2025-09-30 15:45:40,746 [INFO] STM32CubeIDEBuilder:297 - ret=C:\ST\STM32CubeIDE_1.19.0\STM32CubeIDE\plugins\com.st.stm32cube.ide.mcu.externaltools.gnu-tools-for-stm32.13.3.rel1.win32_1.0.0.202411081344\tools\bin\arm-none-eabi-gcc.exe
2025-09-30 15:45:40,746 [INFO] STM32CubeIDEBuilder:311 - returning C:\ST\STM32CubeIDE_1.19.0\STM32CubeIDE\plugins\com.st.stm32cube.ide.mcu.externaltools.gnu-tools-for-stm32.13.3.rel1.win32_1.0.0.202411081344\tools\bin\arm-none-eabi-gcc.exe
2025-09-30 15:45:40,746 [INFO] AInterface:1233 - Custom PATH variable: C:/Users/ZOJOLDRI/STM32Cube/Repository/Packs/STMicroelectronics/X-CUBE-AI/10.2.0/Utilities/windows;C:/Users/ZOJOLDRI/STM32Cube/Repository/Packs/STMicroelectronics/X-CUBE-AI/10.2.0/Utilities/windows/mingw64/bin;C:/Users/ZOJOLDRI/STM32Cube/Repository/Packs/STMicroelectronics/X-CUBE-AI/10.2.0/Utilities/windows/mingw64/libexec/gcc/x86_64-w64-mingw32/7.3.0;;C:\ST\STM32CubeIDE_1.19.0\STM32CubeIDE\plugins\com.st.stm32cube.ide.mcu.externaltools.gnu-tools-for-stm32.13.3.rel1.win32_1.0.0.202411081344\tools\bin
2025-09-30 15:45:40,749 [INFO] CmdLine:115 - Command: C:/Users/ZOJOLDRI/STM32Cube/Repository/Packs/STMicroelectronics/X-CUBE-AI/10.2.0/Utilities/windows/stedgeai.exe generate --target stm32n6 --name network -m C:/Users/ZOJOLDRI/OneDrive - Carl Zeiss AG/Dokumente/Zeiss/SMT/Bachelor/AB Encoder Model/AB_Encoder_Synthetic_Data/lstm_ab_encoder.h5 --compression none --verbosity 1 -O time --workspace C:/Users/ZOJOLDRI/AppData/Local/Temp/mxAI_workspace10954495320045006750727117636085187 --output C:/Users/ZOJOLDRI/.stm32cubemx/network_output
2025-09-30 15:45:40,750 [INFO] AIModelDetailledView:2380 - Analysis status: pending
2025-09-30 15:45:46,558 [INFO] CmdLine:76 - ST Edge AI Core v2.2.0-20266 2adc00962
2025-09-30 15:46:33,833 [INFO] CmdLine:76 - Creating c (debug) info json file C:\Users\ZOJOLDRI\.stm32cubemx\network_output\network_c_info.json
2025-09-30 15:46:33,856 [INFO] CmdLine:76 -  
2025-09-30 15:46:33,857 [INFO] CmdLine:76 -  Exec/report summary (generate)
2025-09-30 15:46:33,857 [INFO] CmdLine:76 -  ---------------------------------------------------------------------------------------------------------------------------------------------------------------
2025-09-30 15:46:33,857 [INFO] CmdLine:76 -  model file         :   C:\Users\ZOJOLDRI\OneDrive - Carl Zeiss AG\Dokumente\Zeiss\SMT\Bachelor\AB Encoder Model\AB_Encoder_Synthetic_Data\lstm_ab_encoder.h5   
2025-09-30 15:46:33,857 [INFO] CmdLine:76 -  type               :   keras                                                                                                                                   
2025-09-30 15:46:33,857 [INFO] CmdLine:76 -  c_name             :   network                                                                                                                                 
2025-09-30 15:46:33,857 [INFO] CmdLine:76 -  compression        :   none                                                                                                                                    
2025-09-30 15:46:33,857 [INFO] CmdLine:76 -  options            :   allocate-inputs, allocate-outputs                                                                                                       
2025-09-30 15:46:33,858 [INFO] CmdLine:76 -  optimization       :   time                                                                                                                                    
2025-09-30 15:46:33,858 [INFO] CmdLine:76 -  target/series      :   stm32n6                                                                                                                                 
2025-09-30 15:46:33,858 [INFO] CmdLine:76 -  workspace dir      :   C:\Users\ZOJOLDRI\AppData\Local\Temp\mxAI_workspace10954495320045006750727117636085187                                                  
2025-09-30 15:46:33,858 [INFO] CmdLine:76 -  output dir         :   C:\Users\ZOJOLDRI\.stm32cubemx\network_output                                                                                           
2025-09-30 15:46:33,858 [INFO] CmdLine:76 -  model_fmt          :   float                                                                                                                                   
2025-09-30 15:46:33,858 [INFO] CmdLine:76 -  model_name         :   lstm_ab_encoder                                                                                                                         
2025-09-30 15:46:33,858 [INFO] CmdLine:76 -  model_hash         :   0xd6e9a3b45dcc4778896469d9fb00962a                                                                                                      
2025-09-30 15:46:33,859 [INFO] CmdLine:76 -  params #           :   3,587 items (14.01 KiB)                                                                                                                 
2025-09-30 15:46:33,859 [INFO] CmdLine:76 -  ---------------------------------------------------------------------------------------------------------------------------------------------------------------
2025-09-30 15:46:33,859 [INFO] CmdLine:76 -  input 1/1          :   'input_0', f32(1x20x10), 800 Bytes, activations                                                                                         
2025-09-30 15:46:33,859 [INFO] CmdLine:76 -  output 1/1         :   'output', f32(1x3), 12 Bytes, activations                                                                                               
2025-09-30 15:46:33,859 [INFO] CmdLine:76 -  macc               :   67,960                                                                                                                                  
2025-09-30 15:46:33,859 [INFO] CmdLine:76 -  weights (ro)       :   14,636 B (14.29 KiB) (1 segment) / +288(+2.0%) vs float model                                                                           
2025-09-30 15:46:33,860 [INFO] CmdLine:76 -  activations (rw)   :   1,568 B (1.53 KiB) (1 segment) *                                                                                                        
2025-09-30 15:46:33,860 [INFO] CmdLine:76 -  ram (total)        :   1,568 B (1.53 KiB) = 1,568 + 0 + 0                                                                                                      
2025-09-30 15:46:33,860 [INFO] CmdLine:76 -  ---------------------------------------------------------------------------------------------------------------------------------------------------------------
2025-09-30 15:46:33,860 [INFO] CmdLine:76 -  (*) 'input'/'output' buffers are allocated in the activations buffer
2025-09-30 15:46:33,860 [INFO] CmdLine:76 - Computing AI RT data/code size (target=stm32n6)..
2025-09-30 15:46:37,139 [INFO] CmdLine:76 -  Requested memory size by section - "stm32n6" target
2025-09-30 15:46:37,142 [INFO] CmdLine:76 -  ------------------------------- -------- -------- ------- -------
2025-09-30 15:46:37,142 [INFO] CmdLine:76 -  module                              text   rodata    data     bss
2025-09-30 15:46:37,142 [INFO] CmdLine:76 -  ------------------------------- -------- -------- ------- -------
2025-09-30 15:46:37,142 [INFO] CmdLine:76 -  NetworkRuntime1020_CM55_GCC.a     15,800       32       0       0
2025-09-30 15:46:37,143 [INFO] CmdLine:76 -  network.o                            596       40   1,888     136
2025-09-30 15:46:37,143 [INFO] CmdLine:76 -  network_data.o                        48       16      88       0
2025-09-30 15:46:37,144 [INFO] CmdLine:76 -  lib (toolchain)*                   1,132      340       0       0
2025-09-30 15:46:37,144 [INFO] CmdLine:76 -  ------------------------------- -------- -------- ------- -------
2025-09-30 15:46:37,144 [INFO] CmdLine:76 -  RT total**                        17,576      428   1,976     136
2025-09-30 15:46:37,144 [INFO] CmdLine:76 -  ------------------------------- -------- -------- ------- -------
2025-09-30 15:46:37,144 [INFO] CmdLine:76 -  weights                                0   14,640       0       0
2025-09-30 15:46:37,145 [INFO] CmdLine:76 -  activations                            0        0       0   1,568
2025-09-30 15:46:37,145 [INFO] CmdLine:76 -  io                                     0        0       0       0
2025-09-30 15:46:37,145 [INFO] CmdLine:76 -  ------------------------------- -------- -------- ------- -------
2025-09-30 15:46:37,145 [INFO] CmdLine:76 -  TOTAL                             17,576   15,068   1,976   1,704
2025-09-30 15:46:37,145 [INFO] CmdLine:76 -  ------------------------------- -------- -------- ------- -------
2025-09-30 15:46:37,145 [INFO] CmdLine:76 -  *  toolchain objects (libm/libgcc*)
2025-09-30 15:46:37,145 [INFO] CmdLine:76 -  ** RT AI runtime objects (kernels+infrastructure)
2025-09-30 15:46:37,146 [INFO] CmdLine:76 -   Summary - "stm32n6" target
2025-09-30 15:46:37,146 [INFO] CmdLine:76 -   ---------------------------------------------------
2025-09-30 15:46:37,146 [INFO] CmdLine:76 -                FLASH (ro)      %*   RAM (rw)       %
2025-09-30 15:46:37,146 [INFO] CmdLine:76 -   ---------------------------------------------------
2025-09-30 15:46:37,146 [INFO] CmdLine:76 -   RT total         19,980   57.7%      2,112   57.4%
2025-09-30 15:46:37,146 [INFO] CmdLine:76 -   ---------------------------------------------------
2025-09-30 15:46:37,146 [INFO] CmdLine:76 -   TOTAL            34,620              3,680
2025-09-30 15:46:37,146 [INFO] CmdLine:76 -   ---------------------------------------------------
2025-09-30 15:46:37,146 [INFO] CmdLine:76 -   *  rt/total
2025-09-30 15:46:37,146 [INFO] CmdLine:76 -  Generated files (7)
2025-09-30 15:46:37,146 [INFO] CmdLine:76 -  ---------------------------------------------------------------------
2025-09-30 15:46:37,146 [INFO] CmdLine:76 -  C:\Users\ZOJOLDRI\.stm32cubemx\network_output\network_data_params.h
2025-09-30 15:46:37,146 [INFO] CmdLine:76 -  C:\Users\ZOJOLDRI\.stm32cubemx\network_output\network_data_params.c
2025-09-30 15:46:37,146 [INFO] CmdLine:76 -  C:\Users\ZOJOLDRI\.stm32cubemx\network_output\network_data.h
2025-09-30 15:46:37,146 [INFO] CmdLine:76 -  C:\Users\ZOJOLDRI\.stm32cubemx\network_output\network_data.c
2025-09-30 15:46:37,147 [INFO] CmdLine:76 -  C:\Users\ZOJOLDRI\.stm32cubemx\network_output\network_config.h
2025-09-30 15:46:37,147 [INFO] CmdLine:76 -  C:\Users\ZOJOLDRI\.stm32cubemx\network_output\network.h
2025-09-30 15:46:37,147 [INFO] CmdLine:76 -  C:\Users\ZOJOLDRI\.stm32cubemx\network_output\network.c
2025-09-30 15:46:37,147 [INFO] CmdLine:76 - Creating txt report file C:\Users\ZOJOLDRI\.stm32cubemx\network_output\network_generate_report.txt
2025-09-30 15:46:39,748 [INFO] CmdLine:76 - elapsed time (generate): 53.191s
2025-09-30 15:46:40,126 [INFO] CmdLine:148 - stedgeai exit with status: 0
2025-09-30 15:46:40,138 [INFO] AIModelDetailledView:2380 - Analysis status: done
2025-09-30 15:46:41,447 [INFO] ProjectBuilder:3606 - Time for Copy HAL[1] : 572mS.
2025-09-30 15:46:41,447 [ERROR] Middleware:2950 - Invalid RefComponent list
2025-09-30 15:46:41,447 [ERROR] Middleware:2950 - Invalid RefComponent list
2025-09-30 15:46:41,447 [ERROR] Middleware:2950 - Invalid RefComponent list
2025-09-30 15:46:41,447 [ERROR] Middleware:2950 - Invalid RefComponent list
2025-09-30 15:46:41,447 [ERROR] Middleware:2950 - Invalid RefComponent list
2025-09-30 15:46:41,447 [ERROR] Middleware:2950 - Invalid RefComponent list
2025-09-30 15:46:41,447 [ERROR] Middleware:2950 - Invalid RefComponent list
2025-09-30 15:46:41,447 [ERROR] Middleware:2950 - Invalid RefComponent list
2025-09-30 15:46:41,447 [ERROR] Middleware:2950 - Invalid RefComponent list
2025-09-30 15:46:41,447 [ERROR] Middleware:2950 - Invalid RefComponent list
2025-09-30 15:46:41,447 [ERROR] Middleware:2950 - Invalid RefComponent list
2025-09-30 15:46:41,447 [ERROR] Middleware:2950 - Invalid RefComponent list
2025-09-30 15:46:41,447 [ERROR] Middleware:2950 - Invalid RefComponent list
2025-09-30 15:46:41,447 [ERROR] Middleware:2950 - Invalid RefComponent list
2025-09-30 15:46:41,447 [ERROR] Middleware:2950 - Invalid RefComponent list
2025-09-30 15:46:41,447 [ERROR] Middleware:2950 - Invalid RefComponent list
2025-09-30 15:46:41,447 [ERROR] Middleware:2950 - Invalid RefComponent list
2025-09-30 15:46:41,447 [ERROR] Middleware:2950 - Invalid RefComponent list
2025-09-30 15:46:41,447 [ERROR] Middleware:2950 - Invalid RefComponent list
2025-09-30 15:46:41,448 [ERROR] Middleware:2950 - Invalid RefComponent list
2025-09-30 15:46:41,448 [ERROR] Middleware:2950 - Invalid RefComponent list
2025-09-30 15:46:41,448 [ERROR] Middleware:2950 - Invalid RefComponent list
2025-09-30 15:46:41,448 [ERROR] Middleware:2950 - Invalid RefComponent list
2025-09-30 15:46:41,448 [ERROR] Middleware:2950 - Invalid RefComponent list
2025-09-30 15:46:41,448 [ERROR] Middleware:2950 - Invalid RefComponent list
2025-09-30 15:46:41,448 [ERROR] Middleware:2950 - Invalid RefComponent list
2025-09-30 15:46:41,448 [ERROR] Middleware:2950 - Invalid RefComponent list
2025-09-30 15:46:41,448 [ERROR] Middleware:2950 - Invalid RefComponent list
2025-09-30 15:46:41,448 [ERROR] Middleware:2950 - Invalid RefComponent list
2025-09-30 15:46:41,448 [ERROR] Middleware:2950 - Invalid RefComponent list
2025-09-30 15:46:41,448 [ERROR] Middleware:2950 - Invalid RefComponent list
2025-09-30 15:46:41,448 [ERROR] Middleware:2950 - Invalid RefComponent list
2025-09-30 15:46:41,448 [ERROR] Middleware:2950 - Invalid RefComponent list
2025-09-30 15:46:41,448 [ERROR] Middleware:2950 - Invalid RefComponent list
2025-09-30 15:46:41,448 [ERROR] Middleware:2950 - Invalid RefComponent list
2025-09-30 15:46:41,448 [ERROR] Middleware:2950 - Invalid RefComponent list
2025-09-30 15:46:41,448 [ERROR] Middleware:2950 - Invalid RefComponent list
2025-09-30 15:46:41,448 [ERROR] Middleware:2950 - Invalid RefComponent list
2025-09-30 15:46:41,448 [ERROR] Middleware:2950 - Invalid RefComponent list
2025-09-30 15:46:41,448 [ERROR] Middleware:2950 - Invalid RefComponent list
2025-09-30 15:46:41,448 [ERROR] Middleware:2950 - Invalid RefComponent list
2025-09-30 15:46:41,448 [ERROR] Middleware:2950 - Invalid RefComponent list
2025-09-30 15:46:41,448 [ERROR] Middleware:2950 - Invalid RefComponent list
2025-09-30 15:46:41,448 [ERROR] Middleware:2950 - Invalid RefComponent list
2025-09-30 15:46:41,448 [ERROR] Middleware:2950 - Invalid RefComponent list
2025-09-30 15:46:41,448 [ERROR] Middleware:2950 - Invalid RefComponent list
2025-09-30 15:46:41,448 [ERROR] Middleware:2950 - Invalid RefComponent list
2025-09-30 15:46:41,448 [ERROR] Middleware:2950 - Invalid RefComponent list
2025-09-30 15:46:41,448 [ERROR] Middleware:2950 - Invalid RefComponent list
2025-09-30 15:46:41,448 [ERROR] Middleware:2950 - Invalid RefComponent list
2025-09-30 15:46:41,448 [ERROR] Middleware:2950 - Invalid RefComponent list
2025-09-30 15:46:41,448 [ERROR] Middleware:2950 - Invalid RefComponent list
2025-09-30 15:46:41,448 [ERROR] Middleware:2950 - Invalid RefComponent list
2025-09-30 15:46:41,448 [ERROR] Middleware:2950 - Invalid RefComponent list
2025-09-30 15:46:41,448 [ERROR] Middleware:2950 - Invalid RefComponent list
2025-09-30 15:46:41,448 [ERROR] Middleware:2950 - Invalid RefComponent list
2025-09-30 15:46:41,448 [ERROR] Middleware:2950 - Invalid RefComponent list
2025-09-30 15:46:41,448 [ERROR] Middleware:2950 - Invalid RefComponent list
2025-09-30 15:46:41,448 [ERROR] Middleware:2950 - Invalid RefComponent list
2025-09-30 15:46:41,448 [ERROR] Middleware:2950 - Invalid RefComponent list
2025-09-30 15:46:41,448 [ERROR] Middleware:2950 - Invalid RefComponent list
2025-09-30 15:46:41,448 [ERROR] Middleware:2950 - Invalid RefComponent list
2025-09-30 15:46:41,448 [ERROR] Middleware:2950 - Invalid RefComponent list
2025-09-30 15:46:41,448 [ERROR] Middleware:2950 - Invalid RefComponent list
2025-09-30 15:46:41,448 [ERROR] Middleware:2950 - Invalid RefComponent list
2025-09-30 15:46:41,448 [ERROR] Middleware:2950 - Invalid RefComponent list
2025-09-30 15:46:41,448 [ERROR] Middleware:2950 - Invalid RefComponent list
2025-09-30 15:46:41,448 [ERROR] Middleware:2950 - Invalid RefComponent list
2025-09-30 15:46:41,448 [ERROR] Middleware:2950 - Invalid RefComponent list
2025-09-30 15:46:41,448 [ERROR] Middleware:2950 - Invalid RefComponent list
2025-09-30 15:46:41,467 [INFO] ProjectBuilder:5216 - Project Generator version: 4.7.0-B52
2025-09-30 15:46:41,529 [INFO] ConfigFileManager:1595 - The Die is : DIE486
2025-09-30 15:46:53,847 [INFO] ProjectBuilder:5056 - Time for Generating toolchain IDE Files: 12380mS.
2025-09-30 15:46:53,849 [INFO] ProjectBuilder:3463 - Time for Copy CMSIS : 2mS.
2025-09-30 15:46:53,860 [INFO] ProjectBuilder:3463 - Time for Copy CMSIS : 0mS.
2025-09-30 15:55:02,829 [INFO] WebApp:194 - Connection lost
2025-09-30 15:55:04,367 [INFO] WebApp:191 - Connection restablished
2025-09-30 16:43:39,307 [INFO] WebApp:194 - Connection lost
2025-09-30 16:45:21,874 [INFO] WebApp:191 - Connection restablished
2025-09-30 17:04:09,419 [INFO] WebApp:194 - Connection lost
2025-09-30 17:04:09,781 [INFO] WebApp:191 - Connection restablished
2025-09-30 17:04:15,847 [INFO] WebApp:194 - Connection lost
2025-09-30 17:04:16,175 [INFO] WebApp:191 - Connection restablished
2025-09-30 20:40:15,765 [INFO] WebApp:194 - Connection lost
2025-09-30 20:40:16,143 [INFO] WebApp:191 - Connection restablished
2025-09-30 20:40:18,865 [INFO] WebApp:194 - Connection lost
2025-09-30 20:40:19,223 [INFO] WebApp:191 - Connection restablished
2025-09-30 22:49:00,382 [INFO] WebApp:194 - Connection lost
