2025-09-29 12:38:23,575 [INFO] WebApp:194 - Connection lost
2025-09-29 12:38:53,712 [INFO] WebApp:191 - Connection restablished
2025-09-29 12:38:54,747 [INFO] WebApp:194 - Connection lost
2025-09-29 12:38:58,781 [INFO] WebApp:191 - Connection restablished
2025-09-29 17:32:10,790 [INFO] AI:955 - getUI adding AI com.st.microxplorer.plugins.ip.ai.AI@2f79def1 on STMicroelectronics.X-CUBE-AI.10.2.0_Appli
2025-09-29 17:32:21,117 [INFO] AIModelDetailledView:2380 - Analysis status: -
2025-09-29 17:32:43,955 [INFO] AInterface:259 - ModelName:network; files:[C:\Users\ZOJOLDRI\OneDrive - Carl Zeiss AG\Dokumente\Zeiss\SMT\Bachelor\AB Encoder Model\AB_Encoder_Synthetic_Data\lstm_ab_encoder.h5]; type:Keras; compression:None
2025-09-29 17:32:43,957 [INFO] AInterface:526 - workspaceTempDir: C:/Users/ZOJOLDRI/AppData/Local/Temp/mxAI_workspace101545919451530011334969794482875512
2025-09-29 17:32:43,959 [INFO] AInterface:1176 - Setting Env: C:/Users/ZOJOLDRI/STM32Cube/Repository/Packs/STMicroelectronics/X-CUBE-AI/10.2.0/Utilities/windows
2025-09-29 17:32:43,971 [INFO] STM32CubeIDEBuilder:265 - Looking for gnu-tools-for-stm32 tools/bin/arm-none-eabi-gcc.exe in C:\ST\STM32CubeIDE_1.19.0\STM32CubeIDE
2025-09-29 17:32:44,017 [INFO] STM32CubeIDEBuilder:294 - checking C:\ST\STM32CubeIDE_1.19.0\STM32CubeIDE\plugins\com.st.stm32cube.ide.mcu.externaltools.gnu-tools-for-stm32.13.3.rel1.win32_1.0.0.202411081344\tools\bin\arm-none-eabi-gcc.exe
2025-09-29 17:32:44,018 [INFO] STM32CubeIDEBuilder:297 - ret=C:\ST\STM32CubeIDE_1.19.0\STM32CubeIDE\plugins\com.st.stm32cube.ide.mcu.externaltools.gnu-tools-for-stm32.13.3.rel1.win32_1.0.0.202411081344\tools\bin\arm-none-eabi-gcc.exe
2025-09-29 17:32:44,018 [INFO] STM32CubeIDEBuilder:311 - returning C:\ST\STM32CubeIDE_1.19.0\STM32CubeIDE\plugins\com.st.stm32cube.ide.mcu.externaltools.gnu-tools-for-stm32.13.3.rel1.win32_1.0.0.202411081344\tools\bin\arm-none-eabi-gcc.exe
2025-09-29 17:32:44,019 [INFO] AInterface:1233 - Custom PATH variable: C:/Users/ZOJOLDRI/STM32Cube/Repository/Packs/STMicroelectronics/X-CUBE-AI/10.2.0/Utilities/windows;C:/Users/ZOJOLDRI/STM32Cube/Repository/Packs/STMicroelectronics/X-CUBE-AI/10.2.0/Utilities/windows/mingw64/bin;C:/Users/ZOJOLDRI/STM32Cube/Repository/Packs/STMicroelectronics/X-CUBE-AI/10.2.0/Utilities/windows/mingw64/libexec/gcc/x86_64-w64-mingw32/7.3.0;;C:\ST\STM32CubeIDE_1.19.0\STM32CubeIDE\plugins\com.st.stm32cube.ide.mcu.externaltools.gnu-tools-for-stm32.13.3.rel1.win32_1.0.0.202411081344\tools\bin
2025-09-29 17:32:44,025 [INFO] CmdLine:115 - Command: C:/Users/ZOJOLDRI/STM32Cube/Repository/Packs/STMicroelectronics/X-CUBE-AI/10.2.0/Utilities/windows/stedgeai.exe analyze --target stm32n6 --name network -m C:/Users/ZOJOLDRI/OneDrive - Carl Zeiss AG/Dokumente/Zeiss/SMT/Bachelor/AB Encoder Model/AB_Encoder_Synthetic_Data/lstm_ab_encoder.h5 --compression none --verbosity 1 -O time --workspace C:/Users/ZOJOLDRI/AppData/Local/Temp/mxAI_workspace101545919451530011334969794482875512 --output C:/Users/ZOJOLDRI/.stm32cubemx/network_output
2025-09-29 17:32:44,029 [INFO] AIModelDetailledView:2380 - Analysis status: pending
2025-09-29 17:32:49,287 [INFO] CmdLine:76 - ST Edge AI Core v2.2.0-20266 2adc00962
2025-09-29 17:33:41,424 [INFO] CmdLine:76 - Creating c (debug) info json file C:\Users\ZOJOLDRI\.stm32cubemx\network_output\network_c_info.json
2025-09-29 17:33:41,448 [INFO] CmdLine:76 -  
2025-09-29 17:33:41,448 [INFO] CmdLine:76 -  Exec/report summary (analyze)
2025-09-29 17:33:41,448 [INFO] CmdLine:76 -  ---------------------------------------------------------------------------------------------------------------------------------------------------------------
2025-09-29 17:33:41,448 [INFO] CmdLine:76 -  model file         :   C:\Users\ZOJOLDRI\OneDrive - Carl Zeiss AG\Dokumente\Zeiss\SMT\Bachelor\AB Encoder Model\AB_Encoder_Synthetic_Data\lstm_ab_encoder.h5   
2025-09-29 17:33:41,448 [INFO] CmdLine:76 -  type               :   keras                                                                                                                                   
2025-09-29 17:33:41,448 [INFO] CmdLine:76 -  c_name             :   network                                                                                                                                 
2025-09-29 17:33:41,448 [INFO] CmdLine:76 -  compression        :   none                                                                                                                                    
2025-09-29 17:33:41,465 [INFO] CmdLine:76 -  options            :   allocate-inputs, allocate-outputs                                                                                                       
2025-09-29 17:33:41,466 [INFO] CmdLine:76 -  optimization       :   time                                                                                                                                    
2025-09-29 17:33:41,468 [INFO] CmdLine:76 -  target/series      :   stm32n6                                                                                                                                 
2025-09-29 17:33:41,469 [INFO] CmdLine:76 -  workspace dir      :   C:\Users\ZOJOLDRI\AppData\Local\Temp\mxAI_workspace101545919451530011334969794482875512                                                 
2025-09-29 17:33:41,470 [INFO] CmdLine:76 -  output dir         :   C:\Users\ZOJOLDRI\.stm32cubemx\network_output                                                                                           
2025-09-29 17:33:41,471 [INFO] CmdLine:76 -  model_fmt          :   float                                                                                                                                   
2025-09-29 17:33:41,471 [INFO] CmdLine:76 -  model_name         :   lstm_ab_encoder                                                                                                                         
2025-09-29 17:33:41,471 [INFO] CmdLine:76 -  model_hash         :   0x35c646995450259c3e284c39c91e1993                                                                                                      
2025-09-29 17:33:41,472 [INFO] CmdLine:76 -  params #           :   12,163 items (47.51 KiB)                                                                                                                
2025-09-29 17:33:41,472 [INFO] CmdLine:76 -  ---------------------------------------------------------------------------------------------------------------------------------------------------------------
2025-09-29 17:33:41,472 [INFO] CmdLine:76 -  input 1/1          :   'input_0', f32(1x32x10), 1.25 KBytes, activations                                                                                       
2025-09-29 17:33:41,473 [INFO] CmdLine:76 -  output 1/1         :   'output', f32(1x3), 12 Bytes, activations                                                                                               
2025-09-29 17:33:41,473 [INFO] CmdLine:76 -  macc               :   364,928                                                                                                                                 
2025-09-29 17:33:41,473 [INFO] CmdLine:76 -  weights (ro)       :   49,228 B (48.07 KiB) (1 segment) / +576(+1.2%) vs float model                                                                           
2025-09-29 17:33:41,474 [INFO] CmdLine:76 -  activations (rw)   :   2,816 B (2.75 KiB) (1 segment) *                                                                                                        
2025-09-29 17:33:41,474 [INFO] CmdLine:76 -  ram (total)        :   2,816 B (2.75 KiB) = 2,816 + 0 + 0                                                                                                      
2025-09-29 17:33:41,474 [INFO] CmdLine:76 -  ---------------------------------------------------------------------------------------------------------------------------------------------------------------
2025-09-29 17:33:41,475 [INFO] CmdLine:76 -  (*) 'input'/'output' buffers are allocated in the activations buffer
2025-09-29 17:33:41,475 [INFO] CmdLine:76 - Computing AI RT data/code size (target=stm32n6)..
2025-09-29 17:33:45,720 [INFO] CmdLine:76 -  Model name - lstm_ab_encoder
2025-09-29 17:33:45,721 [INFO] CmdLine:76 -  ------ ----------------------- ----------------- --------------- --------- ---------------
2025-09-29 17:33:45,721 [INFO] CmdLine:76 -  m_id   layer (original)        oshape            param/size           macc    connected to
2025-09-29 17:33:45,721 [INFO] CmdLine:76 -  ------ ----------------------- ----------------- --------------- --------- ---------------
2025-09-29 17:33:45,722 [INFO] CmdLine:76 -  0      input_0 (None)          [b:1,h:32,c:10]
2025-09-29 17:33:45,722 [INFO] CmdLine:76 -         lstm_1 (LSTM)           [b:1,c:48]        11,328/45,312     364,032         input_0
2025-09-29 17:33:45,722 [INFO] CmdLine:76 -  ------ ----------------------- ----------------- --------------- --------- ---------------
2025-09-29 17:33:45,723 [INFO] CmdLine:76 -  2      dense_1_dense (Dense)   [b:1,c:16]        784/3,136             784          lstm_1
2025-09-29 17:33:45,723 [INFO] CmdLine:76 -         dense_1 (Dense)         [b:1,c:16]                               16   dense_1_dense
2025-09-29 17:33:45,723 [INFO] CmdLine:76 -  ------ ----------------------- ----------------- --------------- --------- ---------------
2025-09-29 17:33:45,723 [INFO] CmdLine:76 -  3      output_dense (Dense)    [b:1,c:3]         51/204                 51         dense_1
2025-09-29 17:33:45,723 [INFO] CmdLine:76 -         output (Dense)          [b:1,c:3]                                45    output_dense
2025-09-29 17:33:45,724 [INFO] CmdLine:76 -  ------ ----------------------- ----------------- --------------- --------- ---------------
2025-09-29 17:33:45,724 [INFO] CmdLine:76 -  model: macc=364,928 weights=48,652 activations=-- io=--
2025-09-29 17:33:45,724 [INFO] CmdLine:76 -  Number of operations per c-layer
2025-09-29 17:33:45,724 [INFO] CmdLine:76 -  ------- ------ ------------------------ --------- --------------
2025-09-29 17:33:45,725 [INFO] CmdLine:76 -  c_id    m_id   name (type)                    #op           type
2025-09-29 17:33:45,725 [INFO] CmdLine:76 -  ------- ------ ------------------------ --------- --------------
2025-09-29 17:33:45,725 [INFO] CmdLine:76 -  0       0      lstm_1 (LSTM)              364,032   smul_f32_f32
2025-09-29 17:33:45,725 [INFO] CmdLine:76 -  1       2      dense_1_dense (Dense)          784   smul_f32_f32
2025-09-29 17:33:45,725 [INFO] CmdLine:76 -  2       2      dense_1 (Nonlinearity)          16     op_f32_f32
2025-09-29 17:33:45,725 [INFO] CmdLine:76 -  3       3      output_dense (Dense)            51   smul_f32_f32
2025-09-29 17:33:45,725 [INFO] CmdLine:76 -  4       3      output (Nonlinearity)           45     op_f32_f32
2025-09-29 17:33:45,726 [INFO] CmdLine:76 -  ------- ------ ------------------------ --------- --------------
2025-09-29 17:33:45,726 [INFO] CmdLine:76 -  total                                     364,928
2025-09-29 17:33:45,726 [INFO] CmdLine:76 -  Number of operation types
2025-09-29 17:33:45,726 [INFO] CmdLine:76 -  ---------------- --------- -----------
2025-09-29 17:33:45,726 [INFO] CmdLine:76 -  operation type           #           %
2025-09-29 17:33:45,726 [INFO] CmdLine:76 -  ---------------- --------- -----------
2025-09-29 17:33:45,727 [INFO] CmdLine:76 -  smul_f32_f32       364,867      100.0%
2025-09-29 17:33:45,727 [INFO] CmdLine:76 -  op_f32_f32              61        0.0%
2025-09-29 17:33:45,727 [INFO] CmdLine:76 -  Complexity report (model)
2025-09-29 17:33:45,727 [INFO] CmdLine:76 -  ------ --------------- ------------------------- ------------------------- --------
2025-09-29 17:33:45,727 [INFO] CmdLine:76 -  m_id   name            c_macc                    c_rom                     c_id
2025-09-29 17:33:45,727 [INFO] CmdLine:76 -  ------ --------------- ------------------------- ------------------------- --------
2025-09-29 17:33:45,728 [INFO] CmdLine:76 -  0      input_0         ||||||||||||||||  99.8%   ||||||||||||||||  93.2%   [0]
2025-09-29 17:33:45,728 [INFO] CmdLine:76 -  2      dense_1_dense   |                  0.2%   ||                 6.4%   [1, 2]
2025-09-29 17:33:45,728 [INFO] CmdLine:76 -  3      output_dense    |                  0.0%   |                  0.4%   [3, 4]
2025-09-29 17:33:45,728 [INFO] CmdLine:76 -  ------ --------------- ------------------------- ------------------------- --------
2025-09-29 17:33:45,728 [INFO] CmdLine:76 -  macc=364,928 weights=49,228 act=2,816 ram_io=0
2025-09-29 17:33:45,735 [INFO] CmdLine:76 -  Requested memory size by section - "stm32n6" target
2025-09-29 17:33:45,736 [INFO] CmdLine:76 -  ------------------------------- -------- -------- ------- -------
2025-09-29 17:33:45,738 [INFO] CmdLine:76 -  module                              text   rodata    data     bss
2025-09-29 17:33:45,738 [INFO] CmdLine:76 -  ------------------------------- -------- -------- ------- -------
2025-09-29 17:33:45,739 [INFO] CmdLine:76 -  NetworkRuntime1020_CM55_GCC.a     15,800       32       0       0
2025-09-29 17:33:45,740 [INFO] CmdLine:76 -  network.o                            600       40   1,888     136
2025-09-29 17:33:45,740 [INFO] CmdLine:76 -  network_data.o                        48       16      88       0
2025-09-29 17:33:45,740 [INFO] CmdLine:76 -  lib (toolchain)*                   1,132      340       0       0
2025-09-29 17:33:45,740 [INFO] CmdLine:76 -  ------------------------------- -------- -------- ------- -------
2025-09-29 17:33:45,740 [INFO] CmdLine:76 -  RT total**                        17,580      428   1,976     136
2025-09-29 17:33:45,741 [INFO] CmdLine:76 -  ------------------------------- -------- -------- ------- -------
2025-09-29 17:33:45,741 [INFO] CmdLine:76 -  weights                                0   49,232       0       0
2025-09-29 17:33:45,741 [INFO] CmdLine:76 -  activations                            0        0       0   2,816
2025-09-29 17:33:45,741 [INFO] CmdLine:76 -  io                                     0        0       0       0
2025-09-29 17:33:45,741 [INFO] CmdLine:76 -  ------------------------------- -------- -------- ------- -------
2025-09-29 17:33:45,742 [INFO] CmdLine:76 -  TOTAL                             17,580   49,660   1,976   2,952
2025-09-29 17:33:45,742 [INFO] CmdLine:76 -  ------------------------------- -------- -------- ------- -------
2025-09-29 17:33:45,742 [INFO] CmdLine:76 -  *  toolchain objects (libm/libgcc*)
2025-09-29 17:33:45,742 [INFO] CmdLine:76 -  ** RT AI runtime objects (kernels+infrastructure)
2025-09-29 17:33:45,743 [INFO] CmdLine:76 -   Summary - "stm32n6" target
2025-09-29 17:33:45,743 [INFO] CmdLine:76 -   ---------------------------------------------------
2025-09-29 17:33:45,743 [INFO] CmdLine:76 -                FLASH (ro)      %*   RAM (rw)       %
2025-09-29 17:33:45,743 [INFO] CmdLine:76 -   ---------------------------------------------------
2025-09-29 17:33:45,744 [INFO] CmdLine:76 -   RT total         19,984   28.9%      2,112   42.9%
2025-09-29 17:33:45,744 [INFO] CmdLine:76 -   ---------------------------------------------------
2025-09-29 17:33:45,744 [INFO] CmdLine:76 -   TOTAL            69,216              4,928
2025-09-29 17:33:45,744 [INFO] CmdLine:76 -   ---------------------------------------------------
2025-09-29 17:33:45,744 [INFO] CmdLine:76 -   *  rt/total
2025-09-29 17:33:45,744 [INFO] CmdLine:76 - Creating txt report file C:\Users\ZOJOLDRI\.stm32cubemx\network_output\network_analyze_report.txt
2025-09-29 17:33:47,977 [INFO] CmdLine:76 - elapsed time (analyze): 58.689s
2025-09-29 17:33:48,490 [INFO] CmdLine:148 - stedgeai exit with status: 0
2025-09-29 17:33:48,506 [INFO] AIModelDetailledView:1184 - Model file:      lstm_ab_encoder.h5
2025-09-29 17:33:48,507 [INFO] AIModelDetailledView:1184 - Total Flash:     69212 B (67.59 KiB)
2025-09-29 17:33:48,508 [INFO] AIModelDetailledView:1184 -     Weights:     49228 B (48.07 KiB)
2025-09-29 17:33:48,508 [INFO] AIModelDetailledView:1184 -     Library:     19984 B (19.52 KiB)
2025-09-29 17:33:48,510 [INFO] AIModelDetailledView:1184 - Total Ram:       4928 B (4.81 KiB)
2025-09-29 17:33:48,511 [INFO] AIModelDetailledView:1184 -     Activations: 2816 B (2.75 KiB)
2025-09-29 17:33:48,511 [INFO] AIModelDetailledView:1184 -     Library:     2112 B (2.06 KiB)
2025-09-29 17:33:48,511 [INFO] AIModelDetailledView:1184 -     Input:       1280 B (1.25 KiB included in Activations)
2025-09-29 17:33:48,511 [INFO] AIModelDetailledView:1184 -     Output:      12 B (included in Activations)
2025-09-29 17:33:48,512 [INFO] AIModelDetailledView:1184 - Done
2025-09-29 17:33:48,512 [INFO] AIModelDetailledView:2715 - Analyze complete on AI model
2025-09-29 17:33:48,781 [INFO] AIModelDetailledView:2380 - Analysis status: done
2025-09-29 17:35:10,824 [INFO] UtilMem:75 - End SaveConfig() Used Memory: 974944872 Bytes (1073741824)
2025-09-29 17:35:11,859 [ERROR] IocParser:95 - Exception caught: null
2025-09-29 17:35:12,734 [INFO] UtilMem:75 - End SaveConfig() Used Memory: 871278296 Bytes (1073741824)
2025-09-29 17:35:16,643 [INFO] UtilMem:75 - End SaveConfig() Used Memory: 861407208 Bytes (1073741824)
2025-09-29 17:35:17,624 [ERROR] IocParser:95 - Exception caught: null
2025-09-29 17:35:18,057 [INFO] BlockDiagram:2775 - set Specific Code input for plugin: EXTMEM_MANAGER
2025-09-29 17:35:18,057 [INFO] BlockDiagram:2775 - set Specific Code input for plugin: RAMCFG
2025-09-29 17:35:18,057 [INFO] BlockDiagram:2775 - set Specific Code input for plugin: RCC
2025-09-29 17:35:18,057 [INFO] BlockDiagram:2775 - set Specific Code input for plugin: CORTEX_M55_FSBL
2025-09-29 17:35:18,057 [INFO] BlockDiagram:2775 - set Specific Code input for plugin: XSPIM
2025-09-29 17:35:18,057 [INFO] BlockDiagram:2775 - set Specific Code input for plugin: STMicroelectronics.X-CUBE-AI.10.2.0
2025-09-29 17:35:18,057 [INFO] BlockDiagram:2775 - set Specific Code input for plugin: XSPI
2025-09-29 17:35:18,057 [INFO] BlockDiagram:2775 - set Specific Code input for plugin: NUCLEO-N657X0-Q
2025-09-29 17:35:18,057 [INFO] BlockDiagram:2775 - set Specific Code input for plugin: TIM1_8N6
2025-09-29 17:35:18,057 [INFO] BlockDiagram:2775 - set Specific Code input for plugin: CACHEAXI
2025-09-29 17:35:18,057 [INFO] BlockDiagram:2775 - set Specific Code input for plugin: BSEC
2025-09-29 17:35:18,057 [INFO] BlockDiagram:2775 - set Specific Code input for plugin: LPUART
2025-09-29 17:35:18,057 [INFO] BlockDiagram:2775 - set Specific Code input for plugin: NVIC
2025-09-29 17:35:18,058 [INFO] BlockDiagram:2775 - set Specific Code input for plugin: GPIO
2025-09-29 17:35:18,058 [INFO] BlockDiagram:2775 - set Specific Code input for plugin: RIF
2025-09-29 17:35:18,058 [INFO] BlockDiagram:2775 - set Specific Code input for plugin: NVIC1
2025-09-29 17:35:18,062 [INFO] CodeGenerator:892 - code generatio: config db path: C:\ST\STM32CubeIDE_1.19.0\STM32CubeIDE\plugins\com.st.stm32cube.common.mx_6.15.0.202507011659\\db\
2025-09-29 17:35:18,075 [WARN] IP:2250 - RefParam_XIP_memory not found: check if there is a RefParameter without a condition.
2025-09-29 17:35:18,075 [WARN] IP:2250 - RefParam_MEMORY_1_Size not found: check if there is a RefParameter without a condition.
2025-09-29 17:35:18,075 [WARN] IP:2250 - RefParam_MEMORY_1_FreqMax not found: check if there is a RefParameter without a condition.
2025-09-29 17:35:18,075 [WARN] IP:2250 - RefParam_MEMORY_1_ReadReg not found: check if there is a RefParameter without a condition.
2025-09-29 17:35:18,075 [WARN] IP:2250 - RefParam_MEMORY_1_WriteReg not found: check if there is a RefParameter without a condition.
2025-09-29 17:35:18,076 [WARN] IP:2250 - RefParam_MEMORY_1_RegSize not found: check if there is a RefParameter without a condition.
2025-09-29 17:35:18,076 [WARN] IP:2250 - RefParam_MEMORY_1_RegDummyCycle not found: check if there is a RefParameter without a condition.
2025-09-29 17:35:18,076 [WARN] IP:2250 - RefParam_MEMORY_1_WriteCommand not found: check if there is a RefParameter without a condition.
2025-09-29 17:35:18,076 [WARN] IP:2250 - RefParam_MEMORY_1_WriteDummyCycle not found: check if there is a RefParameter without a condition.
2025-09-29 17:35:18,076 [WARN] IP:2250 - RefParam_MEMORY_1_ReadCommand not found: check if there is a RefParameter without a condition.
2025-09-29 17:35:18,076 [WARN] IP:2250 - RefParam_MEMORY_1_WrapReadCommand not found: check if there is a RefParameter without a condition.
2025-09-29 17:35:18,076 [WARN] IP:2250 - RefParam_MEMORY_1_ReadDummyCycle not found: check if there is a RefParameter without a condition.
2025-09-29 17:35:18,076 [WARN] IP:2250 - RefParam_MEMORY_1_NumberOfConfig not found: check if there is a RefParameter without a condition.
2025-09-29 17:35:18,076 [WARN] IP:2250 - RefParam_MEMORY_1_Config1_WriteMask not found: check if there is a RefParameter without a condition.
2025-09-29 17:35:18,076 [WARN] IP:2250 - RefParam_MEMORY_1_Config1_WriteValue not found: check if there is a RefParameter without a condition.
2025-09-29 17:35:18,076 [WARN] IP:2250 - RefParam_MEMORY_1_Config1_RegAddress not found: check if there is a RefParameter without a condition.
2025-09-29 17:35:18,076 [WARN] IP:2250 - RefParam_MEMORY_1_Config2_WriteMask not found: check if there is a RefParameter without a condition.
2025-09-29 17:35:18,076 [WARN] IP:2250 - RefParam_MEMORY_1_Config2_WriteValue not found: check if there is a RefParameter without a condition.
2025-09-29 17:35:18,076 [WARN] IP:2250 - RefParam_MEMORY_1_Config2_RegAddress not found: check if there is a RefParameter without a condition.
2025-09-29 17:35:18,076 [WARN] IP:2250 - RefParam_MEMORY_1_Config3_WriteMask not found: check if there is a RefParameter without a condition.
2025-09-29 17:35:18,076 [WARN] IP:2250 - RefParam_MEMORY_1_Config3_WriteValue not found: check if there is a RefParameter without a condition.
2025-09-29 17:35:18,076 [WARN] IP:2250 - RefParam_MEMORY_1_Config3_RegAddress not found: check if there is a RefParameter without a condition.
2025-09-29 17:35:18,076 [WARN] IP:2250 - RefParam_MEMORY_2_Instance not found: check if there is a RefParameter without a condition.
2025-09-29 17:35:18,076 [WARN] IP:2250 - RefParam_MEMORY_2_ConfigType not found: check if there is a RefParameter without a condition.
2025-09-29 17:35:18,076 [WARN] IP:2250 - RefParam_MEMORY_2_Size not found: check if there is a RefParameter without a condition.
2025-09-29 17:35:18,076 [WARN] IP:2250 - RefParam_MEMORY_2_FreqMax not found: check if there is a RefParameter without a condition.
2025-09-29 17:35:18,076 [WARN] IP:2250 - RefParam_MEMORY_2_ReadReg not found: check if there is a RefParameter without a condition.
2025-09-29 17:35:18,076 [WARN] IP:2250 - RefParam_MEMORY_2_WriteReg not found: check if there is a RefParameter without a condition.
2025-09-29 17:35:18,076 [WARN] IP:2250 - RefParam_MEMORY_2_RegSize not found: check if there is a RefParameter without a condition.
2025-09-29 17:35:18,076 [WARN] IP:2250 - RefParam_MEMORY_2_RegDummyCycle not found: check if there is a RefParameter without a condition.
2025-09-29 17:35:18,076 [WARN] IP:2250 - RefParam_MEMORY_2_WriteCommand not found: check if there is a RefParameter without a condition.
2025-09-29 17:35:18,076 [WARN] IP:2250 - RefParam_MEMORY_2_WriteDummyCycle not found: check if there is a RefParameter without a condition.
2025-09-29 17:35:18,076 [WARN] IP:2250 - RefParam_MEMORY_2_ReadCommand not found: check if there is a RefParameter without a condition.
2025-09-29 17:35:18,077 [WARN] IP:2250 - RefParam_MEMORY_2_WrapReadCommand not found: check if there is a RefParameter without a condition.
2025-09-29 17:35:18,077 [WARN] IP:2250 - RefParam_MEMORY_2_ReadDummyCycle not found: check if there is a RefParameter without a condition.
2025-09-29 17:35:18,077 [WARN] IP:2250 - RefParam_MEMORY_2_NumberOfConfig not found: check if there is a RefParameter without a condition.
2025-09-29 17:35:18,077 [WARN] IP:2250 - RefParam_MEMORY_2_Config1_WriteMask not found: check if there is a RefParameter without a condition.
2025-09-29 17:35:18,077 [WARN] IP:2250 - RefParam_MEMORY_2_Config1_WriteValue not found: check if there is a RefParameter without a condition.
2025-09-29 17:35:18,077 [WARN] IP:2250 - RefParam_MEMORY_2_Config1_RegAddress not found: check if there is a RefParameter without a condition.
2025-09-29 17:35:18,077 [WARN] IP:2250 - RefParam_MEMORY_2_Config2_WriteMask not found: check if there is a RefParameter without a condition.
2025-09-29 17:35:18,077 [WARN] IP:2250 - RefParam_MEMORY_2_Config2_WriteValue not found: check if there is a RefParameter without a condition.
2025-09-29 17:35:18,077 [WARN] IP:2250 - RefParam_MEMORY_2_Config2_RegAddress not found: check if there is a RefParameter without a condition.
2025-09-29 17:35:18,077 [WARN] IP:2250 - RefParam_MEMORY_2_Config3_WriteMask not found: check if there is a RefParameter without a condition.
2025-09-29 17:35:18,077 [WARN] IP:2250 - RefParam_MEMORY_2_Config3_WriteValue not found: check if there is a RefParameter without a condition.
2025-09-29 17:35:18,077 [WARN] IP:2250 - RefParam_MEMORY_2_Config3_RegAddress not found: check if there is a RefParameter without a condition.
2025-09-29 17:35:18,202 [INFO] Middleware:1452 - No code input for Bsp Dependency
2025-09-29 17:35:18,204 [INFO] Middleware:1452 - No code input for Bsp Dependency
2025-09-29 17:35:18,206 [INFO] Middleware:1452 - No code input for Bsp Dependency
2025-09-29 17:35:18,207 [INFO] Middleware:1452 - No code input for Bsp Dependency
2025-09-29 17:35:18,207 [INFO] Middleware:1452 - No code input for Bsp Dependency
2025-09-29 17:35:18,208 [INFO] IP:3329 - RTE Config file name : RTE_Component
2025-09-29 17:35:18,208 [INFO] IP:3347 - RTE template : RTE_Components.ftl
2025-09-29 17:35:18,210 [INFO] Middleware:1452 - No code input for Bsp Dependency
2025-09-29 17:35:18,211 [INFO] Middleware:1452 - No code input for Bsp Dependency
2025-09-29 17:35:18,212 [INFO] Middleware:1452 - No code input for Bsp Dependency
2025-09-29 17:35:18,212 [INFO] CodeGenerator:1619 - *******************Project context FSBL selected
2025-09-29 17:35:18,298 [INFO] CodeEngine:265 - oldGeneratedFile, C:\ST\AB_LSTM\AB_LSTM\MXTmpFiles\license.tmp_save
2025-09-29 17:35:18,673 [INFO] CodeEngine:289 - Generated code: C:\ST\AB_LSTM\AB_LSTM\MXTmpFiles\license.tmp
2025-09-29 17:35:18,753 [INFO] CodeEngine:265 - oldGeneratedFile, C:\ST\AB_LSTM\AB_LSTM\FSBL\MXTmpFiles\gpio.tmp_save
2025-09-29 17:35:19,003 [INFO] CodeEngine:289 - Generated code: C:\ST\AB_LSTM\AB_LSTM\FSBL\MXTmpFiles\gpio.tmp
2025-09-29 17:35:19,177 [WARN] IPConfigManager:103 - WARNING: Missing Config File for XSPIM ip!!
2025-09-29 17:35:19,227 [INFO] Middleware:1452 - No code input for Bsp Dependency
2025-09-29 17:35:19,251 [INFO] CodeEngine:265 - oldGeneratedFile, C:\ST\AB_LSTM\AB_LSTM\FSBL\MXTmpFiles\boot_code.tmp_save
2025-09-29 17:35:19,428 [INFO] CodeEngine:289 - Generated code: C:\ST\AB_LSTM\AB_LSTM\FSBL\MXTmpFiles\boot_code.tmp
2025-09-29 17:35:19,460 [INFO] CodeEngine:265 - oldGeneratedFile, C:\ST\AB_LSTM\AB_LSTM\FSBL\MXTmpFiles\cortex.tmp_save
2025-09-29 17:35:19,661 [INFO] CodeEngine:289 - Generated code: C:\ST\AB_LSTM\AB_LSTM\FSBL\MXTmpFiles\cortex.tmp
2025-09-29 17:35:19,686 [INFO] Middleware:1452 - No code input for Bsp Dependency
2025-09-29 17:35:19,695 [INFO] CodeEngine:265 - oldGeneratedFile, C:\ST\AB_LSTM\AB_LSTM\FSBL\Core\Inc\extmem_manager.h_save
2025-09-29 17:35:19,844 [INFO] CodeEngine:289 - Generated code: C:\ST\AB_LSTM\AB_LSTM\FSBL\Core\Inc\extmem_manager.h
2025-09-29 17:35:19,861 [INFO] CodeEngine:265 - oldGeneratedFile, C:\ST\AB_LSTM\AB_LSTM\FSBL\Core\Src\extmem_manager.c_save
2025-09-29 17:35:20,011 [INFO] CodeEngine:289 - Generated code: C:\ST\AB_LSTM\AB_LSTM\FSBL\Core\Src\extmem_manager.c
2025-09-29 17:35:20,028 [INFO] CodeEngine:265 - oldGeneratedFile, C:\ST\AB_LSTM\AB_LSTM\FSBL\Core\Inc\stm32_extmem_conf.h_save
2025-09-29 17:35:20,172 [INFO] CodeEngine:289 - Generated code: C:\ST\AB_LSTM\AB_LSTM\FSBL\Core\Inc\stm32_extmem_conf.h
2025-09-29 17:35:20,181 [INFO] CodeEngine:265 - oldGeneratedFile, C:\ST\AB_LSTM\AB_LSTM\FSBL\MXTmpFiles\boot_code.tmp_save
2025-09-29 17:35:20,225 [INFO] CodeEngine:289 - Generated code: C:\ST\AB_LSTM\AB_LSTM\FSBL\MXTmpFiles\boot_code.tmp
2025-09-29 17:35:20,254 [INFO] CodeEngine:265 - oldGeneratedFile, C:\ST\AB_LSTM\AB_LSTM\FSBL\Core\Src\stm32n6xx_it.c_save
2025-09-29 17:35:20,552 [INFO] CodeEngine:289 - Generated code: C:\ST\AB_LSTM\AB_LSTM\FSBL\Core\Src\stm32n6xx_it.c
2025-09-29 17:35:20,569 [INFO] CodeEngine:265 - oldGeneratedFile, C:\ST\AB_LSTM\AB_LSTM\FSBL\Core\Inc\stm32n6xx_it.h_save
2025-09-29 17:35:20,715 [INFO] CodeEngine:289 - Generated code: C:\ST\AB_LSTM\AB_LSTM\FSBL\Core\Inc\stm32n6xx_it.h
2025-09-29 17:35:20,846 [INFO] CodeEngine:265 - oldGeneratedFile, C:\ST\AB_LSTM\AB_LSTM\FSBL\Core\Src\stm32n6xx_hal_msp.c_save
2025-09-29 17:35:21,125 [INFO] CodeEngine:289 - Generated code: C:\ST\AB_LSTM\AB_LSTM\FSBL\Core\Src\stm32n6xx_hal_msp.c
2025-09-29 17:35:21,141 [INFO] CodeEngine:265 - oldGeneratedFile, C:\ST\AB_LSTM\AB_LSTM\FSBL\MXTmpFiles\system.tmp_save
2025-09-29 17:35:21,209 [INFO] CodeEngine:289 - Generated code: C:\ST\AB_LSTM\AB_LSTM\FSBL\MXTmpFiles\system.tmp
2025-09-29 17:35:21,241 [INFO] CodeEngine:321 - oldGeneratedFile, C:\ST\AB_LSTM\AB_LSTM\FSBL\Core\Inc\stm32n6xx_hal_conf.h_save
2025-09-29 17:35:21,446 [INFO] CodeEngine:345 - Generated code: C:\ST\AB_LSTM\AB_LSTM\FSBL\Core\Inc\stm32n6xx_hal_conf.h
2025-09-29 17:35:21,470 [WARN] IPConfigManager:3238 - Warning: the RefConfig RCC_ConfigVoltageScaling is not available in your config.xml file
2025-09-29 17:35:21,475 [WARN] IPConfigManager:3238 - Warning: the RefConfig RCC_RTC_HSEDIV is not available in your config.xml file
2025-09-29 17:35:21,483 [ERROR] ApiDbMcu:560 - Cannot parse XSPIM_Config file : file do not exist
2025-09-29 17:35:21,502 [INFO] CodeEngine:265 - oldGeneratedFile, C:\ST\AB_LSTM\AB_LSTM\FSBL\Core\Inc\main.h_save
2025-09-29 17:35:21,729 [INFO] CodeEngine:289 - Generated code: C:\ST\AB_LSTM\AB_LSTM\FSBL\Core\Inc\main.h
2025-09-29 17:35:21,739 [INFO] CodeEngine:265 - oldGeneratedFile, C:\ST\AB_LSTM\AB_LSTM\FSBL\Core\Src\main.c_save
2025-09-29 17:35:21,938 [INFO] CodeEngine:289 - Generated code: C:\ST\AB_LSTM\AB_LSTM\FSBL\Core\Src\main.c
2025-09-29 17:35:21,990 [INFO] CodeGenerator:1619 - *******************Project context Appli selected
2025-09-29 17:35:22,023 [INFO] IP:3329 - RTE Config file name : RTE_Component
2025-09-29 17:35:22,023 [INFO] IP:3347 - RTE template : RTE_Components.ftl
2025-09-29 17:35:22,034 [INFO] CodeEngine:265 - oldGeneratedFile, C:\ST\AB_LSTM\AB_LSTM\MXTmpFiles\license.tmp_save
2025-09-29 17:35:22,160 [INFO] CodeEngine:289 - Generated code: C:\ST\AB_LSTM\AB_LSTM\MXTmpFiles\license.tmp
2025-09-29 17:35:22,189 [INFO] CodeEngine:265 - oldGeneratedFile, C:\ST\AB_LSTM\AB_LSTM\Appli\MXTmpFiles\gpio.tmp_save
2025-09-29 17:35:22,358 [INFO] CodeEngine:289 - Generated code: C:\ST\AB_LSTM\AB_LSTM\Appli\MXTmpFiles\gpio.tmp
2025-09-29 17:35:22,472 [WARN] IPConfigManager:103 - WARNING: Missing Config File for NVIC ip!!
2025-09-29 17:35:22,581 [INFO] Middleware:1452 - No code input for Bsp Dependency
2025-09-29 17:35:22,582 [INFO] Middleware:1452 - No code input for Bsp Dependency
2025-09-29 17:35:22,582 [INFO] IP:3329 - RTE Config file name : RTE_Component
2025-09-29 17:35:22,582 [INFO] IP:3347 - RTE template : RTE_Components.ftl
2025-09-29 17:35:22,594 [INFO] CodeEngine:265 - oldGeneratedFile, C:\ST\AB_LSTM\AB_LSTM\Appli\MXTmpFiles\cortex.tmp_save
2025-09-29 17:35:22,721 [INFO] CodeEngine:289 - Generated code: C:\ST\AB_LSTM\AB_LSTM\Appli\MXTmpFiles\cortex.tmp
2025-09-29 17:35:22,760 [INFO] CodeEngine:265 - oldGeneratedFile, C:\ST\AB_LSTM\AB_LSTM\Appli\Core\Inc\stm32n6xx_nucleo_conf.h_save
2025-09-29 17:35:22,947 [INFO] CodeEngine:289 - Generated code: C:\ST\AB_LSTM\AB_LSTM\Appli\Core\Inc\stm32n6xx_nucleo_conf.h
2025-09-29 17:35:22,956 [INFO] CodeEngine:265 - oldGeneratedFile, C:\ST\AB_LSTM\AB_LSTM\Appli\MXTmpFiles\bsp_inc.tmp_save
2025-09-29 17:35:23,057 [INFO] CodeEngine:289 - Generated code: C:\ST\AB_LSTM\AB_LSTM\Appli\MXTmpFiles\bsp_inc.tmp
2025-09-29 17:35:23,080 [INFO] CodeEngine:265 - oldGeneratedFile, C:\ST\AB_LSTM\AB_LSTM\Appli\MXTmpFiles\bsp_common_vars.tmp_save
2025-09-29 17:35:23,134 [INFO] CodeEngine:289 - Generated code: C:\ST\AB_LSTM\AB_LSTM\Appli\MXTmpFiles\bsp_common_vars.tmp
2025-09-29 17:35:23,139 [INFO] CodeEngine:265 - oldGeneratedFile, C:\ST\AB_LSTM\AB_LSTM\Appli\MXTmpFiles\bsp_common_init.tmp_save
2025-09-29 17:35:23,202 [INFO] CodeEngine:289 - Generated code: C:\ST\AB_LSTM\AB_LSTM\Appli\MXTmpFiles\bsp_common_init.tmp
2025-09-29 17:35:23,214 [INFO] CodeEngine:265 - oldGeneratedFile, C:\ST\AB_LSTM\AB_LSTM\Appli\MXTmpFiles\bsp_common_demo_before_while.tmp_save
2025-09-29 17:35:23,263 [INFO] CodeEngine:289 - Generated code: C:\ST\AB_LSTM\AB_LSTM\Appli\MXTmpFiles\bsp_common_demo_before_while.tmp
2025-09-29 17:35:23,270 [INFO] CodeEngine:265 - oldGeneratedFile, C:\ST\AB_LSTM\AB_LSTM\Appli\MXTmpFiles\bsp_common_demo_inside_while.tmp_save
2025-09-29 17:35:23,312 [INFO] CodeEngine:289 - Generated code: C:\ST\AB_LSTM\AB_LSTM\Appli\MXTmpFiles\bsp_common_demo_inside_while.tmp
2025-09-29 17:35:23,314 [INFO] CodeEngine:265 - oldGeneratedFile, C:\ST\AB_LSTM\AB_LSTM\Appli\MXTmpFiles\bsp_common_demo_fct.tmp_save
2025-09-29 17:35:23,348 [INFO] CodeEngine:289 - Generated code: C:\ST\AB_LSTM\AB_LSTM\Appli\MXTmpFiles\bsp_common_demo_fct.tmp
2025-09-29 17:35:23,348 [INFO] Middleware:1452 - No code input for Bsp Dependency
2025-09-29 17:35:23,348 [INFO] Middleware:1452 - No code input for Bsp Dependency
2025-09-29 17:35:23,348 [INFO] IP:3329 - RTE Config file name : RTE_Component
2025-09-29 17:35:23,348 [INFO] IP:3347 - RTE template : RTE_Components.ftl
2025-09-29 17:35:23,370 [INFO] CodeEngine:265 - oldGeneratedFile, C:\ST\AB_LSTM\AB_LSTM\Appli\X-CUBE-AI\App\app_x-cube-ai.h_save
2025-09-29 17:35:23,497 [INFO] CodeEngine:289 - Generated code: C:\ST\AB_LSTM\AB_LSTM\Appli\X-CUBE-AI\App\app_x-cube-ai.h
2025-09-29 17:35:23,514 [INFO] CodeEngine:265 - oldGeneratedFile, C:\ST\AB_LSTM\AB_LSTM\Appli\X-CUBE-AI\constants_ai.h_save
2025-09-29 17:35:23,581 [INFO] CodeEngine:289 - Generated code: C:\ST\AB_LSTM\AB_LSTM\Appli\X-CUBE-AI\constants_ai.h
2025-09-29 17:35:23,596 [INFO] CodeEngine:265 - oldGeneratedFile, C:\ST\AB_LSTM\AB_LSTM\Appli\X-CUBE-AI\App\app_x-cube-ai.c_save
2025-09-29 17:35:23,692 [INFO] CodeEngine:289 - Generated code: C:\ST\AB_LSTM\AB_LSTM\Appli\X-CUBE-AI\App\app_x-cube-ai.c
2025-09-29 17:35:23,731 [INFO] CodeEngine:265 - oldGeneratedFile, C:\ST\AB_LSTM\AB_LSTM\Appli\Core\Src\stm32n6xx_it.c_save
2025-09-29 17:35:23,964 [INFO] CodeEngine:289 - Generated code: C:\ST\AB_LSTM\AB_LSTM\Appli\Core\Src\stm32n6xx_it.c
2025-09-29 17:35:23,981 [INFO] CodeEngine:265 - oldGeneratedFile, C:\ST\AB_LSTM\AB_LSTM\Appli\Core\Inc\stm32n6xx_it.h_save
2025-09-29 17:35:24,048 [INFO] CodeEngine:289 - Generated code: C:\ST\AB_LSTM\AB_LSTM\Appli\Core\Inc\stm32n6xx_it.h
2025-09-29 17:35:24,065 [INFO] IP:3329 - RTE Config file name : RTE_Component
2025-09-29 17:35:24,065 [INFO] IP:3347 - RTE template : RTE_Components.ftl
2025-09-29 17:35:24,065 [INFO] CodeGenerator:2312 - Add RTE Code Input 
2025-09-29 17:35:24,074 [INFO] CodeEngine:265 - oldGeneratedFile, C:\ST\AB_LSTM\AB_LSTM\Appli\Core\Inc\RTE_Components.h_save
2025-09-29 17:35:24,207 [INFO] CodeEngine:289 - Generated code: C:\ST\AB_LSTM\AB_LSTM\Appli\Core\Inc\RTE_Components.h
2025-09-29 17:35:24,218 [INFO] CodeEngine:265 - oldGeneratedFile, C:\ST\AB_LSTM\AB_LSTM\Appli\MXTmpFiles\RIFInit.tmp_save
2025-09-29 17:35:24,334 [INFO] CodeEngine:289 - Generated code: C:\ST\AB_LSTM\AB_LSTM\Appli\MXTmpFiles\RIFInit.tmp
2025-09-29 17:35:24,412 [INFO] CodeEngine:265 - oldGeneratedFile, C:\ST\AB_LSTM\AB_LSTM\Appli\Core\Src\stm32n6xx_hal_msp.c_save
2025-09-29 17:35:24,641 [INFO] CodeEngine:289 - Generated code: C:\ST\AB_LSTM\AB_LSTM\Appli\Core\Src\stm32n6xx_hal_msp.c
2025-09-29 17:35:24,646 [INFO] CodeEngine:265 - oldGeneratedFile, C:\ST\AB_LSTM\AB_LSTM\Appli\MXTmpFiles\system.tmp_save
2025-09-29 17:35:24,680 [INFO] CodeEngine:289 - Generated code: C:\ST\AB_LSTM\AB_LSTM\Appli\MXTmpFiles\system.tmp
2025-09-29 17:35:24,693 [INFO] CodeEngine:321 - oldGeneratedFile, C:\ST\AB_LSTM\AB_LSTM\Appli\Core\Inc\stm32n6xx_hal_conf.h_save
2025-09-29 17:35:24,899 [INFO] CodeEngine:345 - Generated code: C:\ST\AB_LSTM\AB_LSTM\Appli\Core\Inc\stm32n6xx_hal_conf.h
2025-09-29 17:35:24,915 [WARN] IPConfigManager:3238 - Warning: the RefConfig RCC_ConfigVoltageScaling is not available in your config.xml file
2025-09-29 17:35:24,917 [WARN] IPConfigManager:3238 - Warning: the RefConfig RCC_RTC_HSEDIV is not available in your config.xml file
2025-09-29 17:35:24,925 [WARN] IPConfigManager:3811 - IP not found : TIM
2025-09-29 17:35:24,926 [WARN] CodeGenerator:4259 - IP not found : null
2025-09-29 17:35:24,933 [INFO] CodeEngine:265 - oldGeneratedFile, C:\ST\AB_LSTM\AB_LSTM\Appli\Core\Inc\main.h_save
2025-09-29 17:35:25,080 [INFO] CodeEngine:289 - Generated code: C:\ST\AB_LSTM\AB_LSTM\Appli\Core\Inc\main.h
2025-09-29 17:35:25,093 [INFO] CodeEngine:265 - oldGeneratedFile, C:\ST\AB_LSTM\AB_LSTM\Appli\Core\Src\main.c_save
2025-09-29 17:35:25,247 [INFO] CodeEngine:289 - Generated code: C:\ST\AB_LSTM\AB_LSTM\Appli\Core\Src\main.c
2025-09-29 17:35:25,260 [INFO] CodeEngine:265 - oldGeneratedFile, C:\ST\AB_LSTM\AB_LSTM\Appli\Core\Src\secure_nsc.c_save
2025-09-29 17:35:25,393 [INFO] CodeEngine:289 - Generated code: C:\ST\AB_LSTM\AB_LSTM\Appli\Core\Src\secure_nsc.c
2025-09-29 17:35:25,401 [INFO] CodeEngine:265 - oldGeneratedFile, C:\ST\AB_LSTM\AB_LSTM\Appli\Core\Inc\partition_stm32n657xx.h_save
2025-09-29 17:35:25,501 [INFO] CodeEngine:289 - Generated code: C:\ST\AB_LSTM\AB_LSTM\Appli\Core\Inc\partition_stm32n657xx.h
2025-09-29 17:35:25,508 [INFO] CodeEngine:265 - oldGeneratedFile, C:\ST\AB_LSTM\AB_LSTM\Secure_nsclib\secure_nsc.h_save
2025-09-29 17:35:25,576 [INFO] CodeEngine:289 - Generated code: C:\ST\AB_LSTM\AB_LSTM\Secure_nsclib\secure_nsc.h
2025-09-29 17:35:25,603 [INFO] CodeGenerator:1707 - *******************Project context ExtMemLoader Not selected
2025-09-29 17:35:26,587 [INFO] AInterface:322 - ModelName:network; files:[C:\Users\ZOJOLDRI\OneDrive - Carl Zeiss AG\Dokumente\Zeiss\SMT\Bachelor\AB Encoder Model\AB_Encoder_Synthetic_Data\lstm_ab_encoder.h5]; type:Keras; compression:None
2025-09-29 17:35:26,588 [INFO] AInterface:526 - workspaceTempDir: C:/Users/ZOJOLDRI/AppData/Local/Temp/mxAI_workspace101562182638280010487130453221102313
2025-09-29 17:35:26,588 [INFO] AInterface:1176 - Setting Env: C:/Users/ZOJOLDRI/STM32Cube/Repository/Packs/STMicroelectronics/X-CUBE-AI/10.2.0/Utilities/windows
2025-09-29 17:35:26,597 [INFO] STM32CubeIDEBuilder:265 - Looking for gnu-tools-for-stm32 tools/bin/arm-none-eabi-gcc.exe in C:\ST\STM32CubeIDE_1.19.0\STM32CubeIDE
2025-09-29 17:35:26,599 [INFO] STM32CubeIDEBuilder:294 - checking C:\ST\STM32CubeIDE_1.19.0\STM32CubeIDE\plugins\com.st.stm32cube.ide.mcu.externaltools.gnu-tools-for-stm32.13.3.rel1.win32_1.0.0.202411081344\tools\bin\arm-none-eabi-gcc.exe
2025-09-29 17:35:26,599 [INFO] STM32CubeIDEBuilder:297 - ret=C:\ST\STM32CubeIDE_1.19.0\STM32CubeIDE\plugins\com.st.stm32cube.ide.mcu.externaltools.gnu-tools-for-stm32.13.3.rel1.win32_1.0.0.202411081344\tools\bin\arm-none-eabi-gcc.exe
2025-09-29 17:35:26,599 [INFO] STM32CubeIDEBuilder:311 - returning C:\ST\STM32CubeIDE_1.19.0\STM32CubeIDE\plugins\com.st.stm32cube.ide.mcu.externaltools.gnu-tools-for-stm32.13.3.rel1.win32_1.0.0.202411081344\tools\bin\arm-none-eabi-gcc.exe
2025-09-29 17:35:26,600 [INFO] AInterface:1233 - Custom PATH variable: C:/Users/ZOJOLDRI/STM32Cube/Repository/Packs/STMicroelectronics/X-CUBE-AI/10.2.0/Utilities/windows;C:/Users/ZOJOLDRI/STM32Cube/Repository/Packs/STMicroelectronics/X-CUBE-AI/10.2.0/Utilities/windows/mingw64/bin;C:/Users/ZOJOLDRI/STM32Cube/Repository/Packs/STMicroelectronics/X-CUBE-AI/10.2.0/Utilities/windows/mingw64/libexec/gcc/x86_64-w64-mingw32/7.3.0;;C:\ST\STM32CubeIDE_1.19.0\STM32CubeIDE\plugins\com.st.stm32cube.ide.mcu.externaltools.gnu-tools-for-stm32.13.3.rel1.win32_1.0.0.202411081344\tools\bin
2025-09-29 17:35:26,604 [INFO] CmdLine:115 - Command: C:/Users/ZOJOLDRI/STM32Cube/Repository/Packs/STMicroelectronics/X-CUBE-AI/10.2.0/Utilities/windows/stedgeai.exe generate --target stm32n6 --name network -m C:/Users/ZOJOLDRI/OneDrive - Carl Zeiss AG/Dokumente/Zeiss/SMT/Bachelor/AB Encoder Model/AB_Encoder_Synthetic_Data/lstm_ab_encoder.h5 --compression none --verbosity 1 -O time --workspace C:/Users/ZOJOLDRI/AppData/Local/Temp/mxAI_workspace101562182638280010487130453221102313 --output C:/Users/ZOJOLDRI/.stm32cubemx/network_output
2025-09-29 17:35:26,605 [INFO] AIModelDetailledView:2380 - Analysis status: pending
2025-09-29 17:35:27,256 [INFO] CmdLine:76 - ST Edge AI Core v2.2.0-20266 2adc00962
2025-09-29 17:35:32,341 [INFO] CmdLine:76 - Creating c (debug) info json file C:\Users\ZOJOLDRI\.stm32cubemx\network_output\network_c_info.json
2025-09-29 17:35:32,355 [INFO] CmdLine:76 -  
2025-09-29 17:35:32,356 [INFO] CmdLine:76 -  Exec/report summary (generate)
2025-09-29 17:35:32,356 [INFO] CmdLine:76 -  ---------------------------------------------------------------------------------------------------------------------------------------------------------------
2025-09-29 17:35:32,356 [INFO] CmdLine:76 -  model file         :   C:\Users\ZOJOLDRI\OneDrive - Carl Zeiss AG\Dokumente\Zeiss\SMT\Bachelor\AB Encoder Model\AB_Encoder_Synthetic_Data\lstm_ab_encoder.h5   
2025-09-29 17:35:32,356 [INFO] CmdLine:76 -  type               :   keras                                                                                                                                   
2025-09-29 17:35:32,356 [INFO] CmdLine:76 -  c_name             :   network                                                                                                                                 
2025-09-29 17:35:32,356 [INFO] CmdLine:76 -  compression        :   none                                                                                                                                    
2025-09-29 17:35:32,357 [INFO] CmdLine:76 -  options            :   allocate-inputs, allocate-outputs                                                                                                       
2025-09-29 17:35:32,357 [INFO] CmdLine:76 -  optimization       :   time                                                                                                                                    
2025-09-29 17:35:32,357 [INFO] CmdLine:76 -  target/series      :   stm32n6                                                                                                                                 
2025-09-29 17:35:32,357 [INFO] CmdLine:76 -  workspace dir      :   C:\Users\ZOJOLDRI\AppData\Local\Temp\mxAI_workspace101562182638280010487130453221102313                                                 
2025-09-29 17:35:32,357 [INFO] CmdLine:76 -  output dir         :   C:\Users\ZOJOLDRI\.stm32cubemx\network_output                                                                                           
2025-09-29 17:35:32,358 [INFO] CmdLine:76 -  model_fmt          :   float                                                                                                                                   
2025-09-29 17:35:32,358 [INFO] CmdLine:76 -  model_name         :   lstm_ab_encoder                                                                                                                         
2025-09-29 17:35:32,358 [INFO] CmdLine:76 -  model_hash         :   0x35c646995450259c3e284c39c91e1993                                                                                                      
2025-09-29 17:35:32,358 [INFO] CmdLine:76 -  params #           :   12,163 items (47.51 KiB)                                                                                                                
2025-09-29 17:35:32,358 [INFO] CmdLine:76 -  ---------------------------------------------------------------------------------------------------------------------------------------------------------------
2025-09-29 17:35:32,358 [INFO] CmdLine:76 -  input 1/1          :   'input_0', f32(1x32x10), 1.25 KBytes, activations                                                                                       
2025-09-29 17:35:32,358 [INFO] CmdLine:76 -  output 1/1         :   'output', f32(1x3), 12 Bytes, activations                                                                                               
2025-09-29 17:35:32,359 [INFO] CmdLine:76 -  macc               :   364,928                                                                                                                                 
2025-09-29 17:35:32,359 [INFO] CmdLine:76 -  weights (ro)       :   49,228 B (48.07 KiB) (1 segment) / +576(+1.2%) vs float model                                                                           
2025-09-29 17:35:32,359 [INFO] CmdLine:76 -  activations (rw)   :   2,816 B (2.75 KiB) (1 segment) *                                                                                                        
2025-09-29 17:35:32,359 [INFO] CmdLine:76 -  ram (total)        :   2,816 B (2.75 KiB) = 2,816 + 0 + 0                                                                                                      
2025-09-29 17:35:32,359 [INFO] CmdLine:76 -  ---------------------------------------------------------------------------------------------------------------------------------------------------------------
2025-09-29 17:35:32,359 [INFO] CmdLine:76 -  (*) 'input'/'output' buffers are allocated in the activations buffer
2025-09-29 17:35:32,359 [INFO] CmdLine:76 - Computing AI RT data/code size (target=stm32n6)..
2025-09-29 17:35:34,354 [INFO] CmdLine:76 -  Requested memory size by section - "stm32n6" target
2025-09-29 17:35:34,355 [INFO] CmdLine:76 -  ------------------------------- -------- -------- ------- -------
2025-09-29 17:35:34,355 [INFO] CmdLine:76 -  module                              text   rodata    data     bss
2025-09-29 17:35:34,355 [INFO] CmdLine:76 -  ------------------------------- -------- -------- ------- -------
2025-09-29 17:35:34,356 [INFO] CmdLine:76 -  NetworkRuntime1020_CM55_GCC.a     15,800       32       0       0
2025-09-29 17:35:34,356 [INFO] CmdLine:76 -  network.o                            600       40   1,888     136
2025-09-29 17:35:34,357 [INFO] CmdLine:76 -  network_data.o                        48       16      88       0
2025-09-29 17:35:34,357 [INFO] CmdLine:76 -  lib (toolchain)*                   1,132      340       0       0
2025-09-29 17:35:34,358 [INFO] CmdLine:76 -  ------------------------------- -------- -------- ------- -------
2025-09-29 17:35:34,358 [INFO] CmdLine:76 -  RT total**                        17,580      428   1,976     136
2025-09-29 17:35:34,358 [INFO] CmdLine:76 -  ------------------------------- -------- -------- ------- -------
2025-09-29 17:35:34,358 [INFO] CmdLine:76 -  weights                                0   49,232       0       0
2025-09-29 17:35:34,358 [INFO] CmdLine:76 -  activations                            0        0       0   2,816
2025-09-29 17:35:34,359 [INFO] CmdLine:76 -  io                                     0        0       0       0
2025-09-29 17:35:34,359 [INFO] CmdLine:76 -  ------------------------------- -------- -------- ------- -------
2025-09-29 17:35:34,359 [INFO] CmdLine:76 -  TOTAL                             17,580   49,660   1,976   2,952
2025-09-29 17:35:34,359 [INFO] CmdLine:76 -  ------------------------------- -------- -------- ------- -------
2025-09-29 17:35:34,360 [INFO] CmdLine:76 -  *  toolchain objects (libm/libgcc*)
2025-09-29 17:35:34,360 [INFO] CmdLine:76 -  ** RT AI runtime objects (kernels+infrastructure)
2025-09-29 17:35:34,360 [INFO] CmdLine:76 -   Summary - "stm32n6" target
2025-09-29 17:35:34,360 [INFO] CmdLine:76 -   ---------------------------------------------------
2025-09-29 17:35:34,361 [INFO] CmdLine:76 -                FLASH (ro)      %*   RAM (rw)       %
2025-09-29 17:35:34,361 [INFO] CmdLine:76 -   ---------------------------------------------------
2025-09-29 17:35:34,361 [INFO] CmdLine:76 -   RT total         19,984   28.9%      2,112   42.9%
2025-09-29 17:35:34,361 [INFO] CmdLine:76 -   ---------------------------------------------------
2025-09-29 17:35:34,361 [INFO] CmdLine:76 -   TOTAL            69,216              4,928
2025-09-29 17:35:34,361 [INFO] CmdLine:76 -   ---------------------------------------------------
2025-09-29 17:35:34,361 [INFO] CmdLine:76 -   *  rt/total
2025-09-29 17:35:34,362 [INFO] CmdLine:76 -  Generated files (7)
2025-09-29 17:35:34,362 [INFO] CmdLine:76 -  ---------------------------------------------------------------------
2025-09-29 17:35:34,362 [INFO] CmdLine:76 -  C:\Users\ZOJOLDRI\.stm32cubemx\network_output\network_data_params.h
2025-09-29 17:35:34,362 [INFO] CmdLine:76 -  C:\Users\ZOJOLDRI\.stm32cubemx\network_output\network_data_params.c
2025-09-29 17:35:34,362 [INFO] CmdLine:76 -  C:\Users\ZOJOLDRI\.stm32cubemx\network_output\network_data.h
2025-09-29 17:35:34,362 [INFO] CmdLine:76 -  C:\Users\ZOJOLDRI\.stm32cubemx\network_output\network_data.c
2025-09-29 17:35:34,363 [INFO] CmdLine:76 -  C:\Users\ZOJOLDRI\.stm32cubemx\network_output\network_config.h
2025-09-29 17:35:34,363 [INFO] CmdLine:76 -  C:\Users\ZOJOLDRI\.stm32cubemx\network_output\network.h
2025-09-29 17:35:34,363 [INFO] CmdLine:76 -  C:\Users\ZOJOLDRI\.stm32cubemx\network_output\network.c
2025-09-29 17:35:34,363 [INFO] CmdLine:76 - Creating txt report file C:\Users\ZOJOLDRI\.stm32cubemx\network_output\network_generate_report.txt
2025-09-29 17:35:36,547 [INFO] CmdLine:76 - elapsed time (generate): 9.291s
2025-09-29 17:35:36,926 [INFO] CmdLine:148 - stedgeai exit with status: 0
2025-09-29 17:35:36,943 [INFO] AIModelDetailledView:2380 - Analysis status: done
2025-09-29 17:35:38,093 [INFO] ProjectBuilder:3606 - Time for Copy HAL[1] : 542mS.
2025-09-29 17:35:38,093 [ERROR] Middleware:2950 - Invalid RefComponent list
2025-09-29 17:35:38,093 [ERROR] Middleware:2950 - Invalid RefComponent list
2025-09-29 17:35:38,093 [ERROR] Middleware:2950 - Invalid RefComponent list
2025-09-29 17:35:38,093 [ERROR] Middleware:2950 - Invalid RefComponent list
2025-09-29 17:35:38,093 [ERROR] Middleware:2950 - Invalid RefComponent list
2025-09-29 17:35:38,093 [ERROR] Middleware:2950 - Invalid RefComponent list
2025-09-29 17:35:38,093 [ERROR] Middleware:2950 - Invalid RefComponent list
2025-09-29 17:35:38,093 [ERROR] Middleware:2950 - Invalid RefComponent list
2025-09-29 17:35:38,093 [ERROR] Middleware:2950 - Invalid RefComponent list
2025-09-29 17:35:38,093 [ERROR] Middleware:2950 - Invalid RefComponent list
2025-09-29 17:35:38,093 [ERROR] Middleware:2950 - Invalid RefComponent list
2025-09-29 17:35:38,093 [ERROR] Middleware:2950 - Invalid RefComponent list
2025-09-29 17:35:38,093 [ERROR] Middleware:2950 - Invalid RefComponent list
2025-09-29 17:35:38,093 [ERROR] Middleware:2950 - Invalid RefComponent list
2025-09-29 17:35:38,093 [ERROR] Middleware:2950 - Invalid RefComponent list
2025-09-29 17:35:38,093 [ERROR] Middleware:2950 - Invalid RefComponent list
2025-09-29 17:35:38,093 [ERROR] Middleware:2950 - Invalid RefComponent list
2025-09-29 17:35:38,093 [ERROR] Middleware:2950 - Invalid RefComponent list
2025-09-29 17:35:38,093 [ERROR] Middleware:2950 - Invalid RefComponent list
2025-09-29 17:35:38,093 [ERROR] Middleware:2950 - Invalid RefComponent list
2025-09-29 17:35:38,093 [ERROR] Middleware:2950 - Invalid RefComponent list
2025-09-29 17:35:38,093 [ERROR] Middleware:2950 - Invalid RefComponent list
2025-09-29 17:35:38,093 [ERROR] Middleware:2950 - Invalid RefComponent list
2025-09-29 17:35:38,093 [ERROR] Middleware:2950 - Invalid RefComponent list
2025-09-29 17:35:38,093 [ERROR] Middleware:2950 - Invalid RefComponent list
2025-09-29 17:35:38,093 [ERROR] Middleware:2950 - Invalid RefComponent list
2025-09-29 17:35:38,093 [ERROR] Middleware:2950 - Invalid RefComponent list
2025-09-29 17:35:38,093 [ERROR] Middleware:2950 - Invalid RefComponent list
2025-09-29 17:35:38,093 [ERROR] Middleware:2950 - Invalid RefComponent list
2025-09-29 17:35:38,093 [ERROR] Middleware:2950 - Invalid RefComponent list
2025-09-29 17:35:38,093 [ERROR] Middleware:2950 - Invalid RefComponent list
2025-09-29 17:35:38,093 [ERROR] Middleware:2950 - Invalid RefComponent list
2025-09-29 17:35:38,093 [ERROR] Middleware:2950 - Invalid RefComponent list
2025-09-29 17:35:38,093 [ERROR] Middleware:2950 - Invalid RefComponent list
2025-09-29 17:35:38,093 [ERROR] Middleware:2950 - Invalid RefComponent list
2025-09-29 17:35:38,093 [ERROR] Middleware:2950 - Invalid RefComponent list
2025-09-29 17:35:38,093 [ERROR] Middleware:2950 - Invalid RefComponent list
2025-09-29 17:35:38,093 [ERROR] Middleware:2950 - Invalid RefComponent list
2025-09-29 17:35:38,093 [ERROR] Middleware:2950 - Invalid RefComponent list
2025-09-29 17:35:38,093 [ERROR] Middleware:2950 - Invalid RefComponent list
2025-09-29 17:35:38,093 [ERROR] Middleware:2950 - Invalid RefComponent list
2025-09-29 17:35:38,093 [ERROR] Middleware:2950 - Invalid RefComponent list
2025-09-29 17:35:38,093 [ERROR] Middleware:2950 - Invalid RefComponent list
2025-09-29 17:35:38,093 [ERROR] Middleware:2950 - Invalid RefComponent list
2025-09-29 17:35:38,093 [ERROR] Middleware:2950 - Invalid RefComponent list
2025-09-29 17:35:38,093 [ERROR] Middleware:2950 - Invalid RefComponent list
2025-09-29 17:35:38,093 [ERROR] Middleware:2950 - Invalid RefComponent list
2025-09-29 17:35:38,093 [ERROR] Middleware:2950 - Invalid RefComponent list
2025-09-29 17:35:38,093 [ERROR] Middleware:2950 - Invalid RefComponent list
2025-09-29 17:35:38,093 [ERROR] Middleware:2950 - Invalid RefComponent list
2025-09-29 17:35:38,093 [ERROR] Middleware:2950 - Invalid RefComponent list
2025-09-29 17:35:38,093 [ERROR] Middleware:2950 - Invalid RefComponent list
2025-09-29 17:35:38,093 [ERROR] Middleware:2950 - Invalid RefComponent list
2025-09-29 17:35:38,093 [ERROR] Middleware:2950 - Invalid RefComponent list
2025-09-29 17:35:38,093 [ERROR] Middleware:2950 - Invalid RefComponent list
2025-09-29 17:35:38,093 [ERROR] Middleware:2950 - Invalid RefComponent list
2025-09-29 17:35:38,093 [ERROR] Middleware:2950 - Invalid RefComponent list
2025-09-29 17:35:38,093 [ERROR] Middleware:2950 - Invalid RefComponent list
2025-09-29 17:35:38,093 [ERROR] Middleware:2950 - Invalid RefComponent list
2025-09-29 17:35:38,093 [ERROR] Middleware:2950 - Invalid RefComponent list
2025-09-29 17:35:38,093 [ERROR] Middleware:2950 - Invalid RefComponent list
2025-09-29 17:35:38,093 [ERROR] Middleware:2950 - Invalid RefComponent list
2025-09-29 17:35:38,093 [ERROR] Middleware:2950 - Invalid RefComponent list
2025-09-29 17:35:38,093 [ERROR] Middleware:2950 - Invalid RefComponent list
2025-09-29 17:35:38,093 [ERROR] Middleware:2950 - Invalid RefComponent list
2025-09-29 17:35:38,093 [ERROR] Middleware:2950 - Invalid RefComponent list
2025-09-29 17:35:38,093 [ERROR] Middleware:2950 - Invalid RefComponent list
2025-09-29 17:35:38,093 [ERROR] Middleware:2950 - Invalid RefComponent list
2025-09-29 17:35:38,093 [ERROR] Middleware:2950 - Invalid RefComponent list
2025-09-29 17:35:38,093 [ERROR] Middleware:2950 - Invalid RefComponent list
2025-09-29 17:35:38,110 [INFO] ProjectBuilder:5216 - Project Generator version: 4.7.0-B52
2025-09-29 17:35:38,173 [INFO] ConfigFileManager:1595 - The Die is : DIE486
2025-09-29 17:35:49,830 [INFO] ProjectBuilder:5056 - Time for Generating toolchain IDE Files: 11718mS.
2025-09-29 17:35:49,832 [INFO] ProjectBuilder:3463 - Time for Copy CMSIS : 2mS.
2025-09-29 17:35:49,844 [INFO] ProjectBuilder:3463 - Time for Copy CMSIS : 1mS.
2025-09-29 18:05:05,478 [INFO] AIModelDetailledView:2380 - Analysis status: -
2025-09-29 18:05:36,462 [INFO] AInterface:259 - ModelName:network; files:[C:\Users\ZOJOLDRI\OneDrive - Carl Zeiss AG\Dokumente\Zeiss\SMT\Bachelor\AB Encoder Model\AB_Encoder_Synthetic_Data\lstm_ab_encoder.h5]; type:Keras; compression:None
2025-09-29 18:05:36,464 [INFO] AInterface:526 - workspaceTempDir: C:/Users/ZOJOLDRI/AppData/Local/Temp/mxAI_workspace101743169479550012817753833115142214
2025-09-29 18:05:36,465 [INFO] AInterface:1176 - Setting Env: C:/Users/ZOJOLDRI/STM32Cube/Repository/Packs/STMicroelectronics/X-CUBE-AI/10.2.0/Utilities/windows
2025-09-29 18:05:36,474 [INFO] STM32CubeIDEBuilder:265 - Looking for gnu-tools-for-stm32 tools/bin/arm-none-eabi-gcc.exe in C:\ST\STM32CubeIDE_1.19.0\STM32CubeIDE
2025-09-29 18:05:36,476 [INFO] STM32CubeIDEBuilder:294 - checking C:\ST\STM32CubeIDE_1.19.0\STM32CubeIDE\plugins\com.st.stm32cube.ide.mcu.externaltools.gnu-tools-for-stm32.13.3.rel1.win32_1.0.0.202411081344\tools\bin\arm-none-eabi-gcc.exe
2025-09-29 18:05:36,476 [INFO] STM32CubeIDEBuilder:297 - ret=C:\ST\STM32CubeIDE_1.19.0\STM32CubeIDE\plugins\com.st.stm32cube.ide.mcu.externaltools.gnu-tools-for-stm32.13.3.rel1.win32_1.0.0.202411081344\tools\bin\arm-none-eabi-gcc.exe
2025-09-29 18:05:36,477 [INFO] STM32CubeIDEBuilder:311 - returning C:\ST\STM32CubeIDE_1.19.0\STM32CubeIDE\plugins\com.st.stm32cube.ide.mcu.externaltools.gnu-tools-for-stm32.13.3.rel1.win32_1.0.0.202411081344\tools\bin\arm-none-eabi-gcc.exe
2025-09-29 18:05:36,477 [INFO] AInterface:1233 - Custom PATH variable: C:/Users/ZOJOLDRI/STM32Cube/Repository/Packs/STMicroelectronics/X-CUBE-AI/10.2.0/Utilities/windows;C:/Users/ZOJOLDRI/STM32Cube/Repository/Packs/STMicroelectronics/X-CUBE-AI/10.2.0/Utilities/windows/mingw64/bin;C:/Users/ZOJOLDRI/STM32Cube/Repository/Packs/STMicroelectronics/X-CUBE-AI/10.2.0/Utilities/windows/mingw64/libexec/gcc/x86_64-w64-mingw32/7.3.0;;C:\ST\STM32CubeIDE_1.19.0\STM32CubeIDE\plugins\com.st.stm32cube.ide.mcu.externaltools.gnu-tools-for-stm32.13.3.rel1.win32_1.0.0.202411081344\tools\bin
2025-09-29 18:05:36,482 [INFO] CmdLine:115 - Command: C:/Users/ZOJOLDRI/STM32Cube/Repository/Packs/STMicroelectronics/X-CUBE-AI/10.2.0/Utilities/windows/stedgeai.exe analyze --target stm32n6 --name network -m C:/Users/ZOJOLDRI/OneDrive - Carl Zeiss AG/Dokumente/Zeiss/SMT/Bachelor/AB Encoder Model/AB_Encoder_Synthetic_Data/lstm_ab_encoder.h5 --compression none --verbosity 1 -O time --workspace C:/Users/ZOJOLDRI/AppData/Local/Temp/mxAI_workspace101743169479550012817753833115142214 --output C:/Users/ZOJOLDRI/.stm32cubemx/network_output
2025-09-29 18:05:36,486 [INFO] AIModelDetailledView:2380 - Analysis status: pending
2025-09-29 18:05:45,219 [INFO] CmdLine:76 - ST Edge AI Core v2.2.0-20266 2adc00962
2025-09-29 18:06:58,004 [INFO] CmdLine:76 - Creating c (debug) info json file C:\Users\ZOJOLDRI\.stm32cubemx\network_output\network_c_info.json
2025-09-29 18:06:58,037 [INFO] CmdLine:76 -  
2025-09-29 18:06:58,037 [INFO] CmdLine:76 -  Exec/report summary (analyze)
2025-09-29 18:06:58,038 [INFO] CmdLine:76 -  ---------------------------------------------------------------------------------------------------------------------------------------------------------------
2025-09-29 18:06:58,038 [INFO] CmdLine:76 -  model file         :   C:\Users\ZOJOLDRI\OneDrive - Carl Zeiss AG\Dokumente\Zeiss\SMT\Bachelor\AB Encoder Model\AB_Encoder_Synthetic_Data\lstm_ab_encoder.h5   
2025-09-29 18:06:58,039 [INFO] CmdLine:76 -  type               :   keras                                                                                                                                   
2025-09-29 18:06:58,039 [INFO] CmdLine:76 -  c_name             :   network                                                                                                                                 
2025-09-29 18:06:58,039 [INFO] CmdLine:76 -  compression        :   none                                                                                                                                    
2025-09-29 18:06:58,039 [INFO] CmdLine:76 -  options            :   allocate-inputs, allocate-outputs                                                                                                       
2025-09-29 18:06:58,041 [INFO] CmdLine:76 -  optimization       :   time                                                                                                                                    
2025-09-29 18:06:58,042 [INFO] CmdLine:76 -  target/series      :   stm32n6                                                                                                                                 
2025-09-29 18:06:58,044 [INFO] CmdLine:76 -  workspace dir      :   C:\Users\ZOJOLDRI\AppData\Local\Temp\mxAI_workspace101743169479550012817753833115142214                                                 
2025-09-29 18:06:58,044 [INFO] CmdLine:76 -  output dir         :   C:\Users\ZOJOLDRI\.stm32cubemx\network_output                                                                                           
2025-09-29 18:06:58,045 [INFO] CmdLine:76 -  model_fmt          :   float                                                                                                                                   
2025-09-29 18:06:58,047 [INFO] CmdLine:76 -  model_name         :   lstm_ab_encoder                                                                                                                         
2025-09-29 18:06:58,047 [INFO] CmdLine:76 -  model_hash         :   0x2bf2ab71c798e8c7f8fb791a956cde35                                                                                                      
2025-09-29 18:06:58,047 [INFO] CmdLine:76 -  params #           :   3,587 items (14.01 KiB)                                                                                                                 
2025-09-29 18:06:58,048 [INFO] CmdLine:76 -  ---------------------------------------------------------------------------------------------------------------------------------------------------------------
2025-09-29 18:06:58,048 [INFO] CmdLine:76 -  input 1/1          :   'input_0', f32(1x20x10), 800 Bytes, activations                                                                                         
2025-09-29 18:06:58,048 [INFO] CmdLine:76 -  output 1/1         :   'output', f32(1x3), 12 Bytes, activations                                                                                               
2025-09-29 18:06:58,049 [INFO] CmdLine:76 -  macc               :   67,960                                                                                                                                  
2025-09-29 18:06:58,049 [INFO] CmdLine:76 -  weights (ro)       :   14,636 B (14.29 KiB) (1 segment) / +288(+2.0%) vs float model                                                                           
2025-09-29 18:06:58,050 [INFO] CmdLine:76 -  activations (rw)   :   1,568 B (1.53 KiB) (1 segment) *                                                                                                        
2025-09-29 18:06:58,050 [INFO] CmdLine:76 -  ram (total)        :   1,568 B (1.53 KiB) = 1,568 + 0 + 0                                                                                                      
2025-09-29 18:06:58,051 [INFO] CmdLine:76 -  ---------------------------------------------------------------------------------------------------------------------------------------------------------------
2025-09-29 18:06:58,051 [INFO] CmdLine:76 -  (*) 'input'/'output' buffers are allocated in the activations buffer
2025-09-29 18:06:58,051 [INFO] CmdLine:76 - Computing AI RT data/code size (target=stm32n6)..
2025-09-29 18:07:02,008 [INFO] CmdLine:76 -  Model name - lstm_ab_encoder
2025-09-29 18:07:02,009 [INFO] CmdLine:76 -  ------ ----------------------- ----------------- -------------- -------- ---------------
2025-09-29 18:07:02,010 [INFO] CmdLine:76 -  m_id   layer (original)        oshape            param/size         macc    connected to
2025-09-29 18:07:02,010 [INFO] CmdLine:76 -  ------ ----------------------- ----------------- -------------- -------- ---------------
2025-09-29 18:07:02,010 [INFO] CmdLine:76 -  0      input_0 (None)          [b:1,h:20,c:10]
2025-09-29 18:07:02,010 [INFO] CmdLine:76 -         lstm_1 (LSTM)           [b:1,c:24]        3,360/13,440     67,680         input_0
2025-09-29 18:07:02,010 [INFO] CmdLine:76 -  ------ ----------------------- ----------------- -------------- -------- ---------------
2025-09-29 18:07:02,010 [INFO] CmdLine:76 -  2      dense_1_dense (Dense)   [b:1,c:8]         200/800             200          lstm_1
2025-09-29 18:07:02,011 [INFO] CmdLine:76 -         dense_1 (Dense)         [b:1,c:8]                               8   dense_1_dense
2025-09-29 18:07:02,011 [INFO] CmdLine:76 -  ------ ----------------------- ----------------- -------------- -------- ---------------
2025-09-29 18:07:02,011 [INFO] CmdLine:76 -  3      output_dense (Dense)    [b:1,c:3]         27/108               27         dense_1
2025-09-29 18:07:02,011 [INFO] CmdLine:76 -         output (Dense)          [b:1,c:3]                              45    output_dense
2025-09-29 18:07:02,011 [INFO] CmdLine:76 -  ------ ----------------------- ----------------- -------------- -------- ---------------
2025-09-29 18:07:02,012 [INFO] CmdLine:76 -  model: macc=67,960 weights=14,348 activations=-- io=--
2025-09-29 18:07:02,012 [INFO] CmdLine:76 -  Number of operations per c-layer
2025-09-29 18:07:02,012 [INFO] CmdLine:76 -  ------- ------ ------------------------ -------- --------------
2025-09-29 18:07:02,012 [INFO] CmdLine:76 -  c_id    m_id   name (type)                   #op           type
2025-09-29 18:07:02,012 [INFO] CmdLine:76 -  ------- ------ ------------------------ -------- --------------
2025-09-29 18:07:02,012 [INFO] CmdLine:76 -  0       0      lstm_1 (LSTM)              67,680   smul_f32_f32
2025-09-29 18:07:02,012 [INFO] CmdLine:76 -  1       2      dense_1_dense (Dense)         200   smul_f32_f32
2025-09-29 18:07:02,013 [INFO] CmdLine:76 -  2       2      dense_1 (Nonlinearity)          8     op_f32_f32
2025-09-29 18:07:02,013 [INFO] CmdLine:76 -  3       3      output_dense (Dense)           27   smul_f32_f32
2025-09-29 18:07:02,017 [INFO] CmdLine:76 -  4       3      output (Nonlinearity)          45     op_f32_f32
2025-09-29 18:07:02,017 [INFO] CmdLine:76 -  ------- ------ ------------------------ -------- --------------
2025-09-29 18:07:02,018 [INFO] CmdLine:76 -  total                                     67,960
2025-09-29 18:07:02,018 [INFO] CmdLine:76 -  Number of operation types
2025-09-29 18:07:02,018 [INFO] CmdLine:76 -  ---------------- -------- -----------
2025-09-29 18:07:02,019 [INFO] CmdLine:76 -  operation type          #           %
2025-09-29 18:07:02,019 [INFO] CmdLine:76 -  ---------------- -------- -----------
2025-09-29 18:07:02,019 [INFO] CmdLine:76 -  smul_f32_f32       67,907       99.9%
2025-09-29 18:07:02,019 [INFO] CmdLine:76 -  op_f32_f32             53        0.1%
2025-09-29 18:07:02,019 [INFO] CmdLine:76 -  Complexity report (model)
2025-09-29 18:07:02,020 [INFO] CmdLine:76 -  ------ --------------- ------------------------- ------------------------- --------
2025-09-29 18:07:02,021 [INFO] CmdLine:76 -  m_id   name            c_macc                    c_rom                     c_id
2025-09-29 18:07:02,021 [INFO] CmdLine:76 -  ------ --------------- ------------------------- ------------------------- --------
2025-09-29 18:07:02,022 [INFO] CmdLine:76 -  0      input_0         ||||||||||||||||  99.6%   ||||||||||||||||  93.8%   [0]
2025-09-29 18:07:02,022 [INFO] CmdLine:76 -  2      dense_1_dense   |                  0.3%   |                  5.5%   [1, 2]
2025-09-29 18:07:02,023 [INFO] CmdLine:76 -  3      output_dense    |                  0.1%   |                  0.7%   [3, 4]
2025-09-29 18:07:02,023 [INFO] CmdLine:76 -  ------ --------------- ------------------------- ------------------------- --------
2025-09-29 18:07:02,024 [INFO] CmdLine:76 -  macc=67,960 weights=14,636 act=1,568 ram_io=0
2025-09-29 18:07:02,025 [INFO] CmdLine:76 -  Requested memory size by section - "stm32n6" target
2025-09-29 18:07:02,025 [INFO] CmdLine:76 -  ------------------------------- -------- -------- ------- -------
2025-09-29 18:07:02,025 [INFO] CmdLine:76 -  module                              text   rodata    data     bss
2025-09-29 18:07:02,026 [INFO] CmdLine:76 -  ------------------------------- -------- -------- ------- -------
2025-09-29 18:07:02,026 [INFO] CmdLine:76 -  NetworkRuntime1020_CM55_GCC.a     15,800       32       0       0
2025-09-29 18:07:02,026 [INFO] CmdLine:76 -  network.o                            596       40   1,888     136
2025-09-29 18:07:02,027 [INFO] CmdLine:76 -  network_data.o                        48       16      88       0
2025-09-29 18:07:02,027 [INFO] CmdLine:76 -  lib (toolchain)*                   1,132      340       0       0
2025-09-29 18:07:02,027 [INFO] CmdLine:76 -  ------------------------------- -------- -------- ------- -------
2025-09-29 18:07:02,028 [INFO] CmdLine:76 -  RT total**                        17,576      428   1,976     136
2025-09-29 18:07:02,028 [INFO] CmdLine:76 -  ------------------------------- -------- -------- ------- -------
2025-09-29 18:07:02,028 [INFO] CmdLine:76 -  weights                                0   14,640       0       0
2025-09-29 18:07:02,028 [INFO] CmdLine:76 -  activations                            0        0       0   1,568
2025-09-29 18:07:02,029 [INFO] CmdLine:76 -  io                                     0        0       0       0
2025-09-29 18:07:02,029 [INFO] CmdLine:76 -  ------------------------------- -------- -------- ------- -------
2025-09-29 18:07:02,029 [INFO] CmdLine:76 -  TOTAL                             17,576   15,068   1,976   1,704
2025-09-29 18:07:02,029 [INFO] CmdLine:76 -  ------------------------------- -------- -------- ------- -------
2025-09-29 18:07:02,029 [INFO] CmdLine:76 -  *  toolchain objects (libm/libgcc*)
2025-09-29 18:07:02,029 [INFO] CmdLine:76 -  ** RT AI runtime objects (kernels+infrastructure)
2025-09-29 18:07:02,030 [INFO] CmdLine:76 -   Summary - "stm32n6" target
2025-09-29 18:07:02,030 [INFO] CmdLine:76 -   ---------------------------------------------------
2025-09-29 18:07:02,030 [INFO] CmdLine:76 -                FLASH (ro)      %*   RAM (rw)       %
2025-09-29 18:07:02,030 [INFO] CmdLine:76 -   ---------------------------------------------------
2025-09-29 18:07:02,031 [INFO] CmdLine:76 -   RT total         19,980   57.7%      2,112   57.4%
2025-09-29 18:07:02,031 [INFO] CmdLine:76 -   ---------------------------------------------------
2025-09-29 18:07:02,031 [INFO] CmdLine:76 -   TOTAL            34,620              3,680
2025-09-29 18:07:02,031 [INFO] CmdLine:76 -   ---------------------------------------------------
2025-09-29 18:07:02,032 [INFO] CmdLine:76 -   *  rt/total
2025-09-29 18:07:02,032 [INFO] CmdLine:76 - Creating txt report file C:\Users\ZOJOLDRI\.stm32cubemx\network_output\network_analyze_report.txt
2025-09-29 18:07:04,713 [INFO] CmdLine:76 - elapsed time (analyze): 79.495s
2025-09-29 18:07:05,079 [INFO] CmdLine:148 - stedgeai exit with status: 0
2025-09-29 18:07:05,092 [INFO] AIModelDetailledView:1184 - Model file:      lstm_ab_encoder.h5
2025-09-29 18:07:05,093 [INFO] AIModelDetailledView:1184 - Total Flash:     34616 B (33.80 KiB)
2025-09-29 18:07:05,094 [INFO] AIModelDetailledView:1184 -     Weights:     14636 B (14.29 KiB)
2025-09-29 18:07:05,094 [INFO] AIModelDetailledView:1184 -     Library:     19980 B (19.51 KiB)
2025-09-29 18:07:05,095 [INFO] AIModelDetailledView:1184 - Total Ram:       3680 B (3.59 KiB)
2025-09-29 18:07:05,095 [INFO] AIModelDetailledView:1184 -     Activations: 1568 B (1.53 KiB)
2025-09-29 18:07:05,095 [INFO] AIModelDetailledView:1184 -     Library:     2112 B (2.06 KiB)
2025-09-29 18:07:05,095 [INFO] AIModelDetailledView:1184 -     Input:       800 B (included in Activations)
2025-09-29 18:07:05,095 [INFO] AIModelDetailledView:1184 -     Output:      12 B (included in Activations)
2025-09-29 18:07:05,096 [INFO] AIModelDetailledView:1184 - Done
2025-09-29 18:07:05,096 [INFO] AIModelDetailledView:2715 - Analyze complete on AI model
2025-09-29 18:07:05,578 [INFO] AIModelDetailledView:2380 - Analysis status: done
2025-09-29 18:07:17,682 [INFO] UtilMem:75 - End SaveConfig() Used Memory: 849119720 Bytes (1073741824)
2025-09-29 18:07:18,857 [ERROR] IocParser:95 - Exception caught: null
2025-09-29 18:07:19,040 [INFO] UtilMem:75 - End SaveConfig() Used Memory: 783438728 Bytes (1073741824)
2025-09-29 18:07:21,926 [INFO] UtilMem:75 - End SaveConfig() Used Memory: 916771064 Bytes (1073741824)
2025-09-29 18:07:22,594 [ERROR] IocParser:95 - Exception caught: null
2025-09-29 18:07:23,300 [INFO] BlockDiagram:2775 - set Specific Code input for plugin: EXTMEM_MANAGER
2025-09-29 18:07:23,300 [INFO] BlockDiagram:2775 - set Specific Code input for plugin: RAMCFG
2025-09-29 18:07:23,300 [INFO] BlockDiagram:2775 - set Specific Code input for plugin: RCC
2025-09-29 18:07:23,300 [INFO] BlockDiagram:2775 - set Specific Code input for plugin: CORTEX_M55_FSBL
2025-09-29 18:07:23,300 [INFO] BlockDiagram:2775 - set Specific Code input for plugin: XSPIM
2025-09-29 18:07:23,300 [INFO] BlockDiagram:2775 - set Specific Code input for plugin: STMicroelectronics.X-CUBE-AI.10.2.0
2025-09-29 18:07:23,300 [INFO] BlockDiagram:2775 - set Specific Code input for plugin: XSPI
2025-09-29 18:07:23,300 [INFO] BlockDiagram:2775 - set Specific Code input for plugin: NUCLEO-N657X0-Q
2025-09-29 18:07:23,300 [INFO] BlockDiagram:2775 - set Specific Code input for plugin: TIM1_8N6
2025-09-29 18:07:23,300 [INFO] BlockDiagram:2775 - set Specific Code input for plugin: CACHEAXI
2025-09-29 18:07:23,300 [INFO] BlockDiagram:2775 - set Specific Code input for plugin: BSEC
2025-09-29 18:07:23,300 [INFO] BlockDiagram:2775 - set Specific Code input for plugin: LPUART
2025-09-29 18:07:23,300 [INFO] BlockDiagram:2775 - set Specific Code input for plugin: NVIC
2025-09-29 18:07:23,302 [INFO] BlockDiagram:2775 - set Specific Code input for plugin: GPIO
2025-09-29 18:07:23,302 [INFO] BlockDiagram:2775 - set Specific Code input for plugin: RIF
2025-09-29 18:07:23,302 [INFO] BlockDiagram:2775 - set Specific Code input for plugin: NVIC1
2025-09-29 18:07:23,305 [INFO] CodeGenerator:892 - code generatio: config db path: C:\ST\STM32CubeIDE_1.19.0\STM32CubeIDE\plugins\com.st.stm32cube.common.mx_6.15.0.202507011659\\db\
2025-09-29 18:07:23,324 [WARN] IP:2250 - RefParam_XIP_memory not found: check if there is a RefParameter without a condition.
2025-09-29 18:07:23,324 [WARN] IP:2250 - RefParam_MEMORY_1_Size not found: check if there is a RefParameter without a condition.
2025-09-29 18:07:23,324 [WARN] IP:2250 - RefParam_MEMORY_1_FreqMax not found: check if there is a RefParameter without a condition.
2025-09-29 18:07:23,324 [WARN] IP:2250 - RefParam_MEMORY_1_ReadReg not found: check if there is a RefParameter without a condition.
2025-09-29 18:07:23,324 [WARN] IP:2250 - RefParam_MEMORY_1_WriteReg not found: check if there is a RefParameter without a condition.
2025-09-29 18:07:23,324 [WARN] IP:2250 - RefParam_MEMORY_1_RegSize not found: check if there is a RefParameter without a condition.
2025-09-29 18:07:23,324 [WARN] IP:2250 - RefParam_MEMORY_1_RegDummyCycle not found: check if there is a RefParameter without a condition.
2025-09-29 18:07:23,324 [WARN] IP:2250 - RefParam_MEMORY_1_WriteCommand not found: check if there is a RefParameter without a condition.
2025-09-29 18:07:23,324 [WARN] IP:2250 - RefParam_MEMORY_1_WriteDummyCycle not found: check if there is a RefParameter without a condition.
2025-09-29 18:07:23,324 [WARN] IP:2250 - RefParam_MEMORY_1_ReadCommand not found: check if there is a RefParameter without a condition.
2025-09-29 18:07:23,324 [WARN] IP:2250 - RefParam_MEMORY_1_WrapReadCommand not found: check if there is a RefParameter without a condition.
2025-09-29 18:07:23,324 [WARN] IP:2250 - RefParam_MEMORY_1_ReadDummyCycle not found: check if there is a RefParameter without a condition.
2025-09-29 18:07:23,324 [WARN] IP:2250 - RefParam_MEMORY_1_NumberOfConfig not found: check if there is a RefParameter without a condition.
2025-09-29 18:07:23,324 [WARN] IP:2250 - RefParam_MEMORY_1_Config1_WriteMask not found: check if there is a RefParameter without a condition.
2025-09-29 18:07:23,324 [WARN] IP:2250 - RefParam_MEMORY_1_Config1_WriteValue not found: check if there is a RefParameter without a condition.
2025-09-29 18:07:23,324 [WARN] IP:2250 - RefParam_MEMORY_1_Config1_RegAddress not found: check if there is a RefParameter without a condition.
2025-09-29 18:07:23,324 [WARN] IP:2250 - RefParam_MEMORY_1_Config2_WriteMask not found: check if there is a RefParameter without a condition.
2025-09-29 18:07:23,324 [WARN] IP:2250 - RefParam_MEMORY_1_Config2_WriteValue not found: check if there is a RefParameter without a condition.
2025-09-29 18:07:23,324 [WARN] IP:2250 - RefParam_MEMORY_1_Config2_RegAddress not found: check if there is a RefParameter without a condition.
2025-09-29 18:07:23,324 [WARN] IP:2250 - RefParam_MEMORY_1_Config3_WriteMask not found: check if there is a RefParameter without a condition.
2025-09-29 18:07:23,324 [WARN] IP:2250 - RefParam_MEMORY_1_Config3_WriteValue not found: check if there is a RefParameter without a condition.
2025-09-29 18:07:23,324 [WARN] IP:2250 - RefParam_MEMORY_1_Config3_RegAddress not found: check if there is a RefParameter without a condition.
2025-09-29 18:07:23,324 [WARN] IP:2250 - RefParam_MEMORY_2_Instance not found: check if there is a RefParameter without a condition.
2025-09-29 18:07:23,324 [WARN] IP:2250 - RefParam_MEMORY_2_ConfigType not found: check if there is a RefParameter without a condition.
2025-09-29 18:07:23,325 [WARN] IP:2250 - RefParam_MEMORY_2_Size not found: check if there is a RefParameter without a condition.
2025-09-29 18:07:23,325 [WARN] IP:2250 - RefParam_MEMORY_2_FreqMax not found: check if there is a RefParameter without a condition.
2025-09-29 18:07:23,325 [WARN] IP:2250 - RefParam_MEMORY_2_ReadReg not found: check if there is a RefParameter without a condition.
2025-09-29 18:07:23,325 [WARN] IP:2250 - RefParam_MEMORY_2_WriteReg not found: check if there is a RefParameter without a condition.
2025-09-29 18:07:23,325 [WARN] IP:2250 - RefParam_MEMORY_2_RegSize not found: check if there is a RefParameter without a condition.
2025-09-29 18:07:23,325 [WARN] IP:2250 - RefParam_MEMORY_2_RegDummyCycle not found: check if there is a RefParameter without a condition.
2025-09-29 18:07:23,325 [WARN] IP:2250 - RefParam_MEMORY_2_WriteCommand not found: check if there is a RefParameter without a condition.
2025-09-29 18:07:23,325 [WARN] IP:2250 - RefParam_MEMORY_2_WriteDummyCycle not found: check if there is a RefParameter without a condition.
2025-09-29 18:07:23,325 [WARN] IP:2250 - RefParam_MEMORY_2_ReadCommand not found: check if there is a RefParameter without a condition.
2025-09-29 18:07:23,325 [WARN] IP:2250 - RefParam_MEMORY_2_WrapReadCommand not found: check if there is a RefParameter without a condition.
2025-09-29 18:07:23,325 [WARN] IP:2250 - RefParam_MEMORY_2_ReadDummyCycle not found: check if there is a RefParameter without a condition.
2025-09-29 18:07:23,325 [WARN] IP:2250 - RefParam_MEMORY_2_NumberOfConfig not found: check if there is a RefParameter without a condition.
2025-09-29 18:07:23,325 [WARN] IP:2250 - RefParam_MEMORY_2_Config1_WriteMask not found: check if there is a RefParameter without a condition.
2025-09-29 18:07:23,325 [WARN] IP:2250 - RefParam_MEMORY_2_Config1_WriteValue not found: check if there is a RefParameter without a condition.
2025-09-29 18:07:23,325 [WARN] IP:2250 - RefParam_MEMORY_2_Config1_RegAddress not found: check if there is a RefParameter without a condition.
2025-09-29 18:07:23,325 [WARN] IP:2250 - RefParam_MEMORY_2_Config2_WriteMask not found: check if there is a RefParameter without a condition.
2025-09-29 18:07:23,325 [WARN] IP:2250 - RefParam_MEMORY_2_Config2_WriteValue not found: check if there is a RefParameter without a condition.
2025-09-29 18:07:23,325 [WARN] IP:2250 - RefParam_MEMORY_2_Config2_RegAddress not found: check if there is a RefParameter without a condition.
2025-09-29 18:07:23,325 [WARN] IP:2250 - RefParam_MEMORY_2_Config3_WriteMask not found: check if there is a RefParameter without a condition.
2025-09-29 18:07:23,325 [WARN] IP:2250 - RefParam_MEMORY_2_Config3_WriteValue not found: check if there is a RefParameter without a condition.
2025-09-29 18:07:23,325 [WARN] IP:2250 - RefParam_MEMORY_2_Config3_RegAddress not found: check if there is a RefParameter without a condition.
2025-09-29 18:07:23,547 [INFO] Middleware:1452 - No code input for Bsp Dependency
2025-09-29 18:07:23,552 [INFO] Middleware:1452 - No code input for Bsp Dependency
2025-09-29 18:07:23,556 [INFO] Middleware:1452 - No code input for Bsp Dependency
2025-09-29 18:07:23,556 [INFO] Middleware:1452 - No code input for Bsp Dependency
2025-09-29 18:07:23,557 [INFO] Middleware:1452 - No code input for Bsp Dependency
2025-09-29 18:07:23,557 [INFO] IP:3329 - RTE Config file name : RTE_Component
2025-09-29 18:07:23,557 [INFO] IP:3347 - RTE template : RTE_Components.ftl
2025-09-29 18:07:23,559 [INFO] Middleware:1452 - No code input for Bsp Dependency
2025-09-29 18:07:23,560 [INFO] Middleware:1452 - No code input for Bsp Dependency
2025-09-29 18:07:23,562 [INFO] Middleware:1452 - No code input for Bsp Dependency
2025-09-29 18:07:23,563 [INFO] CodeGenerator:1619 - *******************Project context FSBL selected
2025-09-29 18:07:23,624 [INFO] CodeEngine:265 - oldGeneratedFile, C:\ST\AB_LSTM\AB_LSTM\MXTmpFiles\license.tmp_save
2025-09-29 18:07:23,991 [INFO] CodeEngine:289 - Generated code: C:\ST\AB_LSTM\AB_LSTM\MXTmpFiles\license.tmp
2025-09-29 18:07:24,072 [INFO] CodeEngine:265 - oldGeneratedFile, C:\ST\AB_LSTM\AB_LSTM\FSBL\MXTmpFiles\gpio.tmp_save
2025-09-29 18:07:24,308 [INFO] CodeEngine:289 - Generated code: C:\ST\AB_LSTM\AB_LSTM\FSBL\MXTmpFiles\gpio.tmp
2025-09-29 18:07:24,503 [WARN] IPConfigManager:103 - WARNING: Missing Config File for XSPIM ip!!
2025-09-29 18:07:24,567 [INFO] Middleware:1452 - No code input for Bsp Dependency
2025-09-29 18:07:24,579 [INFO] CodeEngine:265 - oldGeneratedFile, C:\ST\AB_LSTM\AB_LSTM\FSBL\MXTmpFiles\boot_code.tmp_save
2025-09-29 18:07:24,786 [INFO] CodeEngine:289 - Generated code: C:\ST\AB_LSTM\AB_LSTM\FSBL\MXTmpFiles\boot_code.tmp
2025-09-29 18:07:24,812 [INFO] CodeEngine:265 - oldGeneratedFile, C:\ST\AB_LSTM\AB_LSTM\FSBL\MXTmpFiles\cortex.tmp_save
2025-09-29 18:07:24,987 [INFO] CodeEngine:289 - Generated code: C:\ST\AB_LSTM\AB_LSTM\FSBL\MXTmpFiles\cortex.tmp
2025-09-29 18:07:25,011 [INFO] Middleware:1452 - No code input for Bsp Dependency
2025-09-29 18:07:25,024 [INFO] CodeEngine:265 - oldGeneratedFile, C:\ST\AB_LSTM\AB_LSTM\FSBL\Core\Inc\extmem_manager.h_save
2025-09-29 18:07:25,282 [INFO] CodeEngine:289 - Generated code: C:\ST\AB_LSTM\AB_LSTM\FSBL\Core\Inc\extmem_manager.h
2025-09-29 18:07:25,292 [INFO] CodeEngine:265 - oldGeneratedFile, C:\ST\AB_LSTM\AB_LSTM\FSBL\Core\Src\extmem_manager.c_save
2025-09-29 18:07:25,461 [INFO] CodeEngine:289 - Generated code: C:\ST\AB_LSTM\AB_LSTM\FSBL\Core\Src\extmem_manager.c
2025-09-29 18:07:25,471 [INFO] CodeEngine:265 - oldGeneratedFile, C:\ST\AB_LSTM\AB_LSTM\FSBL\Core\Inc\stm32_extmem_conf.h_save
2025-09-29 18:07:25,621 [INFO] CodeEngine:289 - Generated code: C:\ST\AB_LSTM\AB_LSTM\FSBL\Core\Inc\stm32_extmem_conf.h
2025-09-29 18:07:25,630 [INFO] CodeEngine:265 - oldGeneratedFile, C:\ST\AB_LSTM\AB_LSTM\FSBL\MXTmpFiles\boot_code.tmp_save
2025-09-29 18:07:25,678 [INFO] CodeEngine:289 - Generated code: C:\ST\AB_LSTM\AB_LSTM\FSBL\MXTmpFiles\boot_code.tmp
2025-09-29 18:07:25,712 [INFO] CodeEngine:265 - oldGeneratedFile, C:\ST\AB_LSTM\AB_LSTM\FSBL\Core\Src\stm32n6xx_it.c_save
2025-09-29 18:07:26,024 [INFO] CodeEngine:289 - Generated code: C:\ST\AB_LSTM\AB_LSTM\FSBL\Core\Src\stm32n6xx_it.c
2025-09-29 18:07:26,035 [INFO] CodeEngine:265 - oldGeneratedFile, C:\ST\AB_LSTM\AB_LSTM\FSBL\Core\Inc\stm32n6xx_it.h_save
2025-09-29 18:07:26,185 [INFO] CodeEngine:289 - Generated code: C:\ST\AB_LSTM\AB_LSTM\FSBL\Core\Inc\stm32n6xx_it.h
2025-09-29 18:07:26,392 [INFO] CodeEngine:265 - oldGeneratedFile, C:\ST\AB_LSTM\AB_LSTM\FSBL\Core\Src\stm32n6xx_hal_msp.c_save
2025-09-29 18:07:26,676 [INFO] CodeEngine:289 - Generated code: C:\ST\AB_LSTM\AB_LSTM\FSBL\Core\Src\stm32n6xx_hal_msp.c
2025-09-29 18:07:26,701 [INFO] CodeEngine:265 - oldGeneratedFile, C:\ST\AB_LSTM\AB_LSTM\FSBL\MXTmpFiles\system.tmp_save
2025-09-29 18:07:26,770 [INFO] CodeEngine:289 - Generated code: C:\ST\AB_LSTM\AB_LSTM\FSBL\MXTmpFiles\system.tmp
2025-09-29 18:07:26,800 [INFO] CodeEngine:321 - oldGeneratedFile, C:\ST\AB_LSTM\AB_LSTM\FSBL\Core\Inc\stm32n6xx_hal_conf.h_save
2025-09-29 18:07:27,020 [INFO] CodeEngine:345 - Generated code: C:\ST\AB_LSTM\AB_LSTM\FSBL\Core\Inc\stm32n6xx_hal_conf.h
2025-09-29 18:07:27,048 [WARN] IPConfigManager:3238 - Warning: the RefConfig RCC_ConfigVoltageScaling is not available in your config.xml file
2025-09-29 18:07:27,054 [WARN] IPConfigManager:3238 - Warning: the RefConfig RCC_RTC_HSEDIV is not available in your config.xml file
2025-09-29 18:07:27,063 [ERROR] ApiDbMcu:560 - Cannot parse XSPIM_Config file : file do not exist
2025-09-29 18:07:27,079 [INFO] CodeEngine:265 - oldGeneratedFile, C:\ST\AB_LSTM\AB_LSTM\FSBL\Core\Inc\main.h_save
2025-09-29 18:07:27,326 [INFO] CodeEngine:289 - Generated code: C:\ST\AB_LSTM\AB_LSTM\FSBL\Core\Inc\main.h
2025-09-29 18:07:27,334 [INFO] CodeEngine:265 - oldGeneratedFile, C:\ST\AB_LSTM\AB_LSTM\FSBL\Core\Src\main.c_save
2025-09-29 18:07:27,529 [INFO] CodeEngine:289 - Generated code: C:\ST\AB_LSTM\AB_LSTM\FSBL\Core\Src\main.c
2025-09-29 18:07:27,606 [INFO] CodeGenerator:1619 - *******************Project context Appli selected
2025-09-29 18:07:27,671 [INFO] IP:3329 - RTE Config file name : RTE_Component
2025-09-29 18:07:27,672 [INFO] IP:3347 - RTE template : RTE_Components.ftl
2025-09-29 18:07:27,685 [INFO] CodeEngine:265 - oldGeneratedFile, C:\ST\AB_LSTM\AB_LSTM\MXTmpFiles\license.tmp_save
2025-09-29 18:07:27,827 [INFO] CodeEngine:289 - Generated code: C:\ST\AB_LSTM\AB_LSTM\MXTmpFiles\license.tmp
2025-09-29 18:07:27,864 [INFO] CodeEngine:265 - oldGeneratedFile, C:\ST\AB_LSTM\AB_LSTM\Appli\MXTmpFiles\gpio.tmp_save
2025-09-29 18:07:28,050 [INFO] CodeEngine:289 - Generated code: C:\ST\AB_LSTM\AB_LSTM\Appli\MXTmpFiles\gpio.tmp
2025-09-29 18:07:28,229 [WARN] IPConfigManager:103 - WARNING: Missing Config File for NVIC ip!!
2025-09-29 18:07:28,433 [INFO] Middleware:1452 - No code input for Bsp Dependency
2025-09-29 18:07:28,434 [INFO] Middleware:1452 - No code input for Bsp Dependency
2025-09-29 18:07:28,434 [INFO] IP:3329 - RTE Config file name : RTE_Component
2025-09-29 18:07:28,435 [INFO] IP:3347 - RTE template : RTE_Components.ftl
2025-09-29 18:07:28,451 [INFO] CodeEngine:265 - oldGeneratedFile, C:\ST\AB_LSTM\AB_LSTM\Appli\MXTmpFiles\cortex.tmp_save
2025-09-29 18:07:28,594 [INFO] CodeEngine:289 - Generated code: C:\ST\AB_LSTM\AB_LSTM\Appli\MXTmpFiles\cortex.tmp
2025-09-29 18:07:28,624 [INFO] CodeEngine:265 - oldGeneratedFile, C:\ST\AB_LSTM\AB_LSTM\Appli\Core\Inc\stm32n6xx_nucleo_conf.h_save
2025-09-29 18:07:28,784 [INFO] CodeEngine:289 - Generated code: C:\ST\AB_LSTM\AB_LSTM\Appli\Core\Inc\stm32n6xx_nucleo_conf.h
2025-09-29 18:07:28,794 [INFO] CodeEngine:265 - oldGeneratedFile, C:\ST\AB_LSTM\AB_LSTM\Appli\MXTmpFiles\bsp_inc.tmp_save
2025-09-29 18:07:28,868 [INFO] CodeEngine:289 - Generated code: C:\ST\AB_LSTM\AB_LSTM\Appli\MXTmpFiles\bsp_inc.tmp
2025-09-29 18:07:28,885 [INFO] CodeEngine:265 - oldGeneratedFile, C:\ST\AB_LSTM\AB_LSTM\Appli\MXTmpFiles\bsp_common_vars.tmp_save
2025-09-29 18:07:28,944 [INFO] CodeEngine:289 - Generated code: C:\ST\AB_LSTM\AB_LSTM\Appli\MXTmpFiles\bsp_common_vars.tmp
2025-09-29 18:07:28,952 [INFO] CodeEngine:265 - oldGeneratedFile, C:\ST\AB_LSTM\AB_LSTM\Appli\MXTmpFiles\bsp_common_init.tmp_save
2025-09-29 18:07:29,020 [INFO] CodeEngine:289 - Generated code: C:\ST\AB_LSTM\AB_LSTM\Appli\MXTmpFiles\bsp_common_init.tmp
2025-09-29 18:07:29,038 [INFO] CodeEngine:265 - oldGeneratedFile, C:\ST\AB_LSTM\AB_LSTM\Appli\MXTmpFiles\bsp_common_demo_before_while.tmp_save
2025-09-29 18:07:29,088 [INFO] CodeEngine:289 - Generated code: C:\ST\AB_LSTM\AB_LSTM\Appli\MXTmpFiles\bsp_common_demo_before_while.tmp
2025-09-29 18:07:29,096 [INFO] CodeEngine:265 - oldGeneratedFile, C:\ST\AB_LSTM\AB_LSTM\Appli\MXTmpFiles\bsp_common_demo_inside_while.tmp_save
2025-09-29 18:07:29,149 [INFO] CodeEngine:289 - Generated code: C:\ST\AB_LSTM\AB_LSTM\Appli\MXTmpFiles\bsp_common_demo_inside_while.tmp
2025-09-29 18:07:29,153 [INFO] CodeEngine:265 - oldGeneratedFile, C:\ST\AB_LSTM\AB_LSTM\Appli\MXTmpFiles\bsp_common_demo_fct.tmp_save
2025-09-29 18:07:29,196 [INFO] CodeEngine:289 - Generated code: C:\ST\AB_LSTM\AB_LSTM\Appli\MXTmpFiles\bsp_common_demo_fct.tmp
2025-09-29 18:07:29,199 [INFO] Middleware:1452 - No code input for Bsp Dependency
2025-09-29 18:07:29,200 [INFO] Middleware:1452 - No code input for Bsp Dependency
2025-09-29 18:07:29,200 [INFO] IP:3329 - RTE Config file name : RTE_Component
2025-09-29 18:07:29,200 [INFO] IP:3347 - RTE template : RTE_Components.ftl
2025-09-29 18:07:29,207 [INFO] CodeEngine:265 - oldGeneratedFile, C:\ST\AB_LSTM\AB_LSTM\Appli\X-CUBE-AI\App\app_x-cube-ai.h_save
2025-09-29 18:07:29,424 [INFO] CodeEngine:289 - Generated code: C:\ST\AB_LSTM\AB_LSTM\Appli\X-CUBE-AI\App\app_x-cube-ai.h
2025-09-29 18:07:29,447 [INFO] CodeEngine:265 - oldGeneratedFile, C:\ST\AB_LSTM\AB_LSTM\Appli\X-CUBE-AI\constants_ai.h_save
2025-09-29 18:07:29,543 [INFO] CodeEngine:289 - Generated code: C:\ST\AB_LSTM\AB_LSTM\Appli\X-CUBE-AI\constants_ai.h
2025-09-29 18:07:29,550 [INFO] CodeEngine:265 - oldGeneratedFile, C:\ST\AB_LSTM\AB_LSTM\Appli\X-CUBE-AI\App\app_x-cube-ai.c_save
2025-09-29 18:07:29,665 [INFO] CodeEngine:289 - Generated code: C:\ST\AB_LSTM\AB_LSTM\Appli\X-CUBE-AI\App\app_x-cube-ai.c
2025-09-29 18:07:29,704 [INFO] CodeEngine:265 - oldGeneratedFile, C:\ST\AB_LSTM\AB_LSTM\Appli\Core\Src\stm32n6xx_it.c_save
2025-09-29 18:07:29,983 [INFO] CodeEngine:289 - Generated code: C:\ST\AB_LSTM\AB_LSTM\Appli\Core\Src\stm32n6xx_it.c
2025-09-29 18:07:30,008 [INFO] CodeEngine:265 - oldGeneratedFile, C:\ST\AB_LSTM\AB_LSTM\Appli\Core\Inc\stm32n6xx_it.h_save
2025-09-29 18:07:30,106 [INFO] CodeEngine:289 - Generated code: C:\ST\AB_LSTM\AB_LSTM\Appli\Core\Inc\stm32n6xx_it.h
2025-09-29 18:07:30,111 [INFO] IP:3329 - RTE Config file name : RTE_Component
2025-09-29 18:07:30,111 [INFO] IP:3347 - RTE template : RTE_Components.ftl
2025-09-29 18:07:30,111 [INFO] CodeGenerator:2312 - Add RTE Code Input 
2025-09-29 18:07:30,121 [INFO] CodeEngine:265 - oldGeneratedFile, C:\ST\AB_LSTM\AB_LSTM\Appli\Core\Inc\RTE_Components.h_save
2025-09-29 18:07:30,257 [INFO] CodeEngine:289 - Generated code: C:\ST\AB_LSTM\AB_LSTM\Appli\Core\Inc\RTE_Components.h
2025-09-29 18:07:30,267 [INFO] CodeEngine:265 - oldGeneratedFile, C:\ST\AB_LSTM\AB_LSTM\Appli\MXTmpFiles\RIFInit.tmp_save
2025-09-29 18:07:30,398 [INFO] CodeEngine:289 - Generated code: C:\ST\AB_LSTM\AB_LSTM\Appli\MXTmpFiles\RIFInit.tmp
2025-09-29 18:07:30,485 [INFO] CodeEngine:265 - oldGeneratedFile, C:\ST\AB_LSTM\AB_LSTM\Appli\Core\Src\stm32n6xx_hal_msp.c_save
2025-09-29 18:07:30,718 [INFO] CodeEngine:289 - Generated code: C:\ST\AB_LSTM\AB_LSTM\Appli\Core\Src\stm32n6xx_hal_msp.c
2025-09-29 18:07:30,725 [INFO] CodeEngine:265 - oldGeneratedFile, C:\ST\AB_LSTM\AB_LSTM\Appli\MXTmpFiles\system.tmp_save
2025-09-29 18:07:30,763 [INFO] CodeEngine:289 - Generated code: C:\ST\AB_LSTM\AB_LSTM\Appli\MXTmpFiles\system.tmp
2025-09-29 18:07:30,780 [INFO] CodeEngine:321 - oldGeneratedFile, C:\ST\AB_LSTM\AB_LSTM\Appli\Core\Inc\stm32n6xx_hal_conf.h_save
2025-09-29 18:07:30,953 [INFO] CodeEngine:345 - Generated code: C:\ST\AB_LSTM\AB_LSTM\Appli\Core\Inc\stm32n6xx_hal_conf.h
2025-09-29 18:07:30,974 [WARN] IPConfigManager:3238 - Warning: the RefConfig RCC_ConfigVoltageScaling is not available in your config.xml file
2025-09-29 18:07:30,976 [WARN] IPConfigManager:3238 - Warning: the RefConfig RCC_RTC_HSEDIV is not available in your config.xml file
2025-09-29 18:07:30,991 [WARN] IPConfigManager:3811 - IP not found : TIM
2025-09-29 18:07:30,992 [WARN] CodeGenerator:4259 - IP not found : null
2025-09-29 18:07:31,004 [INFO] CodeEngine:265 - oldGeneratedFile, C:\ST\AB_LSTM\AB_LSTM\Appli\Core\Inc\main.h_save
2025-09-29 18:07:31,212 [INFO] CodeEngine:289 - Generated code: C:\ST\AB_LSTM\AB_LSTM\Appli\Core\Inc\main.h
2025-09-29 18:07:31,225 [INFO] CodeEngine:265 - oldGeneratedFile, C:\ST\AB_LSTM\AB_LSTM\Appli\Core\Src\main.c_save
2025-09-29 18:07:31,424 [INFO] CodeEngine:289 - Generated code: C:\ST\AB_LSTM\AB_LSTM\Appli\Core\Src\main.c
2025-09-29 18:07:31,441 [INFO] CodeEngine:265 - oldGeneratedFile, C:\ST\AB_LSTM\AB_LSTM\Appli\Core\Src\secure_nsc.c_save
2025-09-29 18:07:31,606 [INFO] CodeEngine:289 - Generated code: C:\ST\AB_LSTM\AB_LSTM\Appli\Core\Src\secure_nsc.c
2025-09-29 18:07:31,616 [INFO] CodeEngine:265 - oldGeneratedFile, C:\ST\AB_LSTM\AB_LSTM\Appli\Core\Inc\partition_stm32n657xx.h_save
2025-09-29 18:07:31,752 [INFO] CodeEngine:289 - Generated code: C:\ST\AB_LSTM\AB_LSTM\Appli\Core\Inc\partition_stm32n657xx.h
2025-09-29 18:07:31,759 [INFO] CodeEngine:265 - oldGeneratedFile, C:\ST\AB_LSTM\AB_LSTM\Secure_nsclib\secure_nsc.h_save
2025-09-29 18:07:31,829 [INFO] CodeEngine:289 - Generated code: C:\ST\AB_LSTM\AB_LSTM\Secure_nsclib\secure_nsc.h
2025-09-29 18:07:31,867 [INFO] CodeGenerator:1707 - *******************Project context ExtMemLoader Not selected
2025-09-29 18:07:32,937 [INFO] AInterface:322 - ModelName:network; files:[C:\Users\ZOJOLDRI\OneDrive - Carl Zeiss AG\Dokumente\Zeiss\SMT\Bachelor\AB Encoder Model\AB_Encoder_Synthetic_Data\lstm_ab_encoder.h5]; type:Keras; compression:None
2025-09-29 18:07:32,938 [INFO] AInterface:526 - workspaceTempDir: C:/Users/ZOJOLDRI/AppData/Local/Temp/mxAI_workspace101754816868030018112898107798428667
2025-09-29 18:07:32,938 [INFO] AInterface:1176 - Setting Env: C:/Users/ZOJOLDRI/STM32Cube/Repository/Packs/STMicroelectronics/X-CUBE-AI/10.2.0/Utilities/windows
2025-09-29 18:07:32,949 [INFO] STM32CubeIDEBuilder:265 - Looking for gnu-tools-for-stm32 tools/bin/arm-none-eabi-gcc.exe in C:\ST\STM32CubeIDE_1.19.0\STM32CubeIDE
2025-09-29 18:07:32,951 [INFO] STM32CubeIDEBuilder:294 - checking C:\ST\STM32CubeIDE_1.19.0\STM32CubeIDE\plugins\com.st.stm32cube.ide.mcu.externaltools.gnu-tools-for-stm32.13.3.rel1.win32_1.0.0.202411081344\tools\bin\arm-none-eabi-gcc.exe
2025-09-29 18:07:32,951 [INFO] STM32CubeIDEBuilder:297 - ret=C:\ST\STM32CubeIDE_1.19.0\STM32CubeIDE\plugins\com.st.stm32cube.ide.mcu.externaltools.gnu-tools-for-stm32.13.3.rel1.win32_1.0.0.202411081344\tools\bin\arm-none-eabi-gcc.exe
2025-09-29 18:07:32,951 [INFO] STM32CubeIDEBuilder:311 - returning C:\ST\STM32CubeIDE_1.19.0\STM32CubeIDE\plugins\com.st.stm32cube.ide.mcu.externaltools.gnu-tools-for-stm32.13.3.rel1.win32_1.0.0.202411081344\tools\bin\arm-none-eabi-gcc.exe
2025-09-29 18:07:32,952 [INFO] AInterface:1233 - Custom PATH variable: C:/Users/ZOJOLDRI/STM32Cube/Repository/Packs/STMicroelectronics/X-CUBE-AI/10.2.0/Utilities/windows;C:/Users/ZOJOLDRI/STM32Cube/Repository/Packs/STMicroelectronics/X-CUBE-AI/10.2.0/Utilities/windows/mingw64/bin;C:/Users/ZOJOLDRI/STM32Cube/Repository/Packs/STMicroelectronics/X-CUBE-AI/10.2.0/Utilities/windows/mingw64/libexec/gcc/x86_64-w64-mingw32/7.3.0;;C:\ST\STM32CubeIDE_1.19.0\STM32CubeIDE\plugins\com.st.stm32cube.ide.mcu.externaltools.gnu-tools-for-stm32.13.3.rel1.win32_1.0.0.202411081344\tools\bin
2025-09-29 18:07:32,954 [INFO] CmdLine:115 - Command: C:/Users/ZOJOLDRI/STM32Cube/Repository/Packs/STMicroelectronics/X-CUBE-AI/10.2.0/Utilities/windows/stedgeai.exe generate --target stm32n6 --name network -m C:/Users/ZOJOLDRI/OneDrive - Carl Zeiss AG/Dokumente/Zeiss/SMT/Bachelor/AB Encoder Model/AB_Encoder_Synthetic_Data/lstm_ab_encoder.h5 --compression none --verbosity 1 -O time --workspace C:/Users/ZOJOLDRI/AppData/Local/Temp/mxAI_workspace101754816868030018112898107798428667 --output C:/Users/ZOJOLDRI/.stm32cubemx/network_output
2025-09-29 18:07:32,955 [INFO] AIModelDetailledView:2380 - Analysis status: pending
2025-09-29 18:07:33,600 [INFO] CmdLine:76 - ST Edge AI Core v2.2.0-20266 2adc00962
2025-09-29 18:07:38,860 [INFO] CmdLine:76 - Creating c (debug) info json file C:\Users\ZOJOLDRI\.stm32cubemx\network_output\network_c_info.json
2025-09-29 18:07:38,879 [INFO] CmdLine:76 -  
2025-09-29 18:07:38,880 [INFO] CmdLine:76 -  Exec/report summary (generate)
2025-09-29 18:07:38,880 [INFO] CmdLine:76 -  ---------------------------------------------------------------------------------------------------------------------------------------------------------------
2025-09-29 18:07:38,880 [INFO] CmdLine:76 -  model file         :   C:\Users\ZOJOLDRI\OneDrive - Carl Zeiss AG\Dokumente\Zeiss\SMT\Bachelor\AB Encoder Model\AB_Encoder_Synthetic_Data\lstm_ab_encoder.h5   
2025-09-29 18:07:38,880 [INFO] CmdLine:76 -  type               :   keras                                                                                                                                   
2025-09-29 18:07:38,880 [INFO] CmdLine:76 -  c_name             :   network                                                                                                                                 
2025-09-29 18:07:38,881 [INFO] CmdLine:76 -  compression        :   none                                                                                                                                    
2025-09-29 18:07:38,881 [INFO] CmdLine:76 -  options            :   allocate-inputs, allocate-outputs                                                                                                       
2025-09-29 18:07:38,881 [INFO] CmdLine:76 -  optimization       :   time                                                                                                                                    
2025-09-29 18:07:38,881 [INFO] CmdLine:76 -  target/series      :   stm32n6                                                                                                                                 
2025-09-29 18:07:38,881 [INFO] CmdLine:76 -  workspace dir      :   C:\Users\ZOJOLDRI\AppData\Local\Temp\mxAI_workspace101754816868030018112898107798428667                                                 
2025-09-29 18:07:38,881 [INFO] CmdLine:76 -  output dir         :   C:\Users\ZOJOLDRI\.stm32cubemx\network_output                                                                                           
2025-09-29 18:07:38,881 [INFO] CmdLine:76 -  model_fmt          :   float                                                                                                                                   
2025-09-29 18:07:38,882 [INFO] CmdLine:76 -  model_name         :   lstm_ab_encoder                                                                                                                         
2025-09-29 18:07:38,882 [INFO] CmdLine:76 -  model_hash         :   0x2bf2ab71c798e8c7f8fb791a956cde35                                                                                                      
2025-09-29 18:07:38,882 [INFO] CmdLine:76 -  params #           :   3,587 items (14.01 KiB)                                                                                                                 
2025-09-29 18:07:38,882 [INFO] CmdLine:76 -  ---------------------------------------------------------------------------------------------------------------------------------------------------------------
2025-09-29 18:07:38,882 [INFO] CmdLine:76 -  input 1/1          :   'input_0', f32(1x20x10), 800 Bytes, activations                                                                                         
2025-09-29 18:07:38,882 [INFO] CmdLine:76 -  output 1/1         :   'output', f32(1x3), 12 Bytes, activations                                                                                               
2025-09-29 18:07:38,882 [INFO] CmdLine:76 -  macc               :   67,960                                                                                                                                  
2025-09-29 18:07:38,882 [INFO] CmdLine:76 -  weights (ro)       :   14,636 B (14.29 KiB) (1 segment) / +288(+2.0%) vs float model                                                                           
2025-09-29 18:07:38,883 [INFO] CmdLine:76 -  activations (rw)   :   1,568 B (1.53 KiB) (1 segment) *                                                                                                        
2025-09-29 18:07:38,883 [INFO] CmdLine:76 -  ram (total)        :   1,568 B (1.53 KiB) = 1,568 + 0 + 0                                                                                                      
2025-09-29 18:07:38,883 [INFO] CmdLine:76 -  ---------------------------------------------------------------------------------------------------------------------------------------------------------------
2025-09-29 18:07:38,883 [INFO] CmdLine:76 -  (*) 'input'/'output' buffers are allocated in the activations buffer
2025-09-29 18:07:38,883 [INFO] CmdLine:76 - Computing AI RT data/code size (target=stm32n6)..
2025-09-29 18:07:40,897 [INFO] CmdLine:76 -  Requested memory size by section - "stm32n6" target
2025-09-29 18:07:40,898 [INFO] CmdLine:76 -  ------------------------------- -------- -------- ------- -------
2025-09-29 18:07:40,899 [INFO] CmdLine:76 -  module                              text   rodata    data     bss
2025-09-29 18:07:40,899 [INFO] CmdLine:76 -  ------------------------------- -------- -------- ------- -------
2025-09-29 18:07:40,899 [INFO] CmdLine:76 -  NetworkRuntime1020_CM55_GCC.a     15,800       32       0       0
2025-09-29 18:07:40,900 [INFO] CmdLine:76 -  network.o                            596       40   1,888     136
2025-09-29 18:07:40,900 [INFO] CmdLine:76 -  network_data.o                        48       16      88       0
2025-09-29 18:07:40,900 [INFO] CmdLine:76 -  lib (toolchain)*                   1,132      340       0       0
2025-09-29 18:07:40,900 [INFO] CmdLine:76 -  ------------------------------- -------- -------- ------- -------
2025-09-29 18:07:40,901 [INFO] CmdLine:76 -  RT total**                        17,576      428   1,976     136
2025-09-29 18:07:40,901 [INFO] CmdLine:76 -  ------------------------------- -------- -------- ------- -------
2025-09-29 18:07:40,901 [INFO] CmdLine:76 -  weights                                0   14,640       0       0
2025-09-29 18:07:40,901 [INFO] CmdLine:76 -  activations                            0        0       0   1,568
2025-09-29 18:07:40,901 [INFO] CmdLine:76 -  io                                     0        0       0       0
2025-09-29 18:07:40,902 [INFO] CmdLine:76 -  ------------------------------- -------- -------- ------- -------
2025-09-29 18:07:40,902 [INFO] CmdLine:76 -  TOTAL                             17,576   15,068   1,976   1,704
2025-09-29 18:07:40,902 [INFO] CmdLine:76 -  ------------------------------- -------- -------- ------- -------
2025-09-29 18:07:40,902 [INFO] CmdLine:76 -  *  toolchain objects (libm/libgcc*)
2025-09-29 18:07:40,902 [INFO] CmdLine:76 -  ** RT AI runtime objects (kernels+infrastructure)
2025-09-29 18:07:40,903 [INFO] CmdLine:76 -   Summary - "stm32n6" target
2025-09-29 18:07:40,903 [INFO] CmdLine:76 -   ---------------------------------------------------
2025-09-29 18:07:40,903 [INFO] CmdLine:76 -                FLASH (ro)      %*   RAM (rw)       %
2025-09-29 18:07:40,903 [INFO] CmdLine:76 -   ---------------------------------------------------
2025-09-29 18:07:40,903 [INFO] CmdLine:76 -   RT total         19,980   57.7%      2,112   57.4%
2025-09-29 18:07:40,903 [INFO] CmdLine:76 -   ---------------------------------------------------
2025-09-29 18:07:40,903 [INFO] CmdLine:76 -   TOTAL            34,620              3,680
2025-09-29 18:07:40,903 [INFO] CmdLine:76 -   ---------------------------------------------------
2025-09-29 18:07:40,903 [INFO] CmdLine:76 -   *  rt/total
2025-09-29 18:07:40,903 [INFO] CmdLine:76 -  Generated files (7)
2025-09-29 18:07:40,903 [INFO] CmdLine:76 -  ---------------------------------------------------------------------
2025-09-29 18:07:40,903 [INFO] CmdLine:76 -  C:\Users\ZOJOLDRI\.stm32cubemx\network_output\network_data_params.h
2025-09-29 18:07:40,904 [INFO] CmdLine:76 -  C:\Users\ZOJOLDRI\.stm32cubemx\network_output\network_data_params.c
2025-09-29 18:07:40,904 [INFO] CmdLine:76 -  C:\Users\ZOJOLDRI\.stm32cubemx\network_output\network_data.h
2025-09-29 18:07:40,904 [INFO] CmdLine:76 -  C:\Users\ZOJOLDRI\.stm32cubemx\network_output\network_data.c
2025-09-29 18:07:40,904 [INFO] CmdLine:76 -  C:\Users\ZOJOLDRI\.stm32cubemx\network_output\network_config.h
2025-09-29 18:07:40,904 [INFO] CmdLine:76 -  C:\Users\ZOJOLDRI\.stm32cubemx\network_output\network.h
2025-09-29 18:07:40,904 [INFO] CmdLine:76 -  C:\Users\ZOJOLDRI\.stm32cubemx\network_output\network.c
2025-09-29 18:07:40,904 [INFO] CmdLine:76 - Creating txt report file C:\Users\ZOJOLDRI\.stm32cubemx\network_output\network_generate_report.txt
2025-09-29 18:07:43,434 [INFO] CmdLine:76 - elapsed time (generate): 9.834s
2025-09-29 18:07:43,825 [INFO] CmdLine:148 - stedgeai exit with status: 0
2025-09-29 18:07:43,835 [INFO] AIModelDetailledView:2380 - Analysis status: done
2025-09-29 18:07:44,930 [INFO] ProjectBuilder:3606 - Time for Copy HAL[1] : 512mS.
2025-09-29 18:07:44,930 [ERROR] Middleware:2950 - Invalid RefComponent list
2025-09-29 18:07:44,930 [ERROR] Middleware:2950 - Invalid RefComponent list
2025-09-29 18:07:44,930 [ERROR] Middleware:2950 - Invalid RefComponent list
2025-09-29 18:07:44,930 [ERROR] Middleware:2950 - Invalid RefComponent list
2025-09-29 18:07:44,930 [ERROR] Middleware:2950 - Invalid RefComponent list
2025-09-29 18:07:44,930 [ERROR] Middleware:2950 - Invalid RefComponent list
2025-09-29 18:07:44,930 [ERROR] Middleware:2950 - Invalid RefComponent list
2025-09-29 18:07:44,930 [ERROR] Middleware:2950 - Invalid RefComponent list
2025-09-29 18:07:44,930 [ERROR] Middleware:2950 - Invalid RefComponent list
2025-09-29 18:07:44,930 [ERROR] Middleware:2950 - Invalid RefComponent list
2025-09-29 18:07:44,930 [ERROR] Middleware:2950 - Invalid RefComponent list
2025-09-29 18:07:44,930 [ERROR] Middleware:2950 - Invalid RefComponent list
2025-09-29 18:07:44,930 [ERROR] Middleware:2950 - Invalid RefComponent list
2025-09-29 18:07:44,930 [ERROR] Middleware:2950 - Invalid RefComponent list
2025-09-29 18:07:44,930 [ERROR] Middleware:2950 - Invalid RefComponent list
2025-09-29 18:07:44,930 [ERROR] Middleware:2950 - Invalid RefComponent list
2025-09-29 18:07:44,930 [ERROR] Middleware:2950 - Invalid RefComponent list
2025-09-29 18:07:44,930 [ERROR] Middleware:2950 - Invalid RefComponent list
2025-09-29 18:07:44,930 [ERROR] Middleware:2950 - Invalid RefComponent list
2025-09-29 18:07:44,930 [ERROR] Middleware:2950 - Invalid RefComponent list
2025-09-29 18:07:44,930 [ERROR] Middleware:2950 - Invalid RefComponent list
2025-09-29 18:07:44,930 [ERROR] Middleware:2950 - Invalid RefComponent list
2025-09-29 18:07:44,930 [ERROR] Middleware:2950 - Invalid RefComponent list
2025-09-29 18:07:44,930 [ERROR] Middleware:2950 - Invalid RefComponent list
2025-09-29 18:07:44,931 [ERROR] Middleware:2950 - Invalid RefComponent list
2025-09-29 18:07:44,931 [ERROR] Middleware:2950 - Invalid RefComponent list
2025-09-29 18:07:44,931 [ERROR] Middleware:2950 - Invalid RefComponent list
2025-09-29 18:07:44,931 [ERROR] Middleware:2950 - Invalid RefComponent list
2025-09-29 18:07:44,931 [ERROR] Middleware:2950 - Invalid RefComponent list
2025-09-29 18:07:44,931 [ERROR] Middleware:2950 - Invalid RefComponent list
2025-09-29 18:07:44,931 [ERROR] Middleware:2950 - Invalid RefComponent list
2025-09-29 18:07:44,931 [ERROR] Middleware:2950 - Invalid RefComponent list
2025-09-29 18:07:44,931 [ERROR] Middleware:2950 - Invalid RefComponent list
2025-09-29 18:07:44,931 [ERROR] Middleware:2950 - Invalid RefComponent list
2025-09-29 18:07:44,931 [ERROR] Middleware:2950 - Invalid RefComponent list
2025-09-29 18:07:44,931 [ERROR] Middleware:2950 - Invalid RefComponent list
2025-09-29 18:07:44,931 [ERROR] Middleware:2950 - Invalid RefComponent list
2025-09-29 18:07:44,931 [ERROR] Middleware:2950 - Invalid RefComponent list
2025-09-29 18:07:44,931 [ERROR] Middleware:2950 - Invalid RefComponent list
2025-09-29 18:07:44,931 [ERROR] Middleware:2950 - Invalid RefComponent list
2025-09-29 18:07:44,931 [ERROR] Middleware:2950 - Invalid RefComponent list
2025-09-29 18:07:44,931 [ERROR] Middleware:2950 - Invalid RefComponent list
2025-09-29 18:07:44,931 [ERROR] Middleware:2950 - Invalid RefComponent list
2025-09-29 18:07:44,931 [ERROR] Middleware:2950 - Invalid RefComponent list
2025-09-29 18:07:44,931 [ERROR] Middleware:2950 - Invalid RefComponent list
2025-09-29 18:07:44,931 [ERROR] Middleware:2950 - Invalid RefComponent list
2025-09-29 18:07:44,931 [ERROR] Middleware:2950 - Invalid RefComponent list
2025-09-29 18:07:44,931 [ERROR] Middleware:2950 - Invalid RefComponent list
2025-09-29 18:07:44,931 [ERROR] Middleware:2950 - Invalid RefComponent list
2025-09-29 18:07:44,931 [ERROR] Middleware:2950 - Invalid RefComponent list
2025-09-29 18:07:44,931 [ERROR] Middleware:2950 - Invalid RefComponent list
2025-09-29 18:07:44,931 [ERROR] Middleware:2950 - Invalid RefComponent list
2025-09-29 18:07:44,931 [ERROR] Middleware:2950 - Invalid RefComponent list
2025-09-29 18:07:44,931 [ERROR] Middleware:2950 - Invalid RefComponent list
2025-09-29 18:07:44,931 [ERROR] Middleware:2950 - Invalid RefComponent list
2025-09-29 18:07:44,931 [ERROR] Middleware:2950 - Invalid RefComponent list
2025-09-29 18:07:44,931 [ERROR] Middleware:2950 - Invalid RefComponent list
2025-09-29 18:07:44,931 [ERROR] Middleware:2950 - Invalid RefComponent list
2025-09-29 18:07:44,931 [ERROR] Middleware:2950 - Invalid RefComponent list
2025-09-29 18:07:44,931 [ERROR] Middleware:2950 - Invalid RefComponent list
2025-09-29 18:07:44,931 [ERROR] Middleware:2950 - Invalid RefComponent list
2025-09-29 18:07:44,931 [ERROR] Middleware:2950 - Invalid RefComponent list
2025-09-29 18:07:44,931 [ERROR] Middleware:2950 - Invalid RefComponent list
2025-09-29 18:07:44,931 [ERROR] Middleware:2950 - Invalid RefComponent list
2025-09-29 18:07:44,931 [ERROR] Middleware:2950 - Invalid RefComponent list
2025-09-29 18:07:44,931 [ERROR] Middleware:2950 - Invalid RefComponent list
2025-09-29 18:07:44,931 [ERROR] Middleware:2950 - Invalid RefComponent list
2025-09-29 18:07:44,931 [ERROR] Middleware:2950 - Invalid RefComponent list
2025-09-29 18:07:44,931 [ERROR] Middleware:2950 - Invalid RefComponent list
2025-09-29 18:07:44,931 [ERROR] Middleware:2950 - Invalid RefComponent list
2025-09-29 18:07:44,948 [INFO] ProjectBuilder:5216 - Project Generator version: 4.7.0-B52
2025-09-29 18:07:45,034 [INFO] ConfigFileManager:1595 - The Die is : DIE486
2025-09-29 18:07:58,183 [INFO] ProjectBuilder:5056 - Time for Generating toolchain IDE Files: 13234mS.
2025-09-29 18:07:58,185 [INFO] ProjectBuilder:3463 - Time for Copy CMSIS : 2mS.
2025-09-29 18:07:58,199 [INFO] ProjectBuilder:3463 - Time for Copy CMSIS : 0mS.
2025-09-29 19:46:56,095 [INFO] WebApp:194 - Connection lost
2025-09-29 19:46:56,547 [INFO] WebApp:191 - Connection restablished
2025-09-29 20:33:07,503 [INFO] WebApp:194 - Connection lost
2025-09-29 20:33:10,937 [INFO] WebApp:191 - Connection restablished
2025-09-29 21:38:51,557 [INFO] WebApp:194 - Connection lost
2025-09-29 21:38:51,963 [INFO] WebApp:191 - Connection restablished
2025-09-29 21:38:58,002 [INFO] WebApp:194 - Connection lost
2025-09-29 21:38:58,349 [INFO] WebApp:191 - Connection restablished
