2025-08-07 15:15:56,826 [INFO] WebApp:194 - Connection lost
2025-08-07 15:16:08,846 [INFO] WebApp:191 - Connection restablished
2025-08-07 15:44:27,245 [WARN] IP:2250 - RefParam_LRUN_SRC_memory not found: check if there is a RefParameter without a condition.
2025-08-07 15:44:27,245 [WARN] IP:2250 - RefParam_LRUN_SRC_offset not found: check if there is a RefParameter without a condition.
2025-08-07 15:44:27,245 [WARN] IP:2250 - RefParam_LRUN_SRC_size not found: check if there is a RefParameter without a condition.
2025-08-07 15:44:27,245 [WARN] IP:2250 - RefParam_LRUN_DEST_memory not found: check if there is a RefParameter without a condition.
2025-08-07 15:44:27,245 [WARN] IP:2250 - RefParam_LRUN_DEST_offset not found: check if there is a RefParameter without a condition.
2025-08-07 15:44:27,245 [WARN] IP:2250 - RefParam_MEMORY_1_Size not found: check if there is a RefParameter without a condition.
2025-08-07 15:44:27,245 [WARN] IP:2250 - RefParam_MEMORY_1_FreqMax not found: check if there is a RefParameter without a condition.
2025-08-07 15:44:27,245 [WARN] IP:2250 - RefParam_MEMORY_1_ReadReg not found: check if there is a RefParameter without a condition.
2025-08-07 15:44:27,245 [WARN] IP:2250 - RefParam_MEMORY_1_WriteReg not found: check if there is a RefParameter without a condition.
2025-08-07 15:44:27,245 [WARN] IP:2250 - RefParam_MEMORY_1_RegSize not found: check if there is a RefParameter without a condition.
2025-08-07 15:44:27,245 [WARN] IP:2250 - RefParam_MEMORY_1_RegDummyCycle not found: check if there is a RefParameter without a condition.
2025-08-07 15:44:27,245 [WARN] IP:2250 - RefParam_MEMORY_1_WriteCommand not found: check if there is a RefParameter without a condition.
2025-08-07 15:44:27,245 [WARN] IP:2250 - RefParam_MEMORY_1_WriteDummyCycle not found: check if there is a RefParameter without a condition.
2025-08-07 15:44:27,245 [WARN] IP:2250 - RefParam_MEMORY_1_ReadCommand not found: check if there is a RefParameter without a condition.
2025-08-07 15:44:27,245 [WARN] IP:2250 - RefParam_MEMORY_1_WrapReadCommand not found: check if there is a RefParameter without a condition.
2025-08-07 15:44:27,246 [WARN] IP:2250 - RefParam_MEMORY_1_ReadDummyCycle not found: check if there is a RefParameter without a condition.
2025-08-07 15:44:27,246 [WARN] IP:2250 - RefParam_MEMORY_1_NumberOfConfig not found: check if there is a RefParameter without a condition.
2025-08-07 15:44:27,246 [WARN] IP:2250 - RefParam_MEMORY_1_Config1_WriteMask not found: check if there is a RefParameter without a condition.
2025-08-07 15:44:27,246 [WARN] IP:2250 - RefParam_MEMORY_1_Config1_WriteValue not found: check if there is a RefParameter without a condition.
2025-08-07 15:44:27,246 [WARN] IP:2250 - RefParam_MEMORY_1_Config1_RegAddress not found: check if there is a RefParameter without a condition.
2025-08-07 15:44:27,246 [WARN] IP:2250 - RefParam_MEMORY_1_Config2_WriteMask not found: check if there is a RefParameter without a condition.
2025-08-07 15:44:27,246 [WARN] IP:2250 - RefParam_MEMORY_1_Config2_WriteValue not found: check if there is a RefParameter without a condition.
2025-08-07 15:44:27,246 [WARN] IP:2250 - RefParam_MEMORY_1_Config2_RegAddress not found: check if there is a RefParameter without a condition.
2025-08-07 15:44:27,246 [WARN] IP:2250 - RefParam_MEMORY_1_Config3_WriteMask not found: check if there is a RefParameter without a condition.
2025-08-07 15:44:27,246 [WARN] IP:2250 - RefParam_MEMORY_1_Config3_WriteValue not found: check if there is a RefParameter without a condition.
2025-08-07 15:44:27,246 [WARN] IP:2250 - RefParam_MEMORY_1_Config3_RegAddress not found: check if there is a RefParameter without a condition.
2025-08-07 15:44:27,246 [WARN] IP:2250 - RefParam_MEMORY_2_Instance not found: check if there is a RefParameter without a condition.
2025-08-07 15:44:27,246 [WARN] IP:2250 - RefParam_MEMORY_2_ConfigType not found: check if there is a RefParameter without a condition.
2025-08-07 15:44:27,246 [WARN] IP:2250 - RefParam_MEMORY_2_Size not found: check if there is a RefParameter without a condition.
2025-08-07 15:44:27,247 [WARN] IP:2250 - RefParam_MEMORY_2_FreqMax not found: check if there is a RefParameter without a condition.
2025-08-07 15:44:27,247 [WARN] IP:2250 - RefParam_MEMORY_2_ReadReg not found: check if there is a RefParameter without a condition.
2025-08-07 15:44:27,247 [WARN] IP:2250 - RefParam_MEMORY_2_WriteReg not found: check if there is a RefParameter without a condition.
2025-08-07 15:44:27,247 [WARN] IP:2250 - RefParam_MEMORY_2_RegSize not found: check if there is a RefParameter without a condition.
2025-08-07 15:44:27,247 [WARN] IP:2250 - RefParam_MEMORY_2_RegDummyCycle not found: check if there is a RefParameter without a condition.
2025-08-07 15:44:27,247 [WARN] IP:2250 - RefParam_MEMORY_2_WriteCommand not found: check if there is a RefParameter without a condition.
2025-08-07 15:44:27,247 [WARN] IP:2250 - RefParam_MEMORY_2_WriteDummyCycle not found: check if there is a RefParameter without a condition.
2025-08-07 15:44:27,247 [WARN] IP:2250 - RefParam_MEMORY_2_ReadCommand not found: check if there is a RefParameter without a condition.
2025-08-07 15:44:27,247 [WARN] IP:2250 - RefParam_MEMORY_2_WrapReadCommand not found: check if there is a RefParameter without a condition.
2025-08-07 15:44:27,247 [WARN] IP:2250 - RefParam_MEMORY_2_ReadDummyCycle not found: check if there is a RefParameter without a condition.
2025-08-07 15:44:27,247 [WARN] IP:2250 - RefParam_MEMORY_2_NumberOfConfig not found: check if there is a RefParameter without a condition.
2025-08-07 15:44:27,247 [WARN] IP:2250 - RefParam_MEMORY_2_Config1_WriteMask not found: check if there is a RefParameter without a condition.
2025-08-07 15:44:27,247 [WARN] IP:2250 - RefParam_MEMORY_2_Config1_WriteValue not found: check if there is a RefParameter without a condition.
2025-08-07 15:44:27,247 [WARN] IP:2250 - RefParam_MEMORY_2_Config1_RegAddress not found: check if there is a RefParameter without a condition.
2025-08-07 15:44:27,247 [WARN] IP:2250 - RefParam_MEMORY_2_Config2_WriteMask not found: check if there is a RefParameter without a condition.
2025-08-07 15:44:27,247 [WARN] IP:2250 - RefParam_MEMORY_2_Config2_WriteValue not found: check if there is a RefParameter without a condition.
2025-08-07 15:44:27,247 [WARN] IP:2250 - RefParam_MEMORY_2_Config2_RegAddress not found: check if there is a RefParameter without a condition.
2025-08-07 15:44:27,247 [WARN] IP:2250 - RefParam_MEMORY_2_Config3_WriteMask not found: check if there is a RefParameter without a condition.
2025-08-07 15:44:27,247 [WARN] IP:2250 - RefParam_MEMORY_2_Config3_WriteValue not found: check if there is a RefParameter without a condition.
2025-08-07 15:44:27,247 [WARN] IP:2250 - RefParam_MEMORY_2_Config3_RegAddress not found: check if there is a RefParameter without a condition.
2025-08-07 15:44:27,490 [WARN] IP:2250 - RefParam_LRUN_SRC_memory not found: check if there is a RefParameter without a condition.
2025-08-07 15:44:27,490 [WARN] IP:2250 - RefParam_LRUN_SRC_offset not found: check if there is a RefParameter without a condition.
2025-08-07 15:44:27,490 [WARN] IP:2250 - RefParam_LRUN_SRC_size not found: check if there is a RefParameter without a condition.
2025-08-07 15:44:27,490 [WARN] IP:2250 - RefParam_LRUN_DEST_memory not found: check if there is a RefParameter without a condition.
2025-08-07 15:44:27,490 [WARN] IP:2250 - RefParam_LRUN_DEST_offset not found: check if there is a RefParameter without a condition.
2025-08-07 15:44:27,490 [WARN] IP:2250 - RefParam_MEMORY_1_Size not found: check if there is a RefParameter without a condition.
2025-08-07 15:44:27,490 [WARN] IP:2250 - RefParam_MEMORY_1_FreqMax not found: check if there is a RefParameter without a condition.
2025-08-07 15:44:27,490 [WARN] IP:2250 - RefParam_MEMORY_1_ReadReg not found: check if there is a RefParameter without a condition.
2025-08-07 15:44:27,490 [WARN] IP:2250 - RefParam_MEMORY_1_WriteReg not found: check if there is a RefParameter without a condition.
2025-08-07 15:44:27,491 [WARN] IP:2250 - RefParam_MEMORY_1_RegSize not found: check if there is a RefParameter without a condition.
2025-08-07 15:44:27,491 [WARN] IP:2250 - RefParam_MEMORY_1_RegDummyCycle not found: check if there is a RefParameter without a condition.
2025-08-07 15:44:27,491 [WARN] IP:2250 - RefParam_MEMORY_1_WriteCommand not found: check if there is a RefParameter without a condition.
2025-08-07 15:44:27,491 [WARN] IP:2250 - RefParam_MEMORY_1_WriteDummyCycle not found: check if there is a RefParameter without a condition.
2025-08-07 15:44:27,491 [WARN] IP:2250 - RefParam_MEMORY_1_ReadCommand not found: check if there is a RefParameter without a condition.
2025-08-07 15:44:27,491 [WARN] IP:2250 - RefParam_MEMORY_1_WrapReadCommand not found: check if there is a RefParameter without a condition.
2025-08-07 15:44:27,491 [WARN] IP:2250 - RefParam_MEMORY_1_ReadDummyCycle not found: check if there is a RefParameter without a condition.
2025-08-07 15:44:27,491 [WARN] IP:2250 - RefParam_MEMORY_1_NumberOfConfig not found: check if there is a RefParameter without a condition.
2025-08-07 15:44:27,491 [WARN] IP:2250 - RefParam_MEMORY_1_Config1_WriteMask not found: check if there is a RefParameter without a condition.
2025-08-07 15:44:27,491 [WARN] IP:2250 - RefParam_MEMORY_1_Config1_WriteValue not found: check if there is a RefParameter without a condition.
2025-08-07 15:44:27,491 [WARN] IP:2250 - RefParam_MEMORY_1_Config1_RegAddress not found: check if there is a RefParameter without a condition.
2025-08-07 15:44:27,491 [WARN] IP:2250 - RefParam_MEMORY_1_Config2_WriteMask not found: check if there is a RefParameter without a condition.
2025-08-07 15:44:27,491 [WARN] IP:2250 - RefParam_MEMORY_1_Config2_WriteValue not found: check if there is a RefParameter without a condition.
2025-08-07 15:44:27,491 [WARN] IP:2250 - RefParam_MEMORY_1_Config2_RegAddress not found: check if there is a RefParameter without a condition.
2025-08-07 15:44:27,491 [WARN] IP:2250 - RefParam_MEMORY_1_Config3_WriteMask not found: check if there is a RefParameter without a condition.
2025-08-07 15:44:27,491 [WARN] IP:2250 - RefParam_MEMORY_1_Config3_WriteValue not found: check if there is a RefParameter without a condition.
2025-08-07 15:44:27,491 [WARN] IP:2250 - RefParam_MEMORY_1_Config3_RegAddress not found: check if there is a RefParameter without a condition.
2025-08-07 15:44:27,491 [WARN] IP:2250 - RefParam_MEMORY_2_Instance not found: check if there is a RefParameter without a condition.
2025-08-07 15:44:27,491 [WARN] IP:2250 - RefParam_MEMORY_2_ConfigType not found: check if there is a RefParameter without a condition.
2025-08-07 15:44:27,491 [WARN] IP:2250 - RefParam_MEMORY_2_Size not found: check if there is a RefParameter without a condition.
2025-08-07 15:44:27,491 [WARN] IP:2250 - RefParam_MEMORY_2_FreqMax not found: check if there is a RefParameter without a condition.
2025-08-07 15:44:27,491 [WARN] IP:2250 - RefParam_MEMORY_2_ReadReg not found: check if there is a RefParameter without a condition.
2025-08-07 15:44:27,492 [WARN] IP:2250 - RefParam_MEMORY_2_WriteReg not found: check if there is a RefParameter without a condition.
2025-08-07 15:44:27,492 [WARN] IP:2250 - RefParam_MEMORY_2_RegSize not found: check if there is a RefParameter without a condition.
2025-08-07 15:44:27,492 [WARN] IP:2250 - RefParam_MEMORY_2_RegDummyCycle not found: check if there is a RefParameter without a condition.
2025-08-07 15:44:27,492 [WARN] IP:2250 - RefParam_MEMORY_2_WriteCommand not found: check if there is a RefParameter without a condition.
2025-08-07 15:44:27,492 [WARN] IP:2250 - RefParam_MEMORY_2_WriteDummyCycle not found: check if there is a RefParameter without a condition.
2025-08-07 15:44:27,492 [WARN] IP:2250 - RefParam_MEMORY_2_ReadCommand not found: check if there is a RefParameter without a condition.
2025-08-07 15:44:27,492 [WARN] IP:2250 - RefParam_MEMORY_2_WrapReadCommand not found: check if there is a RefParameter without a condition.
2025-08-07 15:44:27,492 [WARN] IP:2250 - RefParam_MEMORY_2_ReadDummyCycle not found: check if there is a RefParameter without a condition.
2025-08-07 15:44:27,492 [WARN] IP:2250 - RefParam_MEMORY_2_NumberOfConfig not found: check if there is a RefParameter without a condition.
2025-08-07 15:44:27,492 [WARN] IP:2250 - RefParam_MEMORY_2_Config1_WriteMask not found: check if there is a RefParameter without a condition.
2025-08-07 15:44:27,492 [WARN] IP:2250 - RefParam_MEMORY_2_Config1_WriteValue not found: check if there is a RefParameter without a condition.
2025-08-07 15:44:27,492 [WARN] IP:2250 - RefParam_MEMORY_2_Config1_RegAddress not found: check if there is a RefParameter without a condition.
2025-08-07 15:44:27,492 [WARN] IP:2250 - RefParam_MEMORY_2_Config2_WriteMask not found: check if there is a RefParameter without a condition.
2025-08-07 15:44:27,492 [WARN] IP:2250 - RefParam_MEMORY_2_Config2_WriteValue not found: check if there is a RefParameter without a condition.
2025-08-07 15:44:27,492 [WARN] IP:2250 - RefParam_MEMORY_2_Config2_RegAddress not found: check if there is a RefParameter without a condition.
2025-08-07 15:44:27,492 [WARN] IP:2250 - RefParam_MEMORY_2_Config3_WriteMask not found: check if there is a RefParameter without a condition.
2025-08-07 15:44:27,493 [WARN] IP:2250 - RefParam_MEMORY_2_Config3_WriteValue not found: check if there is a RefParameter without a condition.
2025-08-07 15:44:27,493 [WARN] IP:2250 - RefParam_MEMORY_2_Config3_RegAddress not found: check if there is a RefParameter without a condition.
2025-08-07 15:44:27,649 [WARN] IP:2250 - RefParam_LRUN_SRC_memory not found: check if there is a RefParameter without a condition.
2025-08-07 15:44:27,649 [WARN] IP:2250 - RefParam_LRUN_SRC_offset not found: check if there is a RefParameter without a condition.
2025-08-07 15:44:27,649 [WARN] IP:2250 - RefParam_LRUN_SRC_size not found: check if there is a RefParameter without a condition.
2025-08-07 15:44:27,649 [WARN] IP:2250 - RefParam_LRUN_DEST_memory not found: check if there is a RefParameter without a condition.
2025-08-07 15:44:27,649 [WARN] IP:2250 - RefParam_LRUN_DEST_offset not found: check if there is a RefParameter without a condition.
2025-08-07 15:44:27,649 [WARN] IP:2250 - RefParam_MEMORY_1_Size not found: check if there is a RefParameter without a condition.
2025-08-07 15:44:27,649 [WARN] IP:2250 - RefParam_MEMORY_1_FreqMax not found: check if there is a RefParameter without a condition.
2025-08-07 15:44:27,650 [WARN] IP:2250 - RefParam_MEMORY_1_ReadReg not found: check if there is a RefParameter without a condition.
2025-08-07 15:44:27,650 [WARN] IP:2250 - RefParam_MEMORY_1_WriteReg not found: check if there is a RefParameter without a condition.
2025-08-07 15:44:27,650 [WARN] IP:2250 - RefParam_MEMORY_1_RegSize not found: check if there is a RefParameter without a condition.
2025-08-07 15:44:27,650 [WARN] IP:2250 - RefParam_MEMORY_1_RegDummyCycle not found: check if there is a RefParameter without a condition.
2025-08-07 15:44:27,650 [WARN] IP:2250 - RefParam_MEMORY_1_WriteCommand not found: check if there is a RefParameter without a condition.
2025-08-07 15:44:27,650 [WARN] IP:2250 - RefParam_MEMORY_1_WriteDummyCycle not found: check if there is a RefParameter without a condition.
2025-08-07 15:44:27,650 [WARN] IP:2250 - RefParam_MEMORY_1_ReadCommand not found: check if there is a RefParameter without a condition.
2025-08-07 15:44:27,650 [WARN] IP:2250 - RefParam_MEMORY_1_WrapReadCommand not found: check if there is a RefParameter without a condition.
2025-08-07 15:44:27,650 [WARN] IP:2250 - RefParam_MEMORY_1_ReadDummyCycle not found: check if there is a RefParameter without a condition.
2025-08-07 15:44:27,650 [WARN] IP:2250 - RefParam_MEMORY_1_NumberOfConfig not found: check if there is a RefParameter without a condition.
2025-08-07 15:44:27,650 [WARN] IP:2250 - RefParam_MEMORY_1_Config1_WriteMask not found: check if there is a RefParameter without a condition.
2025-08-07 15:44:27,650 [WARN] IP:2250 - RefParam_MEMORY_1_Config1_WriteValue not found: check if there is a RefParameter without a condition.
2025-08-07 15:44:27,650 [WARN] IP:2250 - RefParam_MEMORY_1_Config1_RegAddress not found: check if there is a RefParameter without a condition.
2025-08-07 15:44:27,650 [WARN] IP:2250 - RefParam_MEMORY_1_Config2_WriteMask not found: check if there is a RefParameter without a condition.
2025-08-07 15:44:27,651 [WARN] IP:2250 - RefParam_MEMORY_1_Config2_WriteValue not found: check if there is a RefParameter without a condition.
2025-08-07 15:44:27,651 [WARN] IP:2250 - RefParam_MEMORY_1_Config2_RegAddress not found: check if there is a RefParameter without a condition.
2025-08-07 15:44:27,651 [WARN] IP:2250 - RefParam_MEMORY_1_Config3_WriteMask not found: check if there is a RefParameter without a condition.
2025-08-07 15:44:27,651 [WARN] IP:2250 - RefParam_MEMORY_1_Config3_WriteValue not found: check if there is a RefParameter without a condition.
2025-08-07 15:44:27,651 [WARN] IP:2250 - RefParam_MEMORY_1_Config3_RegAddress not found: check if there is a RefParameter without a condition.
2025-08-07 15:44:27,651 [WARN] IP:2250 - RefParam_MEMORY_2_Instance not found: check if there is a RefParameter without a condition.
2025-08-07 15:44:27,651 [WARN] IP:2250 - RefParam_MEMORY_2_ConfigType not found: check if there is a RefParameter without a condition.
2025-08-07 15:44:27,651 [WARN] IP:2250 - RefParam_MEMORY_2_Size not found: check if there is a RefParameter without a condition.
2025-08-07 15:44:27,651 [WARN] IP:2250 - RefParam_MEMORY_2_FreqMax not found: check if there is a RefParameter without a condition.
2025-08-07 15:44:27,651 [WARN] IP:2250 - RefParam_MEMORY_2_ReadReg not found: check if there is a RefParameter without a condition.
2025-08-07 15:44:27,651 [WARN] IP:2250 - RefParam_MEMORY_2_WriteReg not found: check if there is a RefParameter without a condition.
2025-08-07 15:44:27,651 [WARN] IP:2250 - RefParam_MEMORY_2_RegSize not found: check if there is a RefParameter without a condition.
2025-08-07 15:44:27,651 [WARN] IP:2250 - RefParam_MEMORY_2_RegDummyCycle not found: check if there is a RefParameter without a condition.
2025-08-07 15:44:27,651 [WARN] IP:2250 - RefParam_MEMORY_2_WriteCommand not found: check if there is a RefParameter without a condition.
2025-08-07 15:44:27,651 [WARN] IP:2250 - RefParam_MEMORY_2_WriteDummyCycle not found: check if there is a RefParameter without a condition.
2025-08-07 15:44:27,651 [WARN] IP:2250 - RefParam_MEMORY_2_ReadCommand not found: check if there is a RefParameter without a condition.
2025-08-07 15:44:27,651 [WARN] IP:2250 - RefParam_MEMORY_2_WrapReadCommand not found: check if there is a RefParameter without a condition.
2025-08-07 15:44:27,651 [WARN] IP:2250 - RefParam_MEMORY_2_ReadDummyCycle not found: check if there is a RefParameter without a condition.
2025-08-07 15:44:27,651 [WARN] IP:2250 - RefParam_MEMORY_2_NumberOfConfig not found: check if there is a RefParameter without a condition.
2025-08-07 15:44:27,651 [WARN] IP:2250 - RefParam_MEMORY_2_Config1_WriteMask not found: check if there is a RefParameter without a condition.
2025-08-07 15:44:27,651 [WARN] IP:2250 - RefParam_MEMORY_2_Config1_WriteValue not found: check if there is a RefParameter without a condition.
2025-08-07 15:44:27,651 [WARN] IP:2250 - RefParam_MEMORY_2_Config1_RegAddress not found: check if there is a RefParameter without a condition.
2025-08-07 15:44:27,651 [WARN] IP:2250 - RefParam_MEMORY_2_Config2_WriteMask not found: check if there is a RefParameter without a condition.
2025-08-07 15:44:27,652 [WARN] IP:2250 - RefParam_MEMORY_2_Config2_WriteValue not found: check if there is a RefParameter without a condition.
2025-08-07 15:44:27,652 [WARN] IP:2250 - RefParam_MEMORY_2_Config2_RegAddress not found: check if there is a RefParameter without a condition.
2025-08-07 15:44:27,652 [WARN] IP:2250 - RefParam_MEMORY_2_Config3_WriteMask not found: check if there is a RefParameter without a condition.
2025-08-07 15:44:27,652 [WARN] IP:2250 - RefParam_MEMORY_2_Config3_WriteValue not found: check if there is a RefParameter without a condition.
2025-08-07 15:44:27,652 [WARN] IP:2250 - RefParam_MEMORY_2_Config3_RegAddress not found: check if there is a RefParameter without a condition.
2025-08-07 15:44:37,455 [INFO] MainUpdater:2872 - connection check result : 10
2025-08-07 15:44:37,455 [INFO] MainUpdater:2872 - connection check result : 10
2025-08-07 15:44:37,970 [INFO] MicroXplorer:468 - Change Database Path : 
2025-08-07 15:44:37,970 [INFO] MicroXplorer:498 - Change Database Version : DB.6.0.150
2025-08-07 15:44:38,027 [ERROR] ProjectManagerView:395 - 
java.lang.NullPointerException: Cannot invoke "javax.swing.JTextField.getText()" because the return value of "java.util.List.get(int)" is null
	at com.st.microxplorer.plugins.projectmanager.gui.ProjectChoiceTab$9.caretUpdate(ProjectChoiceTab.java:2706) ~[filemanager.jar:?]
	at javax.swing.text.JTextComponent.fireCaretUpdate(JTextComponent.java:408) ~[?:?]
	at javax.swing.text.JTextComponent$MutableCaretEvent.fire(JTextComponent.java:4484) ~[?:?]
	at javax.swing.text.JTextComponent$MutableCaretEvent.stateChanged(JTextComponent.java:4506) ~[?:?]
	at javax.swing.text.DefaultCaret.fireStateChanged(DefaultCaret.java:857) ~[?:?]
	at javax.swing.text.DefaultCaret.changeCaretPosition(DefaultCaret.java:1343) ~[?:?]
	at javax.swing.text.DefaultCaret.handleSetDot(DefaultCaret.java:1242) ~[?:?]
	at javax.swing.text.DefaultCaret.setDot(DefaultCaret.java:1223) ~[?:?]
	at javax.swing.text.DefaultCaret$Handler.insertUpdate(DefaultCaret.java:1819) ~[?:?]
	at javax.swing.text.AbstractDocument.fireInsertUpdate(AbstractDocument.java:227) ~[?:?]
	at javax.swing.text.AbstractDocument.handleInsertString(AbstractDocument.java:781) ~[?:?]
	at javax.swing.text.AbstractDocument.insertString(AbstractDocument.java:740) ~[?:?]
	at javax.swing.text.PlainDocument.insertString(PlainDocument.java:131) ~[?:?]
	at javax.swing.text.AbstractDocument.replace(AbstractDocument.java:699) ~[?:?]
	at javax.swing.text.JTextComponent.setText(JTextComponent.java:1725) ~[?:?]
	at com.st.microxplorer.plugins.projectmanager.gui.ProjectChoiceTab.createHeapStackFields(ProjectChoiceTab.java:993) ~[filemanager.jar:?]
	at com.st.microxplorer.plugins.projectmanager.gui.ProjectChoiceTab.buildLinkSettingsPanel(ProjectChoiceTab.java:3813) ~[filemanager.jar:?]
	at com.st.microxplorer.plugins.projectmanager.gui.ProjectChoiceTab.defineWindowsFields(ProjectChoiceTab.java:1987) ~[filemanager.jar:?]
	at com.st.microxplorer.plugins.projectmanager.gui.ProjectChoiceTab.updateSettings(ProjectChoiceTab.java:558) ~[filemanager.jar:?]
	at com.st.microxplorer.plugins.projectmanager.gui.ProjectSettingsPanel.UpdateDialog(ProjectSettingsPanel.java:247) ~[filemanager.jar:?]
	at com.st.microxplorer.plugins.projectmanager.ProjectManagerView.propertyChange(ProjectManagerView.java:392) ~[filemanager.jar:?]
	at java.beans.PropertyChangeSupport.fire(PropertyChangeSupport.java:343) ~[?:?]
	at java.beans.PropertyChangeSupport.firePropertyChange(PropertyChangeSupport.java:335) ~[?:?]
	at java.beans.PropertyChangeSupport.firePropertyChange(PropertyChangeSupport.java:268) ~[?:?]
	at com.st.microxplorer.util.MXPropertyChangeSupport.firePropertyChange(MXPropertyChangeSupport.java:54) ~[STM32CubeMX.jar:?]
	at com.st.microxplorer.mxsystem.MxSystem.closeConfig(MxSystem.java:899) ~[STM32CubeMX.jar:?]
	at com.st.microxplorer.maingui.MainPanel.closeConfig(MainPanel.java:792) ~[STM32CubeMX.jar:?]
	at com.st.microxplorer.plugins.filemanager.engine.OpenFileManager.loadConfigurationFile(OpenFileManager.java:288) ~[filemanager.jar:?]
	at com.st.microxplorer.plugins.filemanager.engine.MainFileManager.userLoadConfig(MainFileManager.java:364) ~[filemanager.jar:?]
	at com.st.microxplorer.plugins.filemanager.engine.MainFileManager.userLoadConfig(MainFileManager.java:342) ~[filemanager.jar:?]
	at com.st.microxplorer.plugins.filemanager.FileManagerView.getSpecificTask(FileManagerView.java:264) ~[filemanager.jar:?]
	at com.st.stm32cube.common.mx.editor.CubeMxEditor.getMxTabbedPaneInstance(CubeMxEditor.java:1198) ~[com.st.stm32cube.common.mx_6.15.0.202507011659/:?]
	at com.st.stm32cube.common.mx.editor.CubeMxEditor$12$1.createSwingComponent(CubeMxEditor.java:1068) ~[com.st.stm32cube.common.mx_6.15.0.202507011659/:?]
	at com.st.stm32cube.common.mx.oss.core.awtswtbridge.EmbeddedSwingComposite.doComponentCreation(EmbeddedSwingComposite.java:492) ~[com.st.stm32cube.common.mx.oss_6.15.0.202507011659/:?]
	at com.st.stm32cube.common.mx.oss.core.awtswtbridge.EmbeddedSwingComposite$4.run(EmbeddedSwingComposite.java:291) ~[com.st.stm32cube.common.mx.oss_6.15.0.202507011659/:?]
	at com.st.stm32cube.common.mx.oss.core.awtswtbridge.AwtEnvironment$2.run(AwtEnvironment.java:166) ~[com.st.stm32cube.common.mx.oss_6.15.0.202507011659/:?]
	at java.awt.event.InvocationEvent.dispatch(InvocationEvent.java:318) ~[?:?]
	at java.awt.EventQueue.dispatchEventImpl(EventQueue.java:773) ~[?:?]
	at java.awt.EventQueue$4.run(EventQueue.java:720) ~[?:?]
	at java.awt.EventQueue$4.run(EventQueue.java:714) ~[?:?]
	at java.security.AccessController.doPrivileged(AccessController.java:400) ~[?:?]
	at java.security.ProtectionDomain$JavaSecurityAccessImpl.doIntersectionPrivilege(ProtectionDomain.java:87) ~[?:?]
	at java.awt.EventQueue.dispatchEvent(EventQueue.java:742) ~[?:?]
	at java.awt.EventDispatchThread.pumpOneEventForFilters(EventDispatchThread.java:203) ~[?:?]
	at java.awt.EventDispatchThread.pumpEventsForFilter(EventDispatchThread.java:124) ~[?:?]
	at java.awt.EventDispatchThread.pumpEventsForHierarchy(EventDispatchThread.java:113) ~[?:?]
	at java.awt.EventDispatchThread.pumpEvents(EventDispatchThread.java:109) ~[?:?]
	at java.awt.EventDispatchThread.pumpEvents(EventDispatchThread.java:101) ~[?:?]
	at java.awt.EventDispatchThread.run(EventDispatchThread.java:90) ~[?:?]
2025-08-07 15:44:38,052 [WARN] ThirdParty:871 - waiting for thirdparty lock release [close project]
2025-08-07 15:44:38,053 [INFO] ThirdParty:873 - entering critical section [close project]
2025-08-07 15:44:38,053 [INFO] ThirdParty:883 - exiting critical section [close project]
2025-08-07 15:44:38,058 [INFO] PinOutPanel:1589 - setPackage(No Configuration,No Configuration)
2025-08-07 15:44:38,260 [INFO] UtilMem:75 - Begin LoadConfig() Used Memory: 821289728 Bytes (1073741824)
2025-08-07 15:44:38,263 [INFO] MicroXplorer:468 - Change Database Path : 
2025-08-07 15:44:38,263 [INFO] MicroXplorer:498 - Change Database Version : DB.6.0.150
2025-08-07 15:44:38,263 [INFO] OpenFileManager:355 - Change cursor
2025-08-07 15:44:38,428 [INFO] RulesReader:64 - Compatibility file has been processed (317 Rules)
2025-08-07 15:44:38,455 [INFO] Mcu:2029 - Initializing MCU STM32N657X0HxQ STM32N657X0HxQ STM32N657X0H3Q
2025-08-07 15:44:44,442 [INFO] Context:786 - Trying to add GPIOservice into a context  which must be forbidden
2025-08-07 15:44:44,442 [INFO] Context:786 - Trying to add GPIOservice into a context  which must be forbidden
2025-08-07 15:44:44,443 [INFO] Context:786 - Trying to add GPIOservice into a context  which must be forbidden
2025-08-07 15:44:44,443 [INFO] Context:786 - Trying to add GPIOservice into a context  which must be forbidden
2025-08-07 15:44:44,443 [INFO] Context:786 - Trying to add GPIOservice into a context  which must be forbidden
2025-08-07 15:44:46,567 [INFO] ApiDbMcu:532 - Load IP Config File for NUCLEO-N657X0-Q
2025-08-07 15:44:46,779 [INFO] Context:786 - Trying to add GPIOservice into a context  which must be forbidden
2025-08-07 15:44:46,781 [WARN] Context:862 - Trying to set ADC twice on same context FSBL
2025-08-07 15:44:46,789 [INFO] Context:786 - Trying to add GPIOservice into a context  which must be forbidden
2025-08-07 15:44:46,792 [ERROR] Context:921 - The IP RIF is not set in context FSBL
2025-08-07 15:44:46,794 [INFO] Context:786 - Trying to add GPIOservice into a context  which must be forbidden
2025-08-07 15:44:46,800 [INFO] Context:786 - Trying to add GPIOservice into a context  which must be forbidden
2025-08-07 15:44:46,953 [WARN] ModelIntegratedComponent:63 - No mode defined for component null
2025-08-07 15:44:46,953 [WARN] ModelIntegratedComponent:63 - No mode defined for component null
2025-08-07 15:44:46,953 [WARN] ModelIntegratedComponent:63 - No mode defined for component null
2025-08-07 15:44:46,953 [WARN] ModelIntegratedComponent:63 - No mode defined for component null
2025-08-07 15:44:46,954 [WARN] ModelIntegratedComponent:63 - No mode defined for component null
2025-08-07 15:44:46,954 [WARN] ModelIntegratedComponent:63 - No mode defined for component null
2025-08-07 15:44:46,954 [WARN] ModelIntegratedComponent:63 - No mode defined for component null
2025-08-07 15:44:46,954 [WARN] ModelIntegratedComponent:63 - No mode defined for component null
2025-08-07 15:44:46,954 [WARN] ModelIntegratedComponent:63 - No mode defined for component null
2025-08-07 15:44:46,954 [WARN] ModelIntegratedComponent:63 - No mode defined for component null
2025-08-07 15:44:46,954 [WARN] ModelIntegratedComponent:63 - No mode defined for component null
2025-08-07 15:44:46,954 [WARN] ModelIntegratedComponent:63 - No mode defined for component null
2025-08-07 15:44:46,954 [WARN] ModelIntegratedComponent:63 - No mode defined for component null
2025-08-07 15:44:46,954 [WARN] ModelIntegratedComponent:63 - No mode defined for component null
2025-08-07 15:44:46,955 [WARN] ModelIntegratedComponent:63 - No mode defined for component null
2025-08-07 15:44:46,955 [WARN] ModelIntegratedComponent:63 - No mode defined for component null
2025-08-07 15:44:46,955 [WARN] ModelIntegratedComponent:63 - No mode defined for component null
2025-08-07 15:44:46,955 [WARN] ModelIntegratedComponent:63 - No mode defined for component null
2025-08-07 15:44:46,955 [WARN] ModelIntegratedComponent:63 - No mode defined for component null
2025-08-07 15:44:46,955 [WARN] ModelIntegratedComponent:63 - No mode defined for component null
2025-08-07 15:44:46,955 [WARN] ModelIntegratedComponent:63 - No mode defined for component null
2025-08-07 15:44:46,955 [WARN] ModelIntegratedComponent:63 - No mode defined for component null
2025-08-07 15:44:46,955 [WARN] ModelIntegratedComponent:63 - No mode defined for component null
2025-08-07 15:44:46,955 [WARN] ModelIntegratedComponent:63 - No mode defined for component null
2025-08-07 15:44:46,955 [WARN] ModelIntegratedComponent:63 - No mode defined for component null
2025-08-07 15:44:46,955 [WARN] ModelIntegratedComponent:63 - No mode defined for component null
2025-08-07 15:44:46,956 [WARN] ModelIntegratedComponent:63 - No mode defined for component null
2025-08-07 15:44:46,956 [WARN] ModelIntegratedComponent:63 - No mode defined for component null
2025-08-07 15:44:46,956 [WARN] ModelIntegratedComponent:63 - No mode defined for component null
2025-08-07 15:44:46,956 [WARN] ModelIntegratedComponent:63 - No mode defined for component null
2025-08-07 15:44:46,956 [WARN] ModelIntegratedComponent:63 - No mode defined for component null
2025-08-07 15:44:46,956 [WARN] ModelIntegratedComponent:63 - No mode defined for component null
2025-08-07 15:44:46,956 [WARN] ModelIntegratedComponent:63 - No mode defined for component null
2025-08-07 15:44:46,956 [WARN] ModelIntegratedComponent:63 - No mode defined for component null
2025-08-07 15:44:46,956 [WARN] ModelIntegratedComponent:63 - No mode defined for component null
2025-08-07 15:44:46,956 [WARN] ModelPack:524 - Component already loaded: STMicroelectronics:HAL Drivers:0.0.0:STMicroelectronics:Device:STMicro_Driver:XSPI:HAL::0.0.1:HAL_XSPI
2025-08-07 15:44:47,137 [WARN] ModelIntegratedComponent:63 - No mode defined for component null
2025-08-07 15:44:47,137 [WARN] ModelIntegratedComponent:63 - No mode defined for component null
2025-08-07 15:44:47,137 [WARN] ModelIntegratedComponent:63 - No mode defined for component null
2025-08-07 15:44:47,137 [WARN] ModelIntegratedComponent:63 - No mode defined for component null
2025-08-07 15:44:47,138 [WARN] ModelIntegratedComponent:63 - No mode defined for component null
2025-08-07 15:44:47,138 [WARN] ModelIntegratedComponent:63 - No mode defined for component null
2025-08-07 15:44:47,138 [WARN] ModelIntegratedComponent:63 - No mode defined for component null
2025-08-07 15:44:47,138 [WARN] ModelIntegratedComponent:63 - No mode defined for component null
2025-08-07 15:44:47,138 [WARN] ModelIntegratedComponent:63 - No mode defined for component null
2025-08-07 15:44:47,138 [WARN] ModelIntegratedComponent:63 - No mode defined for component null
2025-08-07 15:44:47,138 [WARN] ModelIntegratedComponent:63 - No mode defined for component null
2025-08-07 15:44:47,138 [WARN] ModelIntegratedComponent:63 - No mode defined for component null
2025-08-07 15:44:47,138 [WARN] ModelIntegratedComponent:63 - No mode defined for component null
2025-08-07 15:44:47,138 [WARN] ModelIntegratedComponent:63 - No mode defined for component null
2025-08-07 15:44:47,138 [WARN] ModelIntegratedComponent:63 - No mode defined for component null
2025-08-07 15:44:47,138 [WARN] ModelIntegratedComponent:63 - No mode defined for component null
2025-08-07 15:44:47,138 [WARN] ModelIntegratedComponent:63 - No mode defined for component null
2025-08-07 15:44:47,138 [WARN] ModelIntegratedComponent:63 - No mode defined for component null
2025-08-07 15:44:47,138 [WARN] ModelIntegratedComponent:63 - No mode defined for component null
2025-08-07 15:44:47,138 [WARN] ModelIntegratedComponent:63 - No mode defined for component null
2025-08-07 15:44:47,139 [WARN] ModelIntegratedComponent:63 - No mode defined for component null
2025-08-07 15:44:47,139 [WARN] ModelIntegratedComponent:63 - No mode defined for component null
2025-08-07 15:44:47,139 [WARN] ModelIntegratedComponent:63 - No mode defined for component null
2025-08-07 15:44:47,139 [WARN] ModelIntegratedComponent:63 - No mode defined for component null
2025-08-07 15:44:47,139 [WARN] ModelIntegratedComponent:63 - No mode defined for component null
2025-08-07 15:44:47,139 [WARN] ModelIntegratedComponent:63 - No mode defined for component null
2025-08-07 15:44:47,139 [WARN] ModelIntegratedComponent:63 - No mode defined for component null
2025-08-07 15:44:47,139 [WARN] ModelIntegratedComponent:63 - No mode defined for component null
2025-08-07 15:44:47,139 [WARN] ModelIntegratedComponent:63 - No mode defined for component null
2025-08-07 15:44:47,139 [WARN] ModelIntegratedComponent:63 - No mode defined for component null
2025-08-07 15:44:47,139 [WARN] ModelIntegratedComponent:63 - No mode defined for component null
2025-08-07 15:44:47,139 [WARN] ModelIntegratedComponent:63 - No mode defined for component null
2025-08-07 15:44:47,139 [WARN] ModelIntegratedComponent:63 - No mode defined for component null
2025-08-07 15:44:47,139 [WARN] ModelIntegratedComponent:63 - No mode defined for component null
2025-08-07 15:44:47,139 [WARN] ModelIntegratedComponent:63 - No mode defined for component null
2025-08-07 15:44:47,139 [WARN] ModelPack:524 - Component already loaded: STMicroelectronics:HAL Drivers:0.0.0:STMicroelectronics:Device:STMicro_Driver:XSPI:HAL::0.0.1:HAL_XSPI
2025-08-07 15:44:47,142 [INFO] RtosManager:558 - Registered RTOS mode: class=RTOS, group=ThreadX, mode=Core, owner=THREADX
2025-08-07 15:44:47,240 [WARN] ModelIntegratedComponent:63 - No mode defined for component null
2025-08-07 15:44:47,240 [WARN] ModelIntegratedComponent:63 - No mode defined for component null
2025-08-07 15:44:47,240 [WARN] ModelIntegratedComponent:63 - No mode defined for component null
2025-08-07 15:44:47,240 [WARN] ModelIntegratedComponent:63 - No mode defined for component null
2025-08-07 15:44:47,240 [WARN] ModelIntegratedComponent:63 - No mode defined for component null
2025-08-07 15:44:47,241 [WARN] ModelIntegratedComponent:63 - No mode defined for component null
2025-08-07 15:44:47,241 [WARN] ModelIntegratedComponent:63 - No mode defined for component null
2025-08-07 15:44:47,241 [WARN] ModelIntegratedComponent:63 - No mode defined for component null
2025-08-07 15:44:47,241 [WARN] ModelIntegratedComponent:63 - No mode defined for component null
2025-08-07 15:44:47,241 [WARN] ModelIntegratedComponent:63 - No mode defined for component null
2025-08-07 15:44:47,241 [WARN] ModelIntegratedComponent:63 - No mode defined for component null
2025-08-07 15:44:47,241 [WARN] ModelIntegratedComponent:63 - No mode defined for component null
2025-08-07 15:44:47,241 [WARN] ModelIntegratedComponent:63 - No mode defined for component null
2025-08-07 15:44:47,242 [WARN] ModelIntegratedComponent:63 - No mode defined for component null
2025-08-07 15:44:47,242 [WARN] ModelIntegratedComponent:63 - No mode defined for component null
2025-08-07 15:44:47,242 [WARN] ModelIntegratedComponent:63 - No mode defined for component null
2025-08-07 15:44:47,242 [WARN] ModelIntegratedComponent:63 - No mode defined for component null
2025-08-07 15:44:47,242 [WARN] ModelIntegratedComponent:63 - No mode defined for component null
2025-08-07 15:44:47,243 [WARN] ModelIntegratedComponent:63 - No mode defined for component null
2025-08-07 15:44:47,243 [WARN] ModelIntegratedComponent:63 - No mode defined for component null
2025-08-07 15:44:47,243 [WARN] ModelIntegratedComponent:63 - No mode defined for component null
2025-08-07 15:44:47,243 [WARN] ModelIntegratedComponent:63 - No mode defined for component null
2025-08-07 15:44:47,243 [WARN] ModelIntegratedComponent:63 - No mode defined for component null
2025-08-07 15:44:47,244 [WARN] ModelIntegratedComponent:63 - No mode defined for component null
2025-08-07 15:44:47,244 [WARN] ModelIntegratedComponent:63 - No mode defined for component null
2025-08-07 15:44:47,244 [WARN] ModelIntegratedComponent:63 - No mode defined for component null
2025-08-07 15:44:47,244 [WARN] ModelIntegratedComponent:63 - No mode defined for component null
2025-08-07 15:44:47,244 [WARN] ModelIntegratedComponent:63 - No mode defined for component null
2025-08-07 15:44:47,244 [WARN] ModelIntegratedComponent:63 - No mode defined for component null
2025-08-07 15:44:47,244 [WARN] ModelIntegratedComponent:63 - No mode defined for component null
2025-08-07 15:44:47,244 [WARN] ModelIntegratedComponent:63 - No mode defined for component null
2025-08-07 15:44:47,245 [WARN] ModelIntegratedComponent:63 - No mode defined for component null
2025-08-07 15:44:47,245 [WARN] ModelIntegratedComponent:63 - No mode defined for component null
2025-08-07 15:44:47,245 [WARN] ModelIntegratedComponent:63 - No mode defined for component null
2025-08-07 15:44:47,245 [WARN] ModelIntegratedComponent:63 - No mode defined for component null
2025-08-07 15:44:47,245 [WARN] ModelPack:524 - Component already loaded: STMicroelectronics:HAL Drivers:0.0.0:STMicroelectronics:Device:STMicro_Driver:XSPI:HAL::0.0.1:HAL_XSPI
2025-08-07 15:44:47,249 [INFO] RtosManager:558 - Registered RTOS mode: class=RTOS, group=ThreadX, mode=Core, owner=THREADX
2025-08-07 15:44:47,340 [WARN] ModelIntegratedComponent:63 - No mode defined for component null
2025-08-07 15:44:47,340 [WARN] ModelIntegratedComponent:63 - No mode defined for component null
2025-08-07 15:44:47,340 [WARN] ModelIntegratedComponent:63 - No mode defined for component null
2025-08-07 15:44:47,340 [WARN] ModelIntegratedComponent:63 - No mode defined for component null
2025-08-07 15:44:47,340 [WARN] ModelIntegratedComponent:63 - No mode defined for component null
2025-08-07 15:44:47,340 [WARN] ModelIntegratedComponent:63 - No mode defined for component null
2025-08-07 15:44:47,340 [WARN] ModelIntegratedComponent:63 - No mode defined for component null
2025-08-07 15:44:47,340 [WARN] ModelIntegratedComponent:63 - No mode defined for component null
2025-08-07 15:44:47,341 [WARN] ModelIntegratedComponent:63 - No mode defined for component null
2025-08-07 15:44:47,341 [WARN] ModelIntegratedComponent:63 - No mode defined for component null
2025-08-07 15:44:47,341 [WARN] ModelIntegratedComponent:63 - No mode defined for component null
2025-08-07 15:44:47,341 [WARN] ModelIntegratedComponent:63 - No mode defined for component null
2025-08-07 15:44:47,341 [WARN] ModelIntegratedComponent:63 - No mode defined for component null
2025-08-07 15:44:47,341 [WARN] ModelIntegratedComponent:63 - No mode defined for component null
2025-08-07 15:44:47,341 [WARN] ModelIntegratedComponent:63 - No mode defined for component null
2025-08-07 15:44:47,341 [WARN] ModelIntegratedComponent:63 - No mode defined for component null
2025-08-07 15:44:47,341 [WARN] ModelIntegratedComponent:63 - No mode defined for component null
2025-08-07 15:44:47,341 [WARN] ModelIntegratedComponent:63 - No mode defined for component null
2025-08-07 15:44:47,341 [WARN] ModelIntegratedComponent:63 - No mode defined for component null
2025-08-07 15:44:47,341 [WARN] ModelIntegratedComponent:63 - No mode defined for component null
2025-08-07 15:44:47,341 [WARN] ModelIntegratedComponent:63 - No mode defined for component null
2025-08-07 15:44:47,341 [WARN] ModelIntegratedComponent:63 - No mode defined for component null
2025-08-07 15:44:47,341 [WARN] ModelIntegratedComponent:63 - No mode defined for component null
2025-08-07 15:44:47,341 [WARN] ModelIntegratedComponent:63 - No mode defined for component null
2025-08-07 15:44:47,341 [WARN] ModelIntegratedComponent:63 - No mode defined for component null
2025-08-07 15:44:47,341 [WARN] ModelIntegratedComponent:63 - No mode defined for component null
2025-08-07 15:44:47,341 [WARN] ModelIntegratedComponent:63 - No mode defined for component null
2025-08-07 15:44:47,341 [WARN] ModelIntegratedComponent:63 - No mode defined for component null
2025-08-07 15:44:47,341 [WARN] ModelIntegratedComponent:63 - No mode defined for component null
2025-08-07 15:44:47,341 [WARN] ModelIntegratedComponent:63 - No mode defined for component null
2025-08-07 15:44:47,341 [WARN] ModelIntegratedComponent:63 - No mode defined for component null
2025-08-07 15:44:47,341 [WARN] ModelIntegratedComponent:63 - No mode defined for component null
2025-08-07 15:44:47,341 [WARN] ModelIntegratedComponent:63 - No mode defined for component null
2025-08-07 15:44:47,341 [WARN] ModelIntegratedComponent:63 - No mode defined for component null
2025-08-07 15:44:47,341 [WARN] ModelIntegratedComponent:63 - No mode defined for component null
2025-08-07 15:44:47,342 [WARN] ModelPack:524 - Component already loaded: STMicroelectronics:HAL Drivers:0.0.0:STMicroelectronics:Device:STMicro_Driver:XSPI:HAL::0.0.1:HAL_XSPI
2025-08-07 15:44:47,345 [INFO] RtosManager:558 - Registered RTOS mode: class=RTOS, group=ThreadX, mode=Core, owner=THREADX
2025-08-07 15:44:47,437 [INFO] ThirdPartyModel:298 - Start build external matchings
2025-08-07 15:44:47,715 [INFO] ThirdPartyModel:316 - End build external matchings
2025-08-07 15:44:47,723 [INFO] ThirdPartyModel:298 - Start build external matchings
2025-08-07 15:44:47,957 [INFO] ThirdPartyModel:316 - End build external matchings
2025-08-07 15:44:47,961 [INFO] ThirdPartyModel:298 - Start build external matchings
2025-08-07 15:44:48,217 [INFO] ThirdPartyModel:316 - End build external matchings
2025-08-07 15:44:48,220 [INFO] ThirdPartyModel:298 - Start build external matchings
2025-08-07 15:44:48,427 [INFO] ThirdPartyModel:316 - End build external matchings
2025-08-07 15:44:48,433 [WARN] IP:2250 - RefParam_LRUN_SRC_memory not found: check if there is a RefParameter without a condition.
2025-08-07 15:44:48,433 [WARN] IP:2250 - RefParam_LRUN_SRC_offset not found: check if there is a RefParameter without a condition.
2025-08-07 15:44:48,433 [WARN] IP:2250 - RefParam_LRUN_SRC_size not found: check if there is a RefParameter without a condition.
2025-08-07 15:44:48,433 [WARN] IP:2250 - RefParam_LRUN_DEST_memory not found: check if there is a RefParameter without a condition.
2025-08-07 15:44:48,433 [WARN] IP:2250 - RefParam_LRUN_DEST_offset not found: check if there is a RefParameter without a condition.
2025-08-07 15:44:48,433 [WARN] IP:2250 - RefParam_MEMORY_1_Size not found: check if there is a RefParameter without a condition.
2025-08-07 15:44:48,433 [WARN] IP:2250 - RefParam_MEMORY_1_FreqMax not found: check if there is a RefParameter without a condition.
2025-08-07 15:44:48,433 [WARN] IP:2250 - RefParam_MEMORY_1_ReadReg not found: check if there is a RefParameter without a condition.
2025-08-07 15:44:48,433 [WARN] IP:2250 - RefParam_MEMORY_1_WriteReg not found: check if there is a RefParameter without a condition.
2025-08-07 15:44:48,433 [WARN] IP:2250 - RefParam_MEMORY_1_RegSize not found: check if there is a RefParameter without a condition.
2025-08-07 15:44:48,433 [WARN] IP:2250 - RefParam_MEMORY_1_RegDummyCycle not found: check if there is a RefParameter without a condition.
2025-08-07 15:44:48,433 [WARN] IP:2250 - RefParam_MEMORY_1_WriteCommand not found: check if there is a RefParameter without a condition.
2025-08-07 15:44:48,433 [WARN] IP:2250 - RefParam_MEMORY_1_WriteDummyCycle not found: check if there is a RefParameter without a condition.
2025-08-07 15:44:48,433 [WARN] IP:2250 - RefParam_MEMORY_1_ReadCommand not found: check if there is a RefParameter without a condition.
2025-08-07 15:44:48,433 [WARN] IP:2250 - RefParam_MEMORY_1_WrapReadCommand not found: check if there is a RefParameter without a condition.
2025-08-07 15:44:48,433 [WARN] IP:2250 - RefParam_MEMORY_1_ReadDummyCycle not found: check if there is a RefParameter without a condition.
2025-08-07 15:44:48,433 [WARN] IP:2250 - RefParam_MEMORY_1_NumberOfConfig not found: check if there is a RefParameter without a condition.
2025-08-07 15:44:48,433 [WARN] IP:2250 - RefParam_MEMORY_1_Config1_WriteMask not found: check if there is a RefParameter without a condition.
2025-08-07 15:44:48,433 [WARN] IP:2250 - RefParam_MEMORY_1_Config1_WriteValue not found: check if there is a RefParameter without a condition.
2025-08-07 15:44:48,433 [WARN] IP:2250 - RefParam_MEMORY_1_Config1_RegAddress not found: check if there is a RefParameter without a condition.
2025-08-07 15:44:48,433 [WARN] IP:2250 - RefParam_MEMORY_1_Config2_WriteMask not found: check if there is a RefParameter without a condition.
2025-08-07 15:44:48,433 [WARN] IP:2250 - RefParam_MEMORY_1_Config2_WriteValue not found: check if there is a RefParameter without a condition.
2025-08-07 15:44:48,433 [WARN] IP:2250 - RefParam_MEMORY_1_Config2_RegAddress not found: check if there is a RefParameter without a condition.
2025-08-07 15:44:48,433 [WARN] IP:2250 - RefParam_MEMORY_1_Config3_WriteMask not found: check if there is a RefParameter without a condition.
2025-08-07 15:44:48,433 [WARN] IP:2250 - RefParam_MEMORY_1_Config3_WriteValue not found: check if there is a RefParameter without a condition.
2025-08-07 15:44:48,433 [WARN] IP:2250 - RefParam_MEMORY_1_Config3_RegAddress not found: check if there is a RefParameter without a condition.
2025-08-07 15:44:48,433 [WARN] IP:2250 - RefParam_MEMORY_2_Instance not found: check if there is a RefParameter without a condition.
2025-08-07 15:44:48,433 [WARN] IP:2250 - RefParam_MEMORY_2_ConfigType not found: check if there is a RefParameter without a condition.
2025-08-07 15:44:48,433 [WARN] IP:2250 - RefParam_MEMORY_2_Size not found: check if there is a RefParameter without a condition.
2025-08-07 15:44:48,433 [WARN] IP:2250 - RefParam_MEMORY_2_FreqMax not found: check if there is a RefParameter without a condition.
2025-08-07 15:44:48,433 [WARN] IP:2250 - RefParam_MEMORY_2_ReadReg not found: check if there is a RefParameter without a condition.
2025-08-07 15:44:48,433 [WARN] IP:2250 - RefParam_MEMORY_2_WriteReg not found: check if there is a RefParameter without a condition.
2025-08-07 15:44:48,433 [WARN] IP:2250 - RefParam_MEMORY_2_RegSize not found: check if there is a RefParameter without a condition.
2025-08-07 15:44:48,433 [WARN] IP:2250 - RefParam_MEMORY_2_RegDummyCycle not found: check if there is a RefParameter without a condition.
2025-08-07 15:44:48,433 [WARN] IP:2250 - RefParam_MEMORY_2_WriteCommand not found: check if there is a RefParameter without a condition.
2025-08-07 15:44:48,433 [WARN] IP:2250 - RefParam_MEMORY_2_WriteDummyCycle not found: check if there is a RefParameter without a condition.
2025-08-07 15:44:48,433 [WARN] IP:2250 - RefParam_MEMORY_2_ReadCommand not found: check if there is a RefParameter without a condition.
2025-08-07 15:44:48,435 [WARN] IP:2250 - RefParam_MEMORY_2_WrapReadCommand not found: check if there is a RefParameter without a condition.
2025-08-07 15:44:48,435 [WARN] IP:2250 - RefParam_MEMORY_2_ReadDummyCycle not found: check if there is a RefParameter without a condition.
2025-08-07 15:44:48,435 [WARN] IP:2250 - RefParam_MEMORY_2_NumberOfConfig not found: check if there is a RefParameter without a condition.
2025-08-07 15:44:48,435 [WARN] IP:2250 - RefParam_MEMORY_2_Config1_WriteMask not found: check if there is a RefParameter without a condition.
2025-08-07 15:44:48,435 [WARN] IP:2250 - RefParam_MEMORY_2_Config1_WriteValue not found: check if there is a RefParameter without a condition.
2025-08-07 15:44:48,435 [WARN] IP:2250 - RefParam_MEMORY_2_Config1_RegAddress not found: check if there is a RefParameter without a condition.
2025-08-07 15:44:48,435 [WARN] IP:2250 - RefParam_MEMORY_2_Config2_WriteMask not found: check if there is a RefParameter without a condition.
2025-08-07 15:44:48,435 [WARN] IP:2250 - RefParam_MEMORY_2_Config2_WriteValue not found: check if there is a RefParameter without a condition.
2025-08-07 15:44:48,435 [WARN] IP:2250 - RefParam_MEMORY_2_Config2_RegAddress not found: check if there is a RefParameter without a condition.
2025-08-07 15:44:48,435 [WARN] IP:2250 - RefParam_MEMORY_2_Config3_WriteMask not found: check if there is a RefParameter without a condition.
2025-08-07 15:44:48,435 [WARN] IP:2250 - RefParam_MEMORY_2_Config3_WriteValue not found: check if there is a RefParameter without a condition.
2025-08-07 15:44:48,435 [WARN] IP:2250 - RefParam_MEMORY_2_Config3_RegAddress not found: check if there is a RefParameter without a condition.
2025-08-07 15:44:48,462 [INFO] ImportTextPane:234 - (OptionalMessage_ERROR) IP (RIF) : Invalid parameter ()
2025-08-07 15:44:48,462 [INFO] ImportTextPane:234 - (OptionalMessage_ERROR) IP (RIF) : Invalid parameter ()
2025-08-07 15:44:48,462 [INFO] ImportTextPane:234 - (OptionalMessage_ERROR) IP (RIF) : Invalid parameter ()
2025-08-07 15:44:48,462 [INFO] ImportTextPane:234 - (OptionalMessage_ERROR) IP (RIF) : Invalid parameter ()
2025-08-07 15:44:48,463 [INFO] ImportTextPane:234 - (OptionalMessage_ERROR) IP (RIF) : Invalid parameter ()
2025-08-07 15:44:48,679 [INFO] UtilMem:75 - End LoadConfig() Used Memory: 579354360 Bytes (1073741824)
2025-08-07 15:44:48,708 [WARN] ThirdParty:833 - waiting for thirdparty lock release [change project]
2025-08-07 15:44:48,709 [INFO] ThirdParty:835 - entering critical section [change project]
2025-08-07 15:44:48,709 [INFO] ThirdParty:1030 - CMSIS Pack Vendor :STMicroelectronics X-CUBE-PM33A1 1.0.0
2025-08-07 15:44:48,709 [INFO] ThirdParty:1030 - CMSIS Pack Vendor :STMicroelectronics USBPD 4.1
2025-08-07 15:44:48,709 [INFO] ThirdParty:1030 - CMSIS Pack Vendor :STMicroelectronics X-CUBE-NFC9 1.0.0
2025-08-07 15:44:48,709 [INFO] ThirdParty:1030 - CMSIS Pack Vendor :wolfSSL I-CUBE-wolfSSL 5.8.0
2025-08-07 15:44:48,709 [INFO] ThirdParty:1030 - CMSIS Pack Vendor :STMicroelectronics USB_HOST 2.0.0
2025-08-07 15:44:48,709 [INFO] ThirdParty:1030 - CMSIS Pack Vendor :STMicroelectronics FP-SNS-MOTENVWB1 1.4.0
2025-08-07 15:44:48,709 [INFO] ThirdParty:1030 - CMSIS Pack Vendor :STMicroelectronics X-CUBE-AZRTOS-F4 1.1.0
2025-08-07 15:44:48,709 [INFO] ThirdParty:1030 - CMSIS Pack Vendor :STMicroelectronics LIBJPEG 8.0.0
2025-08-07 15:44:48,709 [INFO] ThirdParty:1030 - CMSIS Pack Vendor :STMicroelectronics FP-ATR-ASTRA1 2.0.2
2025-08-07 15:44:48,709 [INFO] ThirdParty:1030 - CMSIS Pack Vendor :STMicroelectronics X-CUBE-BLE1 7.1.0
2025-08-07 15:44:48,709 [INFO] ThirdParty:1030 - CMSIS Pack Vendor :Avnet-IotConnect X-CUBE-IoTC-DA16k-PMOD 1.0.0
2025-08-07 15:44:48,709 [INFO] ThirdParty:1030 - CMSIS Pack Vendor :STMicroelectronics X-CUBE-SMBUS 2.1.0
2025-08-07 15:44:48,709 [INFO] ThirdParty:1030 - CMSIS Pack Vendor :wolfSSL I-CUBE-wolfMQTT 1.19.2
2025-08-07 15:44:48,709 [INFO] ThirdParty:1030 - CMSIS Pack Vendor :STMicroelectronics USB_DEVICE 3.0.0
2025-08-07 15:44:48,709 [INFO] ThirdParty:1030 - CMSIS Pack Vendor :STMicroelectronics X-CUBE-ISPU 2.1.0
2025-08-07 15:44:48,709 [INFO] ThirdParty:1030 - CMSIS Pack Vendor :STMicroelectronics X-CUBE-EEPRMA1 5.2.0
2025-08-07 15:44:48,709 [INFO] ThirdParty:1030 - CMSIS Pack Vendor :STMicroelectronics X-CUBE-BLEMGR 4.1.0
2025-08-07 15:44:48,709 [INFO] ThirdParty:1030 - CMSIS Pack Vendor :STMicroelectronics X-CUBE-AZRTOS-WB 2.0.0
2025-08-07 15:44:48,709 [INFO] ThirdParty:1030 - CMSIS Pack Vendor :STMicroelectronics X-CUBE-ST60 1.0.0
2025-08-07 15:44:48,709 [INFO] ThirdParty:1030 - CMSIS Pack Vendor :STMicroelectronics X-CUBE-GNSS1 7.0.1
2025-08-07 15:44:48,709 [INFO] ThirdParty:1030 - CMSIS Pack Vendor :STMicroelectronics X-CUBE-NFC12 1.0.0
2025-08-07 15:44:48,709 [INFO] ThirdParty:1030 - CMSIS Pack Vendor :STMicroelectronics X-CUBE-AZRTOS-F7 1.1.0
2025-08-07 15:44:48,709 [INFO] ThirdParty:1030 - CMSIS Pack Vendor :STMicroelectronics X-CUBE-AZRTOS-L5 2.0.0
2025-08-07 15:44:48,709 [INFO] ThirdParty:1030 - CMSIS Pack Vendor :STMicroelectronics X-CUBE-TOUCHGFX 4.25.0
2025-08-07 15:44:48,709 [INFO] ThirdParty:1030 - CMSIS Pack Vendor :STMicroelectronics USB_DEVICE 2.0.0
2025-08-07 15:44:48,709 [INFO] ThirdParty:1030 - CMSIS Pack Vendor :STMicroelectronics X-CUBE-NFC6 3.1.0
2025-08-07 15:44:48,709 [INFO] ThirdParty:1030 - CMSIS Pack Vendor :STMicroelectronics X-CUBE-AI 10.1.0
2025-08-07 15:44:48,709 [INFO] ThirdParty:1030 - CMSIS Pack Vendor :STMicroelectronics FP-SNS-STBOX1 2.0.0
2025-08-07 15:44:48,709 [INFO] ThirdParty:1030 - CMSIS Pack Vendor :quantropi X-CUBE-qispace-sdk-base 2.1.0
2025-08-07 15:44:48,709 [INFO] ThirdParty:1030 - CMSIS Pack Vendor :STMicroelectronics FreeRTOS 0.0.1
2025-08-07 15:44:48,709 [INFO] ThirdParty:1030 - CMSIS Pack Vendor :STMicroelectronics X-CUBE-AZRTOS-G0 1.1.0
2025-08-07 15:44:48,709 [INFO] ThirdParty:1030 - CMSIS Pack Vendor :STMicroelectronics X-CUBE-SAFEA1 1.2.2
2025-08-07 15:44:48,709 [INFO] ThirdParty:1030 - CMSIS Pack Vendor :STMicroelectronics X-CUBE-NFC4 3.0.0
2025-08-07 15:44:48,709 [INFO] ThirdParty:1030 - CMSIS Pack Vendor :STMicroelectronics X-CUBE-SUBG2 5.0.0
2025-08-07 15:44:48,709 [INFO] ThirdParty:1030 - CMSIS Pack Vendor :STMicroelectronics X-CUBE-AZRTOS-H7RS 1.1.0
2025-08-07 15:44:48,709 [INFO] ThirdParty:1030 - CMSIS Pack Vendor :STMicroelectronics STM32_WPAN 1.0.0
2025-08-07 15:44:48,709 [INFO] ThirdParty:1030 - CMSIS Pack Vendor :EmbeddedOffice I-CUBE-FS-RTOS 1.0.1
2025-08-07 15:44:48,709 [INFO] ThirdParty:1030 - CMSIS Pack Vendor :STMicroelectronics lwIP 2.0.3
2025-08-07 15:44:48,709 [INFO] ThirdParty:1030 - CMSIS Pack Vendor :Cesanta I-CUBE-Mongoose 7.13.0
2025-08-07 15:44:48,709 [INFO] ThirdParty:1030 - CMSIS Pack Vendor :STMicroelectronics USB_HOST 1.0.0
2025-08-07 15:44:48,709 [INFO] ThirdParty:1030 - CMSIS Pack Vendor :Infineon AIROC-Wi-Fi-Bluetooth-STM32 1.7.1
2025-08-07 15:44:48,710 [INFO] ThirdParty:1030 - CMSIS Pack Vendor :STMicroelectronics X-CUBE-AZRTOS-G4 2.0.0
2025-08-07 15:44:48,710 [INFO] ThirdParty:1030 - CMSIS Pack Vendor :STMicroelectronics X-CUBE-WB05N 2.0.0
2025-08-07 15:44:48,710 [INFO] ThirdParty:1030 - CMSIS Pack Vendor :STMicroelectronics PDM2PCM 3.1.0
2025-08-07 15:44:48,710 [INFO] ThirdParty:1030 - CMSIS Pack Vendor :STMicroelectronics PDM2PCM 3.3.0
2025-08-07 15:44:48,710 [INFO] ThirdParty:1030 - CMSIS Pack Vendor :wolfSSL I-CUBE-wolfTPM 3.8.0
2025-08-07 15:44:48,710 [INFO] ThirdParty:1030 - CMSIS Pack Vendor :STMicroelectronics X-CUBE-AZRTOS-H7 3.4.0
2025-08-07 15:44:48,710 [INFO] ThirdParty:1030 - CMSIS Pack Vendor :STMicroelectronics X-CUBE-DISPLAY 3.0.0
2025-08-07 15:44:48,710 [INFO] ThirdParty:1030 - CMSIS Pack Vendor :wolfSSL I-CUBE-wolfSSH 1.4.20
2025-08-07 15:44:48,710 [INFO] ThirdParty:1030 - CMSIS Pack Vendor :STMicroelectronics X-CUBE-NFC7 2.0.0
2025-08-07 15:44:48,710 [INFO] ThirdParty:1030 - CMSIS Pack Vendor :STMicroelectronics X-CUBE-TCPP 4.2.0
2025-08-07 15:44:48,710 [INFO] ThirdParty:1030 - CMSIS Pack Vendor :RealThread X-CUBE-RT-Thread_Nano 4.1.1
2025-08-07 15:44:48,710 [INFO] ThirdParty:1030 - CMSIS Pack Vendor :STMicroelectronics FP-ATR-SIGFOX1 3.2.0
2025-08-07 15:44:48,710 [INFO] ThirdParty:1030 - CMSIS Pack Vendor :STMicroelectronics X-CUBE-NFC10 1.0.0
2025-08-07 15:44:48,710 [INFO] ThirdParty:1030 - CMSIS Pack Vendor :STMicroelectronics X-CUBE-FREERTOS 1.3.1
2025-08-07 15:44:48,710 [INFO] ThirdParty:1030 - CMSIS Pack Vendor :STMicroelectronics HAL Drivers 0.0.0
2025-08-07 15:44:48,710 [INFO] ThirdParty:1030 - CMSIS Pack Vendor :STMicroelectronics MBEDTLS 2.16.2
2025-08-07 15:44:48,710 [INFO] ThirdParty:1030 - CMSIS Pack Vendor :STMicroelectronics X-CUBE-IPS 3.1.0
2025-08-07 15:44:48,710 [INFO] ThirdParty:1030 - CMSIS Pack Vendor :STMicroelectronics X-CUBE-ALS 1.0.2
2025-08-07 15:44:48,710 [INFO] ThirdParty:1030 - CMSIS Pack Vendor :emotas I-CUBE-CANOPEN 1.3.0
2025-08-07 15:44:48,710 [INFO] ThirdParty:1030 - CMSIS Pack Vendor :STMicroelectronics MBEDTLS 2.14.1
2025-08-07 15:44:48,710 [INFO] ThirdParty:1030 - CMSIS Pack Vendor :ITTIA_DB I-CUBE-ITTIADB 8.9.0
2025-08-07 15:44:48,710 [INFO] ThirdParty:1030 - CMSIS Pack Vendor :portGmbH I-Cube-SoM-uGOAL 1.1.0
2025-08-07 15:44:48,710 [INFO] ThirdParty:1030 - CMSIS Pack Vendor :STMicroelectronics X-CUBE-ST67W61 1.0.0
2025-08-07 15:44:48,710 [INFO] ThirdParty:1030 - CMSIS Pack Vendor :STMicroelectronics FP-SNS-STBOX1 2.1.0
2025-08-07 15:44:48,710 [INFO] ThirdParty:1030 - CMSIS Pack Vendor :STMicroelectronics X-CUBE-AI 10.2.0
2025-08-07 15:44:48,710 [INFO] ThirdParty:1030 - CMSIS Pack Vendor :STMicroelectronics FP-SNS-STAIOTCFT 1.0.0
2025-08-07 15:44:48,710 [INFO] ThirdParty:1030 - CMSIS Pack Vendor :STMicroelectronics ThreadX 1.0.0
2025-08-07 15:44:48,710 [INFO] ThirdParty:1030 - CMSIS Pack Vendor :STMicroelectronics FP-SNS-SMARTAG2 1.2.0
2025-08-07 15:44:48,710 [INFO] ThirdParty:1030 - CMSIS Pack Vendor :STMicroelectronics FP-SNS-FLIGHT1 5.1.0
2025-08-07 15:44:48,710 [INFO] ThirdParty:1030 - CMSIS Pack Vendor :STMicroelectronics X-CUBE-AZRTOS-WL 2.0.0
2025-08-07 15:44:48,710 [INFO] ThirdParty:1030 - CMSIS Pack Vendor :SEGGER I-CUBE-embOS 1.3.1
2025-08-07 15:44:48,710 [INFO] ThirdParty:1030 - CMSIS Pack Vendor :STMicroelectronics X-CUBE-ALGOBUILD 1.4.0
2025-08-07 15:44:48,710 [INFO] ThirdParty:1030 - CMSIS Pack Vendor :STMicroelectronics X-CUBE-DPower 1.3.0
2025-08-07 15:44:48,710 [INFO] ThirdParty:1030 - CMSIS Pack Vendor :STMicroelectronics X-CUBE-MEMS1 11.3.0
2025-08-07 15:44:48,710 [INFO] ThirdParty:1030 - CMSIS Pack Vendor :STMicroelectronics FP-SNS-MOTENV1 5.0.0
2025-08-07 15:44:48,710 [INFO] ThirdParty:1030 - CMSIS Pack Vendor :STMicroelectronics USB_DEVICE 1.0.0
2025-08-07 15:44:48,710 [INFO] ThirdParty:1030 - CMSIS Pack Vendor :STMicroelectronics X-CUBE-AZRTOS-L4 2.0.0
2025-08-07 15:44:48,710 [INFO] ThirdParty:1030 - CMSIS Pack Vendor :STMicroelectronics ThreadX 0.0.2
2025-08-07 15:44:48,710 [INFO] ThirdParty:1030 - CMSIS Pack Vendor :WES I-CUBE-Cesium 1.3.0
2025-08-07 15:44:48,710 [INFO] ThirdParty:1030 - CMSIS Pack Vendor :STMicroelectronics lwIP 2.1.2
2025-08-07 15:44:48,710 [INFO] ThirdParty:1030 - CMSIS Pack Vendor :STMicroelectronics X-CUBE-SFXS2LP1 4.0.0
2025-08-07 15:44:48,710 [INFO] ThirdParty:1030 - CMSIS Pack Vendor :STMicroelectronics X-CUBE-BLE2 3.3.0
2025-08-07 15:44:48,710 [INFO] ThirdParty:1030 - CMSIS Pack Vendor :STMicroelectronics X-CUBE-TOF1 3.4.3
2025-08-07 15:44:48,710 [INFO] ThirdParty:1030 - CMSIS Pack Vendor :STMicroelectronics PDM2PCM 3.2.0
2025-08-07 15:44:48,710 [INFO] ThirdParty:841 - exiting critical section [change project]
2025-08-07 15:44:49,476 [INFO] PinOutPanel:1589 - setPackage(No Configuration,No Configuration)
2025-08-07 15:44:49,477 [INFO] PinOutPanel:1589 - setPackage(STM32N657X0HxQ,VFBGA264)
2025-08-07 15:44:50,265 [INFO] UtilMem:75 - Before build in PCC Used Memory: 750615216 Bytes (1073741824)
2025-08-07 15:44:50,626 [INFO] UtilMem:75 - After build in PCC Used Memory: 808813232 Bytes (1073741824)
2025-08-07 15:44:50,641 [INFO] ApiDbMcu:532 - Load IP Config File for EXTMEM_MANAGER
2025-08-07 15:44:50,671 [INFO] IPUIPlugin:80 - create IPUIPlugin
2025-08-07 15:44:50,671 [INFO] IPUIPlugin:80 - create IPUIPlugin
2025-08-07 15:44:50,671 [INFO] IPUIPlugin:80 - create IPUIPlugin
2025-08-07 15:44:50,671 [INFO] IPUIPlugin:80 - create IPUIPlugin
2025-08-07 15:44:50,671 [INFO] IPUIPlugin:80 - create IPUIPlugin
2025-08-07 15:44:50,671 [INFO] IPUIPlugin:80 - create IPUIPlugin
2025-08-07 15:44:50,672 [INFO] IPUIPlugin:80 - create IPUIPlugin
2025-08-07 15:44:50,672 [INFO] IPUIPlugin:80 - create IPUIPlugin
2025-08-07 15:44:50,672 [INFO] IPUIPlugin:80 - create IPUIPlugin
2025-08-07 15:44:50,672 [INFO] IPUIPlugin:80 - create IPUIPlugin
2025-08-07 15:44:50,672 [INFO] IPUIPlugin:80 - create IPUIPlugin
2025-08-07 15:44:50,672 [INFO] IPUIPlugin:80 - create IPUIPlugin
2025-08-07 15:44:50,672 [INFO] IPUIPlugin:80 - create IPUIPlugin
2025-08-07 15:44:50,672 [INFO] IPUIPlugin:80 - create IPUIPlugin
2025-08-07 15:44:50,672 [INFO] IPUIPlugin:80 - create IPUIPlugin
2025-08-07 15:44:50,672 [INFO] IPUIPlugin:80 - create IPUIPlugin
2025-08-07 15:44:50,672 [INFO] IPUIPlugin:80 - create IPUIPlugin
2025-08-07 15:44:50,672 [INFO] IPUIPlugin:80 - create IPUIPlugin
2025-08-07 15:44:50,673 [INFO] IPUIPlugin:80 - create IPUIPlugin
2025-08-07 15:44:50,673 [INFO] IPUIPlugin:80 - create IPUIPlugin
2025-08-07 15:44:50,673 [INFO] IPUIPlugin:80 - create IPUIPlugin
2025-08-07 15:44:50,673 [INFO] IPUIPlugin:80 - create IPUIPlugin
2025-08-07 15:44:50,673 [INFO] IPUIPlugin:80 - create IPUIPlugin
2025-08-07 15:44:50,673 [INFO] IPUIPlugin:80 - create IPUIPlugin
2025-08-07 15:44:50,673 [INFO] IPUIPlugin:80 - create IPUIPlugin
2025-08-07 15:44:50,673 [INFO] IPUIPlugin:80 - create IPUIPlugin
2025-08-07 15:44:50,673 [INFO] IPUIPlugin:80 - create IPUIPlugin
2025-08-07 15:44:50,674 [INFO] IPUIPlugin:80 - create IPUIPlugin
2025-08-07 15:44:50,674 [INFO] IPUIPlugin:80 - create IPUIPlugin
2025-08-07 15:44:50,674 [INFO] IPUIPlugin:80 - create IPUIPlugin
2025-08-07 15:44:50,674 [INFO] IPUIPlugin:80 - create IPUIPlugin
2025-08-07 15:44:50,674 [INFO] IPUIPlugin:80 - create IPUIPlugin
2025-08-07 15:44:50,674 [INFO] IPUIPlugin:80 - create IPUIPlugin
2025-08-07 15:44:50,674 [INFO] IPUIPlugin:80 - create IPUIPlugin
2025-08-07 15:44:50,674 [INFO] IPUIPlugin:80 - create IPUIPlugin
2025-08-07 15:44:50,674 [INFO] IPUIPlugin:80 - create IPUIPlugin
2025-08-07 15:44:50,675 [INFO] IPUIPlugin:80 - create IPUIPlugin
2025-08-07 15:44:50,675 [INFO] IPUIPlugin:80 - create IPUIPlugin
2025-08-07 15:44:50,675 [INFO] IPUIPlugin:80 - create IPUIPlugin
2025-08-07 15:44:50,675 [INFO] IPUIPlugin:80 - create IPUIPlugin
2025-08-07 15:44:50,675 [INFO] IPUIPlugin:80 - create IPUIPlugin
2025-08-07 15:44:50,675 [INFO] IPUIPlugin:80 - create IPUIPlugin
2025-08-07 15:44:50,675 [INFO] IPUIPlugin:80 - create IPUIPlugin
2025-08-07 15:44:50,675 [INFO] IPUIPlugin:80 - create IPUIPlugin
2025-08-07 15:44:50,675 [INFO] IPUIPlugin:80 - create IPUIPlugin
2025-08-07 15:44:50,675 [INFO] IPUIPlugin:80 - create IPUIPlugin
2025-08-07 15:44:50,675 [INFO] IPUIPlugin:80 - create IPUIPlugin
2025-08-07 15:44:50,676 [INFO] IPUIPlugin:80 - create IPUIPlugin
2025-08-07 15:44:50,676 [INFO] IPUIPlugin:80 - create IPUIPlugin
2025-08-07 15:44:50,676 [INFO] IPUIPlugin:80 - create IPUIPlugin
2025-08-07 15:44:50,676 [INFO] IPUIPlugin:80 - create IPUIPlugin
2025-08-07 15:44:50,676 [INFO] IPUIPlugin:80 - create IPUIPlugin
2025-08-07 15:44:50,676 [INFO] IPUIPlugin:80 - create IPUIPlugin
2025-08-07 15:44:50,677 [INFO] IPUIPlugin:80 - create IPUIPlugin
2025-08-07 15:44:50,677 [INFO] IPUIPlugin:80 - create IPUIPlugin
2025-08-07 15:44:50,677 [INFO] IPUIPlugin:80 - create IPUIPlugin
2025-08-07 15:44:50,677 [INFO] IPUIPlugin:80 - create IPUIPlugin
2025-08-07 15:44:50,677 [INFO] IPUIPlugin:80 - create IPUIPlugin
2025-08-07 15:44:50,678 [INFO] IPUIPlugin:80 - create IPUIPlugin
2025-08-07 15:44:50,678 [INFO] IPUIPlugin:80 - create IPUIPlugin
2025-08-07 15:44:50,678 [INFO] IPUIPlugin:80 - create IPUIPlugin
2025-08-07 15:44:50,678 [INFO] IPUIPlugin:80 - create IPUIPlugin
2025-08-07 15:44:50,678 [INFO] IPUIPlugin:80 - create IPUIPlugin
2025-08-07 15:44:50,678 [INFO] IPUIPlugin:80 - create IPUIPlugin
2025-08-07 15:44:50,679 [INFO] IPUIPlugin:80 - create IPUIPlugin
2025-08-07 15:44:50,679 [INFO] IPUIPlugin:80 - create IPUIPlugin
2025-08-07 15:44:50,679 [INFO] IPUIPlugin:80 - create IPUIPlugin
2025-08-07 15:44:50,679 [INFO] IPUIPlugin:80 - create IPUIPlugin
2025-08-07 15:44:50,679 [INFO] IPUIPlugin:80 - create IPUIPlugin
2025-08-07 15:44:50,680 [INFO] IPUIPlugin:80 - create IPUIPlugin
2025-08-07 15:44:50,680 [INFO] IPUIPlugin:80 - create IPUIPlugin
2025-08-07 15:44:50,680 [INFO] IPUIPlugin:80 - create IPUIPlugin
2025-08-07 15:44:50,680 [INFO] IPUIPlugin:80 - create IPUIPlugin
2025-08-07 15:44:50,680 [INFO] IPUIPlugin:80 - create IPUIPlugin
2025-08-07 15:44:50,681 [INFO] IPUIPlugin:80 - create IPUIPlugin
2025-08-07 15:44:50,681 [INFO] IPUIPlugin:80 - create IPUIPlugin
2025-08-07 15:44:50,681 [INFO] IPUIPlugin:80 - create IPUIPlugin
2025-08-07 15:44:50,681 [INFO] IPUIPlugin:80 - create IPUIPlugin
2025-08-07 15:44:50,681 [INFO] IPUIPlugin:80 - create IPUIPlugin
2025-08-07 15:44:50,682 [INFO] IPUIPlugin:80 - create IPUIPlugin
2025-08-07 15:44:50,682 [INFO] IPUIPlugin:80 - create IPUIPlugin
2025-08-07 15:44:50,682 [INFO] IPUIPlugin:80 - create IPUIPlugin
2025-08-07 15:44:50,682 [INFO] IPUIPlugin:80 - create IPUIPlugin
2025-08-07 15:44:50,683 [INFO] IPUIPlugin:80 - create IPUIPlugin
2025-08-07 15:44:50,683 [INFO] IPUIPlugin:80 - create IPUIPlugin
2025-08-07 15:44:50,683 [INFO] IPUIPlugin:80 - create IPUIPlugin
2025-08-07 15:44:50,683 [INFO] IPUIPlugin:80 - create IPUIPlugin
2025-08-07 15:44:50,683 [INFO] IPUIPlugin:80 - create IPUIPlugin
2025-08-07 15:44:50,683 [INFO] IPUIPlugin:80 - create IPUIPlugin
2025-08-07 15:44:50,684 [INFO] IPUIPlugin:80 - create IPUIPlugin
2025-08-07 15:44:50,684 [INFO] IPUIPlugin:80 - create IPUIPlugin
2025-08-07 15:44:50,684 [INFO] IPUIPlugin:80 - create IPUIPlugin
2025-08-07 15:44:50,685 [INFO] IPUIPlugin:80 - create IPUIPlugin
2025-08-07 15:44:50,685 [INFO] IPUIPlugin:80 - create IPUIPlugin
2025-08-07 15:44:50,685 [INFO] IPUIPlugin:80 - create IPUIPlugin
2025-08-07 15:44:50,687 [INFO] IPUIPlugin:80 - create IPUIPlugin
2025-08-07 15:44:50,687 [INFO] IPUIPlugin:80 - create IPUIPlugin
2025-08-07 15:44:50,688 [INFO] IPUIPlugin:80 - create IPUIPlugin
2025-08-07 15:44:50,688 [INFO] IPUIPlugin:80 - create IPUIPlugin
2025-08-07 15:44:50,688 [INFO] IPUIPlugin:80 - create IPUIPlugin
2025-08-07 15:44:50,688 [INFO] IPUIPlugin:80 - create IPUIPlugin
2025-08-07 15:44:50,689 [INFO] IPUIPlugin:80 - create IPUIPlugin
2025-08-07 15:44:50,689 [INFO] IPUIPlugin:80 - create IPUIPlugin
2025-08-07 15:44:50,689 [INFO] IPUIPlugin:80 - create IPUIPlugin
2025-08-07 15:44:50,689 [INFO] IPUIPlugin:80 - create IPUIPlugin
2025-08-07 15:44:50,689 [INFO] IPUIPlugin:80 - create IPUIPlugin
2025-08-07 15:44:50,690 [INFO] IPUIPlugin:80 - create IPUIPlugin
2025-08-07 15:44:50,690 [INFO] IPUIPlugin:80 - create IPUIPlugin
2025-08-07 15:44:50,690 [INFO] IPUIPlugin:80 - create IPUIPlugin
2025-08-07 15:44:50,690 [INFO] IPUIPlugin:80 - create IPUIPlugin
2025-08-07 15:44:50,691 [INFO] IPUIPlugin:80 - create IPUIPlugin
2025-08-07 15:44:50,691 [INFO] IPUIPlugin:80 - create IPUIPlugin
2025-08-07 15:44:50,691 [INFO] IPUIPlugin:80 - create IPUIPlugin
2025-08-07 15:44:50,692 [INFO] IPUIPlugin:80 - create IPUIPlugin
2025-08-07 15:44:50,692 [INFO] IPUIPlugin:80 - create IPUIPlugin
2025-08-07 15:44:50,692 [INFO] IPUIPlugin:80 - create IPUIPlugin
2025-08-07 15:44:50,693 [INFO] IPUIPlugin:80 - create IPUIPlugin
2025-08-07 15:44:50,693 [INFO] IPUIPlugin:80 - create IPUIPlugin
2025-08-07 15:44:50,693 [INFO] IPUIPlugin:80 - create IPUIPlugin
2025-08-07 15:44:50,694 [INFO] IPUIPlugin:80 - create IPUIPlugin
2025-08-07 15:44:50,694 [INFO] IPUIPlugin:80 - create IPUIPlugin
2025-08-07 15:44:50,694 [INFO] IPUIPlugin:80 - create IPUIPlugin
2025-08-07 15:44:50,695 [INFO] IPUIPlugin:80 - create IPUIPlugin
2025-08-07 15:44:50,695 [INFO] IPUIPlugin:80 - create IPUIPlugin
2025-08-07 15:44:50,695 [INFO] IPUIPlugin:80 - create IPUIPlugin
2025-08-07 15:44:50,696 [INFO] IPUIPlugin:80 - create IPUIPlugin
2025-08-07 15:44:50,696 [INFO] IPUIPlugin:80 - create IPUIPlugin
2025-08-07 15:44:50,696 [INFO] IPUIPlugin:80 - create IPUIPlugin
2025-08-07 15:44:50,697 [INFO] IPUIPlugin:80 - create IPUIPlugin
2025-08-07 15:44:50,697 [INFO] IPUIPlugin:80 - create IPUIPlugin
2025-08-07 15:44:50,697 [INFO] IPUIPlugin:80 - create IPUIPlugin
2025-08-07 15:44:50,698 [INFO] IPUIPlugin:80 - create IPUIPlugin
2025-08-07 15:44:50,698 [INFO] IPUIPlugin:80 - create IPUIPlugin
2025-08-07 15:44:50,698 [INFO] IPUIPlugin:80 - create IPUIPlugin
2025-08-07 15:44:50,717 [WARN] IP:2250 - RefParam_LRUN_SRC_memory not found: check if there is a RefParameter without a condition.
2025-08-07 15:44:50,717 [WARN] IP:2250 - RefParam_LRUN_SRC_offset not found: check if there is a RefParameter without a condition.
2025-08-07 15:44:50,717 [WARN] IP:2250 - RefParam_LRUN_SRC_size not found: check if there is a RefParameter without a condition.
2025-08-07 15:44:50,717 [WARN] IP:2250 - RefParam_LRUN_DEST_memory not found: check if there is a RefParameter without a condition.
2025-08-07 15:44:50,717 [WARN] IP:2250 - RefParam_LRUN_DEST_offset not found: check if there is a RefParameter without a condition.
2025-08-07 15:44:50,717 [WARN] IP:2250 - RefParam_MEMORY_1_Size not found: check if there is a RefParameter without a condition.
2025-08-07 15:44:50,717 [WARN] IP:2250 - RefParam_MEMORY_1_FreqMax not found: check if there is a RefParameter without a condition.
2025-08-07 15:44:50,717 [WARN] IP:2250 - RefParam_MEMORY_1_ReadReg not found: check if there is a RefParameter without a condition.
2025-08-07 15:44:50,717 [WARN] IP:2250 - RefParam_MEMORY_1_WriteReg not found: check if there is a RefParameter without a condition.
2025-08-07 15:44:50,717 [WARN] IP:2250 - RefParam_MEMORY_1_RegSize not found: check if there is a RefParameter without a condition.
2025-08-07 15:44:50,717 [WARN] IP:2250 - RefParam_MEMORY_1_RegDummyCycle not found: check if there is a RefParameter without a condition.
2025-08-07 15:44:50,717 [WARN] IP:2250 - RefParam_MEMORY_1_WriteCommand not found: check if there is a RefParameter without a condition.
2025-08-07 15:44:50,717 [WARN] IP:2250 - RefParam_MEMORY_1_WriteDummyCycle not found: check if there is a RefParameter without a condition.
2025-08-07 15:44:50,717 [WARN] IP:2250 - RefParam_MEMORY_1_ReadCommand not found: check if there is a RefParameter without a condition.
2025-08-07 15:44:50,717 [WARN] IP:2250 - RefParam_MEMORY_1_WrapReadCommand not found: check if there is a RefParameter without a condition.
2025-08-07 15:44:50,717 [WARN] IP:2250 - RefParam_MEMORY_1_ReadDummyCycle not found: check if there is a RefParameter without a condition.
2025-08-07 15:44:50,717 [WARN] IP:2250 - RefParam_MEMORY_1_NumberOfConfig not found: check if there is a RefParameter without a condition.
2025-08-07 15:44:50,717 [WARN] IP:2250 - RefParam_MEMORY_1_Config1_WriteMask not found: check if there is a RefParameter without a condition.
2025-08-07 15:44:50,717 [WARN] IP:2250 - RefParam_MEMORY_1_Config1_WriteValue not found: check if there is a RefParameter without a condition.
2025-08-07 15:44:50,717 [WARN] IP:2250 - RefParam_MEMORY_1_Config1_RegAddress not found: check if there is a RefParameter without a condition.
2025-08-07 15:44:50,717 [WARN] IP:2250 - RefParam_MEMORY_1_Config2_WriteMask not found: check if there is a RefParameter without a condition.
2025-08-07 15:44:50,717 [WARN] IP:2250 - RefParam_MEMORY_1_Config2_WriteValue not found: check if there is a RefParameter without a condition.
2025-08-07 15:44:50,718 [WARN] IP:2250 - RefParam_MEMORY_1_Config2_RegAddress not found: check if there is a RefParameter without a condition.
2025-08-07 15:44:50,718 [WARN] IP:2250 - RefParam_MEMORY_1_Config3_WriteMask not found: check if there is a RefParameter without a condition.
2025-08-07 15:44:50,718 [WARN] IP:2250 - RefParam_MEMORY_1_Config3_WriteValue not found: check if there is a RefParameter without a condition.
2025-08-07 15:44:50,718 [WARN] IP:2250 - RefParam_MEMORY_1_Config3_RegAddress not found: check if there is a RefParameter without a condition.
2025-08-07 15:44:50,718 [WARN] IP:2250 - RefParam_MEMORY_2_Instance not found: check if there is a RefParameter without a condition.
2025-08-07 15:44:50,718 [WARN] IP:2250 - RefParam_MEMORY_2_ConfigType not found: check if there is a RefParameter without a condition.
2025-08-07 15:44:50,718 [WARN] IP:2250 - RefParam_MEMORY_2_Size not found: check if there is a RefParameter without a condition.
2025-08-07 15:44:50,718 [WARN] IP:2250 - RefParam_MEMORY_2_FreqMax not found: check if there is a RefParameter without a condition.
2025-08-07 15:44:50,718 [WARN] IP:2250 - RefParam_MEMORY_2_ReadReg not found: check if there is a RefParameter without a condition.
2025-08-07 15:44:50,718 [WARN] IP:2250 - RefParam_MEMORY_2_WriteReg not found: check if there is a RefParameter without a condition.
2025-08-07 15:44:50,718 [WARN] IP:2250 - RefParam_MEMORY_2_RegSize not found: check if there is a RefParameter without a condition.
2025-08-07 15:44:50,718 [WARN] IP:2250 - RefParam_MEMORY_2_RegDummyCycle not found: check if there is a RefParameter without a condition.
2025-08-07 15:44:50,718 [WARN] IP:2250 - RefParam_MEMORY_2_WriteCommand not found: check if there is a RefParameter without a condition.
2025-08-07 15:44:50,718 [WARN] IP:2250 - RefParam_MEMORY_2_WriteDummyCycle not found: check if there is a RefParameter without a condition.
2025-08-07 15:44:50,718 [WARN] IP:2250 - RefParam_MEMORY_2_ReadCommand not found: check if there is a RefParameter without a condition.
2025-08-07 15:44:50,718 [WARN] IP:2250 - RefParam_MEMORY_2_WrapReadCommand not found: check if there is a RefParameter without a condition.
2025-08-07 15:44:50,718 [WARN] IP:2250 - RefParam_MEMORY_2_ReadDummyCycle not found: check if there is a RefParameter without a condition.
2025-08-07 15:44:50,718 [WARN] IP:2250 - RefParam_MEMORY_2_NumberOfConfig not found: check if there is a RefParameter without a condition.
2025-08-07 15:44:50,718 [WARN] IP:2250 - RefParam_MEMORY_2_Config1_WriteMask not found: check if there is a RefParameter without a condition.
2025-08-07 15:44:50,718 [WARN] IP:2250 - RefParam_MEMORY_2_Config1_WriteValue not found: check if there is a RefParameter without a condition.
2025-08-07 15:44:50,718 [WARN] IP:2250 - RefParam_MEMORY_2_Config1_RegAddress not found: check if there is a RefParameter without a condition.
2025-08-07 15:44:50,718 [WARN] IP:2250 - RefParam_MEMORY_2_Config2_WriteMask not found: check if there is a RefParameter without a condition.
2025-08-07 15:44:50,718 [WARN] IP:2250 - RefParam_MEMORY_2_Config2_WriteValue not found: check if there is a RefParameter without a condition.
2025-08-07 15:44:50,718 [WARN] IP:2250 - RefParam_MEMORY_2_Config2_RegAddress not found: check if there is a RefParameter without a condition.
2025-08-07 15:44:50,718 [WARN] IP:2250 - RefParam_MEMORY_2_Config3_WriteMask not found: check if there is a RefParameter without a condition.
2025-08-07 15:44:50,718 [WARN] IP:2250 - RefParam_MEMORY_2_Config3_WriteValue not found: check if there is a RefParameter without a condition.
2025-08-07 15:44:50,718 [WARN] IP:2250 - RefParam_MEMORY_2_Config3_RegAddress not found: check if there is a RefParameter without a condition.
2025-08-07 15:44:50,921 [INFO] CADModel:165 - CPN selected for project levelSTM32N657X0H3Q
2025-08-07 15:44:50,921 [INFO] CADModel:114 - Register for checkConnection events
2025-08-07 15:44:51,376 [ERROR] Context:921 - The IP LTDC is not set in context FSBL
2025-08-07 15:44:51,376 [ERROR] Context:921 - The IP LTDC is not set in context AppliSecure
2025-08-07 15:44:51,377 [ERROR] Context:921 - The IP LTDC is not set in context AppliNonSecure
2025-08-07 15:44:51,377 [ERROR] Context:921 - The IP LTDC is not set in context ExtMemLoader
2025-08-07 15:44:52,169 [ERROR] Context:921 - The IP PWR is not set in context FSBL
2025-08-07 15:44:52,169 [ERROR] Context:921 - The IP PWR is not set in context AppliSecure
2025-08-07 15:44:52,169 [ERROR] Context:921 - The IP PWR is not set in context AppliNonSecure
2025-08-07 15:44:52,169 [ERROR] Context:921 - The IP PWR is not set in context ExtMemLoader
2025-08-07 15:44:52,462 [ERROR] Context:921 - The IP RTC is not set in context FSBL
2025-08-07 15:44:52,462 [ERROR] Context:921 - The IP RTC is not set in context AppliSecure
2025-08-07 15:44:52,462 [ERROR] Context:921 - The IP RTC is not set in context AppliNonSecure
2025-08-07 15:44:52,462 [ERROR] Context:921 - The IP RTC is not set in context ExtMemLoader
2025-08-07 15:44:52,870 [INFO] OpenFileManager:386 - Restore cursor
2025-08-07 15:44:52,880 [INFO] ApiDb:581 - Connected to CubeFinder SQLite database (C:\Users\ZOJOLDRI\.stmcufinder\plugins\mcufinder\mcu\cube-finder-db.db)
2025-08-07 15:44:53,239 [WARN] IP:2250 - RefParam_LRUN_SRC_memory not found: check if there is a RefParameter without a condition.
2025-08-07 15:44:53,239 [WARN] IP:2250 - RefParam_LRUN_SRC_offset not found: check if there is a RefParameter without a condition.
2025-08-07 15:44:53,239 [WARN] IP:2250 - RefParam_LRUN_SRC_size not found: check if there is a RefParameter without a condition.
2025-08-07 15:44:53,239 [WARN] IP:2250 - RefParam_LRUN_DEST_memory not found: check if there is a RefParameter without a condition.
2025-08-07 15:44:53,239 [WARN] IP:2250 - RefParam_LRUN_DEST_offset not found: check if there is a RefParameter without a condition.
2025-08-07 15:44:53,239 [WARN] IP:2250 - RefParam_MEMORY_1_Size not found: check if there is a RefParameter without a condition.
2025-08-07 15:44:53,239 [WARN] IP:2250 - RefParam_MEMORY_1_FreqMax not found: check if there is a RefParameter without a condition.
2025-08-07 15:44:53,239 [WARN] IP:2250 - RefParam_MEMORY_1_ReadReg not found: check if there is a RefParameter without a condition.
2025-08-07 15:44:53,239 [WARN] IP:2250 - RefParam_MEMORY_1_WriteReg not found: check if there is a RefParameter without a condition.
2025-08-07 15:44:53,239 [WARN] IP:2250 - RefParam_MEMORY_1_RegSize not found: check if there is a RefParameter without a condition.
2025-08-07 15:44:53,239 [WARN] IP:2250 - RefParam_MEMORY_1_RegDummyCycle not found: check if there is a RefParameter without a condition.
2025-08-07 15:44:53,239 [WARN] IP:2250 - RefParam_MEMORY_1_WriteCommand not found: check if there is a RefParameter without a condition.
2025-08-07 15:44:53,239 [WARN] IP:2250 - RefParam_MEMORY_1_WriteDummyCycle not found: check if there is a RefParameter without a condition.
2025-08-07 15:44:53,239 [WARN] IP:2250 - RefParam_MEMORY_1_ReadCommand not found: check if there is a RefParameter without a condition.
2025-08-07 15:44:53,239 [WARN] IP:2250 - RefParam_MEMORY_1_WrapReadCommand not found: check if there is a RefParameter without a condition.
2025-08-07 15:44:53,240 [WARN] IP:2250 - RefParam_MEMORY_1_ReadDummyCycle not found: check if there is a RefParameter without a condition.
2025-08-07 15:44:53,240 [WARN] IP:2250 - RefParam_MEMORY_1_NumberOfConfig not found: check if there is a RefParameter without a condition.
2025-08-07 15:44:53,240 [WARN] IP:2250 - RefParam_MEMORY_1_Config1_WriteMask not found: check if there is a RefParameter without a condition.
2025-08-07 15:44:53,240 [WARN] IP:2250 - RefParam_MEMORY_1_Config1_WriteValue not found: check if there is a RefParameter without a condition.
2025-08-07 15:44:53,240 [WARN] IP:2250 - RefParam_MEMORY_1_Config1_RegAddress not found: check if there is a RefParameter without a condition.
2025-08-07 15:44:53,240 [WARN] IP:2250 - RefParam_MEMORY_1_Config2_WriteMask not found: check if there is a RefParameter without a condition.
2025-08-07 15:44:53,240 [WARN] IP:2250 - RefParam_MEMORY_1_Config2_WriteValue not found: check if there is a RefParameter without a condition.
2025-08-07 15:44:53,240 [WARN] IP:2250 - RefParam_MEMORY_1_Config2_RegAddress not found: check if there is a RefParameter without a condition.
2025-08-07 15:44:53,240 [WARN] IP:2250 - RefParam_MEMORY_1_Config3_WriteMask not found: check if there is a RefParameter without a condition.
2025-08-07 15:44:53,240 [WARN] IP:2250 - RefParam_MEMORY_1_Config3_WriteValue not found: check if there is a RefParameter without a condition.
2025-08-07 15:44:53,240 [WARN] IP:2250 - RefParam_MEMORY_1_Config3_RegAddress not found: check if there is a RefParameter without a condition.
2025-08-07 15:44:53,240 [WARN] IP:2250 - RefParam_MEMORY_2_Instance not found: check if there is a RefParameter without a condition.
2025-08-07 15:44:53,240 [WARN] IP:2250 - RefParam_MEMORY_2_ConfigType not found: check if there is a RefParameter without a condition.
2025-08-07 15:44:53,240 [WARN] IP:2250 - RefParam_MEMORY_2_Size not found: check if there is a RefParameter without a condition.
2025-08-07 15:44:53,240 [WARN] IP:2250 - RefParam_MEMORY_2_FreqMax not found: check if there is a RefParameter without a condition.
2025-08-07 15:44:53,240 [WARN] IP:2250 - RefParam_MEMORY_2_ReadReg not found: check if there is a RefParameter without a condition.
2025-08-07 15:44:53,240 [WARN] IP:2250 - RefParam_MEMORY_2_WriteReg not found: check if there is a RefParameter without a condition.
2025-08-07 15:44:53,240 [WARN] IP:2250 - RefParam_MEMORY_2_RegSize not found: check if there is a RefParameter without a condition.
2025-08-07 15:44:53,240 [WARN] IP:2250 - RefParam_MEMORY_2_RegDummyCycle not found: check if there is a RefParameter without a condition.
2025-08-07 15:44:53,240 [WARN] IP:2250 - RefParam_MEMORY_2_WriteCommand not found: check if there is a RefParameter without a condition.
2025-08-07 15:44:53,240 [WARN] IP:2250 - RefParam_MEMORY_2_WriteDummyCycle not found: check if there is a RefParameter without a condition.
2025-08-07 15:44:53,240 [WARN] IP:2250 - RefParam_MEMORY_2_ReadCommand not found: check if there is a RefParameter without a condition.
2025-08-07 15:44:53,240 [WARN] IP:2250 - RefParam_MEMORY_2_WrapReadCommand not found: check if there is a RefParameter without a condition.
2025-08-07 15:44:53,240 [WARN] IP:2250 - RefParam_MEMORY_2_ReadDummyCycle not found: check if there is a RefParameter without a condition.
2025-08-07 15:44:53,240 [WARN] IP:2250 - RefParam_MEMORY_2_NumberOfConfig not found: check if there is a RefParameter without a condition.
2025-08-07 15:44:53,240 [WARN] IP:2250 - RefParam_MEMORY_2_Config1_WriteMask not found: check if there is a RefParameter without a condition.
2025-08-07 15:44:53,240 [WARN] IP:2250 - RefParam_MEMORY_2_Config1_WriteValue not found: check if there is a RefParameter without a condition.
2025-08-07 15:44:53,240 [WARN] IP:2250 - RefParam_MEMORY_2_Config1_RegAddress not found: check if there is a RefParameter without a condition.
2025-08-07 15:44:53,240 [WARN] IP:2250 - RefParam_MEMORY_2_Config2_WriteMask not found: check if there is a RefParameter without a condition.
2025-08-07 15:44:53,240 [WARN] IP:2250 - RefParam_MEMORY_2_Config2_WriteValue not found: check if there is a RefParameter without a condition.
2025-08-07 15:44:53,240 [WARN] IP:2250 - RefParam_MEMORY_2_Config2_RegAddress not found: check if there is a RefParameter without a condition.
2025-08-07 15:44:53,240 [WARN] IP:2250 - RefParam_MEMORY_2_Config3_WriteMask not found: check if there is a RefParameter without a condition.
2025-08-07 15:44:53,240 [WARN] IP:2250 - RefParam_MEMORY_2_Config3_WriteValue not found: check if there is a RefParameter without a condition.
2025-08-07 15:44:53,240 [WARN] IP:2250 - RefParam_MEMORY_2_Config3_RegAddress not found: check if there is a RefParameter without a condition.
2025-08-07 15:45:09,010 [INFO] Gpio:278 - dependency for GPIO [ADC1, LPUART1, XSPI2]
2025-08-07 15:46:46,856 [WARN] IP:2250 - RefParam_LRUN_SRC_memory not found: check if there is a RefParameter without a condition.
2025-08-07 15:46:46,857 [WARN] IP:2250 - RefParam_LRUN_SRC_offset not found: check if there is a RefParameter without a condition.
2025-08-07 15:46:46,857 [WARN] IP:2250 - RefParam_LRUN_SRC_size not found: check if there is a RefParameter without a condition.
2025-08-07 15:46:46,857 [WARN] IP:2250 - RefParam_LRUN_DEST_memory not found: check if there is a RefParameter without a condition.
2025-08-07 15:46:46,857 [WARN] IP:2250 - RefParam_LRUN_DEST_offset not found: check if there is a RefParameter without a condition.
2025-08-07 15:46:46,858 [WARN] IP:2250 - RefParam_MEMORY_1_Size not found: check if there is a RefParameter without a condition.
2025-08-07 15:46:46,858 [WARN] IP:2250 - RefParam_MEMORY_1_FreqMax not found: check if there is a RefParameter without a condition.
2025-08-07 15:46:46,858 [WARN] IP:2250 - RefParam_MEMORY_1_ReadReg not found: check if there is a RefParameter without a condition.
2025-08-07 15:46:46,858 [WARN] IP:2250 - RefParam_MEMORY_1_WriteReg not found: check if there is a RefParameter without a condition.
2025-08-07 15:46:46,858 [WARN] IP:2250 - RefParam_MEMORY_1_RegSize not found: check if there is a RefParameter without a condition.
2025-08-07 15:46:46,858 [WARN] IP:2250 - RefParam_MEMORY_1_RegDummyCycle not found: check if there is a RefParameter without a condition.
2025-08-07 15:46:46,859 [WARN] IP:2250 - RefParam_MEMORY_1_WriteCommand not found: check if there is a RefParameter without a condition.
2025-08-07 15:46:46,859 [WARN] IP:2250 - RefParam_MEMORY_1_WriteDummyCycle not found: check if there is a RefParameter without a condition.
2025-08-07 15:46:46,859 [WARN] IP:2250 - RefParam_MEMORY_1_ReadCommand not found: check if there is a RefParameter without a condition.
2025-08-07 15:46:46,859 [WARN] IP:2250 - RefParam_MEMORY_1_WrapReadCommand not found: check if there is a RefParameter without a condition.
2025-08-07 15:46:46,859 [WARN] IP:2250 - RefParam_MEMORY_1_ReadDummyCycle not found: check if there is a RefParameter without a condition.
2025-08-07 15:46:46,859 [WARN] IP:2250 - RefParam_MEMORY_1_NumberOfConfig not found: check if there is a RefParameter without a condition.
2025-08-07 15:46:46,859 [WARN] IP:2250 - RefParam_MEMORY_1_Config1_WriteMask not found: check if there is a RefParameter without a condition.
2025-08-07 15:46:46,859 [WARN] IP:2250 - RefParam_MEMORY_1_Config1_WriteValue not found: check if there is a RefParameter without a condition.
2025-08-07 15:46:46,860 [WARN] IP:2250 - RefParam_MEMORY_1_Config1_RegAddress not found: check if there is a RefParameter without a condition.
2025-08-07 15:46:46,860 [WARN] IP:2250 - RefParam_MEMORY_1_Config2_WriteMask not found: check if there is a RefParameter without a condition.
2025-08-07 15:46:46,860 [WARN] IP:2250 - RefParam_MEMORY_1_Config2_WriteValue not found: check if there is a RefParameter without a condition.
2025-08-07 15:46:46,860 [WARN] IP:2250 - RefParam_MEMORY_1_Config2_RegAddress not found: check if there is a RefParameter without a condition.
2025-08-07 15:46:46,860 [WARN] IP:2250 - RefParam_MEMORY_1_Config3_WriteMask not found: check if there is a RefParameter without a condition.
2025-08-07 15:46:46,860 [WARN] IP:2250 - RefParam_MEMORY_1_Config3_WriteValue not found: check if there is a RefParameter without a condition.
2025-08-07 15:46:46,860 [WARN] IP:2250 - RefParam_MEMORY_1_Config3_RegAddress not found: check if there is a RefParameter without a condition.
2025-08-07 15:46:46,861 [WARN] IP:2250 - RefParam_MEMORY_2_Instance not found: check if there is a RefParameter without a condition.
2025-08-07 15:46:46,861 [WARN] IP:2250 - RefParam_MEMORY_2_ConfigType not found: check if there is a RefParameter without a condition.
2025-08-07 15:46:46,861 [WARN] IP:2250 - RefParam_MEMORY_2_Size not found: check if there is a RefParameter without a condition.
2025-08-07 15:46:46,861 [WARN] IP:2250 - RefParam_MEMORY_2_FreqMax not found: check if there is a RefParameter without a condition.
2025-08-07 15:46:46,862 [WARN] IP:2250 - RefParam_MEMORY_2_ReadReg not found: check if there is a RefParameter without a condition.
2025-08-07 15:46:46,862 [WARN] IP:2250 - RefParam_MEMORY_2_WriteReg not found: check if there is a RefParameter without a condition.
2025-08-07 15:46:46,862 [WARN] IP:2250 - RefParam_MEMORY_2_RegSize not found: check if there is a RefParameter without a condition.
2025-08-07 15:46:46,862 [WARN] IP:2250 - RefParam_MEMORY_2_RegDummyCycle not found: check if there is a RefParameter without a condition.
2025-08-07 15:46:46,863 [WARN] IP:2250 - RefParam_MEMORY_2_WriteCommand not found: check if there is a RefParameter without a condition.
2025-08-07 15:46:46,863 [WARN] IP:2250 - RefParam_MEMORY_2_WriteDummyCycle not found: check if there is a RefParameter without a condition.
2025-08-07 15:46:46,863 [WARN] IP:2250 - RefParam_MEMORY_2_ReadCommand not found: check if there is a RefParameter without a condition.
2025-08-07 15:46:46,863 [WARN] IP:2250 - RefParam_MEMORY_2_WrapReadCommand not found: check if there is a RefParameter without a condition.
2025-08-07 15:46:46,863 [WARN] IP:2250 - RefParam_MEMORY_2_ReadDummyCycle not found: check if there is a RefParameter without a condition.
2025-08-07 15:46:46,864 [WARN] IP:2250 - RefParam_MEMORY_2_NumberOfConfig not found: check if there is a RefParameter without a condition.
2025-08-07 15:46:46,864 [WARN] IP:2250 - RefParam_MEMORY_2_Config1_WriteMask not found: check if there is a RefParameter without a condition.
2025-08-07 15:46:46,864 [WARN] IP:2250 - RefParam_MEMORY_2_Config1_WriteValue not found: check if there is a RefParameter without a condition.
2025-08-07 15:46:46,864 [WARN] IP:2250 - RefParam_MEMORY_2_Config1_RegAddress not found: check if there is a RefParameter without a condition.
2025-08-07 15:46:46,865 [WARN] IP:2250 - RefParam_MEMORY_2_Config2_WriteMask not found: check if there is a RefParameter without a condition.
2025-08-07 15:46:46,865 [WARN] IP:2250 - RefParam_MEMORY_2_Config2_WriteValue not found: check if there is a RefParameter without a condition.
2025-08-07 15:46:46,865 [WARN] IP:2250 - RefParam_MEMORY_2_Config2_RegAddress not found: check if there is a RefParameter without a condition.
2025-08-07 15:46:46,865 [WARN] IP:2250 - RefParam_MEMORY_2_Config3_WriteMask not found: check if there is a RefParameter without a condition.
2025-08-07 15:46:46,865 [WARN] IP:2250 - RefParam_MEMORY_2_Config3_WriteValue not found: check if there is a RefParameter without a condition.
2025-08-07 15:46:46,866 [WARN] IP:2250 - RefParam_MEMORY_2_Config3_RegAddress not found: check if there is a RefParameter without a condition.
2025-08-07 15:46:47,091 [INFO] Gpio:278 - dependency for GPIO [ADC1, LPUART1, XSPI2]
2025-08-07 15:46:47,231 [WARN] IP:2250 - RefParam_LRUN_SRC_memory not found: check if there is a RefParameter without a condition.
2025-08-07 15:46:47,231 [WARN] IP:2250 - RefParam_LRUN_SRC_offset not found: check if there is a RefParameter without a condition.
2025-08-07 15:46:47,231 [WARN] IP:2250 - RefParam_LRUN_SRC_size not found: check if there is a RefParameter without a condition.
2025-08-07 15:46:47,231 [WARN] IP:2250 - RefParam_LRUN_DEST_memory not found: check if there is a RefParameter without a condition.
2025-08-07 15:46:47,232 [WARN] IP:2250 - RefParam_LRUN_DEST_offset not found: check if there is a RefParameter without a condition.
2025-08-07 15:46:47,232 [WARN] IP:2250 - RefParam_MEMORY_1_Size not found: check if there is a RefParameter without a condition.
2025-08-07 15:46:47,232 [WARN] IP:2250 - RefParam_MEMORY_1_FreqMax not found: check if there is a RefParameter without a condition.
2025-08-07 15:46:47,232 [WARN] IP:2250 - RefParam_MEMORY_1_ReadReg not found: check if there is a RefParameter without a condition.
2025-08-07 15:46:47,232 [WARN] IP:2250 - RefParam_MEMORY_1_WriteReg not found: check if there is a RefParameter without a condition.
2025-08-07 15:46:47,232 [WARN] IP:2250 - RefParam_MEMORY_1_RegSize not found: check if there is a RefParameter without a condition.
2025-08-07 15:46:47,232 [WARN] IP:2250 - RefParam_MEMORY_1_RegDummyCycle not found: check if there is a RefParameter without a condition.
2025-08-07 15:46:47,232 [WARN] IP:2250 - RefParam_MEMORY_1_WriteCommand not found: check if there is a RefParameter without a condition.
2025-08-07 15:46:47,232 [WARN] IP:2250 - RefParam_MEMORY_1_WriteDummyCycle not found: check if there is a RefParameter without a condition.
2025-08-07 15:46:47,232 [WARN] IP:2250 - RefParam_MEMORY_1_ReadCommand not found: check if there is a RefParameter without a condition.
2025-08-07 15:46:47,232 [WARN] IP:2250 - RefParam_MEMORY_1_WrapReadCommand not found: check if there is a RefParameter without a condition.
2025-08-07 15:46:47,232 [WARN] IP:2250 - RefParam_MEMORY_1_ReadDummyCycle not found: check if there is a RefParameter without a condition.
2025-08-07 15:46:47,233 [WARN] IP:2250 - RefParam_MEMORY_1_NumberOfConfig not found: check if there is a RefParameter without a condition.
2025-08-07 15:46:47,233 [WARN] IP:2250 - RefParam_MEMORY_1_Config1_WriteMask not found: check if there is a RefParameter without a condition.
2025-08-07 15:46:47,233 [WARN] IP:2250 - RefParam_MEMORY_1_Config1_WriteValue not found: check if there is a RefParameter without a condition.
2025-08-07 15:46:47,233 [WARN] IP:2250 - RefParam_MEMORY_1_Config1_RegAddress not found: check if there is a RefParameter without a condition.
2025-08-07 15:46:47,233 [WARN] IP:2250 - RefParam_MEMORY_1_Config2_WriteMask not found: check if there is a RefParameter without a condition.
2025-08-07 15:46:47,233 [WARN] IP:2250 - RefParam_MEMORY_1_Config2_WriteValue not found: check if there is a RefParameter without a condition.
2025-08-07 15:46:47,233 [WARN] IP:2250 - RefParam_MEMORY_1_Config2_RegAddress not found: check if there is a RefParameter without a condition.
2025-08-07 15:46:47,233 [WARN] IP:2250 - RefParam_MEMORY_1_Config3_WriteMask not found: check if there is a RefParameter without a condition.
2025-08-07 15:46:47,233 [WARN] IP:2250 - RefParam_MEMORY_1_Config3_WriteValue not found: check if there is a RefParameter without a condition.
2025-08-07 15:46:47,233 [WARN] IP:2250 - RefParam_MEMORY_1_Config3_RegAddress not found: check if there is a RefParameter without a condition.
2025-08-07 15:46:47,233 [WARN] IP:2250 - RefParam_MEMORY_2_Instance not found: check if there is a RefParameter without a condition.
2025-08-07 15:46:47,233 [WARN] IP:2250 - RefParam_MEMORY_2_ConfigType not found: check if there is a RefParameter without a condition.
2025-08-07 15:46:47,233 [WARN] IP:2250 - RefParam_MEMORY_2_Size not found: check if there is a RefParameter without a condition.
2025-08-07 15:46:47,233 [WARN] IP:2250 - RefParam_MEMORY_2_FreqMax not found: check if there is a RefParameter without a condition.
2025-08-07 15:46:47,233 [WARN] IP:2250 - RefParam_MEMORY_2_ReadReg not found: check if there is a RefParameter without a condition.
2025-08-07 15:46:47,233 [WARN] IP:2250 - RefParam_MEMORY_2_WriteReg not found: check if there is a RefParameter without a condition.
2025-08-07 15:46:47,233 [WARN] IP:2250 - RefParam_MEMORY_2_RegSize not found: check if there is a RefParameter without a condition.
2025-08-07 15:46:47,233 [WARN] IP:2250 - RefParam_MEMORY_2_RegDummyCycle not found: check if there is a RefParameter without a condition.
2025-08-07 15:46:47,234 [WARN] IP:2250 - RefParam_MEMORY_2_WriteCommand not found: check if there is a RefParameter without a condition.
2025-08-07 15:46:47,234 [WARN] IP:2250 - RefParam_MEMORY_2_WriteDummyCycle not found: check if there is a RefParameter without a condition.
2025-08-07 15:46:47,234 [WARN] IP:2250 - RefParam_MEMORY_2_ReadCommand not found: check if there is a RefParameter without a condition.
2025-08-07 15:46:47,234 [WARN] IP:2250 - RefParam_MEMORY_2_WrapReadCommand not found: check if there is a RefParameter without a condition.
2025-08-07 15:46:47,234 [WARN] IP:2250 - RefParam_MEMORY_2_ReadDummyCycle not found: check if there is a RefParameter without a condition.
2025-08-07 15:46:47,234 [WARN] IP:2250 - RefParam_MEMORY_2_NumberOfConfig not found: check if there is a RefParameter without a condition.
2025-08-07 15:46:47,234 [WARN] IP:2250 - RefParam_MEMORY_2_Config1_WriteMask not found: check if there is a RefParameter without a condition.
2025-08-07 15:46:47,234 [WARN] IP:2250 - RefParam_MEMORY_2_Config1_WriteValue not found: check if there is a RefParameter without a condition.
2025-08-07 15:46:47,234 [WARN] IP:2250 - RefParam_MEMORY_2_Config1_RegAddress not found: check if there is a RefParameter without a condition.
2025-08-07 15:46:47,234 [WARN] IP:2250 - RefParam_MEMORY_2_Config2_WriteMask not found: check if there is a RefParameter without a condition.
2025-08-07 15:46:47,234 [WARN] IP:2250 - RefParam_MEMORY_2_Config2_WriteValue not found: check if there is a RefParameter without a condition.
2025-08-07 15:46:47,234 [WARN] IP:2250 - RefParam_MEMORY_2_Config2_RegAddress not found: check if there is a RefParameter without a condition.
2025-08-07 15:46:47,234 [WARN] IP:2250 - RefParam_MEMORY_2_Config3_WriteMask not found: check if there is a RefParameter without a condition.
2025-08-07 15:46:47,234 [WARN] IP:2250 - RefParam_MEMORY_2_Config3_WriteValue not found: check if there is a RefParameter without a condition.
2025-08-07 15:46:47,234 [WARN] IP:2250 - RefParam_MEMORY_2_Config3_RegAddress not found: check if there is a RefParameter without a condition.
2025-08-07 15:46:47,466 [INFO] Gpio:278 - dependency for GPIO [ADC1, LPUART1, XSPI2]
2025-08-07 15:46:47,914 [WARN] IP:2250 - RefParam_LRUN_SRC_memory not found: check if there is a RefParameter without a condition.
2025-08-07 15:46:47,914 [WARN] IP:2250 - RefParam_LRUN_SRC_offset not found: check if there is a RefParameter without a condition.
2025-08-07 15:46:47,914 [WARN] IP:2250 - RefParam_LRUN_SRC_size not found: check if there is a RefParameter without a condition.
2025-08-07 15:46:47,914 [WARN] IP:2250 - RefParam_LRUN_DEST_memory not found: check if there is a RefParameter without a condition.
2025-08-07 15:46:47,914 [WARN] IP:2250 - RefParam_LRUN_DEST_offset not found: check if there is a RefParameter without a condition.
2025-08-07 15:46:47,929 [WARN] IP:2250 - RefParam_MEMORY_1_Size not found: check if there is a RefParameter without a condition.
2025-08-07 15:46:47,929 [WARN] IP:2250 - RefParam_MEMORY_1_FreqMax not found: check if there is a RefParameter without a condition.
2025-08-07 15:46:47,929 [WARN] IP:2250 - RefParam_MEMORY_1_ReadReg not found: check if there is a RefParameter without a condition.
2025-08-07 15:46:47,929 [WARN] IP:2250 - RefParam_MEMORY_1_WriteReg not found: check if there is a RefParameter without a condition.
2025-08-07 15:46:47,929 [WARN] IP:2250 - RefParam_MEMORY_1_RegSize not found: check if there is a RefParameter without a condition.
2025-08-07 15:46:47,929 [WARN] IP:2250 - RefParam_MEMORY_1_RegDummyCycle not found: check if there is a RefParameter without a condition.
2025-08-07 15:46:47,929 [WARN] IP:2250 - RefParam_MEMORY_1_WriteCommand not found: check if there is a RefParameter without a condition.
2025-08-07 15:46:47,929 [WARN] IP:2250 - RefParam_MEMORY_1_WriteDummyCycle not found: check if there is a RefParameter without a condition.
2025-08-07 15:46:47,929 [WARN] IP:2250 - RefParam_MEMORY_1_ReadCommand not found: check if there is a RefParameter without a condition.
2025-08-07 15:46:47,929 [WARN] IP:2250 - RefParam_MEMORY_1_WrapReadCommand not found: check if there is a RefParameter without a condition.
2025-08-07 15:46:47,929 [WARN] IP:2250 - RefParam_MEMORY_1_ReadDummyCycle not found: check if there is a RefParameter without a condition.
2025-08-07 15:46:47,929 [WARN] IP:2250 - RefParam_MEMORY_1_NumberOfConfig not found: check if there is a RefParameter without a condition.
2025-08-07 15:46:47,929 [WARN] IP:2250 - RefParam_MEMORY_1_Config1_WriteMask not found: check if there is a RefParameter without a condition.
2025-08-07 15:46:47,929 [WARN] IP:2250 - RefParam_MEMORY_1_Config1_WriteValue not found: check if there is a RefParameter without a condition.
2025-08-07 15:46:47,929 [WARN] IP:2250 - RefParam_MEMORY_1_Config1_RegAddress not found: check if there is a RefParameter without a condition.
2025-08-07 15:46:47,929 [WARN] IP:2250 - RefParam_MEMORY_1_Config2_WriteMask not found: check if there is a RefParameter without a condition.
2025-08-07 15:46:47,929 [WARN] IP:2250 - RefParam_MEMORY_1_Config2_WriteValue not found: check if there is a RefParameter without a condition.
2025-08-07 15:46:47,929 [WARN] IP:2250 - RefParam_MEMORY_1_Config2_RegAddress not found: check if there is a RefParameter without a condition.
2025-08-07 15:46:47,929 [WARN] IP:2250 - RefParam_MEMORY_1_Config3_WriteMask not found: check if there is a RefParameter without a condition.
2025-08-07 15:46:47,929 [WARN] IP:2250 - RefParam_MEMORY_1_Config3_WriteValue not found: check if there is a RefParameter without a condition.
2025-08-07 15:46:47,929 [WARN] IP:2250 - RefParam_MEMORY_1_Config3_RegAddress not found: check if there is a RefParameter without a condition.
2025-08-07 15:46:47,929 [WARN] IP:2250 - RefParam_MEMORY_2_Instance not found: check if there is a RefParameter without a condition.
2025-08-07 15:46:47,929 [WARN] IP:2250 - RefParam_MEMORY_2_ConfigType not found: check if there is a RefParameter without a condition.
2025-08-07 15:46:47,929 [WARN] IP:2250 - RefParam_MEMORY_2_Size not found: check if there is a RefParameter without a condition.
2025-08-07 15:46:47,929 [WARN] IP:2250 - RefParam_MEMORY_2_FreqMax not found: check if there is a RefParameter without a condition.
2025-08-07 15:46:47,929 [WARN] IP:2250 - RefParam_MEMORY_2_ReadReg not found: check if there is a RefParameter without a condition.
2025-08-07 15:46:47,929 [WARN] IP:2250 - RefParam_MEMORY_2_WriteReg not found: check if there is a RefParameter without a condition.
2025-08-07 15:46:47,929 [WARN] IP:2250 - RefParam_MEMORY_2_RegSize not found: check if there is a RefParameter without a condition.
2025-08-07 15:46:47,929 [WARN] IP:2250 - RefParam_MEMORY_2_RegDummyCycle not found: check if there is a RefParameter without a condition.
2025-08-07 15:46:47,929 [WARN] IP:2250 - RefParam_MEMORY_2_WriteCommand not found: check if there is a RefParameter without a condition.
2025-08-07 15:46:47,929 [WARN] IP:2250 - RefParam_MEMORY_2_WriteDummyCycle not found: check if there is a RefParameter without a condition.
2025-08-07 15:46:47,929 [WARN] IP:2250 - RefParam_MEMORY_2_ReadCommand not found: check if there is a RefParameter without a condition.
2025-08-07 15:46:47,929 [WARN] IP:2250 - RefParam_MEMORY_2_WrapReadCommand not found: check if there is a RefParameter without a condition.
2025-08-07 15:46:47,929 [WARN] IP:2250 - RefParam_MEMORY_2_ReadDummyCycle not found: check if there is a RefParameter without a condition.
2025-08-07 15:46:47,929 [WARN] IP:2250 - RefParam_MEMORY_2_NumberOfConfig not found: check if there is a RefParameter without a condition.
2025-08-07 15:46:47,929 [WARN] IP:2250 - RefParam_MEMORY_2_Config1_WriteMask not found: check if there is a RefParameter without a condition.
2025-08-07 15:46:47,929 [WARN] IP:2250 - RefParam_MEMORY_2_Config1_WriteValue not found: check if there is a RefParameter without a condition.
2025-08-07 15:46:47,929 [WARN] IP:2250 - RefParam_MEMORY_2_Config1_RegAddress not found: check if there is a RefParameter without a condition.
2025-08-07 15:46:47,929 [WARN] IP:2250 - RefParam_MEMORY_2_Config2_WriteMask not found: check if there is a RefParameter without a condition.
2025-08-07 15:46:47,929 [WARN] IP:2250 - RefParam_MEMORY_2_Config2_WriteValue not found: check if there is a RefParameter without a condition.
2025-08-07 15:46:47,929 [WARN] IP:2250 - RefParam_MEMORY_2_Config2_RegAddress not found: check if there is a RefParameter without a condition.
2025-08-07 15:46:47,929 [WARN] IP:2250 - RefParam_MEMORY_2_Config3_WriteMask not found: check if there is a RefParameter without a condition.
2025-08-07 15:46:47,929 [WARN] IP:2250 - RefParam_MEMORY_2_Config3_WriteValue not found: check if there is a RefParameter without a condition.
2025-08-07 15:46:47,929 [WARN] IP:2250 - RefParam_MEMORY_2_Config3_RegAddress not found: check if there is a RefParameter without a condition.
2025-08-07 15:46:48,101 [INFO] Gpio:278 - dependency for GPIO [ADC1, LPUART1, XSPI2]
2025-08-07 15:46:48,212 [WARN] IP:2250 - RefParam_LRUN_SRC_memory not found: check if there is a RefParameter without a condition.
2025-08-07 15:46:48,212 [WARN] IP:2250 - RefParam_LRUN_SRC_offset not found: check if there is a RefParameter without a condition.
2025-08-07 15:46:48,212 [WARN] IP:2250 - RefParam_LRUN_SRC_size not found: check if there is a RefParameter without a condition.
2025-08-07 15:46:48,212 [WARN] IP:2250 - RefParam_LRUN_DEST_memory not found: check if there is a RefParameter without a condition.
2025-08-07 15:46:48,212 [WARN] IP:2250 - RefParam_LRUN_DEST_offset not found: check if there is a RefParameter without a condition.
2025-08-07 15:46:48,213 [WARN] IP:2250 - RefParam_MEMORY_1_Size not found: check if there is a RefParameter without a condition.
2025-08-07 15:46:48,213 [WARN] IP:2250 - RefParam_MEMORY_1_FreqMax not found: check if there is a RefParameter without a condition.
2025-08-07 15:46:48,213 [WARN] IP:2250 - RefParam_MEMORY_1_ReadReg not found: check if there is a RefParameter without a condition.
2025-08-07 15:46:48,213 [WARN] IP:2250 - RefParam_MEMORY_1_WriteReg not found: check if there is a RefParameter without a condition.
2025-08-07 15:46:48,213 [WARN] IP:2250 - RefParam_MEMORY_1_RegSize not found: check if there is a RefParameter without a condition.
2025-08-07 15:46:48,213 [WARN] IP:2250 - RefParam_MEMORY_1_RegDummyCycle not found: check if there is a RefParameter without a condition.
2025-08-07 15:46:48,213 [WARN] IP:2250 - RefParam_MEMORY_1_WriteCommand not found: check if there is a RefParameter without a condition.
2025-08-07 15:46:48,213 [WARN] IP:2250 - RefParam_MEMORY_1_WriteDummyCycle not found: check if there is a RefParameter without a condition.
2025-08-07 15:46:48,213 [WARN] IP:2250 - RefParam_MEMORY_1_ReadCommand not found: check if there is a RefParameter without a condition.
2025-08-07 15:46:48,213 [WARN] IP:2250 - RefParam_MEMORY_1_WrapReadCommand not found: check if there is a RefParameter without a condition.
2025-08-07 15:46:48,213 [WARN] IP:2250 - RefParam_MEMORY_1_ReadDummyCycle not found: check if there is a RefParameter without a condition.
2025-08-07 15:46:48,213 [WARN] IP:2250 - RefParam_MEMORY_1_NumberOfConfig not found: check if there is a RefParameter without a condition.
2025-08-07 15:46:48,213 [WARN] IP:2250 - RefParam_MEMORY_1_Config1_WriteMask not found: check if there is a RefParameter without a condition.
2025-08-07 15:46:48,213 [WARN] IP:2250 - RefParam_MEMORY_1_Config1_WriteValue not found: check if there is a RefParameter without a condition.
2025-08-07 15:46:48,213 [WARN] IP:2250 - RefParam_MEMORY_1_Config1_RegAddress not found: check if there is a RefParameter without a condition.
2025-08-07 15:46:48,213 [WARN] IP:2250 - RefParam_MEMORY_1_Config2_WriteMask not found: check if there is a RefParameter without a condition.
2025-08-07 15:46:48,213 [WARN] IP:2250 - RefParam_MEMORY_1_Config2_WriteValue not found: check if there is a RefParameter without a condition.
2025-08-07 15:46:48,213 [WARN] IP:2250 - RefParam_MEMORY_1_Config2_RegAddress not found: check if there is a RefParameter without a condition.
2025-08-07 15:46:48,213 [WARN] IP:2250 - RefParam_MEMORY_1_Config3_WriteMask not found: check if there is a RefParameter without a condition.
2025-08-07 15:46:48,213 [WARN] IP:2250 - RefParam_MEMORY_1_Config3_WriteValue not found: check if there is a RefParameter without a condition.
2025-08-07 15:46:48,213 [WARN] IP:2250 - RefParam_MEMORY_1_Config3_RegAddress not found: check if there is a RefParameter without a condition.
2025-08-07 15:46:48,213 [WARN] IP:2250 - RefParam_MEMORY_2_Instance not found: check if there is a RefParameter without a condition.
2025-08-07 15:46:48,213 [WARN] IP:2250 - RefParam_MEMORY_2_ConfigType not found: check if there is a RefParameter without a condition.
2025-08-07 15:46:48,213 [WARN] IP:2250 - RefParam_MEMORY_2_Size not found: check if there is a RefParameter without a condition.
2025-08-07 15:46:48,213 [WARN] IP:2250 - RefParam_MEMORY_2_FreqMax not found: check if there is a RefParameter without a condition.
2025-08-07 15:46:48,213 [WARN] IP:2250 - RefParam_MEMORY_2_ReadReg not found: check if there is a RefParameter without a condition.
2025-08-07 15:46:48,213 [WARN] IP:2250 - RefParam_MEMORY_2_WriteReg not found: check if there is a RefParameter without a condition.
2025-08-07 15:46:48,214 [WARN] IP:2250 - RefParam_MEMORY_2_RegSize not found: check if there is a RefParameter without a condition.
2025-08-07 15:46:48,214 [WARN] IP:2250 - RefParam_MEMORY_2_RegDummyCycle not found: check if there is a RefParameter without a condition.
2025-08-07 15:46:48,214 [WARN] IP:2250 - RefParam_MEMORY_2_WriteCommand not found: check if there is a RefParameter without a condition.
2025-08-07 15:46:48,214 [WARN] IP:2250 - RefParam_MEMORY_2_WriteDummyCycle not found: check if there is a RefParameter without a condition.
2025-08-07 15:46:48,214 [WARN] IP:2250 - RefParam_MEMORY_2_ReadCommand not found: check if there is a RefParameter without a condition.
2025-08-07 15:46:48,214 [WARN] IP:2250 - RefParam_MEMORY_2_WrapReadCommand not found: check if there is a RefParameter without a condition.
2025-08-07 15:46:48,214 [WARN] IP:2250 - RefParam_MEMORY_2_ReadDummyCycle not found: check if there is a RefParameter without a condition.
2025-08-07 15:46:48,214 [WARN] IP:2250 - RefParam_MEMORY_2_NumberOfConfig not found: check if there is a RefParameter without a condition.
2025-08-07 15:46:48,214 [WARN] IP:2250 - RefParam_MEMORY_2_Config1_WriteMask not found: check if there is a RefParameter without a condition.
2025-08-07 15:46:48,214 [WARN] IP:2250 - RefParam_MEMORY_2_Config1_WriteValue not found: check if there is a RefParameter without a condition.
2025-08-07 15:46:48,214 [WARN] IP:2250 - RefParam_MEMORY_2_Config1_RegAddress not found: check if there is a RefParameter without a condition.
2025-08-07 15:46:48,214 [WARN] IP:2250 - RefParam_MEMORY_2_Config2_WriteMask not found: check if there is a RefParameter without a condition.
2025-08-07 15:46:48,214 [WARN] IP:2250 - RefParam_MEMORY_2_Config2_WriteValue not found: check if there is a RefParameter without a condition.
2025-08-07 15:46:48,214 [WARN] IP:2250 - RefParam_MEMORY_2_Config2_RegAddress not found: check if there is a RefParameter without a condition.
2025-08-07 15:46:48,214 [WARN] IP:2250 - RefParam_MEMORY_2_Config3_WriteMask not found: check if there is a RefParameter without a condition.
2025-08-07 15:46:48,214 [WARN] IP:2250 - RefParam_MEMORY_2_Config3_WriteValue not found: check if there is a RefParameter without a condition.
2025-08-07 15:46:48,214 [WARN] IP:2250 - RefParam_MEMORY_2_Config3_RegAddress not found: check if there is a RefParameter without a condition.
2025-08-07 15:46:48,482 [INFO] Gpio:278 - dependency for GPIO [ADC1, LPUART1, XSPI2]
2025-08-07 15:46:49,138 [WARN] IP:2250 - RefParam_LRUN_SRC_memory not found: check if there is a RefParameter without a condition.
2025-08-07 15:46:49,138 [WARN] IP:2250 - RefParam_LRUN_SRC_offset not found: check if there is a RefParameter without a condition.
2025-08-07 15:46:49,138 [WARN] IP:2250 - RefParam_LRUN_SRC_size not found: check if there is a RefParameter without a condition.
2025-08-07 15:46:49,138 [WARN] IP:2250 - RefParam_LRUN_DEST_memory not found: check if there is a RefParameter without a condition.
2025-08-07 15:46:49,138 [WARN] IP:2250 - RefParam_LRUN_DEST_offset not found: check if there is a RefParameter without a condition.
2025-08-07 15:46:49,139 [WARN] IP:2250 - RefParam_MEMORY_1_Size not found: check if there is a RefParameter without a condition.
2025-08-07 15:46:49,139 [WARN] IP:2250 - RefParam_MEMORY_1_FreqMax not found: check if there is a RefParameter without a condition.
2025-08-07 15:46:49,139 [WARN] IP:2250 - RefParam_MEMORY_1_ReadReg not found: check if there is a RefParameter without a condition.
2025-08-07 15:46:49,139 [WARN] IP:2250 - RefParam_MEMORY_1_WriteReg not found: check if there is a RefParameter without a condition.
2025-08-07 15:46:49,139 [WARN] IP:2250 - RefParam_MEMORY_1_RegSize not found: check if there is a RefParameter without a condition.
2025-08-07 15:46:49,139 [WARN] IP:2250 - RefParam_MEMORY_1_RegDummyCycle not found: check if there is a RefParameter without a condition.
2025-08-07 15:46:49,139 [WARN] IP:2250 - RefParam_MEMORY_1_WriteCommand not found: check if there is a RefParameter without a condition.
2025-08-07 15:46:49,139 [WARN] IP:2250 - RefParam_MEMORY_1_WriteDummyCycle not found: check if there is a RefParameter without a condition.
2025-08-07 15:46:49,139 [WARN] IP:2250 - RefParam_MEMORY_1_ReadCommand not found: check if there is a RefParameter without a condition.
2025-08-07 15:46:49,139 [WARN] IP:2250 - RefParam_MEMORY_1_WrapReadCommand not found: check if there is a RefParameter without a condition.
2025-08-07 15:46:49,139 [WARN] IP:2250 - RefParam_MEMORY_1_ReadDummyCycle not found: check if there is a RefParameter without a condition.
2025-08-07 15:46:49,139 [WARN] IP:2250 - RefParam_MEMORY_1_NumberOfConfig not found: check if there is a RefParameter without a condition.
2025-08-07 15:46:49,139 [WARN] IP:2250 - RefParam_MEMORY_1_Config1_WriteMask not found: check if there is a RefParameter without a condition.
2025-08-07 15:46:49,139 [WARN] IP:2250 - RefParam_MEMORY_1_Config1_WriteValue not found: check if there is a RefParameter without a condition.
2025-08-07 15:46:49,139 [WARN] IP:2250 - RefParam_MEMORY_1_Config1_RegAddress not found: check if there is a RefParameter without a condition.
2025-08-07 15:46:49,139 [WARN] IP:2250 - RefParam_MEMORY_1_Config2_WriteMask not found: check if there is a RefParameter without a condition.
2025-08-07 15:46:49,139 [WARN] IP:2250 - RefParam_MEMORY_1_Config2_WriteValue not found: check if there is a RefParameter without a condition.
2025-08-07 15:46:49,139 [WARN] IP:2250 - RefParam_MEMORY_1_Config2_RegAddress not found: check if there is a RefParameter without a condition.
2025-08-07 15:46:49,139 [WARN] IP:2250 - RefParam_MEMORY_1_Config3_WriteMask not found: check if there is a RefParameter without a condition.
2025-08-07 15:46:49,139 [WARN] IP:2250 - RefParam_MEMORY_1_Config3_WriteValue not found: check if there is a RefParameter without a condition.
2025-08-07 15:46:49,139 [WARN] IP:2250 - RefParam_MEMORY_1_Config3_RegAddress not found: check if there is a RefParameter without a condition.
2025-08-07 15:46:49,139 [WARN] IP:2250 - RefParam_MEMORY_2_Instance not found: check if there is a RefParameter without a condition.
2025-08-07 15:46:49,139 [WARN] IP:2250 - RefParam_MEMORY_2_ConfigType not found: check if there is a RefParameter without a condition.
2025-08-07 15:46:49,139 [WARN] IP:2250 - RefParam_MEMORY_2_Size not found: check if there is a RefParameter without a condition.
2025-08-07 15:46:49,139 [WARN] IP:2250 - RefParam_MEMORY_2_FreqMax not found: check if there is a RefParameter without a condition.
2025-08-07 15:46:49,139 [WARN] IP:2250 - RefParam_MEMORY_2_ReadReg not found: check if there is a RefParameter without a condition.
2025-08-07 15:46:49,139 [WARN] IP:2250 - RefParam_MEMORY_2_WriteReg not found: check if there is a RefParameter without a condition.
2025-08-07 15:46:49,139 [WARN] IP:2250 - RefParam_MEMORY_2_RegSize not found: check if there is a RefParameter without a condition.
2025-08-07 15:46:49,139 [WARN] IP:2250 - RefParam_MEMORY_2_RegDummyCycle not found: check if there is a RefParameter without a condition.
2025-08-07 15:46:49,139 [WARN] IP:2250 - RefParam_MEMORY_2_WriteCommand not found: check if there is a RefParameter without a condition.
2025-08-07 15:46:49,139 [WARN] IP:2250 - RefParam_MEMORY_2_WriteDummyCycle not found: check if there is a RefParameter without a condition.
2025-08-07 15:46:49,139 [WARN] IP:2250 - RefParam_MEMORY_2_ReadCommand not found: check if there is a RefParameter without a condition.
2025-08-07 15:46:49,139 [WARN] IP:2250 - RefParam_MEMORY_2_WrapReadCommand not found: check if there is a RefParameter without a condition.
2025-08-07 15:46:49,139 [WARN] IP:2250 - RefParam_MEMORY_2_ReadDummyCycle not found: check if there is a RefParameter without a condition.
2025-08-07 15:46:49,139 [WARN] IP:2250 - RefParam_MEMORY_2_NumberOfConfig not found: check if there is a RefParameter without a condition.
2025-08-07 15:46:49,139 [WARN] IP:2250 - RefParam_MEMORY_2_Config1_WriteMask not found: check if there is a RefParameter without a condition.
2025-08-07 15:46:49,139 [WARN] IP:2250 - RefParam_MEMORY_2_Config1_WriteValue not found: check if there is a RefParameter without a condition.
2025-08-07 15:46:49,139 [WARN] IP:2250 - RefParam_MEMORY_2_Config1_RegAddress not found: check if there is a RefParameter without a condition.
2025-08-07 15:46:49,139 [WARN] IP:2250 - RefParam_MEMORY_2_Config2_WriteMask not found: check if there is a RefParameter without a condition.
2025-08-07 15:46:49,139 [WARN] IP:2250 - RefParam_MEMORY_2_Config2_WriteValue not found: check if there is a RefParameter without a condition.
2025-08-07 15:46:49,139 [WARN] IP:2250 - RefParam_MEMORY_2_Config2_RegAddress not found: check if there is a RefParameter without a condition.
2025-08-07 15:46:49,139 [WARN] IP:2250 - RefParam_MEMORY_2_Config3_WriteMask not found: check if there is a RefParameter without a condition.
2025-08-07 15:46:49,139 [WARN] IP:2250 - RefParam_MEMORY_2_Config3_WriteValue not found: check if there is a RefParameter without a condition.
2025-08-07 15:46:49,139 [WARN] IP:2250 - RefParam_MEMORY_2_Config3_RegAddress not found: check if there is a RefParameter without a condition.
2025-08-07 15:46:49,287 [INFO] Gpio:278 - dependency for GPIO [ADC1, LPUART1, XSPI2]
2025-08-07 15:46:49,387 [WARN] IP:2250 - RefParam_LRUN_SRC_memory not found: check if there is a RefParameter without a condition.
2025-08-07 15:46:49,387 [WARN] IP:2250 - RefParam_LRUN_SRC_offset not found: check if there is a RefParameter without a condition.
2025-08-07 15:46:49,388 [WARN] IP:2250 - RefParam_LRUN_SRC_size not found: check if there is a RefParameter without a condition.
2025-08-07 15:46:49,388 [WARN] IP:2250 - RefParam_LRUN_DEST_memory not found: check if there is a RefParameter without a condition.
2025-08-07 15:46:49,388 [WARN] IP:2250 - RefParam_LRUN_DEST_offset not found: check if there is a RefParameter without a condition.
2025-08-07 15:46:49,388 [WARN] IP:2250 - RefParam_MEMORY_1_Size not found: check if there is a RefParameter without a condition.
2025-08-07 15:46:49,388 [WARN] IP:2250 - RefParam_MEMORY_1_FreqMax not found: check if there is a RefParameter without a condition.
2025-08-07 15:46:49,388 [WARN] IP:2250 - RefParam_MEMORY_1_ReadReg not found: check if there is a RefParameter without a condition.
2025-08-07 15:46:49,388 [WARN] IP:2250 - RefParam_MEMORY_1_WriteReg not found: check if there is a RefParameter without a condition.
2025-08-07 15:46:49,388 [WARN] IP:2250 - RefParam_MEMORY_1_RegSize not found: check if there is a RefParameter without a condition.
2025-08-07 15:46:49,388 [WARN] IP:2250 - RefParam_MEMORY_1_RegDummyCycle not found: check if there is a RefParameter without a condition.
2025-08-07 15:46:49,388 [WARN] IP:2250 - RefParam_MEMORY_1_WriteCommand not found: check if there is a RefParameter without a condition.
2025-08-07 15:46:49,388 [WARN] IP:2250 - RefParam_MEMORY_1_WriteDummyCycle not found: check if there is a RefParameter without a condition.
2025-08-07 15:46:49,388 [WARN] IP:2250 - RefParam_MEMORY_1_ReadCommand not found: check if there is a RefParameter without a condition.
2025-08-07 15:46:49,388 [WARN] IP:2250 - RefParam_MEMORY_1_WrapReadCommand not found: check if there is a RefParameter without a condition.
2025-08-07 15:46:49,388 [WARN] IP:2250 - RefParam_MEMORY_1_ReadDummyCycle not found: check if there is a RefParameter without a condition.
2025-08-07 15:46:49,388 [WARN] IP:2250 - RefParam_MEMORY_1_NumberOfConfig not found: check if there is a RefParameter without a condition.
2025-08-07 15:46:49,388 [WARN] IP:2250 - RefParam_MEMORY_1_Config1_WriteMask not found: check if there is a RefParameter without a condition.
2025-08-07 15:46:49,388 [WARN] IP:2250 - RefParam_MEMORY_1_Config1_WriteValue not found: check if there is a RefParameter without a condition.
2025-08-07 15:46:49,388 [WARN] IP:2250 - RefParam_MEMORY_1_Config1_RegAddress not found: check if there is a RefParameter without a condition.
2025-08-07 15:46:49,388 [WARN] IP:2250 - RefParam_MEMORY_1_Config2_WriteMask not found: check if there is a RefParameter without a condition.
2025-08-07 15:46:49,388 [WARN] IP:2250 - RefParam_MEMORY_1_Config2_WriteValue not found: check if there is a RefParameter without a condition.
2025-08-07 15:46:49,388 [WARN] IP:2250 - RefParam_MEMORY_1_Config2_RegAddress not found: check if there is a RefParameter without a condition.
2025-08-07 15:46:49,388 [WARN] IP:2250 - RefParam_MEMORY_1_Config3_WriteMask not found: check if there is a RefParameter without a condition.
2025-08-07 15:46:49,388 [WARN] IP:2250 - RefParam_MEMORY_1_Config3_WriteValue not found: check if there is a RefParameter without a condition.
2025-08-07 15:46:49,388 [WARN] IP:2250 - RefParam_MEMORY_1_Config3_RegAddress not found: check if there is a RefParameter without a condition.
2025-08-07 15:46:49,388 [WARN] IP:2250 - RefParam_MEMORY_2_Instance not found: check if there is a RefParameter without a condition.
2025-08-07 15:46:49,388 [WARN] IP:2250 - RefParam_MEMORY_2_ConfigType not found: check if there is a RefParameter without a condition.
2025-08-07 15:46:49,388 [WARN] IP:2250 - RefParam_MEMORY_2_Size not found: check if there is a RefParameter without a condition.
2025-08-07 15:46:49,388 [WARN] IP:2250 - RefParam_MEMORY_2_FreqMax not found: check if there is a RefParameter without a condition.
2025-08-07 15:46:49,388 [WARN] IP:2250 - RefParam_MEMORY_2_ReadReg not found: check if there is a RefParameter without a condition.
2025-08-07 15:46:49,388 [WARN] IP:2250 - RefParam_MEMORY_2_WriteReg not found: check if there is a RefParameter without a condition.
2025-08-07 15:46:49,388 [WARN] IP:2250 - RefParam_MEMORY_2_RegSize not found: check if there is a RefParameter without a condition.
2025-08-07 15:46:49,388 [WARN] IP:2250 - RefParam_MEMORY_2_RegDummyCycle not found: check if there is a RefParameter without a condition.
2025-08-07 15:46:49,388 [WARN] IP:2250 - RefParam_MEMORY_2_WriteCommand not found: check if there is a RefParameter without a condition.
2025-08-07 15:46:49,388 [WARN] IP:2250 - RefParam_MEMORY_2_WriteDummyCycle not found: check if there is a RefParameter without a condition.
2025-08-07 15:46:49,388 [WARN] IP:2250 - RefParam_MEMORY_2_ReadCommand not found: check if there is a RefParameter without a condition.
2025-08-07 15:46:49,388 [WARN] IP:2250 - RefParam_MEMORY_2_WrapReadCommand not found: check if there is a RefParameter without a condition.
2025-08-07 15:46:49,388 [WARN] IP:2250 - RefParam_MEMORY_2_ReadDummyCycle not found: check if there is a RefParameter without a condition.
2025-08-07 15:46:49,388 [WARN] IP:2250 - RefParam_MEMORY_2_NumberOfConfig not found: check if there is a RefParameter without a condition.
2025-08-07 15:46:49,388 [WARN] IP:2250 - RefParam_MEMORY_2_Config1_WriteMask not found: check if there is a RefParameter without a condition.
2025-08-07 15:46:49,388 [WARN] IP:2250 - RefParam_MEMORY_2_Config1_WriteValue not found: check if there is a RefParameter without a condition.
2025-08-07 15:46:49,388 [WARN] IP:2250 - RefParam_MEMORY_2_Config1_RegAddress not found: check if there is a RefParameter without a condition.
2025-08-07 15:46:49,388 [WARN] IP:2250 - RefParam_MEMORY_2_Config2_WriteMask not found: check if there is a RefParameter without a condition.
2025-08-07 15:46:49,388 [WARN] IP:2250 - RefParam_MEMORY_2_Config2_WriteValue not found: check if there is a RefParameter without a condition.
2025-08-07 15:46:49,388 [WARN] IP:2250 - RefParam_MEMORY_2_Config2_RegAddress not found: check if there is a RefParameter without a condition.
2025-08-07 15:46:49,388 [WARN] IP:2250 - RefParam_MEMORY_2_Config3_WriteMask not found: check if there is a RefParameter without a condition.
2025-08-07 15:46:49,388 [WARN] IP:2250 - RefParam_MEMORY_2_Config3_WriteValue not found: check if there is a RefParameter without a condition.
2025-08-07 15:46:49,388 [WARN] IP:2250 - RefParam_MEMORY_2_Config3_RegAddress not found: check if there is a RefParameter without a condition.
2025-08-07 15:46:49,576 [INFO] Gpio:278 - dependency for GPIO [ADC1, LPUART1, XSPI2]
2025-08-07 15:46:52,290 [WARN] IP:2250 - RefParam_LRUN_SRC_memory not found: check if there is a RefParameter without a condition.
2025-08-07 15:46:52,290 [WARN] IP:2250 - RefParam_LRUN_SRC_offset not found: check if there is a RefParameter without a condition.
2025-08-07 15:46:52,290 [WARN] IP:2250 - RefParam_LRUN_SRC_size not found: check if there is a RefParameter without a condition.
2025-08-07 15:46:52,290 [WARN] IP:2250 - RefParam_LRUN_DEST_memory not found: check if there is a RefParameter without a condition.
2025-08-07 15:46:52,290 [WARN] IP:2250 - RefParam_LRUN_DEST_offset not found: check if there is a RefParameter without a condition.
2025-08-07 15:46:52,290 [WARN] IP:2250 - RefParam_MEMORY_1_Size not found: check if there is a RefParameter without a condition.
2025-08-07 15:46:52,290 [WARN] IP:2250 - RefParam_MEMORY_1_FreqMax not found: check if there is a RefParameter without a condition.
2025-08-07 15:46:52,290 [WARN] IP:2250 - RefParam_MEMORY_1_ReadReg not found: check if there is a RefParameter without a condition.
2025-08-07 15:46:52,290 [WARN] IP:2250 - RefParam_MEMORY_1_WriteReg not found: check if there is a RefParameter without a condition.
2025-08-07 15:46:52,290 [WARN] IP:2250 - RefParam_MEMORY_1_RegSize not found: check if there is a RefParameter without a condition.
2025-08-07 15:46:52,290 [WARN] IP:2250 - RefParam_MEMORY_1_RegDummyCycle not found: check if there is a RefParameter without a condition.
2025-08-07 15:46:52,290 [WARN] IP:2250 - RefParam_MEMORY_1_WriteCommand not found: check if there is a RefParameter without a condition.
2025-08-07 15:46:52,290 [WARN] IP:2250 - RefParam_MEMORY_1_WriteDummyCycle not found: check if there is a RefParameter without a condition.
2025-08-07 15:46:52,291 [WARN] IP:2250 - RefParam_MEMORY_1_ReadCommand not found: check if there is a RefParameter without a condition.
2025-08-07 15:46:52,291 [WARN] IP:2250 - RefParam_MEMORY_1_WrapReadCommand not found: check if there is a RefParameter without a condition.
2025-08-07 15:46:52,291 [WARN] IP:2250 - RefParam_MEMORY_1_ReadDummyCycle not found: check if there is a RefParameter without a condition.
2025-08-07 15:46:52,291 [WARN] IP:2250 - RefParam_MEMORY_1_NumberOfConfig not found: check if there is a RefParameter without a condition.
2025-08-07 15:46:52,291 [WARN] IP:2250 - RefParam_MEMORY_1_Config1_WriteMask not found: check if there is a RefParameter without a condition.
2025-08-07 15:46:52,291 [WARN] IP:2250 - RefParam_MEMORY_1_Config1_WriteValue not found: check if there is a RefParameter without a condition.
2025-08-07 15:46:52,291 [WARN] IP:2250 - RefParam_MEMORY_1_Config1_RegAddress not found: check if there is a RefParameter without a condition.
2025-08-07 15:46:52,291 [WARN] IP:2250 - RefParam_MEMORY_1_Config2_WriteMask not found: check if there is a RefParameter without a condition.
2025-08-07 15:46:52,291 [WARN] IP:2250 - RefParam_MEMORY_1_Config2_WriteValue not found: check if there is a RefParameter without a condition.
2025-08-07 15:46:52,291 [WARN] IP:2250 - RefParam_MEMORY_1_Config2_RegAddress not found: check if there is a RefParameter without a condition.
2025-08-07 15:46:52,291 [WARN] IP:2250 - RefParam_MEMORY_1_Config3_WriteMask not found: check if there is a RefParameter without a condition.
2025-08-07 15:46:52,291 [WARN] IP:2250 - RefParam_MEMORY_1_Config3_WriteValue not found: check if there is a RefParameter without a condition.
2025-08-07 15:46:52,291 [WARN] IP:2250 - RefParam_MEMORY_1_Config3_RegAddress not found: check if there is a RefParameter without a condition.
2025-08-07 15:46:52,291 [WARN] IP:2250 - RefParam_MEMORY_2_Instance not found: check if there is a RefParameter without a condition.
2025-08-07 15:46:52,291 [WARN] IP:2250 - RefParam_MEMORY_2_ConfigType not found: check if there is a RefParameter without a condition.
2025-08-07 15:46:52,291 [WARN] IP:2250 - RefParam_MEMORY_2_Size not found: check if there is a RefParameter without a condition.
2025-08-07 15:46:52,291 [WARN] IP:2250 - RefParam_MEMORY_2_FreqMax not found: check if there is a RefParameter without a condition.
2025-08-07 15:46:52,291 [WARN] IP:2250 - RefParam_MEMORY_2_ReadReg not found: check if there is a RefParameter without a condition.
2025-08-07 15:46:52,291 [WARN] IP:2250 - RefParam_MEMORY_2_WriteReg not found: check if there is a RefParameter without a condition.
2025-08-07 15:46:52,291 [WARN] IP:2250 - RefParam_MEMORY_2_RegSize not found: check if there is a RefParameter without a condition.
2025-08-07 15:46:52,291 [WARN] IP:2250 - RefParam_MEMORY_2_RegDummyCycle not found: check if there is a RefParameter without a condition.
2025-08-07 15:46:52,291 [WARN] IP:2250 - RefParam_MEMORY_2_WriteCommand not found: check if there is a RefParameter without a condition.
2025-08-07 15:46:52,291 [WARN] IP:2250 - RefParam_MEMORY_2_WriteDummyCycle not found: check if there is a RefParameter without a condition.
2025-08-07 15:46:52,291 [WARN] IP:2250 - RefParam_MEMORY_2_ReadCommand not found: check if there is a RefParameter without a condition.
2025-08-07 15:46:52,291 [WARN] IP:2250 - RefParam_MEMORY_2_WrapReadCommand not found: check if there is a RefParameter without a condition.
2025-08-07 15:46:52,291 [WARN] IP:2250 - RefParam_MEMORY_2_ReadDummyCycle not found: check if there is a RefParameter without a condition.
2025-08-07 15:46:52,291 [WARN] IP:2250 - RefParam_MEMORY_2_NumberOfConfig not found: check if there is a RefParameter without a condition.
2025-08-07 15:46:52,291 [WARN] IP:2250 - RefParam_MEMORY_2_Config1_WriteMask not found: check if there is a RefParameter without a condition.
2025-08-07 15:46:52,291 [WARN] IP:2250 - RefParam_MEMORY_2_Config1_WriteValue not found: check if there is a RefParameter without a condition.
2025-08-07 15:46:52,291 [WARN] IP:2250 - RefParam_MEMORY_2_Config1_RegAddress not found: check if there is a RefParameter without a condition.
2025-08-07 15:46:52,291 [WARN] IP:2250 - RefParam_MEMORY_2_Config2_WriteMask not found: check if there is a RefParameter without a condition.
2025-08-07 15:46:52,291 [WARN] IP:2250 - RefParam_MEMORY_2_Config2_WriteValue not found: check if there is a RefParameter without a condition.
2025-08-07 15:46:52,291 [WARN] IP:2250 - RefParam_MEMORY_2_Config2_RegAddress not found: check if there is a RefParameter without a condition.
2025-08-07 15:46:52,291 [WARN] IP:2250 - RefParam_MEMORY_2_Config3_WriteMask not found: check if there is a RefParameter without a condition.
2025-08-07 15:46:52,291 [WARN] IP:2250 - RefParam_MEMORY_2_Config3_WriteValue not found: check if there is a RefParameter without a condition.
2025-08-07 15:46:52,291 [WARN] IP:2250 - RefParam_MEMORY_2_Config3_RegAddress not found: check if there is a RefParameter without a condition.
2025-08-07 15:46:52,546 [INFO] Gpio:278 - dependency for GPIO [ADC1, LPUART1, XSPI2]
2025-08-07 15:46:52,639 [WARN] IP:2250 - RefParam_LRUN_SRC_memory not found: check if there is a RefParameter without a condition.
2025-08-07 15:46:52,639 [WARN] IP:2250 - RefParam_LRUN_SRC_offset not found: check if there is a RefParameter without a condition.
2025-08-07 15:46:52,640 [WARN] IP:2250 - RefParam_LRUN_SRC_size not found: check if there is a RefParameter without a condition.
2025-08-07 15:46:52,640 [WARN] IP:2250 - RefParam_LRUN_DEST_memory not found: check if there is a RefParameter without a condition.
2025-08-07 15:46:52,640 [WARN] IP:2250 - RefParam_LRUN_DEST_offset not found: check if there is a RefParameter without a condition.
2025-08-07 15:46:52,640 [WARN] IP:2250 - RefParam_MEMORY_1_Size not found: check if there is a RefParameter without a condition.
2025-08-07 15:46:52,640 [WARN] IP:2250 - RefParam_MEMORY_1_FreqMax not found: check if there is a RefParameter without a condition.
2025-08-07 15:46:52,640 [WARN] IP:2250 - RefParam_MEMORY_1_ReadReg not found: check if there is a RefParameter without a condition.
2025-08-07 15:46:52,640 [WARN] IP:2250 - RefParam_MEMORY_1_WriteReg not found: check if there is a RefParameter without a condition.
2025-08-07 15:46:52,640 [WARN] IP:2250 - RefParam_MEMORY_1_RegSize not found: check if there is a RefParameter without a condition.
2025-08-07 15:46:52,640 [WARN] IP:2250 - RefParam_MEMORY_1_RegDummyCycle not found: check if there is a RefParameter without a condition.
2025-08-07 15:46:52,640 [WARN] IP:2250 - RefParam_MEMORY_1_WriteCommand not found: check if there is a RefParameter without a condition.
2025-08-07 15:46:52,640 [WARN] IP:2250 - RefParam_MEMORY_1_WriteDummyCycle not found: check if there is a RefParameter without a condition.
2025-08-07 15:46:52,640 [WARN] IP:2250 - RefParam_MEMORY_1_ReadCommand not found: check if there is a RefParameter without a condition.
2025-08-07 15:46:52,640 [WARN] IP:2250 - RefParam_MEMORY_1_WrapReadCommand not found: check if there is a RefParameter without a condition.
2025-08-07 15:46:52,640 [WARN] IP:2250 - RefParam_MEMORY_1_ReadDummyCycle not found: check if there is a RefParameter without a condition.
2025-08-07 15:46:52,640 [WARN] IP:2250 - RefParam_MEMORY_1_NumberOfConfig not found: check if there is a RefParameter without a condition.
2025-08-07 15:46:52,640 [WARN] IP:2250 - RefParam_MEMORY_1_Config1_WriteMask not found: check if there is a RefParameter without a condition.
2025-08-07 15:46:52,640 [WARN] IP:2250 - RefParam_MEMORY_1_Config1_WriteValue not found: check if there is a RefParameter without a condition.
2025-08-07 15:46:52,640 [WARN] IP:2250 - RefParam_MEMORY_1_Config1_RegAddress not found: check if there is a RefParameter without a condition.
2025-08-07 15:46:52,640 [WARN] IP:2250 - RefParam_MEMORY_1_Config2_WriteMask not found: check if there is a RefParameter without a condition.
2025-08-07 15:46:52,640 [WARN] IP:2250 - RefParam_MEMORY_1_Config2_WriteValue not found: check if there is a RefParameter without a condition.
2025-08-07 15:46:52,640 [WARN] IP:2250 - RefParam_MEMORY_1_Config2_RegAddress not found: check if there is a RefParameter without a condition.
2025-08-07 15:46:52,640 [WARN] IP:2250 - RefParam_MEMORY_1_Config3_WriteMask not found: check if there is a RefParameter without a condition.
2025-08-07 15:46:52,640 [WARN] IP:2250 - RefParam_MEMORY_1_Config3_WriteValue not found: check if there is a RefParameter without a condition.
2025-08-07 15:46:52,640 [WARN] IP:2250 - RefParam_MEMORY_1_Config3_RegAddress not found: check if there is a RefParameter without a condition.
2025-08-07 15:46:52,640 [WARN] IP:2250 - RefParam_MEMORY_2_Instance not found: check if there is a RefParameter without a condition.
2025-08-07 15:46:52,640 [WARN] IP:2250 - RefParam_MEMORY_2_ConfigType not found: check if there is a RefParameter without a condition.
2025-08-07 15:46:52,640 [WARN] IP:2250 - RefParam_MEMORY_2_Size not found: check if there is a RefParameter without a condition.
2025-08-07 15:46:52,640 [WARN] IP:2250 - RefParam_MEMORY_2_FreqMax not found: check if there is a RefParameter without a condition.
2025-08-07 15:46:52,640 [WARN] IP:2250 - RefParam_MEMORY_2_ReadReg not found: check if there is a RefParameter without a condition.
2025-08-07 15:46:52,640 [WARN] IP:2250 - RefParam_MEMORY_2_WriteReg not found: check if there is a RefParameter without a condition.
2025-08-07 15:46:52,640 [WARN] IP:2250 - RefParam_MEMORY_2_RegSize not found: check if there is a RefParameter without a condition.
2025-08-07 15:46:52,640 [WARN] IP:2250 - RefParam_MEMORY_2_RegDummyCycle not found: check if there is a RefParameter without a condition.
2025-08-07 15:46:52,641 [WARN] IP:2250 - RefParam_MEMORY_2_WriteCommand not found: check if there is a RefParameter without a condition.
2025-08-07 15:46:52,641 [WARN] IP:2250 - RefParam_MEMORY_2_WriteDummyCycle not found: check if there is a RefParameter without a condition.
2025-08-07 15:46:52,641 [WARN] IP:2250 - RefParam_MEMORY_2_ReadCommand not found: check if there is a RefParameter without a condition.
2025-08-07 15:46:52,641 [WARN] IP:2250 - RefParam_MEMORY_2_WrapReadCommand not found: check if there is a RefParameter without a condition.
2025-08-07 15:46:52,641 [WARN] IP:2250 - RefParam_MEMORY_2_ReadDummyCycle not found: check if there is a RefParameter without a condition.
2025-08-07 15:46:52,641 [WARN] IP:2250 - RefParam_MEMORY_2_NumberOfConfig not found: check if there is a RefParameter without a condition.
2025-08-07 15:46:52,641 [WARN] IP:2250 - RefParam_MEMORY_2_Config1_WriteMask not found: check if there is a RefParameter without a condition.
2025-08-07 15:46:52,641 [WARN] IP:2250 - RefParam_MEMORY_2_Config1_WriteValue not found: check if there is a RefParameter without a condition.
2025-08-07 15:46:52,641 [WARN] IP:2250 - RefParam_MEMORY_2_Config1_RegAddress not found: check if there is a RefParameter without a condition.
2025-08-07 15:46:52,641 [WARN] IP:2250 - RefParam_MEMORY_2_Config2_WriteMask not found: check if there is a RefParameter without a condition.
2025-08-07 15:46:52,641 [WARN] IP:2250 - RefParam_MEMORY_2_Config2_WriteValue not found: check if there is a RefParameter without a condition.
2025-08-07 15:46:52,641 [WARN] IP:2250 - RefParam_MEMORY_2_Config2_RegAddress not found: check if there is a RefParameter without a condition.
2025-08-07 15:46:52,641 [WARN] IP:2250 - RefParam_MEMORY_2_Config3_WriteMask not found: check if there is a RefParameter without a condition.
2025-08-07 15:46:52,641 [WARN] IP:2250 - RefParam_MEMORY_2_Config3_WriteValue not found: check if there is a RefParameter without a condition.
2025-08-07 15:46:52,641 [WARN] IP:2250 - RefParam_MEMORY_2_Config3_RegAddress not found: check if there is a RefParameter without a condition.
2025-08-07 15:46:52,858 [INFO] Gpio:278 - dependency for GPIO [ADC1, LPUART1, XSPI2]
2025-08-07 15:54:05,135 [WARN] IP:2250 - RefParam_LRUN_SRC_memory not found: check if there is a RefParameter without a condition.
2025-08-07 15:54:05,135 [WARN] IP:2250 - RefParam_LRUN_SRC_offset not found: check if there is a RefParameter without a condition.
2025-08-07 15:54:05,135 [WARN] IP:2250 - RefParam_LRUN_SRC_size not found: check if there is a RefParameter without a condition.
2025-08-07 15:54:05,135 [WARN] IP:2250 - RefParam_LRUN_DEST_memory not found: check if there is a RefParameter without a condition.
2025-08-07 15:54:05,135 [WARN] IP:2250 - RefParam_LRUN_DEST_offset not found: check if there is a RefParameter without a condition.
2025-08-07 15:54:05,135 [WARN] IP:2250 - RefParam_MEMORY_1_Size not found: check if there is a RefParameter without a condition.
2025-08-07 15:54:05,135 [WARN] IP:2250 - RefParam_MEMORY_1_FreqMax not found: check if there is a RefParameter without a condition.
2025-08-07 15:54:05,135 [WARN] IP:2250 - RefParam_MEMORY_1_ReadReg not found: check if there is a RefParameter without a condition.
2025-08-07 15:54:05,135 [WARN] IP:2250 - RefParam_MEMORY_1_WriteReg not found: check if there is a RefParameter without a condition.
2025-08-07 15:54:05,135 [WARN] IP:2250 - RefParam_MEMORY_1_RegSize not found: check if there is a RefParameter without a condition.
2025-08-07 15:54:05,135 [WARN] IP:2250 - RefParam_MEMORY_1_RegDummyCycle not found: check if there is a RefParameter without a condition.
2025-08-07 15:54:05,135 [WARN] IP:2250 - RefParam_MEMORY_1_WriteCommand not found: check if there is a RefParameter without a condition.
2025-08-07 15:54:05,135 [WARN] IP:2250 - RefParam_MEMORY_1_WriteDummyCycle not found: check if there is a RefParameter without a condition.
2025-08-07 15:54:05,135 [WARN] IP:2250 - RefParam_MEMORY_1_ReadCommand not found: check if there is a RefParameter without a condition.
2025-08-07 15:54:05,135 [WARN] IP:2250 - RefParam_MEMORY_1_WrapReadCommand not found: check if there is a RefParameter without a condition.
2025-08-07 15:54:05,135 [WARN] IP:2250 - RefParam_MEMORY_1_ReadDummyCycle not found: check if there is a RefParameter without a condition.
2025-08-07 15:54:05,135 [WARN] IP:2250 - RefParam_MEMORY_1_NumberOfConfig not found: check if there is a RefParameter without a condition.
2025-08-07 15:54:05,135 [WARN] IP:2250 - RefParam_MEMORY_1_Config1_WriteMask not found: check if there is a RefParameter without a condition.
2025-08-07 15:54:05,135 [WARN] IP:2250 - RefParam_MEMORY_1_Config1_WriteValue not found: check if there is a RefParameter without a condition.
2025-08-07 15:54:05,135 [WARN] IP:2250 - RefParam_MEMORY_1_Config1_RegAddress not found: check if there is a RefParameter without a condition.
2025-08-07 15:54:05,135 [WARN] IP:2250 - RefParam_MEMORY_1_Config2_WriteMask not found: check if there is a RefParameter without a condition.
2025-08-07 15:54:05,135 [WARN] IP:2250 - RefParam_MEMORY_1_Config2_WriteValue not found: check if there is a RefParameter without a condition.
2025-08-07 15:54:05,135 [WARN] IP:2250 - RefParam_MEMORY_1_Config2_RegAddress not found: check if there is a RefParameter without a condition.
2025-08-07 15:54:05,135 [WARN] IP:2250 - RefParam_MEMORY_1_Config3_WriteMask not found: check if there is a RefParameter without a condition.
2025-08-07 15:54:05,135 [WARN] IP:2250 - RefParam_MEMORY_1_Config3_WriteValue not found: check if there is a RefParameter without a condition.
2025-08-07 15:54:05,135 [WARN] IP:2250 - RefParam_MEMORY_1_Config3_RegAddress not found: check if there is a RefParameter without a condition.
2025-08-07 15:54:05,135 [WARN] IP:2250 - RefParam_MEMORY_2_Instance not found: check if there is a RefParameter without a condition.
2025-08-07 15:54:05,135 [WARN] IP:2250 - RefParam_MEMORY_2_ConfigType not found: check if there is a RefParameter without a condition.
2025-08-07 15:54:05,135 [WARN] IP:2250 - RefParam_MEMORY_2_Size not found: check if there is a RefParameter without a condition.
2025-08-07 15:54:05,135 [WARN] IP:2250 - RefParam_MEMORY_2_FreqMax not found: check if there is a RefParameter without a condition.
2025-08-07 15:54:05,135 [WARN] IP:2250 - RefParam_MEMORY_2_ReadReg not found: check if there is a RefParameter without a condition.
2025-08-07 15:54:05,135 [WARN] IP:2250 - RefParam_MEMORY_2_WriteReg not found: check if there is a RefParameter without a condition.
2025-08-07 15:54:05,135 [WARN] IP:2250 - RefParam_MEMORY_2_RegSize not found: check if there is a RefParameter without a condition.
2025-08-07 15:54:05,135 [WARN] IP:2250 - RefParam_MEMORY_2_RegDummyCycle not found: check if there is a RefParameter without a condition.
2025-08-07 15:54:05,135 [WARN] IP:2250 - RefParam_MEMORY_2_WriteCommand not found: check if there is a RefParameter without a condition.
2025-08-07 15:54:05,136 [WARN] IP:2250 - RefParam_MEMORY_2_WriteDummyCycle not found: check if there is a RefParameter without a condition.
2025-08-07 15:54:05,136 [WARN] IP:2250 - RefParam_MEMORY_2_ReadCommand not found: check if there is a RefParameter without a condition.
2025-08-07 15:54:05,136 [WARN] IP:2250 - RefParam_MEMORY_2_WrapReadCommand not found: check if there is a RefParameter without a condition.
2025-08-07 15:54:05,136 [WARN] IP:2250 - RefParam_MEMORY_2_ReadDummyCycle not found: check if there is a RefParameter without a condition.
2025-08-07 15:54:05,136 [WARN] IP:2250 - RefParam_MEMORY_2_NumberOfConfig not found: check if there is a RefParameter without a condition.
2025-08-07 15:54:05,136 [WARN] IP:2250 - RefParam_MEMORY_2_Config1_WriteMask not found: check if there is a RefParameter without a condition.
2025-08-07 15:54:05,136 [WARN] IP:2250 - RefParam_MEMORY_2_Config1_WriteValue not found: check if there is a RefParameter without a condition.
2025-08-07 15:54:05,136 [WARN] IP:2250 - RefParam_MEMORY_2_Config1_RegAddress not found: check if there is a RefParameter without a condition.
2025-08-07 15:54:05,136 [WARN] IP:2250 - RefParam_MEMORY_2_Config2_WriteMask not found: check if there is a RefParameter without a condition.
2025-08-07 15:54:05,136 [WARN] IP:2250 - RefParam_MEMORY_2_Config2_WriteValue not found: check if there is a RefParameter without a condition.
2025-08-07 15:54:05,136 [WARN] IP:2250 - RefParam_MEMORY_2_Config2_RegAddress not found: check if there is a RefParameter without a condition.
2025-08-07 15:54:05,136 [WARN] IP:2250 - RefParam_MEMORY_2_Config3_WriteMask not found: check if there is a RefParameter without a condition.
2025-08-07 15:54:05,136 [WARN] IP:2250 - RefParam_MEMORY_2_Config3_WriteValue not found: check if there is a RefParameter without a condition.
2025-08-07 15:54:05,136 [WARN] IP:2250 - RefParam_MEMORY_2_Config3_RegAddress not found: check if there is a RefParameter without a condition.
2025-08-07 15:54:05,278 [INFO] Gpio:278 - dependency for GPIO [ADC1, LPUART1, XSPI2]
2025-08-07 15:54:43,465 [INFO] WebApp:652 - userauth.ini deleted or not created
2025-08-07 15:54:44,659 [INFO] ServerAccessManage:452 - Complete download http(s) 200
2025-08-07 15:54:44,659 [INFO] ServerAccessManage:509 - Download File STMicroelectronics.X-CUBE-AI.10.2.0.pack
2025-08-07 15:54:55,184 [INFO] AnalyticsPlugin:368 - Accepted License(s): [STMicroelectronics.X-CUBE-AI.10.2.0]
2025-08-07 15:54:55,184 [INFO] FileExtend:248 - Unzip File : STMicroelectronics.X-CUBE-AI.10.2.0.pack
2025-08-07 15:54:55,185 [INFO] FileExtend:263 - Standard Zip Deflate
2025-08-07 15:54:56,382 [INFO] LoadServerPackagesThread:196 - End of LoadServerPackages Thread
2025-08-07 15:54:56,783 [WARN] ThirdParty:509 - waiting for thirdparty lock release [add software pack]
2025-08-07 15:54:56,783 [INFO] ThirdParty:511 - entering critical section [add software pack]
2025-08-07 15:54:56,854 [INFO] ThirdPartyModel:298 - Start build external matchings
2025-08-07 15:54:57,297 [INFO] ThirdPartyModel:316 - End build external matchings
2025-08-07 15:54:57,491 [INFO] ThirdPartyModel:298 - Start build external matchings
2025-08-07 15:54:57,861 [INFO] ThirdPartyModel:316 - End build external matchings
2025-08-07 15:54:57,948 [INFO] ThirdPartyModel:298 - Start build external matchings
2025-08-07 15:54:58,199 [INFO] ThirdPartyModel:316 - End build external matchings
2025-08-07 15:54:58,271 [INFO] ThirdPartyModel:298 - Start build external matchings
2025-08-07 15:54:58,573 [INFO] ThirdPartyModel:316 - End build external matchings
2025-08-07 15:54:58,650 [INFO] ThirdPartyPackRequestProcessor:621 - CMSIS Pack Vendor :STMicroelectronics X-CUBE-PM33A1 1.0.0
2025-08-07 15:54:58,650 [INFO] ThirdPartyPackRequestProcessor:621 - CMSIS Pack Vendor :STMicroelectronics USBPD 4.1
2025-08-07 15:54:58,650 [INFO] ThirdPartyPackRequestProcessor:621 - CMSIS Pack Vendor :STMicroelectronics X-CUBE-NFC9 1.0.0
2025-08-07 15:54:58,650 [INFO] ThirdPartyPackRequestProcessor:621 - CMSIS Pack Vendor :wolfSSL I-CUBE-wolfSSL 5.8.0
2025-08-07 15:54:58,650 [INFO] ThirdPartyPackRequestProcessor:621 - CMSIS Pack Vendor :STMicroelectronics USB_HOST 2.0.0
2025-08-07 15:54:58,650 [INFO] ThirdPartyPackRequestProcessor:621 - CMSIS Pack Vendor :STMicroelectronics FP-SNS-MOTENVWB1 1.4.0
2025-08-07 15:54:58,650 [INFO] ThirdPartyPackRequestProcessor:621 - CMSIS Pack Vendor :STMicroelectronics X-CUBE-AZRTOS-F4 1.1.0
2025-08-07 15:54:58,650 [INFO] ThirdPartyPackRequestProcessor:621 - CMSIS Pack Vendor :STMicroelectronics LIBJPEG 8.0.0
2025-08-07 15:54:58,650 [INFO] ThirdPartyPackRequestProcessor:621 - CMSIS Pack Vendor :STMicroelectronics FP-ATR-ASTRA1 2.0.2
2025-08-07 15:54:58,650 [INFO] ThirdPartyPackRequestProcessor:621 - CMSIS Pack Vendor :STMicroelectronics X-CUBE-BLE1 7.1.0
2025-08-07 15:54:58,650 [INFO] ThirdPartyPackRequestProcessor:621 - CMSIS Pack Vendor :Avnet-IotConnect X-CUBE-IoTC-DA16k-PMOD 1.0.0
2025-08-07 15:54:58,650 [INFO] ThirdPartyPackRequestProcessor:621 - CMSIS Pack Vendor :STMicroelectronics X-CUBE-SMBUS 2.1.0
2025-08-07 15:54:58,650 [INFO] ThirdPartyPackRequestProcessor:621 - CMSIS Pack Vendor :wolfSSL I-CUBE-wolfMQTT 1.19.2
2025-08-07 15:54:58,650 [INFO] ThirdPartyPackRequestProcessor:621 - CMSIS Pack Vendor :STMicroelectronics USB_DEVICE 3.0.0
2025-08-07 15:54:58,650 [INFO] ThirdPartyPackRequestProcessor:621 - CMSIS Pack Vendor :STMicroelectronics X-CUBE-ISPU 2.1.0
2025-08-07 15:54:58,650 [INFO] ThirdPartyPackRequestProcessor:621 - CMSIS Pack Vendor :STMicroelectronics X-CUBE-EEPRMA1 5.2.0
2025-08-07 15:54:58,650 [INFO] ThirdPartyPackRequestProcessor:621 - CMSIS Pack Vendor :STMicroelectronics X-CUBE-BLEMGR 4.1.0
2025-08-07 15:54:58,650 [INFO] ThirdPartyPackRequestProcessor:621 - CMSIS Pack Vendor :STMicroelectronics X-CUBE-AZRTOS-WB 2.0.0
2025-08-07 15:54:58,650 [INFO] ThirdPartyPackRequestProcessor:621 - CMSIS Pack Vendor :STMicroelectronics X-CUBE-ST60 1.0.0
2025-08-07 15:54:58,650 [INFO] ThirdPartyPackRequestProcessor:621 - CMSIS Pack Vendor :STMicroelectronics X-CUBE-GNSS1 7.0.1
2025-08-07 15:54:58,650 [INFO] ThirdPartyPackRequestProcessor:621 - CMSIS Pack Vendor :STMicroelectronics X-CUBE-NFC12 1.0.0
2025-08-07 15:54:58,650 [INFO] ThirdPartyPackRequestProcessor:621 - CMSIS Pack Vendor :STMicroelectronics X-CUBE-AZRTOS-F7 1.1.0
2025-08-07 15:54:58,650 [INFO] ThirdPartyPackRequestProcessor:621 - CMSIS Pack Vendor :STMicroelectronics X-CUBE-AZRTOS-L5 2.0.0
2025-08-07 15:54:58,650 [INFO] ThirdPartyPackRequestProcessor:621 - CMSIS Pack Vendor :STMicroelectronics X-CUBE-TOUCHGFX 4.25.0
2025-08-07 15:54:58,650 [INFO] ThirdPartyPackRequestProcessor:621 - CMSIS Pack Vendor :STMicroelectronics USB_DEVICE 2.0.0
2025-08-07 15:54:58,650 [INFO] ThirdPartyPackRequestProcessor:621 - CMSIS Pack Vendor :STMicroelectronics X-CUBE-NFC6 3.1.0
2025-08-07 15:54:58,651 [INFO] ThirdPartyPackRequestProcessor:621 - CMSIS Pack Vendor :STMicroelectronics X-CUBE-AI 10.1.0
2025-08-07 15:54:58,651 [INFO] ThirdPartyPackRequestProcessor:621 - CMSIS Pack Vendor :STMicroelectronics FP-SNS-STBOX1 2.0.0
2025-08-07 15:54:58,651 [INFO] ThirdPartyPackRequestProcessor:621 - CMSIS Pack Vendor :quantropi X-CUBE-qispace-sdk-base 2.1.0
2025-08-07 15:54:58,651 [INFO] ThirdPartyPackRequestProcessor:621 - CMSIS Pack Vendor :STMicroelectronics FreeRTOS 0.0.1
2025-08-07 15:54:58,651 [INFO] ThirdPartyPackRequestProcessor:621 - CMSIS Pack Vendor :STMicroelectronics X-CUBE-AZRTOS-G0 1.1.0
2025-08-07 15:54:58,651 [INFO] ThirdPartyPackRequestProcessor:621 - CMSIS Pack Vendor :STMicroelectronics X-CUBE-SAFEA1 1.2.2
2025-08-07 15:54:58,651 [INFO] ThirdPartyPackRequestProcessor:621 - CMSIS Pack Vendor :STMicroelectronics X-CUBE-NFC4 3.0.0
2025-08-07 15:54:58,651 [INFO] ThirdPartyPackRequestProcessor:621 - CMSIS Pack Vendor :STMicroelectronics X-CUBE-SUBG2 5.0.0
2025-08-07 15:54:58,651 [INFO] ThirdPartyPackRequestProcessor:621 - CMSIS Pack Vendor :STMicroelectronics X-CUBE-AZRTOS-H7RS 1.1.0
2025-08-07 15:54:58,651 [INFO] ThirdPartyPackRequestProcessor:621 - CMSIS Pack Vendor :STMicroelectronics STM32_WPAN 1.0.0
2025-08-07 15:54:58,651 [INFO] ThirdPartyPackRequestProcessor:621 - CMSIS Pack Vendor :EmbeddedOffice I-CUBE-FS-RTOS 1.0.1
2025-08-07 15:54:58,651 [INFO] ThirdPartyPackRequestProcessor:621 - CMSIS Pack Vendor :STMicroelectronics lwIP 2.0.3
2025-08-07 15:54:58,651 [INFO] ThirdPartyPackRequestProcessor:621 - CMSIS Pack Vendor :Cesanta I-CUBE-Mongoose 7.13.0
2025-08-07 15:54:58,651 [INFO] ThirdPartyPackRequestProcessor:621 - CMSIS Pack Vendor :STMicroelectronics USB_HOST 1.0.0
2025-08-07 15:54:58,651 [INFO] ThirdPartyPackRequestProcessor:621 - CMSIS Pack Vendor :Infineon AIROC-Wi-Fi-Bluetooth-STM32 1.7.1
2025-08-07 15:54:58,651 [INFO] ThirdPartyPackRequestProcessor:621 - CMSIS Pack Vendor :STMicroelectronics X-CUBE-AZRTOS-G4 2.0.0
2025-08-07 15:54:58,651 [INFO] ThirdPartyPackRequestProcessor:621 - CMSIS Pack Vendor :STMicroelectronics X-CUBE-WB05N 2.0.0
2025-08-07 15:54:58,651 [INFO] ThirdPartyPackRequestProcessor:621 - CMSIS Pack Vendor :STMicroelectronics PDM2PCM 3.1.0
2025-08-07 15:54:58,651 [INFO] ThirdPartyPackRequestProcessor:621 - CMSIS Pack Vendor :STMicroelectronics PDM2PCM 3.3.0
2025-08-07 15:54:58,651 [INFO] ThirdPartyPackRequestProcessor:621 - CMSIS Pack Vendor :wolfSSL I-CUBE-wolfTPM 3.8.0
2025-08-07 15:54:58,651 [INFO] ThirdPartyPackRequestProcessor:621 - CMSIS Pack Vendor :STMicroelectronics X-CUBE-AZRTOS-H7 3.4.0
2025-08-07 15:54:58,651 [INFO] ThirdPartyPackRequestProcessor:621 - CMSIS Pack Vendor :STMicroelectronics X-CUBE-DISPLAY 3.0.0
2025-08-07 15:54:58,651 [INFO] ThirdPartyPackRequestProcessor:621 - CMSIS Pack Vendor :wolfSSL I-CUBE-wolfSSH 1.4.20
2025-08-07 15:54:58,651 [INFO] ThirdPartyPackRequestProcessor:621 - CMSIS Pack Vendor :STMicroelectronics X-CUBE-NFC7 2.0.0
2025-08-07 15:54:58,651 [INFO] ThirdPartyPackRequestProcessor:621 - CMSIS Pack Vendor :STMicroelectronics X-CUBE-TCPP 4.2.0
2025-08-07 15:54:58,651 [INFO] ThirdPartyPackRequestProcessor:621 - CMSIS Pack Vendor :RealThread X-CUBE-RT-Thread_Nano 4.1.1
2025-08-07 15:54:58,651 [INFO] ThirdPartyPackRequestProcessor:621 - CMSIS Pack Vendor :STMicroelectronics FP-ATR-SIGFOX1 3.2.0
2025-08-07 15:54:58,651 [INFO] ThirdPartyPackRequestProcessor:621 - CMSIS Pack Vendor :STMicroelectronics X-CUBE-NFC10 1.0.0
2025-08-07 15:54:58,651 [INFO] ThirdPartyPackRequestProcessor:621 - CMSIS Pack Vendor :STMicroelectronics X-CUBE-FREERTOS 1.3.1
2025-08-07 15:54:58,651 [INFO] ThirdPartyPackRequestProcessor:621 - CMSIS Pack Vendor :STMicroelectronics HAL Drivers 0.0.0
2025-08-07 15:54:58,651 [INFO] ThirdPartyPackRequestProcessor:621 - CMSIS Pack Vendor :STMicroelectronics MBEDTLS 2.16.2
2025-08-07 15:54:58,651 [INFO] ThirdPartyPackRequestProcessor:621 - CMSIS Pack Vendor :STMicroelectronics X-CUBE-IPS 3.1.0
2025-08-07 15:54:58,651 [INFO] ThirdPartyPackRequestProcessor:621 - CMSIS Pack Vendor :STMicroelectronics X-CUBE-ALS 1.0.2
2025-08-07 15:54:58,651 [INFO] ThirdPartyPackRequestProcessor:621 - CMSIS Pack Vendor :emotas I-CUBE-CANOPEN 1.3.0
2025-08-07 15:54:58,651 [INFO] ThirdPartyPackRequestProcessor:621 - CMSIS Pack Vendor :STMicroelectronics MBEDTLS 2.14.1
2025-08-07 15:54:58,651 [INFO] ThirdPartyPackRequestProcessor:621 - CMSIS Pack Vendor :ITTIA_DB I-CUBE-ITTIADB 8.9.0
2025-08-07 15:54:58,651 [INFO] ThirdPartyPackRequestProcessor:621 - CMSIS Pack Vendor :portGmbH I-Cube-SoM-uGOAL 1.1.0
2025-08-07 15:54:58,651 [INFO] ThirdPartyPackRequestProcessor:621 - CMSIS Pack Vendor :STMicroelectronics X-CUBE-ST67W61 1.0.0
2025-08-07 15:54:58,651 [INFO] ThirdPartyPackRequestProcessor:621 - CMSIS Pack Vendor :STMicroelectronics FP-SNS-STBOX1 2.1.0
2025-08-07 15:54:58,651 [INFO] ThirdPartyPackRequestProcessor:621 - CMSIS Pack Vendor :STMicroelectronics X-CUBE-AI 10.2.0
2025-08-07 15:54:58,651 [INFO] ThirdPartyPackRequestProcessor:621 - CMSIS Pack Vendor :STMicroelectronics FP-SNS-STAIOTCFT 1.0.0
2025-08-07 15:54:58,651 [INFO] ThirdPartyPackRequestProcessor:621 - CMSIS Pack Vendor :STMicroelectronics ThreadX 1.0.0
2025-08-07 15:54:58,651 [INFO] ThirdPartyPackRequestProcessor:621 - CMSIS Pack Vendor :STMicroelectronics FP-SNS-SMARTAG2 1.2.0
2025-08-07 15:54:58,651 [INFO] ThirdPartyPackRequestProcessor:621 - CMSIS Pack Vendor :STMicroelectronics FP-SNS-FLIGHT1 5.1.0
2025-08-07 15:54:58,651 [INFO] ThirdPartyPackRequestProcessor:621 - CMSIS Pack Vendor :STMicroelectronics X-CUBE-AZRTOS-WL 2.0.0
2025-08-07 15:54:58,651 [INFO] ThirdPartyPackRequestProcessor:621 - CMSIS Pack Vendor :SEGGER I-CUBE-embOS 1.3.1
2025-08-07 15:54:58,651 [INFO] ThirdPartyPackRequestProcessor:621 - CMSIS Pack Vendor :STMicroelectronics X-CUBE-ALGOBUILD 1.4.0
2025-08-07 15:54:58,651 [INFO] ThirdPartyPackRequestProcessor:621 - CMSIS Pack Vendor :STMicroelectronics X-CUBE-DPower 1.3.0
2025-08-07 15:54:58,651 [INFO] ThirdPartyPackRequestProcessor:621 - CMSIS Pack Vendor :STMicroelectronics X-CUBE-MEMS1 11.3.0
2025-08-07 15:54:58,651 [INFO] ThirdPartyPackRequestProcessor:621 - CMSIS Pack Vendor :STMicroelectronics FP-SNS-MOTENV1 5.0.0
2025-08-07 15:54:58,651 [INFO] ThirdPartyPackRequestProcessor:621 - CMSIS Pack Vendor :STMicroelectronics USB_DEVICE 1.0.0
2025-08-07 15:54:58,651 [INFO] ThirdPartyPackRequestProcessor:621 - CMSIS Pack Vendor :STMicroelectronics X-CUBE-AZRTOS-L4 2.0.0
2025-08-07 15:54:58,651 [INFO] ThirdPartyPackRequestProcessor:621 - CMSIS Pack Vendor :STMicroelectronics ThreadX 0.0.2
2025-08-07 15:54:58,651 [INFO] ThirdPartyPackRequestProcessor:621 - CMSIS Pack Vendor :WES I-CUBE-Cesium 1.3.0
2025-08-07 15:54:58,651 [INFO] ThirdPartyPackRequestProcessor:621 - CMSIS Pack Vendor :STMicroelectronics lwIP 2.1.2
2025-08-07 15:54:58,651 [INFO] ThirdPartyPackRequestProcessor:621 - CMSIS Pack Vendor :STMicroelectronics X-CUBE-SFXS2LP1 4.0.0
2025-08-07 15:54:58,651 [INFO] ThirdPartyPackRequestProcessor:621 - CMSIS Pack Vendor :STMicroelectronics X-CUBE-BLE2 3.3.0
2025-08-07 15:54:58,651 [INFO] ThirdPartyPackRequestProcessor:621 - CMSIS Pack Vendor :STMicroelectronics X-CUBE-TOF1 3.4.3
2025-08-07 15:54:58,651 [INFO] ThirdPartyPackRequestProcessor:621 - CMSIS Pack Vendor :STMicroelectronics PDM2PCM 3.2.0
2025-08-07 15:54:58,651 [ERROR] MainUpdater:4120 - Unexpected exception : Cannot invoke "java.util.List.isEmpty()" because "packs" is null
2025-08-07 15:54:58,652 [INFO] LoadServerUpdatesThread:375 - End of LoadServerUpdate Thread
2025-08-07 15:54:58,831 [INFO] ThirdPartyModel:298 - Start build external matchings
2025-08-07 15:54:58,852 [INFO] MainUpdater:1610 - ProgressBar Return now
2025-08-07 15:54:59,131 [INFO] ThirdPartyModel:316 - End build external matchings
2025-08-07 15:54:59,248 [INFO] ThirdPartyModel:298 - Start build external matchings
2025-08-07 15:54:59,515 [INFO] ThirdPartyModel:316 - End build external matchings
2025-08-07 15:54:59,586 [INFO] ThirdPartyModel:298 - Start build external matchings
2025-08-07 15:54:59,900 [INFO] ThirdPartyModel:316 - End build external matchings
2025-08-07 15:54:59,992 [INFO] ThirdPartyModel:298 - Start build external matchings
2025-08-07 15:55:00,229 [INFO] ThirdPartyModel:316 - End build external matchings
2025-08-07 15:55:00,290 [INFO] CheckServerUpdateThread:120 - End of CheckServer Thread
2025-08-07 15:55:08,526 [INFO] ApiDbMcu:532 - Load IP Config File for STMicroelectronics.X-CUBE-AI.10.2.0_ExtMemLoader
2025-08-07 15:55:08,959 [WARN] SupportedApi:132 - Cannot load RTOS API schema: s4s-elt-must-match.1: The content of 'definitions' must match (annotation?, (simpleType | complexType)?, (unique | key | keyref)*)). A problem was found starting at: attribute.
2025-08-07 15:55:09,031 [INFO] IPUIPlugin:80 - create IPUIPlugin
2025-08-07 15:55:11,011 [INFO] PlatformPackageDownloader:263 - STEdgeAI Core will be downloaded from: https://api.stm32ai.com/marketplace/v1/file/stedgeai-windows-10.2.0.zip?u=927c04f8-56b5-11f0-8f16-10f60a801280&o=X-CUBE-AI&token=10
2025-08-07 15:55:12,005 [INFO] PlatformPackageDownloader:434 - 888924835 bytes to download
2025-08-07 15:55:22,006 [INFO] PlatformPackageDownloader:453 - 51630080 bytes downloaded
2025-08-07 15:55:32,251 [INFO] PlatformPackageDownloader:453 - 74895360 bytes downloaded
2025-08-07 15:55:42,294 [INFO] PlatformPackageDownloader:453 - 102633472 bytes downloaded
2025-08-07 15:55:52,301 [INFO] PlatformPackageDownloader:453 - 132321280 bytes downloaded
2025-08-07 15:56:02,631 [INFO] PlatformPackageDownloader:453 - 177295360 bytes downloaded
2025-08-07 15:56:12,743 [INFO] PlatformPackageDownloader:453 - 202756096 bytes downloaded
2025-08-07 15:56:22,794 [INFO] PlatformPackageDownloader:453 - 213536768 bytes downloaded
2025-08-07 15:56:32,803 [INFO] PlatformPackageDownloader:453 - 241700864 bytes downloaded
2025-08-07 15:56:42,858 [INFO] PlatformPackageDownloader:453 - 292376576 bytes downloaded
2025-08-07 15:56:52,864 [INFO] PlatformPackageDownloader:453 - 323342336 bytes downloaded
2025-08-07 15:57:02,989 [INFO] PlatformPackageDownloader:453 - 381931520 bytes downloaded
2025-08-07 15:57:13,158 [INFO] PlatformPackageDownloader:453 - 404836352 bytes downloaded
2025-08-07 15:57:23,413 [INFO] PlatformPackageDownloader:453 - 469192704 bytes downloaded
2025-08-07 15:57:33,427 [INFO] PlatformPackageDownloader:453 - 536956928 bytes downloaded
2025-08-07 15:57:43,466 [INFO] PlatformPackageDownloader:453 - 597069824 bytes downloaded
2025-08-07 15:57:53,903 [INFO] PlatformPackageDownloader:453 - 623955968 bytes downloaded
2025-08-07 15:58:03,904 [INFO] PlatformPackageDownloader:453 - 639389696 bytes downloaded
2025-08-07 15:58:13,906 [INFO] PlatformPackageDownloader:453 - 691834880 bytes downloaded
2025-08-07 15:58:24,004 [INFO] PlatformPackageDownloader:453 - 735907840 bytes downloaded
2025-08-07 15:58:34,009 [INFO] PlatformPackageDownloader:453 - 768839680 bytes downloaded
2025-08-07 15:58:44,020 [INFO] PlatformPackageDownloader:453 - 817926144 bytes downloaded
2025-08-07 15:58:54,294 [INFO] PlatformPackageDownloader:453 - 869289984 bytes downloaded
2025-08-07 15:58:57,655 [INFO] PlatformPackageDownloader:457 - 888924835 bytes downloaded
2025-08-07 15:58:58,633 [INFO] ZipFileManager:192 - unzip 11%
2025-08-07 15:59:09,283 [INFO] ZipFileManager:192 - unzip 22%
2025-08-07 15:59:25,685 [INFO] ZipFileManager:192 - unzip 33%
2025-08-07 15:59:44,771 [INFO] ZipFileManager:192 - unzip 44%
2025-08-07 15:59:45,642 [INFO] ZipFileManager:192 - unzip 75%
2025-08-07 15:59:55,434 [INFO] ZipFileManager:192 - unzip 86%
2025-08-07 16:00:03,341 [INFO] ZipFileManager:192 - unzip 97%
2025-08-07 16:00:04,690 [INFO] PluginManager:220 - loadIPPluginJar : add ai.10.2.0
2025-08-07 16:00:08,449 [INFO] IPUIPlugin:80 - create IPUIPlugin
2025-08-07 16:00:08,532 [WARN] IP:2250 - RefParam_LRUN_SRC_memory not found: check if there is a RefParameter without a condition.
2025-08-07 16:00:08,533 [WARN] IP:2250 - RefParam_LRUN_SRC_offset not found: check if there is a RefParameter without a condition.
2025-08-07 16:00:08,533 [WARN] IP:2250 - RefParam_LRUN_SRC_size not found: check if there is a RefParameter without a condition.
2025-08-07 16:00:08,533 [WARN] IP:2250 - RefParam_LRUN_DEST_memory not found: check if there is a RefParameter without a condition.
2025-08-07 16:00:08,534 [WARN] IP:2250 - RefParam_LRUN_DEST_offset not found: check if there is a RefParameter without a condition.
2025-08-07 16:00:08,536 [WARN] IP:2250 - RefParam_MEMORY_1_Size not found: check if there is a RefParameter without a condition.
2025-08-07 16:00:08,536 [WARN] IP:2250 - RefParam_MEMORY_1_FreqMax not found: check if there is a RefParameter without a condition.
2025-08-07 16:00:08,536 [WARN] IP:2250 - RefParam_MEMORY_1_ReadReg not found: check if there is a RefParameter without a condition.
2025-08-07 16:00:08,537 [WARN] IP:2250 - RefParam_MEMORY_1_WriteReg not found: check if there is a RefParameter without a condition.
2025-08-07 16:00:08,537 [WARN] IP:2250 - RefParam_MEMORY_1_RegSize not found: check if there is a RefParameter without a condition.
2025-08-07 16:00:08,537 [WARN] IP:2250 - RefParam_MEMORY_1_RegDummyCycle not found: check if there is a RefParameter without a condition.
2025-08-07 16:00:08,537 [WARN] IP:2250 - RefParam_MEMORY_1_WriteCommand not found: check if there is a RefParameter without a condition.
2025-08-07 16:00:08,538 [WARN] IP:2250 - RefParam_MEMORY_1_WriteDummyCycle not found: check if there is a RefParameter without a condition.
2025-08-07 16:00:08,538 [WARN] IP:2250 - RefParam_MEMORY_1_ReadCommand not found: check if there is a RefParameter without a condition.
2025-08-07 16:00:08,538 [WARN] IP:2250 - RefParam_MEMORY_1_WrapReadCommand not found: check if there is a RefParameter without a condition.
2025-08-07 16:00:08,538 [WARN] IP:2250 - RefParam_MEMORY_1_ReadDummyCycle not found: check if there is a RefParameter without a condition.
2025-08-07 16:00:08,539 [WARN] IP:2250 - RefParam_MEMORY_1_NumberOfConfig not found: check if there is a RefParameter without a condition.
2025-08-07 16:00:08,539 [WARN] IP:2250 - RefParam_MEMORY_1_Config1_WriteMask not found: check if there is a RefParameter without a condition.
2025-08-07 16:00:08,539 [WARN] IP:2250 - RefParam_MEMORY_1_Config1_WriteValue not found: check if there is a RefParameter without a condition.
2025-08-07 16:00:08,539 [WARN] IP:2250 - RefParam_MEMORY_1_Config1_RegAddress not found: check if there is a RefParameter without a condition.
2025-08-07 16:00:08,540 [WARN] IP:2250 - RefParam_MEMORY_1_Config2_WriteMask not found: check if there is a RefParameter without a condition.
2025-08-07 16:00:08,540 [WARN] IP:2250 - RefParam_MEMORY_1_Config2_WriteValue not found: check if there is a RefParameter without a condition.
2025-08-07 16:00:08,540 [WARN] IP:2250 - RefParam_MEMORY_1_Config2_RegAddress not found: check if there is a RefParameter without a condition.
2025-08-07 16:00:08,541 [WARN] IP:2250 - RefParam_MEMORY_1_Config3_WriteMask not found: check if there is a RefParameter without a condition.
2025-08-07 16:00:08,541 [WARN] IP:2250 - RefParam_MEMORY_1_Config3_WriteValue not found: check if there is a RefParameter without a condition.
2025-08-07 16:00:08,541 [WARN] IP:2250 - RefParam_MEMORY_1_Config3_RegAddress not found: check if there is a RefParameter without a condition.
2025-08-07 16:00:08,542 [WARN] IP:2250 - RefParam_MEMORY_2_Instance not found: check if there is a RefParameter without a condition.
2025-08-07 16:00:08,542 [WARN] IP:2250 - RefParam_MEMORY_2_ConfigType not found: check if there is a RefParameter without a condition.
2025-08-07 16:00:08,542 [WARN] IP:2250 - RefParam_MEMORY_2_Size not found: check if there is a RefParameter without a condition.
2025-08-07 16:00:08,543 [WARN] IP:2250 - RefParam_MEMORY_2_FreqMax not found: check if there is a RefParameter without a condition.
2025-08-07 16:00:08,543 [WARN] IP:2250 - RefParam_MEMORY_2_ReadReg not found: check if there is a RefParameter without a condition.
2025-08-07 16:00:08,543 [WARN] IP:2250 - RefParam_MEMORY_2_WriteReg not found: check if there is a RefParameter without a condition.
2025-08-07 16:00:08,543 [WARN] IP:2250 - RefParam_MEMORY_2_RegSize not found: check if there is a RefParameter without a condition.
2025-08-07 16:00:08,543 [WARN] IP:2250 - RefParam_MEMORY_2_RegDummyCycle not found: check if there is a RefParameter without a condition.
2025-08-07 16:00:08,544 [WARN] IP:2250 - RefParam_MEMORY_2_WriteCommand not found: check if there is a RefParameter without a condition.
2025-08-07 16:00:08,544 [WARN] IP:2250 - RefParam_MEMORY_2_WriteDummyCycle not found: check if there is a RefParameter without a condition.
2025-08-07 16:00:08,544 [WARN] IP:2250 - RefParam_MEMORY_2_ReadCommand not found: check if there is a RefParameter without a condition.
2025-08-07 16:00:08,544 [WARN] IP:2250 - RefParam_MEMORY_2_WrapReadCommand not found: check if there is a RefParameter without a condition.
2025-08-07 16:00:08,544 [WARN] IP:2250 - RefParam_MEMORY_2_ReadDummyCycle not found: check if there is a RefParameter without a condition.
2025-08-07 16:00:08,544 [WARN] IP:2250 - RefParam_MEMORY_2_NumberOfConfig not found: check if there is a RefParameter without a condition.
2025-08-07 16:00:08,545 [WARN] IP:2250 - RefParam_MEMORY_2_Config1_WriteMask not found: check if there is a RefParameter without a condition.
2025-08-07 16:00:08,545 [WARN] IP:2250 - RefParam_MEMORY_2_Config1_WriteValue not found: check if there is a RefParameter without a condition.
2025-08-07 16:00:08,545 [WARN] IP:2250 - RefParam_MEMORY_2_Config1_RegAddress not found: check if there is a RefParameter without a condition.
2025-08-07 16:00:08,546 [WARN] IP:2250 - RefParam_MEMORY_2_Config2_WriteMask not found: check if there is a RefParameter without a condition.
2025-08-07 16:00:08,546 [WARN] IP:2250 - RefParam_MEMORY_2_Config2_WriteValue not found: check if there is a RefParameter without a condition.
2025-08-07 16:00:08,546 [WARN] IP:2250 - RefParam_MEMORY_2_Config2_RegAddress not found: check if there is a RefParameter without a condition.
2025-08-07 16:00:08,546 [WARN] IP:2250 - RefParam_MEMORY_2_Config3_WriteMask not found: check if there is a RefParameter without a condition.
2025-08-07 16:00:08,547 [WARN] IP:2250 - RefParam_MEMORY_2_Config3_WriteValue not found: check if there is a RefParameter without a condition.
2025-08-07 16:00:08,547 [WARN] IP:2250 - RefParam_MEMORY_2_Config3_RegAddress not found: check if there is a RefParameter without a condition.
2025-08-07 16:00:10,084 [INFO] ServerAccessManage:452 - Complete download http(s) 200
2025-08-07 16:00:10,085 [INFO] ServerAccessManage:509 - Download File 
2025-08-07 16:00:10,089 [INFO] LoadUrlFilesThread:185 - End of LoadServerUrlFiles without Thread
2025-08-07 16:00:10,572 [WARN] IP:2250 - RefParam_LRUN_SRC_memory not found: check if there is a RefParameter without a condition.
2025-08-07 16:00:10,572 [WARN] IP:2250 - RefParam_LRUN_SRC_offset not found: check if there is a RefParameter without a condition.
2025-08-07 16:00:10,572 [WARN] IP:2250 - RefParam_LRUN_SRC_size not found: check if there is a RefParameter without a condition.
2025-08-07 16:00:10,572 [WARN] IP:2250 - RefParam_LRUN_DEST_memory not found: check if there is a RefParameter without a condition.
2025-08-07 16:00:10,572 [WARN] IP:2250 - RefParam_LRUN_DEST_offset not found: check if there is a RefParameter without a condition.
2025-08-07 16:00:10,572 [WARN] IP:2250 - RefParam_MEMORY_1_Size not found: check if there is a RefParameter without a condition.
2025-08-07 16:00:10,573 [WARN] IP:2250 - RefParam_MEMORY_1_FreqMax not found: check if there is a RefParameter without a condition.
2025-08-07 16:00:10,573 [WARN] IP:2250 - RefParam_MEMORY_1_ReadReg not found: check if there is a RefParameter without a condition.
2025-08-07 16:00:10,573 [WARN] IP:2250 - RefParam_MEMORY_1_WriteReg not found: check if there is a RefParameter without a condition.
2025-08-07 16:00:10,573 [WARN] IP:2250 - RefParam_MEMORY_1_RegSize not found: check if there is a RefParameter without a condition.
2025-08-07 16:00:10,573 [WARN] IP:2250 - RefParam_MEMORY_1_RegDummyCycle not found: check if there is a RefParameter without a condition.
2025-08-07 16:00:10,573 [WARN] IP:2250 - RefParam_MEMORY_1_WriteCommand not found: check if there is a RefParameter without a condition.
2025-08-07 16:00:10,573 [WARN] IP:2250 - RefParam_MEMORY_1_WriteDummyCycle not found: check if there is a RefParameter without a condition.
2025-08-07 16:00:10,573 [WARN] IP:2250 - RefParam_MEMORY_1_ReadCommand not found: check if there is a RefParameter without a condition.
2025-08-07 16:00:10,573 [WARN] IP:2250 - RefParam_MEMORY_1_WrapReadCommand not found: check if there is a RefParameter without a condition.
2025-08-07 16:00:10,573 [WARN] IP:2250 - RefParam_MEMORY_1_ReadDummyCycle not found: check if there is a RefParameter without a condition.
2025-08-07 16:00:10,573 [WARN] IP:2250 - RefParam_MEMORY_1_NumberOfConfig not found: check if there is a RefParameter without a condition.
2025-08-07 16:00:10,574 [WARN] IP:2250 - RefParam_MEMORY_1_Config1_WriteMask not found: check if there is a RefParameter without a condition.
2025-08-07 16:00:10,574 [WARN] IP:2250 - RefParam_MEMORY_1_Config1_WriteValue not found: check if there is a RefParameter without a condition.
2025-08-07 16:00:10,574 [WARN] IP:2250 - RefParam_MEMORY_1_Config1_RegAddress not found: check if there is a RefParameter without a condition.
2025-08-07 16:00:10,574 [WARN] IP:2250 - RefParam_MEMORY_1_Config2_WriteMask not found: check if there is a RefParameter without a condition.
2025-08-07 16:00:10,574 [WARN] IP:2250 - RefParam_MEMORY_1_Config2_WriteValue not found: check if there is a RefParameter without a condition.
2025-08-07 16:00:10,574 [WARN] IP:2250 - RefParam_MEMORY_1_Config2_RegAddress not found: check if there is a RefParameter without a condition.
2025-08-07 16:00:10,574 [WARN] IP:2250 - RefParam_MEMORY_1_Config3_WriteMask not found: check if there is a RefParameter without a condition.
2025-08-07 16:00:10,574 [WARN] IP:2250 - RefParam_MEMORY_1_Config3_WriteValue not found: check if there is a RefParameter without a condition.
2025-08-07 16:00:10,575 [WARN] IP:2250 - RefParam_MEMORY_1_Config3_RegAddress not found: check if there is a RefParameter without a condition.
2025-08-07 16:00:10,575 [WARN] IP:2250 - RefParam_MEMORY_2_Instance not found: check if there is a RefParameter without a condition.
2025-08-07 16:00:10,575 [WARN] IP:2250 - RefParam_MEMORY_2_ConfigType not found: check if there is a RefParameter without a condition.
2025-08-07 16:00:10,575 [WARN] IP:2250 - RefParam_MEMORY_2_Size not found: check if there is a RefParameter without a condition.
2025-08-07 16:00:10,575 [WARN] IP:2250 - RefParam_MEMORY_2_FreqMax not found: check if there is a RefParameter without a condition.
2025-08-07 16:00:10,575 [WARN] IP:2250 - RefParam_MEMORY_2_ReadReg not found: check if there is a RefParameter without a condition.
2025-08-07 16:00:10,575 [WARN] IP:2250 - RefParam_MEMORY_2_WriteReg not found: check if there is a RefParameter without a condition.
2025-08-07 16:00:10,575 [WARN] IP:2250 - RefParam_MEMORY_2_RegSize not found: check if there is a RefParameter without a condition.
2025-08-07 16:00:10,576 [WARN] IP:2250 - RefParam_MEMORY_2_RegDummyCycle not found: check if there is a RefParameter without a condition.
2025-08-07 16:00:10,576 [WARN] IP:2250 - RefParam_MEMORY_2_WriteCommand not found: check if there is a RefParameter without a condition.
2025-08-07 16:00:10,576 [WARN] IP:2250 - RefParam_MEMORY_2_WriteDummyCycle not found: check if there is a RefParameter without a condition.
2025-08-07 16:00:10,576 [WARN] IP:2250 - RefParam_MEMORY_2_ReadCommand not found: check if there is a RefParameter without a condition.
2025-08-07 16:00:10,576 [WARN] IP:2250 - RefParam_MEMORY_2_WrapReadCommand not found: check if there is a RefParameter without a condition.
2025-08-07 16:00:10,576 [WARN] IP:2250 - RefParam_MEMORY_2_ReadDummyCycle not found: check if there is a RefParameter without a condition.
2025-08-07 16:00:10,576 [WARN] IP:2250 - RefParam_MEMORY_2_NumberOfConfig not found: check if there is a RefParameter without a condition.
2025-08-07 16:00:10,576 [WARN] IP:2250 - RefParam_MEMORY_2_Config1_WriteMask not found: check if there is a RefParameter without a condition.
2025-08-07 16:00:10,576 [WARN] IP:2250 - RefParam_MEMORY_2_Config1_WriteValue not found: check if there is a RefParameter without a condition.
2025-08-07 16:00:10,577 [WARN] IP:2250 - RefParam_MEMORY_2_Config1_RegAddress not found: check if there is a RefParameter without a condition.
2025-08-07 16:00:10,577 [WARN] IP:2250 - RefParam_MEMORY_2_Config2_WriteMask not found: check if there is a RefParameter without a condition.
2025-08-07 16:00:10,577 [WARN] IP:2250 - RefParam_MEMORY_2_Config2_WriteValue not found: check if there is a RefParameter without a condition.
2025-08-07 16:00:10,577 [WARN] IP:2250 - RefParam_MEMORY_2_Config2_RegAddress not found: check if there is a RefParameter without a condition.
2025-08-07 16:00:10,577 [WARN] IP:2250 - RefParam_MEMORY_2_Config3_WriteMask not found: check if there is a RefParameter without a condition.
2025-08-07 16:00:10,577 [WARN] IP:2250 - RefParam_MEMORY_2_Config3_WriteValue not found: check if there is a RefParameter without a condition.
2025-08-07 16:00:10,577 [WARN] IP:2250 - RefParam_MEMORY_2_Config3_RegAddress not found: check if there is a RefParameter without a condition.
2025-08-07 16:00:10,927 [INFO] Gpio:278 - dependency for GPIO [ADC1, LPUART1, XSPI2]
2025-08-07 16:01:57,715 [INFO] Gpio:278 - dependency for GPIO [ADC1, LPUART1, XSPI2]
2025-08-07 16:01:58,803 [INFO] AIMainUI:1270 - Restoring parameters from IP...
2025-08-07 16:01:58,803 [INFO] AIMainUI:1393 - No old model detected
2025-08-07 16:01:58,819 [INFO] AI:955 - getUI adding AI com.st.microxplorer.plugins.ip.ai.AI@670f01ce on STMicroelectronics.X-CUBE-AI.10.2.0_ExtMemLoader
2025-08-07 16:01:59,340 [INFO] AI:955 - getUI adding AI com.st.microxplorer.plugins.ip.ai.AI@670f01ce on STMicroelectronics.X-CUBE-AI.10.2.0_ExtMemLoader
2025-08-07 16:01:59,664 [WARN] IP:2250 - RefParam_LRUN_SRC_memory not found: check if there is a RefParameter without a condition.
2025-08-07 16:01:59,664 [WARN] IP:2250 - RefParam_LRUN_SRC_offset not found: check if there is a RefParameter without a condition.
2025-08-07 16:01:59,664 [WARN] IP:2250 - RefParam_LRUN_SRC_size not found: check if there is a RefParameter without a condition.
2025-08-07 16:01:59,664 [WARN] IP:2250 - RefParam_LRUN_DEST_memory not found: check if there is a RefParameter without a condition.
2025-08-07 16:01:59,664 [WARN] IP:2250 - RefParam_LRUN_DEST_offset not found: check if there is a RefParameter without a condition.
2025-08-07 16:01:59,665 [WARN] IP:2250 - RefParam_MEMORY_1_Size not found: check if there is a RefParameter without a condition.
2025-08-07 16:01:59,665 [WARN] IP:2250 - RefParam_MEMORY_1_FreqMax not found: check if there is a RefParameter without a condition.
2025-08-07 16:01:59,665 [WARN] IP:2250 - RefParam_MEMORY_1_ReadReg not found: check if there is a RefParameter without a condition.
2025-08-07 16:01:59,665 [WARN] IP:2250 - RefParam_MEMORY_1_WriteReg not found: check if there is a RefParameter without a condition.
2025-08-07 16:01:59,665 [WARN] IP:2250 - RefParam_MEMORY_1_RegSize not found: check if there is a RefParameter without a condition.
2025-08-07 16:01:59,665 [WARN] IP:2250 - RefParam_MEMORY_1_RegDummyCycle not found: check if there is a RefParameter without a condition.
2025-08-07 16:01:59,665 [WARN] IP:2250 - RefParam_MEMORY_1_WriteCommand not found: check if there is a RefParameter without a condition.
2025-08-07 16:01:59,665 [WARN] IP:2250 - RefParam_MEMORY_1_WriteDummyCycle not found: check if there is a RefParameter without a condition.
2025-08-07 16:01:59,665 [WARN] IP:2250 - RefParam_MEMORY_1_ReadCommand not found: check if there is a RefParameter without a condition.
2025-08-07 16:01:59,665 [WARN] IP:2250 - RefParam_MEMORY_1_WrapReadCommand not found: check if there is a RefParameter without a condition.
2025-08-07 16:01:59,665 [WARN] IP:2250 - RefParam_MEMORY_1_ReadDummyCycle not found: check if there is a RefParameter without a condition.
2025-08-07 16:01:59,665 [WARN] IP:2250 - RefParam_MEMORY_1_NumberOfConfig not found: check if there is a RefParameter without a condition.
2025-08-07 16:01:59,665 [WARN] IP:2250 - RefParam_MEMORY_1_Config1_WriteMask not found: check if there is a RefParameter without a condition.
2025-08-07 16:01:59,665 [WARN] IP:2250 - RefParam_MEMORY_1_Config1_WriteValue not found: check if there is a RefParameter without a condition.
2025-08-07 16:01:59,665 [WARN] IP:2250 - RefParam_MEMORY_1_Config1_RegAddress not found: check if there is a RefParameter without a condition.
2025-08-07 16:01:59,665 [WARN] IP:2250 - RefParam_MEMORY_1_Config2_WriteMask not found: check if there is a RefParameter without a condition.
2025-08-07 16:01:59,665 [WARN] IP:2250 - RefParam_MEMORY_1_Config2_WriteValue not found: check if there is a RefParameter without a condition.
2025-08-07 16:01:59,665 [WARN] IP:2250 - RefParam_MEMORY_1_Config2_RegAddress not found: check if there is a RefParameter without a condition.
2025-08-07 16:01:59,665 [WARN] IP:2250 - RefParam_MEMORY_1_Config3_WriteMask not found: check if there is a RefParameter without a condition.
2025-08-07 16:01:59,665 [WARN] IP:2250 - RefParam_MEMORY_1_Config3_WriteValue not found: check if there is a RefParameter without a condition.
2025-08-07 16:01:59,665 [WARN] IP:2250 - RefParam_MEMORY_1_Config3_RegAddress not found: check if there is a RefParameter without a condition.
2025-08-07 16:01:59,665 [WARN] IP:2250 - RefParam_MEMORY_2_Instance not found: check if there is a RefParameter without a condition.
2025-08-07 16:01:59,665 [WARN] IP:2250 - RefParam_MEMORY_2_ConfigType not found: check if there is a RefParameter without a condition.
2025-08-07 16:01:59,665 [WARN] IP:2250 - RefParam_MEMORY_2_Size not found: check if there is a RefParameter without a condition.
2025-08-07 16:01:59,665 [WARN] IP:2250 - RefParam_MEMORY_2_FreqMax not found: check if there is a RefParameter without a condition.
2025-08-07 16:01:59,665 [WARN] IP:2250 - RefParam_MEMORY_2_ReadReg not found: check if there is a RefParameter without a condition.
2025-08-07 16:01:59,665 [WARN] IP:2250 - RefParam_MEMORY_2_WriteReg not found: check if there is a RefParameter without a condition.
2025-08-07 16:01:59,665 [WARN] IP:2250 - RefParam_MEMORY_2_RegSize not found: check if there is a RefParameter without a condition.
2025-08-07 16:01:59,666 [WARN] IP:2250 - RefParam_MEMORY_2_RegDummyCycle not found: check if there is a RefParameter without a condition.
2025-08-07 16:01:59,666 [WARN] IP:2250 - RefParam_MEMORY_2_WriteCommand not found: check if there is a RefParameter without a condition.
2025-08-07 16:01:59,666 [WARN] IP:2250 - RefParam_MEMORY_2_WriteDummyCycle not found: check if there is a RefParameter without a condition.
2025-08-07 16:01:59,666 [WARN] IP:2250 - RefParam_MEMORY_2_ReadCommand not found: check if there is a RefParameter without a condition.
2025-08-07 16:01:59,666 [WARN] IP:2250 - RefParam_MEMORY_2_WrapReadCommand not found: check if there is a RefParameter without a condition.
2025-08-07 16:01:59,666 [WARN] IP:2250 - RefParam_MEMORY_2_ReadDummyCycle not found: check if there is a RefParameter without a condition.
2025-08-07 16:01:59,666 [WARN] IP:2250 - RefParam_MEMORY_2_NumberOfConfig not found: check if there is a RefParameter without a condition.
2025-08-07 16:01:59,666 [WARN] IP:2250 - RefParam_MEMORY_2_Config1_WriteMask not found: check if there is a RefParameter without a condition.
2025-08-07 16:01:59,666 [WARN] IP:2250 - RefParam_MEMORY_2_Config1_WriteValue not found: check if there is a RefParameter without a condition.
2025-08-07 16:01:59,666 [WARN] IP:2250 - RefParam_MEMORY_2_Config1_RegAddress not found: check if there is a RefParameter without a condition.
2025-08-07 16:01:59,666 [WARN] IP:2250 - RefParam_MEMORY_2_Config2_WriteMask not found: check if there is a RefParameter without a condition.
2025-08-07 16:01:59,666 [WARN] IP:2250 - RefParam_MEMORY_2_Config2_WriteValue not found: check if there is a RefParameter without a condition.
2025-08-07 16:01:59,666 [WARN] IP:2250 - RefParam_MEMORY_2_Config2_RegAddress not found: check if there is a RefParameter without a condition.
2025-08-07 16:01:59,666 [WARN] IP:2250 - RefParam_MEMORY_2_Config3_WriteMask not found: check if there is a RefParameter without a condition.
2025-08-07 16:01:59,666 [WARN] IP:2250 - RefParam_MEMORY_2_Config3_WriteValue not found: check if there is a RefParameter without a condition.
2025-08-07 16:01:59,666 [WARN] IP:2250 - RefParam_MEMORY_2_Config3_RegAddress not found: check if there is a RefParameter without a condition.
2025-08-07 16:01:59,976 [WARN] IP:2250 - RefParam_LRUN_SRC_memory not found: check if there is a RefParameter without a condition.
2025-08-07 16:01:59,976 [WARN] IP:2250 - RefParam_LRUN_SRC_offset not found: check if there is a RefParameter without a condition.
2025-08-07 16:01:59,976 [WARN] IP:2250 - RefParam_LRUN_SRC_size not found: check if there is a RefParameter without a condition.
2025-08-07 16:01:59,976 [WARN] IP:2250 - RefParam_LRUN_DEST_memory not found: check if there is a RefParameter without a condition.
2025-08-07 16:01:59,976 [WARN] IP:2250 - RefParam_LRUN_DEST_offset not found: check if there is a RefParameter without a condition.
2025-08-07 16:01:59,977 [WARN] IP:2250 - RefParam_MEMORY_1_Size not found: check if there is a RefParameter without a condition.
2025-08-07 16:01:59,977 [WARN] IP:2250 - RefParam_MEMORY_1_FreqMax not found: check if there is a RefParameter without a condition.
2025-08-07 16:01:59,977 [WARN] IP:2250 - RefParam_MEMORY_1_ReadReg not found: check if there is a RefParameter without a condition.
2025-08-07 16:01:59,977 [WARN] IP:2250 - RefParam_MEMORY_1_WriteReg not found: check if there is a RefParameter without a condition.
2025-08-07 16:01:59,977 [WARN] IP:2250 - RefParam_MEMORY_1_RegSize not found: check if there is a RefParameter without a condition.
2025-08-07 16:01:59,977 [WARN] IP:2250 - RefParam_MEMORY_1_RegDummyCycle not found: check if there is a RefParameter without a condition.
2025-08-07 16:01:59,977 [WARN] IP:2250 - RefParam_MEMORY_1_WriteCommand not found: check if there is a RefParameter without a condition.
2025-08-07 16:01:59,977 [WARN] IP:2250 - RefParam_MEMORY_1_WriteDummyCycle not found: check if there is a RefParameter without a condition.
2025-08-07 16:01:59,977 [WARN] IP:2250 - RefParam_MEMORY_1_ReadCommand not found: check if there is a RefParameter without a condition.
2025-08-07 16:01:59,977 [WARN] IP:2250 - RefParam_MEMORY_1_WrapReadCommand not found: check if there is a RefParameter without a condition.
2025-08-07 16:01:59,977 [WARN] IP:2250 - RefParam_MEMORY_1_ReadDummyCycle not found: check if there is a RefParameter without a condition.
2025-08-07 16:01:59,977 [WARN] IP:2250 - RefParam_MEMORY_1_NumberOfConfig not found: check if there is a RefParameter without a condition.
2025-08-07 16:01:59,977 [WARN] IP:2250 - RefParam_MEMORY_1_Config1_WriteMask not found: check if there is a RefParameter without a condition.
2025-08-07 16:01:59,977 [WARN] IP:2250 - RefParam_MEMORY_1_Config1_WriteValue not found: check if there is a RefParameter without a condition.
2025-08-07 16:01:59,977 [WARN] IP:2250 - RefParam_MEMORY_1_Config1_RegAddress not found: check if there is a RefParameter without a condition.
2025-08-07 16:01:59,977 [WARN] IP:2250 - RefParam_MEMORY_1_Config2_WriteMask not found: check if there is a RefParameter without a condition.
2025-08-07 16:01:59,977 [WARN] IP:2250 - RefParam_MEMORY_1_Config2_WriteValue not found: check if there is a RefParameter without a condition.
2025-08-07 16:01:59,977 [WARN] IP:2250 - RefParam_MEMORY_1_Config2_RegAddress not found: check if there is a RefParameter without a condition.
2025-08-07 16:01:59,977 [WARN] IP:2250 - RefParam_MEMORY_1_Config3_WriteMask not found: check if there is a RefParameter without a condition.
2025-08-07 16:01:59,977 [WARN] IP:2250 - RefParam_MEMORY_1_Config3_WriteValue not found: check if there is a RefParameter without a condition.
2025-08-07 16:01:59,977 [WARN] IP:2250 - RefParam_MEMORY_1_Config3_RegAddress not found: check if there is a RefParameter without a condition.
2025-08-07 16:01:59,977 [WARN] IP:2250 - RefParam_MEMORY_2_Instance not found: check if there is a RefParameter without a condition.
2025-08-07 16:01:59,977 [WARN] IP:2250 - RefParam_MEMORY_2_ConfigType not found: check if there is a RefParameter without a condition.
2025-08-07 16:01:59,977 [WARN] IP:2250 - RefParam_MEMORY_2_Size not found: check if there is a RefParameter without a condition.
2025-08-07 16:01:59,977 [WARN] IP:2250 - RefParam_MEMORY_2_FreqMax not found: check if there is a RefParameter without a condition.
2025-08-07 16:01:59,977 [WARN] IP:2250 - RefParam_MEMORY_2_ReadReg not found: check if there is a RefParameter without a condition.
2025-08-07 16:01:59,977 [WARN] IP:2250 - RefParam_MEMORY_2_WriteReg not found: check if there is a RefParameter without a condition.
2025-08-07 16:01:59,977 [WARN] IP:2250 - RefParam_MEMORY_2_RegSize not found: check if there is a RefParameter without a condition.
2025-08-07 16:01:59,977 [WARN] IP:2250 - RefParam_MEMORY_2_RegDummyCycle not found: check if there is a RefParameter without a condition.
2025-08-07 16:01:59,977 [WARN] IP:2250 - RefParam_MEMORY_2_WriteCommand not found: check if there is a RefParameter without a condition.
2025-08-07 16:01:59,977 [WARN] IP:2250 - RefParam_MEMORY_2_WriteDummyCycle not found: check if there is a RefParameter without a condition.
2025-08-07 16:01:59,977 [WARN] IP:2250 - RefParam_MEMORY_2_ReadCommand not found: check if there is a RefParameter without a condition.
2025-08-07 16:01:59,977 [WARN] IP:2250 - RefParam_MEMORY_2_WrapReadCommand not found: check if there is a RefParameter without a condition.
2025-08-07 16:01:59,977 [WARN] IP:2250 - RefParam_MEMORY_2_ReadDummyCycle not found: check if there is a RefParameter without a condition.
2025-08-07 16:01:59,977 [WARN] IP:2250 - RefParam_MEMORY_2_NumberOfConfig not found: check if there is a RefParameter without a condition.
2025-08-07 16:01:59,977 [WARN] IP:2250 - RefParam_MEMORY_2_Config1_WriteMask not found: check if there is a RefParameter without a condition.
2025-08-07 16:01:59,977 [WARN] IP:2250 - RefParam_MEMORY_2_Config1_WriteValue not found: check if there is a RefParameter without a condition.
2025-08-07 16:01:59,977 [WARN] IP:2250 - RefParam_MEMORY_2_Config1_RegAddress not found: check if there is a RefParameter without a condition.
2025-08-07 16:01:59,977 [WARN] IP:2250 - RefParam_MEMORY_2_Config2_WriteMask not found: check if there is a RefParameter without a condition.
2025-08-07 16:01:59,977 [WARN] IP:2250 - RefParam_MEMORY_2_Config2_WriteValue not found: check if there is a RefParameter without a condition.
2025-08-07 16:01:59,977 [WARN] IP:2250 - RefParam_MEMORY_2_Config2_RegAddress not found: check if there is a RefParameter without a condition.
2025-08-07 16:01:59,977 [WARN] IP:2250 - RefParam_MEMORY_2_Config3_WriteMask not found: check if there is a RefParameter without a condition.
2025-08-07 16:01:59,977 [WARN] IP:2250 - RefParam_MEMORY_2_Config3_WriteValue not found: check if there is a RefParameter without a condition.
2025-08-07 16:01:59,977 [WARN] IP:2250 - RefParam_MEMORY_2_Config3_RegAddress not found: check if there is a RefParameter without a condition.
2025-08-07 16:02:00,197 [WARN] IP:2250 - RefParam_LRUN_SRC_memory not found: check if there is a RefParameter without a condition.
2025-08-07 16:02:00,197 [WARN] IP:2250 - RefParam_LRUN_SRC_offset not found: check if there is a RefParameter without a condition.
2025-08-07 16:02:00,197 [WARN] IP:2250 - RefParam_LRUN_SRC_size not found: check if there is a RefParameter without a condition.
2025-08-07 16:02:00,197 [WARN] IP:2250 - RefParam_LRUN_DEST_memory not found: check if there is a RefParameter without a condition.
2025-08-07 16:02:00,197 [WARN] IP:2250 - RefParam_LRUN_DEST_offset not found: check if there is a RefParameter without a condition.
2025-08-07 16:02:00,197 [WARN] IP:2250 - RefParam_MEMORY_1_Size not found: check if there is a RefParameter without a condition.
2025-08-07 16:02:00,197 [WARN] IP:2250 - RefParam_MEMORY_1_FreqMax not found: check if there is a RefParameter without a condition.
2025-08-07 16:02:00,197 [WARN] IP:2250 - RefParam_MEMORY_1_ReadReg not found: check if there is a RefParameter without a condition.
2025-08-07 16:02:00,197 [WARN] IP:2250 - RefParam_MEMORY_1_WriteReg not found: check if there is a RefParameter without a condition.
2025-08-07 16:02:00,197 [WARN] IP:2250 - RefParam_MEMORY_1_RegSize not found: check if there is a RefParameter without a condition.
2025-08-07 16:02:00,197 [WARN] IP:2250 - RefParam_MEMORY_1_RegDummyCycle not found: check if there is a RefParameter without a condition.
2025-08-07 16:02:00,197 [WARN] IP:2250 - RefParam_MEMORY_1_WriteCommand not found: check if there is a RefParameter without a condition.
2025-08-07 16:02:00,197 [WARN] IP:2250 - RefParam_MEMORY_1_WriteDummyCycle not found: check if there is a RefParameter without a condition.
2025-08-07 16:02:00,197 [WARN] IP:2250 - RefParam_MEMORY_1_ReadCommand not found: check if there is a RefParameter without a condition.
2025-08-07 16:02:00,197 [WARN] IP:2250 - RefParam_MEMORY_1_WrapReadCommand not found: check if there is a RefParameter without a condition.
2025-08-07 16:02:00,197 [WARN] IP:2250 - RefParam_MEMORY_1_ReadDummyCycle not found: check if there is a RefParameter without a condition.
2025-08-07 16:02:00,197 [WARN] IP:2250 - RefParam_MEMORY_1_NumberOfConfig not found: check if there is a RefParameter without a condition.
2025-08-07 16:02:00,197 [WARN] IP:2250 - RefParam_MEMORY_1_Config1_WriteMask not found: check if there is a RefParameter without a condition.
2025-08-07 16:02:00,197 [WARN] IP:2250 - RefParam_MEMORY_1_Config1_WriteValue not found: check if there is a RefParameter without a condition.
2025-08-07 16:02:00,197 [WARN] IP:2250 - RefParam_MEMORY_1_Config1_RegAddress not found: check if there is a RefParameter without a condition.
2025-08-07 16:02:00,197 [WARN] IP:2250 - RefParam_MEMORY_1_Config2_WriteMask not found: check if there is a RefParameter without a condition.
2025-08-07 16:02:00,197 [WARN] IP:2250 - RefParam_MEMORY_1_Config2_WriteValue not found: check if there is a RefParameter without a condition.
2025-08-07 16:02:00,197 [WARN] IP:2250 - RefParam_MEMORY_1_Config2_RegAddress not found: check if there is a RefParameter without a condition.
2025-08-07 16:02:00,197 [WARN] IP:2250 - RefParam_MEMORY_1_Config3_WriteMask not found: check if there is a RefParameter without a condition.
2025-08-07 16:02:00,197 [WARN] IP:2250 - RefParam_MEMORY_1_Config3_WriteValue not found: check if there is a RefParameter without a condition.
2025-08-07 16:02:00,197 [WARN] IP:2250 - RefParam_MEMORY_1_Config3_RegAddress not found: check if there is a RefParameter without a condition.
2025-08-07 16:02:00,197 [WARN] IP:2250 - RefParam_MEMORY_2_Instance not found: check if there is a RefParameter without a condition.
2025-08-07 16:02:00,198 [WARN] IP:2250 - RefParam_MEMORY_2_ConfigType not found: check if there is a RefParameter without a condition.
2025-08-07 16:02:00,198 [WARN] IP:2250 - RefParam_MEMORY_2_Size not found: check if there is a RefParameter without a condition.
2025-08-07 16:02:00,198 [WARN] IP:2250 - RefParam_MEMORY_2_FreqMax not found: check if there is a RefParameter without a condition.
2025-08-07 16:02:00,198 [WARN] IP:2250 - RefParam_MEMORY_2_ReadReg not found: check if there is a RefParameter without a condition.
2025-08-07 16:02:00,198 [WARN] IP:2250 - RefParam_MEMORY_2_WriteReg not found: check if there is a RefParameter without a condition.
2025-08-07 16:02:00,198 [WARN] IP:2250 - RefParam_MEMORY_2_RegSize not found: check if there is a RefParameter without a condition.
2025-08-07 16:02:00,198 [WARN] IP:2250 - RefParam_MEMORY_2_RegDummyCycle not found: check if there is a RefParameter without a condition.
2025-08-07 16:02:00,198 [WARN] IP:2250 - RefParam_MEMORY_2_WriteCommand not found: check if there is a RefParameter without a condition.
2025-08-07 16:02:00,198 [WARN] IP:2250 - RefParam_MEMORY_2_WriteDummyCycle not found: check if there is a RefParameter without a condition.
2025-08-07 16:02:00,198 [WARN] IP:2250 - RefParam_MEMORY_2_ReadCommand not found: check if there is a RefParameter without a condition.
2025-08-07 16:02:00,198 [WARN] IP:2250 - RefParam_MEMORY_2_WrapReadCommand not found: check if there is a RefParameter without a condition.
2025-08-07 16:02:00,198 [WARN] IP:2250 - RefParam_MEMORY_2_ReadDummyCycle not found: check if there is a RefParameter without a condition.
2025-08-07 16:02:00,198 [WARN] IP:2250 - RefParam_MEMORY_2_NumberOfConfig not found: check if there is a RefParameter without a condition.
2025-08-07 16:02:00,198 [WARN] IP:2250 - RefParam_MEMORY_2_Config1_WriteMask not found: check if there is a RefParameter without a condition.
2025-08-07 16:02:00,198 [WARN] IP:2250 - RefParam_MEMORY_2_Config1_WriteValue not found: check if there is a RefParameter without a condition.
2025-08-07 16:02:00,198 [WARN] IP:2250 - RefParam_MEMORY_2_Config1_RegAddress not found: check if there is a RefParameter without a condition.
2025-08-07 16:02:00,198 [WARN] IP:2250 - RefParam_MEMORY_2_Config2_WriteMask not found: check if there is a RefParameter without a condition.
2025-08-07 16:02:00,198 [WARN] IP:2250 - RefParam_MEMORY_2_Config2_WriteValue not found: check if there is a RefParameter without a condition.
2025-08-07 16:02:00,198 [WARN] IP:2250 - RefParam_MEMORY_2_Config2_RegAddress not found: check if there is a RefParameter without a condition.
2025-08-07 16:02:00,198 [WARN] IP:2250 - RefParam_MEMORY_2_Config3_WriteMask not found: check if there is a RefParameter without a condition.
2025-08-07 16:02:00,198 [WARN] IP:2250 - RefParam_MEMORY_2_Config3_WriteValue not found: check if there is a RefParameter without a condition.
2025-08-07 16:02:00,198 [WARN] IP:2250 - RefParam_MEMORY_2_Config3_RegAddress not found: check if there is a RefParameter without a condition.
2025-08-07 16:02:00,367 [WARN] IP:2250 - RefParam_LRUN_SRC_memory not found: check if there is a RefParameter without a condition.
2025-08-07 16:02:00,368 [WARN] IP:2250 - RefParam_LRUN_SRC_offset not found: check if there is a RefParameter without a condition.
2025-08-07 16:02:00,368 [WARN] IP:2250 - RefParam_LRUN_SRC_size not found: check if there is a RefParameter without a condition.
2025-08-07 16:02:00,368 [WARN] IP:2250 - RefParam_LRUN_DEST_memory not found: check if there is a RefParameter without a condition.
2025-08-07 16:02:00,368 [WARN] IP:2250 - RefParam_LRUN_DEST_offset not found: check if there is a RefParameter without a condition.
2025-08-07 16:02:00,368 [WARN] IP:2250 - RefParam_MEMORY_1_Size not found: check if there is a RefParameter without a condition.
2025-08-07 16:02:00,368 [WARN] IP:2250 - RefParam_MEMORY_1_FreqMax not found: check if there is a RefParameter without a condition.
2025-08-07 16:02:00,368 [WARN] IP:2250 - RefParam_MEMORY_1_ReadReg not found: check if there is a RefParameter without a condition.
2025-08-07 16:02:00,368 [WARN] IP:2250 - RefParam_MEMORY_1_WriteReg not found: check if there is a RefParameter without a condition.
2025-08-07 16:02:00,368 [WARN] IP:2250 - RefParam_MEMORY_1_RegSize not found: check if there is a RefParameter without a condition.
2025-08-07 16:02:00,368 [WARN] IP:2250 - RefParam_MEMORY_1_RegDummyCycle not found: check if there is a RefParameter without a condition.
2025-08-07 16:02:00,368 [WARN] IP:2250 - RefParam_MEMORY_1_WriteCommand not found: check if there is a RefParameter without a condition.
2025-08-07 16:02:00,368 [WARN] IP:2250 - RefParam_MEMORY_1_WriteDummyCycle not found: check if there is a RefParameter without a condition.
2025-08-07 16:02:00,368 [WARN] IP:2250 - RefParam_MEMORY_1_ReadCommand not found: check if there is a RefParameter without a condition.
2025-08-07 16:02:00,368 [WARN] IP:2250 - RefParam_MEMORY_1_WrapReadCommand not found: check if there is a RefParameter without a condition.
2025-08-07 16:02:00,368 [WARN] IP:2250 - RefParam_MEMORY_1_ReadDummyCycle not found: check if there is a RefParameter without a condition.
2025-08-07 16:02:00,368 [WARN] IP:2250 - RefParam_MEMORY_1_NumberOfConfig not found: check if there is a RefParameter without a condition.
2025-08-07 16:02:00,368 [WARN] IP:2250 - RefParam_MEMORY_1_Config1_WriteMask not found: check if there is a RefParameter without a condition.
2025-08-07 16:02:00,368 [WARN] IP:2250 - RefParam_MEMORY_1_Config1_WriteValue not found: check if there is a RefParameter without a condition.
2025-08-07 16:02:00,368 [WARN] IP:2250 - RefParam_MEMORY_1_Config1_RegAddress not found: check if there is a RefParameter without a condition.
2025-08-07 16:02:00,368 [WARN] IP:2250 - RefParam_MEMORY_1_Config2_WriteMask not found: check if there is a RefParameter without a condition.
2025-08-07 16:02:00,368 [WARN] IP:2250 - RefParam_MEMORY_1_Config2_WriteValue not found: check if there is a RefParameter without a condition.
2025-08-07 16:02:00,368 [WARN] IP:2250 - RefParam_MEMORY_1_Config2_RegAddress not found: check if there is a RefParameter without a condition.
2025-08-07 16:02:00,368 [WARN] IP:2250 - RefParam_MEMORY_1_Config3_WriteMask not found: check if there is a RefParameter without a condition.
2025-08-07 16:02:00,368 [WARN] IP:2250 - RefParam_MEMORY_1_Config3_WriteValue not found: check if there is a RefParameter without a condition.
2025-08-07 16:02:00,368 [WARN] IP:2250 - RefParam_MEMORY_1_Config3_RegAddress not found: check if there is a RefParameter without a condition.
2025-08-07 16:02:00,368 [WARN] IP:2250 - RefParam_MEMORY_2_Instance not found: check if there is a RefParameter without a condition.
2025-08-07 16:02:00,368 [WARN] IP:2250 - RefParam_MEMORY_2_ConfigType not found: check if there is a RefParameter without a condition.
2025-08-07 16:02:00,368 [WARN] IP:2250 - RefParam_MEMORY_2_Size not found: check if there is a RefParameter without a condition.
2025-08-07 16:02:00,368 [WARN] IP:2250 - RefParam_MEMORY_2_FreqMax not found: check if there is a RefParameter without a condition.
2025-08-07 16:02:00,368 [WARN] IP:2250 - RefParam_MEMORY_2_ReadReg not found: check if there is a RefParameter without a condition.
2025-08-07 16:02:00,368 [WARN] IP:2250 - RefParam_MEMORY_2_WriteReg not found: check if there is a RefParameter without a condition.
2025-08-07 16:02:00,368 [WARN] IP:2250 - RefParam_MEMORY_2_RegSize not found: check if there is a RefParameter without a condition.
2025-08-07 16:02:00,368 [WARN] IP:2250 - RefParam_MEMORY_2_RegDummyCycle not found: check if there is a RefParameter without a condition.
2025-08-07 16:02:00,368 [WARN] IP:2250 - RefParam_MEMORY_2_WriteCommand not found: check if there is a RefParameter without a condition.
2025-08-07 16:02:00,368 [WARN] IP:2250 - RefParam_MEMORY_2_WriteDummyCycle not found: check if there is a RefParameter without a condition.
2025-08-07 16:02:00,368 [WARN] IP:2250 - RefParam_MEMORY_2_ReadCommand not found: check if there is a RefParameter without a condition.
2025-08-07 16:02:00,368 [WARN] IP:2250 - RefParam_MEMORY_2_WrapReadCommand not found: check if there is a RefParameter without a condition.
2025-08-07 16:02:00,368 [WARN] IP:2250 - RefParam_MEMORY_2_ReadDummyCycle not found: check if there is a RefParameter without a condition.
2025-08-07 16:02:00,369 [WARN] IP:2250 - RefParam_MEMORY_2_NumberOfConfig not found: check if there is a RefParameter without a condition.
2025-08-07 16:02:00,369 [WARN] IP:2250 - RefParam_MEMORY_2_Config1_WriteMask not found: check if there is a RefParameter without a condition.
2025-08-07 16:02:00,369 [WARN] IP:2250 - RefParam_MEMORY_2_Config1_WriteValue not found: check if there is a RefParameter without a condition.
2025-08-07 16:02:00,369 [WARN] IP:2250 - RefParam_MEMORY_2_Config1_RegAddress not found: check if there is a RefParameter without a condition.
2025-08-07 16:02:00,369 [WARN] IP:2250 - RefParam_MEMORY_2_Config2_WriteMask not found: check if there is a RefParameter without a condition.
2025-08-07 16:02:00,369 [WARN] IP:2250 - RefParam_MEMORY_2_Config2_WriteValue not found: check if there is a RefParameter without a condition.
2025-08-07 16:02:00,369 [WARN] IP:2250 - RefParam_MEMORY_2_Config2_RegAddress not found: check if there is a RefParameter without a condition.
2025-08-07 16:02:00,369 [WARN] IP:2250 - RefParam_MEMORY_2_Config3_WriteMask not found: check if there is a RefParameter without a condition.
2025-08-07 16:02:00,369 [WARN] IP:2250 - RefParam_MEMORY_2_Config3_WriteValue not found: check if there is a RefParameter without a condition.
2025-08-07 16:02:00,369 [WARN] IP:2250 - RefParam_MEMORY_2_Config3_RegAddress not found: check if there is a RefParameter without a condition.
2025-08-07 16:02:00,673 [INFO] AI:955 - getUI adding AI com.st.microxplorer.plugins.ip.ai.AI@670f01ce on STMicroelectronics.X-CUBE-AI.10.2.0_ExtMemLoader
2025-08-07 16:02:00,939 [INFO] BspModel:204 - createCodeInput : COM Port Template : 1 IPName : LPUART IPMode : Asynchronous Component :  Solution : LPUART1 InstanceName : 
2025-08-07 16:02:01,758 [INFO] AI:955 - getUI adding AI com.st.microxplorer.plugins.ip.ai.AI@670f01ce on STMicroelectronics.X-CUBE-AI.10.2.0_ExtMemLoader
2025-08-07 16:02:02,052 [INFO] AI:955 - getUI adding AI com.st.microxplorer.plugins.ip.ai.AI@670f01ce on STMicroelectronics.X-CUBE-AI.10.2.0_ExtMemLoader
2025-08-07 16:02:02,424 [INFO] BoardParameter:100 - Parameter not set IP=RCC name=SYSCCLKFreq_VALUE id=null desired value=800000000 actual value300000000
2025-08-07 16:02:02,724 [INFO] AI:955 - getUI adding AI com.st.microxplorer.plugins.ip.ai.AI@670f01ce on STMicroelectronics.X-CUBE-AI.10.2.0_ExtMemLoader
2025-08-07 16:02:05,579 [INFO] BoardParameter:100 - Parameter not set IP=RCC name=FBDIV2 id=null desired value=75 actual value25
