2025-08-12 07:55:01,478 [INFO] WebApp:191 - Connection restablished
2025-08-12 08:01:48,486 [INFO] WebApp:194 - Connection lost
2025-08-12 08:01:48,780 [INFO] WebApp:191 - Connection restablished
2025-08-12 08:01:51,274 [INFO] WebApp:194 - Connection lost
2025-08-12 08:01:51,474 [INFO] WebApp:191 - Connection restablished
2025-08-12 08:02:00,265 [INFO] WebApp:194 - Connection lost
2025-08-12 08:02:00,534 [INFO] WebApp:191 - Connection restablished
2025-08-12 10:33:26,316 [FATAL] RifView:1496 - Exception caught
java.lang.ArrayIndexOutOfBoundsException: 4 >= 4
	at java.util.Vector.elementAt(Vector.java:466) ~[?:?]
	at javax.swing.table.DefaultTableColumnModel.getColumn(DefaultTableColumnModel.java:298) ~[?:?]
	at sun.swing.SwingUtilities2.convertColumnIndexToModel(SwingUtilities2.java:2156) ~[?:?]
	at javax.swing.JTable.convertColumnIndexToModel(JTable.java:2632) ~[?:?]
	at javax.swing.JTable.getValueAt(JTable.java:2770) ~[?:?]
	at com.st.microxplorer.plugins.rifgui.RifView.fillRisupTable(RifView.java:2601) ~[ipmanager.jar:?]
	at com.st.microxplorer.plugins.rifgui.RifView.generatePdfReport(RifView.java:1338) ~[ipmanager.jar:?]
	at com.st.microxplorer.plugins.projectmanager.engine.ConfigurationReport.generatePDF(ConfigurationReport.java:329) ~[filemanager.jar:?]
	at com.st.microxplorer.plugins.projectmanager.engine.ReportBuilder.startGenerateReport(ReportBuilder.java:226) ~[filemanager.jar:?]
	at com.st.microxplorer.plugins.projectmanager.engine.MainProjectManager.startGenerateReport(MainProjectManager.java:1540) ~[filemanager.jar:?]
	at com.st.microxplorer.plugins.filemanager.FileManagerView$10.actionPerformed(FileManagerView.java:768) ~[filemanager.jar:?]
	at com.st.stm32cube.common.mx.editor.CubeMxEditor$28.run(CubeMxEditor.java:2831) ~[com.st.stm32cube.common.mx_6.15.0.202507011659/:?]
	at com.st.stm32cube.common.mx.oss.core.awtswtbridge.AwtEnvironment$2.run(AwtEnvironment.java:166) ~[com.st.stm32cube.common.mx.oss_6.15.0.202507011659/:?]
	at java.awt.event.InvocationEvent.dispatch(InvocationEvent.java:318) ~[?:?]
	at java.awt.EventQueue.dispatchEventImpl(EventQueue.java:773) ~[?:?]
	at java.awt.EventQueue$4.run(EventQueue.java:720) ~[?:?]
	at java.awt.EventQueue$4.run(EventQueue.java:714) ~[?:?]
	at java.security.AccessController.doPrivileged(AccessController.java:400) ~[?:?]
	at java.security.ProtectionDomain$JavaSecurityAccessImpl.doIntersectionPrivilege(ProtectionDomain.java:87) ~[?:?]
	at java.awt.EventQueue.dispatchEvent(EventQueue.java:742) ~[?:?]
	at java.awt.EventDispatchThread.pumpOneEventForFilters(EventDispatchThread.java:203) ~[?:?]
	at java.awt.EventDispatchThread.pumpEventsForFilter(EventDispatchThread.java:124) ~[?:?]
	at java.awt.EventDispatchThread.pumpEventsForHierarchy(EventDispatchThread.java:113) ~[?:?]
	at java.awt.EventDispatchThread.pumpEvents(EventDispatchThread.java:109) ~[?:?]
	at java.awt.EventDispatchThread.pumpEvents(EventDispatchThread.java:101) ~[?:?]
	at java.awt.EventDispatchThread.run(EventDispatchThread.java:90) ~[?:?]
2025-08-12 10:33:26,654 [INFO] IPUIPlugin:80 - create IPUIPlugin
2025-08-12 10:33:26,655 [INFO] IPUIPlugin:80 - create IPUIPlugin
2025-08-12 10:33:26,655 [INFO] IPUIPlugin:80 - create IPUIPlugin
2025-08-12 10:33:26,656 [INFO] IPUIPlugin:80 - create IPUIPlugin
2025-08-12 10:33:26,656 [INFO] IPUIPlugin:80 - create IPUIPlugin
2025-08-12 10:33:26,656 [INFO] IPUIPlugin:80 - create IPUIPlugin
2025-08-12 10:33:26,656 [INFO] IPUIPlugin:80 - create IPUIPlugin
2025-08-12 10:33:26,657 [INFO] IPUIPlugin:80 - create IPUIPlugin
2025-08-12 10:33:26,657 [INFO] IPUIPlugin:80 - create IPUIPlugin
2025-08-12 10:33:26,657 [INFO] IPUIPlugin:80 - create IPUIPlugin
2025-08-12 10:33:26,658 [INFO] IPUIPlugin:80 - create IPUIPlugin
2025-08-12 10:33:26,658 [INFO] IPUIPlugin:80 - create IPUIPlugin
2025-08-12 10:33:26,678 [WARN] IP:2250 - pwrPrivilege not found: check if there is a RefParameter without a condition.
2025-08-12 10:33:26,774 [INFO] IPUIPlugin:80 - create IPUIPlugin
2025-08-12 10:33:26,774 [INFO] IPUIPlugin:80 - create IPUIPlugin
2025-08-12 10:33:26,774 [INFO] IPUIPlugin:80 - create IPUIPlugin
2025-08-12 10:39:47,191 [WARN] ContextAllowed:149 - Switch context cannot be done in case of multiple context selected
2025-08-12 10:39:48,528 [WARN] ContextAllowed:149 - Switch context cannot be done in case of multiple context selected
2025-08-12 10:39:49,480 [INFO] UtilMem:75 - End SaveConfig() Used Memory: 880050904 Bytes (1073741824)
2025-08-12 10:39:51,002 [INFO] UtilMem:75 - End SaveConfig() Used Memory: 586309704 Bytes (1073741824)
2025-08-12 10:39:52,424 [INFO] UtilMem:75 - End SaveConfig() Used Memory: 901930792 Bytes (1073741824)
2025-08-12 10:39:52,725 [WARN] IP:2250 - pwrPrivilege not found: check if there is a RefParameter without a condition.
2025-08-12 10:39:52,935 [INFO] BlockDiagram:2775 - set Specific Code input for plugin: EXTMEM_MANAGER
2025-08-12 10:39:52,935 [INFO] BlockDiagram:2775 - set Specific Code input for plugin: PWR
2025-08-12 10:39:52,935 [INFO] BlockDiagram:2775 - set Specific Code input for plugin: CORTEX_M55_S
2025-08-12 10:39:52,935 [INFO] BlockDiagram:2775 - set Specific Code input for plugin: RCC
2025-08-12 10:39:52,935 [INFO] BlockDiagram:2775 - set Specific Code input for plugin: CORTEX_M55_FSBL
2025-08-12 10:39:52,935 [INFO] BlockDiagram:2775 - set Specific Code input for plugin: XSPIM
2025-08-12 10:39:52,935 [INFO] BlockDiagram:2775 - set Specific Code input for plugin: XSPI
2025-08-12 10:39:52,935 [INFO] BlockDiagram:2775 - set Specific Code input for plugin: LPUART
2025-08-12 10:39:52,935 [INFO] BlockDiagram:2775 - set Specific Code input for plugin: NVIC
2025-08-12 10:39:52,935 [INFO] BlockDiagram:2775 - set Specific Code input for plugin: HDP
2025-08-12 10:39:52,935 [INFO] BlockDiagram:2775 - set Specific Code input for plugin: ICACHE
2025-08-12 10:39:52,935 [INFO] BlockDiagram:2775 - set Specific Code input for plugin: DEBUG
2025-08-12 10:39:52,937 [INFO] BlockDiagram:2775 - set Specific Code input for plugin: GPIO
2025-08-12 10:39:52,937 [INFO] BlockDiagram:2775 - set Specific Code input for plugin: RIF
2025-08-12 10:39:52,937 [INFO] BlockDiagram:2775 - set Specific Code input for plugin: NVIC1
2025-08-12 10:39:52,937 [INFO] CodeGenerator:892 - code generatio: config db path: C:\ST\STM32CubeIDE_1.19.0\STM32CubeIDE\plugins\com.st.stm32cube.common.mx_6.15.0.202507011659\\db\
2025-08-12 10:39:52,940 [WARN] IP:2250 - DeviceAttribute0 not found: check if there is a RefParameter without a condition.
2025-08-12 10:39:52,940 [WARN] IP:2250 - Memorytype1 not found: check if there is a RefParameter without a condition.
2025-08-12 10:39:52,940 [WARN] IP:2250 - DeviceAttribute1 not found: check if there is a RefParameter without a condition.
2025-08-12 10:39:52,940 [WARN] IP:2250 - LL_DeviceAttribute21 not found: check if there is a RefParameter without a condition.
2025-08-12 10:39:52,941 [WARN] IP:2250 - Memorytype2 not found: check if there is a RefParameter without a condition.
2025-08-12 10:39:52,941 [WARN] IP:2250 - DeviceAttribute2 not found: check if there is a RefParameter without a condition.
2025-08-12 10:39:52,941 [WARN] IP:2250 - LL_DeviceAttribute22 not found: check if there is a RefParameter without a condition.
2025-08-12 10:39:52,941 [WARN] IP:2250 - Memorytype3 not found: check if there is a RefParameter without a condition.
2025-08-12 10:39:52,941 [WARN] IP:2250 - DeviceAttribute3 not found: check if there is a RefParameter without a condition.
2025-08-12 10:39:52,941 [WARN] IP:2250 - LL_DeviceAttribute23 not found: check if there is a RefParameter without a condition.
2025-08-12 10:39:52,941 [WARN] IP:2250 - Memorytype4 not found: check if there is a RefParameter without a condition.
2025-08-12 10:39:52,941 [WARN] IP:2250 - DeviceAttribute4 not found: check if there is a RefParameter without a condition.
2025-08-12 10:39:52,941 [WARN] IP:2250 - LL_DeviceAttribute24 not found: check if there is a RefParameter without a condition.
2025-08-12 10:39:52,941 [WARN] IP:2250 - Memorytype5 not found: check if there is a RefParameter without a condition.
2025-08-12 10:39:52,941 [WARN] IP:2250 - DeviceAttribute5 not found: check if there is a RefParameter without a condition.
2025-08-12 10:39:52,941 [WARN] IP:2250 - LL_DeviceAttribute25 not found: check if there is a RefParameter without a condition.
2025-08-12 10:39:52,942 [WARN] IP:2250 - Memorytype6 not found: check if there is a RefParameter without a condition.
2025-08-12 10:39:52,942 [WARN] IP:2250 - DeviceAttribute6 not found: check if there is a RefParameter without a condition.
2025-08-12 10:39:52,942 [WARN] IP:2250 - LL_DeviceAttribute26 not found: check if there is a RefParameter without a condition.
2025-08-12 10:39:52,942 [WARN] IP:2250 - Memorytype7 not found: check if there is a RefParameter without a condition.
2025-08-12 10:39:52,942 [WARN] IP:2250 - DeviceAttribute7 not found: check if there is a RefParameter without a condition.
2025-08-12 10:39:52,942 [WARN] IP:2250 - LL_DeviceAttribute27 not found: check if there is a RefParameter without a condition.
2025-08-12 10:39:52,947 [WARN] IP:2250 - Memorytype0 not found: check if there is a RefParameter without a condition.
2025-08-12 10:39:52,947 [WARN] IP:2250 - LL_DeviceAttribute20 not found: check if there is a RefParameter without a condition.
2025-08-12 10:39:52,947 [WARN] IP:2250 - DeviceAttribute0 not found: check if there is a RefParameter without a condition.
2025-08-12 10:39:52,947 [WARN] IP:2250 - DeviceAttribute20 not found: check if there is a RefParameter without a condition.
2025-08-12 10:39:52,947 [WARN] IP:2250 - DeviceAttribute1 not found: check if there is a RefParameter without a condition.
2025-08-12 10:39:52,947 [WARN] IP:2250 - Memorytype2 not found: check if there is a RefParameter without a condition.
2025-08-12 10:39:52,947 [WARN] IP:2250 - LL_DeviceAttribute22 not found: check if there is a RefParameter without a condition.
2025-08-12 10:39:52,947 [WARN] IP:2250 - DeviceAttribute2 not found: check if there is a RefParameter without a condition.
2025-08-12 10:39:52,947 [WARN] IP:2250 - Memorytype3 not found: check if there is a RefParameter without a condition.
2025-08-12 10:39:52,947 [WARN] IP:2250 - LL_DeviceAttribute23 not found: check if there is a RefParameter without a condition.
2025-08-12 10:39:52,947 [WARN] IP:2250 - DeviceAttribute3 not found: check if there is a RefParameter without a condition.
2025-08-12 10:39:52,948 [WARN] IP:2250 - Memorytype4 not found: check if there is a RefParameter without a condition.
2025-08-12 10:39:52,948 [WARN] IP:2250 - LL_DeviceAttribute24 not found: check if there is a RefParameter without a condition.
2025-08-12 10:39:52,948 [WARN] IP:2250 - DeviceAttribute4 not found: check if there is a RefParameter without a condition.
2025-08-12 10:39:52,948 [WARN] IP:2250 - Memorytype5 not found: check if there is a RefParameter without a condition.
2025-08-12 10:39:52,948 [WARN] IP:2250 - LL_DeviceAttribute25 not found: check if there is a RefParameter without a condition.
2025-08-12 10:39:52,948 [WARN] IP:2250 - DeviceAttribute5 not found: check if there is a RefParameter without a condition.
2025-08-12 10:39:52,948 [WARN] IP:2250 - Memorytype6 not found: check if there is a RefParameter without a condition.
2025-08-12 10:39:52,948 [WARN] IP:2250 - LL_DeviceAttribute26 not found: check if there is a RefParameter without a condition.
2025-08-12 10:39:52,948 [WARN] IP:2250 - DeviceAttribute6 not found: check if there is a RefParameter without a condition.
2025-08-12 10:39:52,948 [WARN] IP:2250 - Memorytype7 not found: check if there is a RefParameter without a condition.
2025-08-12 10:39:52,948 [WARN] IP:2250 - LL_DeviceAttribute27 not found: check if there is a RefParameter without a condition.
2025-08-12 10:39:52,948 [WARN] IP:2250 - DeviceAttribute7 not found: check if there is a RefParameter without a condition.
2025-08-12 10:39:52,953 [WARN] IP:2250 - RefParam_LRUN_SRC_memory not found: check if there is a RefParameter without a condition.
2025-08-12 10:39:52,953 [WARN] IP:2250 - RefParam_LRUN_SRC_offset not found: check if there is a RefParameter without a condition.
2025-08-12 10:39:52,954 [WARN] IP:2250 - RefParam_LRUN_SRC_size not found: check if there is a RefParameter without a condition.
2025-08-12 10:39:52,954 [WARN] IP:2250 - RefParam_LRUN_DEST_memory not found: check if there is a RefParameter without a condition.
2025-08-12 10:39:52,954 [WARN] IP:2250 - RefParam_LRUN_DEST_offset not found: check if there is a RefParameter without a condition.
2025-08-12 10:39:52,954 [WARN] IP:2250 - RefParam_MEMORY_1_Size not found: check if there is a RefParameter without a condition.
2025-08-12 10:39:52,955 [WARN] IP:2250 - RefParam_MEMORY_1_FreqMax not found: check if there is a RefParameter without a condition.
2025-08-12 10:39:52,955 [WARN] IP:2250 - RefParam_MEMORY_1_ReadReg not found: check if there is a RefParameter without a condition.
2025-08-12 10:39:52,955 [WARN] IP:2250 - RefParam_MEMORY_1_WriteReg not found: check if there is a RefParameter without a condition.
2025-08-12 10:39:52,955 [WARN] IP:2250 - RefParam_MEMORY_1_RegSize not found: check if there is a RefParameter without a condition.
2025-08-12 10:39:52,955 [WARN] IP:2250 - RefParam_MEMORY_1_RegDummyCycle not found: check if there is a RefParameter without a condition.
2025-08-12 10:39:52,955 [WARN] IP:2250 - RefParam_MEMORY_1_WriteCommand not found: check if there is a RefParameter without a condition.
2025-08-12 10:39:52,955 [WARN] IP:2250 - RefParam_MEMORY_1_WriteDummyCycle not found: check if there is a RefParameter without a condition.
2025-08-12 10:39:52,956 [WARN] IP:2250 - RefParam_MEMORY_1_ReadCommand not found: check if there is a RefParameter without a condition.
2025-08-12 10:39:52,956 [WARN] IP:2250 - RefParam_MEMORY_1_WrapReadCommand not found: check if there is a RefParameter without a condition.
2025-08-12 10:39:52,956 [WARN] IP:2250 - RefParam_MEMORY_1_ReadDummyCycle not found: check if there is a RefParameter without a condition.
2025-08-12 10:39:52,956 [WARN] IP:2250 - RefParam_MEMORY_1_NumberOfConfig not found: check if there is a RefParameter without a condition.
2025-08-12 10:39:52,956 [WARN] IP:2250 - RefParam_MEMORY_1_Config1_WriteMask not found: check if there is a RefParameter without a condition.
2025-08-12 10:39:52,956 [WARN] IP:2250 - RefParam_MEMORY_1_Config1_WriteValue not found: check if there is a RefParameter without a condition.
2025-08-12 10:39:52,956 [WARN] IP:2250 - RefParam_MEMORY_1_Config1_RegAddress not found: check if there is a RefParameter without a condition.
2025-08-12 10:39:52,956 [WARN] IP:2250 - RefParam_MEMORY_1_Config2_WriteMask not found: check if there is a RefParameter without a condition.
2025-08-12 10:39:52,956 [WARN] IP:2250 - RefParam_MEMORY_1_Config2_WriteValue not found: check if there is a RefParameter without a condition.
2025-08-12 10:39:52,956 [WARN] IP:2250 - RefParam_MEMORY_1_Config2_RegAddress not found: check if there is a RefParameter without a condition.
2025-08-12 10:39:52,956 [WARN] IP:2250 - RefParam_MEMORY_1_Config3_WriteMask not found: check if there is a RefParameter without a condition.
2025-08-12 10:39:52,956 [WARN] IP:2250 - RefParam_MEMORY_1_Config3_WriteValue not found: check if there is a RefParameter without a condition.
2025-08-12 10:39:52,956 [WARN] IP:2250 - RefParam_MEMORY_1_Config3_RegAddress not found: check if there is a RefParameter without a condition.
2025-08-12 10:39:52,956 [WARN] IP:2250 - RefParam_MEMORY_2_Instance not found: check if there is a RefParameter without a condition.
2025-08-12 10:39:52,956 [WARN] IP:2250 - RefParam_MEMORY_2_ConfigType not found: check if there is a RefParameter without a condition.
2025-08-12 10:39:52,956 [WARN] IP:2250 - RefParam_MEMORY_2_Size not found: check if there is a RefParameter without a condition.
2025-08-12 10:39:52,956 [WARN] IP:2250 - RefParam_MEMORY_2_FreqMax not found: check if there is a RefParameter without a condition.
2025-08-12 10:39:52,956 [WARN] IP:2250 - RefParam_MEMORY_2_ReadReg not found: check if there is a RefParameter without a condition.
2025-08-12 10:39:52,956 [WARN] IP:2250 - RefParam_MEMORY_2_WriteReg not found: check if there is a RefParameter without a condition.
2025-08-12 10:39:52,956 [WARN] IP:2250 - RefParam_MEMORY_2_RegSize not found: check if there is a RefParameter without a condition.
2025-08-12 10:39:52,956 [WARN] IP:2250 - RefParam_MEMORY_2_RegDummyCycle not found: check if there is a RefParameter without a condition.
2025-08-12 10:39:52,956 [WARN] IP:2250 - RefParam_MEMORY_2_WriteCommand not found: check if there is a RefParameter without a condition.
2025-08-12 10:39:52,956 [WARN] IP:2250 - RefParam_MEMORY_2_WriteDummyCycle not found: check if there is a RefParameter without a condition.
2025-08-12 10:39:52,956 [WARN] IP:2250 - RefParam_MEMORY_2_ReadCommand not found: check if there is a RefParameter without a condition.
2025-08-12 10:39:52,956 [WARN] IP:2250 - RefParam_MEMORY_2_WrapReadCommand not found: check if there is a RefParameter without a condition.
2025-08-12 10:39:52,957 [WARN] IP:2250 - RefParam_MEMORY_2_ReadDummyCycle not found: check if there is a RefParameter without a condition.
2025-08-12 10:39:52,957 [WARN] IP:2250 - RefParam_MEMORY_2_NumberOfConfig not found: check if there is a RefParameter without a condition.
2025-08-12 10:39:52,957 [WARN] IP:2250 - RefParam_MEMORY_2_Config1_WriteMask not found: check if there is a RefParameter without a condition.
2025-08-12 10:39:52,957 [WARN] IP:2250 - RefParam_MEMORY_2_Config1_WriteValue not found: check if there is a RefParameter without a condition.
2025-08-12 10:39:52,957 [WARN] IP:2250 - RefParam_MEMORY_2_Config1_RegAddress not found: check if there is a RefParameter without a condition.
2025-08-12 10:39:52,957 [WARN] IP:2250 - RefParam_MEMORY_2_Config2_WriteMask not found: check if there is a RefParameter without a condition.
2025-08-12 10:39:52,957 [WARN] IP:2250 - RefParam_MEMORY_2_Config2_WriteValue not found: check if there is a RefParameter without a condition.
2025-08-12 10:39:52,957 [WARN] IP:2250 - RefParam_MEMORY_2_Config2_RegAddress not found: check if there is a RefParameter without a condition.
2025-08-12 10:39:52,957 [WARN] IP:2250 - RefParam_MEMORY_2_Config3_WriteMask not found: check if there is a RefParameter without a condition.
2025-08-12 10:39:52,957 [WARN] IP:2250 - RefParam_MEMORY_2_Config3_WriteValue not found: check if there is a RefParameter without a condition.
2025-08-12 10:39:52,957 [WARN] IP:2250 - RefParam_MEMORY_2_Config3_RegAddress not found: check if there is a RefParameter without a condition.
2025-08-12 10:39:52,970 [WARN] IP:2250 - pwrPrivilege not found: check if there is a RefParameter without a condition.
2025-08-12 10:39:53,041 [INFO] Middleware:1452 - No code input for Bsp Dependency
2025-08-12 10:39:53,043 [INFO] Middleware:1452 - No code input for Bsp Dependency
2025-08-12 10:39:53,045 [INFO] Middleware:1452 - No code input for Bsp Dependency
2025-08-12 10:39:53,047 [INFO] Middleware:1452 - No code input for Bsp Dependency
2025-08-12 10:39:53,050 [INFO] Middleware:1452 - No code input for Bsp Dependency
2025-08-12 10:39:53,051 [INFO] Middleware:1452 - No code input for Bsp Dependency
2025-08-12 10:39:53,051 [INFO] CodeGenerator:1619 - *******************Project context FSBL selected
2025-08-12 10:39:53,092 [INFO] CodeEngine:265 - oldGeneratedFile, C:\ST\AB_LSTM\AB_LSTM\MXTmpFiles\license.tmp_save
2025-08-12 10:39:53,292 [INFO] CodeEngine:289 - Generated code: C:\ST\AB_LSTM\AB_LSTM\MXTmpFiles\license.tmp
2025-08-12 10:39:53,356 [INFO] CodeEngine:265 - oldGeneratedFile, C:\ST\AB_LSTM\AB_LSTM\FSBL\MXTmpFiles\gpio.tmp_save
2025-08-12 10:39:53,496 [INFO] CodeEngine:289 - Generated code: C:\ST\AB_LSTM\AB_LSTM\FSBL\MXTmpFiles\gpio.tmp
2025-08-12 10:39:53,546 [WARN] IPConfigManager:103 - WARNING: Missing Config File for DEBUG ip!!
2025-08-12 10:39:53,626 [WARN] IPConfigManager:103 - WARNING: Missing Config File for HDP ip!!
2025-08-12 10:39:53,820 [WARN] IPConfigManager:103 - WARNING: Missing Config File for XSPIM ip!!
2025-08-12 10:39:53,868 [INFO] Middleware:1452 - No code input for Bsp Dependency
2025-08-12 10:39:53,880 [INFO] CodeEngine:265 - oldGeneratedFile, C:\ST\AB_LSTM\AB_LSTM\FSBL\MXTmpFiles\boot_code.tmp_save
2025-08-12 10:39:53,992 [INFO] CodeEngine:289 - Generated code: C:\ST\AB_LSTM\AB_LSTM\FSBL\MXTmpFiles\boot_code.tmp
2025-08-12 10:39:54,014 [INFO] CodeEngine:265 - oldGeneratedFile, C:\ST\AB_LSTM\AB_LSTM\FSBL\MXTmpFiles\cortex.tmp_save
2025-08-12 10:39:54,141 [INFO] CodeEngine:289 - Generated code: C:\ST\AB_LSTM\AB_LSTM\FSBL\MXTmpFiles\cortex.tmp
2025-08-12 10:39:54,160 [INFO] Middleware:1452 - No code input for Bsp Dependency
2025-08-12 10:39:54,175 [INFO] CodeEngine:265 - oldGeneratedFile, C:\ST\AB_LSTM\AB_LSTM\FSBL\Core\Inc\extmem_manager.h_save
2025-08-12 10:39:54,338 [INFO] CodeEngine:289 - Generated code: C:\ST\AB_LSTM\AB_LSTM\FSBL\Core\Inc\extmem_manager.h
2025-08-12 10:39:54,508 [INFO] CodeEngine:265 - oldGeneratedFile, C:\ST\AB_LSTM\AB_LSTM\FSBL\Core\Src\extmem_manager.c_save
2025-08-12 10:39:54,605 [INFO] CodeEngine:289 - Generated code: C:\ST\AB_LSTM\AB_LSTM\FSBL\Core\Src\extmem_manager.c
2025-08-12 10:39:54,615 [INFO] CodeEngine:265 - oldGeneratedFile, C:\ST\AB_LSTM\AB_LSTM\FSBL\Core\Inc\stm32_extmem_conf.h_save
2025-08-12 10:39:54,714 [INFO] CodeEngine:289 - Generated code: C:\ST\AB_LSTM\AB_LSTM\FSBL\Core\Inc\stm32_extmem_conf.h
2025-08-12 10:39:54,721 [INFO] CodeEngine:265 - oldGeneratedFile, C:\ST\AB_LSTM\AB_LSTM\FSBL\MXTmpFiles\boot_code.tmp_save
2025-08-12 10:39:54,757 [INFO] CodeEngine:289 - Generated code: C:\ST\AB_LSTM\AB_LSTM\FSBL\MXTmpFiles\boot_code.tmp
2025-08-12 10:39:54,782 [INFO] CodeEngine:265 - oldGeneratedFile, C:\ST\AB_LSTM\AB_LSTM\FSBL\Core\Src\stm32n6xx_it.c_save
2025-08-12 10:39:54,943 [INFO] CodeEngine:289 - Generated code: C:\ST\AB_LSTM\AB_LSTM\FSBL\Core\Src\stm32n6xx_it.c
2025-08-12 10:39:54,953 [INFO] CodeEngine:265 - oldGeneratedFile, C:\ST\AB_LSTM\AB_LSTM\FSBL\Core\Inc\stm32n6xx_it.h_save
2025-08-12 10:39:55,003 [INFO] CodeEngine:289 - Generated code: C:\ST\AB_LSTM\AB_LSTM\FSBL\Core\Inc\stm32n6xx_it.h
2025-08-12 10:39:55,069 [INFO] CodeEngine:265 - oldGeneratedFile, C:\ST\AB_LSTM\AB_LSTM\FSBL\Core\Src\stm32n6xx_hal_msp.c_save
2025-08-12 10:39:55,188 [INFO] CodeEngine:289 - Generated code: C:\ST\AB_LSTM\AB_LSTM\FSBL\Core\Src\stm32n6xx_hal_msp.c
2025-08-12 10:39:55,195 [INFO] CodeEngine:265 - oldGeneratedFile, C:\ST\AB_LSTM\AB_LSTM\FSBL\MXTmpFiles\system.tmp_save
2025-08-12 10:39:55,241 [INFO] CodeEngine:289 - Generated code: C:\ST\AB_LSTM\AB_LSTM\FSBL\MXTmpFiles\system.tmp
2025-08-12 10:39:55,261 [INFO] CodeEngine:321 - oldGeneratedFile, C:\ST\AB_LSTM\AB_LSTM\FSBL\Core\Inc\stm32n6xx_hal_conf.h_save
2025-08-12 10:39:55,345 [INFO] CodeEngine:345 - Generated code: C:\ST\AB_LSTM\AB_LSTM\FSBL\Core\Inc\stm32n6xx_hal_conf.h
2025-08-12 10:39:55,359 [WARN] IPConfigManager:3238 - Warning: the RefConfig RCC_ConfigVoltageScaling is not available in your config.xml file
2025-08-12 10:39:55,363 [WARN] IPConfigManager:3238 - Warning: the RefConfig RCC_RTC_HSEDIV is not available in your config.xml file
2025-08-12 10:39:55,367 [ERROR] ApiDbMcu:560 - Cannot parse HDP_Config file : file do not exist
2025-08-12 10:39:55,367 [ERROR] ApiDbMcu:560 - Cannot parse XSPIM_Config file : file do not exist
2025-08-12 10:39:55,379 [INFO] CodeEngine:265 - oldGeneratedFile, C:\ST\AB_LSTM\AB_LSTM\FSBL\Core\Inc\main.h_save
2025-08-12 10:39:55,474 [INFO] CodeEngine:289 - Generated code: C:\ST\AB_LSTM\AB_LSTM\FSBL\Core\Inc\main.h
2025-08-12 10:39:55,482 [INFO] CodeEngine:265 - oldGeneratedFile, C:\ST\AB_LSTM\AB_LSTM\FSBL\Core\Src\main.c_save
2025-08-12 10:39:55,580 [INFO] CodeEngine:289 - Generated code: C:\ST\AB_LSTM\AB_LSTM\FSBL\Core\Src\main.c
2025-08-12 10:39:55,614 [INFO] CodeGenerator:1619 - *******************Project context Appli selected
2025-08-12 10:39:55,644 [INFO] CodeEngine:265 - oldGeneratedFile, C:\ST\AB_LSTM\AB_LSTM\MXTmpFiles\license.tmp_save
2025-08-12 10:39:55,698 [INFO] CodeEngine:289 - Generated code: C:\ST\AB_LSTM\AB_LSTM\MXTmpFiles\license.tmp
2025-08-12 10:39:55,713 [INFO] CodeEngine:265 - oldGeneratedFile, C:\ST\AB_LSTM\AB_LSTM\Appli\MXTmpFiles\gpio.tmp_save
2025-08-12 10:39:55,785 [INFO] CodeEngine:289 - Generated code: C:\ST\AB_LSTM\AB_LSTM\Appli\MXTmpFiles\gpio.tmp
2025-08-12 10:39:55,805 [WARN] IPConfigManager:103 - WARNING: Missing Config File for DEBUG ip!!
2025-08-12 10:39:55,827 [WARN] IPConfigManager:103 - WARNING: Missing Config File for NVIC ip!!
2025-08-12 10:39:55,857 [INFO] CodeEngine:265 - oldGeneratedFile, C:\ST\AB_LSTM\AB_LSTM\Appli\MXTmpFiles\cortex.tmp_save
2025-08-12 10:39:55,927 [INFO] CodeEngine:289 - Generated code: C:\ST\AB_LSTM\AB_LSTM\Appli\MXTmpFiles\cortex.tmp
2025-08-12 10:39:55,957 [INFO] CodeEngine:265 - oldGeneratedFile, C:\ST\AB_LSTM\AB_LSTM\Appli\Core\Src\stm32n6xx_it.c_save
2025-08-12 10:39:56,022 [INFO] CodeEngine:289 - Generated code: C:\ST\AB_LSTM\AB_LSTM\Appli\Core\Src\stm32n6xx_it.c
2025-08-12 10:39:56,026 [INFO] CodeEngine:265 - oldGeneratedFile, C:\ST\AB_LSTM\AB_LSTM\Appli\Core\Inc\stm32n6xx_it.h_save
2025-08-12 10:39:56,060 [INFO] CodeEngine:289 - Generated code: C:\ST\AB_LSTM\AB_LSTM\Appli\Core\Inc\stm32n6xx_it.h
2025-08-12 10:39:56,071 [INFO] CodeEngine:265 - oldGeneratedFile, C:\ST\AB_LSTM\AB_LSTM\Appli\MXTmpFiles\RIFInit.tmp_save
2025-08-12 10:39:56,144 [INFO] CodeEngine:289 - Generated code: C:\ST\AB_LSTM\AB_LSTM\Appli\MXTmpFiles\RIFInit.tmp
2025-08-12 10:39:56,182 [INFO] CodeEngine:265 - oldGeneratedFile, C:\ST\AB_LSTM\AB_LSTM\Appli\Core\Src\stm32n6xx_hal_msp.c_save
2025-08-12 10:39:56,279 [INFO] CodeEngine:289 - Generated code: C:\ST\AB_LSTM\AB_LSTM\Appli\Core\Src\stm32n6xx_hal_msp.c
2025-08-12 10:39:56,283 [INFO] CodeEngine:265 - oldGeneratedFile, C:\ST\AB_LSTM\AB_LSTM\Appli\MXTmpFiles\system.tmp_save
2025-08-12 10:39:56,311 [INFO] CodeEngine:289 - Generated code: C:\ST\AB_LSTM\AB_LSTM\Appli\MXTmpFiles\system.tmp
2025-08-12 10:39:56,320 [INFO] CodeEngine:321 - oldGeneratedFile, C:\ST\AB_LSTM\AB_LSTM\Appli\Core\Inc\stm32n6xx_hal_conf.h_save
2025-08-12 10:39:56,407 [INFO] CodeEngine:345 - Generated code: C:\ST\AB_LSTM\AB_LSTM\Appli\Core\Inc\stm32n6xx_hal_conf.h
2025-08-12 10:39:56,418 [WARN] IPConfigManager:3238 - Warning: the RefConfig RCC_ConfigVoltageScaling is not available in your config.xml file
2025-08-12 10:39:56,419 [WARN] IPConfigManager:3238 - Warning: the RefConfig RCC_RTC_HSEDIV is not available in your config.xml file
2025-08-12 10:39:56,431 [INFO] CodeEngine:265 - oldGeneratedFile, C:\ST\AB_LSTM\AB_LSTM\Appli\Core\Inc\main.h_save
2025-08-12 10:39:56,526 [INFO] CodeEngine:289 - Generated code: C:\ST\AB_LSTM\AB_LSTM\Appli\Core\Inc\main.h
2025-08-12 10:39:56,531 [INFO] CodeEngine:265 - oldGeneratedFile, C:\ST\AB_LSTM\AB_LSTM\Appli\Core\Src\main.c_save
2025-08-12 10:39:56,625 [INFO] CodeEngine:289 - Generated code: C:\ST\AB_LSTM\AB_LSTM\Appli\Core\Src\main.c
2025-08-12 10:39:56,639 [INFO] CodeEngine:265 - oldGeneratedFile, C:\ST\AB_LSTM\AB_LSTM\Appli\Core\Src\secure_nsc.c_save
2025-08-12 10:39:56,716 [INFO] CodeEngine:289 - Generated code: C:\ST\AB_LSTM\AB_LSTM\Appli\Core\Src\secure_nsc.c
2025-08-12 10:39:56,723 [INFO] CodeEngine:265 - oldGeneratedFile, C:\ST\AB_LSTM\AB_LSTM\Appli\Core\Inc\partition_stm32n657xx.h_save
2025-08-12 10:39:56,789 [INFO] CodeEngine:289 - Generated code: C:\ST\AB_LSTM\AB_LSTM\Appli\Core\Inc\partition_stm32n657xx.h
2025-08-12 10:39:56,797 [INFO] CodeEngine:265 - oldGeneratedFile, C:\ST\AB_LSTM\AB_LSTM\Secure_nsclib\secure_nsc.h_save
2025-08-12 10:39:56,846 [INFO] CodeEngine:289 - Generated code: C:\ST\AB_LSTM\AB_LSTM\Secure_nsclib\secure_nsc.h
2025-08-12 10:39:56,870 [INFO] CodeGenerator:1707 - *******************Project context ExtMemLoader Not selected
2025-08-12 10:39:57,790 [INFO] ProjectBuilder:3606 - Time for Copy HAL[1] : 789mS.
2025-08-12 10:39:57,808 [INFO] ProjectBuilder:5216 - Project Generator version: 4.7.0-B52
2025-08-12 10:39:57,891 [INFO] ConfigFileManager:1595 - The Die is : DIE486
2025-08-12 10:40:04,181 [INFO] ProjectBuilder:5056 - Time for Generating toolchain IDE Files: 6373mS.
2025-08-12 10:40:04,183 [INFO] ProjectBuilder:3463 - Time for Copy CMSIS : 1mS.
2025-08-12 10:40:04,188 [INFO] ProjectBuilder:3463 - Time for Copy CMSIS : 0mS.
2025-08-12 10:41:44,081 [WARN] IP:2250 - Memorytype0 not found: check if there is a RefParameter without a condition.
2025-08-12 10:41:44,081 [WARN] IP:2250 - LL_DeviceAttribute20 not found: check if there is a RefParameter without a condition.
2025-08-12 10:41:44,081 [WARN] IP:2250 - DeviceAttribute0 not found: check if there is a RefParameter without a condition.
2025-08-12 10:41:44,081 [WARN] IP:2250 - DeviceAttribute20 not found: check if there is a RefParameter without a condition.
2025-08-12 10:41:44,082 [WARN] IP:2250 - DeviceAttribute1 not found: check if there is a RefParameter without a condition.
2025-08-12 10:41:44,082 [WARN] IP:2250 - Memorytype2 not found: check if there is a RefParameter without a condition.
2025-08-12 10:41:44,082 [WARN] IP:2250 - LL_DeviceAttribute22 not found: check if there is a RefParameter without a condition.
2025-08-12 10:41:44,082 [WARN] IP:2250 - DeviceAttribute2 not found: check if there is a RefParameter without a condition.
2025-08-12 10:41:44,082 [WARN] IP:2250 - Memorytype3 not found: check if there is a RefParameter without a condition.
2025-08-12 10:41:44,082 [WARN] IP:2250 - LL_DeviceAttribute23 not found: check if there is a RefParameter without a condition.
2025-08-12 10:41:44,082 [WARN] IP:2250 - DeviceAttribute3 not found: check if there is a RefParameter without a condition.
2025-08-12 10:41:44,082 [WARN] IP:2250 - Memorytype4 not found: check if there is a RefParameter without a condition.
2025-08-12 10:41:44,083 [WARN] IP:2250 - LL_DeviceAttribute24 not found: check if there is a RefParameter without a condition.
2025-08-12 10:41:44,083 [WARN] IP:2250 - DeviceAttribute4 not found: check if there is a RefParameter without a condition.
2025-08-12 10:41:44,083 [WARN] IP:2250 - Memorytype5 not found: check if there is a RefParameter without a condition.
2025-08-12 10:41:44,083 [WARN] IP:2250 - LL_DeviceAttribute25 not found: check if there is a RefParameter without a condition.
2025-08-12 10:41:44,083 [WARN] IP:2250 - DeviceAttribute5 not found: check if there is a RefParameter without a condition.
2025-08-12 10:41:44,083 [WARN] IP:2250 - Memorytype6 not found: check if there is a RefParameter without a condition.
2025-08-12 10:41:44,083 [WARN] IP:2250 - LL_DeviceAttribute26 not found: check if there is a RefParameter without a condition.
2025-08-12 10:41:44,084 [WARN] IP:2250 - DeviceAttribute6 not found: check if there is a RefParameter without a condition.
2025-08-12 10:41:44,084 [WARN] IP:2250 - Memorytype7 not found: check if there is a RefParameter without a condition.
2025-08-12 10:41:44,084 [WARN] IP:2250 - LL_DeviceAttribute27 not found: check if there is a RefParameter without a condition.
2025-08-12 10:41:44,084 [WARN] IP:2250 - DeviceAttribute7 not found: check if there is a RefParameter without a condition.
2025-08-12 10:41:54,563 [WARN] IP:2250 - Memorytype0 not found: check if there is a RefParameter without a condition.
2025-08-12 10:41:54,563 [WARN] IP:2250 - LL_DeviceAttribute20 not found: check if there is a RefParameter without a condition.
2025-08-12 10:41:54,563 [WARN] IP:2250 - DeviceAttribute0 not found: check if there is a RefParameter without a condition.
2025-08-12 10:41:54,563 [WARN] IP:2250 - DeviceAttribute20 not found: check if there is a RefParameter without a condition.
2025-08-12 10:41:54,563 [WARN] IP:2250 - DeviceAttribute1 not found: check if there is a RefParameter without a condition.
2025-08-12 10:41:54,563 [WARN] IP:2250 - Memorytype2 not found: check if there is a RefParameter without a condition.
2025-08-12 10:41:54,563 [WARN] IP:2250 - LL_DeviceAttribute22 not found: check if there is a RefParameter without a condition.
2025-08-12 10:41:54,563 [WARN] IP:2250 - DeviceAttribute2 not found: check if there is a RefParameter without a condition.
2025-08-12 10:41:54,564 [WARN] IP:2250 - Memorytype3 not found: check if there is a RefParameter without a condition.
2025-08-12 10:41:54,564 [WARN] IP:2250 - LL_DeviceAttribute23 not found: check if there is a RefParameter without a condition.
2025-08-12 10:41:54,564 [WARN] IP:2250 - DeviceAttribute3 not found: check if there is a RefParameter without a condition.
2025-08-12 10:41:54,564 [WARN] IP:2250 - Memorytype4 not found: check if there is a RefParameter without a condition.
2025-08-12 10:41:54,564 [WARN] IP:2250 - LL_DeviceAttribute24 not found: check if there is a RefParameter without a condition.
2025-08-12 10:41:54,564 [WARN] IP:2250 - DeviceAttribute4 not found: check if there is a RefParameter without a condition.
2025-08-12 10:41:54,564 [WARN] IP:2250 - Memorytype5 not found: check if there is a RefParameter without a condition.
2025-08-12 10:41:54,564 [WARN] IP:2250 - LL_DeviceAttribute25 not found: check if there is a RefParameter without a condition.
2025-08-12 10:41:54,564 [WARN] IP:2250 - DeviceAttribute5 not found: check if there is a RefParameter without a condition.
2025-08-12 10:41:54,564 [WARN] IP:2250 - Memorytype6 not found: check if there is a RefParameter without a condition.
2025-08-12 10:41:54,564 [WARN] IP:2250 - LL_DeviceAttribute26 not found: check if there is a RefParameter without a condition.
2025-08-12 10:41:54,564 [WARN] IP:2250 - DeviceAttribute6 not found: check if there is a RefParameter without a condition.
2025-08-12 10:41:54,564 [WARN] IP:2250 - Memorytype7 not found: check if there is a RefParameter without a condition.
2025-08-12 10:41:54,564 [WARN] IP:2250 - LL_DeviceAttribute27 not found: check if there is a RefParameter without a condition.
2025-08-12 10:41:54,564 [WARN] IP:2250 - DeviceAttribute7 not found: check if there is a RefParameter without a condition.
2025-08-12 10:41:56,358 [INFO] UtilMem:75 - End SaveConfig() Used Memory: 806105656 Bytes (1073741824)
2025-08-12 10:41:59,529 [INFO] UtilMem:75 - End SaveConfig() Used Memory: 837040696 Bytes (1073741824)
2025-08-12 10:42:02,221 [INFO] UtilMem:75 - End SaveConfig() Used Memory: 965006488 Bytes (1073741824)
2025-08-12 10:42:02,606 [WARN] IP:2250 - pwrPrivilege not found: check if there is a RefParameter without a condition.
2025-08-12 10:42:02,881 [INFO] BlockDiagram:2775 - set Specific Code input for plugin: EXTMEM_MANAGER
2025-08-12 10:42:02,882 [INFO] BlockDiagram:2775 - set Specific Code input for plugin: PWR
2025-08-12 10:42:02,882 [INFO] BlockDiagram:2775 - set Specific Code input for plugin: CORTEX_M55_S
2025-08-12 10:42:02,882 [INFO] BlockDiagram:2775 - set Specific Code input for plugin: RCC
2025-08-12 10:42:02,882 [INFO] BlockDiagram:2775 - set Specific Code input for plugin: CORTEX_M55_FSBL
2025-08-12 10:42:02,882 [INFO] BlockDiagram:2775 - set Specific Code input for plugin: XSPIM
2025-08-12 10:42:02,882 [INFO] BlockDiagram:2775 - set Specific Code input for plugin: XSPI
2025-08-12 10:42:02,882 [INFO] BlockDiagram:2775 - set Specific Code input for plugin: LPUART
2025-08-12 10:42:02,882 [INFO] BlockDiagram:2775 - set Specific Code input for plugin: NVIC
2025-08-12 10:42:02,882 [INFO] BlockDiagram:2775 - set Specific Code input for plugin: HDP
2025-08-12 10:42:02,882 [INFO] BlockDiagram:2775 - set Specific Code input for plugin: ICACHE
2025-08-12 10:42:02,882 [INFO] BlockDiagram:2775 - set Specific Code input for plugin: DEBUG
2025-08-12 10:42:02,883 [INFO] BlockDiagram:2775 - set Specific Code input for plugin: GPIO
2025-08-12 10:42:02,883 [INFO] BlockDiagram:2775 - set Specific Code input for plugin: RIF
2025-08-12 10:42:02,883 [INFO] BlockDiagram:2775 - set Specific Code input for plugin: NVIC1
2025-08-12 10:42:02,885 [INFO] CodeGenerator:892 - code generatio: config db path: C:\ST\STM32CubeIDE_1.19.0\STM32CubeIDE\plugins\com.st.stm32cube.common.mx_6.15.0.202507011659\\db\
2025-08-12 10:42:02,889 [WARN] IP:2250 - DeviceAttribute0 not found: check if there is a RefParameter without a condition.
2025-08-12 10:42:02,889 [WARN] IP:2250 - Memorytype1 not found: check if there is a RefParameter without a condition.
2025-08-12 10:42:02,889 [WARN] IP:2250 - DeviceAttribute1 not found: check if there is a RefParameter without a condition.
2025-08-12 10:42:02,889 [WARN] IP:2250 - LL_DeviceAttribute21 not found: check if there is a RefParameter without a condition.
2025-08-12 10:42:02,889 [WARN] IP:2250 - Memorytype2 not found: check if there is a RefParameter without a condition.
2025-08-12 10:42:02,889 [WARN] IP:2250 - DeviceAttribute2 not found: check if there is a RefParameter without a condition.
2025-08-12 10:42:02,889 [WARN] IP:2250 - LL_DeviceAttribute22 not found: check if there is a RefParameter without a condition.
2025-08-12 10:42:02,889 [WARN] IP:2250 - Memorytype3 not found: check if there is a RefParameter without a condition.
2025-08-12 10:42:02,890 [WARN] IP:2250 - DeviceAttribute3 not found: check if there is a RefParameter without a condition.
2025-08-12 10:42:02,890 [WARN] IP:2250 - LL_DeviceAttribute23 not found: check if there is a RefParameter without a condition.
2025-08-12 10:42:02,890 [WARN] IP:2250 - Memorytype4 not found: check if there is a RefParameter without a condition.
2025-08-12 10:42:02,890 [WARN] IP:2250 - DeviceAttribute4 not found: check if there is a RefParameter without a condition.
2025-08-12 10:42:02,890 [WARN] IP:2250 - LL_DeviceAttribute24 not found: check if there is a RefParameter without a condition.
2025-08-12 10:42:02,890 [WARN] IP:2250 - Memorytype5 not found: check if there is a RefParameter without a condition.
2025-08-12 10:42:02,890 [WARN] IP:2250 - DeviceAttribute5 not found: check if there is a RefParameter without a condition.
2025-08-12 10:42:02,890 [WARN] IP:2250 - LL_DeviceAttribute25 not found: check if there is a RefParameter without a condition.
2025-08-12 10:42:02,890 [WARN] IP:2250 - Memorytype6 not found: check if there is a RefParameter without a condition.
2025-08-12 10:42:02,890 [WARN] IP:2250 - DeviceAttribute6 not found: check if there is a RefParameter without a condition.
2025-08-12 10:42:02,891 [WARN] IP:2250 - LL_DeviceAttribute26 not found: check if there is a RefParameter without a condition.
2025-08-12 10:42:02,891 [WARN] IP:2250 - Memorytype7 not found: check if there is a RefParameter without a condition.
2025-08-12 10:42:02,891 [WARN] IP:2250 - DeviceAttribute7 not found: check if there is a RefParameter without a condition.
2025-08-12 10:42:02,891 [WARN] IP:2250 - LL_DeviceAttribute27 not found: check if there is a RefParameter without a condition.
2025-08-12 10:42:02,896 [WARN] IP:2250 - Memorytype0 not found: check if there is a RefParameter without a condition.
2025-08-12 10:42:02,896 [WARN] IP:2250 - LL_DeviceAttribute20 not found: check if there is a RefParameter without a condition.
2025-08-12 10:42:02,896 [WARN] IP:2250 - DeviceAttribute0 not found: check if there is a RefParameter without a condition.
2025-08-12 10:42:02,896 [WARN] IP:2250 - DeviceAttribute20 not found: check if there is a RefParameter without a condition.
2025-08-12 10:42:02,896 [WARN] IP:2250 - DeviceAttribute1 not found: check if there is a RefParameter without a condition.
2025-08-12 10:42:02,896 [WARN] IP:2250 - Memorytype2 not found: check if there is a RefParameter without a condition.
2025-08-12 10:42:02,896 [WARN] IP:2250 - LL_DeviceAttribute22 not found: check if there is a RefParameter without a condition.
2025-08-12 10:42:02,897 [WARN] IP:2250 - DeviceAttribute2 not found: check if there is a RefParameter without a condition.
2025-08-12 10:42:02,897 [WARN] IP:2250 - Memorytype3 not found: check if there is a RefParameter without a condition.
2025-08-12 10:42:02,897 [WARN] IP:2250 - LL_DeviceAttribute23 not found: check if there is a RefParameter without a condition.
2025-08-12 10:42:02,897 [WARN] IP:2250 - DeviceAttribute3 not found: check if there is a RefParameter without a condition.
2025-08-12 10:42:02,897 [WARN] IP:2250 - Memorytype4 not found: check if there is a RefParameter without a condition.
2025-08-12 10:42:02,897 [WARN] IP:2250 - LL_DeviceAttribute24 not found: check if there is a RefParameter without a condition.
2025-08-12 10:42:02,898 [WARN] IP:2250 - DeviceAttribute4 not found: check if there is a RefParameter without a condition.
2025-08-12 10:42:02,898 [WARN] IP:2250 - Memorytype5 not found: check if there is a RefParameter without a condition.
2025-08-12 10:42:02,898 [WARN] IP:2250 - LL_DeviceAttribute25 not found: check if there is a RefParameter without a condition.
2025-08-12 10:42:02,898 [WARN] IP:2250 - DeviceAttribute5 not found: check if there is a RefParameter without a condition.
2025-08-12 10:42:02,898 [WARN] IP:2250 - Memorytype6 not found: check if there is a RefParameter without a condition.
2025-08-12 10:42:02,898 [WARN] IP:2250 - LL_DeviceAttribute26 not found: check if there is a RefParameter without a condition.
2025-08-12 10:42:02,898 [WARN] IP:2250 - DeviceAttribute6 not found: check if there is a RefParameter without a condition.
2025-08-12 10:42:02,899 [WARN] IP:2250 - Memorytype7 not found: check if there is a RefParameter without a condition.
2025-08-12 10:42:02,899 [WARN] IP:2250 - LL_DeviceAttribute27 not found: check if there is a RefParameter without a condition.
2025-08-12 10:42:02,899 [WARN] IP:2250 - DeviceAttribute7 not found: check if there is a RefParameter without a condition.
2025-08-12 10:42:02,906 [WARN] IP:2250 - RefParam_LRUN_SRC_memory not found: check if there is a RefParameter without a condition.
2025-08-12 10:42:02,907 [WARN] IP:2250 - RefParam_LRUN_SRC_offset not found: check if there is a RefParameter without a condition.
2025-08-12 10:42:02,907 [WARN] IP:2250 - RefParam_LRUN_SRC_size not found: check if there is a RefParameter without a condition.
2025-08-12 10:42:02,907 [WARN] IP:2250 - RefParam_LRUN_DEST_memory not found: check if there is a RefParameter without a condition.
2025-08-12 10:42:02,907 [WARN] IP:2250 - RefParam_LRUN_DEST_offset not found: check if there is a RefParameter without a condition.
2025-08-12 10:42:02,907 [WARN] IP:2250 - RefParam_MEMORY_1_Size not found: check if there is a RefParameter without a condition.
2025-08-12 10:42:02,907 [WARN] IP:2250 - RefParam_MEMORY_1_FreqMax not found: check if there is a RefParameter without a condition.
2025-08-12 10:42:02,907 [WARN] IP:2250 - RefParam_MEMORY_1_ReadReg not found: check if there is a RefParameter without a condition.
2025-08-12 10:42:02,907 [WARN] IP:2250 - RefParam_MEMORY_1_WriteReg not found: check if there is a RefParameter without a condition.
2025-08-12 10:42:02,907 [WARN] IP:2250 - RefParam_MEMORY_1_RegSize not found: check if there is a RefParameter without a condition.
2025-08-12 10:42:02,907 [WARN] IP:2250 - RefParam_MEMORY_1_RegDummyCycle not found: check if there is a RefParameter without a condition.
2025-08-12 10:42:02,907 [WARN] IP:2250 - RefParam_MEMORY_1_WriteCommand not found: check if there is a RefParameter without a condition.
2025-08-12 10:42:02,907 [WARN] IP:2250 - RefParam_MEMORY_1_WriteDummyCycle not found: check if there is a RefParameter without a condition.
2025-08-12 10:42:02,907 [WARN] IP:2250 - RefParam_MEMORY_1_ReadCommand not found: check if there is a RefParameter without a condition.
2025-08-12 10:42:02,907 [WARN] IP:2250 - RefParam_MEMORY_1_WrapReadCommand not found: check if there is a RefParameter without a condition.
2025-08-12 10:42:02,907 [WARN] IP:2250 - RefParam_MEMORY_1_ReadDummyCycle not found: check if there is a RefParameter without a condition.
2025-08-12 10:42:02,907 [WARN] IP:2250 - RefParam_MEMORY_1_NumberOfConfig not found: check if there is a RefParameter without a condition.
2025-08-12 10:42:02,907 [WARN] IP:2250 - RefParam_MEMORY_1_Config1_WriteMask not found: check if there is a RefParameter without a condition.
2025-08-12 10:42:02,907 [WARN] IP:2250 - RefParam_MEMORY_1_Config1_WriteValue not found: check if there is a RefParameter without a condition.
2025-08-12 10:42:02,907 [WARN] IP:2250 - RefParam_MEMORY_1_Config1_RegAddress not found: check if there is a RefParameter without a condition.
2025-08-12 10:42:02,907 [WARN] IP:2250 - RefParam_MEMORY_1_Config2_WriteMask not found: check if there is a RefParameter without a condition.
2025-08-12 10:42:02,907 [WARN] IP:2250 - RefParam_MEMORY_1_Config2_WriteValue not found: check if there is a RefParameter without a condition.
2025-08-12 10:42:02,907 [WARN] IP:2250 - RefParam_MEMORY_1_Config2_RegAddress not found: check if there is a RefParameter without a condition.
2025-08-12 10:42:02,907 [WARN] IP:2250 - RefParam_MEMORY_1_Config3_WriteMask not found: check if there is a RefParameter without a condition.
2025-08-12 10:42:02,907 [WARN] IP:2250 - RefParam_MEMORY_1_Config3_WriteValue not found: check if there is a RefParameter without a condition.
2025-08-12 10:42:02,907 [WARN] IP:2250 - RefParam_MEMORY_1_Config3_RegAddress not found: check if there is a RefParameter without a condition.
2025-08-12 10:42:02,908 [WARN] IP:2250 - RefParam_MEMORY_2_Instance not found: check if there is a RefParameter without a condition.
2025-08-12 10:42:02,908 [WARN] IP:2250 - RefParam_MEMORY_2_ConfigType not found: check if there is a RefParameter without a condition.
2025-08-12 10:42:02,908 [WARN] IP:2250 - RefParam_MEMORY_2_Size not found: check if there is a RefParameter without a condition.
2025-08-12 10:42:02,908 [WARN] IP:2250 - RefParam_MEMORY_2_FreqMax not found: check if there is a RefParameter without a condition.
2025-08-12 10:42:02,908 [WARN] IP:2250 - RefParam_MEMORY_2_ReadReg not found: check if there is a RefParameter without a condition.
2025-08-12 10:42:02,908 [WARN] IP:2250 - RefParam_MEMORY_2_WriteReg not found: check if there is a RefParameter without a condition.
2025-08-12 10:42:02,908 [WARN] IP:2250 - RefParam_MEMORY_2_RegSize not found: check if there is a RefParameter without a condition.
2025-08-12 10:42:02,908 [WARN] IP:2250 - RefParam_MEMORY_2_RegDummyCycle not found: check if there is a RefParameter without a condition.
2025-08-12 10:42:02,908 [WARN] IP:2250 - RefParam_MEMORY_2_WriteCommand not found: check if there is a RefParameter without a condition.
2025-08-12 10:42:02,908 [WARN] IP:2250 - RefParam_MEMORY_2_WriteDummyCycle not found: check if there is a RefParameter without a condition.
2025-08-12 10:42:02,908 [WARN] IP:2250 - RefParam_MEMORY_2_ReadCommand not found: check if there is a RefParameter without a condition.
2025-08-12 10:42:02,908 [WARN] IP:2250 - RefParam_MEMORY_2_WrapReadCommand not found: check if there is a RefParameter without a condition.
2025-08-12 10:42:02,908 [WARN] IP:2250 - RefParam_MEMORY_2_ReadDummyCycle not found: check if there is a RefParameter without a condition.
2025-08-12 10:42:02,908 [WARN] IP:2250 - RefParam_MEMORY_2_NumberOfConfig not found: check if there is a RefParameter without a condition.
2025-08-12 10:42:02,908 [WARN] IP:2250 - RefParam_MEMORY_2_Config1_WriteMask not found: check if there is a RefParameter without a condition.
2025-08-12 10:42:02,908 [WARN] IP:2250 - RefParam_MEMORY_2_Config1_WriteValue not found: check if there is a RefParameter without a condition.
2025-08-12 10:42:02,908 [WARN] IP:2250 - RefParam_MEMORY_2_Config1_RegAddress not found: check if there is a RefParameter without a condition.
2025-08-12 10:42:02,908 [WARN] IP:2250 - RefParam_MEMORY_2_Config2_WriteMask not found: check if there is a RefParameter without a condition.
2025-08-12 10:42:02,908 [WARN] IP:2250 - RefParam_MEMORY_2_Config2_WriteValue not found: check if there is a RefParameter without a condition.
2025-08-12 10:42:02,908 [WARN] IP:2250 - RefParam_MEMORY_2_Config2_RegAddress not found: check if there is a RefParameter without a condition.
2025-08-12 10:42:02,908 [WARN] IP:2250 - RefParam_MEMORY_2_Config3_WriteMask not found: check if there is a RefParameter without a condition.
2025-08-12 10:42:02,908 [WARN] IP:2250 - RefParam_MEMORY_2_Config3_WriteValue not found: check if there is a RefParameter without a condition.
2025-08-12 10:42:02,908 [WARN] IP:2250 - RefParam_MEMORY_2_Config3_RegAddress not found: check if there is a RefParameter without a condition.
2025-08-12 10:42:02,924 [WARN] IP:2250 - pwrPrivilege not found: check if there is a RefParameter without a condition.
2025-08-12 10:42:03,085 [INFO] Middleware:1452 - No code input for Bsp Dependency
2025-08-12 10:42:03,090 [INFO] Middleware:1452 - No code input for Bsp Dependency
2025-08-12 10:42:03,093 [INFO] Middleware:1452 - No code input for Bsp Dependency
2025-08-12 10:42:03,097 [INFO] Middleware:1452 - No code input for Bsp Dependency
2025-08-12 10:42:03,099 [INFO] Middleware:1452 - No code input for Bsp Dependency
2025-08-12 10:42:03,102 [INFO] Middleware:1452 - No code input for Bsp Dependency
2025-08-12 10:42:03,103 [INFO] CodeGenerator:1619 - *******************Project context FSBL selected
2025-08-12 10:42:03,154 [INFO] CodeEngine:265 - oldGeneratedFile, C:\ST\AB_LSTM\AB_LSTM\MXTmpFiles\license.tmp_save
2025-08-12 10:42:03,397 [INFO] CodeEngine:289 - Generated code: C:\ST\AB_LSTM\AB_LSTM\MXTmpFiles\license.tmp
2025-08-12 10:42:03,459 [INFO] CodeEngine:265 - oldGeneratedFile, C:\ST\AB_LSTM\AB_LSTM\FSBL\MXTmpFiles\gpio.tmp_save
2025-08-12 10:42:03,611 [INFO] CodeEngine:289 - Generated code: C:\ST\AB_LSTM\AB_LSTM\FSBL\MXTmpFiles\gpio.tmp
2025-08-12 10:42:03,649 [WARN] IPConfigManager:103 - WARNING: Missing Config File for DEBUG ip!!
2025-08-12 10:42:03,734 [WARN] IPConfigManager:103 - WARNING: Missing Config File for HDP ip!!
2025-08-12 10:42:03,967 [WARN] IPConfigManager:103 - WARNING: Missing Config File for XSPIM ip!!
2025-08-12 10:42:04,014 [INFO] Middleware:1452 - No code input for Bsp Dependency
2025-08-12 10:42:04,023 [INFO] CodeEngine:265 - oldGeneratedFile, C:\ST\AB_LSTM\AB_LSTM\FSBL\MXTmpFiles\boot_code.tmp_save
2025-08-12 10:42:04,121 [INFO] CodeEngine:289 - Generated code: C:\ST\AB_LSTM\AB_LSTM\FSBL\MXTmpFiles\boot_code.tmp
2025-08-12 10:42:04,132 [INFO] CodeEngine:265 - oldGeneratedFile, C:\ST\AB_LSTM\AB_LSTM\FSBL\MXTmpFiles\cortex.tmp_save
2025-08-12 10:42:04,237 [INFO] CodeEngine:289 - Generated code: C:\ST\AB_LSTM\AB_LSTM\FSBL\MXTmpFiles\cortex.tmp
2025-08-12 10:42:04,242 [INFO] Middleware:1452 - No code input for Bsp Dependency
2025-08-12 10:42:04,252 [INFO] CodeEngine:265 - oldGeneratedFile, C:\ST\AB_LSTM\AB_LSTM\FSBL\Core\Inc\extmem_manager.h_save
2025-08-12 10:42:04,341 [INFO] CodeEngine:289 - Generated code: C:\ST\AB_LSTM\AB_LSTM\FSBL\Core\Inc\extmem_manager.h
2025-08-12 10:42:04,349 [INFO] CodeEngine:265 - oldGeneratedFile, C:\ST\AB_LSTM\AB_LSTM\FSBL\Core\Src\extmem_manager.c_save
2025-08-12 10:42:04,434 [INFO] CodeEngine:289 - Generated code: C:\ST\AB_LSTM\AB_LSTM\FSBL\Core\Src\extmem_manager.c
2025-08-12 10:42:04,445 [INFO] CodeEngine:265 - oldGeneratedFile, C:\ST\AB_LSTM\AB_LSTM\FSBL\Core\Inc\stm32_extmem_conf.h_save
2025-08-12 10:42:04,534 [INFO] CodeEngine:289 - Generated code: C:\ST\AB_LSTM\AB_LSTM\FSBL\Core\Inc\stm32_extmem_conf.h
2025-08-12 10:42:04,544 [INFO] CodeEngine:265 - oldGeneratedFile, C:\ST\AB_LSTM\AB_LSTM\FSBL\MXTmpFiles\boot_code.tmp_save
2025-08-12 10:42:04,591 [INFO] CodeEngine:289 - Generated code: C:\ST\AB_LSTM\AB_LSTM\FSBL\MXTmpFiles\boot_code.tmp
2025-08-12 10:42:04,623 [INFO] CodeEngine:265 - oldGeneratedFile, C:\ST\AB_LSTM\AB_LSTM\FSBL\Core\Src\stm32n6xx_it.c_save
2025-08-12 10:42:04,802 [INFO] CodeEngine:289 - Generated code: C:\ST\AB_LSTM\AB_LSTM\FSBL\Core\Src\stm32n6xx_it.c
2025-08-12 10:42:04,813 [INFO] CodeEngine:265 - oldGeneratedFile, C:\ST\AB_LSTM\AB_LSTM\FSBL\Core\Inc\stm32n6xx_it.h_save
2025-08-12 10:42:04,863 [INFO] CodeEngine:289 - Generated code: C:\ST\AB_LSTM\AB_LSTM\FSBL\Core\Inc\stm32n6xx_it.h
2025-08-12 10:42:04,953 [INFO] CodeEngine:265 - oldGeneratedFile, C:\ST\AB_LSTM\AB_LSTM\FSBL\Core\Src\stm32n6xx_hal_msp.c_save
2025-08-12 10:42:05,086 [INFO] CodeEngine:289 - Generated code: C:\ST\AB_LSTM\AB_LSTM\FSBL\Core\Src\stm32n6xx_hal_msp.c
2025-08-12 10:42:05,095 [INFO] CodeEngine:265 - oldGeneratedFile, C:\ST\AB_LSTM\AB_LSTM\FSBL\MXTmpFiles\system.tmp_save
2025-08-12 10:42:05,159 [INFO] CodeEngine:289 - Generated code: C:\ST\AB_LSTM\AB_LSTM\FSBL\MXTmpFiles\system.tmp
2025-08-12 10:42:05,177 [INFO] CodeEngine:321 - oldGeneratedFile, C:\ST\AB_LSTM\AB_LSTM\FSBL\Core\Inc\stm32n6xx_hal_conf.h_save
2025-08-12 10:42:05,290 [INFO] CodeEngine:345 - Generated code: C:\ST\AB_LSTM\AB_LSTM\FSBL\Core\Inc\stm32n6xx_hal_conf.h
2025-08-12 10:42:05,307 [WARN] IPConfigManager:3238 - Warning: the RefConfig RCC_ConfigVoltageScaling is not available in your config.xml file
2025-08-12 10:42:05,313 [WARN] IPConfigManager:3238 - Warning: the RefConfig RCC_RTC_HSEDIV is not available in your config.xml file
2025-08-12 10:42:05,319 [ERROR] ApiDbMcu:560 - Cannot parse HDP_Config file : file do not exist
2025-08-12 10:42:05,319 [ERROR] ApiDbMcu:560 - Cannot parse XSPIM_Config file : file do not exist
2025-08-12 10:42:05,332 [INFO] CodeEngine:265 - oldGeneratedFile, C:\ST\AB_LSTM\AB_LSTM\FSBL\Core\Inc\main.h_save
2025-08-12 10:42:05,434 [INFO] CodeEngine:289 - Generated code: C:\ST\AB_LSTM\AB_LSTM\FSBL\Core\Inc\main.h
2025-08-12 10:42:05,442 [INFO] CodeEngine:265 - oldGeneratedFile, C:\ST\AB_LSTM\AB_LSTM\FSBL\Core\Src\main.c_save
2025-08-12 10:42:05,597 [INFO] CodeEngine:289 - Generated code: C:\ST\AB_LSTM\AB_LSTM\FSBL\Core\Src\main.c
2025-08-12 10:42:05,663 [INFO] CodeGenerator:1619 - *******************Project context Appli selected
2025-08-12 10:42:05,740 [INFO] CodeEngine:265 - oldGeneratedFile, C:\ST\AB_LSTM\AB_LSTM\MXTmpFiles\license.tmp_save
2025-08-12 10:42:05,823 [INFO] CodeEngine:289 - Generated code: C:\ST\AB_LSTM\AB_LSTM\MXTmpFiles\license.tmp
2025-08-12 10:42:05,839 [INFO] CodeEngine:265 - oldGeneratedFile, C:\ST\AB_LSTM\AB_LSTM\Appli\MXTmpFiles\gpio.tmp_save
2025-08-12 10:42:05,905 [INFO] CodeEngine:289 - Generated code: C:\ST\AB_LSTM\AB_LSTM\Appli\MXTmpFiles\gpio.tmp
2025-08-12 10:42:05,924 [WARN] IPConfigManager:103 - WARNING: Missing Config File for DEBUG ip!!
2025-08-12 10:42:05,947 [WARN] IPConfigManager:103 - WARNING: Missing Config File for NVIC ip!!
2025-08-12 10:42:05,971 [INFO] CodeEngine:265 - oldGeneratedFile, C:\ST\AB_LSTM\AB_LSTM\Appli\MXTmpFiles\cortex.tmp_save
2025-08-12 10:42:06,034 [INFO] CodeEngine:289 - Generated code: C:\ST\AB_LSTM\AB_LSTM\Appli\MXTmpFiles\cortex.tmp
2025-08-12 10:42:06,061 [INFO] CodeEngine:265 - oldGeneratedFile, C:\ST\AB_LSTM\AB_LSTM\Appli\Core\Src\stm32n6xx_it.c_save
2025-08-12 10:42:06,131 [INFO] CodeEngine:289 - Generated code: C:\ST\AB_LSTM\AB_LSTM\Appli\Core\Src\stm32n6xx_it.c
2025-08-12 10:42:06,138 [INFO] CodeEngine:265 - oldGeneratedFile, C:\ST\AB_LSTM\AB_LSTM\Appli\Core\Inc\stm32n6xx_it.h_save
2025-08-12 10:42:06,174 [INFO] CodeEngine:289 - Generated code: C:\ST\AB_LSTM\AB_LSTM\Appli\Core\Inc\stm32n6xx_it.h
2025-08-12 10:42:06,182 [INFO] CodeEngine:265 - oldGeneratedFile, C:\ST\AB_LSTM\AB_LSTM\Appli\MXTmpFiles\RIFInit.tmp_save
2025-08-12 10:42:06,244 [INFO] CodeEngine:289 - Generated code: C:\ST\AB_LSTM\AB_LSTM\Appli\MXTmpFiles\RIFInit.tmp
2025-08-12 10:42:06,278 [INFO] CodeEngine:265 - oldGeneratedFile, C:\ST\AB_LSTM\AB_LSTM\Appli\Core\Src\stm32n6xx_hal_msp.c_save
2025-08-12 10:42:06,357 [INFO] CodeEngine:289 - Generated code: C:\ST\AB_LSTM\AB_LSTM\Appli\Core\Src\stm32n6xx_hal_msp.c
2025-08-12 10:42:06,365 [INFO] CodeEngine:265 - oldGeneratedFile, C:\ST\AB_LSTM\AB_LSTM\Appli\MXTmpFiles\system.tmp_save
2025-08-12 10:42:06,397 [INFO] CodeEngine:289 - Generated code: C:\ST\AB_LSTM\AB_LSTM\Appli\MXTmpFiles\system.tmp
2025-08-12 10:42:06,409 [INFO] CodeEngine:321 - oldGeneratedFile, C:\ST\AB_LSTM\AB_LSTM\Appli\Core\Inc\stm32n6xx_hal_conf.h_save
2025-08-12 10:42:06,489 [INFO] CodeEngine:345 - Generated code: C:\ST\AB_LSTM\AB_LSTM\Appli\Core\Inc\stm32n6xx_hal_conf.h
2025-08-12 10:42:06,502 [WARN] IPConfigManager:3238 - Warning: the RefConfig RCC_ConfigVoltageScaling is not available in your config.xml file
2025-08-12 10:42:06,503 [WARN] IPConfigManager:3238 - Warning: the RefConfig RCC_RTC_HSEDIV is not available in your config.xml file
2025-08-12 10:42:06,514 [INFO] CodeEngine:265 - oldGeneratedFile, C:\ST\AB_LSTM\AB_LSTM\Appli\Core\Inc\main.h_save
2025-08-12 10:42:06,577 [INFO] CodeEngine:289 - Generated code: C:\ST\AB_LSTM\AB_LSTM\Appli\Core\Inc\main.h
2025-08-12 10:42:06,582 [INFO] CodeEngine:265 - oldGeneratedFile, C:\ST\AB_LSTM\AB_LSTM\Appli\Core\Src\main.c_save
2025-08-12 10:42:06,671 [INFO] CodeEngine:289 - Generated code: C:\ST\AB_LSTM\AB_LSTM\Appli\Core\Src\main.c
2025-08-12 10:42:06,680 [INFO] CodeEngine:265 - oldGeneratedFile, C:\ST\AB_LSTM\AB_LSTM\Appli\Core\Src\secure_nsc.c_save
2025-08-12 10:42:06,746 [INFO] CodeEngine:289 - Generated code: C:\ST\AB_LSTM\AB_LSTM\Appli\Core\Src\secure_nsc.c
2025-08-12 10:42:06,752 [INFO] CodeEngine:265 - oldGeneratedFile, C:\ST\AB_LSTM\AB_LSTM\Appli\Core\Inc\partition_stm32n657xx.h_save
2025-08-12 10:42:06,818 [INFO] CodeEngine:289 - Generated code: C:\ST\AB_LSTM\AB_LSTM\Appli\Core\Inc\partition_stm32n657xx.h
2025-08-12 10:42:06,824 [INFO] CodeEngine:265 - oldGeneratedFile, C:\ST\AB_LSTM\AB_LSTM\Secure_nsclib\secure_nsc.h_save
2025-08-12 10:42:06,859 [INFO] CodeEngine:289 - Generated code: C:\ST\AB_LSTM\AB_LSTM\Secure_nsclib\secure_nsc.h
2025-08-12 10:42:06,882 [INFO] CodeGenerator:1707 - *******************Project context ExtMemLoader Not selected
2025-08-12 10:42:07,272 [INFO] ProjectBuilder:3606 - Time for Copy HAL[1] : 288mS.
2025-08-12 10:42:07,281 [INFO] ProjectBuilder:5216 - Project Generator version: 4.7.0-B52
2025-08-12 10:42:07,320 [INFO] ConfigFileManager:1595 - The Die is : DIE486
2025-08-12 10:42:11,613 [INFO] ProjectBuilder:5056 - Time for Generating toolchain IDE Files: 4332mS.
2025-08-12 10:42:11,616 [INFO] ProjectBuilder:3463 - Time for Copy CMSIS : 1mS.
2025-08-12 10:42:11,621 [INFO] ProjectBuilder:3463 - Time for Copy CMSIS : 0mS.
2025-08-12 10:55:29,041 [INFO] NvicIntPanel:101 - NVIC parent = com.st.microxplorer.plugins.ip.nvic.MultiNvicIntPanel[,0,0,549x226,layout=javax.swing.BoxLayout,alignmentX=0.0,alignmentY=0.0,border=,flags=9,maximumSize=,minimumSize=,preferredSize=]
2025-08-12 10:55:37,142 [WARN] IpParametersView:155 - Warning: This peripheral hasn't parameters
2025-08-12 10:55:45,885 [WARN] IpParametersView:155 - Warning: This peripheral hasn't parameters
2025-08-12 11:00:12,817 [INFO] NvicIntPanel:101 - NVIC parent = com.st.microxplorer.plugins.ip.nvic.MultiNvicIntPanel[,0,0,0x0,invalid,layout=javax.swing.BoxLayout,alignmentX=0.0,alignmentY=0.0,border=,flags=9,maximumSize=,minimumSize=,preferredSize=]
2025-08-12 11:00:24,020 [INFO] NvicIntPanel:101 - NVIC parent = com.st.microxplorer.plugins.ip.nvic.MultiNvicIntPanel[,0,0,0x0,invalid,layout=javax.swing.BoxLayout,alignmentX=0.0,alignmentY=0.0,border=,flags=9,maximumSize=,minimumSize=,preferredSize=]
2025-08-12 11:00:32,771 [INFO] NvicIntPanel:101 - NVIC parent = com.st.microxplorer.plugins.ip.nvic.MultiNvicIntPanel[,0,0,0x0,invalid,layout=javax.swing.BoxLayout,alignmentX=0.0,alignmentY=0.0,border=,flags=9,maximumSize=,minimumSize=,preferredSize=]
2025-08-12 11:00:50,850 [WARN] IpParametersView:155 - Warning: This peripheral hasn't parameters
2025-08-12 11:01:05,578 [WARN] IpParametersView:155 - Warning: This peripheral hasn't parameters
2025-08-12 11:01:10,979 [WARN] ContextAllowed:149 - Switch context cannot be done in case of multiple context selected
2025-08-12 11:01:11,690 [WARN] ContextAllowed:149 - Switch context cannot be done in case of multiple context selected
2025-08-12 11:01:14,696 [INFO] ApiDbMcu:532 - Load IP Config File for EXTMEM_MANAGER_APPLI
2025-08-12 11:01:14,899 [WARN] IP:2250 - RefParam_MEMORY_1_Size not found: check if there is a RefParameter without a condition.
2025-08-12 11:01:14,899 [WARN] IP:2250 - RefParam_MEMORY_1_FreqMax not found: check if there is a RefParameter without a condition.
2025-08-12 11:01:14,899 [WARN] IP:2250 - RefParam_MEMORY_1_ReadReg not found: check if there is a RefParameter without a condition.
2025-08-12 11:01:14,899 [WARN] IP:2250 - RefParam_MEMORY_1_WriteReg not found: check if there is a RefParameter without a condition.
2025-08-12 11:01:14,899 [WARN] IP:2250 - RefParam_MEMORY_1_RegSize not found: check if there is a RefParameter without a condition.
2025-08-12 11:01:14,899 [WARN] IP:2250 - RefParam_MEMORY_1_RegDummyCycle not found: check if there is a RefParameter without a condition.
2025-08-12 11:01:14,899 [WARN] IP:2250 - RefParam_MEMORY_1_WriteCommand not found: check if there is a RefParameter without a condition.
2025-08-12 11:01:14,900 [WARN] IP:2250 - RefParam_MEMORY_1_WriteDummyCycle not found: check if there is a RefParameter without a condition.
2025-08-12 11:01:14,900 [WARN] IP:2250 - RefParam_MEMORY_1_ReadCommand not found: check if there is a RefParameter without a condition.
2025-08-12 11:01:14,900 [WARN] IP:2250 - RefParam_MEMORY_1_WrapReadCommand not found: check if there is a RefParameter without a condition.
2025-08-12 11:01:14,900 [WARN] IP:2250 - RefParam_MEMORY_1_ReadDummyCycle not found: check if there is a RefParameter without a condition.
2025-08-12 11:01:14,900 [WARN] IP:2250 - RefParam_MEMORY_1_NumberOfConfig not found: check if there is a RefParameter without a condition.
2025-08-12 11:01:14,900 [WARN] IP:2250 - RefParam_MEMORY_1_Config1_WriteMask not found: check if there is a RefParameter without a condition.
2025-08-12 11:01:14,900 [WARN] IP:2250 - RefParam_MEMORY_1_Config1_WriteValue not found: check if there is a RefParameter without a condition.
2025-08-12 11:01:14,900 [WARN] IP:2250 - RefParam_MEMORY_1_Config1_RegAddress not found: check if there is a RefParameter without a condition.
2025-08-12 11:01:14,900 [WARN] IP:2250 - RefParam_MEMORY_1_Config2_WriteMask not found: check if there is a RefParameter without a condition.
2025-08-12 11:01:14,900 [WARN] IP:2250 - RefParam_MEMORY_1_Config2_WriteValue not found: check if there is a RefParameter without a condition.
2025-08-12 11:01:14,900 [WARN] IP:2250 - RefParam_MEMORY_1_Config2_RegAddress not found: check if there is a RefParameter without a condition.
2025-08-12 11:01:14,900 [WARN] IP:2250 - RefParam_MEMORY_1_Config3_WriteMask not found: check if there is a RefParameter without a condition.
2025-08-12 11:01:14,900 [WARN] IP:2250 - RefParam_MEMORY_1_Config3_WriteValue not found: check if there is a RefParameter without a condition.
2025-08-12 11:01:14,900 [WARN] IP:2250 - RefParam_MEMORY_1_Config3_RegAddress not found: check if there is a RefParameter without a condition.
2025-08-12 11:01:14,900 [WARN] IP:2250 - RefParam_MEMORY_2_Instance not found: check if there is a RefParameter without a condition.
2025-08-12 11:01:14,900 [WARN] IP:2250 - RefParam_MEMORY_2_ConfigType not found: check if there is a RefParameter without a condition.
2025-08-12 11:01:14,900 [WARN] IP:2250 - RefParam_MEMORY_2_Size not found: check if there is a RefParameter without a condition.
2025-08-12 11:01:14,900 [WARN] IP:2250 - RefParam_MEMORY_2_FreqMax not found: check if there is a RefParameter without a condition.
2025-08-12 11:01:14,900 [WARN] IP:2250 - RefParam_MEMORY_2_ReadReg not found: check if there is a RefParameter without a condition.
2025-08-12 11:01:14,901 [WARN] IP:2250 - RefParam_MEMORY_2_WriteReg not found: check if there is a RefParameter without a condition.
2025-08-12 11:01:14,901 [WARN] IP:2250 - RefParam_MEMORY_2_RegSize not found: check if there is a RefParameter without a condition.
2025-08-12 11:01:14,901 [WARN] IP:2250 - RefParam_MEMORY_2_RegDummyCycle not found: check if there is a RefParameter without a condition.
2025-08-12 11:01:14,901 [WARN] IP:2250 - RefParam_MEMORY_2_WriteCommand not found: check if there is a RefParameter without a condition.
2025-08-12 11:01:14,901 [WARN] IP:2250 - RefParam_MEMORY_2_WriteDummyCycle not found: check if there is a RefParameter without a condition.
2025-08-12 11:01:14,901 [WARN] IP:2250 - RefParam_MEMORY_2_ReadCommand not found: check if there is a RefParameter without a condition.
2025-08-12 11:01:14,901 [WARN] IP:2250 - RefParam_MEMORY_2_WrapReadCommand not found: check if there is a RefParameter without a condition.
2025-08-12 11:01:14,901 [WARN] IP:2250 - RefParam_MEMORY_2_ReadDummyCycle not found: check if there is a RefParameter without a condition.
2025-08-12 11:01:14,901 [WARN] IP:2250 - RefParam_MEMORY_2_NumberOfConfig not found: check if there is a RefParameter without a condition.
2025-08-12 11:01:14,901 [WARN] IP:2250 - RefParam_MEMORY_2_Config1_WriteMask not found: check if there is a RefParameter without a condition.
2025-08-12 11:01:14,901 [WARN] IP:2250 - RefParam_MEMORY_2_Config1_WriteValue not found: check if there is a RefParameter without a condition.
2025-08-12 11:01:14,901 [WARN] IP:2250 - RefParam_MEMORY_2_Config1_RegAddress not found: check if there is a RefParameter without a condition.
2025-08-12 11:01:14,901 [WARN] IP:2250 - RefParam_MEMORY_2_Config2_WriteMask not found: check if there is a RefParameter without a condition.
2025-08-12 11:01:14,901 [WARN] IP:2250 - RefParam_MEMORY_2_Config2_WriteValue not found: check if there is a RefParameter without a condition.
2025-08-12 11:01:14,901 [WARN] IP:2250 - RefParam_MEMORY_2_Config2_RegAddress not found: check if there is a RefParameter without a condition.
2025-08-12 11:01:14,901 [WARN] IP:2250 - RefParam_MEMORY_2_Config3_WriteMask not found: check if there is a RefParameter without a condition.
2025-08-12 11:01:14,901 [WARN] IP:2250 - RefParam_MEMORY_2_Config3_WriteValue not found: check if there is a RefParameter without a condition.
2025-08-12 11:01:14,901 [WARN] IP:2250 - RefParam_MEMORY_2_Config3_RegAddress not found: check if there is a RefParameter without a condition.
2025-08-12 11:01:22,715 [WARN] ContextAllowed:149 - Switch context cannot be done in case of multiple context selected
2025-08-12 11:01:23,361 [WARN] ContextAllowed:149 - Switch context cannot be done in case of multiple context selected
2025-08-12 11:03:43,807 [INFO] UtilMem:75 - End SaveConfig() Used Memory: 644336424 Bytes (1073741824)
2025-08-12 11:08:15,991 [WARN] IpParametersView:155 - Warning: This peripheral hasn't parameters
2025-08-12 11:08:15,995 [WARN] IP:2250 - RefParam_LRUN_SRC_memory not found: check if there is a RefParameter without a condition.
2025-08-12 11:08:15,995 [WARN] IP:2250 - RefParam_LRUN_SRC_offset not found: check if there is a RefParameter without a condition.
2025-08-12 11:08:15,995 [WARN] IP:2250 - RefParam_LRUN_SRC_size not found: check if there is a RefParameter without a condition.
2025-08-12 11:08:15,995 [WARN] IP:2250 - RefParam_LRUN_DEST_memory not found: check if there is a RefParameter without a condition.
2025-08-12 11:08:15,995 [WARN] IP:2250 - RefParam_LRUN_DEST_offset not found: check if there is a RefParameter without a condition.
2025-08-12 11:08:15,995 [WARN] IP:2250 - RefParam_MEMORY_1_Size not found: check if there is a RefParameter without a condition.
2025-08-12 11:08:15,995 [WARN] IP:2250 - RefParam_MEMORY_1_FreqMax not found: check if there is a RefParameter without a condition.
2025-08-12 11:08:15,995 [WARN] IP:2250 - RefParam_MEMORY_1_ReadReg not found: check if there is a RefParameter without a condition.
2025-08-12 11:08:15,995 [WARN] IP:2250 - RefParam_MEMORY_1_WriteReg not found: check if there is a RefParameter without a condition.
2025-08-12 11:08:15,995 [WARN] IP:2250 - RefParam_MEMORY_1_RegSize not found: check if there is a RefParameter without a condition.
2025-08-12 11:08:15,995 [WARN] IP:2250 - RefParam_MEMORY_1_RegDummyCycle not found: check if there is a RefParameter without a condition.
2025-08-12 11:08:15,995 [WARN] IP:2250 - RefParam_MEMORY_1_WriteCommand not found: check if there is a RefParameter without a condition.
2025-08-12 11:08:15,995 [WARN] IP:2250 - RefParam_MEMORY_1_WriteDummyCycle not found: check if there is a RefParameter without a condition.
2025-08-12 11:08:15,995 [WARN] IP:2250 - RefParam_MEMORY_1_ReadCommand not found: check if there is a RefParameter without a condition.
2025-08-12 11:08:15,995 [WARN] IP:2250 - RefParam_MEMORY_1_WrapReadCommand not found: check if there is a RefParameter without a condition.
2025-08-12 11:08:15,995 [WARN] IP:2250 - RefParam_MEMORY_1_ReadDummyCycle not found: check if there is a RefParameter without a condition.
2025-08-12 11:08:15,995 [WARN] IP:2250 - RefParam_MEMORY_1_NumberOfConfig not found: check if there is a RefParameter without a condition.
2025-08-12 11:08:15,995 [WARN] IP:2250 - RefParam_MEMORY_1_Config1_WriteMask not found: check if there is a RefParameter without a condition.
2025-08-12 11:08:15,995 [WARN] IP:2250 - RefParam_MEMORY_1_Config1_WriteValue not found: check if there is a RefParameter without a condition.
2025-08-12 11:08:15,995 [WARN] IP:2250 - RefParam_MEMORY_1_Config1_RegAddress not found: check if there is a RefParameter without a condition.
2025-08-12 11:08:15,995 [WARN] IP:2250 - RefParam_MEMORY_1_Config2_WriteMask not found: check if there is a RefParameter without a condition.
2025-08-12 11:08:15,995 [WARN] IP:2250 - RefParam_MEMORY_1_Config2_WriteValue not found: check if there is a RefParameter without a condition.
2025-08-12 11:08:15,995 [WARN] IP:2250 - RefParam_MEMORY_1_Config2_RegAddress not found: check if there is a RefParameter without a condition.
2025-08-12 11:08:15,995 [WARN] IP:2250 - RefParam_MEMORY_1_Config3_WriteMask not found: check if there is a RefParameter without a condition.
2025-08-12 11:08:15,995 [WARN] IP:2250 - RefParam_MEMORY_1_Config3_WriteValue not found: check if there is a RefParameter without a condition.
2025-08-12 11:08:15,995 [WARN] IP:2250 - RefParam_MEMORY_1_Config3_RegAddress not found: check if there is a RefParameter without a condition.
2025-08-12 11:08:15,996 [WARN] IP:2250 - RefParam_MEMORY_2_Instance not found: check if there is a RefParameter without a condition.
2025-08-12 11:08:15,996 [WARN] IP:2250 - RefParam_MEMORY_2_ConfigType not found: check if there is a RefParameter without a condition.
2025-08-12 11:08:15,996 [WARN] IP:2250 - RefParam_MEMORY_2_Size not found: check if there is a RefParameter without a condition.
2025-08-12 11:08:15,996 [WARN] IP:2250 - RefParam_MEMORY_2_FreqMax not found: check if there is a RefParameter without a condition.
2025-08-12 11:08:15,996 [WARN] IP:2250 - RefParam_MEMORY_2_ReadReg not found: check if there is a RefParameter without a condition.
2025-08-12 11:08:15,996 [WARN] IP:2250 - RefParam_MEMORY_2_WriteReg not found: check if there is a RefParameter without a condition.
2025-08-12 11:08:15,996 [WARN] IP:2250 - RefParam_MEMORY_2_RegSize not found: check if there is a RefParameter without a condition.
2025-08-12 11:08:15,996 [WARN] IP:2250 - RefParam_MEMORY_2_RegDummyCycle not found: check if there is a RefParameter without a condition.
2025-08-12 11:08:15,996 [WARN] IP:2250 - RefParam_MEMORY_2_WriteCommand not found: check if there is a RefParameter without a condition.
2025-08-12 11:08:15,996 [WARN] IP:2250 - RefParam_MEMORY_2_WriteDummyCycle not found: check if there is a RefParameter without a condition.
2025-08-12 11:08:15,996 [WARN] IP:2250 - RefParam_MEMORY_2_ReadCommand not found: check if there is a RefParameter without a condition.
2025-08-12 11:08:15,996 [WARN] IP:2250 - RefParam_MEMORY_2_WrapReadCommand not found: check if there is a RefParameter without a condition.
2025-08-12 11:08:15,996 [WARN] IP:2250 - RefParam_MEMORY_2_ReadDummyCycle not found: check if there is a RefParameter without a condition.
2025-08-12 11:08:15,996 [WARN] IP:2250 - RefParam_MEMORY_2_NumberOfConfig not found: check if there is a RefParameter without a condition.
2025-08-12 11:08:15,996 [WARN] IP:2250 - RefParam_MEMORY_2_Config1_WriteMask not found: check if there is a RefParameter without a condition.
2025-08-12 11:08:15,996 [WARN] IP:2250 - RefParam_MEMORY_2_Config1_WriteValue not found: check if there is a RefParameter without a condition.
2025-08-12 11:08:15,996 [WARN] IP:2250 - RefParam_MEMORY_2_Config1_RegAddress not found: check if there is a RefParameter without a condition.
2025-08-12 11:08:15,996 [WARN] IP:2250 - RefParam_MEMORY_2_Config2_WriteMask not found: check if there is a RefParameter without a condition.
2025-08-12 11:08:15,996 [WARN] IP:2250 - RefParam_MEMORY_2_Config2_WriteValue not found: check if there is a RefParameter without a condition.
2025-08-12 11:08:15,996 [WARN] IP:2250 - RefParam_MEMORY_2_Config2_RegAddress not found: check if there is a RefParameter without a condition.
2025-08-12 11:08:15,996 [WARN] IP:2250 - RefParam_MEMORY_2_Config3_WriteMask not found: check if there is a RefParameter without a condition.
2025-08-12 11:08:15,996 [WARN] IP:2250 - RefParam_MEMORY_2_Config3_WriteValue not found: check if there is a RefParameter without a condition.
2025-08-12 11:08:15,996 [WARN] IP:2250 - RefParam_MEMORY_2_Config3_RegAddress not found: check if there is a RefParameter without a condition.
2025-08-12 11:22:39,571 [INFO] UtilMem:75 - End SaveConfig() Used Memory: 889114496 Bytes (1073741824)
2025-08-12 11:22:40,052 [WARN] IP:2250 - pwrPrivilege not found: check if there is a RefParameter without a condition.
2025-08-12 11:22:40,266 [INFO] BlockDiagram:2775 - set Specific Code input for plugin: EXTMEM_MANAGER
2025-08-12 11:22:40,266 [INFO] BlockDiagram:2775 - set Specific Code input for plugin: PWR
2025-08-12 11:22:40,266 [INFO] BlockDiagram:2775 - set Specific Code input for plugin: CORTEX_M55_S
2025-08-12 11:22:40,266 [INFO] BlockDiagram:2775 - set Specific Code input for plugin: RCC
2025-08-12 11:22:40,266 [INFO] BlockDiagram:2775 - set Specific Code input for plugin: CORTEX_M55_FSBL
2025-08-12 11:22:40,266 [INFO] BlockDiagram:2775 - set Specific Code input for plugin: XSPIM
2025-08-12 11:22:40,266 [INFO] BlockDiagram:2775 - set Specific Code input for plugin: XSPI
2025-08-12 11:22:40,266 [INFO] BlockDiagram:2775 - set Specific Code input for plugin: LPUART
2025-08-12 11:22:40,266 [INFO] BlockDiagram:2775 - set Specific Code input for plugin: NVIC
2025-08-12 11:22:40,266 [INFO] BlockDiagram:2775 - set Specific Code input for plugin: HDP
2025-08-12 11:22:40,266 [INFO] BlockDiagram:2775 - set Specific Code input for plugin: ICACHE
2025-08-12 11:22:40,266 [INFO] BlockDiagram:2775 - set Specific Code input for plugin: DEBUG
2025-08-12 11:22:40,267 [INFO] BlockDiagram:2775 - set Specific Code input for plugin: GPIO
2025-08-12 11:22:40,267 [INFO] BlockDiagram:2775 - set Specific Code input for plugin: RIF
2025-08-12 11:22:40,267 [INFO] BlockDiagram:2775 - set Specific Code input for plugin: NVIC1
2025-08-12 11:22:40,268 [INFO] CodeGenerator:892 - code generatio: config db path: C:\ST\STM32CubeIDE_1.19.0\STM32CubeIDE\plugins\com.st.stm32cube.common.mx_6.15.0.202507011659\\db\
2025-08-12 11:22:40,271 [WARN] IP:2250 - DeviceAttribute0 not found: check if there is a RefParameter without a condition.
2025-08-12 11:22:40,271 [WARN] IP:2250 - Memorytype1 not found: check if there is a RefParameter without a condition.
2025-08-12 11:22:40,271 [WARN] IP:2250 - DeviceAttribute1 not found: check if there is a RefParameter without a condition.
2025-08-12 11:22:40,271 [WARN] IP:2250 - LL_DeviceAttribute21 not found: check if there is a RefParameter without a condition.
2025-08-12 11:22:40,271 [WARN] IP:2250 - Memorytype2 not found: check if there is a RefParameter without a condition.
2025-08-12 11:22:40,271 [WARN] IP:2250 - DeviceAttribute2 not found: check if there is a RefParameter without a condition.
2025-08-12 11:22:40,271 [WARN] IP:2250 - LL_DeviceAttribute22 not found: check if there is a RefParameter without a condition.
2025-08-12 11:22:40,271 [WARN] IP:2250 - Memorytype3 not found: check if there is a RefParameter without a condition.
2025-08-12 11:22:40,271 [WARN] IP:2250 - DeviceAttribute3 not found: check if there is a RefParameter without a condition.
2025-08-12 11:22:40,271 [WARN] IP:2250 - LL_DeviceAttribute23 not found: check if there is a RefParameter without a condition.
2025-08-12 11:22:40,272 [WARN] IP:2250 - Memorytype4 not found: check if there is a RefParameter without a condition.
2025-08-12 11:22:40,272 [WARN] IP:2250 - DeviceAttribute4 not found: check if there is a RefParameter without a condition.
2025-08-12 11:22:40,272 [WARN] IP:2250 - LL_DeviceAttribute24 not found: check if there is a RefParameter without a condition.
2025-08-12 11:22:40,272 [WARN] IP:2250 - Memorytype5 not found: check if there is a RefParameter without a condition.
2025-08-12 11:22:40,272 [WARN] IP:2250 - DeviceAttribute5 not found: check if there is a RefParameter without a condition.
2025-08-12 11:22:40,272 [WARN] IP:2250 - LL_DeviceAttribute25 not found: check if there is a RefParameter without a condition.
2025-08-12 11:22:40,272 [WARN] IP:2250 - Memorytype6 not found: check if there is a RefParameter without a condition.
2025-08-12 11:22:40,272 [WARN] IP:2250 - DeviceAttribute6 not found: check if there is a RefParameter without a condition.
2025-08-12 11:22:40,272 [WARN] IP:2250 - LL_DeviceAttribute26 not found: check if there is a RefParameter without a condition.
2025-08-12 11:22:40,272 [WARN] IP:2250 - Memorytype7 not found: check if there is a RefParameter without a condition.
2025-08-12 11:22:40,272 [WARN] IP:2250 - DeviceAttribute7 not found: check if there is a RefParameter without a condition.
2025-08-12 11:22:40,272 [WARN] IP:2250 - LL_DeviceAttribute27 not found: check if there is a RefParameter without a condition.
2025-08-12 11:22:40,276 [WARN] IP:2250 - Memorytype0 not found: check if there is a RefParameter without a condition.
2025-08-12 11:22:40,276 [WARN] IP:2250 - LL_DeviceAttribute20 not found: check if there is a RefParameter without a condition.
2025-08-12 11:22:40,276 [WARN] IP:2250 - DeviceAttribute0 not found: check if there is a RefParameter without a condition.
2025-08-12 11:22:40,276 [WARN] IP:2250 - DeviceAttribute20 not found: check if there is a RefParameter without a condition.
2025-08-12 11:22:40,276 [WARN] IP:2250 - DeviceAttribute1 not found: check if there is a RefParameter without a condition.
2025-08-12 11:22:40,276 [WARN] IP:2250 - Memorytype2 not found: check if there is a RefParameter without a condition.
2025-08-12 11:22:40,276 [WARN] IP:2250 - LL_DeviceAttribute22 not found: check if there is a RefParameter without a condition.
2025-08-12 11:22:40,276 [WARN] IP:2250 - DeviceAttribute2 not found: check if there is a RefParameter without a condition.
2025-08-12 11:22:40,276 [WARN] IP:2250 - Memorytype3 not found: check if there is a RefParameter without a condition.
2025-08-12 11:22:40,276 [WARN] IP:2250 - LL_DeviceAttribute23 not found: check if there is a RefParameter without a condition.
2025-08-12 11:22:40,276 [WARN] IP:2250 - DeviceAttribute3 not found: check if there is a RefParameter without a condition.
2025-08-12 11:22:40,276 [WARN] IP:2250 - Memorytype4 not found: check if there is a RefParameter without a condition.
2025-08-12 11:22:40,276 [WARN] IP:2250 - LL_DeviceAttribute24 not found: check if there is a RefParameter without a condition.
2025-08-12 11:22:40,276 [WARN] IP:2250 - DeviceAttribute4 not found: check if there is a RefParameter without a condition.
2025-08-12 11:22:40,277 [WARN] IP:2250 - Memorytype5 not found: check if there is a RefParameter without a condition.
2025-08-12 11:22:40,277 [WARN] IP:2250 - LL_DeviceAttribute25 not found: check if there is a RefParameter without a condition.
2025-08-12 11:22:40,277 [WARN] IP:2250 - DeviceAttribute5 not found: check if there is a RefParameter without a condition.
2025-08-12 11:22:40,277 [WARN] IP:2250 - Memorytype6 not found: check if there is a RefParameter without a condition.
2025-08-12 11:22:40,277 [WARN] IP:2250 - LL_DeviceAttribute26 not found: check if there is a RefParameter without a condition.
2025-08-12 11:22:40,277 [WARN] IP:2250 - DeviceAttribute6 not found: check if there is a RefParameter without a condition.
2025-08-12 11:22:40,277 [WARN] IP:2250 - Memorytype7 not found: check if there is a RefParameter without a condition.
2025-08-12 11:22:40,277 [WARN] IP:2250 - LL_DeviceAttribute27 not found: check if there is a RefParameter without a condition.
2025-08-12 11:22:40,277 [WARN] IP:2250 - DeviceAttribute7 not found: check if there is a RefParameter without a condition.
2025-08-12 11:22:40,283 [WARN] IP:2250 - RefParam_LRUN_SRC_memory not found: check if there is a RefParameter without a condition.
2025-08-12 11:22:40,283 [WARN] IP:2250 - RefParam_LRUN_SRC_offset not found: check if there is a RefParameter without a condition.
2025-08-12 11:22:40,283 [WARN] IP:2250 - RefParam_LRUN_SRC_size not found: check if there is a RefParameter without a condition.
2025-08-12 11:22:40,283 [WARN] IP:2250 - RefParam_LRUN_DEST_memory not found: check if there is a RefParameter without a condition.
2025-08-12 11:22:40,283 [WARN] IP:2250 - RefParam_LRUN_DEST_offset not found: check if there is a RefParameter without a condition.
2025-08-12 11:22:40,283 [WARN] IP:2250 - RefParam_MEMORY_1_Size not found: check if there is a RefParameter without a condition.
2025-08-12 11:22:40,283 [WARN] IP:2250 - RefParam_MEMORY_1_FreqMax not found: check if there is a RefParameter without a condition.
2025-08-12 11:22:40,283 [WARN] IP:2250 - RefParam_MEMORY_1_ReadReg not found: check if there is a RefParameter without a condition.
2025-08-12 11:22:40,283 [WARN] IP:2250 - RefParam_MEMORY_1_WriteReg not found: check if there is a RefParameter without a condition.
2025-08-12 11:22:40,283 [WARN] IP:2250 - RefParam_MEMORY_1_RegSize not found: check if there is a RefParameter without a condition.
2025-08-12 11:22:40,283 [WARN] IP:2250 - RefParam_MEMORY_1_RegDummyCycle not found: check if there is a RefParameter without a condition.
2025-08-12 11:22:40,283 [WARN] IP:2250 - RefParam_MEMORY_1_WriteCommand not found: check if there is a RefParameter without a condition.
2025-08-12 11:22:40,283 [WARN] IP:2250 - RefParam_MEMORY_1_WriteDummyCycle not found: check if there is a RefParameter without a condition.
2025-08-12 11:22:40,283 [WARN] IP:2250 - RefParam_MEMORY_1_ReadCommand not found: check if there is a RefParameter without a condition.
2025-08-12 11:22:40,283 [WARN] IP:2250 - RefParam_MEMORY_1_WrapReadCommand not found: check if there is a RefParameter without a condition.
2025-08-12 11:22:40,283 [WARN] IP:2250 - RefParam_MEMORY_1_ReadDummyCycle not found: check if there is a RefParameter without a condition.
2025-08-12 11:22:40,283 [WARN] IP:2250 - RefParam_MEMORY_1_NumberOfConfig not found: check if there is a RefParameter without a condition.
2025-08-12 11:22:40,283 [WARN] IP:2250 - RefParam_MEMORY_1_Config1_WriteMask not found: check if there is a RefParameter without a condition.
2025-08-12 11:22:40,283 [WARN] IP:2250 - RefParam_MEMORY_1_Config1_WriteValue not found: check if there is a RefParameter without a condition.
2025-08-12 11:22:40,283 [WARN] IP:2250 - RefParam_MEMORY_1_Config1_RegAddress not found: check if there is a RefParameter without a condition.
2025-08-12 11:22:40,283 [WARN] IP:2250 - RefParam_MEMORY_1_Config2_WriteMask not found: check if there is a RefParameter without a condition.
2025-08-12 11:22:40,283 [WARN] IP:2250 - RefParam_MEMORY_1_Config2_WriteValue not found: check if there is a RefParameter without a condition.
2025-08-12 11:22:40,283 [WARN] IP:2250 - RefParam_MEMORY_1_Config2_RegAddress not found: check if there is a RefParameter without a condition.
2025-08-12 11:22:40,283 [WARN] IP:2250 - RefParam_MEMORY_1_Config3_WriteMask not found: check if there is a RefParameter without a condition.
2025-08-12 11:22:40,283 [WARN] IP:2250 - RefParam_MEMORY_1_Config3_WriteValue not found: check if there is a RefParameter without a condition.
2025-08-12 11:22:40,283 [WARN] IP:2250 - RefParam_MEMORY_1_Config3_RegAddress not found: check if there is a RefParameter without a condition.
2025-08-12 11:22:40,284 [WARN] IP:2250 - RefParam_MEMORY_2_Instance not found: check if there is a RefParameter without a condition.
2025-08-12 11:22:40,284 [WARN] IP:2250 - RefParam_MEMORY_2_ConfigType not found: check if there is a RefParameter without a condition.
2025-08-12 11:22:40,284 [WARN] IP:2250 - RefParam_MEMORY_2_Size not found: check if there is a RefParameter without a condition.
2025-08-12 11:22:40,284 [WARN] IP:2250 - RefParam_MEMORY_2_FreqMax not found: check if there is a RefParameter without a condition.
2025-08-12 11:22:40,284 [WARN] IP:2250 - RefParam_MEMORY_2_ReadReg not found: check if there is a RefParameter without a condition.
2025-08-12 11:22:40,284 [WARN] IP:2250 - RefParam_MEMORY_2_WriteReg not found: check if there is a RefParameter without a condition.
2025-08-12 11:22:40,284 [WARN] IP:2250 - RefParam_MEMORY_2_RegSize not found: check if there is a RefParameter without a condition.
2025-08-12 11:22:40,284 [WARN] IP:2250 - RefParam_MEMORY_2_RegDummyCycle not found: check if there is a RefParameter without a condition.
2025-08-12 11:22:40,284 [WARN] IP:2250 - RefParam_MEMORY_2_WriteCommand not found: check if there is a RefParameter without a condition.
2025-08-12 11:22:40,284 [WARN] IP:2250 - RefParam_MEMORY_2_WriteDummyCycle not found: check if there is a RefParameter without a condition.
2025-08-12 11:22:40,284 [WARN] IP:2250 - RefParam_MEMORY_2_ReadCommand not found: check if there is a RefParameter without a condition.
2025-08-12 11:22:40,284 [WARN] IP:2250 - RefParam_MEMORY_2_WrapReadCommand not found: check if there is a RefParameter without a condition.
2025-08-12 11:22:40,284 [WARN] IP:2250 - RefParam_MEMORY_2_ReadDummyCycle not found: check if there is a RefParameter without a condition.
2025-08-12 11:22:40,284 [WARN] IP:2250 - RefParam_MEMORY_2_NumberOfConfig not found: check if there is a RefParameter without a condition.
2025-08-12 11:22:40,284 [WARN] IP:2250 - RefParam_MEMORY_2_Config1_WriteMask not found: check if there is a RefParameter without a condition.
2025-08-12 11:22:40,284 [WARN] IP:2250 - RefParam_MEMORY_2_Config1_WriteValue not found: check if there is a RefParameter without a condition.
2025-08-12 11:22:40,284 [WARN] IP:2250 - RefParam_MEMORY_2_Config1_RegAddress not found: check if there is a RefParameter without a condition.
2025-08-12 11:22:40,284 [WARN] IP:2250 - RefParam_MEMORY_2_Config2_WriteMask not found: check if there is a RefParameter without a condition.
2025-08-12 11:22:40,284 [WARN] IP:2250 - RefParam_MEMORY_2_Config2_WriteValue not found: check if there is a RefParameter without a condition.
2025-08-12 11:22:40,284 [WARN] IP:2250 - RefParam_MEMORY_2_Config2_RegAddress not found: check if there is a RefParameter without a condition.
2025-08-12 11:22:40,284 [WARN] IP:2250 - RefParam_MEMORY_2_Config3_WriteMask not found: check if there is a RefParameter without a condition.
2025-08-12 11:22:40,284 [WARN] IP:2250 - RefParam_MEMORY_2_Config3_WriteValue not found: check if there is a RefParameter without a condition.
2025-08-12 11:22:40,284 [WARN] IP:2250 - RefParam_MEMORY_2_Config3_RegAddress not found: check if there is a RefParameter without a condition.
2025-08-12 11:22:40,298 [WARN] IP:2250 - pwrPrivilege not found: check if there is a RefParameter without a condition.
2025-08-12 11:22:40,379 [INFO] Middleware:1452 - No code input for Bsp Dependency
2025-08-12 11:22:40,381 [INFO] Middleware:1452 - No code input for Bsp Dependency
2025-08-12 11:22:40,383 [INFO] Middleware:1452 - No code input for Bsp Dependency
2025-08-12 11:22:40,384 [INFO] Middleware:1452 - No code input for Bsp Dependency
2025-08-12 11:22:40,385 [INFO] Middleware:1452 - No code input for Bsp Dependency
2025-08-12 11:22:40,386 [INFO] Middleware:1452 - No code input for Bsp Dependency
2025-08-12 11:22:40,386 [INFO] CodeGenerator:1619 - *******************Project context FSBL selected
2025-08-12 11:22:40,445 [INFO] CodeEngine:265 - oldGeneratedFile, C:\ST\AB_LSTM\AB_LSTM\MXTmpFiles\license.tmp_save
2025-08-12 11:22:40,753 [INFO] CodeEngine:289 - Generated code: C:\ST\AB_LSTM\AB_LSTM\MXTmpFiles\license.tmp
2025-08-12 11:22:40,811 [INFO] CodeEngine:265 - oldGeneratedFile, C:\ST\AB_LSTM\AB_LSTM\FSBL\MXTmpFiles\gpio.tmp_save
2025-08-12 11:22:40,947 [INFO] CodeEngine:289 - Generated code: C:\ST\AB_LSTM\AB_LSTM\FSBL\MXTmpFiles\gpio.tmp
2025-08-12 11:22:40,990 [WARN] IPConfigManager:103 - WARNING: Missing Config File for DEBUG ip!!
2025-08-12 11:22:41,066 [WARN] IPConfigManager:103 - WARNING: Missing Config File for HDP ip!!
2025-08-12 11:22:41,249 [WARN] IPConfigManager:103 - WARNING: Missing Config File for XSPIM ip!!
2025-08-12 11:22:41,292 [INFO] Middleware:1452 - No code input for Bsp Dependency
2025-08-12 11:22:41,300 [INFO] CodeEngine:265 - oldGeneratedFile, C:\ST\AB_LSTM\AB_LSTM\FSBL\MXTmpFiles\boot_code.tmp_save
2025-08-12 11:22:41,416 [INFO] CodeEngine:289 - Generated code: C:\ST\AB_LSTM\AB_LSTM\FSBL\MXTmpFiles\boot_code.tmp
2025-08-12 11:22:41,438 [INFO] CodeEngine:265 - oldGeneratedFile, C:\ST\AB_LSTM\AB_LSTM\FSBL\MXTmpFiles\cortex.tmp_save
2025-08-12 11:22:41,545 [INFO] CodeEngine:289 - Generated code: C:\ST\AB_LSTM\AB_LSTM\FSBL\MXTmpFiles\cortex.tmp
2025-08-12 11:22:41,558 [INFO] Middleware:1452 - No code input for Bsp Dependency
2025-08-12 11:22:41,565 [INFO] CodeEngine:265 - oldGeneratedFile, C:\ST\AB_LSTM\AB_LSTM\FSBL\Core\Inc\extmem_manager.h_save
2025-08-12 11:22:41,663 [INFO] CodeEngine:289 - Generated code: C:\ST\AB_LSTM\AB_LSTM\FSBL\Core\Inc\extmem_manager.h
2025-08-12 11:22:41,670 [INFO] CodeEngine:265 - oldGeneratedFile, C:\ST\AB_LSTM\AB_LSTM\FSBL\Core\Src\extmem_manager.c_save
2025-08-12 11:22:41,765 [INFO] CodeEngine:289 - Generated code: C:\ST\AB_LSTM\AB_LSTM\FSBL\Core\Src\extmem_manager.c
2025-08-12 11:22:41,773 [INFO] CodeEngine:265 - oldGeneratedFile, C:\ST\AB_LSTM\AB_LSTM\FSBL\Core\Inc\stm32_extmem_conf.h_save
2025-08-12 11:22:41,868 [INFO] CodeEngine:289 - Generated code: C:\ST\AB_LSTM\AB_LSTM\FSBL\Core\Inc\stm32_extmem_conf.h
2025-08-12 11:22:41,875 [INFO] CodeEngine:265 - oldGeneratedFile, C:\ST\AB_LSTM\AB_LSTM\FSBL\MXTmpFiles\boot_code.tmp_save
2025-08-12 11:22:41,914 [INFO] CodeEngine:289 - Generated code: C:\ST\AB_LSTM\AB_LSTM\FSBL\MXTmpFiles\boot_code.tmp
2025-08-12 11:22:41,939 [INFO] CodeEngine:265 - oldGeneratedFile, C:\ST\AB_LSTM\AB_LSTM\FSBL\Core\Src\stm32n6xx_it.c_save
2025-08-12 11:22:42,098 [INFO] CodeEngine:289 - Generated code: C:\ST\AB_LSTM\AB_LSTM\FSBL\Core\Src\stm32n6xx_it.c
2025-08-12 11:22:42,105 [INFO] CodeEngine:265 - oldGeneratedFile, C:\ST\AB_LSTM\AB_LSTM\FSBL\Core\Inc\stm32n6xx_it.h_save
2025-08-12 11:22:42,177 [INFO] CodeEngine:289 - Generated code: C:\ST\AB_LSTM\AB_LSTM\FSBL\Core\Inc\stm32n6xx_it.h
2025-08-12 11:22:42,248 [INFO] CodeEngine:265 - oldGeneratedFile, C:\ST\AB_LSTM\AB_LSTM\FSBL\Core\Src\stm32n6xx_hal_msp.c_save
2025-08-12 11:22:42,369 [INFO] CodeEngine:289 - Generated code: C:\ST\AB_LSTM\AB_LSTM\FSBL\Core\Src\stm32n6xx_hal_msp.c
2025-08-12 11:22:42,374 [INFO] CodeEngine:265 - oldGeneratedFile, C:\ST\AB_LSTM\AB_LSTM\FSBL\MXTmpFiles\system.tmp_save
2025-08-12 11:22:42,417 [INFO] CodeEngine:289 - Generated code: C:\ST\AB_LSTM\AB_LSTM\FSBL\MXTmpFiles\system.tmp
2025-08-12 11:22:42,431 [INFO] CodeEngine:321 - oldGeneratedFile, C:\ST\AB_LSTM\AB_LSTM\FSBL\Core\Inc\stm32n6xx_hal_conf.h_save
2025-08-12 11:22:42,514 [INFO] CodeEngine:345 - Generated code: C:\ST\AB_LSTM\AB_LSTM\FSBL\Core\Inc\stm32n6xx_hal_conf.h
2025-08-12 11:22:42,529 [WARN] IPConfigManager:3238 - Warning: the RefConfig RCC_ConfigVoltageScaling is not available in your config.xml file
2025-08-12 11:22:42,534 [WARN] IPConfigManager:3238 - Warning: the RefConfig RCC_RTC_HSEDIV is not available in your config.xml file
2025-08-12 11:22:42,538 [ERROR] ApiDbMcu:560 - Cannot parse HDP_Config file : file do not exist
2025-08-12 11:22:42,539 [ERROR] ApiDbMcu:560 - Cannot parse XSPIM_Config file : file do not exist
2025-08-12 11:22:42,549 [INFO] CodeEngine:265 - oldGeneratedFile, C:\ST\AB_LSTM\AB_LSTM\FSBL\Core\Inc\main.h_save
2025-08-12 11:22:42,640 [INFO] CodeEngine:289 - Generated code: C:\ST\AB_LSTM\AB_LSTM\FSBL\Core\Inc\main.h
2025-08-12 11:22:42,646 [INFO] CodeEngine:265 - oldGeneratedFile, C:\ST\AB_LSTM\AB_LSTM\FSBL\Core\Src\main.c_save
2025-08-12 11:22:42,759 [INFO] CodeEngine:289 - Generated code: C:\ST\AB_LSTM\AB_LSTM\FSBL\Core\Src\main.c
2025-08-12 11:22:42,803 [INFO] CodeGenerator:1619 - *******************Project context Appli selected
2025-08-12 11:22:42,865 [INFO] CodeEngine:265 - oldGeneratedFile, C:\ST\AB_LSTM\AB_LSTM\MXTmpFiles\license.tmp_save
2025-08-12 11:22:42,962 [INFO] CodeEngine:289 - Generated code: C:\ST\AB_LSTM\AB_LSTM\MXTmpFiles\license.tmp
2025-08-12 11:22:42,978 [INFO] CodeEngine:265 - oldGeneratedFile, C:\ST\AB_LSTM\AB_LSTM\Appli\MXTmpFiles\gpio.tmp_save
2025-08-12 11:22:43,044 [INFO] CodeEngine:289 - Generated code: C:\ST\AB_LSTM\AB_LSTM\Appli\MXTmpFiles\gpio.tmp
2025-08-12 11:22:43,061 [WARN] IPConfigManager:103 - WARNING: Missing Config File for DEBUG ip!!
2025-08-12 11:22:43,080 [WARN] IPConfigManager:103 - WARNING: Missing Config File for NVIC ip!!
2025-08-12 11:22:43,102 [INFO] CodeEngine:265 - oldGeneratedFile, C:\ST\AB_LSTM\AB_LSTM\Appli\MXTmpFiles\cortex.tmp_save
2025-08-12 11:22:43,161 [INFO] CodeEngine:289 - Generated code: C:\ST\AB_LSTM\AB_LSTM\Appli\MXTmpFiles\cortex.tmp
2025-08-12 11:22:43,186 [INFO] CodeEngine:265 - oldGeneratedFile, C:\ST\AB_LSTM\AB_LSTM\Appli\Core\Src\stm32n6xx_it.c_save
2025-08-12 11:22:43,249 [INFO] CodeEngine:289 - Generated code: C:\ST\AB_LSTM\AB_LSTM\Appli\Core\Src\stm32n6xx_it.c
2025-08-12 11:22:43,254 [INFO] CodeEngine:265 - oldGeneratedFile, C:\ST\AB_LSTM\AB_LSTM\Appli\Core\Inc\stm32n6xx_it.h_save
2025-08-12 11:22:43,285 [INFO] CodeEngine:289 - Generated code: C:\ST\AB_LSTM\AB_LSTM\Appli\Core\Inc\stm32n6xx_it.h
2025-08-12 11:22:43,293 [INFO] CodeEngine:265 - oldGeneratedFile, C:\ST\AB_LSTM\AB_LSTM\Appli\MXTmpFiles\RIFInit.tmp_save
2025-08-12 11:22:43,360 [INFO] CodeEngine:289 - Generated code: C:\ST\AB_LSTM\AB_LSTM\Appli\MXTmpFiles\RIFInit.tmp
2025-08-12 11:22:43,398 [INFO] CodeEngine:265 - oldGeneratedFile, C:\ST\AB_LSTM\AB_LSTM\Appli\Core\Src\stm32n6xx_hal_msp.c_save
2025-08-12 11:22:43,488 [INFO] CodeEngine:289 - Generated code: C:\ST\AB_LSTM\AB_LSTM\Appli\Core\Src\stm32n6xx_hal_msp.c
2025-08-12 11:22:43,493 [INFO] CodeEngine:265 - oldGeneratedFile, C:\ST\AB_LSTM\AB_LSTM\Appli\MXTmpFiles\system.tmp_save
2025-08-12 11:22:43,525 [INFO] CodeEngine:289 - Generated code: C:\ST\AB_LSTM\AB_LSTM\Appli\MXTmpFiles\system.tmp
2025-08-12 11:22:43,535 [INFO] CodeEngine:321 - oldGeneratedFile, C:\ST\AB_LSTM\AB_LSTM\Appli\Core\Inc\stm32n6xx_hal_conf.h_save
2025-08-12 11:22:43,611 [INFO] CodeEngine:345 - Generated code: C:\ST\AB_LSTM\AB_LSTM\Appli\Core\Inc\stm32n6xx_hal_conf.h
2025-08-12 11:22:43,622 [WARN] IPConfigManager:3238 - Warning: the RefConfig RCC_ConfigVoltageScaling is not available in your config.xml file
2025-08-12 11:22:43,623 [WARN] IPConfigManager:3238 - Warning: the RefConfig RCC_RTC_HSEDIV is not available in your config.xml file
2025-08-12 11:22:43,635 [INFO] CodeEngine:265 - oldGeneratedFile, C:\ST\AB_LSTM\AB_LSTM\Appli\Core\Inc\main.h_save
2025-08-12 11:22:43,713 [INFO] CodeEngine:289 - Generated code: C:\ST\AB_LSTM\AB_LSTM\Appli\Core\Inc\main.h
2025-08-12 11:22:43,719 [INFO] CodeEngine:265 - oldGeneratedFile, C:\ST\AB_LSTM\AB_LSTM\Appli\Core\Src\main.c_save
2025-08-12 11:22:43,805 [INFO] CodeEngine:289 - Generated code: C:\ST\AB_LSTM\AB_LSTM\Appli\Core\Src\main.c
2025-08-12 11:22:43,820 [INFO] CodeEngine:265 - oldGeneratedFile, C:\ST\AB_LSTM\AB_LSTM\Appli\Core\Src\secure_nsc.c_save
2025-08-12 11:22:43,891 [INFO] CodeEngine:289 - Generated code: C:\ST\AB_LSTM\AB_LSTM\Appli\Core\Src\secure_nsc.c
2025-08-12 11:22:43,896 [INFO] CodeEngine:265 - oldGeneratedFile, C:\ST\AB_LSTM\AB_LSTM\Appli\Core\Inc\partition_stm32n657xx.h_save
2025-08-12 11:22:43,960 [INFO] CodeEngine:289 - Generated code: C:\ST\AB_LSTM\AB_LSTM\Appli\Core\Inc\partition_stm32n657xx.h
2025-08-12 11:22:43,965 [INFO] CodeEngine:265 - oldGeneratedFile, C:\ST\AB_LSTM\AB_LSTM\Secure_nsclib\secure_nsc.h_save
2025-08-12 11:22:44,008 [INFO] CodeEngine:289 - Generated code: C:\ST\AB_LSTM\AB_LSTM\Secure_nsclib\secure_nsc.h
2025-08-12 11:22:44,031 [INFO] CodeGenerator:1707 - *******************Project context ExtMemLoader Not selected
2025-08-12 11:22:44,442 [INFO] ProjectBuilder:3606 - Time for Copy HAL[1] : 307mS.
2025-08-12 11:22:44,452 [INFO] ProjectBuilder:5216 - Project Generator version: 4.7.0-B52
2025-08-12 11:22:44,498 [INFO] ConfigFileManager:1595 - The Die is : DIE486
2025-08-12 11:22:49,099 [INFO] ProjectBuilder:5056 - Time for Generating toolchain IDE Files: 4646mS.
2025-08-12 11:22:49,101 [INFO] ProjectBuilder:3463 - Time for Copy CMSIS : 2mS.
2025-08-12 11:22:49,109 [INFO] ProjectBuilder:3463 - Time for Copy CMSIS : 1mS.
2025-08-12 12:32:54,028 [INFO] NvicIntPanel:101 - NVIC parent = com.st.microxplorer.plugins.ip.nvic.MultiNvicIntPanel[,0,0,0x0,invalid,layout=javax.swing.BoxLayout,alignmentX=0.0,alignmentY=0.0,border=,flags=9,maximumSize=,minimumSize=,preferredSize=]
2025-08-12 12:32:54,040 [INFO] NvicIntPanel:101 - NVIC parent = com.st.microxplorer.plugins.ip.nvic.MultiNvicIntPanel[,0,0,0x0,invalid,layout=javax.swing.BoxLayout,alignmentX=0.0,alignmentY=0.0,border=,flags=9,maximumSize=,minimumSize=,preferredSize=]
2025-08-12 12:33:35,840 [INFO] UtilMem:75 - End SaveConfig() Used Memory: 714762872 Bytes (1073741824)
2025-08-12 12:33:36,972 [INFO] UtilMem:75 - End SaveConfig() Used Memory: 747790968 Bytes (1073741824)
2025-08-12 12:33:38,631 [INFO] UtilMem:75 - End SaveConfig() Used Memory: 855961312 Bytes (1073741824)
2025-08-12 12:33:38,939 [WARN] IP:2250 - pwrPrivilege not found: check if there is a RefParameter without a condition.
2025-08-12 12:33:39,225 [INFO] BlockDiagram:2775 - set Specific Code input for plugin: EXTMEM_MANAGER
2025-08-12 12:33:39,225 [INFO] BlockDiagram:2775 - set Specific Code input for plugin: PWR
2025-08-12 12:33:39,225 [INFO] BlockDiagram:2775 - set Specific Code input for plugin: CORTEX_M55_S
2025-08-12 12:33:39,225 [INFO] BlockDiagram:2775 - set Specific Code input for plugin: RCC
2025-08-12 12:33:39,225 [INFO] BlockDiagram:2775 - set Specific Code input for plugin: CORTEX_M55_FSBL
2025-08-12 12:33:39,225 [INFO] BlockDiagram:2775 - set Specific Code input for plugin: XSPIM
2025-08-12 12:33:39,225 [INFO] BlockDiagram:2775 - set Specific Code input for plugin: XSPI
2025-08-12 12:33:39,225 [INFO] BlockDiagram:2775 - set Specific Code input for plugin: LPUART
2025-08-12 12:33:39,225 [INFO] BlockDiagram:2775 - set Specific Code input for plugin: NVIC
2025-08-12 12:33:39,225 [INFO] BlockDiagram:2775 - set Specific Code input for plugin: HDP
2025-08-12 12:33:39,225 [INFO] BlockDiagram:2775 - set Specific Code input for plugin: ICACHE
2025-08-12 12:33:39,225 [INFO] BlockDiagram:2775 - set Specific Code input for plugin: DEBUG
2025-08-12 12:33:39,226 [INFO] BlockDiagram:2775 - set Specific Code input for plugin: GPIO
2025-08-12 12:33:39,226 [INFO] BlockDiagram:2775 - set Specific Code input for plugin: RIF
2025-08-12 12:33:39,226 [INFO] BlockDiagram:2775 - set Specific Code input for plugin: SYS_S
2025-08-12 12:33:39,226 [INFO] BlockDiagram:2775 - set Specific Code input for plugin: NVIC1
2025-08-12 12:33:39,228 [INFO] CodeGenerator:892 - code generatio: config db path: C:\ST\STM32CubeIDE_1.19.0\STM32CubeIDE\plugins\com.st.stm32cube.common.mx_6.15.0.202507011659\\db\
2025-08-12 12:33:39,234 [WARN] IP:2250 - DeviceAttribute0 not found: check if there is a RefParameter without a condition.
2025-08-12 12:33:39,234 [WARN] IP:2250 - Memorytype1 not found: check if there is a RefParameter without a condition.
2025-08-12 12:33:39,234 [WARN] IP:2250 - DeviceAttribute1 not found: check if there is a RefParameter without a condition.
2025-08-12 12:33:39,234 [WARN] IP:2250 - LL_DeviceAttribute21 not found: check if there is a RefParameter without a condition.
2025-08-12 12:33:39,235 [WARN] IP:2250 - Memorytype2 not found: check if there is a RefParameter without a condition.
2025-08-12 12:33:39,235 [WARN] IP:2250 - DeviceAttribute2 not found: check if there is a RefParameter without a condition.
2025-08-12 12:33:39,235 [WARN] IP:2250 - LL_DeviceAttribute22 not found: check if there is a RefParameter without a condition.
2025-08-12 12:33:39,235 [WARN] IP:2250 - Memorytype3 not found: check if there is a RefParameter without a condition.
2025-08-12 12:33:39,236 [WARN] IP:2250 - DeviceAttribute3 not found: check if there is a RefParameter without a condition.
2025-08-12 12:33:39,236 [WARN] IP:2250 - LL_DeviceAttribute23 not found: check if there is a RefParameter without a condition.
2025-08-12 12:33:39,236 [WARN] IP:2250 - Memorytype4 not found: check if there is a RefParameter without a condition.
2025-08-12 12:33:39,236 [WARN] IP:2250 - DeviceAttribute4 not found: check if there is a RefParameter without a condition.
2025-08-12 12:33:39,236 [WARN] IP:2250 - LL_DeviceAttribute24 not found: check if there is a RefParameter without a condition.
2025-08-12 12:33:39,236 [WARN] IP:2250 - Memorytype5 not found: check if there is a RefParameter without a condition.
2025-08-12 12:33:39,236 [WARN] IP:2250 - DeviceAttribute5 not found: check if there is a RefParameter without a condition.
2025-08-12 12:33:39,237 [WARN] IP:2250 - LL_DeviceAttribute25 not found: check if there is a RefParameter without a condition.
2025-08-12 12:33:39,237 [WARN] IP:2250 - Memorytype6 not found: check if there is a RefParameter without a condition.
2025-08-12 12:33:39,237 [WARN] IP:2250 - DeviceAttribute6 not found: check if there is a RefParameter without a condition.
2025-08-12 12:33:39,237 [WARN] IP:2250 - LL_DeviceAttribute26 not found: check if there is a RefParameter without a condition.
2025-08-12 12:33:39,237 [WARN] IP:2250 - Memorytype7 not found: check if there is a RefParameter without a condition.
2025-08-12 12:33:39,237 [WARN] IP:2250 - DeviceAttribute7 not found: check if there is a RefParameter without a condition.
2025-08-12 12:33:39,237 [WARN] IP:2250 - LL_DeviceAttribute27 not found: check if there is a RefParameter without a condition.
2025-08-12 12:33:39,242 [WARN] IP:2250 - Memorytype0 not found: check if there is a RefParameter without a condition.
2025-08-12 12:33:39,242 [WARN] IP:2250 - LL_DeviceAttribute20 not found: check if there is a RefParameter without a condition.
2025-08-12 12:33:39,242 [WARN] IP:2250 - DeviceAttribute0 not found: check if there is a RefParameter without a condition.
2025-08-12 12:33:39,242 [WARN] IP:2250 - DeviceAttribute20 not found: check if there is a RefParameter without a condition.
2025-08-12 12:33:39,242 [WARN] IP:2250 - DeviceAttribute1 not found: check if there is a RefParameter without a condition.
2025-08-12 12:33:39,242 [WARN] IP:2250 - Memorytype2 not found: check if there is a RefParameter without a condition.
2025-08-12 12:33:39,242 [WARN] IP:2250 - LL_DeviceAttribute22 not found: check if there is a RefParameter without a condition.
2025-08-12 12:33:39,243 [WARN] IP:2250 - DeviceAttribute2 not found: check if there is a RefParameter without a condition.
2025-08-12 12:33:39,243 [WARN] IP:2250 - Memorytype3 not found: check if there is a RefParameter without a condition.
2025-08-12 12:33:39,243 [WARN] IP:2250 - LL_DeviceAttribute23 not found: check if there is a RefParameter without a condition.
2025-08-12 12:33:39,243 [WARN] IP:2250 - DeviceAttribute3 not found: check if there is a RefParameter without a condition.
2025-08-12 12:33:39,243 [WARN] IP:2250 - Memorytype4 not found: check if there is a RefParameter without a condition.
2025-08-12 12:33:39,243 [WARN] IP:2250 - LL_DeviceAttribute24 not found: check if there is a RefParameter without a condition.
2025-08-12 12:33:39,243 [WARN] IP:2250 - DeviceAttribute4 not found: check if there is a RefParameter without a condition.
2025-08-12 12:33:39,243 [WARN] IP:2250 - Memorytype5 not found: check if there is a RefParameter without a condition.
2025-08-12 12:33:39,243 [WARN] IP:2250 - LL_DeviceAttribute25 not found: check if there is a RefParameter without a condition.
2025-08-12 12:33:39,245 [WARN] IP:2250 - DeviceAttribute5 not found: check if there is a RefParameter without a condition.
2025-08-12 12:33:39,245 [WARN] IP:2250 - Memorytype6 not found: check if there is a RefParameter without a condition.
2025-08-12 12:33:39,245 [WARN] IP:2250 - LL_DeviceAttribute26 not found: check if there is a RefParameter without a condition.
2025-08-12 12:33:39,245 [WARN] IP:2250 - DeviceAttribute6 not found: check if there is a RefParameter without a condition.
2025-08-12 12:33:39,245 [WARN] IP:2250 - Memorytype7 not found: check if there is a RefParameter without a condition.
2025-08-12 12:33:39,245 [WARN] IP:2250 - LL_DeviceAttribute27 not found: check if there is a RefParameter without a condition.
2025-08-12 12:33:39,245 [WARN] IP:2250 - DeviceAttribute7 not found: check if there is a RefParameter without a condition.
2025-08-12 12:33:39,258 [WARN] IP:2250 - RefParam_LRUN_SRC_memory not found: check if there is a RefParameter without a condition.
2025-08-12 12:33:39,258 [WARN] IP:2250 - RefParam_LRUN_SRC_offset not found: check if there is a RefParameter without a condition.
2025-08-12 12:33:39,258 [WARN] IP:2250 - RefParam_LRUN_SRC_size not found: check if there is a RefParameter without a condition.
2025-08-12 12:33:39,258 [WARN] IP:2250 - RefParam_LRUN_DEST_memory not found: check if there is a RefParameter without a condition.
2025-08-12 12:33:39,258 [WARN] IP:2250 - RefParam_LRUN_DEST_offset not found: check if there is a RefParameter without a condition.
2025-08-12 12:33:39,258 [WARN] IP:2250 - RefParam_MEMORY_1_Size not found: check if there is a RefParameter without a condition.
2025-08-12 12:33:39,258 [WARN] IP:2250 - RefParam_MEMORY_1_FreqMax not found: check if there is a RefParameter without a condition.
2025-08-12 12:33:39,259 [WARN] IP:2250 - RefParam_MEMORY_1_ReadReg not found: check if there is a RefParameter without a condition.
2025-08-12 12:33:39,259 [WARN] IP:2250 - RefParam_MEMORY_1_WriteReg not found: check if there is a RefParameter without a condition.
2025-08-12 12:33:39,259 [WARN] IP:2250 - RefParam_MEMORY_1_RegSize not found: check if there is a RefParameter without a condition.
2025-08-12 12:33:39,259 [WARN] IP:2250 - RefParam_MEMORY_1_RegDummyCycle not found: check if there is a RefParameter without a condition.
2025-08-12 12:33:39,259 [WARN] IP:2250 - RefParam_MEMORY_1_WriteCommand not found: check if there is a RefParameter without a condition.
2025-08-12 12:33:39,259 [WARN] IP:2250 - RefParam_MEMORY_1_WriteDummyCycle not found: check if there is a RefParameter without a condition.
2025-08-12 12:33:39,259 [WARN] IP:2250 - RefParam_MEMORY_1_ReadCommand not found: check if there is a RefParameter without a condition.
2025-08-12 12:33:39,259 [WARN] IP:2250 - RefParam_MEMORY_1_WrapReadCommand not found: check if there is a RefParameter without a condition.
2025-08-12 12:33:39,259 [WARN] IP:2250 - RefParam_MEMORY_1_ReadDummyCycle not found: check if there is a RefParameter without a condition.
2025-08-12 12:33:39,259 [WARN] IP:2250 - RefParam_MEMORY_1_NumberOfConfig not found: check if there is a RefParameter without a condition.
2025-08-12 12:33:39,259 [WARN] IP:2250 - RefParam_MEMORY_1_Config1_WriteMask not found: check if there is a RefParameter without a condition.
2025-08-12 12:33:39,260 [WARN] IP:2250 - RefParam_MEMORY_1_Config1_WriteValue not found: check if there is a RefParameter without a condition.
2025-08-12 12:33:39,260 [WARN] IP:2250 - RefParam_MEMORY_1_Config1_RegAddress not found: check if there is a RefParameter without a condition.
2025-08-12 12:33:39,260 [WARN] IP:2250 - RefParam_MEMORY_1_Config2_WriteMask not found: check if there is a RefParameter without a condition.
2025-08-12 12:33:39,260 [WARN] IP:2250 - RefParam_MEMORY_1_Config2_WriteValue not found: check if there is a RefParameter without a condition.
2025-08-12 12:33:39,260 [WARN] IP:2250 - RefParam_MEMORY_1_Config2_RegAddress not found: check if there is a RefParameter without a condition.
2025-08-12 12:33:39,260 [WARN] IP:2250 - RefParam_MEMORY_1_Config3_WriteMask not found: check if there is a RefParameter without a condition.
2025-08-12 12:33:39,260 [WARN] IP:2250 - RefParam_MEMORY_1_Config3_WriteValue not found: check if there is a RefParameter without a condition.
2025-08-12 12:33:39,260 [WARN] IP:2250 - RefParam_MEMORY_1_Config3_RegAddress not found: check if there is a RefParameter without a condition.
2025-08-12 12:33:39,260 [WARN] IP:2250 - RefParam_MEMORY_2_Instance not found: check if there is a RefParameter without a condition.
2025-08-12 12:33:39,260 [WARN] IP:2250 - RefParam_MEMORY_2_ConfigType not found: check if there is a RefParameter without a condition.
2025-08-12 12:33:39,260 [WARN] IP:2250 - RefParam_MEMORY_2_Size not found: check if there is a RefParameter without a condition.
2025-08-12 12:33:39,260 [WARN] IP:2250 - RefParam_MEMORY_2_FreqMax not found: check if there is a RefParameter without a condition.
2025-08-12 12:33:39,260 [WARN] IP:2250 - RefParam_MEMORY_2_ReadReg not found: check if there is a RefParameter without a condition.
2025-08-12 12:33:39,260 [WARN] IP:2250 - RefParam_MEMORY_2_WriteReg not found: check if there is a RefParameter without a condition.
2025-08-12 12:33:39,260 [WARN] IP:2250 - RefParam_MEMORY_2_RegSize not found: check if there is a RefParameter without a condition.
2025-08-12 12:33:39,260 [WARN] IP:2250 - RefParam_MEMORY_2_RegDummyCycle not found: check if there is a RefParameter without a condition.
2025-08-12 12:33:39,260 [WARN] IP:2250 - RefParam_MEMORY_2_WriteCommand not found: check if there is a RefParameter without a condition.
2025-08-12 12:33:39,260 [WARN] IP:2250 - RefParam_MEMORY_2_WriteDummyCycle not found: check if there is a RefParameter without a condition.
2025-08-12 12:33:39,260 [WARN] IP:2250 - RefParam_MEMORY_2_ReadCommand not found: check if there is a RefParameter without a condition.
2025-08-12 12:33:39,260 [WARN] IP:2250 - RefParam_MEMORY_2_WrapReadCommand not found: check if there is a RefParameter without a condition.
2025-08-12 12:33:39,260 [WARN] IP:2250 - RefParam_MEMORY_2_ReadDummyCycle not found: check if there is a RefParameter without a condition.
2025-08-12 12:33:39,260 [WARN] IP:2250 - RefParam_MEMORY_2_NumberOfConfig not found: check if there is a RefParameter without a condition.
2025-08-12 12:33:39,262 [WARN] IP:2250 - RefParam_MEMORY_2_Config1_WriteMask not found: check if there is a RefParameter without a condition.
2025-08-12 12:33:39,262 [WARN] IP:2250 - RefParam_MEMORY_2_Config1_WriteValue not found: check if there is a RefParameter without a condition.
2025-08-12 12:33:39,262 [WARN] IP:2250 - RefParam_MEMORY_2_Config1_RegAddress not found: check if there is a RefParameter without a condition.
2025-08-12 12:33:39,262 [WARN] IP:2250 - RefParam_MEMORY_2_Config2_WriteMask not found: check if there is a RefParameter without a condition.
2025-08-12 12:33:39,262 [WARN] IP:2250 - RefParam_MEMORY_2_Config2_WriteValue not found: check if there is a RefParameter without a condition.
2025-08-12 12:33:39,262 [WARN] IP:2250 - RefParam_MEMORY_2_Config2_RegAddress not found: check if there is a RefParameter without a condition.
2025-08-12 12:33:39,262 [WARN] IP:2250 - RefParam_MEMORY_2_Config3_WriteMask not found: check if there is a RefParameter without a condition.
2025-08-12 12:33:39,262 [WARN] IP:2250 - RefParam_MEMORY_2_Config3_WriteValue not found: check if there is a RefParameter without a condition.
2025-08-12 12:33:39,262 [WARN] IP:2250 - RefParam_MEMORY_2_Config3_RegAddress not found: check if there is a RefParameter without a condition.
2025-08-12 12:33:39,282 [WARN] IP:2250 - pwrPrivilege not found: check if there is a RefParameter without a condition.
2025-08-12 12:33:39,352 [INFO] Middleware:1452 - No code input for Bsp Dependency
2025-08-12 12:33:39,354 [INFO] Middleware:1452 - No code input for Bsp Dependency
2025-08-12 12:33:39,356 [INFO] Middleware:1452 - No code input for Bsp Dependency
2025-08-12 12:33:39,357 [INFO] Middleware:1452 - No code input for Bsp Dependency
2025-08-12 12:33:39,358 [INFO] Middleware:1452 - No code input for Bsp Dependency
2025-08-12 12:33:39,359 [INFO] Middleware:1452 - No code input for Bsp Dependency
2025-08-12 12:33:39,360 [INFO] CodeGenerator:1619 - *******************Project context FSBL selected
2025-08-12 12:33:39,402 [INFO] CodeEngine:265 - oldGeneratedFile, C:\ST\AB_LSTM\AB_LSTM\MXTmpFiles\license.tmp_save
2025-08-12 12:33:39,655 [INFO] CodeEngine:289 - Generated code: C:\ST\AB_LSTM\AB_LSTM\MXTmpFiles\license.tmp
2025-08-12 12:33:39,719 [INFO] CodeEngine:265 - oldGeneratedFile, C:\ST\AB_LSTM\AB_LSTM\FSBL\MXTmpFiles\gpio.tmp_save
2025-08-12 12:33:39,867 [INFO] CodeEngine:289 - Generated code: C:\ST\AB_LSTM\AB_LSTM\FSBL\MXTmpFiles\gpio.tmp
2025-08-12 12:33:39,913 [WARN] IPConfigManager:103 - WARNING: Missing Config File for DEBUG ip!!
2025-08-12 12:33:39,999 [WARN] IPConfigManager:103 - WARNING: Missing Config File for HDP ip!!
2025-08-12 12:33:40,238 [WARN] IPConfigManager:103 - WARNING: Missing Config File for XSPIM ip!!
2025-08-12 12:33:40,291 [INFO] Middleware:1452 - No code input for Bsp Dependency
2025-08-12 12:33:40,298 [INFO] CodeEngine:265 - oldGeneratedFile, C:\ST\AB_LSTM\AB_LSTM\FSBL\MXTmpFiles\boot_code.tmp_save
2025-08-12 12:33:40,447 [INFO] CodeEngine:289 - Generated code: C:\ST\AB_LSTM\AB_LSTM\FSBL\MXTmpFiles\boot_code.tmp
2025-08-12 12:33:40,471 [INFO] CodeEngine:265 - oldGeneratedFile, C:\ST\AB_LSTM\AB_LSTM\FSBL\MXTmpFiles\cortex.tmp_save
2025-08-12 12:33:40,634 [INFO] CodeEngine:289 - Generated code: C:\ST\AB_LSTM\AB_LSTM\FSBL\MXTmpFiles\cortex.tmp
2025-08-12 12:33:40,653 [INFO] Middleware:1452 - No code input for Bsp Dependency
2025-08-12 12:33:40,661 [INFO] CodeEngine:265 - oldGeneratedFile, C:\ST\AB_LSTM\AB_LSTM\FSBL\Core\Inc\extmem_manager.h_save
2025-08-12 12:33:40,826 [INFO] CodeEngine:289 - Generated code: C:\ST\AB_LSTM\AB_LSTM\FSBL\Core\Inc\extmem_manager.h
2025-08-12 12:33:40,835 [INFO] CodeEngine:265 - oldGeneratedFile, C:\ST\AB_LSTM\AB_LSTM\FSBL\Core\Src\extmem_manager.c_save
2025-08-12 12:33:40,970 [INFO] CodeEngine:289 - Generated code: C:\ST\AB_LSTM\AB_LSTM\FSBL\Core\Src\extmem_manager.c
2025-08-12 12:33:40,977 [INFO] CodeEngine:265 - oldGeneratedFile, C:\ST\AB_LSTM\AB_LSTM\FSBL\Core\Inc\stm32_extmem_conf.h_save
2025-08-12 12:33:41,107 [INFO] CodeEngine:289 - Generated code: C:\ST\AB_LSTM\AB_LSTM\FSBL\Core\Inc\stm32_extmem_conf.h
2025-08-12 12:33:41,115 [INFO] CodeEngine:265 - oldGeneratedFile, C:\ST\AB_LSTM\AB_LSTM\FSBL\MXTmpFiles\boot_code.tmp_save
2025-08-12 12:33:41,159 [INFO] CodeEngine:289 - Generated code: C:\ST\AB_LSTM\AB_LSTM\FSBL\MXTmpFiles\boot_code.tmp
2025-08-12 12:33:41,200 [INFO] CodeEngine:265 - oldGeneratedFile, C:\ST\AB_LSTM\AB_LSTM\FSBL\Core\Src\stm32n6xx_it.c_save
2025-08-12 12:33:41,448 [INFO] CodeEngine:289 - Generated code: C:\ST\AB_LSTM\AB_LSTM\FSBL\Core\Src\stm32n6xx_it.c
2025-08-12 12:33:41,456 [INFO] CodeEngine:265 - oldGeneratedFile, C:\ST\AB_LSTM\AB_LSTM\FSBL\Core\Inc\stm32n6xx_it.h_save
2025-08-12 12:33:41,542 [INFO] CodeEngine:289 - Generated code: C:\ST\AB_LSTM\AB_LSTM\FSBL\Core\Inc\stm32n6xx_it.h
2025-08-12 12:33:41,596 [INFO] CodeEngine:265 - oldGeneratedFile, C:\ST\AB_LSTM\AB_LSTM\FSBL\Core\Src\stm32n6xx_hal_msp.c_save
2025-08-12 12:33:41,791 [INFO] CodeEngine:289 - Generated code: C:\ST\AB_LSTM\AB_LSTM\FSBL\Core\Src\stm32n6xx_hal_msp.c
2025-08-12 12:33:41,797 [INFO] CodeEngine:265 - oldGeneratedFile, C:\ST\AB_LSTM\AB_LSTM\FSBL\MXTmpFiles\system.tmp_save
2025-08-12 12:33:41,844 [INFO] CodeEngine:289 - Generated code: C:\ST\AB_LSTM\AB_LSTM\FSBL\MXTmpFiles\system.tmp
2025-08-12 12:33:41,867 [INFO] CodeEngine:321 - oldGeneratedFile, C:\ST\AB_LSTM\AB_LSTM\FSBL\Core\Inc\stm32n6xx_hal_conf.h_save
2025-08-12 12:33:42,028 [INFO] CodeEngine:345 - Generated code: C:\ST\AB_LSTM\AB_LSTM\FSBL\Core\Inc\stm32n6xx_hal_conf.h
2025-08-12 12:33:42,050 [WARN] IPConfigManager:3238 - Warning: the RefConfig RCC_ConfigVoltageScaling is not available in your config.xml file
2025-08-12 12:33:42,054 [WARN] IPConfigManager:3238 - Warning: the RefConfig RCC_RTC_HSEDIV is not available in your config.xml file
2025-08-12 12:33:42,059 [ERROR] ApiDbMcu:560 - Cannot parse HDP_Config file : file do not exist
2025-08-12 12:33:42,059 [ERROR] ApiDbMcu:560 - Cannot parse XSPIM_Config file : file do not exist
2025-08-12 12:33:42,070 [INFO] CodeEngine:265 - oldGeneratedFile, C:\ST\AB_LSTM\AB_LSTM\FSBL\Core\Inc\main.h_save
2025-08-12 12:33:42,236 [INFO] CodeEngine:289 - Generated code: C:\ST\AB_LSTM\AB_LSTM\FSBL\Core\Inc\main.h
2025-08-12 12:33:42,242 [INFO] CodeEngine:265 - oldGeneratedFile, C:\ST\AB_LSTM\AB_LSTM\FSBL\Core\Src\main.c_save
2025-08-12 12:33:42,393 [INFO] CodeEngine:289 - Generated code: C:\ST\AB_LSTM\AB_LSTM\FSBL\Core\Src\main.c
2025-08-12 12:33:42,448 [INFO] CodeGenerator:1619 - *******************Project context Appli selected
2025-08-12 12:33:42,499 [INFO] CodeEngine:265 - oldGeneratedFile, C:\ST\AB_LSTM\AB_LSTM\MXTmpFiles\license.tmp_save
2025-08-12 12:33:42,599 [INFO] CodeEngine:289 - Generated code: C:\ST\AB_LSTM\AB_LSTM\MXTmpFiles\license.tmp
2025-08-12 12:33:42,614 [INFO] CodeEngine:265 - oldGeneratedFile, C:\ST\AB_LSTM\AB_LSTM\Appli\MXTmpFiles\gpio.tmp_save
2025-08-12 12:33:42,714 [INFO] CodeEngine:289 - Generated code: C:\ST\AB_LSTM\AB_LSTM\Appli\MXTmpFiles\gpio.tmp
2025-08-12 12:33:42,741 [WARN] IPConfigManager:103 - WARNING: Missing Config File for DEBUG ip!!
2025-08-12 12:33:42,765 [WARN] IPConfigManager:103 - WARNING: Missing Config File for NVIC ip!!
2025-08-12 12:33:42,798 [INFO] CodeEngine:265 - oldGeneratedFile, C:\ST\AB_LSTM\AB_LSTM\Appli\MXTmpFiles\cortex.tmp_save
2025-08-12 12:33:42,862 [INFO] CodeEngine:289 - Generated code: C:\ST\AB_LSTM\AB_LSTM\Appli\MXTmpFiles\cortex.tmp
2025-08-12 12:33:42,898 [INFO] CodeEngine:265 - oldGeneratedFile, C:\ST\AB_LSTM\AB_LSTM\Appli\Core\Src\stm32n6xx_it.c_save
2025-08-12 12:33:43,025 [INFO] CodeEngine:289 - Generated code: C:\ST\AB_LSTM\AB_LSTM\Appli\Core\Src\stm32n6xx_it.c
2025-08-12 12:33:43,030 [INFO] CodeEngine:265 - oldGeneratedFile, C:\ST\AB_LSTM\AB_LSTM\Appli\Core\Inc\stm32n6xx_it.h_save
2025-08-12 12:33:43,062 [INFO] CodeEngine:289 - Generated code: C:\ST\AB_LSTM\AB_LSTM\Appli\Core\Inc\stm32n6xx_it.h
2025-08-12 12:33:43,071 [INFO] CodeEngine:265 - oldGeneratedFile, C:\ST\AB_LSTM\AB_LSTM\Appli\MXTmpFiles\RIFInit.tmp_save
2025-08-12 12:33:43,199 [INFO] CodeEngine:289 - Generated code: C:\ST\AB_LSTM\AB_LSTM\Appli\MXTmpFiles\RIFInit.tmp
2025-08-12 12:33:43,245 [INFO] CodeEngine:265 - oldGeneratedFile, C:\ST\AB_LSTM\AB_LSTM\Appli\Core\Src\stm32n6xx_hal_msp.c_save
2025-08-12 12:33:43,422 [INFO] CodeEngine:289 - Generated code: C:\ST\AB_LSTM\AB_LSTM\Appli\Core\Src\stm32n6xx_hal_msp.c
2025-08-12 12:33:43,427 [INFO] CodeEngine:265 - oldGeneratedFile, C:\ST\AB_LSTM\AB_LSTM\Appli\MXTmpFiles\system.tmp_save
2025-08-12 12:33:43,461 [INFO] CodeEngine:289 - Generated code: C:\ST\AB_LSTM\AB_LSTM\Appli\MXTmpFiles\system.tmp
2025-08-12 12:33:43,471 [INFO] CodeEngine:321 - oldGeneratedFile, C:\ST\AB_LSTM\AB_LSTM\Appli\Core\Inc\stm32n6xx_hal_conf.h_save
2025-08-12 12:33:43,640 [INFO] CodeEngine:345 - Generated code: C:\ST\AB_LSTM\AB_LSTM\Appli\Core\Inc\stm32n6xx_hal_conf.h
2025-08-12 12:33:43,664 [WARN] IPConfigManager:3238 - Warning: the RefConfig RCC_ConfigVoltageScaling is not available in your config.xml file
2025-08-12 12:33:43,664 [WARN] IPConfigManager:3238 - Warning: the RefConfig RCC_RTC_HSEDIV is not available in your config.xml file
2025-08-12 12:33:43,678 [INFO] CodeEngine:265 - oldGeneratedFile, C:\ST\AB_LSTM\AB_LSTM\Appli\Core\Inc\main.h_save
2025-08-12 12:33:43,879 [INFO] CodeEngine:289 - Generated code: C:\ST\AB_LSTM\AB_LSTM\Appli\Core\Inc\main.h
2025-08-12 12:33:43,898 [INFO] CodeEngine:265 - oldGeneratedFile, C:\ST\AB_LSTM\AB_LSTM\Appli\Core\Src\main.c_save
2025-08-12 12:33:44,105 [INFO] CodeEngine:289 - Generated code: C:\ST\AB_LSTM\AB_LSTM\Appli\Core\Src\main.c
2025-08-12 12:33:44,140 [INFO] CodeEngine:265 - oldGeneratedFile, C:\ST\AB_LSTM\AB_LSTM\Appli\Core\Src\secure_nsc.c_save
2025-08-12 12:33:44,363 [INFO] CodeEngine:289 - Generated code: C:\ST\AB_LSTM\AB_LSTM\Appli\Core\Src\secure_nsc.c
2025-08-12 12:33:44,374 [INFO] CodeEngine:265 - oldGeneratedFile, C:\ST\AB_LSTM\AB_LSTM\Appli\Core\Inc\partition_stm32n657xx.h_save
2025-08-12 12:33:44,502 [INFO] CodeEngine:289 - Generated code: C:\ST\AB_LSTM\AB_LSTM\Appli\Core\Inc\partition_stm32n657xx.h
2025-08-12 12:33:44,510 [INFO] CodeEngine:265 - oldGeneratedFile, C:\ST\AB_LSTM\AB_LSTM\Secure_nsclib\secure_nsc.h_save
2025-08-12 12:33:44,599 [INFO] CodeEngine:289 - Generated code: C:\ST\AB_LSTM\AB_LSTM\Secure_nsclib\secure_nsc.h
2025-08-12 12:33:44,635 [INFO] CodeGenerator:1707 - *******************Project context ExtMemLoader Not selected
2025-08-12 12:33:45,250 [INFO] ProjectBuilder:3606 - Time for Copy HAL[1] : 466mS.
2025-08-12 12:33:45,260 [INFO] ProjectBuilder:5216 - Project Generator version: 4.7.0-B52
2025-08-12 12:33:45,338 [INFO] ConfigFileManager:1595 - The Die is : DIE486
2025-08-12 12:33:50,323 [INFO] ProjectBuilder:5056 - Time for Generating toolchain IDE Files: 5062mS.
2025-08-12 12:33:50,326 [INFO] ProjectBuilder:3463 - Time for Copy CMSIS : 2mS.
2025-08-12 12:33:50,330 [INFO] ProjectBuilder:3463 - Time for Copy CMSIS : 0mS.
2025-08-12 12:34:45,425 [WARN] ContextAllowed:149 - Switch context cannot be done in case of multiple context selected
2025-08-12 12:34:48,336 [INFO] UtilMem:75 - End SaveConfig() Used Memory: 565366784 Bytes (1073741824)
2025-08-12 12:34:49,579 [INFO] UtilMem:75 - End SaveConfig() Used Memory: 597346304 Bytes (1073741824)
2025-08-12 12:34:51,760 [INFO] UtilMem:75 - End SaveConfig() Used Memory: 938752544 Bytes (1073741824)
2025-08-12 12:34:52,170 [WARN] IP:2250 - pwrPrivilege not found: check if there is a RefParameter without a condition.
2025-08-12 12:34:52,431 [INFO] BlockDiagram:2775 - set Specific Code input for plugin: EXTMEM_MANAGER
2025-08-12 12:34:52,431 [INFO] BlockDiagram:2775 - set Specific Code input for plugin: PWR
2025-08-12 12:34:52,431 [INFO] BlockDiagram:2775 - set Specific Code input for plugin: CORTEX_M55_S
2025-08-12 12:34:52,431 [INFO] BlockDiagram:2775 - set Specific Code input for plugin: RCC
2025-08-12 12:34:52,431 [INFO] BlockDiagram:2775 - set Specific Code input for plugin: CORTEX_M55_FSBL
2025-08-12 12:34:52,431 [INFO] BlockDiagram:2775 - set Specific Code input for plugin: XSPIM
2025-08-12 12:34:52,431 [INFO] BlockDiagram:2775 - set Specific Code input for plugin: XSPI
2025-08-12 12:34:52,431 [INFO] BlockDiagram:2775 - set Specific Code input for plugin: LPUART
2025-08-12 12:34:52,431 [INFO] BlockDiagram:2775 - set Specific Code input for plugin: NVIC
2025-08-12 12:34:52,431 [INFO] BlockDiagram:2775 - set Specific Code input for plugin: HDP
2025-08-12 12:34:52,431 [INFO] BlockDiagram:2775 - set Specific Code input for plugin: ICACHE
2025-08-12 12:34:52,432 [INFO] BlockDiagram:2775 - set Specific Code input for plugin: DEBUG
2025-08-12 12:34:52,432 [INFO] BlockDiagram:2775 - set Specific Code input for plugin: GPIO
2025-08-12 12:34:52,432 [INFO] BlockDiagram:2775 - set Specific Code input for plugin: RIF
2025-08-12 12:34:52,432 [INFO] BlockDiagram:2775 - set Specific Code input for plugin: SYS_S
2025-08-12 12:34:52,432 [INFO] BlockDiagram:2775 - set Specific Code input for plugin: NVIC1
2025-08-12 12:34:52,433 [INFO] CodeGenerator:892 - code generatio: config db path: C:\ST\STM32CubeIDE_1.19.0\STM32CubeIDE\plugins\com.st.stm32cube.common.mx_6.15.0.202507011659\\db\
2025-08-12 12:34:52,436 [WARN] IP:2250 - DeviceAttribute0 not found: check if there is a RefParameter without a condition.
2025-08-12 12:34:52,437 [WARN] IP:2250 - Memorytype1 not found: check if there is a RefParameter without a condition.
2025-08-12 12:34:52,437 [WARN] IP:2250 - DeviceAttribute1 not found: check if there is a RefParameter without a condition.
2025-08-12 12:34:52,437 [WARN] IP:2250 - LL_DeviceAttribute21 not found: check if there is a RefParameter without a condition.
2025-08-12 12:34:52,437 [WARN] IP:2250 - Memorytype2 not found: check if there is a RefParameter without a condition.
2025-08-12 12:34:52,437 [WARN] IP:2250 - DeviceAttribute2 not found: check if there is a RefParameter without a condition.
2025-08-12 12:34:52,437 [WARN] IP:2250 - LL_DeviceAttribute22 not found: check if there is a RefParameter without a condition.
2025-08-12 12:34:52,437 [WARN] IP:2250 - Memorytype3 not found: check if there is a RefParameter without a condition.
2025-08-12 12:34:52,437 [WARN] IP:2250 - DeviceAttribute3 not found: check if there is a RefParameter without a condition.
2025-08-12 12:34:52,437 [WARN] IP:2250 - LL_DeviceAttribute23 not found: check if there is a RefParameter without a condition.
2025-08-12 12:34:52,437 [WARN] IP:2250 - Memorytype4 not found: check if there is a RefParameter without a condition.
2025-08-12 12:34:52,437 [WARN] IP:2250 - DeviceAttribute4 not found: check if there is a RefParameter without a condition.
2025-08-12 12:34:52,437 [WARN] IP:2250 - LL_DeviceAttribute24 not found: check if there is a RefParameter without a condition.
2025-08-12 12:34:52,437 [WARN] IP:2250 - Memorytype5 not found: check if there is a RefParameter without a condition.
2025-08-12 12:34:52,438 [WARN] IP:2250 - DeviceAttribute5 not found: check if there is a RefParameter without a condition.
2025-08-12 12:34:52,438 [WARN] IP:2250 - LL_DeviceAttribute25 not found: check if there is a RefParameter without a condition.
2025-08-12 12:34:52,438 [WARN] IP:2250 - Memorytype6 not found: check if there is a RefParameter without a condition.
2025-08-12 12:34:52,438 [WARN] IP:2250 - DeviceAttribute6 not found: check if there is a RefParameter without a condition.
2025-08-12 12:34:52,438 [WARN] IP:2250 - LL_DeviceAttribute26 not found: check if there is a RefParameter without a condition.
2025-08-12 12:34:52,438 [WARN] IP:2250 - Memorytype7 not found: check if there is a RefParameter without a condition.
2025-08-12 12:34:52,438 [WARN] IP:2250 - DeviceAttribute7 not found: check if there is a RefParameter without a condition.
2025-08-12 12:34:52,438 [WARN] IP:2250 - LL_DeviceAttribute27 not found: check if there is a RefParameter without a condition.
2025-08-12 12:34:52,442 [WARN] IP:2250 - Memorytype0 not found: check if there is a RefParameter without a condition.
2025-08-12 12:34:52,443 [WARN] IP:2250 - LL_DeviceAttribute20 not found: check if there is a RefParameter without a condition.
2025-08-12 12:34:52,443 [WARN] IP:2250 - DeviceAttribute0 not found: check if there is a RefParameter without a condition.
2025-08-12 12:34:52,443 [WARN] IP:2250 - DeviceAttribute20 not found: check if there is a RefParameter without a condition.
2025-08-12 12:34:52,443 [WARN] IP:2250 - DeviceAttribute1 not found: check if there is a RefParameter without a condition.
2025-08-12 12:34:52,443 [WARN] IP:2250 - Memorytype2 not found: check if there is a RefParameter without a condition.
2025-08-12 12:34:52,443 [WARN] IP:2250 - LL_DeviceAttribute22 not found: check if there is a RefParameter without a condition.
2025-08-12 12:34:52,443 [WARN] IP:2250 - DeviceAttribute2 not found: check if there is a RefParameter without a condition.
2025-08-12 12:34:52,444 [WARN] IP:2250 - Memorytype3 not found: check if there is a RefParameter without a condition.
2025-08-12 12:34:52,444 [WARN] IP:2250 - LL_DeviceAttribute23 not found: check if there is a RefParameter without a condition.
2025-08-12 12:34:52,444 [WARN] IP:2250 - DeviceAttribute3 not found: check if there is a RefParameter without a condition.
2025-08-12 12:34:52,444 [WARN] IP:2250 - Memorytype4 not found: check if there is a RefParameter without a condition.
2025-08-12 12:34:52,444 [WARN] IP:2250 - LL_DeviceAttribute24 not found: check if there is a RefParameter without a condition.
2025-08-12 12:34:52,444 [WARN] IP:2250 - DeviceAttribute4 not found: check if there is a RefParameter without a condition.
2025-08-12 12:34:52,444 [WARN] IP:2250 - Memorytype5 not found: check if there is a RefParameter without a condition.
2025-08-12 12:34:52,444 [WARN] IP:2250 - LL_DeviceAttribute25 not found: check if there is a RefParameter without a condition.
2025-08-12 12:34:52,444 [WARN] IP:2250 - DeviceAttribute5 not found: check if there is a RefParameter without a condition.
2025-08-12 12:34:52,444 [WARN] IP:2250 - Memorytype6 not found: check if there is a RefParameter without a condition.
2025-08-12 12:34:52,444 [WARN] IP:2250 - LL_DeviceAttribute26 not found: check if there is a RefParameter without a condition.
2025-08-12 12:34:52,444 [WARN] IP:2250 - DeviceAttribute6 not found: check if there is a RefParameter without a condition.
2025-08-12 12:34:52,444 [WARN] IP:2250 - Memorytype7 not found: check if there is a RefParameter without a condition.
2025-08-12 12:34:52,444 [WARN] IP:2250 - LL_DeviceAttribute27 not found: check if there is a RefParameter without a condition.
2025-08-12 12:34:52,444 [WARN] IP:2250 - DeviceAttribute7 not found: check if there is a RefParameter without a condition.
2025-08-12 12:34:52,451 [WARN] IP:2250 - RefParam_LRUN_SRC_memory not found: check if there is a RefParameter without a condition.
2025-08-12 12:34:52,451 [WARN] IP:2250 - RefParam_LRUN_SRC_offset not found: check if there is a RefParameter without a condition.
2025-08-12 12:34:52,451 [WARN] IP:2250 - RefParam_LRUN_SRC_size not found: check if there is a RefParameter without a condition.
2025-08-12 12:34:52,451 [WARN] IP:2250 - RefParam_LRUN_DEST_memory not found: check if there is a RefParameter without a condition.
2025-08-12 12:34:52,451 [WARN] IP:2250 - RefParam_LRUN_DEST_offset not found: check if there is a RefParameter without a condition.
2025-08-12 12:34:52,451 [WARN] IP:2250 - RefParam_MEMORY_1_Size not found: check if there is a RefParameter without a condition.
2025-08-12 12:34:52,451 [WARN] IP:2250 - RefParam_MEMORY_1_FreqMax not found: check if there is a RefParameter without a condition.
2025-08-12 12:34:52,451 [WARN] IP:2250 - RefParam_MEMORY_1_ReadReg not found: check if there is a RefParameter without a condition.
2025-08-12 12:34:52,451 [WARN] IP:2250 - RefParam_MEMORY_1_WriteReg not found: check if there is a RefParameter without a condition.
2025-08-12 12:34:52,451 [WARN] IP:2250 - RefParam_MEMORY_1_RegSize not found: check if there is a RefParameter without a condition.
2025-08-12 12:34:52,452 [WARN] IP:2250 - RefParam_MEMORY_1_RegDummyCycle not found: check if there is a RefParameter without a condition.
2025-08-12 12:34:52,452 [WARN] IP:2250 - RefParam_MEMORY_1_WriteCommand not found: check if there is a RefParameter without a condition.
2025-08-12 12:34:52,452 [WARN] IP:2250 - RefParam_MEMORY_1_WriteDummyCycle not found: check if there is a RefParameter without a condition.
2025-08-12 12:34:52,452 [WARN] IP:2250 - RefParam_MEMORY_1_ReadCommand not found: check if there is a RefParameter without a condition.
2025-08-12 12:34:52,452 [WARN] IP:2250 - RefParam_MEMORY_1_WrapReadCommand not found: check if there is a RefParameter without a condition.
2025-08-12 12:34:52,452 [WARN] IP:2250 - RefParam_MEMORY_1_ReadDummyCycle not found: check if there is a RefParameter without a condition.
2025-08-12 12:34:52,452 [WARN] IP:2250 - RefParam_MEMORY_1_NumberOfConfig not found: check if there is a RefParameter without a condition.
2025-08-12 12:34:52,452 [WARN] IP:2250 - RefParam_MEMORY_1_Config1_WriteMask not found: check if there is a RefParameter without a condition.
2025-08-12 12:34:52,452 [WARN] IP:2250 - RefParam_MEMORY_1_Config1_WriteValue not found: check if there is a RefParameter without a condition.
2025-08-12 12:34:52,452 [WARN] IP:2250 - RefParam_MEMORY_1_Config1_RegAddress not found: check if there is a RefParameter without a condition.
2025-08-12 12:34:52,452 [WARN] IP:2250 - RefParam_MEMORY_1_Config2_WriteMask not found: check if there is a RefParameter without a condition.
2025-08-12 12:34:52,452 [WARN] IP:2250 - RefParam_MEMORY_1_Config2_WriteValue not found: check if there is a RefParameter without a condition.
2025-08-12 12:34:52,452 [WARN] IP:2250 - RefParam_MEMORY_1_Config2_RegAddress not found: check if there is a RefParameter without a condition.
2025-08-12 12:34:52,452 [WARN] IP:2250 - RefParam_MEMORY_1_Config3_WriteMask not found: check if there is a RefParameter without a condition.
2025-08-12 12:34:52,452 [WARN] IP:2250 - RefParam_MEMORY_1_Config3_WriteValue not found: check if there is a RefParameter without a condition.
2025-08-12 12:34:52,452 [WARN] IP:2250 - RefParam_MEMORY_1_Config3_RegAddress not found: check if there is a RefParameter without a condition.
2025-08-12 12:34:52,452 [WARN] IP:2250 - RefParam_MEMORY_2_Instance not found: check if there is a RefParameter without a condition.
2025-08-12 12:34:52,452 [WARN] IP:2250 - RefParam_MEMORY_2_ConfigType not found: check if there is a RefParameter without a condition.
2025-08-12 12:34:52,452 [WARN] IP:2250 - RefParam_MEMORY_2_Size not found: check if there is a RefParameter without a condition.
2025-08-12 12:34:52,452 [WARN] IP:2250 - RefParam_MEMORY_2_FreqMax not found: check if there is a RefParameter without a condition.
2025-08-12 12:34:52,453 [WARN] IP:2250 - RefParam_MEMORY_2_ReadReg not found: check if there is a RefParameter without a condition.
2025-08-12 12:34:52,453 [WARN] IP:2250 - RefParam_MEMORY_2_WriteReg not found: check if there is a RefParameter without a condition.
2025-08-12 12:34:52,453 [WARN] IP:2250 - RefParam_MEMORY_2_RegSize not found: check if there is a RefParameter without a condition.
2025-08-12 12:34:52,453 [WARN] IP:2250 - RefParam_MEMORY_2_RegDummyCycle not found: check if there is a RefParameter without a condition.
2025-08-12 12:34:52,453 [WARN] IP:2250 - RefParam_MEMORY_2_WriteCommand not found: check if there is a RefParameter without a condition.
2025-08-12 12:34:52,453 [WARN] IP:2250 - RefParam_MEMORY_2_WriteDummyCycle not found: check if there is a RefParameter without a condition.
2025-08-12 12:34:52,453 [WARN] IP:2250 - RefParam_MEMORY_2_ReadCommand not found: check if there is a RefParameter without a condition.
2025-08-12 12:34:52,453 [WARN] IP:2250 - RefParam_MEMORY_2_WrapReadCommand not found: check if there is a RefParameter without a condition.
2025-08-12 12:34:52,453 [WARN] IP:2250 - RefParam_MEMORY_2_ReadDummyCycle not found: check if there is a RefParameter without a condition.
2025-08-12 12:34:52,453 [WARN] IP:2250 - RefParam_MEMORY_2_NumberOfConfig not found: check if there is a RefParameter without a condition.
2025-08-12 12:34:52,453 [WARN] IP:2250 - RefParam_MEMORY_2_Config1_WriteMask not found: check if there is a RefParameter without a condition.
2025-08-12 12:34:52,453 [WARN] IP:2250 - RefParam_MEMORY_2_Config1_WriteValue not found: check if there is a RefParameter without a condition.
2025-08-12 12:34:52,453 [WARN] IP:2250 - RefParam_MEMORY_2_Config1_RegAddress not found: check if there is a RefParameter without a condition.
2025-08-12 12:34:52,453 [WARN] IP:2250 - RefParam_MEMORY_2_Config2_WriteMask not found: check if there is a RefParameter without a condition.
2025-08-12 12:34:52,453 [WARN] IP:2250 - RefParam_MEMORY_2_Config2_WriteValue not found: check if there is a RefParameter without a condition.
2025-08-12 12:34:52,453 [WARN] IP:2250 - RefParam_MEMORY_2_Config2_RegAddress not found: check if there is a RefParameter without a condition.
2025-08-12 12:34:52,453 [WARN] IP:2250 - RefParam_MEMORY_2_Config3_WriteMask not found: check if there is a RefParameter without a condition.
2025-08-12 12:34:52,453 [WARN] IP:2250 - RefParam_MEMORY_2_Config3_WriteValue not found: check if there is a RefParameter without a condition.
2025-08-12 12:34:52,453 [WARN] IP:2250 - RefParam_MEMORY_2_Config3_RegAddress not found: check if there is a RefParameter without a condition.
2025-08-12 12:34:52,470 [WARN] IP:2250 - pwrPrivilege not found: check if there is a RefParameter without a condition.
2025-08-12 12:34:52,563 [INFO] Middleware:1452 - No code input for Bsp Dependency
2025-08-12 12:34:52,566 [INFO] Middleware:1452 - No code input for Bsp Dependency
2025-08-12 12:34:52,569 [INFO] Middleware:1452 - No code input for Bsp Dependency
2025-08-12 12:34:52,571 [INFO] Middleware:1452 - No code input for Bsp Dependency
2025-08-12 12:34:52,573 [INFO] Middleware:1452 - No code input for Bsp Dependency
2025-08-12 12:34:52,575 [INFO] Middleware:1452 - No code input for Bsp Dependency
2025-08-12 12:34:52,576 [INFO] CodeGenerator:1619 - *******************Project context FSBL selected
2025-08-12 12:34:52,655 [INFO] CodeEngine:265 - oldGeneratedFile, C:\ST\AB_LSTM\AB_LSTM\MXTmpFiles\license.tmp_save
2025-08-12 12:34:52,868 [INFO] CodeEngine:289 - Generated code: C:\ST\AB_LSTM\AB_LSTM\MXTmpFiles\license.tmp
2025-08-12 12:34:52,918 [INFO] CodeEngine:265 - oldGeneratedFile, C:\ST\AB_LSTM\AB_LSTM\FSBL\MXTmpFiles\gpio.tmp_save
2025-08-12 12:34:53,055 [INFO] CodeEngine:289 - Generated code: C:\ST\AB_LSTM\AB_LSTM\FSBL\MXTmpFiles\gpio.tmp
2025-08-12 12:34:53,093 [WARN] IPConfigManager:103 - WARNING: Missing Config File for DEBUG ip!!
2025-08-12 12:34:53,174 [WARN] IPConfigManager:103 - WARNING: Missing Config File for HDP ip!!
2025-08-12 12:34:53,369 [WARN] IPConfigManager:103 - WARNING: Missing Config File for XSPIM ip!!
2025-08-12 12:34:53,424 [INFO] Middleware:1452 - No code input for Bsp Dependency
2025-08-12 12:34:53,431 [INFO] CodeEngine:265 - oldGeneratedFile, C:\ST\AB_LSTM\AB_LSTM\FSBL\MXTmpFiles\boot_code.tmp_save
2025-08-12 12:34:53,523 [INFO] CodeEngine:289 - Generated code: C:\ST\AB_LSTM\AB_LSTM\FSBL\MXTmpFiles\boot_code.tmp
2025-08-12 12:34:53,533 [INFO] CodeEngine:265 - oldGeneratedFile, C:\ST\AB_LSTM\AB_LSTM\FSBL\MXTmpFiles\cortex.tmp_save
2025-08-12 12:34:53,614 [INFO] CodeEngine:289 - Generated code: C:\ST\AB_LSTM\AB_LSTM\FSBL\MXTmpFiles\cortex.tmp
2025-08-12 12:34:53,620 [INFO] Middleware:1452 - No code input for Bsp Dependency
2025-08-12 12:34:53,631 [INFO] CodeEngine:265 - oldGeneratedFile, C:\ST\AB_LSTM\AB_LSTM\FSBL\Core\Inc\extmem_manager.h_save
2025-08-12 12:34:53,715 [INFO] CodeEngine:289 - Generated code: C:\ST\AB_LSTM\AB_LSTM\FSBL\Core\Inc\extmem_manager.h
2025-08-12 12:34:53,724 [INFO] CodeEngine:265 - oldGeneratedFile, C:\ST\AB_LSTM\AB_LSTM\FSBL\Core\Src\extmem_manager.c_save
2025-08-12 12:34:53,806 [INFO] CodeEngine:289 - Generated code: C:\ST\AB_LSTM\AB_LSTM\FSBL\Core\Src\extmem_manager.c
2025-08-12 12:34:53,813 [INFO] CodeEngine:265 - oldGeneratedFile, C:\ST\AB_LSTM\AB_LSTM\FSBL\Core\Inc\stm32_extmem_conf.h_save
2025-08-12 12:34:53,884 [INFO] CodeEngine:289 - Generated code: C:\ST\AB_LSTM\AB_LSTM\FSBL\Core\Inc\stm32_extmem_conf.h
2025-08-12 12:34:53,891 [INFO] CodeEngine:265 - oldGeneratedFile, C:\ST\AB_LSTM\AB_LSTM\FSBL\MXTmpFiles\boot_code.tmp_save
2025-08-12 12:34:53,926 [INFO] CodeEngine:289 - Generated code: C:\ST\AB_LSTM\AB_LSTM\FSBL\MXTmpFiles\boot_code.tmp
2025-08-12 12:34:53,963 [INFO] CodeEngine:265 - oldGeneratedFile, C:\ST\AB_LSTM\AB_LSTM\FSBL\Core\Src\stm32n6xx_it.c_save
2025-08-12 12:34:54,048 [INFO] CodeEngine:289 - Generated code: C:\ST\AB_LSTM\AB_LSTM\FSBL\Core\Src\stm32n6xx_it.c
2025-08-12 12:34:54,056 [INFO] CodeEngine:265 - oldGeneratedFile, C:\ST\AB_LSTM\AB_LSTM\FSBL\Core\Inc\stm32n6xx_it.h_save
2025-08-12 12:34:54,097 [INFO] CodeEngine:289 - Generated code: C:\ST\AB_LSTM\AB_LSTM\FSBL\Core\Inc\stm32n6xx_it.h
2025-08-12 12:34:54,149 [INFO] CodeEngine:265 - oldGeneratedFile, C:\ST\AB_LSTM\AB_LSTM\FSBL\Core\Src\stm32n6xx_hal_msp.c_save
2025-08-12 12:34:54,315 [INFO] CodeEngine:289 - Generated code: C:\ST\AB_LSTM\AB_LSTM\FSBL\Core\Src\stm32n6xx_hal_msp.c
2025-08-12 12:34:54,329 [INFO] CodeEngine:265 - oldGeneratedFile, C:\ST\AB_LSTM\AB_LSTM\FSBL\MXTmpFiles\system.tmp_save
2025-08-12 12:34:54,382 [INFO] CodeEngine:289 - Generated code: C:\ST\AB_LSTM\AB_LSTM\FSBL\MXTmpFiles\system.tmp
2025-08-12 12:34:54,399 [INFO] CodeEngine:321 - oldGeneratedFile, C:\ST\AB_LSTM\AB_LSTM\FSBL\Core\Inc\stm32n6xx_hal_conf.h_save
2025-08-12 12:34:54,587 [INFO] CodeEngine:345 - Generated code: C:\ST\AB_LSTM\AB_LSTM\FSBL\Core\Inc\stm32n6xx_hal_conf.h
2025-08-12 12:34:54,613 [WARN] IPConfigManager:3238 - Warning: the RefConfig RCC_ConfigVoltageScaling is not available in your config.xml file
2025-08-12 12:34:54,618 [WARN] IPConfigManager:3238 - Warning: the RefConfig RCC_RTC_HSEDIV is not available in your config.xml file
2025-08-12 12:34:54,623 [ERROR] ApiDbMcu:560 - Cannot parse HDP_Config file : file do not exist
2025-08-12 12:34:54,624 [ERROR] ApiDbMcu:560 - Cannot parse XSPIM_Config file : file do not exist
2025-08-12 12:34:54,637 [INFO] CodeEngine:265 - oldGeneratedFile, C:\ST\AB_LSTM\AB_LSTM\FSBL\Core\Inc\main.h_save
2025-08-12 12:34:54,765 [INFO] CodeEngine:289 - Generated code: C:\ST\AB_LSTM\AB_LSTM\FSBL\Core\Inc\main.h
2025-08-12 12:34:54,770 [INFO] CodeEngine:265 - oldGeneratedFile, C:\ST\AB_LSTM\AB_LSTM\FSBL\Core\Src\main.c_save
2025-08-12 12:34:54,939 [INFO] CodeEngine:289 - Generated code: C:\ST\AB_LSTM\AB_LSTM\FSBL\Core\Src\main.c
2025-08-12 12:34:55,004 [INFO] CodeGenerator:1619 - *******************Project context Appli selected
2025-08-12 12:34:55,060 [INFO] CodeEngine:265 - oldGeneratedFile, C:\ST\AB_LSTM\AB_LSTM\MXTmpFiles\license.tmp_save
2025-08-12 12:34:55,166 [INFO] CodeEngine:289 - Generated code: C:\ST\AB_LSTM\AB_LSTM\MXTmpFiles\license.tmp
2025-08-12 12:34:55,183 [INFO] CodeEngine:265 - oldGeneratedFile, C:\ST\AB_LSTM\AB_LSTM\Appli\MXTmpFiles\gpio.tmp_save
2025-08-12 12:34:55,287 [INFO] CodeEngine:289 - Generated code: C:\ST\AB_LSTM\AB_LSTM\Appli\MXTmpFiles\gpio.tmp
2025-08-12 12:34:55,301 [WARN] IPConfigManager:103 - WARNING: Missing Config File for DEBUG ip!!
2025-08-12 12:34:55,323 [WARN] IPConfigManager:103 - WARNING: Missing Config File for NVIC ip!!
2025-08-12 12:34:55,355 [INFO] CodeEngine:265 - oldGeneratedFile, C:\ST\AB_LSTM\AB_LSTM\Appli\MXTmpFiles\cortex.tmp_save
2025-08-12 12:34:55,444 [INFO] CodeEngine:289 - Generated code: C:\ST\AB_LSTM\AB_LSTM\Appli\MXTmpFiles\cortex.tmp
2025-08-12 12:34:55,468 [INFO] CodeEngine:265 - oldGeneratedFile, C:\ST\AB_LSTM\AB_LSTM\Appli\Core\Src\stm32n6xx_it.c_save
2025-08-12 12:34:55,589 [INFO] CodeEngine:289 - Generated code: C:\ST\AB_LSTM\AB_LSTM\Appli\Core\Src\stm32n6xx_it.c
2025-08-12 12:34:55,596 [INFO] CodeEngine:265 - oldGeneratedFile, C:\ST\AB_LSTM\AB_LSTM\Appli\Core\Inc\stm32n6xx_it.h_save
2025-08-12 12:34:55,629 [INFO] CodeEngine:289 - Generated code: C:\ST\AB_LSTM\AB_LSTM\Appli\Core\Inc\stm32n6xx_it.h
2025-08-12 12:34:55,638 [INFO] CodeEngine:265 - oldGeneratedFile, C:\ST\AB_LSTM\AB_LSTM\Appli\MXTmpFiles\RIFInit.tmp_save
2025-08-12 12:34:55,753 [INFO] CodeEngine:289 - Generated code: C:\ST\AB_LSTM\AB_LSTM\Appli\MXTmpFiles\RIFInit.tmp
2025-08-12 12:34:55,781 [INFO] CodeEngine:265 - oldGeneratedFile, C:\ST\AB_LSTM\AB_LSTM\Appli\Core\Src\stm32n6xx_hal_msp.c_save
2025-08-12 12:34:55,911 [INFO] CodeEngine:289 - Generated code: C:\ST\AB_LSTM\AB_LSTM\Appli\Core\Src\stm32n6xx_hal_msp.c
2025-08-12 12:34:55,915 [INFO] CodeEngine:265 - oldGeneratedFile, C:\ST\AB_LSTM\AB_LSTM\Appli\MXTmpFiles\system.tmp_save
2025-08-12 12:34:55,944 [INFO] CodeEngine:289 - Generated code: C:\ST\AB_LSTM\AB_LSTM\Appli\MXTmpFiles\system.tmp
2025-08-12 12:34:55,954 [INFO] CodeEngine:321 - oldGeneratedFile, C:\ST\AB_LSTM\AB_LSTM\Appli\Core\Inc\stm32n6xx_hal_conf.h_save
2025-08-12 12:34:56,126 [INFO] CodeEngine:345 - Generated code: C:\ST\AB_LSTM\AB_LSTM\Appli\Core\Inc\stm32n6xx_hal_conf.h
2025-08-12 12:34:56,149 [WARN] IPConfigManager:3238 - Warning: the RefConfig RCC_ConfigVoltageScaling is not available in your config.xml file
2025-08-12 12:34:56,150 [WARN] IPConfigManager:3238 - Warning: the RefConfig RCC_RTC_HSEDIV is not available in your config.xml file
2025-08-12 12:34:56,164 [INFO] CodeEngine:265 - oldGeneratedFile, C:\ST\AB_LSTM\AB_LSTM\Appli\Core\Inc\main.h_save
2025-08-12 12:34:56,273 [INFO] CodeEngine:289 - Generated code: C:\ST\AB_LSTM\AB_LSTM\Appli\Core\Inc\main.h
2025-08-12 12:34:56,279 [INFO] CodeEngine:265 - oldGeneratedFile, C:\ST\AB_LSTM\AB_LSTM\Appli\Core\Src\main.c_save
2025-08-12 12:34:56,399 [INFO] CodeEngine:289 - Generated code: C:\ST\AB_LSTM\AB_LSTM\Appli\Core\Src\main.c
2025-08-12 12:34:56,425 [INFO] CodeEngine:265 - oldGeneratedFile, C:\ST\AB_LSTM\AB_LSTM\Appli\Core\Src\secure_nsc.c_save
2025-08-12 12:34:56,505 [INFO] CodeEngine:289 - Generated code: C:\ST\AB_LSTM\AB_LSTM\Appli\Core\Src\secure_nsc.c
2025-08-12 12:34:56,511 [INFO] CodeEngine:265 - oldGeneratedFile, C:\ST\AB_LSTM\AB_LSTM\Appli\Core\Inc\partition_stm32n657xx.h_save
2025-08-12 12:34:56,615 [INFO] CodeEngine:289 - Generated code: C:\ST\AB_LSTM\AB_LSTM\Appli\Core\Inc\partition_stm32n657xx.h
2025-08-12 12:34:56,624 [INFO] CodeEngine:265 - oldGeneratedFile, C:\ST\AB_LSTM\AB_LSTM\Secure_nsclib\secure_nsc.h_save
2025-08-12 12:34:56,657 [INFO] CodeEngine:289 - Generated code: C:\ST\AB_LSTM\AB_LSTM\Secure_nsclib\secure_nsc.h
2025-08-12 12:34:56,681 [INFO] CodeGenerator:1707 - *******************Project context ExtMemLoader Not selected
2025-08-12 12:34:57,167 [INFO] ProjectBuilder:3606 - Time for Copy HAL[1] : 393mS.
2025-08-12 12:34:57,181 [INFO] ProjectBuilder:5216 - Project Generator version: 4.7.0-B52
2025-08-12 12:34:57,242 [INFO] ConfigFileManager:1595 - The Die is : DIE486
2025-08-12 12:35:01,933 [INFO] ProjectBuilder:5056 - Time for Generating toolchain IDE Files: 4752mS.
2025-08-12 12:35:01,935 [INFO] ProjectBuilder:3463 - Time for Copy CMSIS : 2mS.
2025-08-12 12:35:01,939 [INFO] ProjectBuilder:3463 - Time for Copy CMSIS : 0mS.
2025-08-12 12:37:00,033 [INFO] NvicIntPanel:101 - NVIC parent = com.st.microxplorer.plugins.ip.nvic.MultiNvicIntPanel[,0,0,450x208,layout=javax.swing.BoxLayout,alignmentX=0.0,alignmentY=0.0,border=,flags=9,maximumSize=,minimumSize=,preferredSize=]
2025-08-12 12:37:00,038 [INFO] NvicIntPanel:101 - NVIC parent = com.st.microxplorer.plugins.ip.nvic.MultiNvicIntPanel[,0,0,450x208,invalid,layout=javax.swing.BoxLayout,alignmentX=0.0,alignmentY=0.0,border=,flags=9,maximumSize=,minimumSize=,preferredSize=]
2025-08-12 12:40:36,068 [WARN] IP:2250 - RefParam_LRUN_SRC_memory not found: check if there is a RefParameter without a condition.
2025-08-12 12:40:36,068 [WARN] IP:2250 - RefParam_LRUN_SRC_offset not found: check if there is a RefParameter without a condition.
2025-08-12 12:40:36,069 [WARN] IP:2250 - RefParam_LRUN_SRC_size not found: check if there is a RefParameter without a condition.
2025-08-12 12:40:36,069 [WARN] IP:2250 - RefParam_LRUN_DEST_memory not found: check if there is a RefParameter without a condition.
2025-08-12 12:40:36,069 [WARN] IP:2250 - RefParam_LRUN_DEST_offset not found: check if there is a RefParameter without a condition.
2025-08-12 12:40:36,069 [WARN] IP:2250 - RefParam_MEMORY_1_Size not found: check if there is a RefParameter without a condition.
2025-08-12 12:40:36,069 [WARN] IP:2250 - RefParam_MEMORY_1_FreqMax not found: check if there is a RefParameter without a condition.
2025-08-12 12:40:36,069 [WARN] IP:2250 - RefParam_MEMORY_1_ReadReg not found: check if there is a RefParameter without a condition.
2025-08-12 12:40:36,069 [WARN] IP:2250 - RefParam_MEMORY_1_WriteReg not found: check if there is a RefParameter without a condition.
2025-08-12 12:40:36,069 [WARN] IP:2250 - RefParam_MEMORY_1_RegSize not found: check if there is a RefParameter without a condition.
2025-08-12 12:40:36,069 [WARN] IP:2250 - RefParam_MEMORY_1_RegDummyCycle not found: check if there is a RefParameter without a condition.
2025-08-12 12:40:36,069 [WARN] IP:2250 - RefParam_MEMORY_1_WriteCommand not found: check if there is a RefParameter without a condition.
2025-08-12 12:40:36,069 [WARN] IP:2250 - RefParam_MEMORY_1_WriteDummyCycle not found: check if there is a RefParameter without a condition.
2025-08-12 12:40:36,069 [WARN] IP:2250 - RefParam_MEMORY_1_ReadCommand not found: check if there is a RefParameter without a condition.
2025-08-12 12:40:36,069 [WARN] IP:2250 - RefParam_MEMORY_1_WrapReadCommand not found: check if there is a RefParameter without a condition.
2025-08-12 12:40:36,069 [WARN] IP:2250 - RefParam_MEMORY_1_ReadDummyCycle not found: check if there is a RefParameter without a condition.
2025-08-12 12:40:36,069 [WARN] IP:2250 - RefParam_MEMORY_1_NumberOfConfig not found: check if there is a RefParameter without a condition.
2025-08-12 12:40:36,069 [WARN] IP:2250 - RefParam_MEMORY_1_Config1_WriteMask not found: check if there is a RefParameter without a condition.
2025-08-12 12:40:36,069 [WARN] IP:2250 - RefParam_MEMORY_1_Config1_WriteValue not found: check if there is a RefParameter without a condition.
2025-08-12 12:40:36,069 [WARN] IP:2250 - RefParam_MEMORY_1_Config1_RegAddress not found: check if there is a RefParameter without a condition.
2025-08-12 12:40:36,069 [WARN] IP:2250 - RefParam_MEMORY_1_Config2_WriteMask not found: check if there is a RefParameter without a condition.
2025-08-12 12:40:36,069 [WARN] IP:2250 - RefParam_MEMORY_1_Config2_WriteValue not found: check if there is a RefParameter without a condition.
2025-08-12 12:40:36,069 [WARN] IP:2250 - RefParam_MEMORY_1_Config2_RegAddress not found: check if there is a RefParameter without a condition.
2025-08-12 12:40:36,069 [WARN] IP:2250 - RefParam_MEMORY_1_Config3_WriteMask not found: check if there is a RefParameter without a condition.
2025-08-12 12:40:36,069 [WARN] IP:2250 - RefParam_MEMORY_1_Config3_WriteValue not found: check if there is a RefParameter without a condition.
2025-08-12 12:40:36,069 [WARN] IP:2250 - RefParam_MEMORY_1_Config3_RegAddress not found: check if there is a RefParameter without a condition.
2025-08-12 12:40:36,069 [WARN] IP:2250 - RefParam_MEMORY_2_Instance not found: check if there is a RefParameter without a condition.
2025-08-12 12:40:36,069 [WARN] IP:2250 - RefParam_MEMORY_2_ConfigType not found: check if there is a RefParameter without a condition.
2025-08-12 12:40:36,069 [WARN] IP:2250 - RefParam_MEMORY_2_Size not found: check if there is a RefParameter without a condition.
2025-08-12 12:40:36,069 [WARN] IP:2250 - RefParam_MEMORY_2_FreqMax not found: check if there is a RefParameter without a condition.
2025-08-12 12:40:36,069 [WARN] IP:2250 - RefParam_MEMORY_2_ReadReg not found: check if there is a RefParameter without a condition.
2025-08-12 12:40:36,069 [WARN] IP:2250 - RefParam_MEMORY_2_WriteReg not found: check if there is a RefParameter without a condition.
2025-08-12 12:40:36,069 [WARN] IP:2250 - RefParam_MEMORY_2_RegSize not found: check if there is a RefParameter without a condition.
2025-08-12 12:40:36,069 [WARN] IP:2250 - RefParam_MEMORY_2_RegDummyCycle not found: check if there is a RefParameter without a condition.
2025-08-12 12:40:36,069 [WARN] IP:2250 - RefParam_MEMORY_2_WriteCommand not found: check if there is a RefParameter without a condition.
2025-08-12 12:40:36,069 [WARN] IP:2250 - RefParam_MEMORY_2_WriteDummyCycle not found: check if there is a RefParameter without a condition.
2025-08-12 12:40:36,069 [WARN] IP:2250 - RefParam_MEMORY_2_ReadCommand not found: check if there is a RefParameter without a condition.
2025-08-12 12:40:36,069 [WARN] IP:2250 - RefParam_MEMORY_2_WrapReadCommand not found: check if there is a RefParameter without a condition.
2025-08-12 12:40:36,069 [WARN] IP:2250 - RefParam_MEMORY_2_ReadDummyCycle not found: check if there is a RefParameter without a condition.
2025-08-12 12:40:36,069 [WARN] IP:2250 - RefParam_MEMORY_2_NumberOfConfig not found: check if there is a RefParameter without a condition.
2025-08-12 12:40:36,069 [WARN] IP:2250 - RefParam_MEMORY_2_Config1_WriteMask not found: check if there is a RefParameter without a condition.
2025-08-12 12:40:36,069 [WARN] IP:2250 - RefParam_MEMORY_2_Config1_WriteValue not found: check if there is a RefParameter without a condition.
2025-08-12 12:40:36,069 [WARN] IP:2250 - RefParam_MEMORY_2_Config1_RegAddress not found: check if there is a RefParameter without a condition.
2025-08-12 12:40:36,069 [WARN] IP:2250 - RefParam_MEMORY_2_Config2_WriteMask not found: check if there is a RefParameter without a condition.
2025-08-12 12:40:36,069 [WARN] IP:2250 - RefParam_MEMORY_2_Config2_WriteValue not found: check if there is a RefParameter without a condition.
2025-08-12 12:40:36,069 [WARN] IP:2250 - RefParam_MEMORY_2_Config2_RegAddress not found: check if there is a RefParameter without a condition.
2025-08-12 12:40:36,069 [WARN] IP:2250 - RefParam_MEMORY_2_Config3_WriteMask not found: check if there is a RefParameter without a condition.
2025-08-12 12:40:36,069 [WARN] IP:2250 - RefParam_MEMORY_2_Config3_WriteValue not found: check if there is a RefParameter without a condition.
2025-08-12 12:40:36,069 [WARN] IP:2250 - RefParam_MEMORY_2_Config3_RegAddress not found: check if there is a RefParameter without a condition.
2025-08-12 12:40:36,073 [WARN] IP:2250 - pwrPrivilege not found: check if there is a RefParameter without a condition.
2025-08-12 12:40:36,073 [WARN] IP:2250 - pwrPrivilege not found: check if there is a RefParameter without a condition.
2025-08-12 12:40:36,078 [WARN] IP:2250 - Memorytype0 not found: check if there is a RefParameter without a condition.
2025-08-12 12:40:36,078 [WARN] IP:2250 - LL_DeviceAttribute20 not found: check if there is a RefParameter without a condition.
2025-08-12 12:40:36,078 [WARN] IP:2250 - DeviceAttribute0 not found: check if there is a RefParameter without a condition.
2025-08-12 12:40:36,078 [WARN] IP:2250 - DeviceAttribute20 not found: check if there is a RefParameter without a condition.
2025-08-12 12:40:36,078 [WARN] IP:2250 - DeviceAttribute1 not found: check if there is a RefParameter without a condition.
2025-08-12 12:40:36,078 [WARN] IP:2250 - Memorytype2 not found: check if there is a RefParameter without a condition.
2025-08-12 12:40:36,078 [WARN] IP:2250 - LL_DeviceAttribute22 not found: check if there is a RefParameter without a condition.
2025-08-12 12:40:36,078 [WARN] IP:2250 - DeviceAttribute2 not found: check if there is a RefParameter without a condition.
2025-08-12 12:40:36,078 [WARN] IP:2250 - Memorytype3 not found: check if there is a RefParameter without a condition.
2025-08-12 12:40:36,078 [WARN] IP:2250 - LL_DeviceAttribute23 not found: check if there is a RefParameter without a condition.
2025-08-12 12:40:36,078 [WARN] IP:2250 - DeviceAttribute3 not found: check if there is a RefParameter without a condition.
2025-08-12 12:40:36,078 [WARN] IP:2250 - Memorytype4 not found: check if there is a RefParameter without a condition.
2025-08-12 12:40:36,078 [WARN] IP:2250 - LL_DeviceAttribute24 not found: check if there is a RefParameter without a condition.
2025-08-12 12:40:36,078 [WARN] IP:2250 - DeviceAttribute4 not found: check if there is a RefParameter without a condition.
2025-08-12 12:40:36,078 [WARN] IP:2250 - Memorytype5 not found: check if there is a RefParameter without a condition.
2025-08-12 12:40:36,078 [WARN] IP:2250 - LL_DeviceAttribute25 not found: check if there is a RefParameter without a condition.
2025-08-12 12:40:36,078 [WARN] IP:2250 - DeviceAttribute5 not found: check if there is a RefParameter without a condition.
2025-08-12 12:40:36,078 [WARN] IP:2250 - Memorytype6 not found: check if there is a RefParameter without a condition.
2025-08-12 12:40:36,078 [WARN] IP:2250 - LL_DeviceAttribute26 not found: check if there is a RefParameter without a condition.
2025-08-12 12:40:36,078 [WARN] IP:2250 - DeviceAttribute6 not found: check if there is a RefParameter without a condition.
2025-08-12 12:40:36,078 [WARN] IP:2250 - Memorytype7 not found: check if there is a RefParameter without a condition.
2025-08-12 12:40:36,078 [WARN] IP:2250 - LL_DeviceAttribute27 not found: check if there is a RefParameter without a condition.
2025-08-12 12:40:36,078 [WARN] IP:2250 - DeviceAttribute7 not found: check if there is a RefParameter without a condition.
2025-08-12 12:40:36,120 [WARN] IP:2250 - DeviceAttribute0 not found: check if there is a RefParameter without a condition.
2025-08-12 12:40:36,120 [WARN] IP:2250 - Memorytype1 not found: check if there is a RefParameter without a condition.
2025-08-12 12:40:36,120 [WARN] IP:2250 - DeviceAttribute1 not found: check if there is a RefParameter without a condition.
2025-08-12 12:40:36,120 [WARN] IP:2250 - LL_DeviceAttribute21 not found: check if there is a RefParameter without a condition.
2025-08-12 12:40:36,120 [WARN] IP:2250 - Memorytype2 not found: check if there is a RefParameter without a condition.
2025-08-12 12:40:36,120 [WARN] IP:2250 - DeviceAttribute2 not found: check if there is a RefParameter without a condition.
2025-08-12 12:40:36,120 [WARN] IP:2250 - LL_DeviceAttribute22 not found: check if there is a RefParameter without a condition.
2025-08-12 12:40:36,120 [WARN] IP:2250 - Memorytype3 not found: check if there is a RefParameter without a condition.
2025-08-12 12:40:36,120 [WARN] IP:2250 - DeviceAttribute3 not found: check if there is a RefParameter without a condition.
2025-08-12 12:40:36,120 [WARN] IP:2250 - LL_DeviceAttribute23 not found: check if there is a RefParameter without a condition.
2025-08-12 12:40:36,120 [WARN] IP:2250 - Memorytype4 not found: check if there is a RefParameter without a condition.
2025-08-12 12:40:36,120 [WARN] IP:2250 - DeviceAttribute4 not found: check if there is a RefParameter without a condition.
2025-08-12 12:40:36,120 [WARN] IP:2250 - LL_DeviceAttribute24 not found: check if there is a RefParameter without a condition.
2025-08-12 12:40:36,120 [WARN] IP:2250 - Memorytype5 not found: check if there is a RefParameter without a condition.
2025-08-12 12:40:36,120 [WARN] IP:2250 - DeviceAttribute5 not found: check if there is a RefParameter without a condition.
2025-08-12 12:40:36,120 [WARN] IP:2250 - LL_DeviceAttribute25 not found: check if there is a RefParameter without a condition.
2025-08-12 12:40:36,120 [WARN] IP:2250 - Memorytype6 not found: check if there is a RefParameter without a condition.
2025-08-12 12:40:36,120 [WARN] IP:2250 - DeviceAttribute6 not found: check if there is a RefParameter without a condition.
2025-08-12 12:40:36,120 [WARN] IP:2250 - LL_DeviceAttribute26 not found: check if there is a RefParameter without a condition.
2025-08-12 12:40:36,120 [WARN] IP:2250 - Memorytype7 not found: check if there is a RefParameter without a condition.
2025-08-12 12:40:36,120 [WARN] IP:2250 - DeviceAttribute7 not found: check if there is a RefParameter without a condition.
2025-08-12 12:40:36,120 [WARN] IP:2250 - LL_DeviceAttribute27 not found: check if there is a RefParameter without a condition.
2025-08-12 12:40:39,147 [INFO] UtilMem:75 - End SaveConfig() Used Memory: 719854896 Bytes (1073741824)
2025-08-12 12:40:40,263 [INFO] UtilMem:75 - End SaveConfig() Used Memory: 750785840 Bytes (1073741824)
2025-08-12 12:40:42,019 [INFO] UtilMem:75 - End SaveConfig() Used Memory: 749000672 Bytes (1073741824)
2025-08-12 12:40:42,541 [WARN] IP:2250 - pwrPrivilege not found: check if there is a RefParameter without a condition.
2025-08-12 12:40:42,737 [INFO] BlockDiagram:2775 - set Specific Code input for plugin: EXTMEM_MANAGER
2025-08-12 12:40:42,737 [INFO] BlockDiagram:2775 - set Specific Code input for plugin: PWR
2025-08-12 12:40:42,737 [INFO] BlockDiagram:2775 - set Specific Code input for plugin: CORTEX_M55_S
2025-08-12 12:40:42,737 [INFO] BlockDiagram:2775 - set Specific Code input for plugin: RCC
2025-08-12 12:40:42,737 [INFO] BlockDiagram:2775 - set Specific Code input for plugin: CORTEX_M55_FSBL
2025-08-12 12:40:42,737 [INFO] BlockDiagram:2775 - set Specific Code input for plugin: XSPIM
2025-08-12 12:40:42,737 [INFO] BlockDiagram:2775 - set Specific Code input for plugin: XSPI
2025-08-12 12:40:42,737 [INFO] BlockDiagram:2775 - set Specific Code input for plugin: LPUART
2025-08-12 12:40:42,737 [INFO] BlockDiagram:2775 - set Specific Code input for plugin: NVIC
2025-08-12 12:40:42,737 [INFO] BlockDiagram:2775 - set Specific Code input for plugin: HDP
2025-08-12 12:40:42,737 [INFO] BlockDiagram:2775 - set Specific Code input for plugin: ICACHE
2025-08-12 12:40:42,737 [INFO] BlockDiagram:2775 - set Specific Code input for plugin: DEBUG
2025-08-12 12:40:42,737 [INFO] BlockDiagram:2775 - set Specific Code input for plugin: GPIO
2025-08-12 12:40:42,737 [INFO] BlockDiagram:2775 - set Specific Code input for plugin: RIF
2025-08-12 12:40:42,737 [INFO] BlockDiagram:2775 - set Specific Code input for plugin: SYS_S
2025-08-12 12:40:42,737 [INFO] BlockDiagram:2775 - set Specific Code input for plugin: NVIC1
2025-08-12 12:40:42,738 [INFO] CodeGenerator:892 - code generatio: config db path: C:\ST\STM32CubeIDE_1.19.0\STM32CubeIDE\plugins\com.st.stm32cube.common.mx_6.15.0.202507011659\\db\
2025-08-12 12:40:42,740 [WARN] IP:2250 - DeviceAttribute0 not found: check if there is a RefParameter without a condition.
2025-08-12 12:40:42,740 [WARN] IP:2250 - Memorytype1 not found: check if there is a RefParameter without a condition.
2025-08-12 12:40:42,740 [WARN] IP:2250 - DeviceAttribute1 not found: check if there is a RefParameter without a condition.
2025-08-12 12:40:42,740 [WARN] IP:2250 - LL_DeviceAttribute21 not found: check if there is a RefParameter without a condition.
2025-08-12 12:40:42,740 [WARN] IP:2250 - Memorytype2 not found: check if there is a RefParameter without a condition.
2025-08-12 12:40:42,741 [WARN] IP:2250 - DeviceAttribute2 not found: check if there is a RefParameter without a condition.
2025-08-12 12:40:42,741 [WARN] IP:2250 - LL_DeviceAttribute22 not found: check if there is a RefParameter without a condition.
2025-08-12 12:40:42,741 [WARN] IP:2250 - Memorytype3 not found: check if there is a RefParameter without a condition.
2025-08-12 12:40:42,741 [WARN] IP:2250 - DeviceAttribute3 not found: check if there is a RefParameter without a condition.
2025-08-12 12:40:42,741 [WARN] IP:2250 - LL_DeviceAttribute23 not found: check if there is a RefParameter without a condition.
2025-08-12 12:40:42,741 [WARN] IP:2250 - Memorytype4 not found: check if there is a RefParameter without a condition.
2025-08-12 12:40:42,741 [WARN] IP:2250 - DeviceAttribute4 not found: check if there is a RefParameter without a condition.
2025-08-12 12:40:42,741 [WARN] IP:2250 - LL_DeviceAttribute24 not found: check if there is a RefParameter without a condition.
2025-08-12 12:40:42,741 [WARN] IP:2250 - Memorytype5 not found: check if there is a RefParameter without a condition.
2025-08-12 12:40:42,741 [WARN] IP:2250 - DeviceAttribute5 not found: check if there is a RefParameter without a condition.
2025-08-12 12:40:42,741 [WARN] IP:2250 - LL_DeviceAttribute25 not found: check if there is a RefParameter without a condition.
2025-08-12 12:40:42,741 [WARN] IP:2250 - Memorytype6 not found: check if there is a RefParameter without a condition.
2025-08-12 12:40:42,741 [WARN] IP:2250 - DeviceAttribute6 not found: check if there is a RefParameter without a condition.
2025-08-12 12:40:42,741 [WARN] IP:2250 - LL_DeviceAttribute26 not found: check if there is a RefParameter without a condition.
2025-08-12 12:40:42,741 [WARN] IP:2250 - Memorytype7 not found: check if there is a RefParameter without a condition.
2025-08-12 12:40:42,741 [WARN] IP:2250 - DeviceAttribute7 not found: check if there is a RefParameter without a condition.
2025-08-12 12:40:42,741 [WARN] IP:2250 - LL_DeviceAttribute27 not found: check if there is a RefParameter without a condition.
2025-08-12 12:40:42,747 [WARN] IP:2250 - Memorytype0 not found: check if there is a RefParameter without a condition.
2025-08-12 12:40:42,747 [WARN] IP:2250 - LL_DeviceAttribute20 not found: check if there is a RefParameter without a condition.
2025-08-12 12:40:42,747 [WARN] IP:2250 - DeviceAttribute0 not found: check if there is a RefParameter without a condition.
2025-08-12 12:40:42,747 [WARN] IP:2250 - DeviceAttribute20 not found: check if there is a RefParameter without a condition.
2025-08-12 12:40:42,747 [WARN] IP:2250 - DeviceAttribute1 not found: check if there is a RefParameter without a condition.
2025-08-12 12:40:42,748 [WARN] IP:2250 - Memorytype2 not found: check if there is a RefParameter without a condition.
2025-08-12 12:40:42,748 [WARN] IP:2250 - LL_DeviceAttribute22 not found: check if there is a RefParameter without a condition.
2025-08-12 12:40:42,748 [WARN] IP:2250 - DeviceAttribute2 not found: check if there is a RefParameter without a condition.
2025-08-12 12:40:42,748 [WARN] IP:2250 - Memorytype3 not found: check if there is a RefParameter without a condition.
2025-08-12 12:40:42,748 [WARN] IP:2250 - LL_DeviceAttribute23 not found: check if there is a RefParameter without a condition.
2025-08-12 12:40:42,748 [WARN] IP:2250 - DeviceAttribute3 not found: check if there is a RefParameter without a condition.
2025-08-12 12:40:42,748 [WARN] IP:2250 - Memorytype4 not found: check if there is a RefParameter without a condition.
2025-08-12 12:40:42,748 [WARN] IP:2250 - LL_DeviceAttribute24 not found: check if there is a RefParameter without a condition.
2025-08-12 12:40:42,748 [WARN] IP:2250 - DeviceAttribute4 not found: check if there is a RefParameter without a condition.
2025-08-12 12:40:42,748 [WARN] IP:2250 - Memorytype5 not found: check if there is a RefParameter without a condition.
2025-08-12 12:40:42,748 [WARN] IP:2250 - LL_DeviceAttribute25 not found: check if there is a RefParameter without a condition.
2025-08-12 12:40:42,748 [WARN] IP:2250 - DeviceAttribute5 not found: check if there is a RefParameter without a condition.
2025-08-12 12:40:42,748 [WARN] IP:2250 - Memorytype6 not found: check if there is a RefParameter without a condition.
2025-08-12 12:40:42,748 [WARN] IP:2250 - LL_DeviceAttribute26 not found: check if there is a RefParameter without a condition.
2025-08-12 12:40:42,748 [WARN] IP:2250 - DeviceAttribute6 not found: check if there is a RefParameter without a condition.
2025-08-12 12:40:42,748 [WARN] IP:2250 - Memorytype7 not found: check if there is a RefParameter without a condition.
2025-08-12 12:40:42,748 [WARN] IP:2250 - LL_DeviceAttribute27 not found: check if there is a RefParameter without a condition.
2025-08-12 12:40:42,748 [WARN] IP:2250 - DeviceAttribute7 not found: check if there is a RefParameter without a condition.
2025-08-12 12:40:42,753 [WARN] IP:2250 - RefParam_LRUN_SRC_memory not found: check if there is a RefParameter without a condition.
2025-08-12 12:40:42,753 [WARN] IP:2250 - RefParam_LRUN_SRC_offset not found: check if there is a RefParameter without a condition.
2025-08-12 12:40:42,753 [WARN] IP:2250 - RefParam_LRUN_SRC_size not found: check if there is a RefParameter without a condition.
2025-08-12 12:40:42,753 [WARN] IP:2250 - RefParam_LRUN_DEST_memory not found: check if there is a RefParameter without a condition.
2025-08-12 12:40:42,753 [WARN] IP:2250 - RefParam_LRUN_DEST_offset not found: check if there is a RefParameter without a condition.
2025-08-12 12:40:42,753 [WARN] IP:2250 - RefParam_MEMORY_1_Size not found: check if there is a RefParameter without a condition.
2025-08-12 12:40:42,753 [WARN] IP:2250 - RefParam_MEMORY_1_FreqMax not found: check if there is a RefParameter without a condition.
2025-08-12 12:40:42,753 [WARN] IP:2250 - RefParam_MEMORY_1_ReadReg not found: check if there is a RefParameter without a condition.
2025-08-12 12:40:42,753 [WARN] IP:2250 - RefParam_MEMORY_1_WriteReg not found: check if there is a RefParameter without a condition.
2025-08-12 12:40:42,753 [WARN] IP:2250 - RefParam_MEMORY_1_RegSize not found: check if there is a RefParameter without a condition.
2025-08-12 12:40:42,753 [WARN] IP:2250 - RefParam_MEMORY_1_RegDummyCycle not found: check if there is a RefParameter without a condition.
2025-08-12 12:40:42,753 [WARN] IP:2250 - RefParam_MEMORY_1_WriteCommand not found: check if there is a RefParameter without a condition.
2025-08-12 12:40:42,753 [WARN] IP:2250 - RefParam_MEMORY_1_WriteDummyCycle not found: check if there is a RefParameter without a condition.
2025-08-12 12:40:42,753 [WARN] IP:2250 - RefParam_MEMORY_1_ReadCommand not found: check if there is a RefParameter without a condition.
2025-08-12 12:40:42,753 [WARN] IP:2250 - RefParam_MEMORY_1_WrapReadCommand not found: check if there is a RefParameter without a condition.
2025-08-12 12:40:42,754 [WARN] IP:2250 - RefParam_MEMORY_1_ReadDummyCycle not found: check if there is a RefParameter without a condition.
2025-08-12 12:40:42,754 [WARN] IP:2250 - RefParam_MEMORY_1_NumberOfConfig not found: check if there is a RefParameter without a condition.
2025-08-12 12:40:42,754 [WARN] IP:2250 - RefParam_MEMORY_1_Config1_WriteMask not found: check if there is a RefParameter without a condition.
2025-08-12 12:40:42,754 [WARN] IP:2250 - RefParam_MEMORY_1_Config1_WriteValue not found: check if there is a RefParameter without a condition.
2025-08-12 12:40:42,754 [WARN] IP:2250 - RefParam_MEMORY_1_Config1_RegAddress not found: check if there is a RefParameter without a condition.
2025-08-12 12:40:42,754 [WARN] IP:2250 - RefParam_MEMORY_1_Config2_WriteMask not found: check if there is a RefParameter without a condition.
2025-08-12 12:40:42,754 [WARN] IP:2250 - RefParam_MEMORY_1_Config2_WriteValue not found: check if there is a RefParameter without a condition.
2025-08-12 12:40:42,754 [WARN] IP:2250 - RefParam_MEMORY_1_Config2_RegAddress not found: check if there is a RefParameter without a condition.
2025-08-12 12:40:42,754 [WARN] IP:2250 - RefParam_MEMORY_1_Config3_WriteMask not found: check if there is a RefParameter without a condition.
2025-08-12 12:40:42,754 [WARN] IP:2250 - RefParam_MEMORY_1_Config3_WriteValue not found: check if there is a RefParameter without a condition.
2025-08-12 12:40:42,754 [WARN] IP:2250 - RefParam_MEMORY_1_Config3_RegAddress not found: check if there is a RefParameter without a condition.
2025-08-12 12:40:42,754 [WARN] IP:2250 - RefParam_MEMORY_2_Instance not found: check if there is a RefParameter without a condition.
2025-08-12 12:40:42,754 [WARN] IP:2250 - RefParam_MEMORY_2_ConfigType not found: check if there is a RefParameter without a condition.
2025-08-12 12:40:42,754 [WARN] IP:2250 - RefParam_MEMORY_2_Size not found: check if there is a RefParameter without a condition.
2025-08-12 12:40:42,754 [WARN] IP:2250 - RefParam_MEMORY_2_FreqMax not found: check if there is a RefParameter without a condition.
2025-08-12 12:40:42,754 [WARN] IP:2250 - RefParam_MEMORY_2_ReadReg not found: check if there is a RefParameter without a condition.
2025-08-12 12:40:42,754 [WARN] IP:2250 - RefParam_MEMORY_2_WriteReg not found: check if there is a RefParameter without a condition.
2025-08-12 12:40:42,754 [WARN] IP:2250 - RefParam_MEMORY_2_RegSize not found: check if there is a RefParameter without a condition.
2025-08-12 12:40:42,754 [WARN] IP:2250 - RefParam_MEMORY_2_RegDummyCycle not found: check if there is a RefParameter without a condition.
2025-08-12 12:40:42,754 [WARN] IP:2250 - RefParam_MEMORY_2_WriteCommand not found: check if there is a RefParameter without a condition.
2025-08-12 12:40:42,754 [WARN] IP:2250 - RefParam_MEMORY_2_WriteDummyCycle not found: check if there is a RefParameter without a condition.
2025-08-12 12:40:42,754 [WARN] IP:2250 - RefParam_MEMORY_2_ReadCommand not found: check if there is a RefParameter without a condition.
2025-08-12 12:40:42,754 [WARN] IP:2250 - RefParam_MEMORY_2_WrapReadCommand not found: check if there is a RefParameter without a condition.
2025-08-12 12:40:42,754 [WARN] IP:2250 - RefParam_MEMORY_2_ReadDummyCycle not found: check if there is a RefParameter without a condition.
2025-08-12 12:40:42,754 [WARN] IP:2250 - RefParam_MEMORY_2_NumberOfConfig not found: check if there is a RefParameter without a condition.
2025-08-12 12:40:42,754 [WARN] IP:2250 - RefParam_MEMORY_2_Config1_WriteMask not found: check if there is a RefParameter without a condition.
2025-08-12 12:40:42,754 [WARN] IP:2250 - RefParam_MEMORY_2_Config1_WriteValue not found: check if there is a RefParameter without a condition.
2025-08-12 12:40:42,754 [WARN] IP:2250 - RefParam_MEMORY_2_Config1_RegAddress not found: check if there is a RefParameter without a condition.
2025-08-12 12:40:42,754 [WARN] IP:2250 - RefParam_MEMORY_2_Config2_WriteMask not found: check if there is a RefParameter without a condition.
2025-08-12 12:40:42,754 [WARN] IP:2250 - RefParam_MEMORY_2_Config2_WriteValue not found: check if there is a RefParameter without a condition.
2025-08-12 12:40:42,754 [WARN] IP:2250 - RefParam_MEMORY_2_Config2_RegAddress not found: check if there is a RefParameter without a condition.
2025-08-12 12:40:42,754 [WARN] IP:2250 - RefParam_MEMORY_2_Config3_WriteMask not found: check if there is a RefParameter without a condition.
2025-08-12 12:40:42,754 [WARN] IP:2250 - RefParam_MEMORY_2_Config3_WriteValue not found: check if there is a RefParameter without a condition.
2025-08-12 12:40:42,754 [WARN] IP:2250 - RefParam_MEMORY_2_Config3_RegAddress not found: check if there is a RefParameter without a condition.
2025-08-12 12:40:42,782 [WARN] IP:2250 - pwrPrivilege not found: check if there is a RefParameter without a condition.
2025-08-12 12:40:42,845 [INFO] Middleware:1452 - No code input for Bsp Dependency
2025-08-12 12:40:42,848 [INFO] Middleware:1452 - No code input for Bsp Dependency
2025-08-12 12:40:42,849 [INFO] Middleware:1452 - No code input for Bsp Dependency
2025-08-12 12:40:42,851 [INFO] Middleware:1452 - No code input for Bsp Dependency
2025-08-12 12:40:42,852 [INFO] Middleware:1452 - No code input for Bsp Dependency
2025-08-12 12:40:42,853 [INFO] Middleware:1452 - No code input for Bsp Dependency
2025-08-12 12:40:42,853 [INFO] CodeGenerator:1619 - *******************Project context FSBL selected
2025-08-12 12:40:42,917 [INFO] CodeEngine:265 - oldGeneratedFile, C:\ST\AB_LSTM\AB_LSTM\MXTmpFiles\license.tmp_save
2025-08-12 12:40:43,189 [INFO] CodeEngine:289 - Generated code: C:\ST\AB_LSTM\AB_LSTM\MXTmpFiles\license.tmp
2025-08-12 12:40:43,242 [INFO] CodeEngine:265 - oldGeneratedFile, C:\ST\AB_LSTM\AB_LSTM\FSBL\MXTmpFiles\gpio.tmp_save
2025-08-12 12:40:43,378 [INFO] CodeEngine:289 - Generated code: C:\ST\AB_LSTM\AB_LSTM\FSBL\MXTmpFiles\gpio.tmp
2025-08-12 12:40:43,423 [WARN] IPConfigManager:103 - WARNING: Missing Config File for DEBUG ip!!
2025-08-12 12:40:43,497 [WARN] IPConfigManager:103 - WARNING: Missing Config File for HDP ip!!
2025-08-12 12:40:43,737 [WARN] IPConfigManager:103 - WARNING: Missing Config File for XSPIM ip!!
2025-08-12 12:40:43,790 [INFO] Middleware:1452 - No code input for Bsp Dependency
2025-08-12 12:40:43,798 [INFO] CodeEngine:265 - oldGeneratedFile, C:\ST\AB_LSTM\AB_LSTM\FSBL\MXTmpFiles\boot_code.tmp_save
2025-08-12 12:40:43,902 [INFO] CodeEngine:289 - Generated code: C:\ST\AB_LSTM\AB_LSTM\FSBL\MXTmpFiles\boot_code.tmp
2025-08-12 12:40:43,921 [INFO] CodeEngine:265 - oldGeneratedFile, C:\ST\AB_LSTM\AB_LSTM\FSBL\MXTmpFiles\cortex.tmp_save
2025-08-12 12:40:44,015 [INFO] CodeEngine:289 - Generated code: C:\ST\AB_LSTM\AB_LSTM\FSBL\MXTmpFiles\cortex.tmp
2025-08-12 12:40:44,027 [INFO] Middleware:1452 - No code input for Bsp Dependency
2025-08-12 12:40:44,036 [INFO] CodeEngine:265 - oldGeneratedFile, C:\ST\AB_LSTM\AB_LSTM\FSBL\Core\Inc\extmem_manager.h_save
2025-08-12 12:40:44,141 [INFO] CodeEngine:289 - Generated code: C:\ST\AB_LSTM\AB_LSTM\FSBL\Core\Inc\extmem_manager.h
2025-08-12 12:40:44,150 [INFO] CodeEngine:265 - oldGeneratedFile, C:\ST\AB_LSTM\AB_LSTM\FSBL\Core\Src\extmem_manager.c_save
2025-08-12 12:40:44,253 [INFO] CodeEngine:289 - Generated code: C:\ST\AB_LSTM\AB_LSTM\FSBL\Core\Src\extmem_manager.c
2025-08-12 12:40:44,261 [INFO] CodeEngine:265 - oldGeneratedFile, C:\ST\AB_LSTM\AB_LSTM\FSBL\Core\Inc\stm32_extmem_conf.h_save
2025-08-12 12:40:44,368 [INFO] CodeEngine:289 - Generated code: C:\ST\AB_LSTM\AB_LSTM\FSBL\Core\Inc\stm32_extmem_conf.h
2025-08-12 12:40:44,375 [INFO] CodeEngine:265 - oldGeneratedFile, C:\ST\AB_LSTM\AB_LSTM\FSBL\MXTmpFiles\boot_code.tmp_save
2025-08-12 12:40:44,418 [INFO] CodeEngine:289 - Generated code: C:\ST\AB_LSTM\AB_LSTM\FSBL\MXTmpFiles\boot_code.tmp
2025-08-12 12:40:44,448 [INFO] CodeEngine:265 - oldGeneratedFile, C:\ST\AB_LSTM\AB_LSTM\FSBL\Core\Src\stm32n6xx_it.c_save
2025-08-12 12:40:44,563 [INFO] CodeEngine:289 - Generated code: C:\ST\AB_LSTM\AB_LSTM\FSBL\Core\Src\stm32n6xx_it.c
2025-08-12 12:40:44,569 [INFO] CodeEngine:265 - oldGeneratedFile, C:\ST\AB_LSTM\AB_LSTM\FSBL\Core\Inc\stm32n6xx_it.h_save
2025-08-12 12:40:44,626 [INFO] CodeEngine:289 - Generated code: C:\ST\AB_LSTM\AB_LSTM\FSBL\Core\Inc\stm32n6xx_it.h
2025-08-12 12:40:44,670 [INFO] CodeEngine:265 - oldGeneratedFile, C:\ST\AB_LSTM\AB_LSTM\FSBL\Core\Src\stm32n6xx_hal_msp.c_save
2025-08-12 12:40:44,784 [INFO] CodeEngine:289 - Generated code: C:\ST\AB_LSTM\AB_LSTM\FSBL\Core\Src\stm32n6xx_hal_msp.c
2025-08-12 12:40:44,791 [INFO] CodeEngine:265 - oldGeneratedFile, C:\ST\AB_LSTM\AB_LSTM\FSBL\MXTmpFiles\system.tmp_save
2025-08-12 12:40:44,843 [INFO] CodeEngine:289 - Generated code: C:\ST\AB_LSTM\AB_LSTM\FSBL\MXTmpFiles\system.tmp
2025-08-12 12:40:44,859 [INFO] CodeEngine:321 - oldGeneratedFile, C:\ST\AB_LSTM\AB_LSTM\FSBL\Core\Inc\stm32n6xx_hal_conf.h_save
2025-08-12 12:40:44,950 [INFO] CodeEngine:345 - Generated code: C:\ST\AB_LSTM\AB_LSTM\FSBL\Core\Inc\stm32n6xx_hal_conf.h
2025-08-12 12:40:44,968 [WARN] IPConfigManager:3238 - Warning: the RefConfig RCC_ConfigVoltageScaling is not available in your config.xml file
2025-08-12 12:40:44,974 [WARN] IPConfigManager:3238 - Warning: the RefConfig RCC_RTC_HSEDIV is not available in your config.xml file
2025-08-12 12:40:44,979 [ERROR] ApiDbMcu:560 - Cannot parse HDP_Config file : file do not exist
2025-08-12 12:40:44,979 [ERROR] ApiDbMcu:560 - Cannot parse XSPIM_Config file : file do not exist
2025-08-12 12:40:44,991 [INFO] CodeEngine:265 - oldGeneratedFile, C:\ST\AB_LSTM\AB_LSTM\FSBL\Core\Inc\main.h_save
2025-08-12 12:40:45,087 [INFO] CodeEngine:289 - Generated code: C:\ST\AB_LSTM\AB_LSTM\FSBL\Core\Inc\main.h
2025-08-12 12:40:45,094 [INFO] CodeEngine:265 - oldGeneratedFile, C:\ST\AB_LSTM\AB_LSTM\FSBL\Core\Src\main.c_save
2025-08-12 12:40:45,216 [INFO] CodeEngine:289 - Generated code: C:\ST\AB_LSTM\AB_LSTM\FSBL\Core\Src\main.c
2025-08-12 12:40:45,251 [INFO] CodeGenerator:1619 - *******************Project context Appli selected
2025-08-12 12:40:45,284 [INFO] CodeEngine:265 - oldGeneratedFile, C:\ST\AB_LSTM\AB_LSTM\MXTmpFiles\license.tmp_save
2025-08-12 12:40:45,343 [INFO] CodeEngine:289 - Generated code: C:\ST\AB_LSTM\AB_LSTM\MXTmpFiles\license.tmp
2025-08-12 12:40:45,361 [INFO] CodeEngine:265 - oldGeneratedFile, C:\ST\AB_LSTM\AB_LSTM\Appli\MXTmpFiles\gpio.tmp_save
2025-08-12 12:40:45,436 [INFO] CodeEngine:289 - Generated code: C:\ST\AB_LSTM\AB_LSTM\Appli\MXTmpFiles\gpio.tmp
2025-08-12 12:40:45,454 [WARN] IPConfigManager:103 - WARNING: Missing Config File for DEBUG ip!!
2025-08-12 12:40:45,474 [WARN] IPConfigManager:103 - WARNING: Missing Config File for NVIC ip!!
2025-08-12 12:40:45,497 [INFO] CodeEngine:265 - oldGeneratedFile, C:\ST\AB_LSTM\AB_LSTM\Appli\MXTmpFiles\cortex.tmp_save
2025-08-12 12:40:45,557 [INFO] CodeEngine:289 - Generated code: C:\ST\AB_LSTM\AB_LSTM\Appli\MXTmpFiles\cortex.tmp
2025-08-12 12:40:45,585 [INFO] CodeEngine:265 - oldGeneratedFile, C:\ST\AB_LSTM\AB_LSTM\Appli\Core\Src\stm32n6xx_it.c_save
2025-08-12 12:40:45,668 [INFO] CodeEngine:289 - Generated code: C:\ST\AB_LSTM\AB_LSTM\Appli\Core\Src\stm32n6xx_it.c
2025-08-12 12:40:45,674 [INFO] CodeEngine:265 - oldGeneratedFile, C:\ST\AB_LSTM\AB_LSTM\Appli\Core\Inc\stm32n6xx_it.h_save
2025-08-12 12:40:45,706 [INFO] CodeEngine:289 - Generated code: C:\ST\AB_LSTM\AB_LSTM\Appli\Core\Inc\stm32n6xx_it.h
2025-08-12 12:40:45,716 [INFO] CodeEngine:265 - oldGeneratedFile, C:\ST\AB_LSTM\AB_LSTM\Appli\MXTmpFiles\RIFInit.tmp_save
2025-08-12 12:40:45,786 [INFO] CodeEngine:289 - Generated code: C:\ST\AB_LSTM\AB_LSTM\Appli\MXTmpFiles\RIFInit.tmp
2025-08-12 12:40:45,819 [INFO] CodeEngine:265 - oldGeneratedFile, C:\ST\AB_LSTM\AB_LSTM\Appli\Core\Src\stm32n6xx_hal_msp.c_save
2025-08-12 12:40:45,922 [INFO] CodeEngine:289 - Generated code: C:\ST\AB_LSTM\AB_LSTM\Appli\Core\Src\stm32n6xx_hal_msp.c
2025-08-12 12:40:45,927 [INFO] CodeEngine:265 - oldGeneratedFile, C:\ST\AB_LSTM\AB_LSTM\Appli\MXTmpFiles\system.tmp_save
2025-08-12 12:40:45,958 [INFO] CodeEngine:289 - Generated code: C:\ST\AB_LSTM\AB_LSTM\Appli\MXTmpFiles\system.tmp
2025-08-12 12:40:45,969 [INFO] CodeEngine:321 - oldGeneratedFile, C:\ST\AB_LSTM\AB_LSTM\Appli\Core\Inc\stm32n6xx_hal_conf.h_save
2025-08-12 12:40:46,052 [INFO] CodeEngine:345 - Generated code: C:\ST\AB_LSTM\AB_LSTM\Appli\Core\Inc\stm32n6xx_hal_conf.h
2025-08-12 12:40:46,063 [WARN] IPConfigManager:3238 - Warning: the RefConfig RCC_ConfigVoltageScaling is not available in your config.xml file
2025-08-12 12:40:46,064 [WARN] IPConfigManager:3238 - Warning: the RefConfig RCC_RTC_HSEDIV is not available in your config.xml file
2025-08-12 12:40:46,076 [INFO] CodeEngine:265 - oldGeneratedFile, C:\ST\AB_LSTM\AB_LSTM\Appli\Core\Inc\main.h_save
2025-08-12 12:40:46,156 [INFO] CodeEngine:289 - Generated code: C:\ST\AB_LSTM\AB_LSTM\Appli\Core\Inc\main.h
2025-08-12 12:40:46,161 [INFO] CodeEngine:265 - oldGeneratedFile, C:\ST\AB_LSTM\AB_LSTM\Appli\Core\Src\main.c_save
2025-08-12 12:40:46,254 [INFO] CodeEngine:289 - Generated code: C:\ST\AB_LSTM\AB_LSTM\Appli\Core\Src\main.c
2025-08-12 12:40:46,269 [INFO] CodeEngine:265 - oldGeneratedFile, C:\ST\AB_LSTM\AB_LSTM\Appli\Core\Src\secure_nsc.c_save
2025-08-12 12:40:46,353 [INFO] CodeEngine:289 - Generated code: C:\ST\AB_LSTM\AB_LSTM\Appli\Core\Src\secure_nsc.c
2025-08-12 12:40:46,359 [INFO] CodeEngine:265 - oldGeneratedFile, C:\ST\AB_LSTM\AB_LSTM\Appli\Core\Inc\partition_stm32n657xx.h_save
2025-08-12 12:40:46,425 [INFO] CodeEngine:289 - Generated code: C:\ST\AB_LSTM\AB_LSTM\Appli\Core\Inc\partition_stm32n657xx.h
2025-08-12 12:40:46,431 [INFO] CodeEngine:265 - oldGeneratedFile, C:\ST\AB_LSTM\AB_LSTM\Secure_nsclib\secure_nsc.h_save
2025-08-12 12:40:46,479 [INFO] CodeEngine:289 - Generated code: C:\ST\AB_LSTM\AB_LSTM\Secure_nsclib\secure_nsc.h
2025-08-12 12:40:46,514 [INFO] CodeGenerator:1707 - *******************Project context ExtMemLoader Not selected
2025-08-12 12:40:46,979 [INFO] ProjectBuilder:3606 - Time for Copy HAL[1] : 293mS.
2025-08-12 12:40:46,990 [INFO] ProjectBuilder:5216 - Project Generator version: 4.7.0-B52
2025-08-12 12:40:47,037 [INFO] ConfigFileManager:1595 - The Die is : DIE486
2025-08-12 12:40:52,447 [INFO] ProjectBuilder:5056 - Time for Generating toolchain IDE Files: 5457mS.
2025-08-12 12:40:52,449 [INFO] ProjectBuilder:3463 - Time for Copy CMSIS : 2mS.
2025-08-12 12:40:52,453 [INFO] ProjectBuilder:3463 - Time for Copy CMSIS : 0mS.
2025-08-12 12:43:29,894 [INFO] Gpio:278 - dependency for GPIO [ADC1, DEBUG, HDP, LPUART1, XSPI2]
2025-08-12 12:44:51,922 [INFO] Gpio:278 - dependency for GPIO [ADC1, DEBUG, HDP, LPUART1, XSPI2]
2025-08-12 12:44:53,824 [INFO] UtilMem:75 - End SaveConfig() Used Memory: 645259960 Bytes (1073741824)
2025-08-12 12:44:54,874 [INFO] UtilMem:75 - End SaveConfig() Used Memory: 677239480 Bytes (1073741824)
2025-08-12 12:44:56,591 [INFO] UtilMem:75 - End SaveConfig() Used Memory: 790431656 Bytes (1073741824)
2025-08-12 12:44:56,931 [WARN] IP:2250 - pwrPrivilege not found: check if there is a RefParameter without a condition.
2025-08-12 12:44:57,154 [INFO] BlockDiagram:2775 - set Specific Code input for plugin: EXTMEM_MANAGER
2025-08-12 12:44:57,154 [INFO] BlockDiagram:2775 - set Specific Code input for plugin: PWR
2025-08-12 12:44:57,154 [INFO] BlockDiagram:2775 - set Specific Code input for plugin: CORTEX_M55_S
2025-08-12 12:44:57,154 [INFO] BlockDiagram:2775 - set Specific Code input for plugin: RCC
2025-08-12 12:44:57,154 [INFO] BlockDiagram:2775 - set Specific Code input for plugin: CORTEX_M55_FSBL
2025-08-12 12:44:57,154 [INFO] BlockDiagram:2775 - set Specific Code input for plugin: XSPIM
2025-08-12 12:44:57,154 [INFO] BlockDiagram:2775 - set Specific Code input for plugin: XSPI
2025-08-12 12:44:57,154 [INFO] BlockDiagram:2775 - set Specific Code input for plugin: LPUART
2025-08-12 12:44:57,154 [INFO] BlockDiagram:2775 - set Specific Code input for plugin: NVIC
2025-08-12 12:44:57,154 [INFO] BlockDiagram:2775 - set Specific Code input for plugin: HDP
2025-08-12 12:44:57,155 [INFO] BlockDiagram:2775 - set Specific Code input for plugin: ICACHE
2025-08-12 12:44:57,155 [INFO] BlockDiagram:2775 - set Specific Code input for plugin: DEBUG
2025-08-12 12:44:57,155 [INFO] BlockDiagram:2775 - set Specific Code input for plugin: GPIO
2025-08-12 12:44:57,155 [INFO] BlockDiagram:2775 - set Specific Code input for plugin: RIF
2025-08-12 12:44:57,155 [INFO] BlockDiagram:2775 - set Specific Code input for plugin: NVIC1
2025-08-12 12:44:57,156 [INFO] CodeGenerator:892 - code generatio: config db path: C:\ST\STM32CubeIDE_1.19.0\STM32CubeIDE\plugins\com.st.stm32cube.common.mx_6.15.0.202507011659\\db\
2025-08-12 12:44:57,159 [WARN] IP:2250 - DeviceAttribute0 not found: check if there is a RefParameter without a condition.
2025-08-12 12:44:57,159 [WARN] IP:2250 - Memorytype1 not found: check if there is a RefParameter without a condition.
2025-08-12 12:44:57,159 [WARN] IP:2250 - DeviceAttribute1 not found: check if there is a RefParameter without a condition.
2025-08-12 12:44:57,159 [WARN] IP:2250 - LL_DeviceAttribute21 not found: check if there is a RefParameter without a condition.
2025-08-12 12:44:57,159 [WARN] IP:2250 - Memorytype2 not found: check if there is a RefParameter without a condition.
2025-08-12 12:44:57,159 [WARN] IP:2250 - DeviceAttribute2 not found: check if there is a RefParameter without a condition.
2025-08-12 12:44:57,159 [WARN] IP:2250 - LL_DeviceAttribute22 not found: check if there is a RefParameter without a condition.
2025-08-12 12:44:57,159 [WARN] IP:2250 - Memorytype3 not found: check if there is a RefParameter without a condition.
2025-08-12 12:44:57,159 [WARN] IP:2250 - DeviceAttribute3 not found: check if there is a RefParameter without a condition.
2025-08-12 12:44:57,159 [WARN] IP:2250 - LL_DeviceAttribute23 not found: check if there is a RefParameter without a condition.
2025-08-12 12:44:57,159 [WARN] IP:2250 - Memorytype4 not found: check if there is a RefParameter without a condition.
2025-08-12 12:44:57,159 [WARN] IP:2250 - DeviceAttribute4 not found: check if there is a RefParameter without a condition.
2025-08-12 12:44:57,159 [WARN] IP:2250 - LL_DeviceAttribute24 not found: check if there is a RefParameter without a condition.
2025-08-12 12:44:57,159 [WARN] IP:2250 - Memorytype5 not found: check if there is a RefParameter without a condition.
2025-08-12 12:44:57,159 [WARN] IP:2250 - DeviceAttribute5 not found: check if there is a RefParameter without a condition.
2025-08-12 12:44:57,159 [WARN] IP:2250 - LL_DeviceAttribute25 not found: check if there is a RefParameter without a condition.
2025-08-12 12:44:57,159 [WARN] IP:2250 - Memorytype6 not found: check if there is a RefParameter without a condition.
2025-08-12 12:44:57,159 [WARN] IP:2250 - DeviceAttribute6 not found: check if there is a RefParameter without a condition.
2025-08-12 12:44:57,159 [WARN] IP:2250 - LL_DeviceAttribute26 not found: check if there is a RefParameter without a condition.
2025-08-12 12:44:57,160 [WARN] IP:2250 - Memorytype7 not found: check if there is a RefParameter without a condition.
2025-08-12 12:44:57,160 [WARN] IP:2250 - DeviceAttribute7 not found: check if there is a RefParameter without a condition.
2025-08-12 12:44:57,160 [WARN] IP:2250 - LL_DeviceAttribute27 not found: check if there is a RefParameter without a condition.
2025-08-12 12:44:57,164 [WARN] IP:2250 - Memorytype0 not found: check if there is a RefParameter without a condition.
2025-08-12 12:44:57,164 [WARN] IP:2250 - LL_DeviceAttribute20 not found: check if there is a RefParameter without a condition.
2025-08-12 12:44:57,164 [WARN] IP:2250 - DeviceAttribute0 not found: check if there is a RefParameter without a condition.
2025-08-12 12:44:57,164 [WARN] IP:2250 - DeviceAttribute20 not found: check if there is a RefParameter without a condition.
2025-08-12 12:44:57,164 [WARN] IP:2250 - DeviceAttribute1 not found: check if there is a RefParameter without a condition.
2025-08-12 12:44:57,164 [WARN] IP:2250 - Memorytype2 not found: check if there is a RefParameter without a condition.
2025-08-12 12:44:57,164 [WARN] IP:2250 - LL_DeviceAttribute22 not found: check if there is a RefParameter without a condition.
2025-08-12 12:44:57,164 [WARN] IP:2250 - DeviceAttribute2 not found: check if there is a RefParameter without a condition.
2025-08-12 12:44:57,164 [WARN] IP:2250 - Memorytype3 not found: check if there is a RefParameter without a condition.
2025-08-12 12:44:57,164 [WARN] IP:2250 - LL_DeviceAttribute23 not found: check if there is a RefParameter without a condition.
2025-08-12 12:44:57,164 [WARN] IP:2250 - DeviceAttribute3 not found: check if there is a RefParameter without a condition.
2025-08-12 12:44:57,164 [WARN] IP:2250 - Memorytype4 not found: check if there is a RefParameter without a condition.
2025-08-12 12:44:57,164 [WARN] IP:2250 - LL_DeviceAttribute24 not found: check if there is a RefParameter without a condition.
2025-08-12 12:44:57,164 [WARN] IP:2250 - DeviceAttribute4 not found: check if there is a RefParameter without a condition.
2025-08-12 12:44:57,165 [WARN] IP:2250 - Memorytype5 not found: check if there is a RefParameter without a condition.
2025-08-12 12:44:57,165 [WARN] IP:2250 - LL_DeviceAttribute25 not found: check if there is a RefParameter without a condition.
2025-08-12 12:44:57,165 [WARN] IP:2250 - DeviceAttribute5 not found: check if there is a RefParameter without a condition.
2025-08-12 12:44:57,165 [WARN] IP:2250 - Memorytype6 not found: check if there is a RefParameter without a condition.
2025-08-12 12:44:57,165 [WARN] IP:2250 - LL_DeviceAttribute26 not found: check if there is a RefParameter without a condition.
2025-08-12 12:44:57,165 [WARN] IP:2250 - DeviceAttribute6 not found: check if there is a RefParameter without a condition.
2025-08-12 12:44:57,165 [WARN] IP:2250 - Memorytype7 not found: check if there is a RefParameter without a condition.
2025-08-12 12:44:57,165 [WARN] IP:2250 - LL_DeviceAttribute27 not found: check if there is a RefParameter without a condition.
2025-08-12 12:44:57,165 [WARN] IP:2250 - DeviceAttribute7 not found: check if there is a RefParameter without a condition.
2025-08-12 12:44:57,171 [WARN] IP:2250 - RefParam_LRUN_SRC_memory not found: check if there is a RefParameter without a condition.
2025-08-12 12:44:57,171 [WARN] IP:2250 - RefParam_LRUN_SRC_offset not found: check if there is a RefParameter without a condition.
2025-08-12 12:44:57,171 [WARN] IP:2250 - RefParam_LRUN_SRC_size not found: check if there is a RefParameter without a condition.
2025-08-12 12:44:57,171 [WARN] IP:2250 - RefParam_LRUN_DEST_memory not found: check if there is a RefParameter without a condition.
2025-08-12 12:44:57,171 [WARN] IP:2250 - RefParam_LRUN_DEST_offset not found: check if there is a RefParameter without a condition.
2025-08-12 12:44:57,171 [WARN] IP:2250 - RefParam_MEMORY_1_Size not found: check if there is a RefParameter without a condition.
2025-08-12 12:44:57,171 [WARN] IP:2250 - RefParam_MEMORY_1_FreqMax not found: check if there is a RefParameter without a condition.
2025-08-12 12:44:57,171 [WARN] IP:2250 - RefParam_MEMORY_1_ReadReg not found: check if there is a RefParameter without a condition.
2025-08-12 12:44:57,171 [WARN] IP:2250 - RefParam_MEMORY_1_WriteReg not found: check if there is a RefParameter without a condition.
2025-08-12 12:44:57,171 [WARN] IP:2250 - RefParam_MEMORY_1_RegSize not found: check if there is a RefParameter without a condition.
2025-08-12 12:44:57,171 [WARN] IP:2250 - RefParam_MEMORY_1_RegDummyCycle not found: check if there is a RefParameter without a condition.
2025-08-12 12:44:57,171 [WARN] IP:2250 - RefParam_MEMORY_1_WriteCommand not found: check if there is a RefParameter without a condition.
2025-08-12 12:44:57,171 [WARN] IP:2250 - RefParam_MEMORY_1_WriteDummyCycle not found: check if there is a RefParameter without a condition.
2025-08-12 12:44:57,171 [WARN] IP:2250 - RefParam_MEMORY_1_ReadCommand not found: check if there is a RefParameter without a condition.
2025-08-12 12:44:57,171 [WARN] IP:2250 - RefParam_MEMORY_1_WrapReadCommand not found: check if there is a RefParameter without a condition.
2025-08-12 12:44:57,171 [WARN] IP:2250 - RefParam_MEMORY_1_ReadDummyCycle not found: check if there is a RefParameter without a condition.
2025-08-12 12:44:57,171 [WARN] IP:2250 - RefParam_MEMORY_1_NumberOfConfig not found: check if there is a RefParameter without a condition.
2025-08-12 12:44:57,171 [WARN] IP:2250 - RefParam_MEMORY_1_Config1_WriteMask not found: check if there is a RefParameter without a condition.
2025-08-12 12:44:57,171 [WARN] IP:2250 - RefParam_MEMORY_1_Config1_WriteValue not found: check if there is a RefParameter without a condition.
2025-08-12 12:44:57,171 [WARN] IP:2250 - RefParam_MEMORY_1_Config1_RegAddress not found: check if there is a RefParameter without a condition.
2025-08-12 12:44:57,171 [WARN] IP:2250 - RefParam_MEMORY_1_Config2_WriteMask not found: check if there is a RefParameter without a condition.
2025-08-12 12:44:57,171 [WARN] IP:2250 - RefParam_MEMORY_1_Config2_WriteValue not found: check if there is a RefParameter without a condition.
2025-08-12 12:44:57,171 [WARN] IP:2250 - RefParam_MEMORY_1_Config2_RegAddress not found: check if there is a RefParameter without a condition.
2025-08-12 12:44:57,171 [WARN] IP:2250 - RefParam_MEMORY_1_Config3_WriteMask not found: check if there is a RefParameter without a condition.
2025-08-12 12:44:57,171 [WARN] IP:2250 - RefParam_MEMORY_1_Config3_WriteValue not found: check if there is a RefParameter without a condition.
2025-08-12 12:44:57,171 [WARN] IP:2250 - RefParam_MEMORY_1_Config3_RegAddress not found: check if there is a RefParameter without a condition.
2025-08-12 12:44:57,172 [WARN] IP:2250 - RefParam_MEMORY_2_Instance not found: check if there is a RefParameter without a condition.
2025-08-12 12:44:57,172 [WARN] IP:2250 - RefParam_MEMORY_2_ConfigType not found: check if there is a RefParameter without a condition.
2025-08-12 12:44:57,172 [WARN] IP:2250 - RefParam_MEMORY_2_Size not found: check if there is a RefParameter without a condition.
2025-08-12 12:44:57,172 [WARN] IP:2250 - RefParam_MEMORY_2_FreqMax not found: check if there is a RefParameter without a condition.
2025-08-12 12:44:57,172 [WARN] IP:2250 - RefParam_MEMORY_2_ReadReg not found: check if there is a RefParameter without a condition.
2025-08-12 12:44:57,172 [WARN] IP:2250 - RefParam_MEMORY_2_WriteReg not found: check if there is a RefParameter without a condition.
2025-08-12 12:44:57,172 [WARN] IP:2250 - RefParam_MEMORY_2_RegSize not found: check if there is a RefParameter without a condition.
2025-08-12 12:44:57,172 [WARN] IP:2250 - RefParam_MEMORY_2_RegDummyCycle not found: check if there is a RefParameter without a condition.
2025-08-12 12:44:57,172 [WARN] IP:2250 - RefParam_MEMORY_2_WriteCommand not found: check if there is a RefParameter without a condition.
2025-08-12 12:44:57,172 [WARN] IP:2250 - RefParam_MEMORY_2_WriteDummyCycle not found: check if there is a RefParameter without a condition.
2025-08-12 12:44:57,172 [WARN] IP:2250 - RefParam_MEMORY_2_ReadCommand not found: check if there is a RefParameter without a condition.
2025-08-12 12:44:57,172 [WARN] IP:2250 - RefParam_MEMORY_2_WrapReadCommand not found: check if there is a RefParameter without a condition.
2025-08-12 12:44:57,172 [WARN] IP:2250 - RefParam_MEMORY_2_ReadDummyCycle not found: check if there is a RefParameter without a condition.
2025-08-12 12:44:57,172 [WARN] IP:2250 - RefParam_MEMORY_2_NumberOfConfig not found: check if there is a RefParameter without a condition.
2025-08-12 12:44:57,172 [WARN] IP:2250 - RefParam_MEMORY_2_Config1_WriteMask not found: check if there is a RefParameter without a condition.
2025-08-12 12:44:57,172 [WARN] IP:2250 - RefParam_MEMORY_2_Config1_WriteValue not found: check if there is a RefParameter without a condition.
2025-08-12 12:44:57,172 [WARN] IP:2250 - RefParam_MEMORY_2_Config1_RegAddress not found: check if there is a RefParameter without a condition.
2025-08-12 12:44:57,172 [WARN] IP:2250 - RefParam_MEMORY_2_Config2_WriteMask not found: check if there is a RefParameter without a condition.
2025-08-12 12:44:57,172 [WARN] IP:2250 - RefParam_MEMORY_2_Config2_WriteValue not found: check if there is a RefParameter without a condition.
2025-08-12 12:44:57,172 [WARN] IP:2250 - RefParam_MEMORY_2_Config2_RegAddress not found: check if there is a RefParameter without a condition.
2025-08-12 12:44:57,172 [WARN] IP:2250 - RefParam_MEMORY_2_Config3_WriteMask not found: check if there is a RefParameter without a condition.
2025-08-12 12:44:57,172 [WARN] IP:2250 - RefParam_MEMORY_2_Config3_WriteValue not found: check if there is a RefParameter without a condition.
2025-08-12 12:44:57,172 [WARN] IP:2250 - RefParam_MEMORY_2_Config3_RegAddress not found: check if there is a RefParameter without a condition.
2025-08-12 12:44:57,185 [WARN] IP:2250 - pwrPrivilege not found: check if there is a RefParameter without a condition.
2025-08-12 12:44:57,264 [INFO] Middleware:1452 - No code input for Bsp Dependency
2025-08-12 12:44:57,267 [INFO] Middleware:1452 - No code input for Bsp Dependency
2025-08-12 12:44:57,270 [INFO] Middleware:1452 - No code input for Bsp Dependency
2025-08-12 12:44:57,273 [INFO] Middleware:1452 - No code input for Bsp Dependency
2025-08-12 12:44:57,274 [INFO] Middleware:1452 - No code input for Bsp Dependency
2025-08-12 12:44:57,275 [INFO] Middleware:1452 - No code input for Bsp Dependency
2025-08-12 12:44:57,275 [INFO] CodeGenerator:1619 - *******************Project context FSBL selected
2025-08-12 12:44:57,339 [INFO] CodeEngine:265 - oldGeneratedFile, C:\ST\AB_LSTM\AB_LSTM\MXTmpFiles\license.tmp_save
2025-08-12 12:44:57,589 [INFO] CodeEngine:289 - Generated code: C:\ST\AB_LSTM\AB_LSTM\MXTmpFiles\license.tmp
2025-08-12 12:44:57,649 [INFO] CodeEngine:265 - oldGeneratedFile, C:\ST\AB_LSTM\AB_LSTM\FSBL\MXTmpFiles\gpio.tmp_save
2025-08-12 12:44:57,810 [INFO] CodeEngine:289 - Generated code: C:\ST\AB_LSTM\AB_LSTM\FSBL\MXTmpFiles\gpio.tmp
2025-08-12 12:44:57,851 [WARN] IPConfigManager:103 - WARNING: Missing Config File for DEBUG ip!!
2025-08-12 12:44:57,925 [WARN] IPConfigManager:103 - WARNING: Missing Config File for HDP ip!!
2025-08-12 12:44:58,115 [WARN] IPConfigManager:103 - WARNING: Missing Config File for XSPIM ip!!
2025-08-12 12:44:58,160 [INFO] Middleware:1452 - No code input for Bsp Dependency
2025-08-12 12:44:58,167 [INFO] CodeEngine:265 - oldGeneratedFile, C:\ST\AB_LSTM\AB_LSTM\FSBL\MXTmpFiles\boot_code.tmp_save
2025-08-12 12:44:58,292 [INFO] CodeEngine:289 - Generated code: C:\ST\AB_LSTM\AB_LSTM\FSBL\MXTmpFiles\boot_code.tmp
2025-08-12 12:44:58,309 [INFO] CodeEngine:265 - oldGeneratedFile, C:\ST\AB_LSTM\AB_LSTM\FSBL\MXTmpFiles\cortex.tmp_save
2025-08-12 12:44:58,412 [INFO] CodeEngine:289 - Generated code: C:\ST\AB_LSTM\AB_LSTM\FSBL\MXTmpFiles\cortex.tmp
2025-08-12 12:44:58,417 [INFO] Middleware:1452 - No code input for Bsp Dependency
2025-08-12 12:44:58,427 [INFO] CodeEngine:265 - oldGeneratedFile, C:\ST\AB_LSTM\AB_LSTM\FSBL\Core\Inc\extmem_manager.h_save
2025-08-12 12:44:58,509 [INFO] CodeEngine:289 - Generated code: C:\ST\AB_LSTM\AB_LSTM\FSBL\Core\Inc\extmem_manager.h
2025-08-12 12:44:58,516 [INFO] CodeEngine:265 - oldGeneratedFile, C:\ST\AB_LSTM\AB_LSTM\FSBL\Core\Src\extmem_manager.c_save
2025-08-12 12:44:58,597 [INFO] CodeEngine:289 - Generated code: C:\ST\AB_LSTM\AB_LSTM\FSBL\Core\Src\extmem_manager.c
2025-08-12 12:44:58,604 [INFO] CodeEngine:265 - oldGeneratedFile, C:\ST\AB_LSTM\AB_LSTM\FSBL\Core\Inc\stm32_extmem_conf.h_save
2025-08-12 12:44:58,685 [INFO] CodeEngine:289 - Generated code: C:\ST\AB_LSTM\AB_LSTM\FSBL\Core\Inc\stm32_extmem_conf.h
2025-08-12 12:44:58,692 [INFO] CodeEngine:265 - oldGeneratedFile, C:\ST\AB_LSTM\AB_LSTM\FSBL\MXTmpFiles\boot_code.tmp_save
2025-08-12 12:44:58,732 [INFO] CodeEngine:289 - Generated code: C:\ST\AB_LSTM\AB_LSTM\FSBL\MXTmpFiles\boot_code.tmp
2025-08-12 12:44:58,760 [INFO] CodeEngine:265 - oldGeneratedFile, C:\ST\AB_LSTM\AB_LSTM\FSBL\Core\Src\stm32n6xx_it.c_save
2025-08-12 12:44:58,844 [INFO] CodeEngine:289 - Generated code: C:\ST\AB_LSTM\AB_LSTM\FSBL\Core\Src\stm32n6xx_it.c
2025-08-12 12:44:58,852 [INFO] CodeEngine:265 - oldGeneratedFile, C:\ST\AB_LSTM\AB_LSTM\FSBL\Core\Inc\stm32n6xx_it.h_save
2025-08-12 12:44:58,906 [INFO] CodeEngine:289 - Generated code: C:\ST\AB_LSTM\AB_LSTM\FSBL\Core\Inc\stm32n6xx_it.h
2025-08-12 12:44:58,984 [INFO] CodeEngine:265 - oldGeneratedFile, C:\ST\AB_LSTM\AB_LSTM\FSBL\Core\Src\stm32n6xx_hal_msp.c_save
2025-08-12 12:44:59,096 [INFO] CodeEngine:289 - Generated code: C:\ST\AB_LSTM\AB_LSTM\FSBL\Core\Src\stm32n6xx_hal_msp.c
2025-08-12 12:44:59,101 [INFO] CodeEngine:265 - oldGeneratedFile, C:\ST\AB_LSTM\AB_LSTM\FSBL\MXTmpFiles\system.tmp_save
2025-08-12 12:44:59,141 [INFO] CodeEngine:289 - Generated code: C:\ST\AB_LSTM\AB_LSTM\FSBL\MXTmpFiles\system.tmp
2025-08-12 12:44:59,155 [INFO] CodeEngine:321 - oldGeneratedFile, C:\ST\AB_LSTM\AB_LSTM\FSBL\Core\Inc\stm32n6xx_hal_conf.h_save
2025-08-12 12:44:59,264 [INFO] CodeEngine:345 - Generated code: C:\ST\AB_LSTM\AB_LSTM\FSBL\Core\Inc\stm32n6xx_hal_conf.h
2025-08-12 12:44:59,280 [WARN] IPConfigManager:3238 - Warning: the RefConfig RCC_ConfigVoltageScaling is not available in your config.xml file
2025-08-12 12:44:59,285 [WARN] IPConfigManager:3238 - Warning: the RefConfig RCC_RTC_HSEDIV is not available in your config.xml file
2025-08-12 12:44:59,290 [ERROR] ApiDbMcu:560 - Cannot parse HDP_Config file : file do not exist
2025-08-12 12:44:59,290 [ERROR] ApiDbMcu:560 - Cannot parse XSPIM_Config file : file do not exist
2025-08-12 12:44:59,310 [INFO] CodeEngine:265 - oldGeneratedFile, C:\ST\AB_LSTM\AB_LSTM\FSBL\Core\Inc\main.h_save
2025-08-12 12:44:59,400 [INFO] CodeEngine:289 - Generated code: C:\ST\AB_LSTM\AB_LSTM\FSBL\Core\Inc\main.h
2025-08-12 12:44:59,407 [INFO] CodeEngine:265 - oldGeneratedFile, C:\ST\AB_LSTM\AB_LSTM\FSBL\Core\Src\main.c_save
2025-08-12 12:44:59,543 [INFO] CodeEngine:289 - Generated code: C:\ST\AB_LSTM\AB_LSTM\FSBL\Core\Src\main.c
2025-08-12 12:44:59,578 [INFO] CodeGenerator:1619 - *******************Project context Appli selected
2025-08-12 12:44:59,608 [INFO] CodeEngine:265 - oldGeneratedFile, C:\ST\AB_LSTM\AB_LSTM\MXTmpFiles\license.tmp_save
2025-08-12 12:44:59,664 [INFO] CodeEngine:289 - Generated code: C:\ST\AB_LSTM\AB_LSTM\MXTmpFiles\license.tmp
2025-08-12 12:44:59,679 [INFO] CodeEngine:265 - oldGeneratedFile, C:\ST\AB_LSTM\AB_LSTM\Appli\MXTmpFiles\gpio.tmp_save
2025-08-12 12:44:59,747 [INFO] CodeEngine:289 - Generated code: C:\ST\AB_LSTM\AB_LSTM\Appli\MXTmpFiles\gpio.tmp
2025-08-12 12:44:59,760 [WARN] IPConfigManager:103 - WARNING: Missing Config File for DEBUG ip!!
2025-08-12 12:44:59,784 [WARN] IPConfigManager:103 - WARNING: Missing Config File for NVIC ip!!
2025-08-12 12:44:59,805 [INFO] CodeEngine:265 - oldGeneratedFile, C:\ST\AB_LSTM\AB_LSTM\Appli\MXTmpFiles\cortex.tmp_save
2025-08-12 12:44:59,860 [INFO] CodeEngine:289 - Generated code: C:\ST\AB_LSTM\AB_LSTM\Appli\MXTmpFiles\cortex.tmp
2025-08-12 12:44:59,881 [INFO] CodeEngine:265 - oldGeneratedFile, C:\ST\AB_LSTM\AB_LSTM\Appli\Core\Src\stm32n6xx_it.c_save
2025-08-12 12:44:59,949 [INFO] CodeEngine:289 - Generated code: C:\ST\AB_LSTM\AB_LSTM\Appli\Core\Src\stm32n6xx_it.c
2025-08-12 12:44:59,955 [INFO] CodeEngine:265 - oldGeneratedFile, C:\ST\AB_LSTM\AB_LSTM\Appli\Core\Inc\stm32n6xx_it.h_save
2025-08-12 12:44:59,991 [INFO] CodeEngine:289 - Generated code: C:\ST\AB_LSTM\AB_LSTM\Appli\Core\Inc\stm32n6xx_it.h
2025-08-12 12:45:00,000 [INFO] CodeEngine:265 - oldGeneratedFile, C:\ST\AB_LSTM\AB_LSTM\Appli\MXTmpFiles\RIFInit.tmp_save
2025-08-12 12:45:00,072 [INFO] CodeEngine:289 - Generated code: C:\ST\AB_LSTM\AB_LSTM\Appli\MXTmpFiles\RIFInit.tmp
2025-08-12 12:45:00,112 [INFO] CodeEngine:265 - oldGeneratedFile, C:\ST\AB_LSTM\AB_LSTM\Appli\Core\Src\stm32n6xx_hal_msp.c_save
2025-08-12 12:45:00,199 [INFO] CodeEngine:289 - Generated code: C:\ST\AB_LSTM\AB_LSTM\Appli\Core\Src\stm32n6xx_hal_msp.c
2025-08-12 12:45:00,204 [INFO] CodeEngine:265 - oldGeneratedFile, C:\ST\AB_LSTM\AB_LSTM\Appli\MXTmpFiles\system.tmp_save
2025-08-12 12:45:00,238 [INFO] CodeEngine:289 - Generated code: C:\ST\AB_LSTM\AB_LSTM\Appli\MXTmpFiles\system.tmp
2025-08-12 12:45:00,250 [INFO] CodeEngine:321 - oldGeneratedFile, C:\ST\AB_LSTM\AB_LSTM\Appli\Core\Inc\stm32n6xx_hal_conf.h_save
2025-08-12 12:45:00,344 [INFO] CodeEngine:345 - Generated code: C:\ST\AB_LSTM\AB_LSTM\Appli\Core\Inc\stm32n6xx_hal_conf.h
2025-08-12 12:45:00,359 [WARN] IPConfigManager:3238 - Warning: the RefConfig RCC_ConfigVoltageScaling is not available in your config.xml file
2025-08-12 12:45:00,360 [WARN] IPConfigManager:3238 - Warning: the RefConfig RCC_RTC_HSEDIV is not available in your config.xml file
2025-08-12 12:45:00,373 [INFO] CodeEngine:265 - oldGeneratedFile, C:\ST\AB_LSTM\AB_LSTM\Appli\Core\Inc\main.h_save
2025-08-12 12:45:00,445 [INFO] CodeEngine:289 - Generated code: C:\ST\AB_LSTM\AB_LSTM\Appli\Core\Inc\main.h
2025-08-12 12:45:00,450 [INFO] CodeEngine:265 - oldGeneratedFile, C:\ST\AB_LSTM\AB_LSTM\Appli\Core\Src\main.c_save
2025-08-12 12:45:00,547 [INFO] CodeEngine:289 - Generated code: C:\ST\AB_LSTM\AB_LSTM\Appli\Core\Src\main.c
2025-08-12 12:45:00,561 [INFO] CodeEngine:265 - oldGeneratedFile, C:\ST\AB_LSTM\AB_LSTM\Appli\Core\Src\secure_nsc.c_save
2025-08-12 12:45:00,621 [INFO] CodeEngine:289 - Generated code: C:\ST\AB_LSTM\AB_LSTM\Appli\Core\Src\secure_nsc.c
2025-08-12 12:45:00,626 [INFO] CodeEngine:265 - oldGeneratedFile, C:\ST\AB_LSTM\AB_LSTM\Appli\Core\Inc\partition_stm32n657xx.h_save
2025-08-12 12:45:00,692 [INFO] CodeEngine:289 - Generated code: C:\ST\AB_LSTM\AB_LSTM\Appli\Core\Inc\partition_stm32n657xx.h
2025-08-12 12:45:00,698 [INFO] CodeEngine:265 - oldGeneratedFile, C:\ST\AB_LSTM\AB_LSTM\Secure_nsclib\secure_nsc.h_save
2025-08-12 12:45:00,731 [INFO] CodeEngine:289 - Generated code: C:\ST\AB_LSTM\AB_LSTM\Secure_nsclib\secure_nsc.h
2025-08-12 12:45:00,769 [INFO] CodeGenerator:1707 - *******************Project context ExtMemLoader Not selected
2025-08-12 12:45:01,179 [INFO] ProjectBuilder:3606 - Time for Copy HAL[1] : 264mS.
2025-08-12 12:45:01,188 [INFO] ProjectBuilder:5216 - Project Generator version: 4.7.0-B52
2025-08-12 12:45:01,228 [INFO] ConfigFileManager:1595 - The Die is : DIE486
2025-08-12 12:45:05,488 [INFO] ProjectBuilder:5056 - Time for Generating toolchain IDE Files: 4300mS.
2025-08-12 12:45:05,490 [INFO] ProjectBuilder:3463 - Time for Copy CMSIS : 2mS.
2025-08-12 12:45:05,494 [INFO] ProjectBuilder:3463 - Time for Copy CMSIS : 0mS.
2025-08-12 12:45:53,088 [WARN] IP:2250 - RefParam_LRUN_SRC_memory not found: check if there is a RefParameter without a condition.
2025-08-12 12:45:53,088 [WARN] IP:2250 - RefParam_LRUN_SRC_offset not found: check if there is a RefParameter without a condition.
2025-08-12 12:45:53,088 [WARN] IP:2250 - RefParam_LRUN_SRC_size not found: check if there is a RefParameter without a condition.
2025-08-12 12:45:53,088 [WARN] IP:2250 - RefParam_LRUN_DEST_memory not found: check if there is a RefParameter without a condition.
2025-08-12 12:45:53,089 [WARN] IP:2250 - RefParam_LRUN_DEST_offset not found: check if there is a RefParameter without a condition.
2025-08-12 12:45:53,089 [WARN] IP:2250 - RefParam_MEMORY_1_Size not found: check if there is a RefParameter without a condition.
2025-08-12 12:45:53,089 [WARN] IP:2250 - RefParam_MEMORY_1_FreqMax not found: check if there is a RefParameter without a condition.
2025-08-12 12:45:53,089 [WARN] IP:2250 - RefParam_MEMORY_1_ReadReg not found: check if there is a RefParameter without a condition.
2025-08-12 12:45:53,089 [WARN] IP:2250 - RefParam_MEMORY_1_WriteReg not found: check if there is a RefParameter without a condition.
2025-08-12 12:45:53,089 [WARN] IP:2250 - RefParam_MEMORY_1_RegSize not found: check if there is a RefParameter without a condition.
2025-08-12 12:45:53,089 [WARN] IP:2250 - RefParam_MEMORY_1_RegDummyCycle not found: check if there is a RefParameter without a condition.
2025-08-12 12:45:53,089 [WARN] IP:2250 - RefParam_MEMORY_1_WriteCommand not found: check if there is a RefParameter without a condition.
2025-08-12 12:45:53,089 [WARN] IP:2250 - RefParam_MEMORY_1_WriteDummyCycle not found: check if there is a RefParameter without a condition.
2025-08-12 12:45:53,089 [WARN] IP:2250 - RefParam_MEMORY_1_ReadCommand not found: check if there is a RefParameter without a condition.
2025-08-12 12:45:53,089 [WARN] IP:2250 - RefParam_MEMORY_1_WrapReadCommand not found: check if there is a RefParameter without a condition.
2025-08-12 12:45:53,089 [WARN] IP:2250 - RefParam_MEMORY_1_ReadDummyCycle not found: check if there is a RefParameter without a condition.
2025-08-12 12:45:53,089 [WARN] IP:2250 - RefParam_MEMORY_1_NumberOfConfig not found: check if there is a RefParameter without a condition.
2025-08-12 12:45:53,089 [WARN] IP:2250 - RefParam_MEMORY_1_Config1_WriteMask not found: check if there is a RefParameter without a condition.
2025-08-12 12:45:53,089 [WARN] IP:2250 - RefParam_MEMORY_1_Config1_WriteValue not found: check if there is a RefParameter without a condition.
2025-08-12 12:45:53,089 [WARN] IP:2250 - RefParam_MEMORY_1_Config1_RegAddress not found: check if there is a RefParameter without a condition.
2025-08-12 12:45:53,089 [WARN] IP:2250 - RefParam_MEMORY_1_Config2_WriteMask not found: check if there is a RefParameter without a condition.
2025-08-12 12:45:53,089 [WARN] IP:2250 - RefParam_MEMORY_1_Config2_WriteValue not found: check if there is a RefParameter without a condition.
2025-08-12 12:45:53,089 [WARN] IP:2250 - RefParam_MEMORY_1_Config2_RegAddress not found: check if there is a RefParameter without a condition.
2025-08-12 12:45:53,089 [WARN] IP:2250 - RefParam_MEMORY_1_Config3_WriteMask not found: check if there is a RefParameter without a condition.
2025-08-12 12:45:53,089 [WARN] IP:2250 - RefParam_MEMORY_1_Config3_WriteValue not found: check if there is a RefParameter without a condition.
2025-08-12 12:45:53,089 [WARN] IP:2250 - RefParam_MEMORY_1_Config3_RegAddress not found: check if there is a RefParameter without a condition.
2025-08-12 12:45:53,089 [WARN] IP:2250 - RefParam_MEMORY_2_Instance not found: check if there is a RefParameter without a condition.
2025-08-12 12:45:53,089 [WARN] IP:2250 - RefParam_MEMORY_2_ConfigType not found: check if there is a RefParameter without a condition.
2025-08-12 12:45:53,089 [WARN] IP:2250 - RefParam_MEMORY_2_Size not found: check if there is a RefParameter without a condition.
2025-08-12 12:45:53,089 [WARN] IP:2250 - RefParam_MEMORY_2_FreqMax not found: check if there is a RefParameter without a condition.
2025-08-12 12:45:53,089 [WARN] IP:2250 - RefParam_MEMORY_2_ReadReg not found: check if there is a RefParameter without a condition.
2025-08-12 12:45:53,089 [WARN] IP:2250 - RefParam_MEMORY_2_WriteReg not found: check if there is a RefParameter without a condition.
2025-08-12 12:45:53,089 [WARN] IP:2250 - RefParam_MEMORY_2_RegSize not found: check if there is a RefParameter without a condition.
2025-08-12 12:45:53,089 [WARN] IP:2250 - RefParam_MEMORY_2_RegDummyCycle not found: check if there is a RefParameter without a condition.
2025-08-12 12:45:53,089 [WARN] IP:2250 - RefParam_MEMORY_2_WriteCommand not found: check if there is a RefParameter without a condition.
2025-08-12 12:45:53,089 [WARN] IP:2250 - RefParam_MEMORY_2_WriteDummyCycle not found: check if there is a RefParameter without a condition.
2025-08-12 12:45:53,089 [WARN] IP:2250 - RefParam_MEMORY_2_ReadCommand not found: check if there is a RefParameter without a condition.
2025-08-12 12:45:53,089 [WARN] IP:2250 - RefParam_MEMORY_2_WrapReadCommand not found: check if there is a RefParameter without a condition.
2025-08-12 12:45:53,089 [WARN] IP:2250 - RefParam_MEMORY_2_ReadDummyCycle not found: check if there is a RefParameter without a condition.
2025-08-12 12:45:53,089 [WARN] IP:2250 - RefParam_MEMORY_2_NumberOfConfig not found: check if there is a RefParameter without a condition.
2025-08-12 12:45:53,090 [WARN] IP:2250 - RefParam_MEMORY_2_Config1_WriteMask not found: check if there is a RefParameter without a condition.
2025-08-12 12:45:53,090 [WARN] IP:2250 - RefParam_MEMORY_2_Config1_WriteValue not found: check if there is a RefParameter without a condition.
2025-08-12 12:45:53,090 [WARN] IP:2250 - RefParam_MEMORY_2_Config1_RegAddress not found: check if there is a RefParameter without a condition.
2025-08-12 12:45:53,090 [WARN] IP:2250 - RefParam_MEMORY_2_Config2_WriteMask not found: check if there is a RefParameter without a condition.
2025-08-12 12:45:53,090 [WARN] IP:2250 - RefParam_MEMORY_2_Config2_WriteValue not found: check if there is a RefParameter without a condition.
2025-08-12 12:45:53,090 [WARN] IP:2250 - RefParam_MEMORY_2_Config2_RegAddress not found: check if there is a RefParameter without a condition.
2025-08-12 12:45:53,090 [WARN] IP:2250 - RefParam_MEMORY_2_Config3_WriteMask not found: check if there is a RefParameter without a condition.
2025-08-12 12:45:53,090 [WARN] IP:2250 - RefParam_MEMORY_2_Config3_WriteValue not found: check if there is a RefParameter without a condition.
2025-08-12 12:45:53,090 [WARN] IP:2250 - RefParam_MEMORY_2_Config3_RegAddress not found: check if there is a RefParameter without a condition.
2025-08-12 12:45:53,099 [WARN] IP:2250 - pwrPrivilege not found: check if there is a RefParameter without a condition.
2025-08-12 12:45:53,099 [WARN] IP:2250 - pwrPrivilege not found: check if there is a RefParameter without a condition.
2025-08-12 12:45:53,108 [WARN] IP:2250 - Memorytype0 not found: check if there is a RefParameter without a condition.
2025-08-12 12:45:53,108 [WARN] IP:2250 - LL_DeviceAttribute20 not found: check if there is a RefParameter without a condition.
2025-08-12 12:45:53,108 [WARN] IP:2250 - DeviceAttribute0 not found: check if there is a RefParameter without a condition.
2025-08-12 12:45:53,108 [WARN] IP:2250 - DeviceAttribute20 not found: check if there is a RefParameter without a condition.
2025-08-12 12:45:53,109 [WARN] IP:2250 - DeviceAttribute1 not found: check if there is a RefParameter without a condition.
2025-08-12 12:45:53,109 [WARN] IP:2250 - Memorytype2 not found: check if there is a RefParameter without a condition.
2025-08-12 12:45:53,109 [WARN] IP:2250 - LL_DeviceAttribute22 not found: check if there is a RefParameter without a condition.
2025-08-12 12:45:53,109 [WARN] IP:2250 - DeviceAttribute2 not found: check if there is a RefParameter without a condition.
2025-08-12 12:45:53,109 [WARN] IP:2250 - Memorytype3 not found: check if there is a RefParameter without a condition.
2025-08-12 12:45:53,109 [WARN] IP:2250 - LL_DeviceAttribute23 not found: check if there is a RefParameter without a condition.
2025-08-12 12:45:53,109 [WARN] IP:2250 - DeviceAttribute3 not found: check if there is a RefParameter without a condition.
2025-08-12 12:45:53,109 [WARN] IP:2250 - Memorytype4 not found: check if there is a RefParameter without a condition.
2025-08-12 12:45:53,109 [WARN] IP:2250 - LL_DeviceAttribute24 not found: check if there is a RefParameter without a condition.
2025-08-12 12:45:53,109 [WARN] IP:2250 - DeviceAttribute4 not found: check if there is a RefParameter without a condition.
2025-08-12 12:45:53,109 [WARN] IP:2250 - Memorytype5 not found: check if there is a RefParameter without a condition.
2025-08-12 12:45:53,109 [WARN] IP:2250 - LL_DeviceAttribute25 not found: check if there is a RefParameter without a condition.
2025-08-12 12:45:53,109 [WARN] IP:2250 - DeviceAttribute5 not found: check if there is a RefParameter without a condition.
2025-08-12 12:45:53,109 [WARN] IP:2250 - Memorytype6 not found: check if there is a RefParameter without a condition.
2025-08-12 12:45:53,109 [WARN] IP:2250 - LL_DeviceAttribute26 not found: check if there is a RefParameter without a condition.
2025-08-12 12:45:53,109 [WARN] IP:2250 - DeviceAttribute6 not found: check if there is a RefParameter without a condition.
2025-08-12 12:45:53,109 [WARN] IP:2250 - Memorytype7 not found: check if there is a RefParameter without a condition.
2025-08-12 12:45:53,109 [WARN] IP:2250 - LL_DeviceAttribute27 not found: check if there is a RefParameter without a condition.
2025-08-12 12:45:53,109 [WARN] IP:2250 - DeviceAttribute7 not found: check if there is a RefParameter without a condition.
2025-08-12 12:45:53,229 [WARN] IP:2250 - DeviceAttribute0 not found: check if there is a RefParameter without a condition.
2025-08-12 12:45:53,230 [WARN] IP:2250 - Memorytype1 not found: check if there is a RefParameter without a condition.
2025-08-12 12:45:53,230 [WARN] IP:2250 - DeviceAttribute1 not found: check if there is a RefParameter without a condition.
2025-08-12 12:45:53,230 [WARN] IP:2250 - LL_DeviceAttribute21 not found: check if there is a RefParameter without a condition.
2025-08-12 12:45:53,230 [WARN] IP:2250 - Memorytype2 not found: check if there is a RefParameter without a condition.
2025-08-12 12:45:53,230 [WARN] IP:2250 - DeviceAttribute2 not found: check if there is a RefParameter without a condition.
2025-08-12 12:45:53,230 [WARN] IP:2250 - LL_DeviceAttribute22 not found: check if there is a RefParameter without a condition.
2025-08-12 12:45:53,230 [WARN] IP:2250 - Memorytype3 not found: check if there is a RefParameter without a condition.
2025-08-12 12:45:53,230 [WARN] IP:2250 - DeviceAttribute3 not found: check if there is a RefParameter without a condition.
2025-08-12 12:45:53,230 [WARN] IP:2250 - LL_DeviceAttribute23 not found: check if there is a RefParameter without a condition.
2025-08-12 12:45:53,230 [WARN] IP:2250 - Memorytype4 not found: check if there is a RefParameter without a condition.
2025-08-12 12:45:53,230 [WARN] IP:2250 - DeviceAttribute4 not found: check if there is a RefParameter without a condition.
2025-08-12 12:45:53,230 [WARN] IP:2250 - LL_DeviceAttribute24 not found: check if there is a RefParameter without a condition.
2025-08-12 12:45:53,230 [WARN] IP:2250 - Memorytype5 not found: check if there is a RefParameter without a condition.
2025-08-12 12:45:53,230 [WARN] IP:2250 - DeviceAttribute5 not found: check if there is a RefParameter without a condition.
2025-08-12 12:45:53,231 [WARN] IP:2250 - LL_DeviceAttribute25 not found: check if there is a RefParameter without a condition.
2025-08-12 12:45:53,231 [WARN] IP:2250 - Memorytype6 not found: check if there is a RefParameter without a condition.
2025-08-12 12:45:53,231 [WARN] IP:2250 - DeviceAttribute6 not found: check if there is a RefParameter without a condition.
2025-08-12 12:45:53,231 [WARN] IP:2250 - LL_DeviceAttribute26 not found: check if there is a RefParameter without a condition.
2025-08-12 12:45:53,231 [WARN] IP:2250 - Memorytype7 not found: check if there is a RefParameter without a condition.
2025-08-12 12:45:53,231 [WARN] IP:2250 - DeviceAttribute7 not found: check if there is a RefParameter without a condition.
2025-08-12 12:45:53,231 [WARN] IP:2250 - LL_DeviceAttribute27 not found: check if there is a RefParameter without a condition.
2025-08-12 12:45:53,418 [INFO] Gpio:278 - dependency for GPIO [ADC1, DEBUG, HDP, LPUART1, XSPI2]
2025-08-12 12:45:53,544 [INFO] Gpio:278 - dependency for GPIO [ADC1, DEBUG, HDP, LPUART1, XSPI2]
2025-08-12 12:45:56,821 [INFO] Gpio:278 - dependency for GPIO [ADC1, DEBUG, HDP, LPUART1, XSPI2]
2025-08-12 12:45:57,120 [WARN] IP:2250 - RefParam_LRUN_SRC_memory not found: check if there is a RefParameter without a condition.
2025-08-12 12:45:57,120 [WARN] IP:2250 - RefParam_LRUN_SRC_offset not found: check if there is a RefParameter without a condition.
2025-08-12 12:45:57,120 [WARN] IP:2250 - RefParam_LRUN_SRC_size not found: check if there is a RefParameter without a condition.
2025-08-12 12:45:57,120 [WARN] IP:2250 - RefParam_LRUN_DEST_memory not found: check if there is a RefParameter without a condition.
2025-08-12 12:45:57,120 [WARN] IP:2250 - RefParam_LRUN_DEST_offset not found: check if there is a RefParameter without a condition.
2025-08-12 12:45:57,120 [WARN] IP:2250 - RefParam_MEMORY_1_Size not found: check if there is a RefParameter without a condition.
2025-08-12 12:45:57,120 [WARN] IP:2250 - RefParam_MEMORY_1_FreqMax not found: check if there is a RefParameter without a condition.
2025-08-12 12:45:57,120 [WARN] IP:2250 - RefParam_MEMORY_1_ReadReg not found: check if there is a RefParameter without a condition.
2025-08-12 12:45:57,120 [WARN] IP:2250 - RefParam_MEMORY_1_WriteReg not found: check if there is a RefParameter without a condition.
2025-08-12 12:45:57,120 [WARN] IP:2250 - RefParam_MEMORY_1_RegSize not found: check if there is a RefParameter without a condition.
2025-08-12 12:45:57,120 [WARN] IP:2250 - RefParam_MEMORY_1_RegDummyCycle not found: check if there is a RefParameter without a condition.
2025-08-12 12:45:57,120 [WARN] IP:2250 - RefParam_MEMORY_1_WriteCommand not found: check if there is a RefParameter without a condition.
2025-08-12 12:45:57,120 [WARN] IP:2250 - RefParam_MEMORY_1_WriteDummyCycle not found: check if there is a RefParameter without a condition.
2025-08-12 12:45:57,120 [WARN] IP:2250 - RefParam_MEMORY_1_ReadCommand not found: check if there is a RefParameter without a condition.
2025-08-12 12:45:57,120 [WARN] IP:2250 - RefParam_MEMORY_1_WrapReadCommand not found: check if there is a RefParameter without a condition.
2025-08-12 12:45:57,120 [WARN] IP:2250 - RefParam_MEMORY_1_ReadDummyCycle not found: check if there is a RefParameter without a condition.
2025-08-12 12:45:57,120 [WARN] IP:2250 - RefParam_MEMORY_1_NumberOfConfig not found: check if there is a RefParameter without a condition.
2025-08-12 12:45:57,120 [WARN] IP:2250 - RefParam_MEMORY_1_Config1_WriteMask not found: check if there is a RefParameter without a condition.
2025-08-12 12:45:57,120 [WARN] IP:2250 - RefParam_MEMORY_1_Config1_WriteValue not found: check if there is a RefParameter without a condition.
2025-08-12 12:45:57,120 [WARN] IP:2250 - RefParam_MEMORY_1_Config1_RegAddress not found: check if there is a RefParameter without a condition.
2025-08-12 12:45:57,120 [WARN] IP:2250 - RefParam_MEMORY_1_Config2_WriteMask not found: check if there is a RefParameter without a condition.
2025-08-12 12:45:57,120 [WARN] IP:2250 - RefParam_MEMORY_1_Config2_WriteValue not found: check if there is a RefParameter without a condition.
2025-08-12 12:45:57,120 [WARN] IP:2250 - RefParam_MEMORY_1_Config2_RegAddress not found: check if there is a RefParameter without a condition.
2025-08-12 12:45:57,120 [WARN] IP:2250 - RefParam_MEMORY_1_Config3_WriteMask not found: check if there is a RefParameter without a condition.
2025-08-12 12:45:57,120 [WARN] IP:2250 - RefParam_MEMORY_1_Config3_WriteValue not found: check if there is a RefParameter without a condition.
2025-08-12 12:45:57,120 [WARN] IP:2250 - RefParam_MEMORY_1_Config3_RegAddress not found: check if there is a RefParameter without a condition.
2025-08-12 12:45:57,120 [WARN] IP:2250 - RefParam_MEMORY_2_Instance not found: check if there is a RefParameter without a condition.
2025-08-12 12:45:57,120 [WARN] IP:2250 - RefParam_MEMORY_2_ConfigType not found: check if there is a RefParameter without a condition.
2025-08-12 12:45:57,120 [WARN] IP:2250 - RefParam_MEMORY_2_Size not found: check if there is a RefParameter without a condition.
2025-08-12 12:45:57,120 [WARN] IP:2250 - RefParam_MEMORY_2_FreqMax not found: check if there is a RefParameter without a condition.
2025-08-12 12:45:57,120 [WARN] IP:2250 - RefParam_MEMORY_2_ReadReg not found: check if there is a RefParameter without a condition.
2025-08-12 12:45:57,120 [WARN] IP:2250 - RefParam_MEMORY_2_WriteReg not found: check if there is a RefParameter without a condition.
2025-08-12 12:45:57,120 [WARN] IP:2250 - RefParam_MEMORY_2_RegSize not found: check if there is a RefParameter without a condition.
2025-08-12 12:45:57,120 [WARN] IP:2250 - RefParam_MEMORY_2_RegDummyCycle not found: check if there is a RefParameter without a condition.
2025-08-12 12:45:57,120 [WARN] IP:2250 - RefParam_MEMORY_2_WriteCommand not found: check if there is a RefParameter without a condition.
2025-08-12 12:45:57,120 [WARN] IP:2250 - RefParam_MEMORY_2_WriteDummyCycle not found: check if there is a RefParameter without a condition.
2025-08-12 12:45:57,121 [WARN] IP:2250 - RefParam_MEMORY_2_ReadCommand not found: check if there is a RefParameter without a condition.
2025-08-12 12:45:57,121 [WARN] IP:2250 - RefParam_MEMORY_2_WrapReadCommand not found: check if there is a RefParameter without a condition.
2025-08-12 12:45:57,121 [WARN] IP:2250 - RefParam_MEMORY_2_ReadDummyCycle not found: check if there is a RefParameter without a condition.
2025-08-12 12:45:57,121 [WARN] IP:2250 - RefParam_MEMORY_2_NumberOfConfig not found: check if there is a RefParameter without a condition.
2025-08-12 12:45:57,121 [WARN] IP:2250 - RefParam_MEMORY_2_Config1_WriteMask not found: check if there is a RefParameter without a condition.
2025-08-12 12:45:57,121 [WARN] IP:2250 - RefParam_MEMORY_2_Config1_WriteValue not found: check if there is a RefParameter without a condition.
2025-08-12 12:45:57,121 [WARN] IP:2250 - RefParam_MEMORY_2_Config1_RegAddress not found: check if there is a RefParameter without a condition.
2025-08-12 12:45:57,121 [WARN] IP:2250 - RefParam_MEMORY_2_Config2_WriteMask not found: check if there is a RefParameter without a condition.
2025-08-12 12:45:57,121 [WARN] IP:2250 - RefParam_MEMORY_2_Config2_WriteValue not found: check if there is a RefParameter without a condition.
2025-08-12 12:45:57,121 [WARN] IP:2250 - RefParam_MEMORY_2_Config2_RegAddress not found: check if there is a RefParameter without a condition.
2025-08-12 12:45:57,121 [WARN] IP:2250 - RefParam_MEMORY_2_Config3_WriteMask not found: check if there is a RefParameter without a condition.
2025-08-12 12:45:57,121 [WARN] IP:2250 - RefParam_MEMORY_2_Config3_WriteValue not found: check if there is a RefParameter without a condition.
2025-08-12 12:45:57,121 [WARN] IP:2250 - RefParam_MEMORY_2_Config3_RegAddress not found: check if there is a RefParameter without a condition.
2025-08-12 12:45:57,126 [WARN] IP:2250 - pwrPrivilege not found: check if there is a RefParameter without a condition.
2025-08-12 12:45:57,126 [WARN] IP:2250 - pwrPrivilege not found: check if there is a RefParameter without a condition.
2025-08-12 12:45:57,132 [WARN] IP:2250 - Memorytype0 not found: check if there is a RefParameter without a condition.
2025-08-12 12:45:57,132 [WARN] IP:2250 - LL_DeviceAttribute20 not found: check if there is a RefParameter without a condition.
2025-08-12 12:45:57,132 [WARN] IP:2250 - DeviceAttribute0 not found: check if there is a RefParameter without a condition.
2025-08-12 12:45:57,132 [WARN] IP:2250 - DeviceAttribute20 not found: check if there is a RefParameter without a condition.
2025-08-12 12:45:57,132 [WARN] IP:2250 - DeviceAttribute1 not found: check if there is a RefParameter without a condition.
2025-08-12 12:45:57,132 [WARN] IP:2250 - Memorytype2 not found: check if there is a RefParameter without a condition.
2025-08-12 12:45:57,132 [WARN] IP:2250 - LL_DeviceAttribute22 not found: check if there is a RefParameter without a condition.
2025-08-12 12:45:57,132 [WARN] IP:2250 - DeviceAttribute2 not found: check if there is a RefParameter without a condition.
2025-08-12 12:45:57,132 [WARN] IP:2250 - Memorytype3 not found: check if there is a RefParameter without a condition.
2025-08-12 12:45:57,132 [WARN] IP:2250 - LL_DeviceAttribute23 not found: check if there is a RefParameter without a condition.
2025-08-12 12:45:57,132 [WARN] IP:2250 - DeviceAttribute3 not found: check if there is a RefParameter without a condition.
2025-08-12 12:45:57,132 [WARN] IP:2250 - Memorytype4 not found: check if there is a RefParameter without a condition.
2025-08-12 12:45:57,132 [WARN] IP:2250 - LL_DeviceAttribute24 not found: check if there is a RefParameter without a condition.
2025-08-12 12:45:57,132 [WARN] IP:2250 - DeviceAttribute4 not found: check if there is a RefParameter without a condition.
2025-08-12 12:45:57,132 [WARN] IP:2250 - Memorytype5 not found: check if there is a RefParameter without a condition.
2025-08-12 12:45:57,132 [WARN] IP:2250 - LL_DeviceAttribute25 not found: check if there is a RefParameter without a condition.
2025-08-12 12:45:57,132 [WARN] IP:2250 - DeviceAttribute5 not found: check if there is a RefParameter without a condition.
2025-08-12 12:45:57,133 [WARN] IP:2250 - Memorytype6 not found: check if there is a RefParameter without a condition.
2025-08-12 12:45:57,133 [WARN] IP:2250 - LL_DeviceAttribute26 not found: check if there is a RefParameter without a condition.
2025-08-12 12:45:57,133 [WARN] IP:2250 - DeviceAttribute6 not found: check if there is a RefParameter without a condition.
2025-08-12 12:45:57,133 [WARN] IP:2250 - Memorytype7 not found: check if there is a RefParameter without a condition.
2025-08-12 12:45:57,133 [WARN] IP:2250 - LL_DeviceAttribute27 not found: check if there is a RefParameter without a condition.
2025-08-12 12:45:57,133 [WARN] IP:2250 - DeviceAttribute7 not found: check if there is a RefParameter without a condition.
2025-08-12 12:45:57,184 [WARN] IP:2250 - DeviceAttribute0 not found: check if there is a RefParameter without a condition.
2025-08-12 12:45:57,184 [WARN] IP:2250 - Memorytype1 not found: check if there is a RefParameter without a condition.
2025-08-12 12:45:57,184 [WARN] IP:2250 - DeviceAttribute1 not found: check if there is a RefParameter without a condition.
2025-08-12 12:45:57,184 [WARN] IP:2250 - LL_DeviceAttribute21 not found: check if there is a RefParameter without a condition.
2025-08-12 12:45:57,185 [WARN] IP:2250 - Memorytype2 not found: check if there is a RefParameter without a condition.
2025-08-12 12:45:57,185 [WARN] IP:2250 - DeviceAttribute2 not found: check if there is a RefParameter without a condition.
2025-08-12 12:45:57,185 [WARN] IP:2250 - LL_DeviceAttribute22 not found: check if there is a RefParameter without a condition.
2025-08-12 12:45:57,185 [WARN] IP:2250 - Memorytype3 not found: check if there is a RefParameter without a condition.
2025-08-12 12:45:57,185 [WARN] IP:2250 - DeviceAttribute3 not found: check if there is a RefParameter without a condition.
2025-08-12 12:45:57,185 [WARN] IP:2250 - LL_DeviceAttribute23 not found: check if there is a RefParameter without a condition.
2025-08-12 12:45:57,185 [WARN] IP:2250 - Memorytype4 not found: check if there is a RefParameter without a condition.
2025-08-12 12:45:57,185 [WARN] IP:2250 - DeviceAttribute4 not found: check if there is a RefParameter without a condition.
2025-08-12 12:45:57,185 [WARN] IP:2250 - LL_DeviceAttribute24 not found: check if there is a RefParameter without a condition.
2025-08-12 12:45:57,185 [WARN] IP:2250 - Memorytype5 not found: check if there is a RefParameter without a condition.
2025-08-12 12:45:57,185 [WARN] IP:2250 - DeviceAttribute5 not found: check if there is a RefParameter without a condition.
2025-08-12 12:45:57,185 [WARN] IP:2250 - LL_DeviceAttribute25 not found: check if there is a RefParameter without a condition.
2025-08-12 12:45:57,185 [WARN] IP:2250 - Memorytype6 not found: check if there is a RefParameter without a condition.
2025-08-12 12:45:57,185 [WARN] IP:2250 - DeviceAttribute6 not found: check if there is a RefParameter without a condition.
2025-08-12 12:45:57,185 [WARN] IP:2250 - LL_DeviceAttribute26 not found: check if there is a RefParameter without a condition.
2025-08-12 12:45:57,185 [WARN] IP:2250 - Memorytype7 not found: check if there is a RefParameter without a condition.
2025-08-12 12:45:57,185 [WARN] IP:2250 - DeviceAttribute7 not found: check if there is a RefParameter without a condition.
2025-08-12 12:45:57,185 [WARN] IP:2250 - LL_DeviceAttribute27 not found: check if there is a RefParameter without a condition.
2025-08-12 12:45:57,282 [WARN] IP:2250 - RefParam_LRUN_SRC_memory not found: check if there is a RefParameter without a condition.
2025-08-12 12:45:57,282 [WARN] IP:2250 - RefParam_LRUN_SRC_offset not found: check if there is a RefParameter without a condition.
2025-08-12 12:45:57,282 [WARN] IP:2250 - RefParam_LRUN_SRC_size not found: check if there is a RefParameter without a condition.
2025-08-12 12:45:57,282 [WARN] IP:2250 - RefParam_LRUN_DEST_memory not found: check if there is a RefParameter without a condition.
2025-08-12 12:45:57,283 [WARN] IP:2250 - RefParam_LRUN_DEST_offset not found: check if there is a RefParameter without a condition.
2025-08-12 12:45:57,283 [WARN] IP:2250 - RefParam_MEMORY_1_Size not found: check if there is a RefParameter without a condition.
2025-08-12 12:45:57,283 [WARN] IP:2250 - RefParam_MEMORY_1_FreqMax not found: check if there is a RefParameter without a condition.
2025-08-12 12:45:57,283 [WARN] IP:2250 - RefParam_MEMORY_1_ReadReg not found: check if there is a RefParameter without a condition.
2025-08-12 12:45:57,283 [WARN] IP:2250 - RefParam_MEMORY_1_WriteReg not found: check if there is a RefParameter without a condition.
2025-08-12 12:45:57,283 [WARN] IP:2250 - RefParam_MEMORY_1_RegSize not found: check if there is a RefParameter without a condition.
2025-08-12 12:45:57,283 [WARN] IP:2250 - RefParam_MEMORY_1_RegDummyCycle not found: check if there is a RefParameter without a condition.
2025-08-12 12:45:57,283 [WARN] IP:2250 - RefParam_MEMORY_1_WriteCommand not found: check if there is a RefParameter without a condition.
2025-08-12 12:45:57,283 [WARN] IP:2250 - RefParam_MEMORY_1_WriteDummyCycle not found: check if there is a RefParameter without a condition.
2025-08-12 12:45:57,283 [WARN] IP:2250 - RefParam_MEMORY_1_ReadCommand not found: check if there is a RefParameter without a condition.
2025-08-12 12:45:57,283 [WARN] IP:2250 - RefParam_MEMORY_1_WrapReadCommand not found: check if there is a RefParameter without a condition.
2025-08-12 12:45:57,283 [WARN] IP:2250 - RefParam_MEMORY_1_ReadDummyCycle not found: check if there is a RefParameter without a condition.
2025-08-12 12:45:57,283 [WARN] IP:2250 - RefParam_MEMORY_1_NumberOfConfig not found: check if there is a RefParameter without a condition.
2025-08-12 12:45:57,283 [WARN] IP:2250 - RefParam_MEMORY_1_Config1_WriteMask not found: check if there is a RefParameter without a condition.
2025-08-12 12:45:57,283 [WARN] IP:2250 - RefParam_MEMORY_1_Config1_WriteValue not found: check if there is a RefParameter without a condition.
2025-08-12 12:45:57,283 [WARN] IP:2250 - RefParam_MEMORY_1_Config1_RegAddress not found: check if there is a RefParameter without a condition.
2025-08-12 12:45:57,283 [WARN] IP:2250 - RefParam_MEMORY_1_Config2_WriteMask not found: check if there is a RefParameter without a condition.
2025-08-12 12:45:57,283 [WARN] IP:2250 - RefParam_MEMORY_1_Config2_WriteValue not found: check if there is a RefParameter without a condition.
2025-08-12 12:45:57,283 [WARN] IP:2250 - RefParam_MEMORY_1_Config2_RegAddress not found: check if there is a RefParameter without a condition.
2025-08-12 12:45:57,283 [WARN] IP:2250 - RefParam_MEMORY_1_Config3_WriteMask not found: check if there is a RefParameter without a condition.
2025-08-12 12:45:57,283 [WARN] IP:2250 - RefParam_MEMORY_1_Config3_WriteValue not found: check if there is a RefParameter without a condition.
2025-08-12 12:45:57,283 [WARN] IP:2250 - RefParam_MEMORY_1_Config3_RegAddress not found: check if there is a RefParameter without a condition.
2025-08-12 12:45:57,283 [WARN] IP:2250 - RefParam_MEMORY_2_Instance not found: check if there is a RefParameter without a condition.
2025-08-12 12:45:57,283 [WARN] IP:2250 - RefParam_MEMORY_2_ConfigType not found: check if there is a RefParameter without a condition.
2025-08-12 12:45:57,283 [WARN] IP:2250 - RefParam_MEMORY_2_Size not found: check if there is a RefParameter without a condition.
2025-08-12 12:45:57,283 [WARN] IP:2250 - RefParam_MEMORY_2_FreqMax not found: check if there is a RefParameter without a condition.
2025-08-12 12:45:57,283 [WARN] IP:2250 - RefParam_MEMORY_2_ReadReg not found: check if there is a RefParameter without a condition.
2025-08-12 12:45:57,283 [WARN] IP:2250 - RefParam_MEMORY_2_WriteReg not found: check if there is a RefParameter without a condition.
2025-08-12 12:45:57,283 [WARN] IP:2250 - RefParam_MEMORY_2_RegSize not found: check if there is a RefParameter without a condition.
2025-08-12 12:45:57,283 [WARN] IP:2250 - RefParam_MEMORY_2_RegDummyCycle not found: check if there is a RefParameter without a condition.
2025-08-12 12:45:57,283 [WARN] IP:2250 - RefParam_MEMORY_2_WriteCommand not found: check if there is a RefParameter without a condition.
2025-08-12 12:45:57,283 [WARN] IP:2250 - RefParam_MEMORY_2_WriteDummyCycle not found: check if there is a RefParameter without a condition.
2025-08-12 12:45:57,283 [WARN] IP:2250 - RefParam_MEMORY_2_ReadCommand not found: check if there is a RefParameter without a condition.
2025-08-12 12:45:57,283 [WARN] IP:2250 - RefParam_MEMORY_2_WrapReadCommand not found: check if there is a RefParameter without a condition.
2025-08-12 12:45:57,283 [WARN] IP:2250 - RefParam_MEMORY_2_ReadDummyCycle not found: check if there is a RefParameter without a condition.
2025-08-12 12:45:57,283 [WARN] IP:2250 - RefParam_MEMORY_2_NumberOfConfig not found: check if there is a RefParameter without a condition.
2025-08-12 12:45:57,283 [WARN] IP:2250 - RefParam_MEMORY_2_Config1_WriteMask not found: check if there is a RefParameter without a condition.
2025-08-12 12:45:57,283 [WARN] IP:2250 - RefParam_MEMORY_2_Config1_WriteValue not found: check if there is a RefParameter without a condition.
2025-08-12 12:45:57,283 [WARN] IP:2250 - RefParam_MEMORY_2_Config1_RegAddress not found: check if there is a RefParameter without a condition.
2025-08-12 12:45:57,283 [WARN] IP:2250 - RefParam_MEMORY_2_Config2_WriteMask not found: check if there is a RefParameter without a condition.
2025-08-12 12:45:57,283 [WARN] IP:2250 - RefParam_MEMORY_2_Config2_WriteValue not found: check if there is a RefParameter without a condition.
2025-08-12 12:45:57,283 [WARN] IP:2250 - RefParam_MEMORY_2_Config2_RegAddress not found: check if there is a RefParameter without a condition.
2025-08-12 12:45:57,283 [WARN] IP:2250 - RefParam_MEMORY_2_Config3_WriteMask not found: check if there is a RefParameter without a condition.
2025-08-12 12:45:57,283 [WARN] IP:2250 - RefParam_MEMORY_2_Config3_WriteValue not found: check if there is a RefParameter without a condition.
2025-08-12 12:45:57,283 [WARN] IP:2250 - RefParam_MEMORY_2_Config3_RegAddress not found: check if there is a RefParameter without a condition.
2025-08-12 12:45:57,289 [WARN] IP:2250 - pwrPrivilege not found: check if there is a RefParameter without a condition.
2025-08-12 12:45:57,296 [WARN] IP:2250 - Memorytype0 not found: check if there is a RefParameter without a condition.
2025-08-12 12:45:57,296 [WARN] IP:2250 - LL_DeviceAttribute20 not found: check if there is a RefParameter without a condition.
2025-08-12 12:45:57,296 [WARN] IP:2250 - DeviceAttribute0 not found: check if there is a RefParameter without a condition.
2025-08-12 12:45:57,296 [WARN] IP:2250 - DeviceAttribute20 not found: check if there is a RefParameter without a condition.
2025-08-12 12:45:57,296 [WARN] IP:2250 - DeviceAttribute1 not found: check if there is a RefParameter without a condition.
2025-08-12 12:45:57,296 [WARN] IP:2250 - Memorytype2 not found: check if there is a RefParameter without a condition.
2025-08-12 12:45:57,296 [WARN] IP:2250 - LL_DeviceAttribute22 not found: check if there is a RefParameter without a condition.
2025-08-12 12:45:57,296 [WARN] IP:2250 - DeviceAttribute2 not found: check if there is a RefParameter without a condition.
2025-08-12 12:45:57,296 [WARN] IP:2250 - Memorytype3 not found: check if there is a RefParameter without a condition.
2025-08-12 12:45:57,296 [WARN] IP:2250 - LL_DeviceAttribute23 not found: check if there is a RefParameter without a condition.
2025-08-12 12:45:57,296 [WARN] IP:2250 - DeviceAttribute3 not found: check if there is a RefParameter without a condition.
2025-08-12 12:45:57,296 [WARN] IP:2250 - Memorytype4 not found: check if there is a RefParameter without a condition.
2025-08-12 12:45:57,296 [WARN] IP:2250 - LL_DeviceAttribute24 not found: check if there is a RefParameter without a condition.
2025-08-12 12:45:57,296 [WARN] IP:2250 - DeviceAttribute4 not found: check if there is a RefParameter without a condition.
2025-08-12 12:45:57,296 [WARN] IP:2250 - Memorytype5 not found: check if there is a RefParameter without a condition.
2025-08-12 12:45:57,296 [WARN] IP:2250 - LL_DeviceAttribute25 not found: check if there is a RefParameter without a condition.
2025-08-12 12:45:57,296 [WARN] IP:2250 - DeviceAttribute5 not found: check if there is a RefParameter without a condition.
2025-08-12 12:45:57,296 [WARN] IP:2250 - Memorytype6 not found: check if there is a RefParameter without a condition.
2025-08-12 12:45:57,296 [WARN] IP:2250 - LL_DeviceAttribute26 not found: check if there is a RefParameter without a condition.
2025-08-12 12:45:57,296 [WARN] IP:2250 - DeviceAttribute6 not found: check if there is a RefParameter without a condition.
2025-08-12 12:45:57,296 [WARN] IP:2250 - Memorytype7 not found: check if there is a RefParameter without a condition.
2025-08-12 12:45:57,296 [WARN] IP:2250 - LL_DeviceAttribute27 not found: check if there is a RefParameter without a condition.
2025-08-12 12:45:57,296 [WARN] IP:2250 - DeviceAttribute7 not found: check if there is a RefParameter without a condition.
2025-08-12 12:45:57,335 [WARN] IP:2250 - DeviceAttribute0 not found: check if there is a RefParameter without a condition.
2025-08-12 12:45:57,335 [WARN] IP:2250 - Memorytype1 not found: check if there is a RefParameter without a condition.
2025-08-12 12:45:57,335 [WARN] IP:2250 - DeviceAttribute1 not found: check if there is a RefParameter without a condition.
2025-08-12 12:45:57,335 [WARN] IP:2250 - LL_DeviceAttribute21 not found: check if there is a RefParameter without a condition.
2025-08-12 12:45:57,335 [WARN] IP:2250 - Memorytype2 not found: check if there is a RefParameter without a condition.
2025-08-12 12:45:57,335 [WARN] IP:2250 - DeviceAttribute2 not found: check if there is a RefParameter without a condition.
2025-08-12 12:45:57,335 [WARN] IP:2250 - LL_DeviceAttribute22 not found: check if there is a RefParameter without a condition.
2025-08-12 12:45:57,335 [WARN] IP:2250 - Memorytype3 not found: check if there is a RefParameter without a condition.
2025-08-12 12:45:57,335 [WARN] IP:2250 - DeviceAttribute3 not found: check if there is a RefParameter without a condition.
2025-08-12 12:45:57,335 [WARN] IP:2250 - LL_DeviceAttribute23 not found: check if there is a RefParameter without a condition.
2025-08-12 12:45:57,335 [WARN] IP:2250 - Memorytype4 not found: check if there is a RefParameter without a condition.
2025-08-12 12:45:57,335 [WARN] IP:2250 - DeviceAttribute4 not found: check if there is a RefParameter without a condition.
2025-08-12 12:45:57,335 [WARN] IP:2250 - LL_DeviceAttribute24 not found: check if there is a RefParameter without a condition.
2025-08-12 12:45:57,335 [WARN] IP:2250 - Memorytype5 not found: check if there is a RefParameter without a condition.
2025-08-12 12:45:57,335 [WARN] IP:2250 - DeviceAttribute5 not found: check if there is a RefParameter without a condition.
2025-08-12 12:45:57,335 [WARN] IP:2250 - LL_DeviceAttribute25 not found: check if there is a RefParameter without a condition.
2025-08-12 12:45:57,335 [WARN] IP:2250 - Memorytype6 not found: check if there is a RefParameter without a condition.
2025-08-12 12:45:57,335 [WARN] IP:2250 - DeviceAttribute6 not found: check if there is a RefParameter without a condition.
2025-08-12 12:45:57,335 [WARN] IP:2250 - LL_DeviceAttribute26 not found: check if there is a RefParameter without a condition.
2025-08-12 12:45:57,336 [WARN] IP:2250 - Memorytype7 not found: check if there is a RefParameter without a condition.
2025-08-12 12:45:57,336 [WARN] IP:2250 - DeviceAttribute7 not found: check if there is a RefParameter without a condition.
2025-08-12 12:45:57,336 [WARN] IP:2250 - LL_DeviceAttribute27 not found: check if there is a RefParameter without a condition.
2025-08-12 12:45:57,432 [WARN] IP:2250 - RefParam_LRUN_SRC_memory not found: check if there is a RefParameter without a condition.
2025-08-12 12:45:57,432 [WARN] IP:2250 - RefParam_LRUN_SRC_offset not found: check if there is a RefParameter without a condition.
2025-08-12 12:45:57,432 [WARN] IP:2250 - RefParam_LRUN_SRC_size not found: check if there is a RefParameter without a condition.
2025-08-12 12:45:57,432 [WARN] IP:2250 - RefParam_LRUN_DEST_memory not found: check if there is a RefParameter without a condition.
2025-08-12 12:45:57,432 [WARN] IP:2250 - RefParam_LRUN_DEST_offset not found: check if there is a RefParameter without a condition.
2025-08-12 12:45:57,432 [WARN] IP:2250 - RefParam_MEMORY_1_Size not found: check if there is a RefParameter without a condition.
2025-08-12 12:45:57,432 [WARN] IP:2250 - RefParam_MEMORY_1_FreqMax not found: check if there is a RefParameter without a condition.
2025-08-12 12:45:57,432 [WARN] IP:2250 - RefParam_MEMORY_1_ReadReg not found: check if there is a RefParameter without a condition.
2025-08-12 12:45:57,432 [WARN] IP:2250 - RefParam_MEMORY_1_WriteReg not found: check if there is a RefParameter without a condition.
2025-08-12 12:45:57,432 [WARN] IP:2250 - RefParam_MEMORY_1_RegSize not found: check if there is a RefParameter without a condition.
2025-08-12 12:45:57,432 [WARN] IP:2250 - RefParam_MEMORY_1_RegDummyCycle not found: check if there is a RefParameter without a condition.
2025-08-12 12:45:57,432 [WARN] IP:2250 - RefParam_MEMORY_1_WriteCommand not found: check if there is a RefParameter without a condition.
2025-08-12 12:45:57,432 [WARN] IP:2250 - RefParam_MEMORY_1_WriteDummyCycle not found: check if there is a RefParameter without a condition.
2025-08-12 12:45:57,432 [WARN] IP:2250 - RefParam_MEMORY_1_ReadCommand not found: check if there is a RefParameter without a condition.
2025-08-12 12:45:57,432 [WARN] IP:2250 - RefParam_MEMORY_1_WrapReadCommand not found: check if there is a RefParameter without a condition.
2025-08-12 12:45:57,432 [WARN] IP:2250 - RefParam_MEMORY_1_ReadDummyCycle not found: check if there is a RefParameter without a condition.
2025-08-12 12:45:57,432 [WARN] IP:2250 - RefParam_MEMORY_1_NumberOfConfig not found: check if there is a RefParameter without a condition.
2025-08-12 12:45:57,432 [WARN] IP:2250 - RefParam_MEMORY_1_Config1_WriteMask not found: check if there is a RefParameter without a condition.
2025-08-12 12:45:57,432 [WARN] IP:2250 - RefParam_MEMORY_1_Config1_WriteValue not found: check if there is a RefParameter without a condition.
2025-08-12 12:45:57,432 [WARN] IP:2250 - RefParam_MEMORY_1_Config1_RegAddress not found: check if there is a RefParameter without a condition.
2025-08-12 12:45:57,432 [WARN] IP:2250 - RefParam_MEMORY_1_Config2_WriteMask not found: check if there is a RefParameter without a condition.
2025-08-12 12:45:57,432 [WARN] IP:2250 - RefParam_MEMORY_1_Config2_WriteValue not found: check if there is a RefParameter without a condition.
2025-08-12 12:45:57,432 [WARN] IP:2250 - RefParam_MEMORY_1_Config2_RegAddress not found: check if there is a RefParameter without a condition.
2025-08-12 12:45:57,432 [WARN] IP:2250 - RefParam_MEMORY_1_Config3_WriteMask not found: check if there is a RefParameter without a condition.
2025-08-12 12:45:57,432 [WARN] IP:2250 - RefParam_MEMORY_1_Config3_WriteValue not found: check if there is a RefParameter without a condition.
2025-08-12 12:45:57,432 [WARN] IP:2250 - RefParam_MEMORY_1_Config3_RegAddress not found: check if there is a RefParameter without a condition.
2025-08-12 12:45:57,433 [WARN] IP:2250 - RefParam_MEMORY_2_Instance not found: check if there is a RefParameter without a condition.
2025-08-12 12:45:57,433 [WARN] IP:2250 - RefParam_MEMORY_2_ConfigType not found: check if there is a RefParameter without a condition.
2025-08-12 12:45:57,433 [WARN] IP:2250 - RefParam_MEMORY_2_Size not found: check if there is a RefParameter without a condition.
2025-08-12 12:45:57,433 [WARN] IP:2250 - RefParam_MEMORY_2_FreqMax not found: check if there is a RefParameter without a condition.
2025-08-12 12:45:57,433 [WARN] IP:2250 - RefParam_MEMORY_2_ReadReg not found: check if there is a RefParameter without a condition.
2025-08-12 12:45:57,433 [WARN] IP:2250 - RefParam_MEMORY_2_WriteReg not found: check if there is a RefParameter without a condition.
2025-08-12 12:45:57,433 [WARN] IP:2250 - RefParam_MEMORY_2_RegSize not found: check if there is a RefParameter without a condition.
2025-08-12 12:45:57,433 [WARN] IP:2250 - RefParam_MEMORY_2_RegDummyCycle not found: check if there is a RefParameter without a condition.
2025-08-12 12:45:57,433 [WARN] IP:2250 - RefParam_MEMORY_2_WriteCommand not found: check if there is a RefParameter without a condition.
2025-08-12 12:45:57,433 [WARN] IP:2250 - RefParam_MEMORY_2_WriteDummyCycle not found: check if there is a RefParameter without a condition.
2025-08-12 12:45:57,433 [WARN] IP:2250 - RefParam_MEMORY_2_ReadCommand not found: check if there is a RefParameter without a condition.
2025-08-12 12:45:57,433 [WARN] IP:2250 - RefParam_MEMORY_2_WrapReadCommand not found: check if there is a RefParameter without a condition.
2025-08-12 12:45:57,433 [WARN] IP:2250 - RefParam_MEMORY_2_ReadDummyCycle not found: check if there is a RefParameter without a condition.
2025-08-12 12:45:57,433 [WARN] IP:2250 - RefParam_MEMORY_2_NumberOfConfig not found: check if there is a RefParameter without a condition.
2025-08-12 12:45:57,433 [WARN] IP:2250 - RefParam_MEMORY_2_Config1_WriteMask not found: check if there is a RefParameter without a condition.
2025-08-12 12:45:57,433 [WARN] IP:2250 - RefParam_MEMORY_2_Config1_WriteValue not found: check if there is a RefParameter without a condition.
2025-08-12 12:45:57,433 [WARN] IP:2250 - RefParam_MEMORY_2_Config1_RegAddress not found: check if there is a RefParameter without a condition.
2025-08-12 12:45:57,433 [WARN] IP:2250 - RefParam_MEMORY_2_Config2_WriteMask not found: check if there is a RefParameter without a condition.
2025-08-12 12:45:57,433 [WARN] IP:2250 - RefParam_MEMORY_2_Config2_WriteValue not found: check if there is a RefParameter without a condition.
2025-08-12 12:45:57,433 [WARN] IP:2250 - RefParam_MEMORY_2_Config2_RegAddress not found: check if there is a RefParameter without a condition.
2025-08-12 12:45:57,433 [WARN] IP:2250 - RefParam_MEMORY_2_Config3_WriteMask not found: check if there is a RefParameter without a condition.
2025-08-12 12:45:57,433 [WARN] IP:2250 - RefParam_MEMORY_2_Config3_WriteValue not found: check if there is a RefParameter without a condition.
2025-08-12 12:45:57,433 [WARN] IP:2250 - RefParam_MEMORY_2_Config3_RegAddress not found: check if there is a RefParameter without a condition.
2025-08-12 12:45:57,437 [WARN] IP:2250 - pwrPrivilege not found: check if there is a RefParameter without a condition.
2025-08-12 12:45:57,442 [WARN] IP:2250 - Memorytype0 not found: check if there is a RefParameter without a condition.
2025-08-12 12:45:57,443 [WARN] IP:2250 - LL_DeviceAttribute20 not found: check if there is a RefParameter without a condition.
2025-08-12 12:45:57,443 [WARN] IP:2250 - DeviceAttribute0 not found: check if there is a RefParameter without a condition.
2025-08-12 12:45:57,443 [WARN] IP:2250 - DeviceAttribute20 not found: check if there is a RefParameter without a condition.
2025-08-12 12:45:57,443 [WARN] IP:2250 - DeviceAttribute1 not found: check if there is a RefParameter without a condition.
2025-08-12 12:45:57,443 [WARN] IP:2250 - Memorytype2 not found: check if there is a RefParameter without a condition.
2025-08-12 12:45:57,443 [WARN] IP:2250 - LL_DeviceAttribute22 not found: check if there is a RefParameter without a condition.
2025-08-12 12:45:57,443 [WARN] IP:2250 - DeviceAttribute2 not found: check if there is a RefParameter without a condition.
2025-08-12 12:45:57,443 [WARN] IP:2250 - Memorytype3 not found: check if there is a RefParameter without a condition.
2025-08-12 12:45:57,443 [WARN] IP:2250 - LL_DeviceAttribute23 not found: check if there is a RefParameter without a condition.
2025-08-12 12:45:57,443 [WARN] IP:2250 - DeviceAttribute3 not found: check if there is a RefParameter without a condition.
2025-08-12 12:45:57,443 [WARN] IP:2250 - Memorytype4 not found: check if there is a RefParameter without a condition.
2025-08-12 12:45:57,443 [WARN] IP:2250 - LL_DeviceAttribute24 not found: check if there is a RefParameter without a condition.
2025-08-12 12:45:57,443 [WARN] IP:2250 - DeviceAttribute4 not found: check if there is a RefParameter without a condition.
2025-08-12 12:45:57,443 [WARN] IP:2250 - Memorytype5 not found: check if there is a RefParameter without a condition.
2025-08-12 12:45:57,443 [WARN] IP:2250 - LL_DeviceAttribute25 not found: check if there is a RefParameter without a condition.
2025-08-12 12:45:57,443 [WARN] IP:2250 - DeviceAttribute5 not found: check if there is a RefParameter without a condition.
2025-08-12 12:45:57,443 [WARN] IP:2250 - Memorytype6 not found: check if there is a RefParameter without a condition.
2025-08-12 12:45:57,443 [WARN] IP:2250 - LL_DeviceAttribute26 not found: check if there is a RefParameter without a condition.
2025-08-12 12:45:57,443 [WARN] IP:2250 - DeviceAttribute6 not found: check if there is a RefParameter without a condition.
2025-08-12 12:45:57,443 [WARN] IP:2250 - Memorytype7 not found: check if there is a RefParameter without a condition.
2025-08-12 12:45:57,443 [WARN] IP:2250 - LL_DeviceAttribute27 not found: check if there is a RefParameter without a condition.
2025-08-12 12:45:57,443 [WARN] IP:2250 - DeviceAttribute7 not found: check if there is a RefParameter without a condition.
2025-08-12 12:45:57,473 [WARN] IP:2250 - DeviceAttribute0 not found: check if there is a RefParameter without a condition.
2025-08-12 12:45:57,473 [WARN] IP:2250 - Memorytype1 not found: check if there is a RefParameter without a condition.
2025-08-12 12:45:57,473 [WARN] IP:2250 - DeviceAttribute1 not found: check if there is a RefParameter without a condition.
2025-08-12 12:45:57,473 [WARN] IP:2250 - LL_DeviceAttribute21 not found: check if there is a RefParameter without a condition.
2025-08-12 12:45:57,473 [WARN] IP:2250 - Memorytype2 not found: check if there is a RefParameter without a condition.
2025-08-12 12:45:57,473 [WARN] IP:2250 - DeviceAttribute2 not found: check if there is a RefParameter without a condition.
2025-08-12 12:45:57,473 [WARN] IP:2250 - LL_DeviceAttribute22 not found: check if there is a RefParameter without a condition.
2025-08-12 12:45:57,473 [WARN] IP:2250 - Memorytype3 not found: check if there is a RefParameter without a condition.
2025-08-12 12:45:57,473 [WARN] IP:2250 - DeviceAttribute3 not found: check if there is a RefParameter without a condition.
2025-08-12 12:45:57,473 [WARN] IP:2250 - LL_DeviceAttribute23 not found: check if there is a RefParameter without a condition.
2025-08-12 12:45:57,473 [WARN] IP:2250 - Memorytype4 not found: check if there is a RefParameter without a condition.
2025-08-12 12:45:57,473 [WARN] IP:2250 - DeviceAttribute4 not found: check if there is a RefParameter without a condition.
2025-08-12 12:45:57,474 [WARN] IP:2250 - LL_DeviceAttribute24 not found: check if there is a RefParameter without a condition.
2025-08-12 12:45:57,474 [WARN] IP:2250 - Memorytype5 not found: check if there is a RefParameter without a condition.
2025-08-12 12:45:57,474 [WARN] IP:2250 - DeviceAttribute5 not found: check if there is a RefParameter without a condition.
2025-08-12 12:45:57,474 [WARN] IP:2250 - LL_DeviceAttribute25 not found: check if there is a RefParameter without a condition.
2025-08-12 12:45:57,474 [WARN] IP:2250 - Memorytype6 not found: check if there is a RefParameter without a condition.
2025-08-12 12:45:57,474 [WARN] IP:2250 - DeviceAttribute6 not found: check if there is a RefParameter without a condition.
2025-08-12 12:45:57,474 [WARN] IP:2250 - LL_DeviceAttribute26 not found: check if there is a RefParameter without a condition.
2025-08-12 12:45:57,474 [WARN] IP:2250 - Memorytype7 not found: check if there is a RefParameter without a condition.
2025-08-12 12:45:57,474 [WARN] IP:2250 - DeviceAttribute7 not found: check if there is a RefParameter without a condition.
2025-08-12 12:45:57,474 [WARN] IP:2250 - LL_DeviceAttribute27 not found: check if there is a RefParameter without a condition.
2025-08-12 12:45:57,611 [INFO] Gpio:278 - dependency for GPIO [ADC1, DEBUG, HDP, LPUART1, XSPI2]
2025-08-12 12:46:19,999 [WARN] IP:2250 - RefParam_LRUN_SRC_memory not found: check if there is a RefParameter without a condition.
2025-08-12 12:46:19,999 [WARN] IP:2250 - RefParam_LRUN_SRC_offset not found: check if there is a RefParameter without a condition.
2025-08-12 12:46:19,999 [WARN] IP:2250 - RefParam_LRUN_SRC_size not found: check if there is a RefParameter without a condition.
2025-08-12 12:46:19,999 [WARN] IP:2250 - RefParam_LRUN_DEST_memory not found: check if there is a RefParameter without a condition.
2025-08-12 12:46:19,999 [WARN] IP:2250 - RefParam_LRUN_DEST_offset not found: check if there is a RefParameter without a condition.
2025-08-12 12:46:19,999 [WARN] IP:2250 - RefParam_MEMORY_1_Size not found: check if there is a RefParameter without a condition.
2025-08-12 12:46:19,999 [WARN] IP:2250 - RefParam_MEMORY_1_FreqMax not found: check if there is a RefParameter without a condition.
2025-08-12 12:46:19,999 [WARN] IP:2250 - RefParam_MEMORY_1_ReadReg not found: check if there is a RefParameter without a condition.
2025-08-12 12:46:19,999 [WARN] IP:2250 - RefParam_MEMORY_1_WriteReg not found: check if there is a RefParameter without a condition.
2025-08-12 12:46:19,999 [WARN] IP:2250 - RefParam_MEMORY_1_RegSize not found: check if there is a RefParameter without a condition.
2025-08-12 12:46:19,999 [WARN] IP:2250 - RefParam_MEMORY_1_RegDummyCycle not found: check if there is a RefParameter without a condition.
2025-08-12 12:46:19,999 [WARN] IP:2250 - RefParam_MEMORY_1_WriteCommand not found: check if there is a RefParameter without a condition.
2025-08-12 12:46:19,999 [WARN] IP:2250 - RefParam_MEMORY_1_WriteDummyCycle not found: check if there is a RefParameter without a condition.
2025-08-12 12:46:19,999 [WARN] IP:2250 - RefParam_MEMORY_1_ReadCommand not found: check if there is a RefParameter without a condition.
2025-08-12 12:46:19,999 [WARN] IP:2250 - RefParam_MEMORY_1_WrapReadCommand not found: check if there is a RefParameter without a condition.
2025-08-12 12:46:19,999 [WARN] IP:2250 - RefParam_MEMORY_1_ReadDummyCycle not found: check if there is a RefParameter without a condition.
2025-08-12 12:46:19,999 [WARN] IP:2250 - RefParam_MEMORY_1_NumberOfConfig not found: check if there is a RefParameter without a condition.
2025-08-12 12:46:19,999 [WARN] IP:2250 - RefParam_MEMORY_1_Config1_WriteMask not found: check if there is a RefParameter without a condition.
2025-08-12 12:46:19,999 [WARN] IP:2250 - RefParam_MEMORY_1_Config1_WriteValue not found: check if there is a RefParameter without a condition.
2025-08-12 12:46:20,000 [WARN] IP:2250 - RefParam_MEMORY_1_Config1_RegAddress not found: check if there is a RefParameter without a condition.
2025-08-12 12:46:20,000 [WARN] IP:2250 - RefParam_MEMORY_1_Config2_WriteMask not found: check if there is a RefParameter without a condition.
2025-08-12 12:46:20,000 [WARN] IP:2250 - RefParam_MEMORY_1_Config2_WriteValue not found: check if there is a RefParameter without a condition.
2025-08-12 12:46:20,000 [WARN] IP:2250 - RefParam_MEMORY_1_Config2_RegAddress not found: check if there is a RefParameter without a condition.
2025-08-12 12:46:20,000 [WARN] IP:2250 - RefParam_MEMORY_1_Config3_WriteMask not found: check if there is a RefParameter without a condition.
2025-08-12 12:46:20,000 [WARN] IP:2250 - RefParam_MEMORY_1_Config3_WriteValue not found: check if there is a RefParameter without a condition.
2025-08-12 12:46:20,000 [WARN] IP:2250 - RefParam_MEMORY_1_Config3_RegAddress not found: check if there is a RefParameter without a condition.
2025-08-12 12:46:20,000 [WARN] IP:2250 - RefParam_MEMORY_2_Instance not found: check if there is a RefParameter without a condition.
2025-08-12 12:46:20,000 [WARN] IP:2250 - RefParam_MEMORY_2_ConfigType not found: check if there is a RefParameter without a condition.
2025-08-12 12:46:20,000 [WARN] IP:2250 - RefParam_MEMORY_2_Size not found: check if there is a RefParameter without a condition.
2025-08-12 12:46:20,000 [WARN] IP:2250 - RefParam_MEMORY_2_FreqMax not found: check if there is a RefParameter without a condition.
2025-08-12 12:46:20,000 [WARN] IP:2250 - RefParam_MEMORY_2_ReadReg not found: check if there is a RefParameter without a condition.
2025-08-12 12:46:20,000 [WARN] IP:2250 - RefParam_MEMORY_2_WriteReg not found: check if there is a RefParameter without a condition.
2025-08-12 12:46:20,000 [WARN] IP:2250 - RefParam_MEMORY_2_RegSize not found: check if there is a RefParameter without a condition.
2025-08-12 12:46:20,000 [WARN] IP:2250 - RefParam_MEMORY_2_RegDummyCycle not found: check if there is a RefParameter without a condition.
2025-08-12 12:46:20,000 [WARN] IP:2250 - RefParam_MEMORY_2_WriteCommand not found: check if there is a RefParameter without a condition.
2025-08-12 12:46:20,000 [WARN] IP:2250 - RefParam_MEMORY_2_WriteDummyCycle not found: check if there is a RefParameter without a condition.
2025-08-12 12:46:20,000 [WARN] IP:2250 - RefParam_MEMORY_2_ReadCommand not found: check if there is a RefParameter without a condition.
2025-08-12 12:46:20,000 [WARN] IP:2250 - RefParam_MEMORY_2_WrapReadCommand not found: check if there is a RefParameter without a condition.
2025-08-12 12:46:20,000 [WARN] IP:2250 - RefParam_MEMORY_2_ReadDummyCycle not found: check if there is a RefParameter without a condition.
2025-08-12 12:46:20,000 [WARN] IP:2250 - RefParam_MEMORY_2_NumberOfConfig not found: check if there is a RefParameter without a condition.
2025-08-12 12:46:20,000 [WARN] IP:2250 - RefParam_MEMORY_2_Config1_WriteMask not found: check if there is a RefParameter without a condition.
2025-08-12 12:46:20,000 [WARN] IP:2250 - RefParam_MEMORY_2_Config1_WriteValue not found: check if there is a RefParameter without a condition.
2025-08-12 12:46:20,000 [WARN] IP:2250 - RefParam_MEMORY_2_Config1_RegAddress not found: check if there is a RefParameter without a condition.
2025-08-12 12:46:20,000 [WARN] IP:2250 - RefParam_MEMORY_2_Config2_WriteMask not found: check if there is a RefParameter without a condition.
2025-08-12 12:46:20,000 [WARN] IP:2250 - RefParam_MEMORY_2_Config2_WriteValue not found: check if there is a RefParameter without a condition.
2025-08-12 12:46:20,000 [WARN] IP:2250 - RefParam_MEMORY_2_Config2_RegAddress not found: check if there is a RefParameter without a condition.
2025-08-12 12:46:20,000 [WARN] IP:2250 - RefParam_MEMORY_2_Config3_WriteMask not found: check if there is a RefParameter without a condition.
2025-08-12 12:46:20,000 [WARN] IP:2250 - RefParam_MEMORY_2_Config3_WriteValue not found: check if there is a RefParameter without a condition.
2025-08-12 12:46:20,000 [WARN] IP:2250 - RefParam_MEMORY_2_Config3_RegAddress not found: check if there is a RefParameter without a condition.
2025-08-12 12:46:20,003 [WARN] IP:2250 - pwrPrivilege not found: check if there is a RefParameter without a condition.
2025-08-12 12:46:20,003 [WARN] IP:2250 - pwrPrivilege not found: check if there is a RefParameter without a condition.
2025-08-12 12:46:20,008 [WARN] IP:2250 - Memorytype0 not found: check if there is a RefParameter without a condition.
2025-08-12 12:46:20,008 [WARN] IP:2250 - LL_DeviceAttribute20 not found: check if there is a RefParameter without a condition.
2025-08-12 12:46:20,008 [WARN] IP:2250 - DeviceAttribute0 not found: check if there is a RefParameter without a condition.
2025-08-12 12:46:20,008 [WARN] IP:2250 - DeviceAttribute20 not found: check if there is a RefParameter without a condition.
2025-08-12 12:46:20,008 [WARN] IP:2250 - DeviceAttribute1 not found: check if there is a RefParameter without a condition.
2025-08-12 12:46:20,008 [WARN] IP:2250 - Memorytype2 not found: check if there is a RefParameter without a condition.
2025-08-12 12:46:20,008 [WARN] IP:2250 - LL_DeviceAttribute22 not found: check if there is a RefParameter without a condition.
2025-08-12 12:46:20,008 [WARN] IP:2250 - DeviceAttribute2 not found: check if there is a RefParameter without a condition.
2025-08-12 12:46:20,008 [WARN] IP:2250 - Memorytype3 not found: check if there is a RefParameter without a condition.
2025-08-12 12:46:20,008 [WARN] IP:2250 - LL_DeviceAttribute23 not found: check if there is a RefParameter without a condition.
2025-08-12 12:46:20,008 [WARN] IP:2250 - DeviceAttribute3 not found: check if there is a RefParameter without a condition.
2025-08-12 12:46:20,008 [WARN] IP:2250 - Memorytype4 not found: check if there is a RefParameter without a condition.
2025-08-12 12:46:20,008 [WARN] IP:2250 - LL_DeviceAttribute24 not found: check if there is a RefParameter without a condition.
2025-08-12 12:46:20,008 [WARN] IP:2250 - DeviceAttribute4 not found: check if there is a RefParameter without a condition.
2025-08-12 12:46:20,008 [WARN] IP:2250 - Memorytype5 not found: check if there is a RefParameter without a condition.
2025-08-12 12:46:20,008 [WARN] IP:2250 - LL_DeviceAttribute25 not found: check if there is a RefParameter without a condition.
2025-08-12 12:46:20,008 [WARN] IP:2250 - DeviceAttribute5 not found: check if there is a RefParameter without a condition.
2025-08-12 12:46:20,008 [WARN] IP:2250 - Memorytype6 not found: check if there is a RefParameter without a condition.
2025-08-12 12:46:20,008 [WARN] IP:2250 - LL_DeviceAttribute26 not found: check if there is a RefParameter without a condition.
2025-08-12 12:46:20,008 [WARN] IP:2250 - DeviceAttribute6 not found: check if there is a RefParameter without a condition.
2025-08-12 12:46:20,008 [WARN] IP:2250 - Memorytype7 not found: check if there is a RefParameter without a condition.
2025-08-12 12:46:20,008 [WARN] IP:2250 - LL_DeviceAttribute27 not found: check if there is a RefParameter without a condition.
2025-08-12 12:46:20,008 [WARN] IP:2250 - DeviceAttribute7 not found: check if there is a RefParameter without a condition.
2025-08-12 12:46:20,047 [WARN] IP:2250 - DeviceAttribute0 not found: check if there is a RefParameter without a condition.
2025-08-12 12:46:20,047 [WARN] IP:2250 - Memorytype1 not found: check if there is a RefParameter without a condition.
2025-08-12 12:46:20,047 [WARN] IP:2250 - DeviceAttribute1 not found: check if there is a RefParameter without a condition.
2025-08-12 12:46:20,047 [WARN] IP:2250 - LL_DeviceAttribute21 not found: check if there is a RefParameter without a condition.
2025-08-12 12:46:20,047 [WARN] IP:2250 - Memorytype2 not found: check if there is a RefParameter without a condition.
2025-08-12 12:46:20,047 [WARN] IP:2250 - DeviceAttribute2 not found: check if there is a RefParameter without a condition.
2025-08-12 12:46:20,047 [WARN] IP:2250 - LL_DeviceAttribute22 not found: check if there is a RefParameter without a condition.
2025-08-12 12:46:20,047 [WARN] IP:2250 - Memorytype3 not found: check if there is a RefParameter without a condition.
2025-08-12 12:46:20,047 [WARN] IP:2250 - DeviceAttribute3 not found: check if there is a RefParameter without a condition.
2025-08-12 12:46:20,047 [WARN] IP:2250 - LL_DeviceAttribute23 not found: check if there is a RefParameter without a condition.
2025-08-12 12:46:20,047 [WARN] IP:2250 - Memorytype4 not found: check if there is a RefParameter without a condition.
2025-08-12 12:46:20,047 [WARN] IP:2250 - DeviceAttribute4 not found: check if there is a RefParameter without a condition.
2025-08-12 12:46:20,047 [WARN] IP:2250 - LL_DeviceAttribute24 not found: check if there is a RefParameter without a condition.
2025-08-12 12:46:20,047 [WARN] IP:2250 - Memorytype5 not found: check if there is a RefParameter without a condition.
2025-08-12 12:46:20,047 [WARN] IP:2250 - DeviceAttribute5 not found: check if there is a RefParameter without a condition.
2025-08-12 12:46:20,047 [WARN] IP:2250 - LL_DeviceAttribute25 not found: check if there is a RefParameter without a condition.
2025-08-12 12:46:20,047 [WARN] IP:2250 - Memorytype6 not found: check if there is a RefParameter without a condition.
2025-08-12 12:46:20,047 [WARN] IP:2250 - DeviceAttribute6 not found: check if there is a RefParameter without a condition.
2025-08-12 12:46:20,047 [WARN] IP:2250 - LL_DeviceAttribute26 not found: check if there is a RefParameter without a condition.
2025-08-12 12:46:20,047 [WARN] IP:2250 - Memorytype7 not found: check if there is a RefParameter without a condition.
2025-08-12 12:46:20,047 [WARN] IP:2250 - DeviceAttribute7 not found: check if there is a RefParameter without a condition.
2025-08-12 12:46:20,047 [WARN] IP:2250 - LL_DeviceAttribute27 not found: check if there is a RefParameter without a condition.
2025-08-12 12:46:20,142 [INFO] Gpio:278 - dependency for GPIO [ADC1, DEBUG, HDP, LPUART1, XSPI2]
2025-08-12 12:47:01,972 [WARN] IP:2250 - Memorytype0 not found: check if there is a RefParameter without a condition.
2025-08-12 12:47:01,972 [WARN] IP:2250 - LL_DeviceAttribute20 not found: check if there is a RefParameter without a condition.
2025-08-12 12:47:01,972 [WARN] IP:2250 - DeviceAttribute0 not found: check if there is a RefParameter without a condition.
2025-08-12 12:47:01,972 [WARN] IP:2250 - DeviceAttribute20 not found: check if there is a RefParameter without a condition.
2025-08-12 12:47:01,973 [WARN] IP:2250 - DeviceAttribute1 not found: check if there is a RefParameter without a condition.
2025-08-12 12:47:01,973 [WARN] IP:2250 - Memorytype2 not found: check if there is a RefParameter without a condition.
2025-08-12 12:47:01,973 [WARN] IP:2250 - LL_DeviceAttribute22 not found: check if there is a RefParameter without a condition.
2025-08-12 12:47:01,973 [WARN] IP:2250 - DeviceAttribute2 not found: check if there is a RefParameter without a condition.
2025-08-12 12:47:01,973 [WARN] IP:2250 - Memorytype3 not found: check if there is a RefParameter without a condition.
2025-08-12 12:47:01,973 [WARN] IP:2250 - LL_DeviceAttribute23 not found: check if there is a RefParameter without a condition.
2025-08-12 12:47:01,973 [WARN] IP:2250 - DeviceAttribute3 not found: check if there is a RefParameter without a condition.
2025-08-12 12:47:01,973 [WARN] IP:2250 - Memorytype4 not found: check if there is a RefParameter without a condition.
2025-08-12 12:47:01,973 [WARN] IP:2250 - LL_DeviceAttribute24 not found: check if there is a RefParameter without a condition.
2025-08-12 12:47:01,973 [WARN] IP:2250 - DeviceAttribute4 not found: check if there is a RefParameter without a condition.
2025-08-12 12:47:01,973 [WARN] IP:2250 - Memorytype5 not found: check if there is a RefParameter without a condition.
2025-08-12 12:47:01,973 [WARN] IP:2250 - LL_DeviceAttribute25 not found: check if there is a RefParameter without a condition.
2025-08-12 12:47:01,973 [WARN] IP:2250 - DeviceAttribute5 not found: check if there is a RefParameter without a condition.
2025-08-12 12:47:01,973 [WARN] IP:2250 - Memorytype6 not found: check if there is a RefParameter without a condition.
2025-08-12 12:47:01,973 [WARN] IP:2250 - LL_DeviceAttribute26 not found: check if there is a RefParameter without a condition.
2025-08-12 12:47:01,973 [WARN] IP:2250 - DeviceAttribute6 not found: check if there is a RefParameter without a condition.
2025-08-12 12:47:01,973 [WARN] IP:2250 - Memorytype7 not found: check if there is a RefParameter without a condition.
2025-08-12 12:47:01,973 [WARN] IP:2250 - LL_DeviceAttribute27 not found: check if there is a RefParameter without a condition.
2025-08-12 12:47:01,973 [WARN] IP:2250 - DeviceAttribute7 not found: check if there is a RefParameter without a condition.
2025-08-12 12:47:03,143 [WARN] IP:2250 - Memorytype0 not found: check if there is a RefParameter without a condition.
2025-08-12 12:47:03,143 [WARN] IP:2250 - LL_DeviceAttribute20 not found: check if there is a RefParameter without a condition.
2025-08-12 12:47:03,143 [WARN] IP:2250 - DeviceAttribute0 not found: check if there is a RefParameter without a condition.
2025-08-12 12:47:03,143 [WARN] IP:2250 - DeviceAttribute20 not found: check if there is a RefParameter without a condition.
2025-08-12 12:47:03,143 [WARN] IP:2250 - DeviceAttribute1 not found: check if there is a RefParameter without a condition.
2025-08-12 12:47:03,143 [WARN] IP:2250 - Memorytype2 not found: check if there is a RefParameter without a condition.
2025-08-12 12:47:03,143 [WARN] IP:2250 - LL_DeviceAttribute22 not found: check if there is a RefParameter without a condition.
2025-08-12 12:47:03,143 [WARN] IP:2250 - DeviceAttribute2 not found: check if there is a RefParameter without a condition.
2025-08-12 12:47:03,143 [WARN] IP:2250 - Memorytype3 not found: check if there is a RefParameter without a condition.
2025-08-12 12:47:03,143 [WARN] IP:2250 - LL_DeviceAttribute23 not found: check if there is a RefParameter without a condition.
2025-08-12 12:47:03,143 [WARN] IP:2250 - DeviceAttribute3 not found: check if there is a RefParameter without a condition.
2025-08-12 12:47:03,144 [WARN] IP:2250 - Memorytype4 not found: check if there is a RefParameter without a condition.
2025-08-12 12:47:03,144 [WARN] IP:2250 - LL_DeviceAttribute24 not found: check if there is a RefParameter without a condition.
2025-08-12 12:47:03,144 [WARN] IP:2250 - DeviceAttribute4 not found: check if there is a RefParameter without a condition.
2025-08-12 12:47:03,144 [WARN] IP:2250 - Memorytype5 not found: check if there is a RefParameter without a condition.
2025-08-12 12:47:03,144 [WARN] IP:2250 - LL_DeviceAttribute25 not found: check if there is a RefParameter without a condition.
2025-08-12 12:47:03,144 [WARN] IP:2250 - DeviceAttribute5 not found: check if there is a RefParameter without a condition.
2025-08-12 12:47:03,144 [WARN] IP:2250 - Memorytype6 not found: check if there is a RefParameter without a condition.
2025-08-12 12:47:03,144 [WARN] IP:2250 - LL_DeviceAttribute26 not found: check if there is a RefParameter without a condition.
2025-08-12 12:47:03,144 [WARN] IP:2250 - DeviceAttribute6 not found: check if there is a RefParameter without a condition.
2025-08-12 12:47:03,144 [WARN] IP:2250 - Memorytype7 not found: check if there is a RefParameter without a condition.
2025-08-12 12:47:03,144 [WARN] IP:2250 - LL_DeviceAttribute27 not found: check if there is a RefParameter without a condition.
2025-08-12 12:47:03,144 [WARN] IP:2250 - DeviceAttribute7 not found: check if there is a RefParameter without a condition.
2025-08-12 12:47:04,852 [INFO] UtilMem:75 - End SaveConfig() Used Memory: 1000790920 Bytes (1073741824)
2025-08-12 12:47:05,842 [INFO] UtilMem:75 - End SaveConfig() Used Memory: 584600648 Bytes (1073741824)
2025-08-12 12:47:07,549 [INFO] UtilMem:75 - End SaveConfig() Used Memory: 688643576 Bytes (1073741824)
2025-08-12 12:47:07,906 [WARN] IP:2250 - pwrPrivilege not found: check if there is a RefParameter without a condition.
2025-08-12 12:47:08,111 [INFO] BlockDiagram:2775 - set Specific Code input for plugin: EXTMEM_MANAGER
2025-08-12 12:47:08,111 [INFO] BlockDiagram:2775 - set Specific Code input for plugin: PWR
2025-08-12 12:47:08,111 [INFO] BlockDiagram:2775 - set Specific Code input for plugin: CORTEX_M55_S
2025-08-12 12:47:08,111 [INFO] BlockDiagram:2775 - set Specific Code input for plugin: RCC
2025-08-12 12:47:08,111 [INFO] BlockDiagram:2775 - set Specific Code input for plugin: CORTEX_M55_FSBL
2025-08-12 12:47:08,111 [INFO] BlockDiagram:2775 - set Specific Code input for plugin: XSPIM
2025-08-12 12:47:08,111 [INFO] BlockDiagram:2775 - set Specific Code input for plugin: XSPI
2025-08-12 12:47:08,111 [INFO] BlockDiagram:2775 - set Specific Code input for plugin: LPUART
2025-08-12 12:47:08,111 [INFO] BlockDiagram:2775 - set Specific Code input for plugin: NVIC
2025-08-12 12:47:08,111 [INFO] BlockDiagram:2775 - set Specific Code input for plugin: HDP
2025-08-12 12:47:08,111 [INFO] BlockDiagram:2775 - set Specific Code input for plugin: ICACHE
2025-08-12 12:47:08,111 [INFO] BlockDiagram:2775 - set Specific Code input for plugin: DEBUG
2025-08-12 12:47:08,112 [INFO] BlockDiagram:2775 - set Specific Code input for plugin: GPIO
2025-08-12 12:47:08,112 [INFO] BlockDiagram:2775 - set Specific Code input for plugin: RIF
2025-08-12 12:47:08,112 [INFO] BlockDiagram:2775 - set Specific Code input for plugin: NVIC1
2025-08-12 12:47:08,113 [INFO] CodeGenerator:892 - code generatio: config db path: C:\ST\STM32CubeIDE_1.19.0\STM32CubeIDE\plugins\com.st.stm32cube.common.mx_6.15.0.202507011659\\db\
2025-08-12 12:47:08,115 [WARN] IP:2250 - DeviceAttribute0 not found: check if there is a RefParameter without a condition.
2025-08-12 12:47:08,115 [WARN] IP:2250 - Memorytype1 not found: check if there is a RefParameter without a condition.
2025-08-12 12:47:08,115 [WARN] IP:2250 - DeviceAttribute1 not found: check if there is a RefParameter without a condition.
2025-08-12 12:47:08,115 [WARN] IP:2250 - LL_DeviceAttribute21 not found: check if there is a RefParameter without a condition.
2025-08-12 12:47:08,115 [WARN] IP:2250 - Memorytype2 not found: check if there is a RefParameter without a condition.
2025-08-12 12:47:08,115 [WARN] IP:2250 - DeviceAttribute2 not found: check if there is a RefParameter without a condition.
2025-08-12 12:47:08,115 [WARN] IP:2250 - LL_DeviceAttribute22 not found: check if there is a RefParameter without a condition.
2025-08-12 12:47:08,115 [WARN] IP:2250 - Memorytype3 not found: check if there is a RefParameter without a condition.
2025-08-12 12:47:08,115 [WARN] IP:2250 - DeviceAttribute3 not found: check if there is a RefParameter without a condition.
2025-08-12 12:47:08,115 [WARN] IP:2250 - LL_DeviceAttribute23 not found: check if there is a RefParameter without a condition.
2025-08-12 12:47:08,115 [WARN] IP:2250 - Memorytype4 not found: check if there is a RefParameter without a condition.
2025-08-12 12:47:08,115 [WARN] IP:2250 - DeviceAttribute4 not found: check if there is a RefParameter without a condition.
2025-08-12 12:47:08,115 [WARN] IP:2250 - LL_DeviceAttribute24 not found: check if there is a RefParameter without a condition.
2025-08-12 12:47:08,115 [WARN] IP:2250 - Memorytype5 not found: check if there is a RefParameter without a condition.
2025-08-12 12:47:08,115 [WARN] IP:2250 - DeviceAttribute5 not found: check if there is a RefParameter without a condition.
2025-08-12 12:47:08,115 [WARN] IP:2250 - LL_DeviceAttribute25 not found: check if there is a RefParameter without a condition.
2025-08-12 12:47:08,115 [WARN] IP:2250 - Memorytype6 not found: check if there is a RefParameter without a condition.
2025-08-12 12:47:08,116 [WARN] IP:2250 - DeviceAttribute6 not found: check if there is a RefParameter without a condition.
2025-08-12 12:47:08,116 [WARN] IP:2250 - LL_DeviceAttribute26 not found: check if there is a RefParameter without a condition.
2025-08-12 12:47:08,116 [WARN] IP:2250 - Memorytype7 not found: check if there is a RefParameter without a condition.
2025-08-12 12:47:08,116 [WARN] IP:2250 - DeviceAttribute7 not found: check if there is a RefParameter without a condition.
2025-08-12 12:47:08,116 [WARN] IP:2250 - LL_DeviceAttribute27 not found: check if there is a RefParameter without a condition.
2025-08-12 12:47:08,121 [WARN] IP:2250 - Memorytype0 not found: check if there is a RefParameter without a condition.
2025-08-12 12:47:08,121 [WARN] IP:2250 - LL_DeviceAttribute20 not found: check if there is a RefParameter without a condition.
2025-08-12 12:47:08,121 [WARN] IP:2250 - DeviceAttribute0 not found: check if there is a RefParameter without a condition.
2025-08-12 12:47:08,121 [WARN] IP:2250 - DeviceAttribute20 not found: check if there is a RefParameter without a condition.
2025-08-12 12:47:08,121 [WARN] IP:2250 - DeviceAttribute1 not found: check if there is a RefParameter without a condition.
2025-08-12 12:47:08,121 [WARN] IP:2250 - Memorytype2 not found: check if there is a RefParameter without a condition.
2025-08-12 12:47:08,121 [WARN] IP:2250 - LL_DeviceAttribute22 not found: check if there is a RefParameter without a condition.
2025-08-12 12:47:08,121 [WARN] IP:2250 - DeviceAttribute2 not found: check if there is a RefParameter without a condition.
2025-08-12 12:47:08,121 [WARN] IP:2250 - Memorytype3 not found: check if there is a RefParameter without a condition.
2025-08-12 12:47:08,121 [WARN] IP:2250 - LL_DeviceAttribute23 not found: check if there is a RefParameter without a condition.
2025-08-12 12:47:08,121 [WARN] IP:2250 - DeviceAttribute3 not found: check if there is a RefParameter without a condition.
2025-08-12 12:47:08,121 [WARN] IP:2250 - Memorytype4 not found: check if there is a RefParameter without a condition.
2025-08-12 12:47:08,121 [WARN] IP:2250 - LL_DeviceAttribute24 not found: check if there is a RefParameter without a condition.
2025-08-12 12:47:08,121 [WARN] IP:2250 - DeviceAttribute4 not found: check if there is a RefParameter without a condition.
2025-08-12 12:47:08,121 [WARN] IP:2250 - Memorytype5 not found: check if there is a RefParameter without a condition.
2025-08-12 12:47:08,121 [WARN] IP:2250 - LL_DeviceAttribute25 not found: check if there is a RefParameter without a condition.
2025-08-12 12:47:08,121 [WARN] IP:2250 - DeviceAttribute5 not found: check if there is a RefParameter without a condition.
2025-08-12 12:47:08,122 [WARN] IP:2250 - Memorytype6 not found: check if there is a RefParameter without a condition.
2025-08-12 12:47:08,122 [WARN] IP:2250 - LL_DeviceAttribute26 not found: check if there is a RefParameter without a condition.
2025-08-12 12:47:08,122 [WARN] IP:2250 - DeviceAttribute6 not found: check if there is a RefParameter without a condition.
2025-08-12 12:47:08,122 [WARN] IP:2250 - Memorytype7 not found: check if there is a RefParameter without a condition.
2025-08-12 12:47:08,122 [WARN] IP:2250 - LL_DeviceAttribute27 not found: check if there is a RefParameter without a condition.
2025-08-12 12:47:08,122 [WARN] IP:2250 - DeviceAttribute7 not found: check if there is a RefParameter without a condition.
2025-08-12 12:47:08,130 [WARN] IP:2250 - RefParam_LRUN_SRC_memory not found: check if there is a RefParameter without a condition.
2025-08-12 12:47:08,131 [WARN] IP:2250 - RefParam_LRUN_SRC_offset not found: check if there is a RefParameter without a condition.
2025-08-12 12:47:08,131 [WARN] IP:2250 - RefParam_LRUN_SRC_size not found: check if there is a RefParameter without a condition.
2025-08-12 12:47:08,131 [WARN] IP:2250 - RefParam_LRUN_DEST_memory not found: check if there is a RefParameter without a condition.
2025-08-12 12:47:08,131 [WARN] IP:2250 - RefParam_LRUN_DEST_offset not found: check if there is a RefParameter without a condition.
2025-08-12 12:47:08,131 [WARN] IP:2250 - RefParam_MEMORY_1_Size not found: check if there is a RefParameter without a condition.
2025-08-12 12:47:08,131 [WARN] IP:2250 - RefParam_MEMORY_1_FreqMax not found: check if there is a RefParameter without a condition.
2025-08-12 12:47:08,131 [WARN] IP:2250 - RefParam_MEMORY_1_ReadReg not found: check if there is a RefParameter without a condition.
2025-08-12 12:47:08,131 [WARN] IP:2250 - RefParam_MEMORY_1_WriteReg not found: check if there is a RefParameter without a condition.
2025-08-12 12:47:08,131 [WARN] IP:2250 - RefParam_MEMORY_1_RegSize not found: check if there is a RefParameter without a condition.
2025-08-12 12:47:08,131 [WARN] IP:2250 - RefParam_MEMORY_1_RegDummyCycle not found: check if there is a RefParameter without a condition.
2025-08-12 12:47:08,131 [WARN] IP:2250 - RefParam_MEMORY_1_WriteCommand not found: check if there is a RefParameter without a condition.
2025-08-12 12:47:08,131 [WARN] IP:2250 - RefParam_MEMORY_1_WriteDummyCycle not found: check if there is a RefParameter without a condition.
2025-08-12 12:47:08,131 [WARN] IP:2250 - RefParam_MEMORY_1_ReadCommand not found: check if there is a RefParameter without a condition.
2025-08-12 12:47:08,131 [WARN] IP:2250 - RefParam_MEMORY_1_WrapReadCommand not found: check if there is a RefParameter without a condition.
2025-08-12 12:47:08,131 [WARN] IP:2250 - RefParam_MEMORY_1_ReadDummyCycle not found: check if there is a RefParameter without a condition.
2025-08-12 12:47:08,131 [WARN] IP:2250 - RefParam_MEMORY_1_NumberOfConfig not found: check if there is a RefParameter without a condition.
2025-08-12 12:47:08,131 [WARN] IP:2250 - RefParam_MEMORY_1_Config1_WriteMask not found: check if there is a RefParameter without a condition.
2025-08-12 12:47:08,131 [WARN] IP:2250 - RefParam_MEMORY_1_Config1_WriteValue not found: check if there is a RefParameter without a condition.
2025-08-12 12:47:08,131 [WARN] IP:2250 - RefParam_MEMORY_1_Config1_RegAddress not found: check if there is a RefParameter without a condition.
2025-08-12 12:47:08,131 [WARN] IP:2250 - RefParam_MEMORY_1_Config2_WriteMask not found: check if there is a RefParameter without a condition.
2025-08-12 12:47:08,131 [WARN] IP:2250 - RefParam_MEMORY_1_Config2_WriteValue not found: check if there is a RefParameter without a condition.
2025-08-12 12:47:08,131 [WARN] IP:2250 - RefParam_MEMORY_1_Config2_RegAddress not found: check if there is a RefParameter without a condition.
2025-08-12 12:47:08,131 [WARN] IP:2250 - RefParam_MEMORY_1_Config3_WriteMask not found: check if there is a RefParameter without a condition.
2025-08-12 12:47:08,131 [WARN] IP:2250 - RefParam_MEMORY_1_Config3_WriteValue not found: check if there is a RefParameter without a condition.
2025-08-12 12:47:08,131 [WARN] IP:2250 - RefParam_MEMORY_1_Config3_RegAddress not found: check if there is a RefParameter without a condition.
2025-08-12 12:47:08,131 [WARN] IP:2250 - RefParam_MEMORY_2_Instance not found: check if there is a RefParameter without a condition.
2025-08-12 12:47:08,131 [WARN] IP:2250 - RefParam_MEMORY_2_ConfigType not found: check if there is a RefParameter without a condition.
2025-08-12 12:47:08,131 [WARN] IP:2250 - RefParam_MEMORY_2_Size not found: check if there is a RefParameter without a condition.
2025-08-12 12:47:08,131 [WARN] IP:2250 - RefParam_MEMORY_2_FreqMax not found: check if there is a RefParameter without a condition.
2025-08-12 12:47:08,131 [WARN] IP:2250 - RefParam_MEMORY_2_ReadReg not found: check if there is a RefParameter without a condition.
2025-08-12 12:47:08,131 [WARN] IP:2250 - RefParam_MEMORY_2_WriteReg not found: check if there is a RefParameter without a condition.
2025-08-12 12:47:08,131 [WARN] IP:2250 - RefParam_MEMORY_2_RegSize not found: check if there is a RefParameter without a condition.
2025-08-12 12:47:08,131 [WARN] IP:2250 - RefParam_MEMORY_2_RegDummyCycle not found: check if there is a RefParameter without a condition.
2025-08-12 12:47:08,131 [WARN] IP:2250 - RefParam_MEMORY_2_WriteCommand not found: check if there is a RefParameter without a condition.
2025-08-12 12:47:08,131 [WARN] IP:2250 - RefParam_MEMORY_2_WriteDummyCycle not found: check if there is a RefParameter without a condition.
2025-08-12 12:47:08,131 [WARN] IP:2250 - RefParam_MEMORY_2_ReadCommand not found: check if there is a RefParameter without a condition.
2025-08-12 12:47:08,131 [WARN] IP:2250 - RefParam_MEMORY_2_WrapReadCommand not found: check if there is a RefParameter without a condition.
2025-08-12 12:47:08,131 [WARN] IP:2250 - RefParam_MEMORY_2_ReadDummyCycle not found: check if there is a RefParameter without a condition.
2025-08-12 12:47:08,131 [WARN] IP:2250 - RefParam_MEMORY_2_NumberOfConfig not found: check if there is a RefParameter without a condition.
2025-08-12 12:47:08,131 [WARN] IP:2250 - RefParam_MEMORY_2_Config1_WriteMask not found: check if there is a RefParameter without a condition.
2025-08-12 12:47:08,131 [WARN] IP:2250 - RefParam_MEMORY_2_Config1_WriteValue not found: check if there is a RefParameter without a condition.
2025-08-12 12:47:08,131 [WARN] IP:2250 - RefParam_MEMORY_2_Config1_RegAddress not found: check if there is a RefParameter without a condition.
2025-08-12 12:47:08,131 [WARN] IP:2250 - RefParam_MEMORY_2_Config2_WriteMask not found: check if there is a RefParameter without a condition.
2025-08-12 12:47:08,132 [WARN] IP:2250 - RefParam_MEMORY_2_Config2_WriteValue not found: check if there is a RefParameter without a condition.
2025-08-12 12:47:08,132 [WARN] IP:2250 - RefParam_MEMORY_2_Config2_RegAddress not found: check if there is a RefParameter without a condition.
2025-08-12 12:47:08,132 [WARN] IP:2250 - RefParam_MEMORY_2_Config3_WriteMask not found: check if there is a RefParameter without a condition.
2025-08-12 12:47:08,132 [WARN] IP:2250 - RefParam_MEMORY_2_Config3_WriteValue not found: check if there is a RefParameter without a condition.
2025-08-12 12:47:08,132 [WARN] IP:2250 - RefParam_MEMORY_2_Config3_RegAddress not found: check if there is a RefParameter without a condition.
2025-08-12 12:47:08,150 [WARN] IP:2250 - pwrPrivilege not found: check if there is a RefParameter without a condition.
2025-08-12 12:47:08,238 [INFO] Middleware:1452 - No code input for Bsp Dependency
2025-08-12 12:47:08,240 [INFO] Middleware:1452 - No code input for Bsp Dependency
2025-08-12 12:47:08,241 [INFO] Middleware:1452 - No code input for Bsp Dependency
2025-08-12 12:47:08,242 [INFO] Middleware:1452 - No code input for Bsp Dependency
2025-08-12 12:47:08,243 [INFO] Middleware:1452 - No code input for Bsp Dependency
2025-08-12 12:47:08,244 [INFO] Middleware:1452 - No code input for Bsp Dependency
2025-08-12 12:47:08,245 [INFO] CodeGenerator:1619 - *******************Project context FSBL selected
2025-08-12 12:47:08,285 [INFO] CodeEngine:265 - oldGeneratedFile, C:\ST\AB_LSTM\AB_LSTM\MXTmpFiles\license.tmp_save
2025-08-12 12:47:08,448 [INFO] CodeEngine:289 - Generated code: C:\ST\AB_LSTM\AB_LSTM\MXTmpFiles\license.tmp
2025-08-12 12:47:08,491 [INFO] CodeEngine:265 - oldGeneratedFile, C:\ST\AB_LSTM\AB_LSTM\FSBL\MXTmpFiles\gpio.tmp_save
2025-08-12 12:47:08,615 [INFO] CodeEngine:289 - Generated code: C:\ST\AB_LSTM\AB_LSTM\FSBL\MXTmpFiles\gpio.tmp
2025-08-12 12:47:08,655 [WARN] IPConfigManager:103 - WARNING: Missing Config File for DEBUG ip!!
2025-08-12 12:47:08,729 [WARN] IPConfigManager:103 - WARNING: Missing Config File for HDP ip!!
2025-08-12 12:47:08,935 [WARN] IPConfigManager:103 - WARNING: Missing Config File for XSPIM ip!!
2025-08-12 12:47:08,989 [INFO] Middleware:1452 - No code input for Bsp Dependency
2025-08-12 12:47:08,997 [INFO] CodeEngine:265 - oldGeneratedFile, C:\ST\AB_LSTM\AB_LSTM\FSBL\MXTmpFiles\boot_code.tmp_save
2025-08-12 12:47:09,093 [INFO] CodeEngine:289 - Generated code: C:\ST\AB_LSTM\AB_LSTM\FSBL\MXTmpFiles\boot_code.tmp
2025-08-12 12:47:09,108 [INFO] CodeEngine:265 - oldGeneratedFile, C:\ST\AB_LSTM\AB_LSTM\FSBL\MXTmpFiles\cortex.tmp_save
2025-08-12 12:47:09,206 [INFO] CodeEngine:289 - Generated code: C:\ST\AB_LSTM\AB_LSTM\FSBL\MXTmpFiles\cortex.tmp
2025-08-12 12:47:09,210 [INFO] Middleware:1452 - No code input for Bsp Dependency
2025-08-12 12:47:09,219 [INFO] CodeEngine:265 - oldGeneratedFile, C:\ST\AB_LSTM\AB_LSTM\FSBL\Core\Inc\extmem_manager.h_save
2025-08-12 12:47:09,309 [INFO] CodeEngine:289 - Generated code: C:\ST\AB_LSTM\AB_LSTM\FSBL\Core\Inc\extmem_manager.h
2025-08-12 12:47:09,318 [INFO] CodeEngine:265 - oldGeneratedFile, C:\ST\AB_LSTM\AB_LSTM\FSBL\Core\Src\extmem_manager.c_save
2025-08-12 12:47:09,399 [INFO] CodeEngine:289 - Generated code: C:\ST\AB_LSTM\AB_LSTM\FSBL\Core\Src\extmem_manager.c
2025-08-12 12:47:09,406 [INFO] CodeEngine:265 - oldGeneratedFile, C:\ST\AB_LSTM\AB_LSTM\FSBL\Core\Inc\stm32_extmem_conf.h_save
2025-08-12 12:47:09,490 [INFO] CodeEngine:289 - Generated code: C:\ST\AB_LSTM\AB_LSTM\FSBL\Core\Inc\stm32_extmem_conf.h
2025-08-12 12:47:09,497 [INFO] CodeEngine:265 - oldGeneratedFile, C:\ST\AB_LSTM\AB_LSTM\FSBL\MXTmpFiles\boot_code.tmp_save
2025-08-12 12:47:09,540 [INFO] CodeEngine:289 - Generated code: C:\ST\AB_LSTM\AB_LSTM\FSBL\MXTmpFiles\boot_code.tmp
2025-08-12 12:47:09,569 [INFO] CodeEngine:265 - oldGeneratedFile, C:\ST\AB_LSTM\AB_LSTM\FSBL\Core\Src\stm32n6xx_it.c_save
2025-08-12 12:47:09,666 [INFO] CodeEngine:289 - Generated code: C:\ST\AB_LSTM\AB_LSTM\FSBL\Core\Src\stm32n6xx_it.c
2025-08-12 12:47:09,672 [INFO] CodeEngine:265 - oldGeneratedFile, C:\ST\AB_LSTM\AB_LSTM\FSBL\Core\Inc\stm32n6xx_it.h_save
2025-08-12 12:47:09,715 [INFO] CodeEngine:289 - Generated code: C:\ST\AB_LSTM\AB_LSTM\FSBL\Core\Inc\stm32n6xx_it.h
2025-08-12 12:47:09,804 [INFO] CodeEngine:265 - oldGeneratedFile, C:\ST\AB_LSTM\AB_LSTM\FSBL\Core\Src\stm32n6xx_hal_msp.c_save
2025-08-12 12:47:09,916 [INFO] CodeEngine:289 - Generated code: C:\ST\AB_LSTM\AB_LSTM\FSBL\Core\Src\stm32n6xx_hal_msp.c
2025-08-12 12:47:09,922 [INFO] CodeEngine:265 - oldGeneratedFile, C:\ST\AB_LSTM\AB_LSTM\FSBL\MXTmpFiles\system.tmp_save
2025-08-12 12:47:09,963 [INFO] CodeEngine:289 - Generated code: C:\ST\AB_LSTM\AB_LSTM\FSBL\MXTmpFiles\system.tmp
2025-08-12 12:47:09,978 [INFO] CodeEngine:321 - oldGeneratedFile, C:\ST\AB_LSTM\AB_LSTM\FSBL\Core\Inc\stm32n6xx_hal_conf.h_save
2025-08-12 12:47:10,096 [INFO] CodeEngine:345 - Generated code: C:\ST\AB_LSTM\AB_LSTM\FSBL\Core\Inc\stm32n6xx_hal_conf.h
2025-08-12 12:47:10,124 [WARN] IPConfigManager:3238 - Warning: the RefConfig RCC_ConfigVoltageScaling is not available in your config.xml file
2025-08-12 12:47:10,130 [WARN] IPConfigManager:3238 - Warning: the RefConfig RCC_RTC_HSEDIV is not available in your config.xml file
2025-08-12 12:47:10,137 [ERROR] ApiDbMcu:560 - Cannot parse HDP_Config file : file do not exist
2025-08-12 12:47:10,137 [ERROR] ApiDbMcu:560 - Cannot parse XSPIM_Config file : file do not exist
2025-08-12 12:47:10,156 [INFO] CodeEngine:265 - oldGeneratedFile, C:\ST\AB_LSTM\AB_LSTM\FSBL\Core\Inc\main.h_save
2025-08-12 12:47:10,271 [INFO] CodeEngine:289 - Generated code: C:\ST\AB_LSTM\AB_LSTM\FSBL\Core\Inc\main.h
2025-08-12 12:47:10,279 [INFO] CodeEngine:265 - oldGeneratedFile, C:\ST\AB_LSTM\AB_LSTM\FSBL\Core\Src\main.c_save
2025-08-12 12:47:10,429 [INFO] CodeEngine:289 - Generated code: C:\ST\AB_LSTM\AB_LSTM\FSBL\Core\Src\main.c
2025-08-12 12:47:10,492 [INFO] CodeGenerator:1619 - *******************Project context Appli selected
2025-08-12 12:47:10,544 [INFO] CodeEngine:265 - oldGeneratedFile, C:\ST\AB_LSTM\AB_LSTM\MXTmpFiles\license.tmp_save
2025-08-12 12:47:10,672 [INFO] CodeEngine:289 - Generated code: C:\ST\AB_LSTM\AB_LSTM\MXTmpFiles\license.tmp
2025-08-12 12:47:10,690 [INFO] CodeEngine:265 - oldGeneratedFile, C:\ST\AB_LSTM\AB_LSTM\Appli\MXTmpFiles\gpio.tmp_save
2025-08-12 12:47:10,774 [INFO] CodeEngine:289 - Generated code: C:\ST\AB_LSTM\AB_LSTM\Appli\MXTmpFiles\gpio.tmp
2025-08-12 12:47:10,795 [WARN] IPConfigManager:103 - WARNING: Missing Config File for DEBUG ip!!
2025-08-12 12:47:10,818 [WARN] IPConfigManager:103 - WARNING: Missing Config File for NVIC ip!!
2025-08-12 12:47:10,841 [INFO] CodeEngine:265 - oldGeneratedFile, C:\ST\AB_LSTM\AB_LSTM\Appli\MXTmpFiles\cortex.tmp_save
2025-08-12 12:47:10,900 [INFO] CodeEngine:289 - Generated code: C:\ST\AB_LSTM\AB_LSTM\Appli\MXTmpFiles\cortex.tmp
2025-08-12 12:47:10,924 [INFO] CodeEngine:265 - oldGeneratedFile, C:\ST\AB_LSTM\AB_LSTM\Appli\Core\Src\stm32n6xx_it.c_save
2025-08-12 12:47:10,993 [INFO] CodeEngine:289 - Generated code: C:\ST\AB_LSTM\AB_LSTM\Appli\Core\Src\stm32n6xx_it.c
2025-08-12 12:47:10,999 [INFO] CodeEngine:265 - oldGeneratedFile, C:\ST\AB_LSTM\AB_LSTM\Appli\Core\Inc\stm32n6xx_it.h_save
2025-08-12 12:47:11,031 [INFO] CodeEngine:289 - Generated code: C:\ST\AB_LSTM\AB_LSTM\Appli\Core\Inc\stm32n6xx_it.h
2025-08-12 12:47:11,038 [INFO] CodeEngine:265 - oldGeneratedFile, C:\ST\AB_LSTM\AB_LSTM\Appli\MXTmpFiles\RIFInit.tmp_save
2025-08-12 12:47:11,110 [INFO] CodeEngine:289 - Generated code: C:\ST\AB_LSTM\AB_LSTM\Appli\MXTmpFiles\RIFInit.tmp
2025-08-12 12:47:11,155 [INFO] CodeEngine:265 - oldGeneratedFile, C:\ST\AB_LSTM\AB_LSTM\Appli\Core\Src\stm32n6xx_hal_msp.c_save
2025-08-12 12:47:11,237 [INFO] CodeEngine:289 - Generated code: C:\ST\AB_LSTM\AB_LSTM\Appli\Core\Src\stm32n6xx_hal_msp.c
2025-08-12 12:47:11,242 [INFO] CodeEngine:265 - oldGeneratedFile, C:\ST\AB_LSTM\AB_LSTM\Appli\MXTmpFiles\system.tmp_save
2025-08-12 12:47:11,273 [INFO] CodeEngine:289 - Generated code: C:\ST\AB_LSTM\AB_LSTM\Appli\MXTmpFiles\system.tmp
2025-08-12 12:47:11,285 [INFO] CodeEngine:321 - oldGeneratedFile, C:\ST\AB_LSTM\AB_LSTM\Appli\Core\Inc\stm32n6xx_hal_conf.h_save
2025-08-12 12:47:11,374 [INFO] CodeEngine:345 - Generated code: C:\ST\AB_LSTM\AB_LSTM\Appli\Core\Inc\stm32n6xx_hal_conf.h
2025-08-12 12:47:11,389 [WARN] IPConfigManager:3238 - Warning: the RefConfig RCC_ConfigVoltageScaling is not available in your config.xml file
2025-08-12 12:47:11,390 [WARN] IPConfigManager:3238 - Warning: the RefConfig RCC_RTC_HSEDIV is not available in your config.xml file
2025-08-12 12:47:11,406 [INFO] CodeEngine:265 - oldGeneratedFile, C:\ST\AB_LSTM\AB_LSTM\Appli\Core\Inc\main.h_save
2025-08-12 12:47:11,500 [INFO] CodeEngine:289 - Generated code: C:\ST\AB_LSTM\AB_LSTM\Appli\Core\Inc\main.h
2025-08-12 12:47:11,507 [INFO] CodeEngine:265 - oldGeneratedFile, C:\ST\AB_LSTM\AB_LSTM\Appli\Core\Src\main.c_save
2025-08-12 12:47:11,604 [INFO] CodeEngine:289 - Generated code: C:\ST\AB_LSTM\AB_LSTM\Appli\Core\Src\main.c
2025-08-12 12:47:11,616 [INFO] CodeEngine:265 - oldGeneratedFile, C:\ST\AB_LSTM\AB_LSTM\Appli\Core\Src\secure_nsc.c_save
2025-08-12 12:47:11,677 [INFO] CodeEngine:289 - Generated code: C:\ST\AB_LSTM\AB_LSTM\Appli\Core\Src\secure_nsc.c
2025-08-12 12:47:11,684 [INFO] CodeEngine:265 - oldGeneratedFile, C:\ST\AB_LSTM\AB_LSTM\Appli\Core\Inc\partition_stm32n657xx.h_save
2025-08-12 12:47:11,748 [INFO] CodeEngine:289 - Generated code: C:\ST\AB_LSTM\AB_LSTM\Appli\Core\Inc\partition_stm32n657xx.h
2025-08-12 12:47:11,753 [INFO] CodeEngine:265 - oldGeneratedFile, C:\ST\AB_LSTM\AB_LSTM\Secure_nsclib\secure_nsc.h_save
2025-08-12 12:47:11,787 [INFO] CodeEngine:289 - Generated code: C:\ST\AB_LSTM\AB_LSTM\Secure_nsclib\secure_nsc.h
2025-08-12 12:47:11,812 [INFO] CodeGenerator:1707 - *******************Project context ExtMemLoader Not selected
2025-08-12 12:47:12,235 [INFO] ProjectBuilder:3606 - Time for Copy HAL[1] : 323mS.
2025-08-12 12:47:12,256 [INFO] ProjectBuilder:5216 - Project Generator version: 4.7.0-B52
2025-08-12 12:47:12,341 [INFO] ConfigFileManager:1595 - The Die is : DIE486
2025-08-12 12:47:17,114 [INFO] ProjectBuilder:5056 - Time for Generating toolchain IDE Files: 4857mS.
2025-08-12 12:47:17,116 [INFO] ProjectBuilder:3463 - Time for Copy CMSIS : 2mS.
2025-08-12 12:47:17,121 [INFO] ProjectBuilder:3463 - Time for Copy CMSIS : 0mS.
2025-08-12 13:14:45,409 [WARN] IpParametersView:155 - Warning: This peripheral hasn't parameters
2025-08-12 13:15:18,032 [INFO] NvicIntPanel:101 - NVIC parent = com.st.microxplorer.plugins.ip.nvic.MultiNvicIntPanel[,0,0,0x0,invalid,layout=javax.swing.BoxLayout,alignmentX=0.0,alignmentY=0.0,border=,flags=9,maximumSize=,minimumSize=,preferredSize=]
2025-08-12 13:15:41,429 [WARN] MainPanel:436 - Warning: This peripheral has no parameters to be configured
2025-08-12 13:15:43,156 [INFO] NvicIntPanel:101 - NVIC parent = com.st.microxplorer.plugins.ip.nvic.MultiNvicIntPanel[,0,0,450x227,layout=javax.swing.BoxLayout,alignmentX=0.0,alignmentY=0.0,border=,flags=9,maximumSize=,minimumSize=,preferredSize=]
2025-08-12 13:15:51,918 [WARN] MainPanel:436 - Warning: This peripheral has no parameters to be configured
2025-08-12 13:15:53,363 [WARN] MainPanel:436 - Warning: This peripheral has no parameters to be configured
2025-08-12 13:15:54,855 [INFO] UtilMem:75 - End SaveConfig() Used Memory: 732285280 Bytes (1073741824)
2025-08-12 13:15:56,078 [INFO] UtilMem:75 - End SaveConfig() Used Memory: 764791136 Bytes (1073741824)
2025-08-12 13:15:57,894 [INFO] UtilMem:75 - End SaveConfig() Used Memory: 682636648 Bytes (1073741824)
2025-08-12 13:15:58,255 [WARN] IP:2250 - pwrPrivilege not found: check if there is a RefParameter without a condition.
2025-08-12 13:15:58,533 [INFO] BlockDiagram:2775 - set Specific Code input for plugin: EXTMEM_MANAGER
2025-08-12 13:15:58,533 [INFO] BlockDiagram:2775 - set Specific Code input for plugin: PWR
2025-08-12 13:15:58,533 [INFO] BlockDiagram:2775 - set Specific Code input for plugin: CORTEX_M55_S
2025-08-12 13:15:58,533 [INFO] BlockDiagram:2775 - set Specific Code input for plugin: RCC
2025-08-12 13:15:58,533 [INFO] BlockDiagram:2775 - set Specific Code input for plugin: CORTEX_M55_FSBL
2025-08-12 13:15:58,533 [INFO] BlockDiagram:2775 - set Specific Code input for plugin: XSPIM
2025-08-12 13:15:58,533 [INFO] BlockDiagram:2775 - set Specific Code input for plugin: XSPI
2025-08-12 13:15:58,533 [INFO] BlockDiagram:2775 - set Specific Code input for plugin: LPUART
2025-08-12 13:15:58,533 [INFO] BlockDiagram:2775 - set Specific Code input for plugin: NVIC
2025-08-12 13:15:58,533 [INFO] BlockDiagram:2775 - set Specific Code input for plugin: HDP
2025-08-12 13:15:58,533 [INFO] BlockDiagram:2775 - set Specific Code input for plugin: ICACHE
2025-08-12 13:15:58,533 [INFO] BlockDiagram:2775 - set Specific Code input for plugin: DEBUG
2025-08-12 13:15:58,534 [INFO] BlockDiagram:2775 - set Specific Code input for plugin: GPIO
2025-08-12 13:15:58,534 [INFO] BlockDiagram:2775 - set Specific Code input for plugin: RIF
2025-08-12 13:15:58,534 [INFO] BlockDiagram:2775 - set Specific Code input for plugin: NVIC1
2025-08-12 13:15:58,536 [INFO] CodeGenerator:892 - code generatio: config db path: C:\ST\STM32CubeIDE_1.19.0\STM32CubeIDE\plugins\com.st.stm32cube.common.mx_6.15.0.202507011659\\db\
2025-08-12 13:15:58,539 [WARN] IP:2250 - DeviceAttribute0 not found: check if there is a RefParameter without a condition.
2025-08-12 13:15:58,539 [WARN] IP:2250 - Memorytype1 not found: check if there is a RefParameter without a condition.
2025-08-12 13:15:58,539 [WARN] IP:2250 - DeviceAttribute1 not found: check if there is a RefParameter without a condition.
2025-08-12 13:15:58,539 [WARN] IP:2250 - LL_DeviceAttribute21 not found: check if there is a RefParameter without a condition.
2025-08-12 13:15:58,539 [WARN] IP:2250 - Memorytype2 not found: check if there is a RefParameter without a condition.
2025-08-12 13:15:58,539 [WARN] IP:2250 - DeviceAttribute2 not found: check if there is a RefParameter without a condition.
2025-08-12 13:15:58,539 [WARN] IP:2250 - LL_DeviceAttribute22 not found: check if there is a RefParameter without a condition.
2025-08-12 13:15:58,539 [WARN] IP:2250 - Memorytype3 not found: check if there is a RefParameter without a condition.
2025-08-12 13:15:58,539 [WARN] IP:2250 - DeviceAttribute3 not found: check if there is a RefParameter without a condition.
2025-08-12 13:15:58,540 [WARN] IP:2250 - LL_DeviceAttribute23 not found: check if there is a RefParameter without a condition.
2025-08-12 13:15:58,540 [WARN] IP:2250 - Memorytype4 not found: check if there is a RefParameter without a condition.
2025-08-12 13:15:58,540 [WARN] IP:2250 - DeviceAttribute4 not found: check if there is a RefParameter without a condition.
2025-08-12 13:15:58,540 [WARN] IP:2250 - LL_DeviceAttribute24 not found: check if there is a RefParameter without a condition.
2025-08-12 13:15:58,540 [WARN] IP:2250 - Memorytype5 not found: check if there is a RefParameter without a condition.
2025-08-12 13:15:58,540 [WARN] IP:2250 - DeviceAttribute5 not found: check if there is a RefParameter without a condition.
2025-08-12 13:15:58,540 [WARN] IP:2250 - LL_DeviceAttribute25 not found: check if there is a RefParameter without a condition.
2025-08-12 13:15:58,540 [WARN] IP:2250 - Memorytype6 not found: check if there is a RefParameter without a condition.
2025-08-12 13:15:58,540 [WARN] IP:2250 - DeviceAttribute6 not found: check if there is a RefParameter without a condition.
2025-08-12 13:15:58,540 [WARN] IP:2250 - LL_DeviceAttribute26 not found: check if there is a RefParameter without a condition.
2025-08-12 13:15:58,540 [WARN] IP:2250 - Memorytype7 not found: check if there is a RefParameter without a condition.
2025-08-12 13:15:58,540 [WARN] IP:2250 - DeviceAttribute7 not found: check if there is a RefParameter without a condition.
2025-08-12 13:15:58,540 [WARN] IP:2250 - LL_DeviceAttribute27 not found: check if there is a RefParameter without a condition.
2025-08-12 13:15:58,545 [WARN] IP:2250 - Memorytype0 not found: check if there is a RefParameter without a condition.
2025-08-12 13:15:58,545 [WARN] IP:2250 - LL_DeviceAttribute20 not found: check if there is a RefParameter without a condition.
2025-08-12 13:15:58,545 [WARN] IP:2250 - DeviceAttribute0 not found: check if there is a RefParameter without a condition.
2025-08-12 13:15:58,545 [WARN] IP:2250 - DeviceAttribute20 not found: check if there is a RefParameter without a condition.
2025-08-12 13:15:58,545 [WARN] IP:2250 - DeviceAttribute1 not found: check if there is a RefParameter without a condition.
2025-08-12 13:15:58,546 [WARN] IP:2250 - Memorytype2 not found: check if there is a RefParameter without a condition.
2025-08-12 13:15:58,546 [WARN] IP:2250 - LL_DeviceAttribute22 not found: check if there is a RefParameter without a condition.
2025-08-12 13:15:58,546 [WARN] IP:2250 - DeviceAttribute2 not found: check if there is a RefParameter without a condition.
2025-08-12 13:15:58,546 [WARN] IP:2250 - Memorytype3 not found: check if there is a RefParameter without a condition.
2025-08-12 13:15:58,546 [WARN] IP:2250 - LL_DeviceAttribute23 not found: check if there is a RefParameter without a condition.
2025-08-12 13:15:58,546 [WARN] IP:2250 - DeviceAttribute3 not found: check if there is a RefParameter without a condition.
2025-08-12 13:15:58,546 [WARN] IP:2250 - Memorytype4 not found: check if there is a RefParameter without a condition.
2025-08-12 13:15:58,546 [WARN] IP:2250 - LL_DeviceAttribute24 not found: check if there is a RefParameter without a condition.
2025-08-12 13:15:58,546 [WARN] IP:2250 - DeviceAttribute4 not found: check if there is a RefParameter without a condition.
2025-08-12 13:15:58,546 [WARN] IP:2250 - Memorytype5 not found: check if there is a RefParameter without a condition.
2025-08-12 13:15:58,546 [WARN] IP:2250 - LL_DeviceAttribute25 not found: check if there is a RefParameter without a condition.
2025-08-12 13:15:58,546 [WARN] IP:2250 - DeviceAttribute5 not found: check if there is a RefParameter without a condition.
2025-08-12 13:15:58,546 [WARN] IP:2250 - Memorytype6 not found: check if there is a RefParameter without a condition.
2025-08-12 13:15:58,546 [WARN] IP:2250 - LL_DeviceAttribute26 not found: check if there is a RefParameter without a condition.
2025-08-12 13:15:58,546 [WARN] IP:2250 - DeviceAttribute6 not found: check if there is a RefParameter without a condition.
2025-08-12 13:15:58,547 [WARN] IP:2250 - Memorytype7 not found: check if there is a RefParameter without a condition.
2025-08-12 13:15:58,547 [WARN] IP:2250 - LL_DeviceAttribute27 not found: check if there is a RefParameter without a condition.
2025-08-12 13:15:58,547 [WARN] IP:2250 - DeviceAttribute7 not found: check if there is a RefParameter without a condition.
2025-08-12 13:15:58,553 [WARN] IP:2250 - RefParam_LRUN_SRC_memory not found: check if there is a RefParameter without a condition.
2025-08-12 13:15:58,554 [WARN] IP:2250 - RefParam_LRUN_SRC_offset not found: check if there is a RefParameter without a condition.
2025-08-12 13:15:58,554 [WARN] IP:2250 - RefParam_LRUN_SRC_size not found: check if there is a RefParameter without a condition.
2025-08-12 13:15:58,554 [WARN] IP:2250 - RefParam_LRUN_DEST_memory not found: check if there is a RefParameter without a condition.
2025-08-12 13:15:58,554 [WARN] IP:2250 - RefParam_LRUN_DEST_offset not found: check if there is a RefParameter without a condition.
2025-08-12 13:15:58,554 [WARN] IP:2250 - RefParam_MEMORY_1_Size not found: check if there is a RefParameter without a condition.
2025-08-12 13:15:58,554 [WARN] IP:2250 - RefParam_MEMORY_1_FreqMax not found: check if there is a RefParameter without a condition.
2025-08-12 13:15:58,554 [WARN] IP:2250 - RefParam_MEMORY_1_ReadReg not found: check if there is a RefParameter without a condition.
2025-08-12 13:15:58,554 [WARN] IP:2250 - RefParam_MEMORY_1_WriteReg not found: check if there is a RefParameter without a condition.
2025-08-12 13:15:58,554 [WARN] IP:2250 - RefParam_MEMORY_1_RegSize not found: check if there is a RefParameter without a condition.
2025-08-12 13:15:58,554 [WARN] IP:2250 - RefParam_MEMORY_1_RegDummyCycle not found: check if there is a RefParameter without a condition.
2025-08-12 13:15:58,554 [WARN] IP:2250 - RefParam_MEMORY_1_WriteCommand not found: check if there is a RefParameter without a condition.
2025-08-12 13:15:58,554 [WARN] IP:2250 - RefParam_MEMORY_1_WriteDummyCycle not found: check if there is a RefParameter without a condition.
2025-08-12 13:15:58,554 [WARN] IP:2250 - RefParam_MEMORY_1_ReadCommand not found: check if there is a RefParameter without a condition.
2025-08-12 13:15:58,554 [WARN] IP:2250 - RefParam_MEMORY_1_WrapReadCommand not found: check if there is a RefParameter without a condition.
2025-08-12 13:15:58,554 [WARN] IP:2250 - RefParam_MEMORY_1_ReadDummyCycle not found: check if there is a RefParameter without a condition.
2025-08-12 13:15:58,554 [WARN] IP:2250 - RefParam_MEMORY_1_NumberOfConfig not found: check if there is a RefParameter without a condition.
2025-08-12 13:15:58,554 [WARN] IP:2250 - RefParam_MEMORY_1_Config1_WriteMask not found: check if there is a RefParameter without a condition.
2025-08-12 13:15:58,554 [WARN] IP:2250 - RefParam_MEMORY_1_Config1_WriteValue not found: check if there is a RefParameter without a condition.
2025-08-12 13:15:58,554 [WARN] IP:2250 - RefParam_MEMORY_1_Config1_RegAddress not found: check if there is a RefParameter without a condition.
2025-08-12 13:15:58,554 [WARN] IP:2250 - RefParam_MEMORY_1_Config2_WriteMask not found: check if there is a RefParameter without a condition.
2025-08-12 13:15:58,555 [WARN] IP:2250 - RefParam_MEMORY_1_Config2_WriteValue not found: check if there is a RefParameter without a condition.
2025-08-12 13:15:58,555 [WARN] IP:2250 - RefParam_MEMORY_1_Config2_RegAddress not found: check if there is a RefParameter without a condition.
2025-08-12 13:15:58,555 [WARN] IP:2250 - RefParam_MEMORY_1_Config3_WriteMask not found: check if there is a RefParameter without a condition.
2025-08-12 13:15:58,555 [WARN] IP:2250 - RefParam_MEMORY_1_Config3_WriteValue not found: check if there is a RefParameter without a condition.
2025-08-12 13:15:58,555 [WARN] IP:2250 - RefParam_MEMORY_1_Config3_RegAddress not found: check if there is a RefParameter without a condition.
2025-08-12 13:15:58,555 [WARN] IP:2250 - RefParam_MEMORY_2_Instance not found: check if there is a RefParameter without a condition.
2025-08-12 13:15:58,555 [WARN] IP:2250 - RefParam_MEMORY_2_ConfigType not found: check if there is a RefParameter without a condition.
2025-08-12 13:15:58,555 [WARN] IP:2250 - RefParam_MEMORY_2_Size not found: check if there is a RefParameter without a condition.
2025-08-12 13:15:58,555 [WARN] IP:2250 - RefParam_MEMORY_2_FreqMax not found: check if there is a RefParameter without a condition.
2025-08-12 13:15:58,555 [WARN] IP:2250 - RefParam_MEMORY_2_ReadReg not found: check if there is a RefParameter without a condition.
2025-08-12 13:15:58,555 [WARN] IP:2250 - RefParam_MEMORY_2_WriteReg not found: check if there is a RefParameter without a condition.
2025-08-12 13:15:58,555 [WARN] IP:2250 - RefParam_MEMORY_2_RegSize not found: check if there is a RefParameter without a condition.
2025-08-12 13:15:58,555 [WARN] IP:2250 - RefParam_MEMORY_2_RegDummyCycle not found: check if there is a RefParameter without a condition.
2025-08-12 13:15:58,555 [WARN] IP:2250 - RefParam_MEMORY_2_WriteCommand not found: check if there is a RefParameter without a condition.
2025-08-12 13:15:58,555 [WARN] IP:2250 - RefParam_MEMORY_2_WriteDummyCycle not found: check if there is a RefParameter without a condition.
2025-08-12 13:15:58,555 [WARN] IP:2250 - RefParam_MEMORY_2_ReadCommand not found: check if there is a RefParameter without a condition.
2025-08-12 13:15:58,555 [WARN] IP:2250 - RefParam_MEMORY_2_WrapReadCommand not found: check if there is a RefParameter without a condition.
2025-08-12 13:15:58,555 [WARN] IP:2250 - RefParam_MEMORY_2_ReadDummyCycle not found: check if there is a RefParameter without a condition.
2025-08-12 13:15:58,555 [WARN] IP:2250 - RefParam_MEMORY_2_NumberOfConfig not found: check if there is a RefParameter without a condition.
2025-08-12 13:15:58,556 [WARN] IP:2250 - RefParam_MEMORY_2_Config1_WriteMask not found: check if there is a RefParameter without a condition.
2025-08-12 13:15:58,556 [WARN] IP:2250 - RefParam_MEMORY_2_Config1_WriteValue not found: check if there is a RefParameter without a condition.
2025-08-12 13:15:58,556 [WARN] IP:2250 - RefParam_MEMORY_2_Config1_RegAddress not found: check if there is a RefParameter without a condition.
2025-08-12 13:15:58,556 [WARN] IP:2250 - RefParam_MEMORY_2_Config2_WriteMask not found: check if there is a RefParameter without a condition.
2025-08-12 13:15:58,556 [WARN] IP:2250 - RefParam_MEMORY_2_Config2_WriteValue not found: check if there is a RefParameter without a condition.
2025-08-12 13:15:58,556 [WARN] IP:2250 - RefParam_MEMORY_2_Config2_RegAddress not found: check if there is a RefParameter without a condition.
2025-08-12 13:15:58,556 [WARN] IP:2250 - RefParam_MEMORY_2_Config3_WriteMask not found: check if there is a RefParameter without a condition.
2025-08-12 13:15:58,556 [WARN] IP:2250 - RefParam_MEMORY_2_Config3_WriteValue not found: check if there is a RefParameter without a condition.
2025-08-12 13:15:58,556 [WARN] IP:2250 - RefParam_MEMORY_2_Config3_RegAddress not found: check if there is a RefParameter without a condition.
2025-08-12 13:15:58,570 [WARN] IP:2250 - pwrPrivilege not found: check if there is a RefParameter without a condition.
2025-08-12 13:15:58,672 [INFO] Middleware:1452 - No code input for Bsp Dependency
2025-08-12 13:15:58,675 [INFO] Middleware:1452 - No code input for Bsp Dependency
2025-08-12 13:15:58,677 [INFO] Middleware:1452 - No code input for Bsp Dependency
2025-08-12 13:15:58,679 [INFO] Middleware:1452 - No code input for Bsp Dependency
2025-08-12 13:15:58,681 [INFO] Middleware:1452 - No code input for Bsp Dependency
2025-08-12 13:15:58,682 [INFO] Middleware:1452 - No code input for Bsp Dependency
2025-08-12 13:15:58,682 [INFO] CodeGenerator:1619 - *******************Project context FSBL selected
2025-08-12 13:15:58,725 [INFO] CodeEngine:265 - oldGeneratedFile, C:\ST\AB_LSTM\AB_LSTM\MXTmpFiles\license.tmp_save
2025-08-12 13:15:59,028 [INFO] CodeEngine:289 - Generated code: C:\ST\AB_LSTM\AB_LSTM\MXTmpFiles\license.tmp
2025-08-12 13:15:59,084 [INFO] CodeEngine:265 - oldGeneratedFile, C:\ST\AB_LSTM\AB_LSTM\FSBL\MXTmpFiles\gpio.tmp_save
2025-08-12 13:15:59,259 [INFO] CodeEngine:289 - Generated code: C:\ST\AB_LSTM\AB_LSTM\FSBL\MXTmpFiles\gpio.tmp
2025-08-12 13:15:59,307 [WARN] IPConfigManager:103 - WARNING: Missing Config File for DEBUG ip!!
2025-08-12 13:15:59,403 [WARN] IPConfigManager:103 - WARNING: Missing Config File for HDP ip!!
2025-08-12 13:15:59,619 [WARN] IPConfigManager:103 - WARNING: Missing Config File for XSPIM ip!!
2025-08-12 13:15:59,665 [INFO] Middleware:1452 - No code input for Bsp Dependency
2025-08-12 13:15:59,675 [INFO] CodeEngine:265 - oldGeneratedFile, C:\ST\AB_LSTM\AB_LSTM\FSBL\MXTmpFiles\boot_code.tmp_save
2025-08-12 13:15:59,802 [INFO] CodeEngine:289 - Generated code: C:\ST\AB_LSTM\AB_LSTM\FSBL\MXTmpFiles\boot_code.tmp
2025-08-12 13:15:59,823 [INFO] CodeEngine:265 - oldGeneratedFile, C:\ST\AB_LSTM\AB_LSTM\FSBL\MXTmpFiles\cortex.tmp_save
2025-08-12 13:15:59,947 [INFO] CodeEngine:289 - Generated code: C:\ST\AB_LSTM\AB_LSTM\FSBL\MXTmpFiles\cortex.tmp
2025-08-12 13:15:59,958 [INFO] Middleware:1452 - No code input for Bsp Dependency
2025-08-12 13:15:59,967 [INFO] CodeEngine:265 - oldGeneratedFile, C:\ST\AB_LSTM\AB_LSTM\FSBL\Core\Inc\extmem_manager.h_save
2025-08-12 13:16:00,083 [INFO] CodeEngine:289 - Generated code: C:\ST\AB_LSTM\AB_LSTM\FSBL\Core\Inc\extmem_manager.h
2025-08-12 13:16:00,091 [INFO] CodeEngine:265 - oldGeneratedFile, C:\ST\AB_LSTM\AB_LSTM\FSBL\Core\Src\extmem_manager.c_save
2025-08-12 13:16:00,193 [INFO] CodeEngine:289 - Generated code: C:\ST\AB_LSTM\AB_LSTM\FSBL\Core\Src\extmem_manager.c
2025-08-12 13:16:00,201 [INFO] CodeEngine:265 - oldGeneratedFile, C:\ST\AB_LSTM\AB_LSTM\FSBL\Core\Inc\stm32_extmem_conf.h_save
2025-08-12 13:16:00,296 [INFO] CodeEngine:289 - Generated code: C:\ST\AB_LSTM\AB_LSTM\FSBL\Core\Inc\stm32_extmem_conf.h
2025-08-12 13:16:00,305 [INFO] CodeEngine:265 - oldGeneratedFile, C:\ST\AB_LSTM\AB_LSTM\FSBL\MXTmpFiles\boot_code.tmp_save
2025-08-12 13:16:00,344 [INFO] CodeEngine:289 - Generated code: C:\ST\AB_LSTM\AB_LSTM\FSBL\MXTmpFiles\boot_code.tmp
2025-08-12 13:16:00,375 [INFO] CodeEngine:265 - oldGeneratedFile, C:\ST\AB_LSTM\AB_LSTM\FSBL\Core\Src\stm32n6xx_it.c_save
2025-08-12 13:16:00,546 [INFO] CodeEngine:289 - Generated code: C:\ST\AB_LSTM\AB_LSTM\FSBL\Core\Src\stm32n6xx_it.c
2025-08-12 13:16:00,554 [INFO] CodeEngine:265 - oldGeneratedFile, C:\ST\AB_LSTM\AB_LSTM\FSBL\Core\Inc\stm32n6xx_it.h_save
2025-08-12 13:16:00,631 [INFO] CodeEngine:289 - Generated code: C:\ST\AB_LSTM\AB_LSTM\FSBL\Core\Inc\stm32n6xx_it.h
2025-08-12 13:16:00,740 [INFO] CodeEngine:265 - oldGeneratedFile, C:\ST\AB_LSTM\AB_LSTM\FSBL\Core\Src\stm32n6xx_hal_msp.c_save
2025-08-12 13:16:00,929 [INFO] CodeEngine:289 - Generated code: C:\ST\AB_LSTM\AB_LSTM\FSBL\Core\Src\stm32n6xx_hal_msp.c
2025-08-12 13:16:00,936 [INFO] CodeEngine:265 - oldGeneratedFile, C:\ST\AB_LSTM\AB_LSTM\FSBL\MXTmpFiles\system.tmp_save
2025-08-12 13:16:00,989 [INFO] CodeEngine:289 - Generated code: C:\ST\AB_LSTM\AB_LSTM\FSBL\MXTmpFiles\system.tmp
2025-08-12 13:16:01,010 [INFO] CodeEngine:321 - oldGeneratedFile, C:\ST\AB_LSTM\AB_LSTM\FSBL\Core\Inc\stm32n6xx_hal_conf.h_save
2025-08-12 13:16:01,121 [INFO] CodeEngine:345 - Generated code: C:\ST\AB_LSTM\AB_LSTM\FSBL\Core\Inc\stm32n6xx_hal_conf.h
2025-08-12 13:16:01,136 [WARN] IPConfigManager:3238 - Warning: the RefConfig RCC_ConfigVoltageScaling is not available in your config.xml file
2025-08-12 13:16:01,142 [WARN] IPConfigManager:3238 - Warning: the RefConfig RCC_RTC_HSEDIV is not available in your config.xml file
2025-08-12 13:16:01,148 [ERROR] ApiDbMcu:560 - Cannot parse HDP_Config file : file do not exist
2025-08-12 13:16:01,149 [ERROR] ApiDbMcu:560 - Cannot parse XSPIM_Config file : file do not exist
2025-08-12 13:16:01,165 [INFO] CodeEngine:265 - oldGeneratedFile, C:\ST\AB_LSTM\AB_LSTM\FSBL\Core\Inc\main.h_save
2025-08-12 13:16:01,275 [INFO] CodeEngine:289 - Generated code: C:\ST\AB_LSTM\AB_LSTM\FSBL\Core\Inc\main.h
2025-08-12 13:16:01,283 [INFO] CodeEngine:265 - oldGeneratedFile, C:\ST\AB_LSTM\AB_LSTM\FSBL\Core\Src\main.c_save
2025-08-12 13:16:01,413 [INFO] CodeEngine:289 - Generated code: C:\ST\AB_LSTM\AB_LSTM\FSBL\Core\Src\main.c
2025-08-12 13:16:01,446 [INFO] CodeGenerator:1619 - *******************Project context Appli selected
2025-08-12 13:16:01,478 [INFO] CodeEngine:265 - oldGeneratedFile, C:\ST\AB_LSTM\AB_LSTM\MXTmpFiles\license.tmp_save
2025-08-12 13:16:01,535 [INFO] CodeEngine:289 - Generated code: C:\ST\AB_LSTM\AB_LSTM\MXTmpFiles\license.tmp
2025-08-12 13:16:01,551 [INFO] CodeEngine:265 - oldGeneratedFile, C:\ST\AB_LSTM\AB_LSTM\Appli\MXTmpFiles\gpio.tmp_save
2025-08-12 13:16:01,621 [INFO] CodeEngine:289 - Generated code: C:\ST\AB_LSTM\AB_LSTM\Appli\MXTmpFiles\gpio.tmp
2025-08-12 13:16:01,640 [WARN] IPConfigManager:103 - WARNING: Missing Config File for DEBUG ip!!
2025-08-12 13:16:01,658 [WARN] IPConfigManager:103 - WARNING: Missing Config File for NVIC ip!!
2025-08-12 13:16:01,678 [INFO] CodeEngine:265 - oldGeneratedFile, C:\ST\AB_LSTM\AB_LSTM\Appli\MXTmpFiles\cortex.tmp_save
2025-08-12 13:16:01,746 [INFO] CodeEngine:289 - Generated code: C:\ST\AB_LSTM\AB_LSTM\Appli\MXTmpFiles\cortex.tmp
2025-08-12 13:16:01,770 [INFO] CodeEngine:265 - oldGeneratedFile, C:\ST\AB_LSTM\AB_LSTM\Appli\Core\Src\stm32n6xx_it.c_save
2025-08-12 13:16:01,838 [INFO] CodeEngine:289 - Generated code: C:\ST\AB_LSTM\AB_LSTM\Appli\Core\Src\stm32n6xx_it.c
2025-08-12 13:16:01,844 [INFO] CodeEngine:265 - oldGeneratedFile, C:\ST\AB_LSTM\AB_LSTM\Appli\Core\Inc\stm32n6xx_it.h_save
2025-08-12 13:16:01,877 [INFO] CodeEngine:289 - Generated code: C:\ST\AB_LSTM\AB_LSTM\Appli\Core\Inc\stm32n6xx_it.h
2025-08-12 13:16:01,885 [INFO] CodeEngine:265 - oldGeneratedFile, C:\ST\AB_LSTM\AB_LSTM\Appli\MXTmpFiles\RIFInit.tmp_save
2025-08-12 13:16:01,955 [INFO] CodeEngine:289 - Generated code: C:\ST\AB_LSTM\AB_LSTM\Appli\MXTmpFiles\RIFInit.tmp
2025-08-12 13:16:01,993 [INFO] CodeEngine:265 - oldGeneratedFile, C:\ST\AB_LSTM\AB_LSTM\Appli\Core\Src\stm32n6xx_hal_msp.c_save
2025-08-12 13:16:02,097 [INFO] CodeEngine:289 - Generated code: C:\ST\AB_LSTM\AB_LSTM\Appli\Core\Src\stm32n6xx_hal_msp.c
2025-08-12 13:16:02,102 [INFO] CodeEngine:265 - oldGeneratedFile, C:\ST\AB_LSTM\AB_LSTM\Appli\MXTmpFiles\system.tmp_save
2025-08-12 13:16:02,141 [INFO] CodeEngine:289 - Generated code: C:\ST\AB_LSTM\AB_LSTM\Appli\MXTmpFiles\system.tmp
2025-08-12 13:16:02,150 [INFO] CodeEngine:321 - oldGeneratedFile, C:\ST\AB_LSTM\AB_LSTM\Appli\Core\Inc\stm32n6xx_hal_conf.h_save
2025-08-12 13:16:02,228 [INFO] CodeEngine:345 - Generated code: C:\ST\AB_LSTM\AB_LSTM\Appli\Core\Inc\stm32n6xx_hal_conf.h
2025-08-12 13:16:02,239 [WARN] IPConfigManager:3238 - Warning: the RefConfig RCC_ConfigVoltageScaling is not available in your config.xml file
2025-08-12 13:16:02,240 [WARN] IPConfigManager:3238 - Warning: the RefConfig RCC_RTC_HSEDIV is not available in your config.xml file
2025-08-12 13:16:02,251 [INFO] CodeEngine:265 - oldGeneratedFile, C:\ST\AB_LSTM\AB_LSTM\Appli\Core\Inc\main.h_save
2025-08-12 13:16:02,333 [INFO] CodeEngine:289 - Generated code: C:\ST\AB_LSTM\AB_LSTM\Appli\Core\Inc\main.h
2025-08-12 13:16:02,338 [INFO] CodeEngine:265 - oldGeneratedFile, C:\ST\AB_LSTM\AB_LSTM\Appli\Core\Src\main.c_save
2025-08-12 13:16:02,428 [INFO] CodeEngine:289 - Generated code: C:\ST\AB_LSTM\AB_LSTM\Appli\Core\Src\main.c
2025-08-12 13:16:02,443 [INFO] CodeEngine:265 - oldGeneratedFile, C:\ST\AB_LSTM\AB_LSTM\Appli\Core\Src\secure_nsc.c_save
2025-08-12 13:16:02,517 [INFO] CodeEngine:289 - Generated code: C:\ST\AB_LSTM\AB_LSTM\Appli\Core\Src\secure_nsc.c
2025-08-12 13:16:02,522 [INFO] CodeEngine:265 - oldGeneratedFile, C:\ST\AB_LSTM\AB_LSTM\Appli\Core\Inc\partition_stm32n657xx.h_save
2025-08-12 13:16:02,589 [INFO] CodeEngine:289 - Generated code: C:\ST\AB_LSTM\AB_LSTM\Appli\Core\Inc\partition_stm32n657xx.h
2025-08-12 13:16:02,595 [INFO] CodeEngine:265 - oldGeneratedFile, C:\ST\AB_LSTM\AB_LSTM\Secure_nsclib\secure_nsc.h_save
2025-08-12 13:16:02,641 [INFO] CodeEngine:289 - Generated code: C:\ST\AB_LSTM\AB_LSTM\Secure_nsclib\secure_nsc.h
2025-08-12 13:16:02,666 [INFO] CodeGenerator:1707 - *******************Project context ExtMemLoader Not selected
2025-08-12 13:16:03,045 [INFO] ProjectBuilder:3606 - Time for Copy HAL[1] : 271mS.
2025-08-12 13:16:03,060 [INFO] ProjectBuilder:5216 - Project Generator version: 4.7.0-B52
2025-08-12 13:16:03,171 [INFO] ConfigFileManager:1595 - The Die is : DIE486
2025-08-12 13:16:08,375 [INFO] ProjectBuilder:5056 - Time for Generating toolchain IDE Files: 5315mS.
2025-08-12 13:16:08,378 [INFO] ProjectBuilder:3463 - Time for Copy CMSIS : 2mS.
2025-08-12 13:16:08,386 [INFO] ProjectBuilder:3463 - Time for Copy CMSIS : 0mS.
2025-08-12 13:23:06,999 [WARN] MainPanel:436 - Warning: This peripheral has no parameters to be configured
2025-08-12 13:23:14,750 [WARN] IP:2250 - Memorytype0 not found: check if there is a RefParameter without a condition.
2025-08-12 13:23:14,751 [WARN] IP:2250 - LL_DeviceAttribute20 not found: check if there is a RefParameter without a condition.
2025-08-12 13:23:14,751 [WARN] IP:2250 - DeviceAttribute0 not found: check if there is a RefParameter without a condition.
2025-08-12 13:23:14,751 [WARN] IP:2250 - DeviceAttribute20 not found: check if there is a RefParameter without a condition.
2025-08-12 13:23:14,751 [WARN] IP:2250 - DeviceAttribute1 not found: check if there is a RefParameter without a condition.
2025-08-12 13:23:14,751 [WARN] IP:2250 - Memorytype2 not found: check if there is a RefParameter without a condition.
2025-08-12 13:23:14,751 [WARN] IP:2250 - LL_DeviceAttribute22 not found: check if there is a RefParameter without a condition.
2025-08-12 13:23:14,752 [WARN] IP:2250 - DeviceAttribute2 not found: check if there is a RefParameter without a condition.
2025-08-12 13:23:14,752 [WARN] IP:2250 - Memorytype3 not found: check if there is a RefParameter without a condition.
2025-08-12 13:23:14,752 [WARN] IP:2250 - LL_DeviceAttribute23 not found: check if there is a RefParameter without a condition.
2025-08-12 13:23:14,752 [WARN] IP:2250 - DeviceAttribute3 not found: check if there is a RefParameter without a condition.
2025-08-12 13:23:14,752 [WARN] IP:2250 - Memorytype4 not found: check if there is a RefParameter without a condition.
2025-08-12 13:23:14,752 [WARN] IP:2250 - LL_DeviceAttribute24 not found: check if there is a RefParameter without a condition.
2025-08-12 13:23:14,752 [WARN] IP:2250 - DeviceAttribute4 not found: check if there is a RefParameter without a condition.
2025-08-12 13:23:14,752 [WARN] IP:2250 - Memorytype5 not found: check if there is a RefParameter without a condition.
2025-08-12 13:23:14,752 [WARN] IP:2250 - LL_DeviceAttribute25 not found: check if there is a RefParameter without a condition.
2025-08-12 13:23:14,752 [WARN] IP:2250 - DeviceAttribute5 not found: check if there is a RefParameter without a condition.
2025-08-12 13:23:14,753 [WARN] IP:2250 - Memorytype6 not found: check if there is a RefParameter without a condition.
2025-08-12 13:23:14,753 [WARN] IP:2250 - LL_DeviceAttribute26 not found: check if there is a RefParameter without a condition.
2025-08-12 13:23:14,753 [WARN] IP:2250 - DeviceAttribute6 not found: check if there is a RefParameter without a condition.
2025-08-12 13:23:14,753 [WARN] IP:2250 - Memorytype7 not found: check if there is a RefParameter without a condition.
2025-08-12 13:23:14,753 [WARN] IP:2250 - LL_DeviceAttribute27 not found: check if there is a RefParameter without a condition.
2025-08-12 13:23:14,753 [WARN] IP:2250 - DeviceAttribute7 not found: check if there is a RefParameter without a condition.
2025-08-12 13:23:16,325 [WARN] IP:2250 - Memorytype0 not found: check if there is a RefParameter without a condition.
2025-08-12 13:23:16,325 [WARN] IP:2250 - LL_DeviceAttribute20 not found: check if there is a RefParameter without a condition.
2025-08-12 13:23:16,326 [WARN] IP:2250 - DeviceAttribute0 not found: check if there is a RefParameter without a condition.
2025-08-12 13:23:16,326 [WARN] IP:2250 - DeviceAttribute20 not found: check if there is a RefParameter without a condition.
2025-08-12 13:23:16,326 [WARN] IP:2250 - DeviceAttribute1 not found: check if there is a RefParameter without a condition.
2025-08-12 13:23:16,326 [WARN] IP:2250 - Memorytype2 not found: check if there is a RefParameter without a condition.
2025-08-12 13:23:16,326 [WARN] IP:2250 - LL_DeviceAttribute22 not found: check if there is a RefParameter without a condition.
2025-08-12 13:23:16,326 [WARN] IP:2250 - DeviceAttribute2 not found: check if there is a RefParameter without a condition.
2025-08-12 13:23:16,326 [WARN] IP:2250 - Memorytype3 not found: check if there is a RefParameter without a condition.
2025-08-12 13:23:16,326 [WARN] IP:2250 - LL_DeviceAttribute23 not found: check if there is a RefParameter without a condition.
2025-08-12 13:23:16,326 [WARN] IP:2250 - DeviceAttribute3 not found: check if there is a RefParameter without a condition.
2025-08-12 13:23:16,327 [WARN] IP:2250 - Memorytype4 not found: check if there is a RefParameter without a condition.
2025-08-12 13:23:16,327 [WARN] IP:2250 - LL_DeviceAttribute24 not found: check if there is a RefParameter without a condition.
2025-08-12 13:23:16,327 [WARN] IP:2250 - DeviceAttribute4 not found: check if there is a RefParameter without a condition.
2025-08-12 13:23:16,327 [WARN] IP:2250 - Memorytype5 not found: check if there is a RefParameter without a condition.
2025-08-12 13:23:16,327 [WARN] IP:2250 - LL_DeviceAttribute25 not found: check if there is a RefParameter without a condition.
2025-08-12 13:23:16,327 [WARN] IP:2250 - DeviceAttribute5 not found: check if there is a RefParameter without a condition.
2025-08-12 13:23:16,328 [WARN] IP:2250 - Memorytype6 not found: check if there is a RefParameter without a condition.
2025-08-12 13:23:16,328 [WARN] IP:2250 - LL_DeviceAttribute26 not found: check if there is a RefParameter without a condition.
2025-08-12 13:23:16,328 [WARN] IP:2250 - DeviceAttribute6 not found: check if there is a RefParameter without a condition.
2025-08-12 13:23:16,328 [WARN] IP:2250 - Memorytype7 not found: check if there is a RefParameter without a condition.
2025-08-12 13:23:16,328 [WARN] IP:2250 - LL_DeviceAttribute27 not found: check if there is a RefParameter without a condition.
2025-08-12 13:23:16,328 [WARN] IP:2250 - DeviceAttribute7 not found: check if there is a RefParameter without a condition.
2025-08-12 13:23:17,082 [INFO] UtilMem:75 - End SaveConfig() Used Memory: 849271600 Bytes (1073741824)
2025-08-12 13:23:18,250 [INFO] UtilMem:75 - End SaveConfig() Used Memory: 881777456 Bytes (1073741824)
2025-08-12 13:23:20,404 [INFO] UtilMem:75 - End SaveConfig() Used Memory: 929947784 Bytes (1073741824)
2025-08-12 13:23:20,882 [WARN] IP:2250 - pwrPrivilege not found: check if there is a RefParameter without a condition.
2025-08-12 13:23:21,116 [INFO] BlockDiagram:2775 - set Specific Code input for plugin: EXTMEM_MANAGER
2025-08-12 13:23:21,116 [INFO] BlockDiagram:2775 - set Specific Code input for plugin: PWR
2025-08-12 13:23:21,116 [INFO] BlockDiagram:2775 - set Specific Code input for plugin: CORTEX_M55_S
2025-08-12 13:23:21,116 [INFO] BlockDiagram:2775 - set Specific Code input for plugin: RCC
2025-08-12 13:23:21,116 [INFO] BlockDiagram:2775 - set Specific Code input for plugin: CORTEX_M55_FSBL
2025-08-12 13:23:21,116 [INFO] BlockDiagram:2775 - set Specific Code input for plugin: XSPIM
2025-08-12 13:23:21,116 [INFO] BlockDiagram:2775 - set Specific Code input for plugin: XSPI
2025-08-12 13:23:21,116 [INFO] BlockDiagram:2775 - set Specific Code input for plugin: LPUART
2025-08-12 13:23:21,116 [INFO] BlockDiagram:2775 - set Specific Code input for plugin: NVIC
2025-08-12 13:23:21,116 [INFO] BlockDiagram:2775 - set Specific Code input for plugin: HDP
2025-08-12 13:23:21,116 [INFO] BlockDiagram:2775 - set Specific Code input for plugin: ICACHE
2025-08-12 13:23:21,116 [INFO] BlockDiagram:2775 - set Specific Code input for plugin: DEBUG
2025-08-12 13:23:21,117 [INFO] BlockDiagram:2775 - set Specific Code input for plugin: GPIO
2025-08-12 13:23:21,117 [INFO] BlockDiagram:2775 - set Specific Code input for plugin: RIF
2025-08-12 13:23:21,117 [INFO] BlockDiagram:2775 - set Specific Code input for plugin: NVIC1
2025-08-12 13:23:21,118 [INFO] CodeGenerator:892 - code generatio: config db path: C:\ST\STM32CubeIDE_1.19.0\STM32CubeIDE\plugins\com.st.stm32cube.common.mx_6.15.0.202507011659\\db\
2025-08-12 13:23:21,121 [WARN] IP:2250 - DeviceAttribute0 not found: check if there is a RefParameter without a condition.
2025-08-12 13:23:21,121 [WARN] IP:2250 - Memorytype1 not found: check if there is a RefParameter without a condition.
2025-08-12 13:23:21,121 [WARN] IP:2250 - DeviceAttribute1 not found: check if there is a RefParameter without a condition.
2025-08-12 13:23:21,121 [WARN] IP:2250 - LL_DeviceAttribute21 not found: check if there is a RefParameter without a condition.
2025-08-12 13:23:21,121 [WARN] IP:2250 - Memorytype2 not found: check if there is a RefParameter without a condition.
2025-08-12 13:23:21,121 [WARN] IP:2250 - DeviceAttribute2 not found: check if there is a RefParameter without a condition.
2025-08-12 13:23:21,121 [WARN] IP:2250 - LL_DeviceAttribute22 not found: check if there is a RefParameter without a condition.
2025-08-12 13:23:21,121 [WARN] IP:2250 - Memorytype3 not found: check if there is a RefParameter without a condition.
2025-08-12 13:23:21,121 [WARN] IP:2250 - DeviceAttribute3 not found: check if there is a RefParameter without a condition.
2025-08-12 13:23:21,121 [WARN] IP:2250 - LL_DeviceAttribute23 not found: check if there is a RefParameter without a condition.
2025-08-12 13:23:21,121 [WARN] IP:2250 - Memorytype4 not found: check if there is a RefParameter without a condition.
2025-08-12 13:23:21,121 [WARN] IP:2250 - DeviceAttribute4 not found: check if there is a RefParameter without a condition.
2025-08-12 13:23:21,121 [WARN] IP:2250 - LL_DeviceAttribute24 not found: check if there is a RefParameter without a condition.
2025-08-12 13:23:21,121 [WARN] IP:2250 - Memorytype5 not found: check if there is a RefParameter without a condition.
2025-08-12 13:23:21,121 [WARN] IP:2250 - DeviceAttribute5 not found: check if there is a RefParameter without a condition.
2025-08-12 13:23:21,122 [WARN] IP:2250 - LL_DeviceAttribute25 not found: check if there is a RefParameter without a condition.
2025-08-12 13:23:21,122 [WARN] IP:2250 - Memorytype6 not found: check if there is a RefParameter without a condition.
2025-08-12 13:23:21,122 [WARN] IP:2250 - DeviceAttribute6 not found: check if there is a RefParameter without a condition.
2025-08-12 13:23:21,122 [WARN] IP:2250 - LL_DeviceAttribute26 not found: check if there is a RefParameter without a condition.
2025-08-12 13:23:21,122 [WARN] IP:2250 - Memorytype7 not found: check if there is a RefParameter without a condition.
2025-08-12 13:23:21,122 [WARN] IP:2250 - DeviceAttribute7 not found: check if there is a RefParameter without a condition.
2025-08-12 13:23:21,122 [WARN] IP:2250 - LL_DeviceAttribute27 not found: check if there is a RefParameter without a condition.
2025-08-12 13:23:21,126 [WARN] IP:2250 - Memorytype0 not found: check if there is a RefParameter without a condition.
2025-08-12 13:23:21,127 [WARN] IP:2250 - LL_DeviceAttribute20 not found: check if there is a RefParameter without a condition.
2025-08-12 13:23:21,127 [WARN] IP:2250 - DeviceAttribute0 not found: check if there is a RefParameter without a condition.
2025-08-12 13:23:21,127 [WARN] IP:2250 - DeviceAttribute20 not found: check if there is a RefParameter without a condition.
2025-08-12 13:23:21,127 [WARN] IP:2250 - DeviceAttribute1 not found: check if there is a RefParameter without a condition.
2025-08-12 13:23:21,127 [WARN] IP:2250 - Memorytype2 not found: check if there is a RefParameter without a condition.
2025-08-12 13:23:21,128 [WARN] IP:2250 - LL_DeviceAttribute22 not found: check if there is a RefParameter without a condition.
2025-08-12 13:23:21,128 [WARN] IP:2250 - DeviceAttribute2 not found: check if there is a RefParameter without a condition.
2025-08-12 13:23:21,128 [WARN] IP:2250 - Memorytype3 not found: check if there is a RefParameter without a condition.
2025-08-12 13:23:21,128 [WARN] IP:2250 - LL_DeviceAttribute23 not found: check if there is a RefParameter without a condition.
2025-08-12 13:23:21,128 [WARN] IP:2250 - DeviceAttribute3 not found: check if there is a RefParameter without a condition.
2025-08-12 13:23:21,128 [WARN] IP:2250 - Memorytype4 not found: check if there is a RefParameter without a condition.
2025-08-12 13:23:21,128 [WARN] IP:2250 - LL_DeviceAttribute24 not found: check if there is a RefParameter without a condition.
2025-08-12 13:23:21,128 [WARN] IP:2250 - DeviceAttribute4 not found: check if there is a RefParameter without a condition.
2025-08-12 13:23:21,128 [WARN] IP:2250 - Memorytype5 not found: check if there is a RefParameter without a condition.
2025-08-12 13:23:21,128 [WARN] IP:2250 - LL_DeviceAttribute25 not found: check if there is a RefParameter without a condition.
2025-08-12 13:23:21,128 [WARN] IP:2250 - DeviceAttribute5 not found: check if there is a RefParameter without a condition.
2025-08-12 13:23:21,128 [WARN] IP:2250 - Memorytype6 not found: check if there is a RefParameter without a condition.
2025-08-12 13:23:21,128 [WARN] IP:2250 - LL_DeviceAttribute26 not found: check if there is a RefParameter without a condition.
2025-08-12 13:23:21,128 [WARN] IP:2250 - DeviceAttribute6 not found: check if there is a RefParameter without a condition.
2025-08-12 13:23:21,128 [WARN] IP:2250 - Memorytype7 not found: check if there is a RefParameter without a condition.
2025-08-12 13:23:21,128 [WARN] IP:2250 - LL_DeviceAttribute27 not found: check if there is a RefParameter without a condition.
2025-08-12 13:23:21,128 [WARN] IP:2250 - DeviceAttribute7 not found: check if there is a RefParameter without a condition.
2025-08-12 13:23:21,134 [WARN] IP:2250 - RefParam_LRUN_SRC_memory not found: check if there is a RefParameter without a condition.
2025-08-12 13:23:21,135 [WARN] IP:2250 - RefParam_LRUN_SRC_offset not found: check if there is a RefParameter without a condition.
2025-08-12 13:23:21,135 [WARN] IP:2250 - RefParam_LRUN_SRC_size not found: check if there is a RefParameter without a condition.
2025-08-12 13:23:21,135 [WARN] IP:2250 - RefParam_LRUN_DEST_memory not found: check if there is a RefParameter without a condition.
2025-08-12 13:23:21,135 [WARN] IP:2250 - RefParam_LRUN_DEST_offset not found: check if there is a RefParameter without a condition.
2025-08-12 13:23:21,135 [WARN] IP:2250 - RefParam_MEMORY_1_Size not found: check if there is a RefParameter without a condition.
2025-08-12 13:23:21,135 [WARN] IP:2250 - RefParam_MEMORY_1_FreqMax not found: check if there is a RefParameter without a condition.
2025-08-12 13:23:21,135 [WARN] IP:2250 - RefParam_MEMORY_1_ReadReg not found: check if there is a RefParameter without a condition.
2025-08-12 13:23:21,135 [WARN] IP:2250 - RefParam_MEMORY_1_WriteReg not found: check if there is a RefParameter without a condition.
2025-08-12 13:23:21,135 [WARN] IP:2250 - RefParam_MEMORY_1_RegSize not found: check if there is a RefParameter without a condition.
2025-08-12 13:23:21,135 [WARN] IP:2250 - RefParam_MEMORY_1_RegDummyCycle not found: check if there is a RefParameter without a condition.
2025-08-12 13:23:21,135 [WARN] IP:2250 - RefParam_MEMORY_1_WriteCommand not found: check if there is a RefParameter without a condition.
2025-08-12 13:23:21,135 [WARN] IP:2250 - RefParam_MEMORY_1_WriteDummyCycle not found: check if there is a RefParameter without a condition.
2025-08-12 13:23:21,135 [WARN] IP:2250 - RefParam_MEMORY_1_ReadCommand not found: check if there is a RefParameter without a condition.
2025-08-12 13:23:21,135 [WARN] IP:2250 - RefParam_MEMORY_1_WrapReadCommand not found: check if there is a RefParameter without a condition.
2025-08-12 13:23:21,135 [WARN] IP:2250 - RefParam_MEMORY_1_ReadDummyCycle not found: check if there is a RefParameter without a condition.
2025-08-12 13:23:21,135 [WARN] IP:2250 - RefParam_MEMORY_1_NumberOfConfig not found: check if there is a RefParameter without a condition.
2025-08-12 13:23:21,135 [WARN] IP:2250 - RefParam_MEMORY_1_Config1_WriteMask not found: check if there is a RefParameter without a condition.
2025-08-12 13:23:21,135 [WARN] IP:2250 - RefParam_MEMORY_1_Config1_WriteValue not found: check if there is a RefParameter without a condition.
2025-08-12 13:23:21,135 [WARN] IP:2250 - RefParam_MEMORY_1_Config1_RegAddress not found: check if there is a RefParameter without a condition.
2025-08-12 13:23:21,135 [WARN] IP:2250 - RefParam_MEMORY_1_Config2_WriteMask not found: check if there is a RefParameter without a condition.
2025-08-12 13:23:21,135 [WARN] IP:2250 - RefParam_MEMORY_1_Config2_WriteValue not found: check if there is a RefParameter without a condition.
2025-08-12 13:23:21,135 [WARN] IP:2250 - RefParam_MEMORY_1_Config2_RegAddress not found: check if there is a RefParameter without a condition.
2025-08-12 13:23:21,135 [WARN] IP:2250 - RefParam_MEMORY_1_Config3_WriteMask not found: check if there is a RefParameter without a condition.
2025-08-12 13:23:21,135 [WARN] IP:2250 - RefParam_MEMORY_1_Config3_WriteValue not found: check if there is a RefParameter without a condition.
2025-08-12 13:23:21,135 [WARN] IP:2250 - RefParam_MEMORY_1_Config3_RegAddress not found: check if there is a RefParameter without a condition.
2025-08-12 13:23:21,135 [WARN] IP:2250 - RefParam_MEMORY_2_Instance not found: check if there is a RefParameter without a condition.
2025-08-12 13:23:21,135 [WARN] IP:2250 - RefParam_MEMORY_2_ConfigType not found: check if there is a RefParameter without a condition.
2025-08-12 13:23:21,135 [WARN] IP:2250 - RefParam_MEMORY_2_Size not found: check if there is a RefParameter without a condition.
2025-08-12 13:23:21,135 [WARN] IP:2250 - RefParam_MEMORY_2_FreqMax not found: check if there is a RefParameter without a condition.
2025-08-12 13:23:21,135 [WARN] IP:2250 - RefParam_MEMORY_2_ReadReg not found: check if there is a RefParameter without a condition.
2025-08-12 13:23:21,135 [WARN] IP:2250 - RefParam_MEMORY_2_WriteReg not found: check if there is a RefParameter without a condition.
2025-08-12 13:23:21,135 [WARN] IP:2250 - RefParam_MEMORY_2_RegSize not found: check if there is a RefParameter without a condition.
2025-08-12 13:23:21,135 [WARN] IP:2250 - RefParam_MEMORY_2_RegDummyCycle not found: check if there is a RefParameter without a condition.
2025-08-12 13:23:21,135 [WARN] IP:2250 - RefParam_MEMORY_2_WriteCommand not found: check if there is a RefParameter without a condition.
2025-08-12 13:23:21,135 [WARN] IP:2250 - RefParam_MEMORY_2_WriteDummyCycle not found: check if there is a RefParameter without a condition.
2025-08-12 13:23:21,135 [WARN] IP:2250 - RefParam_MEMORY_2_ReadCommand not found: check if there is a RefParameter without a condition.
2025-08-12 13:23:21,135 [WARN] IP:2250 - RefParam_MEMORY_2_WrapReadCommand not found: check if there is a RefParameter without a condition.
2025-08-12 13:23:21,135 [WARN] IP:2250 - RefParam_MEMORY_2_ReadDummyCycle not found: check if there is a RefParameter without a condition.
2025-08-12 13:23:21,135 [WARN] IP:2250 - RefParam_MEMORY_2_NumberOfConfig not found: check if there is a RefParameter without a condition.
2025-08-12 13:23:21,135 [WARN] IP:2250 - RefParam_MEMORY_2_Config1_WriteMask not found: check if there is a RefParameter without a condition.
2025-08-12 13:23:21,135 [WARN] IP:2250 - RefParam_MEMORY_2_Config1_WriteValue not found: check if there is a RefParameter without a condition.
2025-08-12 13:23:21,135 [WARN] IP:2250 - RefParam_MEMORY_2_Config1_RegAddress not found: check if there is a RefParameter without a condition.
2025-08-12 13:23:21,135 [WARN] IP:2250 - RefParam_MEMORY_2_Config2_WriteMask not found: check if there is a RefParameter without a condition.
2025-08-12 13:23:21,135 [WARN] IP:2250 - RefParam_MEMORY_2_Config2_WriteValue not found: check if there is a RefParameter without a condition.
2025-08-12 13:23:21,135 [WARN] IP:2250 - RefParam_MEMORY_2_Config2_RegAddress not found: check if there is a RefParameter without a condition.
2025-08-12 13:23:21,136 [WARN] IP:2250 - RefParam_MEMORY_2_Config3_WriteMask not found: check if there is a RefParameter without a condition.
2025-08-12 13:23:21,136 [WARN] IP:2250 - RefParam_MEMORY_2_Config3_WriteValue not found: check if there is a RefParameter without a condition.
2025-08-12 13:23:21,136 [WARN] IP:2250 - RefParam_MEMORY_2_Config3_RegAddress not found: check if there is a RefParameter without a condition.
2025-08-12 13:23:21,148 [WARN] IP:2250 - pwrPrivilege not found: check if there is a RefParameter without a condition.
2025-08-12 13:23:21,221 [INFO] Middleware:1452 - No code input for Bsp Dependency
2025-08-12 13:23:21,223 [INFO] Middleware:1452 - No code input for Bsp Dependency
2025-08-12 13:23:21,225 [INFO] Middleware:1452 - No code input for Bsp Dependency
2025-08-12 13:23:21,227 [INFO] Middleware:1452 - No code input for Bsp Dependency
2025-08-12 13:23:21,228 [INFO] Middleware:1452 - No code input for Bsp Dependency
2025-08-12 13:23:21,229 [INFO] Middleware:1452 - No code input for Bsp Dependency
2025-08-12 13:23:21,230 [INFO] CodeGenerator:1619 - *******************Project context FSBL selected
2025-08-12 13:23:21,298 [INFO] CodeEngine:265 - oldGeneratedFile, C:\ST\AB_LSTM\AB_LSTM\MXTmpFiles\license.tmp_save
2025-08-12 13:23:21,685 [INFO] CodeEngine:289 - Generated code: C:\ST\AB_LSTM\AB_LSTM\MXTmpFiles\license.tmp
2025-08-12 13:23:21,740 [INFO] CodeEngine:265 - oldGeneratedFile, C:\ST\AB_LSTM\AB_LSTM\FSBL\MXTmpFiles\gpio.tmp_save
2025-08-12 13:23:21,895 [INFO] CodeEngine:289 - Generated code: C:\ST\AB_LSTM\AB_LSTM\FSBL\MXTmpFiles\gpio.tmp
2025-08-12 13:23:21,941 [WARN] IPConfigManager:103 - WARNING: Missing Config File for DEBUG ip!!
2025-08-12 13:23:22,035 [WARN] IPConfigManager:103 - WARNING: Missing Config File for HDP ip!!
2025-08-12 13:23:22,241 [WARN] IPConfigManager:103 - WARNING: Missing Config File for XSPIM ip!!
2025-08-12 13:23:22,284 [INFO] Middleware:1452 - No code input for Bsp Dependency
2025-08-12 13:23:22,293 [INFO] CodeEngine:265 - oldGeneratedFile, C:\ST\AB_LSTM\AB_LSTM\FSBL\MXTmpFiles\boot_code.tmp_save
2025-08-12 13:23:22,399 [INFO] CodeEngine:289 - Generated code: C:\ST\AB_LSTM\AB_LSTM\FSBL\MXTmpFiles\boot_code.tmp
2025-08-12 13:23:22,414 [INFO] CodeEngine:265 - oldGeneratedFile, C:\ST\AB_LSTM\AB_LSTM\FSBL\MXTmpFiles\cortex.tmp_save
2025-08-12 13:23:22,536 [INFO] CodeEngine:289 - Generated code: C:\ST\AB_LSTM\AB_LSTM\FSBL\MXTmpFiles\cortex.tmp
2025-08-12 13:23:22,541 [INFO] Middleware:1452 - No code input for Bsp Dependency
2025-08-12 13:23:22,550 [INFO] CodeEngine:265 - oldGeneratedFile, C:\ST\AB_LSTM\AB_LSTM\FSBL\Core\Inc\extmem_manager.h_save
2025-08-12 13:23:22,662 [INFO] CodeEngine:289 - Generated code: C:\ST\AB_LSTM\AB_LSTM\FSBL\Core\Inc\extmem_manager.h
2025-08-12 13:23:22,671 [INFO] CodeEngine:265 - oldGeneratedFile, C:\ST\AB_LSTM\AB_LSTM\FSBL\Core\Src\extmem_manager.c_save
2025-08-12 13:23:22,785 [INFO] CodeEngine:289 - Generated code: C:\ST\AB_LSTM\AB_LSTM\FSBL\Core\Src\extmem_manager.c
2025-08-12 13:23:22,793 [INFO] CodeEngine:265 - oldGeneratedFile, C:\ST\AB_LSTM\AB_LSTM\FSBL\Core\Inc\stm32_extmem_conf.h_save
2025-08-12 13:23:22,878 [INFO] CodeEngine:289 - Generated code: C:\ST\AB_LSTM\AB_LSTM\FSBL\Core\Inc\stm32_extmem_conf.h
2025-08-12 13:23:22,885 [INFO] CodeEngine:265 - oldGeneratedFile, C:\ST\AB_LSTM\AB_LSTM\FSBL\MXTmpFiles\boot_code.tmp_save
2025-08-12 13:23:22,928 [INFO] CodeEngine:289 - Generated code: C:\ST\AB_LSTM\AB_LSTM\FSBL\MXTmpFiles\boot_code.tmp
2025-08-12 13:23:22,958 [INFO] CodeEngine:265 - oldGeneratedFile, C:\ST\AB_LSTM\AB_LSTM\FSBL\Core\Src\stm32n6xx_it.c_save
2025-08-12 13:23:23,151 [INFO] CodeEngine:289 - Generated code: C:\ST\AB_LSTM\AB_LSTM\FSBL\Core\Src\stm32n6xx_it.c
2025-08-12 13:23:23,159 [INFO] CodeEngine:265 - oldGeneratedFile, C:\ST\AB_LSTM\AB_LSTM\FSBL\Core\Inc\stm32n6xx_it.h_save
2025-08-12 13:23:23,205 [INFO] CodeEngine:289 - Generated code: C:\ST\AB_LSTM\AB_LSTM\FSBL\Core\Inc\stm32n6xx_it.h
2025-08-12 13:23:23,287 [INFO] CodeEngine:265 - oldGeneratedFile, C:\ST\AB_LSTM\AB_LSTM\FSBL\Core\Src\stm32n6xx_hal_msp.c_save
2025-08-12 13:23:23,398 [INFO] CodeEngine:289 - Generated code: C:\ST\AB_LSTM\AB_LSTM\FSBL\Core\Src\stm32n6xx_hal_msp.c
2025-08-12 13:23:23,405 [INFO] CodeEngine:265 - oldGeneratedFile, C:\ST\AB_LSTM\AB_LSTM\FSBL\MXTmpFiles\system.tmp_save
2025-08-12 13:23:23,443 [INFO] CodeEngine:289 - Generated code: C:\ST\AB_LSTM\AB_LSTM\FSBL\MXTmpFiles\system.tmp
2025-08-12 13:23:23,459 [INFO] CodeEngine:321 - oldGeneratedFile, C:\ST\AB_LSTM\AB_LSTM\FSBL\Core\Inc\stm32n6xx_hal_conf.h_save
2025-08-12 13:23:23,567 [INFO] CodeEngine:345 - Generated code: C:\ST\AB_LSTM\AB_LSTM\FSBL\Core\Inc\stm32n6xx_hal_conf.h
2025-08-12 13:23:23,583 [WARN] IPConfigManager:3238 - Warning: the RefConfig RCC_ConfigVoltageScaling is not available in your config.xml file
2025-08-12 13:23:23,589 [WARN] IPConfigManager:3238 - Warning: the RefConfig RCC_RTC_HSEDIV is not available in your config.xml file
2025-08-12 13:23:23,595 [ERROR] ApiDbMcu:560 - Cannot parse HDP_Config file : file do not exist
2025-08-12 13:23:23,595 [ERROR] ApiDbMcu:560 - Cannot parse XSPIM_Config file : file do not exist
2025-08-12 13:23:23,609 [INFO] CodeEngine:265 - oldGeneratedFile, C:\ST\AB_LSTM\AB_LSTM\FSBL\Core\Inc\main.h_save
2025-08-12 13:23:23,715 [INFO] CodeEngine:289 - Generated code: C:\ST\AB_LSTM\AB_LSTM\FSBL\Core\Inc\main.h
2025-08-12 13:23:23,723 [INFO] CodeEngine:265 - oldGeneratedFile, C:\ST\AB_LSTM\AB_LSTM\FSBL\Core\Src\main.c_save
2025-08-12 13:23:23,871 [INFO] CodeEngine:289 - Generated code: C:\ST\AB_LSTM\AB_LSTM\FSBL\Core\Src\main.c
2025-08-12 13:23:23,923 [INFO] CodeGenerator:1619 - *******************Project context Appli selected
2025-08-12 13:23:23,981 [INFO] CodeEngine:265 - oldGeneratedFile, C:\ST\AB_LSTM\AB_LSTM\MXTmpFiles\license.tmp_save
2025-08-12 13:23:24,088 [INFO] CodeEngine:289 - Generated code: C:\ST\AB_LSTM\AB_LSTM\MXTmpFiles\license.tmp
2025-08-12 13:23:24,107 [INFO] CodeEngine:265 - oldGeneratedFile, C:\ST\AB_LSTM\AB_LSTM\Appli\MXTmpFiles\gpio.tmp_save
2025-08-12 13:23:24,188 [INFO] CodeEngine:289 - Generated code: C:\ST\AB_LSTM\AB_LSTM\Appli\MXTmpFiles\gpio.tmp
2025-08-12 13:23:24,204 [WARN] IPConfigManager:103 - WARNING: Missing Config File for DEBUG ip!!
2025-08-12 13:23:24,236 [WARN] IPConfigManager:103 - WARNING: Missing Config File for NVIC ip!!
2025-08-12 13:23:24,261 [INFO] CodeEngine:265 - oldGeneratedFile, C:\ST\AB_LSTM\AB_LSTM\Appli\MXTmpFiles\cortex.tmp_save
2025-08-12 13:23:24,332 [INFO] CodeEngine:289 - Generated code: C:\ST\AB_LSTM\AB_LSTM\Appli\MXTmpFiles\cortex.tmp
2025-08-12 13:23:24,358 [INFO] CodeEngine:265 - oldGeneratedFile, C:\ST\AB_LSTM\AB_LSTM\Appli\Core\Src\stm32n6xx_it.c_save
2025-08-12 13:23:24,443 [INFO] CodeEngine:289 - Generated code: C:\ST\AB_LSTM\AB_LSTM\Appli\Core\Src\stm32n6xx_it.c
2025-08-12 13:23:24,449 [INFO] CodeEngine:265 - oldGeneratedFile, C:\ST\AB_LSTM\AB_LSTM\Appli\Core\Inc\stm32n6xx_it.h_save
2025-08-12 13:23:24,490 [INFO] CodeEngine:289 - Generated code: C:\ST\AB_LSTM\AB_LSTM\Appli\Core\Inc\stm32n6xx_it.h
2025-08-12 13:23:24,499 [INFO] CodeEngine:265 - oldGeneratedFile, C:\ST\AB_LSTM\AB_LSTM\Appli\MXTmpFiles\RIFInit.tmp_save
2025-08-12 13:23:24,584 [INFO] CodeEngine:289 - Generated code: C:\ST\AB_LSTM\AB_LSTM\Appli\MXTmpFiles\RIFInit.tmp
2025-08-12 13:23:24,629 [INFO] CodeEngine:265 - oldGeneratedFile, C:\ST\AB_LSTM\AB_LSTM\Appli\Core\Src\stm32n6xx_hal_msp.c_save
2025-08-12 13:23:24,745 [INFO] CodeEngine:289 - Generated code: C:\ST\AB_LSTM\AB_LSTM\Appli\Core\Src\stm32n6xx_hal_msp.c
2025-08-12 13:23:24,749 [INFO] CodeEngine:265 - oldGeneratedFile, C:\ST\AB_LSTM\AB_LSTM\Appli\MXTmpFiles\system.tmp_save
2025-08-12 13:23:24,780 [INFO] CodeEngine:289 - Generated code: C:\ST\AB_LSTM\AB_LSTM\Appli\MXTmpFiles\system.tmp
2025-08-12 13:23:24,789 [INFO] CodeEngine:321 - oldGeneratedFile, C:\ST\AB_LSTM\AB_LSTM\Appli\Core\Inc\stm32n6xx_hal_conf.h_save
2025-08-12 13:23:24,875 [INFO] CodeEngine:345 - Generated code: C:\ST\AB_LSTM\AB_LSTM\Appli\Core\Inc\stm32n6xx_hal_conf.h
2025-08-12 13:23:24,888 [WARN] IPConfigManager:3238 - Warning: the RefConfig RCC_ConfigVoltageScaling is not available in your config.xml file
2025-08-12 13:23:24,890 [WARN] IPConfigManager:3238 - Warning: the RefConfig RCC_RTC_HSEDIV is not available in your config.xml file
2025-08-12 13:23:24,906 [INFO] CodeEngine:265 - oldGeneratedFile, C:\ST\AB_LSTM\AB_LSTM\Appli\Core\Inc\main.h_save
2025-08-12 13:23:24,978 [INFO] CodeEngine:289 - Generated code: C:\ST\AB_LSTM\AB_LSTM\Appli\Core\Inc\main.h
2025-08-12 13:23:24,984 [INFO] CodeEngine:265 - oldGeneratedFile, C:\ST\AB_LSTM\AB_LSTM\Appli\Core\Src\main.c_save
2025-08-12 13:23:25,079 [INFO] CodeEngine:289 - Generated code: C:\ST\AB_LSTM\AB_LSTM\Appli\Core\Src\main.c
2025-08-12 13:23:25,088 [INFO] CodeEngine:265 - oldGeneratedFile, C:\ST\AB_LSTM\AB_LSTM\Appli\Core\Src\secure_nsc.c_save
2025-08-12 13:23:25,151 [INFO] CodeEngine:289 - Generated code: C:\ST\AB_LSTM\AB_LSTM\Appli\Core\Src\secure_nsc.c
2025-08-12 13:23:25,157 [INFO] CodeEngine:265 - oldGeneratedFile, C:\ST\AB_LSTM\AB_LSTM\Appli\Core\Inc\partition_stm32n657xx.h_save
2025-08-12 13:23:25,236 [INFO] CodeEngine:289 - Generated code: C:\ST\AB_LSTM\AB_LSTM\Appli\Core\Inc\partition_stm32n657xx.h
2025-08-12 13:23:25,242 [INFO] CodeEngine:265 - oldGeneratedFile, C:\ST\AB_LSTM\AB_LSTM\Secure_nsclib\secure_nsc.h_save
2025-08-12 13:23:25,279 [INFO] CodeEngine:289 - Generated code: C:\ST\AB_LSTM\AB_LSTM\Secure_nsclib\secure_nsc.h
2025-08-12 13:23:25,303 [INFO] CodeGenerator:1707 - *******************Project context ExtMemLoader Not selected
2025-08-12 13:23:25,791 [INFO] ProjectBuilder:3606 - Time for Copy HAL[1] : 386mS.
2025-08-12 13:23:25,804 [INFO] ProjectBuilder:5216 - Project Generator version: 4.7.0-B52
2025-08-12 13:23:25,853 [INFO] ConfigFileManager:1595 - The Die is : DIE486
2025-08-12 13:23:30,672 [INFO] ProjectBuilder:5056 - Time for Generating toolchain IDE Files: 4868mS.
2025-08-12 13:23:30,674 [INFO] ProjectBuilder:3463 - Time for Copy CMSIS : 2mS.
2025-08-12 13:23:30,678 [INFO] ProjectBuilder:3463 - Time for Copy CMSIS : 0mS.
2025-08-12 13:29:13,985 [WARN] IP:2250 - Memorytype0 not found: check if there is a RefParameter without a condition.
2025-08-12 13:29:13,985 [WARN] IP:2250 - LL_DeviceAttribute20 not found: check if there is a RefParameter without a condition.
2025-08-12 13:29:13,985 [WARN] IP:2250 - DeviceAttribute0 not found: check if there is a RefParameter without a condition.
2025-08-12 13:29:13,985 [WARN] IP:2250 - DeviceAttribute20 not found: check if there is a RefParameter without a condition.
2025-08-12 13:29:13,985 [WARN] IP:2250 - DeviceAttribute1 not found: check if there is a RefParameter without a condition.
2025-08-12 13:29:13,986 [WARN] IP:2250 - Memorytype2 not found: check if there is a RefParameter without a condition.
2025-08-12 13:29:13,986 [WARN] IP:2250 - LL_DeviceAttribute22 not found: check if there is a RefParameter without a condition.
2025-08-12 13:29:13,986 [WARN] IP:2250 - DeviceAttribute2 not found: check if there is a RefParameter without a condition.
2025-08-12 13:29:13,986 [WARN] IP:2250 - Memorytype3 not found: check if there is a RefParameter without a condition.
2025-08-12 13:29:13,986 [WARN] IP:2250 - LL_DeviceAttribute23 not found: check if there is a RefParameter without a condition.
2025-08-12 13:29:13,986 [WARN] IP:2250 - DeviceAttribute3 not found: check if there is a RefParameter without a condition.
2025-08-12 13:29:13,986 [WARN] IP:2250 - Memorytype4 not found: check if there is a RefParameter without a condition.
2025-08-12 13:29:13,987 [WARN] IP:2250 - LL_DeviceAttribute24 not found: check if there is a RefParameter without a condition.
2025-08-12 13:29:13,987 [WARN] IP:2250 - DeviceAttribute4 not found: check if there is a RefParameter without a condition.
2025-08-12 13:29:13,987 [WARN] IP:2250 - Memorytype5 not found: check if there is a RefParameter without a condition.
2025-08-12 13:29:13,987 [WARN] IP:2250 - LL_DeviceAttribute25 not found: check if there is a RefParameter without a condition.
2025-08-12 13:29:13,987 [WARN] IP:2250 - DeviceAttribute5 not found: check if there is a RefParameter without a condition.
2025-08-12 13:29:13,987 [WARN] IP:2250 - Memorytype6 not found: check if there is a RefParameter without a condition.
2025-08-12 13:29:13,987 [WARN] IP:2250 - LL_DeviceAttribute26 not found: check if there is a RefParameter without a condition.
2025-08-12 13:29:13,987 [WARN] IP:2250 - DeviceAttribute6 not found: check if there is a RefParameter without a condition.
2025-08-12 13:29:13,987 [WARN] IP:2250 - Memorytype7 not found: check if there is a RefParameter without a condition.
2025-08-12 13:29:13,987 [WARN] IP:2250 - LL_DeviceAttribute27 not found: check if there is a RefParameter without a condition.
2025-08-12 13:29:13,987 [WARN] IP:2250 - DeviceAttribute7 not found: check if there is a RefParameter without a condition.
2025-08-12 13:29:39,516 [INFO] UtilMem:75 - End SaveConfig() Used Memory: 719117144 Bytes (1073741824)
2025-08-12 13:29:41,747 [INFO] UtilMem:75 - End SaveConfig() Used Memory: 751100760 Bytes (1073741824)
2025-08-12 13:29:43,358 [INFO] UtilMem:75 - End SaveConfig() Used Memory: 927182168 Bytes (1073741824)
2025-08-12 13:29:43,791 [WARN] IP:2250 - pwrPrivilege not found: check if there is a RefParameter without a condition.
2025-08-12 13:29:44,075 [INFO] BlockDiagram:2775 - set Specific Code input for plugin: EXTMEM_MANAGER
2025-08-12 13:29:44,076 [INFO] BlockDiagram:2775 - set Specific Code input for plugin: PWR
2025-08-12 13:29:44,076 [INFO] BlockDiagram:2775 - set Specific Code input for plugin: CORTEX_M55_S
2025-08-12 13:29:44,076 [INFO] BlockDiagram:2775 - set Specific Code input for plugin: RCC
2025-08-12 13:29:44,076 [INFO] BlockDiagram:2775 - set Specific Code input for plugin: CORTEX_M55_FSBL
2025-08-12 13:29:44,076 [INFO] BlockDiagram:2775 - set Specific Code input for plugin: XSPIM
2025-08-12 13:29:44,076 [INFO] BlockDiagram:2775 - set Specific Code input for plugin: XSPI
2025-08-12 13:29:44,076 [INFO] BlockDiagram:2775 - set Specific Code input for plugin: LPUART
2025-08-12 13:29:44,076 [INFO] BlockDiagram:2775 - set Specific Code input for plugin: NVIC
2025-08-12 13:29:44,076 [INFO] BlockDiagram:2775 - set Specific Code input for plugin: HDP
2025-08-12 13:29:44,076 [INFO] BlockDiagram:2775 - set Specific Code input for plugin: ICACHE
2025-08-12 13:29:44,076 [INFO] BlockDiagram:2775 - set Specific Code input for plugin: DEBUG
2025-08-12 13:29:44,077 [INFO] BlockDiagram:2775 - set Specific Code input for plugin: GPIO
2025-08-12 13:29:44,077 [INFO] BlockDiagram:2775 - set Specific Code input for plugin: RIF
2025-08-12 13:29:44,077 [INFO] BlockDiagram:2775 - set Specific Code input for plugin: NVIC1
2025-08-12 13:29:44,078 [INFO] CodeGenerator:892 - code generatio: config db path: C:\ST\STM32CubeIDE_1.19.0\STM32CubeIDE\plugins\com.st.stm32cube.common.mx_6.15.0.202507011659\\db\
2025-08-12 13:29:44,084 [WARN] IP:2250 - DeviceAttribute0 not found: check if there is a RefParameter without a condition.
2025-08-12 13:29:44,084 [WARN] IP:2250 - Memorytype1 not found: check if there is a RefParameter without a condition.
2025-08-12 13:29:44,084 [WARN] IP:2250 - DeviceAttribute1 not found: check if there is a RefParameter without a condition.
2025-08-12 13:29:44,085 [WARN] IP:2250 - LL_DeviceAttribute21 not found: check if there is a RefParameter without a condition.
2025-08-12 13:29:44,085 [WARN] IP:2250 - Memorytype2 not found: check if there is a RefParameter without a condition.
2025-08-12 13:29:44,085 [WARN] IP:2250 - DeviceAttribute2 not found: check if there is a RefParameter without a condition.
2025-08-12 13:29:44,085 [WARN] IP:2250 - LL_DeviceAttribute22 not found: check if there is a RefParameter without a condition.
2025-08-12 13:29:44,086 [WARN] IP:2250 - Memorytype3 not found: check if there is a RefParameter without a condition.
2025-08-12 13:29:44,086 [WARN] IP:2250 - DeviceAttribute3 not found: check if there is a RefParameter without a condition.
2025-08-12 13:29:44,086 [WARN] IP:2250 - LL_DeviceAttribute23 not found: check if there is a RefParameter without a condition.
2025-08-12 13:29:44,086 [WARN] IP:2250 - Memorytype4 not found: check if there is a RefParameter without a condition.
2025-08-12 13:29:44,086 [WARN] IP:2250 - DeviceAttribute4 not found: check if there is a RefParameter without a condition.
2025-08-12 13:29:44,086 [WARN] IP:2250 - LL_DeviceAttribute24 not found: check if there is a RefParameter without a condition.
2025-08-12 13:29:44,086 [WARN] IP:2250 - Memorytype5 not found: check if there is a RefParameter without a condition.
2025-08-12 13:29:44,086 [WARN] IP:2250 - DeviceAttribute5 not found: check if there is a RefParameter without a condition.
2025-08-12 13:29:44,086 [WARN] IP:2250 - LL_DeviceAttribute25 not found: check if there is a RefParameter without a condition.
2025-08-12 13:29:44,086 [WARN] IP:2250 - Memorytype6 not found: check if there is a RefParameter without a condition.
2025-08-12 13:29:44,086 [WARN] IP:2250 - DeviceAttribute6 not found: check if there is a RefParameter without a condition.
2025-08-12 13:29:44,086 [WARN] IP:2250 - LL_DeviceAttribute26 not found: check if there is a RefParameter without a condition.
2025-08-12 13:29:44,086 [WARN] IP:2250 - Memorytype7 not found: check if there is a RefParameter without a condition.
2025-08-12 13:29:44,087 [WARN] IP:2250 - DeviceAttribute7 not found: check if there is a RefParameter without a condition.
2025-08-12 13:29:44,087 [WARN] IP:2250 - LL_DeviceAttribute27 not found: check if there is a RefParameter without a condition.
2025-08-12 13:29:44,092 [WARN] IP:2250 - Memorytype0 not found: check if there is a RefParameter without a condition.
2025-08-12 13:29:44,092 [WARN] IP:2250 - LL_DeviceAttribute20 not found: check if there is a RefParameter without a condition.
2025-08-12 13:29:44,092 [WARN] IP:2250 - DeviceAttribute0 not found: check if there is a RefParameter without a condition.
2025-08-12 13:29:44,093 [WARN] IP:2250 - DeviceAttribute20 not found: check if there is a RefParameter without a condition.
2025-08-12 13:29:44,093 [WARN] IP:2250 - DeviceAttribute1 not found: check if there is a RefParameter without a condition.
2025-08-12 13:29:44,093 [WARN] IP:2250 - Memorytype2 not found: check if there is a RefParameter without a condition.
2025-08-12 13:29:44,093 [WARN] IP:2250 - LL_DeviceAttribute22 not found: check if there is a RefParameter without a condition.
2025-08-12 13:29:44,093 [WARN] IP:2250 - DeviceAttribute2 not found: check if there is a RefParameter without a condition.
2025-08-12 13:29:44,093 [WARN] IP:2250 - Memorytype3 not found: check if there is a RefParameter without a condition.
2025-08-12 13:29:44,093 [WARN] IP:2250 - LL_DeviceAttribute23 not found: check if there is a RefParameter without a condition.
2025-08-12 13:29:44,093 [WARN] IP:2250 - DeviceAttribute3 not found: check if there is a RefParameter without a condition.
2025-08-12 13:29:44,094 [WARN] IP:2250 - Memorytype4 not found: check if there is a RefParameter without a condition.
2025-08-12 13:29:44,094 [WARN] IP:2250 - LL_DeviceAttribute24 not found: check if there is a RefParameter without a condition.
2025-08-12 13:29:44,094 [WARN] IP:2250 - DeviceAttribute4 not found: check if there is a RefParameter without a condition.
2025-08-12 13:29:44,094 [WARN] IP:2250 - Memorytype5 not found: check if there is a RefParameter without a condition.
2025-08-12 13:29:44,094 [WARN] IP:2250 - LL_DeviceAttribute25 not found: check if there is a RefParameter without a condition.
2025-08-12 13:29:44,094 [WARN] IP:2250 - DeviceAttribute5 not found: check if there is a RefParameter without a condition.
2025-08-12 13:29:44,095 [WARN] IP:2250 - Memorytype6 not found: check if there is a RefParameter without a condition.
2025-08-12 13:29:44,095 [WARN] IP:2250 - LL_DeviceAttribute26 not found: check if there is a RefParameter without a condition.
2025-08-12 13:29:44,095 [WARN] IP:2250 - DeviceAttribute6 not found: check if there is a RefParameter without a condition.
2025-08-12 13:29:44,095 [WARN] IP:2250 - Memorytype7 not found: check if there is a RefParameter without a condition.
2025-08-12 13:29:44,095 [WARN] IP:2250 - LL_DeviceAttribute27 not found: check if there is a RefParameter without a condition.
2025-08-12 13:29:44,095 [WARN] IP:2250 - DeviceAttribute7 not found: check if there is a RefParameter without a condition.
2025-08-12 13:29:44,102 [WARN] IP:2250 - RefParam_LRUN_SRC_memory not found: check if there is a RefParameter without a condition.
2025-08-12 13:29:44,103 [WARN] IP:2250 - RefParam_LRUN_SRC_offset not found: check if there is a RefParameter without a condition.
2025-08-12 13:29:44,103 [WARN] IP:2250 - RefParam_LRUN_SRC_size not found: check if there is a RefParameter without a condition.
2025-08-12 13:29:44,103 [WARN] IP:2250 - RefParam_LRUN_DEST_memory not found: check if there is a RefParameter without a condition.
2025-08-12 13:29:44,103 [WARN] IP:2250 - RefParam_LRUN_DEST_offset not found: check if there is a RefParameter without a condition.
2025-08-12 13:29:44,103 [WARN] IP:2250 - RefParam_MEMORY_1_Size not found: check if there is a RefParameter without a condition.
2025-08-12 13:29:44,103 [WARN] IP:2250 - RefParam_MEMORY_1_FreqMax not found: check if there is a RefParameter without a condition.
2025-08-12 13:29:44,103 [WARN] IP:2250 - RefParam_MEMORY_1_ReadReg not found: check if there is a RefParameter without a condition.
2025-08-12 13:29:44,103 [WARN] IP:2250 - RefParam_MEMORY_1_WriteReg not found: check if there is a RefParameter without a condition.
2025-08-12 13:29:44,103 [WARN] IP:2250 - RefParam_MEMORY_1_RegSize not found: check if there is a RefParameter without a condition.
2025-08-12 13:29:44,103 [WARN] IP:2250 - RefParam_MEMORY_1_RegDummyCycle not found: check if there is a RefParameter without a condition.
2025-08-12 13:29:44,103 [WARN] IP:2250 - RefParam_MEMORY_1_WriteCommand not found: check if there is a RefParameter without a condition.
2025-08-12 13:29:44,103 [WARN] IP:2250 - RefParam_MEMORY_1_WriteDummyCycle not found: check if there is a RefParameter without a condition.
2025-08-12 13:29:44,103 [WARN] IP:2250 - RefParam_MEMORY_1_ReadCommand not found: check if there is a RefParameter without a condition.
2025-08-12 13:29:44,103 [WARN] IP:2250 - RefParam_MEMORY_1_WrapReadCommand not found: check if there is a RefParameter without a condition.
2025-08-12 13:29:44,103 [WARN] IP:2250 - RefParam_MEMORY_1_ReadDummyCycle not found: check if there is a RefParameter without a condition.
2025-08-12 13:29:44,103 [WARN] IP:2250 - RefParam_MEMORY_1_NumberOfConfig not found: check if there is a RefParameter without a condition.
2025-08-12 13:29:44,103 [WARN] IP:2250 - RefParam_MEMORY_1_Config1_WriteMask not found: check if there is a RefParameter without a condition.
2025-08-12 13:29:44,103 [WARN] IP:2250 - RefParam_MEMORY_1_Config1_WriteValue not found: check if there is a RefParameter without a condition.
2025-08-12 13:29:44,103 [WARN] IP:2250 - RefParam_MEMORY_1_Config1_RegAddress not found: check if there is a RefParameter without a condition.
2025-08-12 13:29:44,103 [WARN] IP:2250 - RefParam_MEMORY_1_Config2_WriteMask not found: check if there is a RefParameter without a condition.
2025-08-12 13:29:44,103 [WARN] IP:2250 - RefParam_MEMORY_1_Config2_WriteValue not found: check if there is a RefParameter without a condition.
2025-08-12 13:29:44,103 [WARN] IP:2250 - RefParam_MEMORY_1_Config2_RegAddress not found: check if there is a RefParameter without a condition.
2025-08-12 13:29:44,103 [WARN] IP:2250 - RefParam_MEMORY_1_Config3_WriteMask not found: check if there is a RefParameter without a condition.
2025-08-12 13:29:44,103 [WARN] IP:2250 - RefParam_MEMORY_1_Config3_WriteValue not found: check if there is a RefParameter without a condition.
2025-08-12 13:29:44,103 [WARN] IP:2250 - RefParam_MEMORY_1_Config3_RegAddress not found: check if there is a RefParameter without a condition.
2025-08-12 13:29:44,104 [WARN] IP:2250 - RefParam_MEMORY_2_Instance not found: check if there is a RefParameter without a condition.
2025-08-12 13:29:44,104 [WARN] IP:2250 - RefParam_MEMORY_2_ConfigType not found: check if there is a RefParameter without a condition.
2025-08-12 13:29:44,104 [WARN] IP:2250 - RefParam_MEMORY_2_Size not found: check if there is a RefParameter without a condition.
2025-08-12 13:29:44,104 [WARN] IP:2250 - RefParam_MEMORY_2_FreqMax not found: check if there is a RefParameter without a condition.
2025-08-12 13:29:44,104 [WARN] IP:2250 - RefParam_MEMORY_2_ReadReg not found: check if there is a RefParameter without a condition.
2025-08-12 13:29:44,104 [WARN] IP:2250 - RefParam_MEMORY_2_WriteReg not found: check if there is a RefParameter without a condition.
2025-08-12 13:29:44,104 [WARN] IP:2250 - RefParam_MEMORY_2_RegSize not found: check if there is a RefParameter without a condition.
2025-08-12 13:29:44,104 [WARN] IP:2250 - RefParam_MEMORY_2_RegDummyCycle not found: check if there is a RefParameter without a condition.
2025-08-12 13:29:44,104 [WARN] IP:2250 - RefParam_MEMORY_2_WriteCommand not found: check if there is a RefParameter without a condition.
2025-08-12 13:29:44,104 [WARN] IP:2250 - RefParam_MEMORY_2_WriteDummyCycle not found: check if there is a RefParameter without a condition.
2025-08-12 13:29:44,104 [WARN] IP:2250 - RefParam_MEMORY_2_ReadCommand not found: check if there is a RefParameter without a condition.
2025-08-12 13:29:44,104 [WARN] IP:2250 - RefParam_MEMORY_2_WrapReadCommand not found: check if there is a RefParameter without a condition.
2025-08-12 13:29:44,104 [WARN] IP:2250 - RefParam_MEMORY_2_ReadDummyCycle not found: check if there is a RefParameter without a condition.
2025-08-12 13:29:44,104 [WARN] IP:2250 - RefParam_MEMORY_2_NumberOfConfig not found: check if there is a RefParameter without a condition.
2025-08-12 13:29:44,104 [WARN] IP:2250 - RefParam_MEMORY_2_Config1_WriteMask not found: check if there is a RefParameter without a condition.
2025-08-12 13:29:44,104 [WARN] IP:2250 - RefParam_MEMORY_2_Config1_WriteValue not found: check if there is a RefParameter without a condition.
2025-08-12 13:29:44,104 [WARN] IP:2250 - RefParam_MEMORY_2_Config1_RegAddress not found: check if there is a RefParameter without a condition.
2025-08-12 13:29:44,104 [WARN] IP:2250 - RefParam_MEMORY_2_Config2_WriteMask not found: check if there is a RefParameter without a condition.
2025-08-12 13:29:44,104 [WARN] IP:2250 - RefParam_MEMORY_2_Config2_WriteValue not found: check if there is a RefParameter without a condition.
2025-08-12 13:29:44,104 [WARN] IP:2250 - RefParam_MEMORY_2_Config2_RegAddress not found: check if there is a RefParameter without a condition.
2025-08-12 13:29:44,104 [WARN] IP:2250 - RefParam_MEMORY_2_Config3_WriteMask not found: check if there is a RefParameter without a condition.
2025-08-12 13:29:44,104 [WARN] IP:2250 - RefParam_MEMORY_2_Config3_WriteValue not found: check if there is a RefParameter without a condition.
2025-08-12 13:29:44,104 [WARN] IP:2250 - RefParam_MEMORY_2_Config3_RegAddress not found: check if there is a RefParameter without a condition.
2025-08-12 13:29:44,119 [WARN] IP:2250 - pwrPrivilege not found: check if there is a RefParameter without a condition.
2025-08-12 13:29:44,206 [INFO] Middleware:1452 - No code input for Bsp Dependency
2025-08-12 13:29:44,208 [INFO] Middleware:1452 - No code input for Bsp Dependency
2025-08-12 13:29:44,210 [INFO] Middleware:1452 - No code input for Bsp Dependency
2025-08-12 13:29:44,211 [INFO] Middleware:1452 - No code input for Bsp Dependency
2025-08-12 13:29:44,213 [INFO] Middleware:1452 - No code input for Bsp Dependency
2025-08-12 13:29:44,214 [INFO] Middleware:1452 - No code input for Bsp Dependency
2025-08-12 13:29:44,214 [INFO] CodeGenerator:1619 - *******************Project context FSBL selected
2025-08-12 13:29:44,274 [INFO] CodeEngine:265 - oldGeneratedFile, C:\ST\AB_LSTM\AB_LSTM\MXTmpFiles\license.tmp_save
2025-08-12 13:29:44,622 [INFO] CodeEngine:289 - Generated code: C:\ST\AB_LSTM\AB_LSTM\MXTmpFiles\license.tmp
2025-08-12 13:29:44,690 [INFO] CodeEngine:265 - oldGeneratedFile, C:\ST\AB_LSTM\AB_LSTM\FSBL\MXTmpFiles\gpio.tmp_save
2025-08-12 13:29:44,849 [INFO] CodeEngine:289 - Generated code: C:\ST\AB_LSTM\AB_LSTM\FSBL\MXTmpFiles\gpio.tmp
2025-08-12 13:29:44,895 [WARN] IPConfigManager:103 - WARNING: Missing Config File for DEBUG ip!!
2025-08-12 13:29:44,977 [WARN] IPConfigManager:103 - WARNING: Missing Config File for HDP ip!!
2025-08-12 13:29:45,179 [WARN] IPConfigManager:103 - WARNING: Missing Config File for XSPIM ip!!
2025-08-12 13:29:45,230 [INFO] Middleware:1452 - No code input for Bsp Dependency
2025-08-12 13:29:45,240 [INFO] CodeEngine:265 - oldGeneratedFile, C:\ST\AB_LSTM\AB_LSTM\FSBL\MXTmpFiles\boot_code.tmp_save
2025-08-12 13:29:45,365 [INFO] CodeEngine:289 - Generated code: C:\ST\AB_LSTM\AB_LSTM\FSBL\MXTmpFiles\boot_code.tmp
2025-08-12 13:29:45,383 [INFO] CodeEngine:265 - oldGeneratedFile, C:\ST\AB_LSTM\AB_LSTM\FSBL\MXTmpFiles\cortex.tmp_save
2025-08-12 13:29:45,524 [INFO] CodeEngine:289 - Generated code: C:\ST\AB_LSTM\AB_LSTM\FSBL\MXTmpFiles\cortex.tmp
2025-08-12 13:29:45,539 [INFO] Middleware:1452 - No code input for Bsp Dependency
2025-08-12 13:29:45,550 [INFO] CodeEngine:265 - oldGeneratedFile, C:\ST\AB_LSTM\AB_LSTM\FSBL\Core\Inc\extmem_manager.h_save
2025-08-12 13:29:45,661 [INFO] CodeEngine:289 - Generated code: C:\ST\AB_LSTM\AB_LSTM\FSBL\Core\Inc\extmem_manager.h
2025-08-12 13:29:45,672 [INFO] CodeEngine:265 - oldGeneratedFile, C:\ST\AB_LSTM\AB_LSTM\FSBL\Core\Src\extmem_manager.c_save
2025-08-12 13:29:45,776 [INFO] CodeEngine:289 - Generated code: C:\ST\AB_LSTM\AB_LSTM\FSBL\Core\Src\extmem_manager.c
2025-08-12 13:29:45,783 [INFO] CodeEngine:265 - oldGeneratedFile, C:\ST\AB_LSTM\AB_LSTM\FSBL\Core\Inc\stm32_extmem_conf.h_save
2025-08-12 13:29:45,891 [INFO] CodeEngine:289 - Generated code: C:\ST\AB_LSTM\AB_LSTM\FSBL\Core\Inc\stm32_extmem_conf.h
2025-08-12 13:29:45,899 [INFO] CodeEngine:265 - oldGeneratedFile, C:\ST\AB_LSTM\AB_LSTM\FSBL\MXTmpFiles\boot_code.tmp_save
2025-08-12 13:29:45,942 [INFO] CodeEngine:289 - Generated code: C:\ST\AB_LSTM\AB_LSTM\FSBL\MXTmpFiles\boot_code.tmp
2025-08-12 13:29:45,970 [INFO] CodeEngine:265 - oldGeneratedFile, C:\ST\AB_LSTM\AB_LSTM\FSBL\Core\Src\stm32n6xx_it.c_save
2025-08-12 13:29:46,140 [INFO] CodeEngine:289 - Generated code: C:\ST\AB_LSTM\AB_LSTM\FSBL\Core\Src\stm32n6xx_it.c
2025-08-12 13:29:46,147 [INFO] CodeEngine:265 - oldGeneratedFile, C:\ST\AB_LSTM\AB_LSTM\FSBL\Core\Inc\stm32n6xx_it.h_save
2025-08-12 13:29:46,215 [INFO] CodeEngine:289 - Generated code: C:\ST\AB_LSTM\AB_LSTM\FSBL\Core\Inc\stm32n6xx_it.h
2025-08-12 13:29:46,295 [INFO] CodeEngine:265 - oldGeneratedFile, C:\ST\AB_LSTM\AB_LSTM\FSBL\Core\Src\stm32n6xx_hal_msp.c_save
2025-08-12 13:29:46,432 [INFO] CodeEngine:289 - Generated code: C:\ST\AB_LSTM\AB_LSTM\FSBL\Core\Src\stm32n6xx_hal_msp.c
2025-08-12 13:29:46,438 [INFO] CodeEngine:265 - oldGeneratedFile, C:\ST\AB_LSTM\AB_LSTM\FSBL\MXTmpFiles\system.tmp_save
2025-08-12 13:29:46,490 [INFO] CodeEngine:289 - Generated code: C:\ST\AB_LSTM\AB_LSTM\FSBL\MXTmpFiles\system.tmp
2025-08-12 13:29:46,511 [INFO] CodeEngine:321 - oldGeneratedFile, C:\ST\AB_LSTM\AB_LSTM\FSBL\Core\Inc\stm32n6xx_hal_conf.h_save
2025-08-12 13:29:46,621 [INFO] CodeEngine:345 - Generated code: C:\ST\AB_LSTM\AB_LSTM\FSBL\Core\Inc\stm32n6xx_hal_conf.h
2025-08-12 13:29:46,636 [WARN] IPConfigManager:3238 - Warning: the RefConfig RCC_ConfigVoltageScaling is not available in your config.xml file
2025-08-12 13:29:46,644 [WARN] IPConfigManager:3238 - Warning: the RefConfig RCC_RTC_HSEDIV is not available in your config.xml file
2025-08-12 13:29:46,650 [ERROR] ApiDbMcu:560 - Cannot parse HDP_Config file : file do not exist
2025-08-12 13:29:46,651 [ERROR] ApiDbMcu:560 - Cannot parse XSPIM_Config file : file do not exist
2025-08-12 13:29:46,676 [INFO] CodeEngine:265 - oldGeneratedFile, C:\ST\AB_LSTM\AB_LSTM\FSBL\Core\Inc\main.h_save
2025-08-12 13:29:46,865 [INFO] CodeEngine:289 - Generated code: C:\ST\AB_LSTM\AB_LSTM\FSBL\Core\Inc\main.h
2025-08-12 13:29:46,873 [INFO] CodeEngine:265 - oldGeneratedFile, C:\ST\AB_LSTM\AB_LSTM\FSBL\Core\Src\main.c_save
2025-08-12 13:29:47,022 [INFO] CodeEngine:289 - Generated code: C:\ST\AB_LSTM\AB_LSTM\FSBL\Core\Src\main.c
2025-08-12 13:29:47,072 [INFO] CodeGenerator:1619 - *******************Project context Appli selected
2025-08-12 13:29:47,113 [INFO] CodeEngine:265 - oldGeneratedFile, C:\ST\AB_LSTM\AB_LSTM\MXTmpFiles\license.tmp_save
2025-08-12 13:29:47,181 [INFO] CodeEngine:289 - Generated code: C:\ST\AB_LSTM\AB_LSTM\MXTmpFiles\license.tmp
2025-08-12 13:29:47,198 [INFO] CodeEngine:265 - oldGeneratedFile, C:\ST\AB_LSTM\AB_LSTM\Appli\MXTmpFiles\gpio.tmp_save
2025-08-12 13:29:47,276 [INFO] CodeEngine:289 - Generated code: C:\ST\AB_LSTM\AB_LSTM\Appli\MXTmpFiles\gpio.tmp
2025-08-12 13:29:47,295 [WARN] IPConfigManager:103 - WARNING: Missing Config File for DEBUG ip!!
2025-08-12 13:29:47,323 [WARN] IPConfigManager:103 - WARNING: Missing Config File for NVIC ip!!
2025-08-12 13:29:47,347 [INFO] CodeEngine:265 - oldGeneratedFile, C:\ST\AB_LSTM\AB_LSTM\Appli\MXTmpFiles\cortex.tmp_save
2025-08-12 13:29:47,414 [INFO] CodeEngine:289 - Generated code: C:\ST\AB_LSTM\AB_LSTM\Appli\MXTmpFiles\cortex.tmp
2025-08-12 13:29:47,443 [INFO] CodeEngine:265 - oldGeneratedFile, C:\ST\AB_LSTM\AB_LSTM\Appli\Core\Src\stm32n6xx_it.c_save
2025-08-12 13:29:47,513 [INFO] CodeEngine:289 - Generated code: C:\ST\AB_LSTM\AB_LSTM\Appli\Core\Src\stm32n6xx_it.c
2025-08-12 13:29:47,519 [INFO] CodeEngine:265 - oldGeneratedFile, C:\ST\AB_LSTM\AB_LSTM\Appli\Core\Inc\stm32n6xx_it.h_save
2025-08-12 13:29:47,551 [INFO] CodeEngine:289 - Generated code: C:\ST\AB_LSTM\AB_LSTM\Appli\Core\Inc\stm32n6xx_it.h
2025-08-12 13:29:47,559 [INFO] CodeEngine:265 - oldGeneratedFile, C:\ST\AB_LSTM\AB_LSTM\Appli\MXTmpFiles\RIFInit.tmp_save
2025-08-12 13:29:47,630 [INFO] CodeEngine:289 - Generated code: C:\ST\AB_LSTM\AB_LSTM\Appli\MXTmpFiles\RIFInit.tmp
2025-08-12 13:29:47,672 [INFO] CodeEngine:265 - oldGeneratedFile, C:\ST\AB_LSTM\AB_LSTM\Appli\Core\Src\stm32n6xx_hal_msp.c_save
2025-08-12 13:29:47,777 [INFO] CodeEngine:289 - Generated code: C:\ST\AB_LSTM\AB_LSTM\Appli\Core\Src\stm32n6xx_hal_msp.c
2025-08-12 13:29:47,781 [INFO] CodeEngine:265 - oldGeneratedFile, C:\ST\AB_LSTM\AB_LSTM\Appli\MXTmpFiles\system.tmp_save
2025-08-12 13:29:47,813 [INFO] CodeEngine:289 - Generated code: C:\ST\AB_LSTM\AB_LSTM\Appli\MXTmpFiles\system.tmp
2025-08-12 13:29:47,825 [INFO] CodeEngine:321 - oldGeneratedFile, C:\ST\AB_LSTM\AB_LSTM\Appli\Core\Inc\stm32n6xx_hal_conf.h_save
2025-08-12 13:29:47,918 [INFO] CodeEngine:345 - Generated code: C:\ST\AB_LSTM\AB_LSTM\Appli\Core\Inc\stm32n6xx_hal_conf.h
2025-08-12 13:29:47,931 [WARN] IPConfigManager:3238 - Warning: the RefConfig RCC_ConfigVoltageScaling is not available in your config.xml file
2025-08-12 13:29:47,932 [WARN] IPConfigManager:3238 - Warning: the RefConfig RCC_RTC_HSEDIV is not available in your config.xml file
2025-08-12 13:29:47,946 [INFO] CodeEngine:265 - oldGeneratedFile, C:\ST\AB_LSTM\AB_LSTM\Appli\Core\Inc\main.h_save
2025-08-12 13:29:48,041 [INFO] CodeEngine:289 - Generated code: C:\ST\AB_LSTM\AB_LSTM\Appli\Core\Inc\main.h
2025-08-12 13:29:48,047 [INFO] CodeEngine:265 - oldGeneratedFile, C:\ST\AB_LSTM\AB_LSTM\Appli\Core\Src\main.c_save
2025-08-12 13:29:48,144 [INFO] CodeEngine:289 - Generated code: C:\ST\AB_LSTM\AB_LSTM\Appli\Core\Src\main.c
2025-08-12 13:29:48,156 [INFO] CodeEngine:265 - oldGeneratedFile, C:\ST\AB_LSTM\AB_LSTM\Appli\Core\Src\secure_nsc.c_save
2025-08-12 13:29:48,230 [INFO] CodeEngine:289 - Generated code: C:\ST\AB_LSTM\AB_LSTM\Appli\Core\Src\secure_nsc.c
2025-08-12 13:29:48,235 [INFO] CodeEngine:265 - oldGeneratedFile, C:\ST\AB_LSTM\AB_LSTM\Appli\Core\Inc\partition_stm32n657xx.h_save
2025-08-12 13:29:48,304 [INFO] CodeEngine:289 - Generated code: C:\ST\AB_LSTM\AB_LSTM\Appli\Core\Inc\partition_stm32n657xx.h
2025-08-12 13:29:48,310 [INFO] CodeEngine:265 - oldGeneratedFile, C:\ST\AB_LSTM\AB_LSTM\Secure_nsclib\secure_nsc.h_save
2025-08-12 13:29:48,354 [INFO] CodeEngine:289 - Generated code: C:\ST\AB_LSTM\AB_LSTM\Secure_nsclib\secure_nsc.h
2025-08-12 13:29:48,380 [INFO] CodeGenerator:1707 - *******************Project context ExtMemLoader Not selected
2025-08-12 13:29:48,999 [INFO] ProjectBuilder:3606 - Time for Copy HAL[1] : 518mS.
2025-08-12 13:29:49,029 [INFO] ProjectBuilder:5216 - Project Generator version: 4.7.0-B52
2025-08-12 13:29:49,242 [INFO] ConfigFileManager:1595 - The Die is : DIE486
2025-08-12 13:29:54,890 [INFO] ProjectBuilder:5056 - Time for Generating toolchain IDE Files: 5861mS.
2025-08-12 13:29:54,893 [INFO] ProjectBuilder:3463 - Time for Copy CMSIS : 3mS.
2025-08-12 13:29:54,898 [INFO] ProjectBuilder:3463 - Time for Copy CMSIS : 0mS.
2025-08-12 13:31:14,307 [WARN] MainPanel:436 - Warning: This peripheral has no parameters to be configured
2025-08-12 13:31:19,278 [WARN] IP:2250 - Memorytype0 not found: check if there is a RefParameter without a condition.
2025-08-12 13:31:19,278 [WARN] IP:2250 - LL_DeviceAttribute20 not found: check if there is a RefParameter without a condition.
2025-08-12 13:31:19,278 [WARN] IP:2250 - DeviceAttribute0 not found: check if there is a RefParameter without a condition.
2025-08-12 13:31:19,278 [WARN] IP:2250 - DeviceAttribute20 not found: check if there is a RefParameter without a condition.
2025-08-12 13:31:19,278 [WARN] IP:2250 - Memorytype1 not found: check if there is a RefParameter without a condition.
2025-08-12 13:31:19,278 [WARN] IP:2250 - LL_DeviceAttribute21 not found: check if there is a RefParameter without a condition.
2025-08-12 13:31:19,278 [WARN] IP:2250 - DeviceAttribute1 not found: check if there is a RefParameter without a condition.
2025-08-12 13:31:19,278 [WARN] IP:2250 - Memorytype2 not found: check if there is a RefParameter without a condition.
2025-08-12 13:31:19,279 [WARN] IP:2250 - LL_DeviceAttribute22 not found: check if there is a RefParameter without a condition.
2025-08-12 13:31:19,279 [WARN] IP:2250 - DeviceAttribute2 not found: check if there is a RefParameter without a condition.
2025-08-12 13:31:19,279 [WARN] IP:2250 - Memorytype3 not found: check if there is a RefParameter without a condition.
2025-08-12 13:31:19,279 [WARN] IP:2250 - LL_DeviceAttribute23 not found: check if there is a RefParameter without a condition.
2025-08-12 13:31:19,279 [WARN] IP:2250 - DeviceAttribute3 not found: check if there is a RefParameter without a condition.
2025-08-12 13:31:19,279 [WARN] IP:2250 - Memorytype4 not found: check if there is a RefParameter without a condition.
2025-08-12 13:31:19,279 [WARN] IP:2250 - LL_DeviceAttribute24 not found: check if there is a RefParameter without a condition.
2025-08-12 13:31:19,280 [WARN] IP:2250 - DeviceAttribute4 not found: check if there is a RefParameter without a condition.
2025-08-12 13:31:19,280 [WARN] IP:2250 - Memorytype5 not found: check if there is a RefParameter without a condition.
2025-08-12 13:31:19,280 [WARN] IP:2250 - LL_DeviceAttribute25 not found: check if there is a RefParameter without a condition.
2025-08-12 13:31:19,280 [WARN] IP:2250 - DeviceAttribute5 not found: check if there is a RefParameter without a condition.
2025-08-12 13:31:19,280 [WARN] IP:2250 - Memorytype6 not found: check if there is a RefParameter without a condition.
2025-08-12 13:31:19,280 [WARN] IP:2250 - LL_DeviceAttribute26 not found: check if there is a RefParameter without a condition.
2025-08-12 13:31:19,280 [WARN] IP:2250 - DeviceAttribute6 not found: check if there is a RefParameter without a condition.
2025-08-12 13:31:19,281 [WARN] IP:2250 - Memorytype7 not found: check if there is a RefParameter without a condition.
2025-08-12 13:31:19,281 [WARN] IP:2250 - LL_DeviceAttribute27 not found: check if there is a RefParameter without a condition.
2025-08-12 13:31:19,281 [WARN] IP:2250 - DeviceAttribute7 not found: check if there is a RefParameter without a condition.
2025-08-12 13:31:19,294 [INFO] ParamManager:905 - [Generic UI] PropertyChangeEvent: TAB_STATUS_CHANGED , "dont care", "never mind"
2025-08-12 13:31:27,903 [WARN] IP:2250 - Memorytype0 not found: check if there is a RefParameter without a condition.
2025-08-12 13:31:27,904 [WARN] IP:2250 - LL_DeviceAttribute20 not found: check if there is a RefParameter without a condition.
2025-08-12 13:31:27,904 [WARN] IP:2250 - DeviceAttribute0 not found: check if there is a RefParameter without a condition.
2025-08-12 13:31:27,904 [WARN] IP:2250 - DeviceAttribute20 not found: check if there is a RefParameter without a condition.
2025-08-12 13:31:27,904 [WARN] IP:2250 - DeviceAttribute1 not found: check if there is a RefParameter without a condition.
2025-08-12 13:31:27,904 [WARN] IP:2250 - Memorytype2 not found: check if there is a RefParameter without a condition.
2025-08-12 13:31:27,904 [WARN] IP:2250 - LL_DeviceAttribute22 not found: check if there is a RefParameter without a condition.
2025-08-12 13:31:27,904 [WARN] IP:2250 - DeviceAttribute2 not found: check if there is a RefParameter without a condition.
2025-08-12 13:31:27,904 [WARN] IP:2250 - Memorytype3 not found: check if there is a RefParameter without a condition.
2025-08-12 13:31:27,904 [WARN] IP:2250 - LL_DeviceAttribute23 not found: check if there is a RefParameter without a condition.
2025-08-12 13:31:27,904 [WARN] IP:2250 - DeviceAttribute3 not found: check if there is a RefParameter without a condition.
2025-08-12 13:31:27,904 [WARN] IP:2250 - Memorytype4 not found: check if there is a RefParameter without a condition.
2025-08-12 13:31:27,904 [WARN] IP:2250 - LL_DeviceAttribute24 not found: check if there is a RefParameter without a condition.
2025-08-12 13:31:27,904 [WARN] IP:2250 - DeviceAttribute4 not found: check if there is a RefParameter without a condition.
2025-08-12 13:31:27,904 [WARN] IP:2250 - Memorytype5 not found: check if there is a RefParameter without a condition.
2025-08-12 13:31:27,905 [WARN] IP:2250 - LL_DeviceAttribute25 not found: check if there is a RefParameter without a condition.
2025-08-12 13:31:27,905 [WARN] IP:2250 - DeviceAttribute5 not found: check if there is a RefParameter without a condition.
2025-08-12 13:31:27,905 [WARN] IP:2250 - Memorytype6 not found: check if there is a RefParameter without a condition.
2025-08-12 13:31:27,905 [WARN] IP:2250 - LL_DeviceAttribute26 not found: check if there is a RefParameter without a condition.
2025-08-12 13:31:27,905 [WARN] IP:2250 - DeviceAttribute6 not found: check if there is a RefParameter without a condition.
2025-08-12 13:31:27,905 [WARN] IP:2250 - Memorytype7 not found: check if there is a RefParameter without a condition.
2025-08-12 13:31:27,905 [WARN] IP:2250 - LL_DeviceAttribute27 not found: check if there is a RefParameter without a condition.
2025-08-12 13:31:27,905 [WARN] IP:2250 - DeviceAttribute7 not found: check if there is a RefParameter without a condition.
2025-08-12 13:31:27,906 [INFO] ParamManager:905 - [Generic UI] PropertyChangeEvent: TAB_STATUS_CHANGED , "dont care", "never mind"
2025-08-12 13:31:29,460 [WARN] IP:2250 - Memorytype0 not found: check if there is a RefParameter without a condition.
2025-08-12 13:31:29,460 [WARN] IP:2250 - LL_DeviceAttribute20 not found: check if there is a RefParameter without a condition.
2025-08-12 13:31:29,460 [WARN] IP:2250 - DeviceAttribute0 not found: check if there is a RefParameter without a condition.
2025-08-12 13:31:29,461 [WARN] IP:2250 - DeviceAttribute20 not found: check if there is a RefParameter without a condition.
2025-08-12 13:31:29,461 [WARN] IP:2250 - DeviceAttribute1 not found: check if there is a RefParameter without a condition.
2025-08-12 13:31:29,461 [WARN] IP:2250 - Memorytype2 not found: check if there is a RefParameter without a condition.
2025-08-12 13:31:29,461 [WARN] IP:2250 - LL_DeviceAttribute22 not found: check if there is a RefParameter without a condition.
2025-08-12 13:31:29,461 [WARN] IP:2250 - DeviceAttribute2 not found: check if there is a RefParameter without a condition.
2025-08-12 13:31:29,461 [WARN] IP:2250 - Memorytype3 not found: check if there is a RefParameter without a condition.
2025-08-12 13:31:29,461 [WARN] IP:2250 - LL_DeviceAttribute23 not found: check if there is a RefParameter without a condition.
2025-08-12 13:31:29,461 [WARN] IP:2250 - DeviceAttribute3 not found: check if there is a RefParameter without a condition.
2025-08-12 13:31:29,461 [WARN] IP:2250 - Memorytype4 not found: check if there is a RefParameter without a condition.
2025-08-12 13:31:29,461 [WARN] IP:2250 - LL_DeviceAttribute24 not found: check if there is a RefParameter without a condition.
2025-08-12 13:31:29,461 [WARN] IP:2250 - DeviceAttribute4 not found: check if there is a RefParameter without a condition.
2025-08-12 13:31:29,461 [WARN] IP:2250 - Memorytype5 not found: check if there is a RefParameter without a condition.
2025-08-12 13:31:29,461 [WARN] IP:2250 - LL_DeviceAttribute25 not found: check if there is a RefParameter without a condition.
2025-08-12 13:31:29,461 [WARN] IP:2250 - DeviceAttribute5 not found: check if there is a RefParameter without a condition.
2025-08-12 13:31:29,462 [WARN] IP:2250 - Memorytype6 not found: check if there is a RefParameter without a condition.
2025-08-12 13:31:29,462 [WARN] IP:2250 - LL_DeviceAttribute26 not found: check if there is a RefParameter without a condition.
2025-08-12 13:31:29,462 [WARN] IP:2250 - DeviceAttribute6 not found: check if there is a RefParameter without a condition.
2025-08-12 13:31:29,462 [WARN] IP:2250 - Memorytype7 not found: check if there is a RefParameter without a condition.
2025-08-12 13:31:29,462 [WARN] IP:2250 - LL_DeviceAttribute27 not found: check if there is a RefParameter without a condition.
2025-08-12 13:31:29,462 [WARN] IP:2250 - DeviceAttribute7 not found: check if there is a RefParameter without a condition.
2025-08-12 13:31:33,941 [INFO] UtilMem:75 - End SaveConfig() Used Memory: 886482040 Bytes (1073741824)
2025-08-12 13:31:34,927 [INFO] UtilMem:75 - End SaveConfig() Used Memory: 918987896 Bytes (1073741824)
2025-08-12 13:31:36,976 [INFO] UtilMem:75 - End SaveConfig() Used Memory: 924662280 Bytes (1073741824)
2025-08-12 13:31:37,417 [WARN] IP:2250 - pwrPrivilege not found: check if there is a RefParameter without a condition.
2025-08-12 13:31:37,685 [INFO] BlockDiagram:2775 - set Specific Code input for plugin: EXTMEM_MANAGER
2025-08-12 13:31:37,685 [INFO] BlockDiagram:2775 - set Specific Code input for plugin: PWR
2025-08-12 13:31:37,685 [INFO] BlockDiagram:2775 - set Specific Code input for plugin: CORTEX_M55_S
2025-08-12 13:31:37,685 [INFO] BlockDiagram:2775 - set Specific Code input for plugin: RCC
2025-08-12 13:31:37,685 [INFO] BlockDiagram:2775 - set Specific Code input for plugin: CORTEX_M55_FSBL
2025-08-12 13:31:37,685 [INFO] BlockDiagram:2775 - set Specific Code input for plugin: XSPIM
2025-08-12 13:31:37,685 [INFO] BlockDiagram:2775 - set Specific Code input for plugin: XSPI
2025-08-12 13:31:37,685 [INFO] BlockDiagram:2775 - set Specific Code input for plugin: LPUART
2025-08-12 13:31:37,685 [INFO] BlockDiagram:2775 - set Specific Code input for plugin: NVIC
2025-08-12 13:31:37,685 [INFO] BlockDiagram:2775 - set Specific Code input for plugin: HDP
2025-08-12 13:31:37,685 [INFO] BlockDiagram:2775 - set Specific Code input for plugin: ICACHE
2025-08-12 13:31:37,685 [INFO] BlockDiagram:2775 - set Specific Code input for plugin: DEBUG
2025-08-12 13:31:37,686 [INFO] BlockDiagram:2775 - set Specific Code input for plugin: GPIO
2025-08-12 13:31:37,686 [INFO] BlockDiagram:2775 - set Specific Code input for plugin: RIF
2025-08-12 13:31:37,686 [INFO] BlockDiagram:2775 - set Specific Code input for plugin: NVIC1
2025-08-12 13:31:37,687 [INFO] CodeGenerator:892 - code generatio: config db path: C:\ST\STM32CubeIDE_1.19.0\STM32CubeIDE\plugins\com.st.stm32cube.common.mx_6.15.0.202507011659\\db\
2025-08-12 13:31:37,691 [WARN] IP:2250 - DeviceAttribute0 not found: check if there is a RefParameter without a condition.
2025-08-12 13:31:37,691 [WARN] IP:2250 - Memorytype1 not found: check if there is a RefParameter without a condition.
2025-08-12 13:31:37,691 [WARN] IP:2250 - DeviceAttribute1 not found: check if there is a RefParameter without a condition.
2025-08-12 13:31:37,691 [WARN] IP:2250 - LL_DeviceAttribute21 not found: check if there is a RefParameter without a condition.
2025-08-12 13:31:37,691 [WARN] IP:2250 - Memorytype2 not found: check if there is a RefParameter without a condition.
2025-08-12 13:31:37,691 [WARN] IP:2250 - DeviceAttribute2 not found: check if there is a RefParameter without a condition.
2025-08-12 13:31:37,691 [WARN] IP:2250 - LL_DeviceAttribute22 not found: check if there is a RefParameter without a condition.
2025-08-12 13:31:37,691 [WARN] IP:2250 - Memorytype3 not found: check if there is a RefParameter without a condition.
2025-08-12 13:31:37,691 [WARN] IP:2250 - DeviceAttribute3 not found: check if there is a RefParameter without a condition.
2025-08-12 13:31:37,691 [WARN] IP:2250 - LL_DeviceAttribute23 not found: check if there is a RefParameter without a condition.
2025-08-12 13:31:37,691 [WARN] IP:2250 - Memorytype4 not found: check if there is a RefParameter without a condition.
2025-08-12 13:31:37,691 [WARN] IP:2250 - DeviceAttribute4 not found: check if there is a RefParameter without a condition.
2025-08-12 13:31:37,691 [WARN] IP:2250 - LL_DeviceAttribute24 not found: check if there is a RefParameter without a condition.
2025-08-12 13:31:37,691 [WARN] IP:2250 - Memorytype5 not found: check if there is a RefParameter without a condition.
2025-08-12 13:31:37,691 [WARN] IP:2250 - DeviceAttribute5 not found: check if there is a RefParameter without a condition.
2025-08-12 13:31:37,692 [WARN] IP:2250 - LL_DeviceAttribute25 not found: check if there is a RefParameter without a condition.
2025-08-12 13:31:37,692 [WARN] IP:2250 - Memorytype6 not found: check if there is a RefParameter without a condition.
2025-08-12 13:31:37,692 [WARN] IP:2250 - DeviceAttribute6 not found: check if there is a RefParameter without a condition.
2025-08-12 13:31:37,692 [WARN] IP:2250 - LL_DeviceAttribute26 not found: check if there is a RefParameter without a condition.
2025-08-12 13:31:37,692 [WARN] IP:2250 - Memorytype7 not found: check if there is a RefParameter without a condition.
2025-08-12 13:31:37,692 [WARN] IP:2250 - DeviceAttribute7 not found: check if there is a RefParameter without a condition.
2025-08-12 13:31:37,692 [WARN] IP:2250 - LL_DeviceAttribute27 not found: check if there is a RefParameter without a condition.
2025-08-12 13:31:37,697 [WARN] IP:2250 - Memorytype0 not found: check if there is a RefParameter without a condition.
2025-08-12 13:31:37,697 [WARN] IP:2250 - LL_DeviceAttribute20 not found: check if there is a RefParameter without a condition.
2025-08-12 13:31:37,697 [WARN] IP:2250 - DeviceAttribute0 not found: check if there is a RefParameter without a condition.
2025-08-12 13:31:37,697 [WARN] IP:2250 - DeviceAttribute20 not found: check if there is a RefParameter without a condition.
2025-08-12 13:31:37,697 [WARN] IP:2250 - DeviceAttribute1 not found: check if there is a RefParameter without a condition.
2025-08-12 13:31:37,697 [WARN] IP:2250 - Memorytype2 not found: check if there is a RefParameter without a condition.
2025-08-12 13:31:37,697 [WARN] IP:2250 - LL_DeviceAttribute22 not found: check if there is a RefParameter without a condition.
2025-08-12 13:31:37,697 [WARN] IP:2250 - DeviceAttribute2 not found: check if there is a RefParameter without a condition.
2025-08-12 13:31:37,697 [WARN] IP:2250 - Memorytype3 not found: check if there is a RefParameter without a condition.
2025-08-12 13:31:37,697 [WARN] IP:2250 - LL_DeviceAttribute23 not found: check if there is a RefParameter without a condition.
2025-08-12 13:31:37,697 [WARN] IP:2250 - DeviceAttribute3 not found: check if there is a RefParameter without a condition.
2025-08-12 13:31:37,697 [WARN] IP:2250 - Memorytype4 not found: check if there is a RefParameter without a condition.
2025-08-12 13:31:37,697 [WARN] IP:2250 - LL_DeviceAttribute24 not found: check if there is a RefParameter without a condition.
2025-08-12 13:31:37,697 [WARN] IP:2250 - DeviceAttribute4 not found: check if there is a RefParameter without a condition.
2025-08-12 13:31:37,697 [WARN] IP:2250 - Memorytype5 not found: check if there is a RefParameter without a condition.
2025-08-12 13:31:37,697 [WARN] IP:2250 - LL_DeviceAttribute25 not found: check if there is a RefParameter without a condition.
2025-08-12 13:31:37,697 [WARN] IP:2250 - DeviceAttribute5 not found: check if there is a RefParameter without a condition.
2025-08-12 13:31:37,697 [WARN] IP:2250 - Memorytype6 not found: check if there is a RefParameter without a condition.
2025-08-12 13:31:37,697 [WARN] IP:2250 - LL_DeviceAttribute26 not found: check if there is a RefParameter without a condition.
2025-08-12 13:31:37,697 [WARN] IP:2250 - DeviceAttribute6 not found: check if there is a RefParameter without a condition.
2025-08-12 13:31:37,697 [WARN] IP:2250 - Memorytype7 not found: check if there is a RefParameter without a condition.
2025-08-12 13:31:37,697 [WARN] IP:2250 - LL_DeviceAttribute27 not found: check if there is a RefParameter without a condition.
2025-08-12 13:31:37,698 [WARN] IP:2250 - DeviceAttribute7 not found: check if there is a RefParameter without a condition.
2025-08-12 13:31:37,714 [WARN] IP:2250 - RefParam_LRUN_SRC_memory not found: check if there is a RefParameter without a condition.
2025-08-12 13:31:37,714 [WARN] IP:2250 - RefParam_LRUN_SRC_offset not found: check if there is a RefParameter without a condition.
2025-08-12 13:31:37,714 [WARN] IP:2250 - RefParam_LRUN_SRC_size not found: check if there is a RefParameter without a condition.
2025-08-12 13:31:37,714 [WARN] IP:2250 - RefParam_LRUN_DEST_memory not found: check if there is a RefParameter without a condition.
2025-08-12 13:31:37,715 [WARN] IP:2250 - RefParam_LRUN_DEST_offset not found: check if there is a RefParameter without a condition.
2025-08-12 13:31:37,715 [WARN] IP:2250 - RefParam_MEMORY_1_Size not found: check if there is a RefParameter without a condition.
2025-08-12 13:31:37,715 [WARN] IP:2250 - RefParam_MEMORY_1_FreqMax not found: check if there is a RefParameter without a condition.
2025-08-12 13:31:37,715 [WARN] IP:2250 - RefParam_MEMORY_1_ReadReg not found: check if there is a RefParameter without a condition.
2025-08-12 13:31:37,715 [WARN] IP:2250 - RefParam_MEMORY_1_WriteReg not found: check if there is a RefParameter without a condition.
2025-08-12 13:31:37,715 [WARN] IP:2250 - RefParam_MEMORY_1_RegSize not found: check if there is a RefParameter without a condition.
2025-08-12 13:31:37,715 [WARN] IP:2250 - RefParam_MEMORY_1_RegDummyCycle not found: check if there is a RefParameter without a condition.
2025-08-12 13:31:37,715 [WARN] IP:2250 - RefParam_MEMORY_1_WriteCommand not found: check if there is a RefParameter without a condition.
2025-08-12 13:31:37,715 [WARN] IP:2250 - RefParam_MEMORY_1_WriteDummyCycle not found: check if there is a RefParameter without a condition.
2025-08-12 13:31:37,715 [WARN] IP:2250 - RefParam_MEMORY_1_ReadCommand not found: check if there is a RefParameter without a condition.
2025-08-12 13:31:37,715 [WARN] IP:2250 - RefParam_MEMORY_1_WrapReadCommand not found: check if there is a RefParameter without a condition.
2025-08-12 13:31:37,715 [WARN] IP:2250 - RefParam_MEMORY_1_ReadDummyCycle not found: check if there is a RefParameter without a condition.
2025-08-12 13:31:37,715 [WARN] IP:2250 - RefParam_MEMORY_1_NumberOfConfig not found: check if there is a RefParameter without a condition.
2025-08-12 13:31:37,715 [WARN] IP:2250 - RefParam_MEMORY_1_Config1_WriteMask not found: check if there is a RefParameter without a condition.
2025-08-12 13:31:37,715 [WARN] IP:2250 - RefParam_MEMORY_1_Config1_WriteValue not found: check if there is a RefParameter without a condition.
2025-08-12 13:31:37,715 [WARN] IP:2250 - RefParam_MEMORY_1_Config1_RegAddress not found: check if there is a RefParameter without a condition.
2025-08-12 13:31:37,715 [WARN] IP:2250 - RefParam_MEMORY_1_Config2_WriteMask not found: check if there is a RefParameter without a condition.
2025-08-12 13:31:37,715 [WARN] IP:2250 - RefParam_MEMORY_1_Config2_WriteValue not found: check if there is a RefParameter without a condition.
2025-08-12 13:31:37,715 [WARN] IP:2250 - RefParam_MEMORY_1_Config2_RegAddress not found: check if there is a RefParameter without a condition.
2025-08-12 13:31:37,715 [WARN] IP:2250 - RefParam_MEMORY_1_Config3_WriteMask not found: check if there is a RefParameter without a condition.
2025-08-12 13:31:37,715 [WARN] IP:2250 - RefParam_MEMORY_1_Config3_WriteValue not found: check if there is a RefParameter without a condition.
2025-08-12 13:31:37,715 [WARN] IP:2250 - RefParam_MEMORY_1_Config3_RegAddress not found: check if there is a RefParameter without a condition.
2025-08-12 13:31:37,716 [WARN] IP:2250 - RefParam_MEMORY_2_Instance not found: check if there is a RefParameter without a condition.
2025-08-12 13:31:37,716 [WARN] IP:2250 - RefParam_MEMORY_2_ConfigType not found: check if there is a RefParameter without a condition.
2025-08-12 13:31:37,716 [WARN] IP:2250 - RefParam_MEMORY_2_Size not found: check if there is a RefParameter without a condition.
2025-08-12 13:31:37,716 [WARN] IP:2250 - RefParam_MEMORY_2_FreqMax not found: check if there is a RefParameter without a condition.
2025-08-12 13:31:37,716 [WARN] IP:2250 - RefParam_MEMORY_2_ReadReg not found: check if there is a RefParameter without a condition.
2025-08-12 13:31:37,716 [WARN] IP:2250 - RefParam_MEMORY_2_WriteReg not found: check if there is a RefParameter without a condition.
2025-08-12 13:31:37,716 [WARN] IP:2250 - RefParam_MEMORY_2_RegSize not found: check if there is a RefParameter without a condition.
2025-08-12 13:31:37,716 [WARN] IP:2250 - RefParam_MEMORY_2_RegDummyCycle not found: check if there is a RefParameter without a condition.
2025-08-12 13:31:37,716 [WARN] IP:2250 - RefParam_MEMORY_2_WriteCommand not found: check if there is a RefParameter without a condition.
2025-08-12 13:31:37,716 [WARN] IP:2250 - RefParam_MEMORY_2_WriteDummyCycle not found: check if there is a RefParameter without a condition.
2025-08-12 13:31:37,716 [WARN] IP:2250 - RefParam_MEMORY_2_ReadCommand not found: check if there is a RefParameter without a condition.
2025-08-12 13:31:37,716 [WARN] IP:2250 - RefParam_MEMORY_2_WrapReadCommand not found: check if there is a RefParameter without a condition.
2025-08-12 13:31:37,716 [WARN] IP:2250 - RefParam_MEMORY_2_ReadDummyCycle not found: check if there is a RefParameter without a condition.
2025-08-12 13:31:37,716 [WARN] IP:2250 - RefParam_MEMORY_2_NumberOfConfig not found: check if there is a RefParameter without a condition.
2025-08-12 13:31:37,716 [WARN] IP:2250 - RefParam_MEMORY_2_Config1_WriteMask not found: check if there is a RefParameter without a condition.
2025-08-12 13:31:37,716 [WARN] IP:2250 - RefParam_MEMORY_2_Config1_WriteValue not found: check if there is a RefParameter without a condition.
2025-08-12 13:31:37,716 [WARN] IP:2250 - RefParam_MEMORY_2_Config1_RegAddress not found: check if there is a RefParameter without a condition.
2025-08-12 13:31:37,716 [WARN] IP:2250 - RefParam_MEMORY_2_Config2_WriteMask not found: check if there is a RefParameter without a condition.
2025-08-12 13:31:37,716 [WARN] IP:2250 - RefParam_MEMORY_2_Config2_WriteValue not found: check if there is a RefParameter without a condition.
2025-08-12 13:31:37,716 [WARN] IP:2250 - RefParam_MEMORY_2_Config2_RegAddress not found: check if there is a RefParameter without a condition.
2025-08-12 13:31:37,716 [WARN] IP:2250 - RefParam_MEMORY_2_Config3_WriteMask not found: check if there is a RefParameter without a condition.
2025-08-12 13:31:37,716 [WARN] IP:2250 - RefParam_MEMORY_2_Config3_WriteValue not found: check if there is a RefParameter without a condition.
2025-08-12 13:31:37,716 [WARN] IP:2250 - RefParam_MEMORY_2_Config3_RegAddress not found: check if there is a RefParameter without a condition.
2025-08-12 13:31:37,734 [WARN] IP:2250 - pwrPrivilege not found: check if there is a RefParameter without a condition.
2025-08-12 13:31:37,817 [INFO] Middleware:1452 - No code input for Bsp Dependency
2025-08-12 13:31:37,819 [INFO] Middleware:1452 - No code input for Bsp Dependency
2025-08-12 13:31:37,820 [INFO] Middleware:1452 - No code input for Bsp Dependency
2025-08-12 13:31:37,822 [INFO] Middleware:1452 - No code input for Bsp Dependency
2025-08-12 13:31:37,823 [INFO] Middleware:1452 - No code input for Bsp Dependency
2025-08-12 13:31:37,824 [INFO] Middleware:1452 - No code input for Bsp Dependency
2025-08-12 13:31:37,824 [INFO] CodeGenerator:1619 - *******************Project context FSBL selected
2025-08-12 13:31:37,891 [INFO] CodeEngine:265 - oldGeneratedFile, C:\ST\AB_LSTM\AB_LSTM\MXTmpFiles\license.tmp_save
2025-08-12 13:31:38,173 [INFO] CodeEngine:289 - Generated code: C:\ST\AB_LSTM\AB_LSTM\MXTmpFiles\license.tmp
2025-08-12 13:31:38,227 [INFO] CodeEngine:265 - oldGeneratedFile, C:\ST\AB_LSTM\AB_LSTM\FSBL\MXTmpFiles\gpio.tmp_save
2025-08-12 13:31:38,360 [INFO] CodeEngine:289 - Generated code: C:\ST\AB_LSTM\AB_LSTM\FSBL\MXTmpFiles\gpio.tmp
2025-08-12 13:31:38,400 [WARN] IPConfigManager:103 - WARNING: Missing Config File for DEBUG ip!!
2025-08-12 13:31:38,476 [WARN] IPConfigManager:103 - WARNING: Missing Config File for HDP ip!!
2025-08-12 13:31:38,682 [WARN] IPConfigManager:103 - WARNING: Missing Config File for XSPIM ip!!
2025-08-12 13:31:38,736 [INFO] Middleware:1452 - No code input for Bsp Dependency
2025-08-12 13:31:38,746 [INFO] CodeEngine:265 - oldGeneratedFile, C:\ST\AB_LSTM\AB_LSTM\FSBL\MXTmpFiles\boot_code.tmp_save
2025-08-12 13:31:38,856 [INFO] CodeEngine:289 - Generated code: C:\ST\AB_LSTM\AB_LSTM\FSBL\MXTmpFiles\boot_code.tmp
2025-08-12 13:31:38,870 [INFO] CodeEngine:265 - oldGeneratedFile, C:\ST\AB_LSTM\AB_LSTM\FSBL\MXTmpFiles\cortex.tmp_save
2025-08-12 13:31:38,970 [INFO] CodeEngine:289 - Generated code: C:\ST\AB_LSTM\AB_LSTM\FSBL\MXTmpFiles\cortex.tmp
2025-08-12 13:31:38,975 [INFO] Middleware:1452 - No code input for Bsp Dependency
2025-08-12 13:31:38,985 [INFO] CodeEngine:265 - oldGeneratedFile, C:\ST\AB_LSTM\AB_LSTM\FSBL\Core\Inc\extmem_manager.h_save
2025-08-12 13:31:39,063 [INFO] CodeEngine:289 - Generated code: C:\ST\AB_LSTM\AB_LSTM\FSBL\Core\Inc\extmem_manager.h
2025-08-12 13:31:39,070 [INFO] CodeEngine:265 - oldGeneratedFile, C:\ST\AB_LSTM\AB_LSTM\FSBL\Core\Src\extmem_manager.c_save
2025-08-12 13:31:39,158 [INFO] CodeEngine:289 - Generated code: C:\ST\AB_LSTM\AB_LSTM\FSBL\Core\Src\extmem_manager.c
2025-08-12 13:31:39,167 [INFO] CodeEngine:265 - oldGeneratedFile, C:\ST\AB_LSTM\AB_LSTM\FSBL\Core\Inc\stm32_extmem_conf.h_save
2025-08-12 13:31:39,252 [INFO] CodeEngine:289 - Generated code: C:\ST\AB_LSTM\AB_LSTM\FSBL\Core\Inc\stm32_extmem_conf.h
2025-08-12 13:31:39,259 [INFO] CodeEngine:265 - oldGeneratedFile, C:\ST\AB_LSTM\AB_LSTM\FSBL\MXTmpFiles\boot_code.tmp_save
2025-08-12 13:31:39,300 [INFO] CodeEngine:289 - Generated code: C:\ST\AB_LSTM\AB_LSTM\FSBL\MXTmpFiles\boot_code.tmp
2025-08-12 13:31:39,331 [INFO] CodeEngine:265 - oldGeneratedFile, C:\ST\AB_LSTM\AB_LSTM\FSBL\Core\Src\stm32n6xx_it.c_save
2025-08-12 13:31:39,420 [INFO] CodeEngine:289 - Generated code: C:\ST\AB_LSTM\AB_LSTM\FSBL\Core\Src\stm32n6xx_it.c
2025-08-12 13:31:39,427 [INFO] CodeEngine:265 - oldGeneratedFile, C:\ST\AB_LSTM\AB_LSTM\FSBL\Core\Inc\stm32n6xx_it.h_save
2025-08-12 13:31:39,470 [INFO] CodeEngine:289 - Generated code: C:\ST\AB_LSTM\AB_LSTM\FSBL\Core\Inc\stm32n6xx_it.h
2025-08-12 13:31:39,547 [INFO] CodeEngine:265 - oldGeneratedFile, C:\ST\AB_LSTM\AB_LSTM\FSBL\Core\Src\stm32n6xx_hal_msp.c_save
2025-08-12 13:31:39,652 [INFO] CodeEngine:289 - Generated code: C:\ST\AB_LSTM\AB_LSTM\FSBL\Core\Src\stm32n6xx_hal_msp.c
2025-08-12 13:31:39,658 [INFO] CodeEngine:265 - oldGeneratedFile, C:\ST\AB_LSTM\AB_LSTM\FSBL\MXTmpFiles\system.tmp_save
2025-08-12 13:31:39,702 [INFO] CodeEngine:289 - Generated code: C:\ST\AB_LSTM\AB_LSTM\FSBL\MXTmpFiles\system.tmp
2025-08-12 13:31:39,716 [INFO] CodeEngine:321 - oldGeneratedFile, C:\ST\AB_LSTM\AB_LSTM\FSBL\Core\Inc\stm32n6xx_hal_conf.h_save
2025-08-12 13:31:39,827 [INFO] CodeEngine:345 - Generated code: C:\ST\AB_LSTM\AB_LSTM\FSBL\Core\Inc\stm32n6xx_hal_conf.h
2025-08-12 13:31:39,844 [WARN] IPConfigManager:3238 - Warning: the RefConfig RCC_ConfigVoltageScaling is not available in your config.xml file
2025-08-12 13:31:39,850 [WARN] IPConfigManager:3238 - Warning: the RefConfig RCC_RTC_HSEDIV is not available in your config.xml file
2025-08-12 13:31:39,855 [ERROR] ApiDbMcu:560 - Cannot parse HDP_Config file : file do not exist
2025-08-12 13:31:39,855 [ERROR] ApiDbMcu:560 - Cannot parse XSPIM_Config file : file do not exist
2025-08-12 13:31:39,869 [INFO] CodeEngine:265 - oldGeneratedFile, C:\ST\AB_LSTM\AB_LSTM\FSBL\Core\Inc\main.h_save
2025-08-12 13:31:39,955 [INFO] CodeEngine:289 - Generated code: C:\ST\AB_LSTM\AB_LSTM\FSBL\Core\Inc\main.h
2025-08-12 13:31:39,962 [INFO] CodeEngine:265 - oldGeneratedFile, C:\ST\AB_LSTM\AB_LSTM\FSBL\Core\Src\main.c_save
2025-08-12 13:31:40,116 [INFO] CodeEngine:289 - Generated code: C:\ST\AB_LSTM\AB_LSTM\FSBL\Core\Src\main.c
2025-08-12 13:31:40,178 [INFO] CodeGenerator:1619 - *******************Project context Appli selected
2025-08-12 13:31:40,230 [INFO] CodeEngine:265 - oldGeneratedFile, C:\ST\AB_LSTM\AB_LSTM\MXTmpFiles\license.tmp_save
2025-08-12 13:31:40,347 [INFO] CodeEngine:289 - Generated code: C:\ST\AB_LSTM\AB_LSTM\MXTmpFiles\license.tmp
2025-08-12 13:31:40,363 [INFO] CodeEngine:265 - oldGeneratedFile, C:\ST\AB_LSTM\AB_LSTM\Appli\MXTmpFiles\gpio.tmp_save
2025-08-12 13:31:40,430 [INFO] CodeEngine:289 - Generated code: C:\ST\AB_LSTM\AB_LSTM\Appli\MXTmpFiles\gpio.tmp
2025-08-12 13:31:40,442 [WARN] IPConfigManager:103 - WARNING: Missing Config File for DEBUG ip!!
2025-08-12 13:31:40,472 [WARN] IPConfigManager:103 - WARNING: Missing Config File for NVIC ip!!
2025-08-12 13:31:40,496 [INFO] CodeEngine:265 - oldGeneratedFile, C:\ST\AB_LSTM\AB_LSTM\Appli\MXTmpFiles\cortex.tmp_save
2025-08-12 13:31:40,566 [INFO] CodeEngine:289 - Generated code: C:\ST\AB_LSTM\AB_LSTM\Appli\MXTmpFiles\cortex.tmp
2025-08-12 13:31:40,596 [INFO] CodeEngine:265 - oldGeneratedFile, C:\ST\AB_LSTM\AB_LSTM\Appli\Core\Src\stm32n6xx_it.c_save
2025-08-12 13:31:40,679 [INFO] CodeEngine:289 - Generated code: C:\ST\AB_LSTM\AB_LSTM\Appli\Core\Src\stm32n6xx_it.c
2025-08-12 13:31:40,686 [INFO] CodeEngine:265 - oldGeneratedFile, C:\ST\AB_LSTM\AB_LSTM\Appli\Core\Inc\stm32n6xx_it.h_save
2025-08-12 13:31:40,720 [INFO] CodeEngine:289 - Generated code: C:\ST\AB_LSTM\AB_LSTM\Appli\Core\Inc\stm32n6xx_it.h
2025-08-12 13:31:40,730 [INFO] CodeEngine:265 - oldGeneratedFile, C:\ST\AB_LSTM\AB_LSTM\Appli\MXTmpFiles\RIFInit.tmp_save
2025-08-12 13:31:40,794 [INFO] CodeEngine:289 - Generated code: C:\ST\AB_LSTM\AB_LSTM\Appli\MXTmpFiles\RIFInit.tmp
2025-08-12 13:31:40,834 [INFO] CodeEngine:265 - oldGeneratedFile, C:\ST\AB_LSTM\AB_LSTM\Appli\Core\Src\stm32n6xx_hal_msp.c_save
2025-08-12 13:31:40,920 [INFO] CodeEngine:289 - Generated code: C:\ST\AB_LSTM\AB_LSTM\Appli\Core\Src\stm32n6xx_hal_msp.c
2025-08-12 13:31:40,927 [INFO] CodeEngine:265 - oldGeneratedFile, C:\ST\AB_LSTM\AB_LSTM\Appli\MXTmpFiles\system.tmp_save
2025-08-12 13:31:40,959 [INFO] CodeEngine:289 - Generated code: C:\ST\AB_LSTM\AB_LSTM\Appli\MXTmpFiles\system.tmp
2025-08-12 13:31:40,969 [INFO] CodeEngine:321 - oldGeneratedFile, C:\ST\AB_LSTM\AB_LSTM\Appli\Core\Inc\stm32n6xx_hal_conf.h_save
2025-08-12 13:31:41,053 [INFO] CodeEngine:345 - Generated code: C:\ST\AB_LSTM\AB_LSTM\Appli\Core\Inc\stm32n6xx_hal_conf.h
2025-08-12 13:31:41,067 [WARN] IPConfigManager:3238 - Warning: the RefConfig RCC_ConfigVoltageScaling is not available in your config.xml file
2025-08-12 13:31:41,067 [WARN] IPConfigManager:3238 - Warning: the RefConfig RCC_RTC_HSEDIV is not available in your config.xml file
2025-08-12 13:31:41,079 [INFO] CodeEngine:265 - oldGeneratedFile, C:\ST\AB_LSTM\AB_LSTM\Appli\Core\Inc\main.h_save
2025-08-12 13:31:41,144 [INFO] CodeEngine:289 - Generated code: C:\ST\AB_LSTM\AB_LSTM\Appli\Core\Inc\main.h
2025-08-12 13:31:41,149 [INFO] CodeEngine:265 - oldGeneratedFile, C:\ST\AB_LSTM\AB_LSTM\Appli\Core\Src\main.c_save
2025-08-12 13:31:41,245 [INFO] CodeEngine:289 - Generated code: C:\ST\AB_LSTM\AB_LSTM\Appli\Core\Src\main.c
2025-08-12 13:31:41,254 [INFO] CodeEngine:265 - oldGeneratedFile, C:\ST\AB_LSTM\AB_LSTM\Appli\Core\Src\secure_nsc.c_save
2025-08-12 13:31:41,315 [INFO] CodeEngine:289 - Generated code: C:\ST\AB_LSTM\AB_LSTM\Appli\Core\Src\secure_nsc.c
2025-08-12 13:31:41,320 [INFO] CodeEngine:265 - oldGeneratedFile, C:\ST\AB_LSTM\AB_LSTM\Appli\Core\Inc\partition_stm32n657xx.h_save
2025-08-12 13:31:41,389 [INFO] CodeEngine:289 - Generated code: C:\ST\AB_LSTM\AB_LSTM\Appli\Core\Inc\partition_stm32n657xx.h
2025-08-12 13:31:41,394 [INFO] CodeEngine:265 - oldGeneratedFile, C:\ST\AB_LSTM\AB_LSTM\Secure_nsclib\secure_nsc.h_save
2025-08-12 13:31:41,428 [INFO] CodeEngine:289 - Generated code: C:\ST\AB_LSTM\AB_LSTM\Secure_nsclib\secure_nsc.h
2025-08-12 13:31:41,459 [INFO] CodeGenerator:1707 - *******************Project context ExtMemLoader Not selected
2025-08-12 13:31:41,862 [INFO] ProjectBuilder:3606 - Time for Copy HAL[1] : 298mS.
2025-08-12 13:31:41,873 [INFO] ProjectBuilder:5216 - Project Generator version: 4.7.0-B52
2025-08-12 13:31:41,911 [INFO] ConfigFileManager:1595 - The Die is : DIE486
2025-08-12 13:31:46,456 [INFO] ProjectBuilder:5056 - Time for Generating toolchain IDE Files: 4583mS.
2025-08-12 13:31:46,458 [INFO] ProjectBuilder:3463 - Time for Copy CMSIS : 1mS.
2025-08-12 13:31:46,465 [INFO] ProjectBuilder:3463 - Time for Copy CMSIS : 0mS.
2025-08-12 13:34:21,394 [WARN] IP:2250 - Memorytype0 not found: check if there is a RefParameter without a condition.
2025-08-12 13:34:21,395 [WARN] IP:2250 - LL_DeviceAttribute20 not found: check if there is a RefParameter without a condition.
2025-08-12 13:34:21,395 [WARN] IP:2250 - DeviceAttribute0 not found: check if there is a RefParameter without a condition.
2025-08-12 13:34:21,395 [WARN] IP:2250 - DeviceAttribute20 not found: check if there is a RefParameter without a condition.
2025-08-12 13:34:21,395 [WARN] IP:2250 - DeviceAttribute1 not found: check if there is a RefParameter without a condition.
2025-08-12 13:34:21,396 [WARN] IP:2250 - Memorytype2 not found: check if there is a RefParameter without a condition.
2025-08-12 13:34:21,396 [WARN] IP:2250 - LL_DeviceAttribute22 not found: check if there is a RefParameter without a condition.
2025-08-12 13:34:21,396 [WARN] IP:2250 - DeviceAttribute2 not found: check if there is a RefParameter without a condition.
2025-08-12 13:34:21,396 [WARN] IP:2250 - Memorytype3 not found: check if there is a RefParameter without a condition.
2025-08-12 13:34:21,396 [WARN] IP:2250 - LL_DeviceAttribute23 not found: check if there is a RefParameter without a condition.
2025-08-12 13:34:21,396 [WARN] IP:2250 - DeviceAttribute3 not found: check if there is a RefParameter without a condition.
2025-08-12 13:34:21,397 [WARN] IP:2250 - Memorytype4 not found: check if there is a RefParameter without a condition.
2025-08-12 13:34:21,397 [WARN] IP:2250 - LL_DeviceAttribute24 not found: check if there is a RefParameter without a condition.
2025-08-12 13:34:21,397 [WARN] IP:2250 - DeviceAttribute4 not found: check if there is a RefParameter without a condition.
2025-08-12 13:34:21,397 [WARN] IP:2250 - Memorytype5 not found: check if there is a RefParameter without a condition.
2025-08-12 13:34:21,398 [WARN] IP:2250 - LL_DeviceAttribute25 not found: check if there is a RefParameter without a condition.
2025-08-12 13:34:21,398 [WARN] IP:2250 - DeviceAttribute5 not found: check if there is a RefParameter without a condition.
2025-08-12 13:34:21,398 [WARN] IP:2250 - Memorytype6 not found: check if there is a RefParameter without a condition.
2025-08-12 13:34:21,398 [WARN] IP:2250 - LL_DeviceAttribute26 not found: check if there is a RefParameter without a condition.
2025-08-12 13:34:21,398 [WARN] IP:2250 - DeviceAttribute6 not found: check if there is a RefParameter without a condition.
2025-08-12 13:34:21,398 [WARN] IP:2250 - Memorytype7 not found: check if there is a RefParameter without a condition.
2025-08-12 13:34:21,399 [WARN] IP:2250 - LL_DeviceAttribute27 not found: check if there is a RefParameter without a condition.
2025-08-12 13:34:21,399 [WARN] IP:2250 - DeviceAttribute7 not found: check if there is a RefParameter without a condition.
2025-08-12 13:34:22,934 [WARN] IP:2250 - Memorytype0 not found: check if there is a RefParameter without a condition.
2025-08-12 13:34:22,935 [WARN] IP:2250 - LL_DeviceAttribute20 not found: check if there is a RefParameter without a condition.
2025-08-12 13:34:22,935 [WARN] IP:2250 - DeviceAttribute0 not found: check if there is a RefParameter without a condition.
2025-08-12 13:34:22,935 [WARN] IP:2250 - DeviceAttribute20 not found: check if there is a RefParameter without a condition.
2025-08-12 13:34:22,935 [WARN] IP:2250 - DeviceAttribute1 not found: check if there is a RefParameter without a condition.
2025-08-12 13:34:22,935 [WARN] IP:2250 - Memorytype2 not found: check if there is a RefParameter without a condition.
2025-08-12 13:34:22,935 [WARN] IP:2250 - LL_DeviceAttribute22 not found: check if there is a RefParameter without a condition.
2025-08-12 13:34:22,935 [WARN] IP:2250 - DeviceAttribute2 not found: check if there is a RefParameter without a condition.
2025-08-12 13:34:22,935 [WARN] IP:2250 - Memorytype3 not found: check if there is a RefParameter without a condition.
2025-08-12 13:34:22,936 [WARN] IP:2250 - LL_DeviceAttribute23 not found: check if there is a RefParameter without a condition.
2025-08-12 13:34:22,936 [WARN] IP:2250 - DeviceAttribute3 not found: check if there is a RefParameter without a condition.
2025-08-12 13:34:22,936 [WARN] IP:2250 - Memorytype4 not found: check if there is a RefParameter without a condition.
2025-08-12 13:34:22,936 [WARN] IP:2250 - LL_DeviceAttribute24 not found: check if there is a RefParameter without a condition.
2025-08-12 13:34:22,936 [WARN] IP:2250 - DeviceAttribute4 not found: check if there is a RefParameter without a condition.
2025-08-12 13:34:22,936 [WARN] IP:2250 - Memorytype5 not found: check if there is a RefParameter without a condition.
2025-08-12 13:34:22,936 [WARN] IP:2250 - LL_DeviceAttribute25 not found: check if there is a RefParameter without a condition.
2025-08-12 13:34:22,936 [WARN] IP:2250 - DeviceAttribute5 not found: check if there is a RefParameter without a condition.
2025-08-12 13:34:22,936 [WARN] IP:2250 - Memorytype6 not found: check if there is a RefParameter without a condition.
2025-08-12 13:34:22,936 [WARN] IP:2250 - LL_DeviceAttribute26 not found: check if there is a RefParameter without a condition.
2025-08-12 13:34:22,937 [WARN] IP:2250 - DeviceAttribute6 not found: check if there is a RefParameter without a condition.
2025-08-12 13:34:22,937 [WARN] IP:2250 - Memorytype7 not found: check if there is a RefParameter without a condition.
2025-08-12 13:34:22,937 [WARN] IP:2250 - LL_DeviceAttribute27 not found: check if there is a RefParameter without a condition.
2025-08-12 13:34:22,937 [WARN] IP:2250 - DeviceAttribute7 not found: check if there is a RefParameter without a condition.
2025-08-12 13:34:24,232 [INFO] UtilMem:75 - End SaveConfig() Used Memory: 893110416 Bytes (1073741824)
2025-08-12 13:34:25,173 [INFO] UtilMem:75 - End SaveConfig() Used Memory: 925089936 Bytes (1073741824)
2025-08-12 13:34:27,829 [INFO] UtilMem:75 - End SaveConfig() Used Memory: 935159144 Bytes (1073741824)
2025-08-12 13:34:28,298 [WARN] IP:2250 - pwrPrivilege not found: check if there is a RefParameter without a condition.
2025-08-12 13:34:28,584 [INFO] BlockDiagram:2775 - set Specific Code input for plugin: EXTMEM_MANAGER
2025-08-12 13:34:28,584 [INFO] BlockDiagram:2775 - set Specific Code input for plugin: PWR
2025-08-12 13:34:28,584 [INFO] BlockDiagram:2775 - set Specific Code input for plugin: CORTEX_M55_S
2025-08-12 13:34:28,584 [INFO] BlockDiagram:2775 - set Specific Code input for plugin: RCC
2025-08-12 13:34:28,584 [INFO] BlockDiagram:2775 - set Specific Code input for plugin: CORTEX_M55_FSBL
2025-08-12 13:34:28,584 [INFO] BlockDiagram:2775 - set Specific Code input for plugin: XSPIM
2025-08-12 13:34:28,585 [INFO] BlockDiagram:2775 - set Specific Code input for plugin: XSPI
2025-08-12 13:34:28,585 [INFO] BlockDiagram:2775 - set Specific Code input for plugin: LPUART
2025-08-12 13:34:28,585 [INFO] BlockDiagram:2775 - set Specific Code input for plugin: NVIC
2025-08-12 13:34:28,585 [INFO] BlockDiagram:2775 - set Specific Code input for plugin: HDP
2025-08-12 13:34:28,585 [INFO] BlockDiagram:2775 - set Specific Code input for plugin: ICACHE
2025-08-12 13:34:28,585 [INFO] BlockDiagram:2775 - set Specific Code input for plugin: DEBUG
2025-08-12 13:34:28,585 [INFO] BlockDiagram:2775 - set Specific Code input for plugin: GPIO
2025-08-12 13:34:28,585 [INFO] BlockDiagram:2775 - set Specific Code input for plugin: RIF
2025-08-12 13:34:28,585 [INFO] BlockDiagram:2775 - set Specific Code input for plugin: NVIC1
2025-08-12 13:34:28,586 [INFO] CodeGenerator:892 - code generatio: config db path: C:\ST\STM32CubeIDE_1.19.0\STM32CubeIDE\plugins\com.st.stm32cube.common.mx_6.15.0.202507011659\\db\
2025-08-12 13:34:28,589 [WARN] IP:2250 - DeviceAttribute0 not found: check if there is a RefParameter without a condition.
2025-08-12 13:34:28,590 [WARN] IP:2250 - Memorytype1 not found: check if there is a RefParameter without a condition.
2025-08-12 13:34:28,590 [WARN] IP:2250 - DeviceAttribute1 not found: check if there is a RefParameter without a condition.
2025-08-12 13:34:28,590 [WARN] IP:2250 - LL_DeviceAttribute21 not found: check if there is a RefParameter without a condition.
2025-08-12 13:34:28,590 [WARN] IP:2250 - Memorytype2 not found: check if there is a RefParameter without a condition.
2025-08-12 13:34:28,590 [WARN] IP:2250 - DeviceAttribute2 not found: check if there is a RefParameter without a condition.
2025-08-12 13:34:28,590 [WARN] IP:2250 - LL_DeviceAttribute22 not found: check if there is a RefParameter without a condition.
2025-08-12 13:34:28,590 [WARN] IP:2250 - Memorytype3 not found: check if there is a RefParameter without a condition.
2025-08-12 13:34:28,590 [WARN] IP:2250 - DeviceAttribute3 not found: check if there is a RefParameter without a condition.
2025-08-12 13:34:28,590 [WARN] IP:2250 - LL_DeviceAttribute23 not found: check if there is a RefParameter without a condition.
2025-08-12 13:34:28,591 [WARN] IP:2250 - Memorytype4 not found: check if there is a RefParameter without a condition.
2025-08-12 13:34:28,591 [WARN] IP:2250 - DeviceAttribute4 not found: check if there is a RefParameter without a condition.
2025-08-12 13:34:28,591 [WARN] IP:2250 - LL_DeviceAttribute24 not found: check if there is a RefParameter without a condition.
2025-08-12 13:34:28,591 [WARN] IP:2250 - Memorytype5 not found: check if there is a RefParameter without a condition.
2025-08-12 13:34:28,591 [WARN] IP:2250 - DeviceAttribute5 not found: check if there is a RefParameter without a condition.
2025-08-12 13:34:28,591 [WARN] IP:2250 - LL_DeviceAttribute25 not found: check if there is a RefParameter without a condition.
2025-08-12 13:34:28,591 [WARN] IP:2250 - Memorytype6 not found: check if there is a RefParameter without a condition.
2025-08-12 13:34:28,591 [WARN] IP:2250 - DeviceAttribute6 not found: check if there is a RefParameter without a condition.
2025-08-12 13:34:28,591 [WARN] IP:2250 - LL_DeviceAttribute26 not found: check if there is a RefParameter without a condition.
2025-08-12 13:34:28,591 [WARN] IP:2250 - Memorytype7 not found: check if there is a RefParameter without a condition.
2025-08-12 13:34:28,591 [WARN] IP:2250 - DeviceAttribute7 not found: check if there is a RefParameter without a condition.
2025-08-12 13:34:28,591 [WARN] IP:2250 - LL_DeviceAttribute27 not found: check if there is a RefParameter without a condition.
2025-08-12 13:34:28,596 [WARN] IP:2250 - Memorytype0 not found: check if there is a RefParameter without a condition.
2025-08-12 13:34:28,596 [WARN] IP:2250 - LL_DeviceAttribute20 not found: check if there is a RefParameter without a condition.
2025-08-12 13:34:28,596 [WARN] IP:2250 - DeviceAttribute0 not found: check if there is a RefParameter without a condition.
2025-08-12 13:34:28,596 [WARN] IP:2250 - DeviceAttribute20 not found: check if there is a RefParameter without a condition.
2025-08-12 13:34:28,596 [WARN] IP:2250 - DeviceAttribute1 not found: check if there is a RefParameter without a condition.
2025-08-12 13:34:28,596 [WARN] IP:2250 - Memorytype2 not found: check if there is a RefParameter without a condition.
2025-08-12 13:34:28,596 [WARN] IP:2250 - LL_DeviceAttribute22 not found: check if there is a RefParameter without a condition.
2025-08-12 13:34:28,597 [WARN] IP:2250 - DeviceAttribute2 not found: check if there is a RefParameter without a condition.
2025-08-12 13:34:28,597 [WARN] IP:2250 - Memorytype3 not found: check if there is a RefParameter without a condition.
2025-08-12 13:34:28,597 [WARN] IP:2250 - LL_DeviceAttribute23 not found: check if there is a RefParameter without a condition.
2025-08-12 13:34:28,597 [WARN] IP:2250 - DeviceAttribute3 not found: check if there is a RefParameter without a condition.
2025-08-12 13:34:28,597 [WARN] IP:2250 - Memorytype4 not found: check if there is a RefParameter without a condition.
2025-08-12 13:34:28,597 [WARN] IP:2250 - LL_DeviceAttribute24 not found: check if there is a RefParameter without a condition.
2025-08-12 13:34:28,597 [WARN] IP:2250 - DeviceAttribute4 not found: check if there is a RefParameter without a condition.
2025-08-12 13:34:28,597 [WARN] IP:2250 - Memorytype5 not found: check if there is a RefParameter without a condition.
2025-08-12 13:34:28,597 [WARN] IP:2250 - LL_DeviceAttribute25 not found: check if there is a RefParameter without a condition.
2025-08-12 13:34:28,597 [WARN] IP:2250 - DeviceAttribute5 not found: check if there is a RefParameter without a condition.
2025-08-12 13:34:28,597 [WARN] IP:2250 - Memorytype6 not found: check if there is a RefParameter without a condition.
2025-08-12 13:34:28,597 [WARN] IP:2250 - LL_DeviceAttribute26 not found: check if there is a RefParameter without a condition.
2025-08-12 13:34:28,597 [WARN] IP:2250 - DeviceAttribute6 not found: check if there is a RefParameter without a condition.
2025-08-12 13:34:28,597 [WARN] IP:2250 - Memorytype7 not found: check if there is a RefParameter without a condition.
2025-08-12 13:34:28,597 [WARN] IP:2250 - LL_DeviceAttribute27 not found: check if there is a RefParameter without a condition.
2025-08-12 13:34:28,597 [WARN] IP:2250 - DeviceAttribute7 not found: check if there is a RefParameter without a condition.
2025-08-12 13:34:28,604 [WARN] IP:2250 - RefParam_LRUN_SRC_memory not found: check if there is a RefParameter without a condition.
2025-08-12 13:34:28,604 [WARN] IP:2250 - RefParam_LRUN_SRC_offset not found: check if there is a RefParameter without a condition.
2025-08-12 13:34:28,604 [WARN] IP:2250 - RefParam_LRUN_SRC_size not found: check if there is a RefParameter without a condition.
2025-08-12 13:34:28,604 [WARN] IP:2250 - RefParam_LRUN_DEST_memory not found: check if there is a RefParameter without a condition.
2025-08-12 13:34:28,604 [WARN] IP:2250 - RefParam_LRUN_DEST_offset not found: check if there is a RefParameter without a condition.
2025-08-12 13:34:28,604 [WARN] IP:2250 - RefParam_MEMORY_1_Size not found: check if there is a RefParameter without a condition.
2025-08-12 13:34:28,604 [WARN] IP:2250 - RefParam_MEMORY_1_FreqMax not found: check if there is a RefParameter without a condition.
2025-08-12 13:34:28,604 [WARN] IP:2250 - RefParam_MEMORY_1_ReadReg not found: check if there is a RefParameter without a condition.
2025-08-12 13:34:28,604 [WARN] IP:2250 - RefParam_MEMORY_1_WriteReg not found: check if there is a RefParameter without a condition.
2025-08-12 13:34:28,604 [WARN] IP:2250 - RefParam_MEMORY_1_RegSize not found: check if there is a RefParameter without a condition.
2025-08-12 13:34:28,604 [WARN] IP:2250 - RefParam_MEMORY_1_RegDummyCycle not found: check if there is a RefParameter without a condition.
2025-08-12 13:34:28,604 [WARN] IP:2250 - RefParam_MEMORY_1_WriteCommand not found: check if there is a RefParameter without a condition.
2025-08-12 13:34:28,605 [WARN] IP:2250 - RefParam_MEMORY_1_WriteDummyCycle not found: check if there is a RefParameter without a condition.
2025-08-12 13:34:28,605 [WARN] IP:2250 - RefParam_MEMORY_1_ReadCommand not found: check if there is a RefParameter without a condition.
2025-08-12 13:34:28,605 [WARN] IP:2250 - RefParam_MEMORY_1_WrapReadCommand not found: check if there is a RefParameter without a condition.
2025-08-12 13:34:28,605 [WARN] IP:2250 - RefParam_MEMORY_1_ReadDummyCycle not found: check if there is a RefParameter without a condition.
2025-08-12 13:34:28,605 [WARN] IP:2250 - RefParam_MEMORY_1_NumberOfConfig not found: check if there is a RefParameter without a condition.
2025-08-12 13:34:28,605 [WARN] IP:2250 - RefParam_MEMORY_1_Config1_WriteMask not found: check if there is a RefParameter without a condition.
2025-08-12 13:34:28,605 [WARN] IP:2250 - RefParam_MEMORY_1_Config1_WriteValue not found: check if there is a RefParameter without a condition.
2025-08-12 13:34:28,605 [WARN] IP:2250 - RefParam_MEMORY_1_Config1_RegAddress not found: check if there is a RefParameter without a condition.
2025-08-12 13:34:28,605 [WARN] IP:2250 - RefParam_MEMORY_1_Config2_WriteMask not found: check if there is a RefParameter without a condition.
2025-08-12 13:34:28,605 [WARN] IP:2250 - RefParam_MEMORY_1_Config2_WriteValue not found: check if there is a RefParameter without a condition.
2025-08-12 13:34:28,605 [WARN] IP:2250 - RefParam_MEMORY_1_Config2_RegAddress not found: check if there is a RefParameter without a condition.
2025-08-12 13:34:28,605 [WARN] IP:2250 - RefParam_MEMORY_1_Config3_WriteMask not found: check if there is a RefParameter without a condition.
2025-08-12 13:34:28,605 [WARN] IP:2250 - RefParam_MEMORY_1_Config3_WriteValue not found: check if there is a RefParameter without a condition.
2025-08-12 13:34:28,605 [WARN] IP:2250 - RefParam_MEMORY_1_Config3_RegAddress not found: check if there is a RefParameter without a condition.
2025-08-12 13:34:28,605 [WARN] IP:2250 - RefParam_MEMORY_2_Instance not found: check if there is a RefParameter without a condition.
2025-08-12 13:34:28,605 [WARN] IP:2250 - RefParam_MEMORY_2_ConfigType not found: check if there is a RefParameter without a condition.
2025-08-12 13:34:28,605 [WARN] IP:2250 - RefParam_MEMORY_2_Size not found: check if there is a RefParameter without a condition.
2025-08-12 13:34:28,605 [WARN] IP:2250 - RefParam_MEMORY_2_FreqMax not found: check if there is a RefParameter without a condition.
2025-08-12 13:34:28,605 [WARN] IP:2250 - RefParam_MEMORY_2_ReadReg not found: check if there is a RefParameter without a condition.
2025-08-12 13:34:28,605 [WARN] IP:2250 - RefParam_MEMORY_2_WriteReg not found: check if there is a RefParameter without a condition.
2025-08-12 13:34:28,605 [WARN] IP:2250 - RefParam_MEMORY_2_RegSize not found: check if there is a RefParameter without a condition.
2025-08-12 13:34:28,605 [WARN] IP:2250 - RefParam_MEMORY_2_RegDummyCycle not found: check if there is a RefParameter without a condition.
2025-08-12 13:34:28,605 [WARN] IP:2250 - RefParam_MEMORY_2_WriteCommand not found: check if there is a RefParameter without a condition.
2025-08-12 13:34:28,605 [WARN] IP:2250 - RefParam_MEMORY_2_WriteDummyCycle not found: check if there is a RefParameter without a condition.
2025-08-12 13:34:28,605 [WARN] IP:2250 - RefParam_MEMORY_2_ReadCommand not found: check if there is a RefParameter without a condition.
2025-08-12 13:34:28,605 [WARN] IP:2250 - RefParam_MEMORY_2_WrapReadCommand not found: check if there is a RefParameter without a condition.
2025-08-12 13:34:28,605 [WARN] IP:2250 - RefParam_MEMORY_2_ReadDummyCycle not found: check if there is a RefParameter without a condition.
2025-08-12 13:34:28,605 [WARN] IP:2250 - RefParam_MEMORY_2_NumberOfConfig not found: check if there is a RefParameter without a condition.
2025-08-12 13:34:28,605 [WARN] IP:2250 - RefParam_MEMORY_2_Config1_WriteMask not found: check if there is a RefParameter without a condition.
2025-08-12 13:34:28,606 [WARN] IP:2250 - RefParam_MEMORY_2_Config1_WriteValue not found: check if there is a RefParameter without a condition.
2025-08-12 13:34:28,606 [WARN] IP:2250 - RefParam_MEMORY_2_Config1_RegAddress not found: check if there is a RefParameter without a condition.
2025-08-12 13:34:28,606 [WARN] IP:2250 - RefParam_MEMORY_2_Config2_WriteMask not found: check if there is a RefParameter without a condition.
2025-08-12 13:34:28,606 [WARN] IP:2250 - RefParam_MEMORY_2_Config2_WriteValue not found: check if there is a RefParameter without a condition.
2025-08-12 13:34:28,606 [WARN] IP:2250 - RefParam_MEMORY_2_Config2_RegAddress not found: check if there is a RefParameter without a condition.
2025-08-12 13:34:28,606 [WARN] IP:2250 - RefParam_MEMORY_2_Config3_WriteMask not found: check if there is a RefParameter without a condition.
2025-08-12 13:34:28,606 [WARN] IP:2250 - RefParam_MEMORY_2_Config3_WriteValue not found: check if there is a RefParameter without a condition.
2025-08-12 13:34:28,606 [WARN] IP:2250 - RefParam_MEMORY_2_Config3_RegAddress not found: check if there is a RefParameter without a condition.
2025-08-12 13:34:28,621 [WARN] IP:2250 - pwrPrivilege not found: check if there is a RefParameter without a condition.
2025-08-12 13:34:28,706 [INFO] Middleware:1452 - No code input for Bsp Dependency
2025-08-12 13:34:28,708 [INFO] Middleware:1452 - No code input for Bsp Dependency
2025-08-12 13:34:28,710 [INFO] Middleware:1452 - No code input for Bsp Dependency
2025-08-12 13:34:28,711 [INFO] Middleware:1452 - No code input for Bsp Dependency
2025-08-12 13:34:28,712 [INFO] Middleware:1452 - No code input for Bsp Dependency
2025-08-12 13:34:28,713 [INFO] Middleware:1452 - No code input for Bsp Dependency
2025-08-12 13:34:28,713 [INFO] CodeGenerator:1619 - *******************Project context FSBL selected
2025-08-12 13:34:28,765 [INFO] CodeEngine:265 - oldGeneratedFile, C:\ST\AB_LSTM\AB_LSTM\MXTmpFiles\license.tmp_save
2025-08-12 13:34:29,014 [INFO] CodeEngine:289 - Generated code: C:\ST\AB_LSTM\AB_LSTM\MXTmpFiles\license.tmp
2025-08-12 13:34:29,066 [INFO] CodeEngine:265 - oldGeneratedFile, C:\ST\AB_LSTM\AB_LSTM\FSBL\MXTmpFiles\gpio.tmp_save
2025-08-12 13:34:29,198 [INFO] CodeEngine:289 - Generated code: C:\ST\AB_LSTM\AB_LSTM\FSBL\MXTmpFiles\gpio.tmp
2025-08-12 13:34:29,247 [WARN] IPConfigManager:103 - WARNING: Missing Config File for DEBUG ip!!
2025-08-12 13:34:29,318 [WARN] IPConfigManager:103 - WARNING: Missing Config File for HDP ip!!
2025-08-12 13:34:29,523 [WARN] IPConfigManager:103 - WARNING: Missing Config File for XSPIM ip!!
2025-08-12 13:34:29,579 [INFO] Middleware:1452 - No code input for Bsp Dependency
2025-08-12 13:34:29,588 [INFO] CodeEngine:265 - oldGeneratedFile, C:\ST\AB_LSTM\AB_LSTM\FSBL\MXTmpFiles\boot_code.tmp_save
2025-08-12 13:34:29,703 [INFO] CodeEngine:289 - Generated code: C:\ST\AB_LSTM\AB_LSTM\FSBL\MXTmpFiles\boot_code.tmp
2025-08-12 13:34:29,714 [INFO] CodeEngine:265 - oldGeneratedFile, C:\ST\AB_LSTM\AB_LSTM\FSBL\MXTmpFiles\cortex.tmp_save
2025-08-12 13:34:29,811 [INFO] CodeEngine:289 - Generated code: C:\ST\AB_LSTM\AB_LSTM\FSBL\MXTmpFiles\cortex.tmp
2025-08-12 13:34:29,816 [INFO] Middleware:1452 - No code input for Bsp Dependency
2025-08-12 13:34:29,824 [INFO] CodeEngine:265 - oldGeneratedFile, C:\ST\AB_LSTM\AB_LSTM\FSBL\Core\Inc\extmem_manager.h_save
2025-08-12 13:34:29,907 [INFO] CodeEngine:289 - Generated code: C:\ST\AB_LSTM\AB_LSTM\FSBL\Core\Inc\extmem_manager.h
2025-08-12 13:34:29,914 [INFO] CodeEngine:265 - oldGeneratedFile, C:\ST\AB_LSTM\AB_LSTM\FSBL\Core\Src\extmem_manager.c_save
2025-08-12 13:34:30,007 [INFO] CodeEngine:289 - Generated code: C:\ST\AB_LSTM\AB_LSTM\FSBL\Core\Src\extmem_manager.c
2025-08-12 13:34:30,017 [INFO] CodeEngine:265 - oldGeneratedFile, C:\ST\AB_LSTM\AB_LSTM\FSBL\Core\Inc\stm32_extmem_conf.h_save
2025-08-12 13:34:30,098 [INFO] CodeEngine:289 - Generated code: C:\ST\AB_LSTM\AB_LSTM\FSBL\Core\Inc\stm32_extmem_conf.h
2025-08-12 13:34:30,106 [INFO] CodeEngine:265 - oldGeneratedFile, C:\ST\AB_LSTM\AB_LSTM\FSBL\MXTmpFiles\boot_code.tmp_save
2025-08-12 13:34:30,147 [INFO] CodeEngine:289 - Generated code: C:\ST\AB_LSTM\AB_LSTM\FSBL\MXTmpFiles\boot_code.tmp
2025-08-12 13:34:30,176 [INFO] CodeEngine:265 - oldGeneratedFile, C:\ST\AB_LSTM\AB_LSTM\FSBL\Core\Src\stm32n6xx_it.c_save
2025-08-12 13:34:30,269 [INFO] CodeEngine:289 - Generated code: C:\ST\AB_LSTM\AB_LSTM\FSBL\Core\Src\stm32n6xx_it.c
2025-08-12 13:34:30,276 [INFO] CodeEngine:265 - oldGeneratedFile, C:\ST\AB_LSTM\AB_LSTM\FSBL\Core\Inc\stm32n6xx_it.h_save
2025-08-12 13:34:30,316 [INFO] CodeEngine:289 - Generated code: C:\ST\AB_LSTM\AB_LSTM\FSBL\Core\Inc\stm32n6xx_it.h
2025-08-12 13:34:30,400 [INFO] CodeEngine:265 - oldGeneratedFile, C:\ST\AB_LSTM\AB_LSTM\FSBL\Core\Src\stm32n6xx_hal_msp.c_save
2025-08-12 13:34:30,516 [INFO] CodeEngine:289 - Generated code: C:\ST\AB_LSTM\AB_LSTM\FSBL\Core\Src\stm32n6xx_hal_msp.c
2025-08-12 13:34:30,522 [INFO] CodeEngine:265 - oldGeneratedFile, C:\ST\AB_LSTM\AB_LSTM\FSBL\MXTmpFiles\system.tmp_save
2025-08-12 13:34:30,572 [INFO] CodeEngine:289 - Generated code: C:\ST\AB_LSTM\AB_LSTM\FSBL\MXTmpFiles\system.tmp
2025-08-12 13:34:30,589 [INFO] CodeEngine:321 - oldGeneratedFile, C:\ST\AB_LSTM\AB_LSTM\FSBL\Core\Inc\stm32n6xx_hal_conf.h_save
2025-08-12 13:34:30,703 [INFO] CodeEngine:345 - Generated code: C:\ST\AB_LSTM\AB_LSTM\FSBL\Core\Inc\stm32n6xx_hal_conf.h
2025-08-12 13:34:30,725 [WARN] IPConfigManager:3238 - Warning: the RefConfig RCC_ConfigVoltageScaling is not available in your config.xml file
2025-08-12 13:34:30,730 [WARN] IPConfigManager:3238 - Warning: the RefConfig RCC_RTC_HSEDIV is not available in your config.xml file
2025-08-12 13:34:30,735 [ERROR] ApiDbMcu:560 - Cannot parse HDP_Config file : file do not exist
2025-08-12 13:34:30,735 [ERROR] ApiDbMcu:560 - Cannot parse XSPIM_Config file : file do not exist
2025-08-12 13:34:30,748 [INFO] CodeEngine:265 - oldGeneratedFile, C:\ST\AB_LSTM\AB_LSTM\FSBL\Core\Inc\main.h_save
2025-08-12 13:34:30,838 [INFO] CodeEngine:289 - Generated code: C:\ST\AB_LSTM\AB_LSTM\FSBL\Core\Inc\main.h
2025-08-12 13:34:30,844 [INFO] CodeEngine:265 - oldGeneratedFile, C:\ST\AB_LSTM\AB_LSTM\FSBL\Core\Src\main.c_save
2025-08-12 13:34:30,991 [INFO] CodeEngine:289 - Generated code: C:\ST\AB_LSTM\AB_LSTM\FSBL\Core\Src\main.c
2025-08-12 13:34:31,058 [INFO] CodeGenerator:1619 - *******************Project context Appli selected
2025-08-12 13:34:31,113 [INFO] CodeEngine:265 - oldGeneratedFile, C:\ST\AB_LSTM\AB_LSTM\MXTmpFiles\license.tmp_save
2025-08-12 13:34:31,217 [INFO] CodeEngine:289 - Generated code: C:\ST\AB_LSTM\AB_LSTM\MXTmpFiles\license.tmp
2025-08-12 13:34:31,232 [INFO] CodeEngine:265 - oldGeneratedFile, C:\ST\AB_LSTM\AB_LSTM\Appli\MXTmpFiles\gpio.tmp_save
2025-08-12 13:34:31,296 [INFO] CodeEngine:289 - Generated code: C:\ST\AB_LSTM\AB_LSTM\Appli\MXTmpFiles\gpio.tmp
2025-08-12 13:34:31,309 [WARN] IPConfigManager:103 - WARNING: Missing Config File for DEBUG ip!!
2025-08-12 13:34:31,333 [WARN] IPConfigManager:103 - WARNING: Missing Config File for NVIC ip!!
2025-08-12 13:34:31,353 [INFO] CodeEngine:265 - oldGeneratedFile, C:\ST\AB_LSTM\AB_LSTM\Appli\MXTmpFiles\cortex.tmp_save
2025-08-12 13:34:31,406 [INFO] CodeEngine:289 - Generated code: C:\ST\AB_LSTM\AB_LSTM\Appli\MXTmpFiles\cortex.tmp
2025-08-12 13:34:31,427 [INFO] CodeEngine:265 - oldGeneratedFile, C:\ST\AB_LSTM\AB_LSTM\Appli\Core\Src\stm32n6xx_it.c_save
2025-08-12 13:34:31,494 [INFO] CodeEngine:289 - Generated code: C:\ST\AB_LSTM\AB_LSTM\Appli\Core\Src\stm32n6xx_it.c
2025-08-12 13:34:31,500 [INFO] CodeEngine:265 - oldGeneratedFile, C:\ST\AB_LSTM\AB_LSTM\Appli\Core\Inc\stm32n6xx_it.h_save
2025-08-12 13:34:31,531 [INFO] CodeEngine:289 - Generated code: C:\ST\AB_LSTM\AB_LSTM\Appli\Core\Inc\stm32n6xx_it.h
2025-08-12 13:34:31,538 [INFO] CodeEngine:265 - oldGeneratedFile, C:\ST\AB_LSTM\AB_LSTM\Appli\MXTmpFiles\RIFInit.tmp_save
2025-08-12 13:34:31,601 [INFO] CodeEngine:289 - Generated code: C:\ST\AB_LSTM\AB_LSTM\Appli\MXTmpFiles\RIFInit.tmp
2025-08-12 13:34:31,633 [INFO] CodeEngine:265 - oldGeneratedFile, C:\ST\AB_LSTM\AB_LSTM\Appli\Core\Src\stm32n6xx_hal_msp.c_save
2025-08-12 13:34:31,714 [INFO] CodeEngine:289 - Generated code: C:\ST\AB_LSTM\AB_LSTM\Appli\Core\Src\stm32n6xx_hal_msp.c
2025-08-12 13:34:31,718 [INFO] CodeEngine:265 - oldGeneratedFile, C:\ST\AB_LSTM\AB_LSTM\Appli\MXTmpFiles\system.tmp_save
2025-08-12 13:34:31,748 [INFO] CodeEngine:289 - Generated code: C:\ST\AB_LSTM\AB_LSTM\Appli\MXTmpFiles\system.tmp
2025-08-12 13:34:31,758 [INFO] CodeEngine:321 - oldGeneratedFile, C:\ST\AB_LSTM\AB_LSTM\Appli\Core\Inc\stm32n6xx_hal_conf.h_save
2025-08-12 13:34:31,839 [INFO] CodeEngine:345 - Generated code: C:\ST\AB_LSTM\AB_LSTM\Appli\Core\Inc\stm32n6xx_hal_conf.h
2025-08-12 13:34:31,853 [WARN] IPConfigManager:3238 - Warning: the RefConfig RCC_ConfigVoltageScaling is not available in your config.xml file
2025-08-12 13:34:31,854 [WARN] IPConfigManager:3238 - Warning: the RefConfig RCC_RTC_HSEDIV is not available in your config.xml file
2025-08-12 13:34:31,867 [INFO] CodeEngine:265 - oldGeneratedFile, C:\ST\AB_LSTM\AB_LSTM\Appli\Core\Inc\main.h_save
2025-08-12 13:34:31,935 [INFO] CodeEngine:289 - Generated code: C:\ST\AB_LSTM\AB_LSTM\Appli\Core\Inc\main.h
2025-08-12 13:34:31,940 [INFO] CodeEngine:265 - oldGeneratedFile, C:\ST\AB_LSTM\AB_LSTM\Appli\Core\Src\main.c_save
2025-08-12 13:34:32,030 [INFO] CodeEngine:289 - Generated code: C:\ST\AB_LSTM\AB_LSTM\Appli\Core\Src\main.c
2025-08-12 13:34:32,040 [INFO] CodeEngine:265 - oldGeneratedFile, C:\ST\AB_LSTM\AB_LSTM\Appli\Core\Src\secure_nsc.c_save
2025-08-12 13:34:32,097 [INFO] CodeEngine:289 - Generated code: C:\ST\AB_LSTM\AB_LSTM\Appli\Core\Src\secure_nsc.c
2025-08-12 13:34:32,103 [INFO] CodeEngine:265 - oldGeneratedFile, C:\ST\AB_LSTM\AB_LSTM\Appli\Core\Inc\partition_stm32n657xx.h_save
2025-08-12 13:34:32,165 [INFO] CodeEngine:289 - Generated code: C:\ST\AB_LSTM\AB_LSTM\Appli\Core\Inc\partition_stm32n657xx.h
2025-08-12 13:34:32,170 [INFO] CodeEngine:265 - oldGeneratedFile, C:\ST\AB_LSTM\AB_LSTM\Secure_nsclib\secure_nsc.h_save
2025-08-12 13:34:32,206 [INFO] CodeEngine:289 - Generated code: C:\ST\AB_LSTM\AB_LSTM\Secure_nsclib\secure_nsc.h
2025-08-12 13:34:32,230 [INFO] CodeGenerator:1707 - *******************Project context ExtMemLoader Not selected
2025-08-12 13:34:32,657 [INFO] ProjectBuilder:3606 - Time for Copy HAL[1] : 319mS.
2025-08-12 13:34:32,670 [INFO] ProjectBuilder:5216 - Project Generator version: 4.7.0-B52
2025-08-12 13:34:32,715 [INFO] ConfigFileManager:1595 - The Die is : DIE486
2025-08-12 13:34:36,601 [INFO] ProjectBuilder:5056 - Time for Generating toolchain IDE Files: 3931mS.
2025-08-12 13:34:36,603 [INFO] ProjectBuilder:3463 - Time for Copy CMSIS : 2mS.
2025-08-12 13:34:36,607 [INFO] ProjectBuilder:3463 - Time for Copy CMSIS : 0mS.
2025-08-12 13:36:24,740 [WARN] ContextAllowed:149 - Switch context cannot be done in case of multiple context selected
2025-08-12 13:36:27,328 [INFO] UtilMem:75 - End SaveConfig() Used Memory: 840821864 Bytes (1073741824)
2025-08-12 13:36:28,598 [INFO] UtilMem:75 - End SaveConfig() Used Memory: 873327720 Bytes (1073741824)
2025-08-12 13:36:30,910 [INFO] UtilMem:75 - End SaveConfig() Used Memory: 914222184 Bytes (1073741824)
2025-08-12 13:36:31,306 [WARN] IP:2250 - pwrPrivilege not found: check if there is a RefParameter without a condition.
2025-08-12 13:36:31,567 [INFO] BlockDiagram:2775 - set Specific Code input for plugin: EXTMEM_MANAGER
2025-08-12 13:36:31,568 [INFO] BlockDiagram:2775 - set Specific Code input for plugin: PWR
2025-08-12 13:36:31,568 [INFO] BlockDiagram:2775 - set Specific Code input for plugin: CORTEX_M55_S
2025-08-12 13:36:31,568 [INFO] BlockDiagram:2775 - set Specific Code input for plugin: RCC
2025-08-12 13:36:31,568 [INFO] BlockDiagram:2775 - set Specific Code input for plugin: CORTEX_M55_FSBL
2025-08-12 13:36:31,568 [INFO] BlockDiagram:2775 - set Specific Code input for plugin: XSPIM
2025-08-12 13:36:31,568 [INFO] BlockDiagram:2775 - set Specific Code input for plugin: XSPI
2025-08-12 13:36:31,568 [INFO] BlockDiagram:2775 - set Specific Code input for plugin: LPUART
2025-08-12 13:36:31,568 [INFO] BlockDiagram:2775 - set Specific Code input for plugin: NVIC
2025-08-12 13:36:31,568 [INFO] BlockDiagram:2775 - set Specific Code input for plugin: HDP
2025-08-12 13:36:31,568 [INFO] BlockDiagram:2775 - set Specific Code input for plugin: ICACHE
2025-08-12 13:36:31,568 [INFO] BlockDiagram:2775 - set Specific Code input for plugin: DEBUG
2025-08-12 13:36:31,569 [INFO] BlockDiagram:2775 - set Specific Code input for plugin: GPIO
2025-08-12 13:36:31,569 [INFO] BlockDiagram:2775 - set Specific Code input for plugin: RIF
2025-08-12 13:36:31,569 [INFO] BlockDiagram:2775 - set Specific Code input for plugin: NVIC1
2025-08-12 13:36:31,570 [INFO] CodeGenerator:892 - code generatio: config db path: C:\ST\STM32CubeIDE_1.19.0\STM32CubeIDE\plugins\com.st.stm32cube.common.mx_6.15.0.202507011659\\db\
2025-08-12 13:36:31,573 [WARN] IP:2250 - DeviceAttribute0 not found: check if there is a RefParameter without a condition.
2025-08-12 13:36:31,573 [WARN] IP:2250 - Memorytype1 not found: check if there is a RefParameter without a condition.
2025-08-12 13:36:31,573 [WARN] IP:2250 - DeviceAttribute1 not found: check if there is a RefParameter without a condition.
2025-08-12 13:36:31,573 [WARN] IP:2250 - LL_DeviceAttribute21 not found: check if there is a RefParameter without a condition.
2025-08-12 13:36:31,573 [WARN] IP:2250 - Memorytype2 not found: check if there is a RefParameter without a condition.
2025-08-12 13:36:31,573 [WARN] IP:2250 - DeviceAttribute2 not found: check if there is a RefParameter without a condition.
2025-08-12 13:36:31,573 [WARN] IP:2250 - LL_DeviceAttribute22 not found: check if there is a RefParameter without a condition.
2025-08-12 13:36:31,573 [WARN] IP:2250 - Memorytype3 not found: check if there is a RefParameter without a condition.
2025-08-12 13:36:31,574 [WARN] IP:2250 - DeviceAttribute3 not found: check if there is a RefParameter without a condition.
2025-08-12 13:36:31,574 [WARN] IP:2250 - LL_DeviceAttribute23 not found: check if there is a RefParameter without a condition.
2025-08-12 13:36:31,574 [WARN] IP:2250 - Memorytype4 not found: check if there is a RefParameter without a condition.
2025-08-12 13:36:31,574 [WARN] IP:2250 - DeviceAttribute4 not found: check if there is a RefParameter without a condition.
2025-08-12 13:36:31,574 [WARN] IP:2250 - LL_DeviceAttribute24 not found: check if there is a RefParameter without a condition.
2025-08-12 13:36:31,574 [WARN] IP:2250 - Memorytype5 not found: check if there is a RefParameter without a condition.
2025-08-12 13:36:31,574 [WARN] IP:2250 - DeviceAttribute5 not found: check if there is a RefParameter without a condition.
2025-08-12 13:36:31,574 [WARN] IP:2250 - LL_DeviceAttribute25 not found: check if there is a RefParameter without a condition.
2025-08-12 13:36:31,574 [WARN] IP:2250 - Memorytype6 not found: check if there is a RefParameter without a condition.
2025-08-12 13:36:31,574 [WARN] IP:2250 - DeviceAttribute6 not found: check if there is a RefParameter without a condition.
2025-08-12 13:36:31,574 [WARN] IP:2250 - LL_DeviceAttribute26 not found: check if there is a RefParameter without a condition.
2025-08-12 13:36:31,575 [WARN] IP:2250 - Memorytype7 not found: check if there is a RefParameter without a condition.
2025-08-12 13:36:31,575 [WARN] IP:2250 - DeviceAttribute7 not found: check if there is a RefParameter without a condition.
2025-08-12 13:36:31,575 [WARN] IP:2250 - LL_DeviceAttribute27 not found: check if there is a RefParameter without a condition.
2025-08-12 13:36:31,579 [WARN] IP:2250 - Memorytype0 not found: check if there is a RefParameter without a condition.
2025-08-12 13:36:31,579 [WARN] IP:2250 - LL_DeviceAttribute20 not found: check if there is a RefParameter without a condition.
2025-08-12 13:36:31,579 [WARN] IP:2250 - DeviceAttribute0 not found: check if there is a RefParameter without a condition.
2025-08-12 13:36:31,579 [WARN] IP:2250 - DeviceAttribute20 not found: check if there is a RefParameter without a condition.
2025-08-12 13:36:31,580 [WARN] IP:2250 - DeviceAttribute1 not found: check if there is a RefParameter without a condition.
2025-08-12 13:36:31,580 [WARN] IP:2250 - Memorytype2 not found: check if there is a RefParameter without a condition.
2025-08-12 13:36:31,580 [WARN] IP:2250 - LL_DeviceAttribute22 not found: check if there is a RefParameter without a condition.
2025-08-12 13:36:31,580 [WARN] IP:2250 - DeviceAttribute2 not found: check if there is a RefParameter without a condition.
2025-08-12 13:36:31,580 [WARN] IP:2250 - Memorytype3 not found: check if there is a RefParameter without a condition.
2025-08-12 13:36:31,580 [WARN] IP:2250 - LL_DeviceAttribute23 not found: check if there is a RefParameter without a condition.
2025-08-12 13:36:31,580 [WARN] IP:2250 - DeviceAttribute3 not found: check if there is a RefParameter without a condition.
2025-08-12 13:36:31,580 [WARN] IP:2250 - Memorytype4 not found: check if there is a RefParameter without a condition.
2025-08-12 13:36:31,580 [WARN] IP:2250 - LL_DeviceAttribute24 not found: check if there is a RefParameter without a condition.
2025-08-12 13:36:31,580 [WARN] IP:2250 - DeviceAttribute4 not found: check if there is a RefParameter without a condition.
2025-08-12 13:36:31,580 [WARN] IP:2250 - Memorytype5 not found: check if there is a RefParameter without a condition.
2025-08-12 13:36:31,581 [WARN] IP:2250 - LL_DeviceAttribute25 not found: check if there is a RefParameter without a condition.
2025-08-12 13:36:31,581 [WARN] IP:2250 - DeviceAttribute5 not found: check if there is a RefParameter without a condition.
2025-08-12 13:36:31,581 [WARN] IP:2250 - Memorytype6 not found: check if there is a RefParameter without a condition.
2025-08-12 13:36:31,581 [WARN] IP:2250 - LL_DeviceAttribute26 not found: check if there is a RefParameter without a condition.
2025-08-12 13:36:31,581 [WARN] IP:2250 - DeviceAttribute6 not found: check if there is a RefParameter without a condition.
2025-08-12 13:36:31,581 [WARN] IP:2250 - Memorytype7 not found: check if there is a RefParameter without a condition.
2025-08-12 13:36:31,581 [WARN] IP:2250 - LL_DeviceAttribute27 not found: check if there is a RefParameter without a condition.
2025-08-12 13:36:31,581 [WARN] IP:2250 - DeviceAttribute7 not found: check if there is a RefParameter without a condition.
2025-08-12 13:36:31,588 [WARN] IP:2250 - RefParam_LRUN_SRC_memory not found: check if there is a RefParameter without a condition.
2025-08-12 13:36:31,589 [WARN] IP:2250 - RefParam_LRUN_SRC_offset not found: check if there is a RefParameter without a condition.
2025-08-12 13:36:31,589 [WARN] IP:2250 - RefParam_LRUN_SRC_size not found: check if there is a RefParameter without a condition.
2025-08-12 13:36:31,589 [WARN] IP:2250 - RefParam_LRUN_DEST_memory not found: check if there is a RefParameter without a condition.
2025-08-12 13:36:31,589 [WARN] IP:2250 - RefParam_LRUN_DEST_offset not found: check if there is a RefParameter without a condition.
2025-08-12 13:36:31,589 [WARN] IP:2250 - RefParam_MEMORY_1_Size not found: check if there is a RefParameter without a condition.
2025-08-12 13:36:31,589 [WARN] IP:2250 - RefParam_MEMORY_1_FreqMax not found: check if there is a RefParameter without a condition.
2025-08-12 13:36:31,589 [WARN] IP:2250 - RefParam_MEMORY_1_ReadReg not found: check if there is a RefParameter without a condition.
2025-08-12 13:36:31,589 [WARN] IP:2250 - RefParam_MEMORY_1_WriteReg not found: check if there is a RefParameter without a condition.
2025-08-12 13:36:31,589 [WARN] IP:2250 - RefParam_MEMORY_1_RegSize not found: check if there is a RefParameter without a condition.
2025-08-12 13:36:31,589 [WARN] IP:2250 - RefParam_MEMORY_1_RegDummyCycle not found: check if there is a RefParameter without a condition.
2025-08-12 13:36:31,589 [WARN] IP:2250 - RefParam_MEMORY_1_WriteCommand not found: check if there is a RefParameter without a condition.
2025-08-12 13:36:31,589 [WARN] IP:2250 - RefParam_MEMORY_1_WriteDummyCycle not found: check if there is a RefParameter without a condition.
2025-08-12 13:36:31,589 [WARN] IP:2250 - RefParam_MEMORY_1_ReadCommand not found: check if there is a RefParameter without a condition.
2025-08-12 13:36:31,589 [WARN] IP:2250 - RefParam_MEMORY_1_WrapReadCommand not found: check if there is a RefParameter without a condition.
2025-08-12 13:36:31,589 [WARN] IP:2250 - RefParam_MEMORY_1_ReadDummyCycle not found: check if there is a RefParameter without a condition.
2025-08-12 13:36:31,589 [WARN] IP:2250 - RefParam_MEMORY_1_NumberOfConfig not found: check if there is a RefParameter without a condition.
2025-08-12 13:36:31,590 [WARN] IP:2250 - RefParam_MEMORY_1_Config1_WriteMask not found: check if there is a RefParameter without a condition.
2025-08-12 13:36:31,590 [WARN] IP:2250 - RefParam_MEMORY_1_Config1_WriteValue not found: check if there is a RefParameter without a condition.
2025-08-12 13:36:31,590 [WARN] IP:2250 - RefParam_MEMORY_1_Config1_RegAddress not found: check if there is a RefParameter without a condition.
2025-08-12 13:36:31,590 [WARN] IP:2250 - RefParam_MEMORY_1_Config2_WriteMask not found: check if there is a RefParameter without a condition.
2025-08-12 13:36:31,590 [WARN] IP:2250 - RefParam_MEMORY_1_Config2_WriteValue not found: check if there is a RefParameter without a condition.
2025-08-12 13:36:31,590 [WARN] IP:2250 - RefParam_MEMORY_1_Config2_RegAddress not found: check if there is a RefParameter without a condition.
2025-08-12 13:36:31,590 [WARN] IP:2250 - RefParam_MEMORY_1_Config3_WriteMask not found: check if there is a RefParameter without a condition.
2025-08-12 13:36:31,590 [WARN] IP:2250 - RefParam_MEMORY_1_Config3_WriteValue not found: check if there is a RefParameter without a condition.
2025-08-12 13:36:31,590 [WARN] IP:2250 - RefParam_MEMORY_1_Config3_RegAddress not found: check if there is a RefParameter without a condition.
2025-08-12 13:36:31,590 [WARN] IP:2250 - RefParam_MEMORY_2_Instance not found: check if there is a RefParameter without a condition.
2025-08-12 13:36:31,590 [WARN] IP:2250 - RefParam_MEMORY_2_ConfigType not found: check if there is a RefParameter without a condition.
2025-08-12 13:36:31,590 [WARN] IP:2250 - RefParam_MEMORY_2_Size not found: check if there is a RefParameter without a condition.
2025-08-12 13:36:31,590 [WARN] IP:2250 - RefParam_MEMORY_2_FreqMax not found: check if there is a RefParameter without a condition.
2025-08-12 13:36:31,590 [WARN] IP:2250 - RefParam_MEMORY_2_ReadReg not found: check if there is a RefParameter without a condition.
2025-08-12 13:36:31,590 [WARN] IP:2250 - RefParam_MEMORY_2_WriteReg not found: check if there is a RefParameter without a condition.
2025-08-12 13:36:31,590 [WARN] IP:2250 - RefParam_MEMORY_2_RegSize not found: check if there is a RefParameter without a condition.
2025-08-12 13:36:31,590 [WARN] IP:2250 - RefParam_MEMORY_2_RegDummyCycle not found: check if there is a RefParameter without a condition.
2025-08-12 13:36:31,590 [WARN] IP:2250 - RefParam_MEMORY_2_WriteCommand not found: check if there is a RefParameter without a condition.
2025-08-12 13:36:31,590 [WARN] IP:2250 - RefParam_MEMORY_2_WriteDummyCycle not found: check if there is a RefParameter without a condition.
2025-08-12 13:36:31,590 [WARN] IP:2250 - RefParam_MEMORY_2_ReadCommand not found: check if there is a RefParameter without a condition.
2025-08-12 13:36:31,590 [WARN] IP:2250 - RefParam_MEMORY_2_WrapReadCommand not found: check if there is a RefParameter without a condition.
2025-08-12 13:36:31,590 [WARN] IP:2250 - RefParam_MEMORY_2_ReadDummyCycle not found: check if there is a RefParameter without a condition.
2025-08-12 13:36:31,590 [WARN] IP:2250 - RefParam_MEMORY_2_NumberOfConfig not found: check if there is a RefParameter without a condition.
2025-08-12 13:36:31,590 [WARN] IP:2250 - RefParam_MEMORY_2_Config1_WriteMask not found: check if there is a RefParameter without a condition.
2025-08-12 13:36:31,590 [WARN] IP:2250 - RefParam_MEMORY_2_Config1_WriteValue not found: check if there is a RefParameter without a condition.
2025-08-12 13:36:31,590 [WARN] IP:2250 - RefParam_MEMORY_2_Config1_RegAddress not found: check if there is a RefParameter without a condition.
2025-08-12 13:36:31,590 [WARN] IP:2250 - RefParam_MEMORY_2_Config2_WriteMask not found: check if there is a RefParameter without a condition.
2025-08-12 13:36:31,590 [WARN] IP:2250 - RefParam_MEMORY_2_Config2_WriteValue not found: check if there is a RefParameter without a condition.
2025-08-12 13:36:31,590 [WARN] IP:2250 - RefParam_MEMORY_2_Config2_RegAddress not found: check if there is a RefParameter without a condition.
2025-08-12 13:36:31,590 [WARN] IP:2250 - RefParam_MEMORY_2_Config3_WriteMask not found: check if there is a RefParameter without a condition.
2025-08-12 13:36:31,591 [WARN] IP:2250 - RefParam_MEMORY_2_Config3_WriteValue not found: check if there is a RefParameter without a condition.
2025-08-12 13:36:31,591 [WARN] IP:2250 - RefParam_MEMORY_2_Config3_RegAddress not found: check if there is a RefParameter without a condition.
2025-08-12 13:36:31,609 [WARN] IP:2250 - pwrPrivilege not found: check if there is a RefParameter without a condition.
2025-08-12 13:36:31,705 [INFO] Middleware:1452 - No code input for Bsp Dependency
2025-08-12 13:36:31,708 [INFO] Middleware:1452 - No code input for Bsp Dependency
2025-08-12 13:36:31,709 [INFO] Middleware:1452 - No code input for Bsp Dependency
2025-08-12 13:36:31,711 [INFO] Middleware:1452 - No code input for Bsp Dependency
2025-08-12 13:36:31,712 [INFO] Middleware:1452 - No code input for Bsp Dependency
2025-08-12 13:36:31,713 [INFO] Middleware:1452 - No code input for Bsp Dependency
2025-08-12 13:36:31,713 [INFO] CodeGenerator:1619 - *******************Project context FSBL selected
2025-08-12 13:36:31,774 [INFO] CodeEngine:265 - oldGeneratedFile, C:\ST\AB_LSTM\AB_LSTM\MXTmpFiles\license.tmp_save
2025-08-12 13:36:32,004 [INFO] CodeEngine:289 - Generated code: C:\ST\AB_LSTM\AB_LSTM\MXTmpFiles\license.tmp
2025-08-12 13:36:32,055 [INFO] CodeEngine:265 - oldGeneratedFile, C:\ST\AB_LSTM\AB_LSTM\FSBL\MXTmpFiles\gpio.tmp_save
2025-08-12 13:36:32,168 [INFO] CodeEngine:289 - Generated code: C:\ST\AB_LSTM\AB_LSTM\FSBL\MXTmpFiles\gpio.tmp
2025-08-12 13:36:32,207 [WARN] IPConfigManager:103 - WARNING: Missing Config File for DEBUG ip!!
2025-08-12 13:36:32,281 [WARN] IPConfigManager:103 - WARNING: Missing Config File for HDP ip!!
2025-08-12 13:36:32,476 [WARN] IPConfigManager:103 - WARNING: Missing Config File for XSPIM ip!!
2025-08-12 13:36:32,520 [INFO] Middleware:1452 - No code input for Bsp Dependency
2025-08-12 13:36:32,529 [INFO] CodeEngine:265 - oldGeneratedFile, C:\ST\AB_LSTM\AB_LSTM\FSBL\MXTmpFiles\boot_code.tmp_save
2025-08-12 13:36:32,627 [INFO] CodeEngine:289 - Generated code: C:\ST\AB_LSTM\AB_LSTM\FSBL\MXTmpFiles\boot_code.tmp
2025-08-12 13:36:32,638 [INFO] CodeEngine:265 - oldGeneratedFile, C:\ST\AB_LSTM\AB_LSTM\FSBL\MXTmpFiles\cortex.tmp_save
2025-08-12 13:36:32,733 [INFO] CodeEngine:289 - Generated code: C:\ST\AB_LSTM\AB_LSTM\FSBL\MXTmpFiles\cortex.tmp
2025-08-12 13:36:32,750 [INFO] Middleware:1452 - No code input for Bsp Dependency
2025-08-12 13:36:32,758 [INFO] CodeEngine:265 - oldGeneratedFile, C:\ST\AB_LSTM\AB_LSTM\FSBL\Core\Inc\extmem_manager.h_save
2025-08-12 13:36:32,843 [INFO] CodeEngine:289 - Generated code: C:\ST\AB_LSTM\AB_LSTM\FSBL\Core\Inc\extmem_manager.h
2025-08-12 13:36:32,852 [INFO] CodeEngine:265 - oldGeneratedFile, C:\ST\AB_LSTM\AB_LSTM\FSBL\Core\Src\extmem_manager.c_save
2025-08-12 13:36:32,935 [INFO] CodeEngine:289 - Generated code: C:\ST\AB_LSTM\AB_LSTM\FSBL\Core\Src\extmem_manager.c
2025-08-12 13:36:32,942 [INFO] CodeEngine:265 - oldGeneratedFile, C:\ST\AB_LSTM\AB_LSTM\FSBL\Core\Inc\stm32_extmem_conf.h_save
2025-08-12 13:36:33,014 [INFO] CodeEngine:289 - Generated code: C:\ST\AB_LSTM\AB_LSTM\FSBL\Core\Inc\stm32_extmem_conf.h
2025-08-12 13:36:33,021 [INFO] CodeEngine:265 - oldGeneratedFile, C:\ST\AB_LSTM\AB_LSTM\FSBL\MXTmpFiles\boot_code.tmp_save
2025-08-12 13:36:33,057 [INFO] CodeEngine:289 - Generated code: C:\ST\AB_LSTM\AB_LSTM\FSBL\MXTmpFiles\boot_code.tmp
2025-08-12 13:36:33,093 [INFO] CodeEngine:265 - oldGeneratedFile, C:\ST\AB_LSTM\AB_LSTM\FSBL\Core\Src\stm32n6xx_it.c_save
2025-08-12 13:36:33,185 [INFO] CodeEngine:289 - Generated code: C:\ST\AB_LSTM\AB_LSTM\FSBL\Core\Src\stm32n6xx_it.c
2025-08-12 13:36:33,192 [INFO] CodeEngine:265 - oldGeneratedFile, C:\ST\AB_LSTM\AB_LSTM\FSBL\Core\Inc\stm32n6xx_it.h_save
2025-08-12 13:36:33,232 [INFO] CodeEngine:289 - Generated code: C:\ST\AB_LSTM\AB_LSTM\FSBL\Core\Inc\stm32n6xx_it.h
2025-08-12 13:36:33,313 [INFO] CodeEngine:265 - oldGeneratedFile, C:\ST\AB_LSTM\AB_LSTM\FSBL\Core\Src\stm32n6xx_hal_msp.c_save
2025-08-12 13:36:33,421 [INFO] CodeEngine:289 - Generated code: C:\ST\AB_LSTM\AB_LSTM\FSBL\Core\Src\stm32n6xx_hal_msp.c
2025-08-12 13:36:33,426 [INFO] CodeEngine:265 - oldGeneratedFile, C:\ST\AB_LSTM\AB_LSTM\FSBL\MXTmpFiles\system.tmp_save
2025-08-12 13:36:33,464 [INFO] CodeEngine:289 - Generated code: C:\ST\AB_LSTM\AB_LSTM\FSBL\MXTmpFiles\system.tmp
2025-08-12 13:36:33,476 [INFO] CodeEngine:321 - oldGeneratedFile, C:\ST\AB_LSTM\AB_LSTM\FSBL\Core\Inc\stm32n6xx_hal_conf.h_save
2025-08-12 13:36:33,590 [INFO] CodeEngine:345 - Generated code: C:\ST\AB_LSTM\AB_LSTM\FSBL\Core\Inc\stm32n6xx_hal_conf.h
2025-08-12 13:36:33,604 [WARN] IPConfigManager:3238 - Warning: the RefConfig RCC_ConfigVoltageScaling is not available in your config.xml file
2025-08-12 13:36:33,610 [WARN] IPConfigManager:3238 - Warning: the RefConfig RCC_RTC_HSEDIV is not available in your config.xml file
2025-08-12 13:36:33,615 [ERROR] ApiDbMcu:560 - Cannot parse HDP_Config file : file do not exist
2025-08-12 13:36:33,615 [ERROR] ApiDbMcu:560 - Cannot parse XSPIM_Config file : file do not exist
2025-08-12 13:36:33,627 [INFO] CodeEngine:265 - oldGeneratedFile, C:\ST\AB_LSTM\AB_LSTM\FSBL\Core\Inc\main.h_save
2025-08-12 13:36:33,723 [INFO] CodeEngine:289 - Generated code: C:\ST\AB_LSTM\AB_LSTM\FSBL\Core\Inc\main.h
2025-08-12 13:36:33,729 [INFO] CodeEngine:265 - oldGeneratedFile, C:\ST\AB_LSTM\AB_LSTM\FSBL\Core\Src\main.c_save
2025-08-12 13:36:33,863 [INFO] CodeEngine:289 - Generated code: C:\ST\AB_LSTM\AB_LSTM\FSBL\Core\Src\main.c
2025-08-12 13:36:33,902 [INFO] CodeGenerator:1619 - *******************Project context Appli selected
2025-08-12 13:36:33,947 [INFO] CodeEngine:265 - oldGeneratedFile, C:\ST\AB_LSTM\AB_LSTM\MXTmpFiles\license.tmp_save
2025-08-12 13:36:34,023 [INFO] CodeEngine:289 - Generated code: C:\ST\AB_LSTM\AB_LSTM\MXTmpFiles\license.tmp
2025-08-12 13:36:34,073 [INFO] CodeEngine:265 - oldGeneratedFile, C:\ST\AB_LSTM\AB_LSTM\Appli\MXTmpFiles\gpio.tmp_save
2025-08-12 13:36:34,147 [INFO] CodeEngine:289 - Generated code: C:\ST\AB_LSTM\AB_LSTM\Appli\MXTmpFiles\gpio.tmp
2025-08-12 13:36:34,158 [WARN] IPConfigManager:103 - WARNING: Missing Config File for DEBUG ip!!
2025-08-12 13:36:34,176 [WARN] IPConfigManager:103 - WARNING: Missing Config File for NVIC ip!!
2025-08-12 13:36:34,195 [INFO] CodeEngine:265 - oldGeneratedFile, C:\ST\AB_LSTM\AB_LSTM\Appli\MXTmpFiles\cortex.tmp_save
2025-08-12 13:36:34,249 [INFO] CodeEngine:289 - Generated code: C:\ST\AB_LSTM\AB_LSTM\Appli\MXTmpFiles\cortex.tmp
2025-08-12 13:36:34,268 [INFO] CodeEngine:265 - oldGeneratedFile, C:\ST\AB_LSTM\AB_LSTM\Appli\Core\Src\stm32n6xx_it.c_save
2025-08-12 13:36:34,338 [INFO] CodeEngine:289 - Generated code: C:\ST\AB_LSTM\AB_LSTM\Appli\Core\Src\stm32n6xx_it.c
2025-08-12 13:36:34,345 [INFO] CodeEngine:265 - oldGeneratedFile, C:\ST\AB_LSTM\AB_LSTM\Appli\Core\Inc\stm32n6xx_it.h_save
2025-08-12 13:36:34,387 [INFO] CodeEngine:289 - Generated code: C:\ST\AB_LSTM\AB_LSTM\Appli\Core\Inc\stm32n6xx_it.h
2025-08-12 13:36:34,395 [INFO] CodeEngine:265 - oldGeneratedFile, C:\ST\AB_LSTM\AB_LSTM\Appli\MXTmpFiles\RIFInit.tmp_save
2025-08-12 13:36:34,466 [INFO] CodeEngine:289 - Generated code: C:\ST\AB_LSTM\AB_LSTM\Appli\MXTmpFiles\RIFInit.tmp
2025-08-12 13:36:34,502 [INFO] CodeEngine:265 - oldGeneratedFile, C:\ST\AB_LSTM\AB_LSTM\Appli\Core\Src\stm32n6xx_hal_msp.c_save
2025-08-12 13:36:34,600 [INFO] CodeEngine:289 - Generated code: C:\ST\AB_LSTM\AB_LSTM\Appli\Core\Src\stm32n6xx_hal_msp.c
2025-08-12 13:36:34,605 [INFO] CodeEngine:265 - oldGeneratedFile, C:\ST\AB_LSTM\AB_LSTM\Appli\MXTmpFiles\system.tmp_save
2025-08-12 13:36:34,640 [INFO] CodeEngine:289 - Generated code: C:\ST\AB_LSTM\AB_LSTM\Appli\MXTmpFiles\system.tmp
2025-08-12 13:36:34,657 [INFO] CodeEngine:321 - oldGeneratedFile, C:\ST\AB_LSTM\AB_LSTM\Appli\Core\Inc\stm32n6xx_hal_conf.h_save
2025-08-12 13:36:34,760 [INFO] CodeEngine:345 - Generated code: C:\ST\AB_LSTM\AB_LSTM\Appli\Core\Inc\stm32n6xx_hal_conf.h
2025-08-12 13:36:34,774 [WARN] IPConfigManager:3238 - Warning: the RefConfig RCC_ConfigVoltageScaling is not available in your config.xml file
2025-08-12 13:36:34,776 [WARN] IPConfigManager:3238 - Warning: the RefConfig RCC_RTC_HSEDIV is not available in your config.xml file
2025-08-12 13:36:34,796 [INFO] CodeEngine:265 - oldGeneratedFile, C:\ST\AB_LSTM\AB_LSTM\Appli\Core\Inc\main.h_save
2025-08-12 13:36:34,876 [INFO] CodeEngine:289 - Generated code: C:\ST\AB_LSTM\AB_LSTM\Appli\Core\Inc\main.h
2025-08-12 13:36:34,884 [INFO] CodeEngine:265 - oldGeneratedFile, C:\ST\AB_LSTM\AB_LSTM\Appli\Core\Src\main.c_save
2025-08-12 13:36:35,007 [INFO] CodeEngine:289 - Generated code: C:\ST\AB_LSTM\AB_LSTM\Appli\Core\Src\main.c
2025-08-12 13:36:35,026 [INFO] CodeEngine:265 - oldGeneratedFile, C:\ST\AB_LSTM\AB_LSTM\Appli\Core\Src\secure_nsc.c_save
2025-08-12 13:36:35,162 [INFO] CodeEngine:289 - Generated code: C:\ST\AB_LSTM\AB_LSTM\Appli\Core\Src\secure_nsc.c
2025-08-12 13:36:35,176 [INFO] CodeEngine:265 - oldGeneratedFile, C:\ST\AB_LSTM\AB_LSTM\Appli\Core\Inc\partition_stm32n657xx.h_save
2025-08-12 13:36:35,298 [INFO] CodeEngine:289 - Generated code: C:\ST\AB_LSTM\AB_LSTM\Appli\Core\Inc\partition_stm32n657xx.h
2025-08-12 13:36:35,307 [INFO] CodeEngine:265 - oldGeneratedFile, C:\ST\AB_LSTM\AB_LSTM\Secure_nsclib\secure_nsc.h_save
2025-08-12 13:36:35,361 [INFO] CodeEngine:289 - Generated code: C:\ST\AB_LSTM\AB_LSTM\Secure_nsclib\secure_nsc.h
2025-08-12 13:36:35,419 [INFO] CodeGenerator:1707 - *******************Project context ExtMemLoader Not selected
2025-08-12 13:36:36,196 [INFO] ProjectBuilder:3606 - Time for Copy HAL[1] : 570mS.
2025-08-12 13:36:36,212 [INFO] ProjectBuilder:5216 - Project Generator version: 4.7.0-B52
2025-08-12 13:36:36,281 [INFO] ConfigFileManager:1595 - The Die is : DIE486
2025-08-12 13:36:42,798 [INFO] ProjectBuilder:5056 - Time for Generating toolchain IDE Files: 6585mS.
2025-08-12 13:36:42,801 [INFO] ProjectBuilder:3463 - Time for Copy CMSIS : 2mS.
2025-08-12 13:36:42,806 [INFO] ProjectBuilder:3463 - Time for Copy CMSIS : 0mS.
2025-08-12 13:37:46,389 [WARN] IpParametersView:155 - Warning: This peripheral hasn't parameters
2025-08-12 13:40:11,417 [INFO] Activator:176 - 


2025-08-12 13:40:11,418 [INFO] Activator:177 - !SESSION log4j initialized
2025-08-12 13:40:16,701 [INFO] LogOutputStream:77 - [STDOUT_REDIRECT] 
2025-08-12 13:40:19,215 [INFO] ApplicationProperties:184 - Using Application install path: C:\ST\STM32CubeIDE_1.19.0\STM32CubeIDE\plugins\com.st.stm32cube.common.mx_6.15.0.202507011659
2025-08-12 13:40:19,233 [INFO] DbMcusXml:78 - Set database path to: C:\ST\STM32CubeIDE_1.19.0\STM32CubeIDE\plugins\com.st.stm32cube.common.mx_6.15.0.202507011659\\db\/mcu/
2025-08-12 13:40:19,233 [INFO] ApiDb:274 - Set plugin database path to: C:\ST\STM32CubeIDE_1.19.0\STM32CubeIDE\plugins\com.st.stm32cube.common.mx_6.15.0.202507011659\\db\/plugins/boardmanager/
2025-08-12 13:40:19,233 [WARN] ApiDb:259 - Overriding images path with different value:  => C:\ST\STM32CubeIDE_1.19.0\STM32CubeIDE\plugins\com.st.stm32cube.common.mx_6.15.0.202507011659\\db\/plugins/mcufinder/images/
2025-08-12 13:40:19,248 [INFO] ApiDb:250 - Set database path to: C:\Users\ZOJOLDRI\.stmcufinder\plugins\mcufinder//mcu/
2025-08-12 13:40:19,249 [INFO] DbMcusAds:125 - Set database path to: C:\Users\ZOJOLDRI\.stmcufinder\plugins\mcufinder//mcu/
2025-08-12 13:40:19,251 [INFO] CrossReferenceDbSqlite:203 - Set database path to: C:\Users\ZOJOLDRI\.stmcufinder\plugins\mcufinder//mcu/cs/
2025-08-12 13:40:19,359 [INFO] RulesReader:64 - Compatibility file has been processed (317 Rules)
2025-08-12 13:40:19,451 [INFO] DbMcusXml:78 - Set database path to: C:\ST\STM32CubeIDE_1.19.0\STM32CubeIDE\plugins\com.st.stm32cube.common.mx_6.15.0.202507011659\\db\/mcu/
2025-08-12 13:40:19,451 [INFO] ApiDb:274 - Set plugin database path to: C:\ST\STM32CubeIDE_1.19.0\STM32CubeIDE\plugins\com.st.stm32cube.common.mx_6.15.0.202507011659\\db\/plugins/boardmanager/
2025-08-12 13:40:19,452 [INFO] ApiDb:261 - Set plugin images path to: C:\ST\STM32CubeIDE_1.19.0\STM32CubeIDE\plugins\com.st.stm32cube.common.mx_6.15.0.202507011659\\db\/plugins/mcufinder/images/
2025-08-12 13:40:19,452 [WARN] DbFile:41 - Overriding database path with different value: C:\Users\ZOJOLDRI\.stmcufinder\plugins\mcufinder/ => C:\Users\ZOJOLDRI\.stmcufinder\plugins\mcufinder
2025-08-12 13:40:19,452 [INFO] ApiDb:250 - Set database path to: C:\Users\ZOJOLDRI\.stmcufinder\plugins\mcufinder//mcu/
2025-08-12 13:40:19,452 [WARN] DbFile:41 - Overriding database path with different value: C:\Users\ZOJOLDRI\.stmcufinder\plugins\mcufinder/ => C:\Users\ZOJOLDRI\.stmcufinder\plugins\mcufinder
2025-08-12 13:40:19,452 [INFO] DbMcusAds:125 - Set database path to: C:\Users\ZOJOLDRI\.stmcufinder\plugins\mcufinder//mcu/
2025-08-12 13:40:19,452 [WARN] DbFile:41 - Overriding database path with different value: C:\Users\ZOJOLDRI\.stmcufinder\plugins\mcufinder/ => C:\Users\ZOJOLDRI\.stmcufinder\plugins\mcufinder
2025-08-12 13:40:19,452 [WARN] DbFile:41 - Overriding database path with different value: C:\Users\ZOJOLDRI\.stmcufinder\plugins\mcufinder/ => C:\Users\ZOJOLDRI\.stmcufinder\plugins\mcufinder
2025-08-12 13:40:19,452 [INFO] CrossReferenceDbSqlite:203 - Set database path to: C:\Users\ZOJOLDRI\.stmcufinder\plugins\mcufinder//mcu/cs/
2025-08-12 13:40:19,531 [INFO] MainPanel:274 - HeapMemory: 276824064
2025-08-12 13:40:19,669 [INFO] DbMcusXml:78 - Set database path to: C:\ST\STM32CubeIDE_1.19.0\STM32CubeIDE\plugins\com.st.stm32cube.common.mx_6.15.0.202507011659\\db\/mcu/
2025-08-12 13:40:19,669 [INFO] ApiDb:274 - Set plugin database path to: C:\ST\STM32CubeIDE_1.19.0\STM32CubeIDE\plugins\com.st.stm32cube.common.mx_6.15.0.202507011659\\db\/plugins/boardmanager/
2025-08-12 13:40:19,669 [INFO] ApiDb:261 - Set plugin images path to: C:\ST\STM32CubeIDE_1.19.0\STM32CubeIDE\plugins\com.st.stm32cube.common.mx_6.15.0.202507011659\\db\/plugins/mcufinder/images/
2025-08-12 13:40:19,669 [WARN] DbFile:41 - Overriding database path with different value: C:\Users\ZOJOLDRI\.stmcufinder\plugins\mcufinder/ => C:\Users\ZOJOLDRI\.stmcufinder\plugins\mcufinder
2025-08-12 13:40:19,669 [INFO] ApiDb:250 - Set database path to: C:\Users\ZOJOLDRI\.stmcufinder\plugins\mcufinder//mcu/
2025-08-12 13:40:19,669 [WARN] DbFile:41 - Overriding database path with different value: C:\Users\ZOJOLDRI\.stmcufinder\plugins\mcufinder/ => C:\Users\ZOJOLDRI\.stmcufinder\plugins\mcufinder
2025-08-12 13:40:19,669 [INFO] DbMcusAds:125 - Set database path to: C:\Users\ZOJOLDRI\.stmcufinder\plugins\mcufinder//mcu/
2025-08-12 13:40:19,669 [WARN] DbFile:41 - Overriding database path with different value: C:\Users\ZOJOLDRI\.stmcufinder\plugins\mcufinder/ => C:\Users\ZOJOLDRI\.stmcufinder\plugins\mcufinder
2025-08-12 13:40:19,670 [WARN] DbFile:41 - Overriding database path with different value: C:\Users\ZOJOLDRI\.stmcufinder\plugins\mcufinder/ => C:\Users\ZOJOLDRI\.stmcufinder\plugins\mcufinder
2025-08-12 13:40:19,670 [INFO] CrossReferenceDbSqlite:203 - Set database path to: C:\Users\ZOJOLDRI\.stmcufinder\plugins\mcufinder//mcu/cs/
2025-08-12 13:40:19,688 [INFO] ApplicationProperties:184 - Using Application install path: C:\ST\STM32CubeIDE_1.19.0\STM32CubeIDE\plugins\com.st.stm32cube.common.mx_6.15.0.202507011659
2025-08-12 13:40:19,690 [INFO] PluginManage:196 - Search for loadable plugins [exclusion list=, ]
2025-08-12 13:40:19,691 [INFO] PluginManage:310 - Check plugin analytics
2025-08-12 13:40:19,894 [INFO] AnalyticsPlugin:253 - Accepted Software Licenses: STM32CubeMX.6.15.0
2025-08-12 13:40:19,895 [INFO] AnalyticsPlugin:255 - Accepted CMSIS Pack Licenses: STMicroelectronics.X-CUBE-AI.10.1.0,STMicroelectronics.X-CUBE-AI.10.2.0
2025-08-12 13:40:19,895 [INFO] AnalyticsPlugin:257 - Accepted Firmware Licenses: FW.L4.1.18.0,FW.F7.1.17.0,FW.N6.1.0.0,FW.N6.1.1.0,FW.N6.1.2.0
2025-08-12 13:40:19,901 [INFO] PluginManage:359 - Loaded plugin analytics (category:tool,tabindex:-1)
2025-08-12 13:40:19,901 [INFO] PluginManage:310 - Check plugin cadmodel
2025-08-12 13:40:19,921 [INFO] CADModel:105 - Init CAD model plugin
2025-08-12 13:40:19,922 [INFO] PluginManage:359 - Loaded plugin cadmodel (category:power,tabindex:5)
2025-08-12 13:40:19,922 [INFO] PluginManage:310 - Check plugin clock
2025-08-12 13:40:19,948 [INFO] PluginManage:359 - Loaded plugin clock (category:base,tabindex:2)
2025-08-12 13:40:19,948 [INFO] PluginManage:310 - Check plugin ddr
2025-08-12 13:40:19,951 [INFO] PluginManage:359 - Loaded plugin ddr (category:tool,tabindex:6)
2025-08-12 13:40:19,951 [INFO] PluginManage:310 - Check plugin filemanager
2025-08-12 13:40:20,105 [INFO] PluginManage:359 - Loaded plugin filemanager (category:base,tabindex:10)
2025-08-12 13:40:20,105 [INFO] PluginManage:310 - Check plugin ipmanager
2025-08-12 13:40:20,113 [INFO] PluginManage:359 - Loaded plugin ipmanager (category:base,tabindex:5)
2025-08-12 13:40:20,113 [INFO] PluginManage:310 - Check plugin lpbam
2025-08-12 13:40:20,137 [INFO] PluginManage:359 - Loaded plugin lpbam (category:base,tabindex:0)
2025-08-12 13:40:20,137 [INFO] PluginManage:310 - Check plugin memorymap
2025-08-12 13:40:20,167 [INFO] PluginManage:359 - Loaded plugin memorymap (category:base,tabindex:4)
2025-08-12 13:40:20,168 [INFO] PluginManage:310 - Check plugin pinoutandconfiguration
2025-08-12 13:40:20,194 [INFO] PluginManage:359 - Loaded plugin pinoutandconfiguration (category:base,tabindex:1)
2025-08-12 13:40:20,195 [INFO] PluginManage:310 - Check plugin pinoutconfig
2025-08-12 13:40:20,328 [WARN] SupportedApi:132 - Cannot load RTOS API schema: s4s-elt-must-match.1: The content of 'definitions' must match (annotation?, (simpleType | complexType)?, (unique | key | keyref)*)). A problem was found starting at: attribute.
2025-08-12 13:40:20,535 [INFO] PluginManage:359 - Loaded plugin pinoutconfig (category:base,tabindex:0)
2025-08-12 13:40:20,535 [INFO] PluginManage:310 - Check plugin power
2025-08-12 13:40:20,560 [INFO] PluginManage:359 - Loaded plugin power (category:power,tabindex:4)
2025-08-12 13:40:20,560 [INFO] PluginManage:310 - Check plugin projectmanager
2025-08-12 13:40:20,580 [INFO] PluginManage:359 - Loaded plugin projectmanager (category:projectmanager,tabindex:4)
2025-08-12 13:40:20,580 [INFO] PluginManage:310 - Check plugin rif
2025-08-12 13:40:20,604 [INFO] PluginManage:359 - Loaded plugin rif (category:base,tabindex:3)
2025-08-12 13:40:20,604 [INFO] PluginManage:310 - Check plugin thirdparty
2025-08-12 13:40:20,900 [INFO] PluginManage:359 - Loaded plugin thirdparty (category:base,tabindex:-1)
2025-08-12 13:40:20,900 [WARN] IntegrityCheckThread:84 - waiting for thirdparty lock release [integrity check]
2025-08-12 13:40:20,900 [INFO] IntegrityCheckThread:86 - entering critical section [integrity check]
2025-08-12 13:40:20,900 [INFO] PluginManage:310 - Check plugin tools
2025-08-12 13:40:20,901 [INFO] ThirdPartyUpdaterWithRetryManager:70 - Updater plugin not ready yet. [1/15]
2025-08-12 13:40:20,943 [INFO] PluginManage:359 - Loaded plugin tools (category:base,tabindex:7)
2025-08-12 13:40:20,943 [INFO] PluginManage:310 - Check plugin tutovideos
2025-08-12 13:40:21,145 [INFO] PluginManage:359 - Loaded plugin tutovideos (category:base,tabindex:-1)
2025-08-12 13:40:21,145 [INFO] PluginManage:310 - Check plugin updater
2025-08-12 13:40:21,163 [INFO] PluginManage:359 - Loaded plugin updater (category:base,tabindex:12)
2025-08-12 13:40:21,164 [INFO] PluginManage:310 - Check plugin userauth
2025-08-12 13:40:21,167 [INFO] UserAuth:118 - Init User Auth plugin
2025-08-12 13:40:21,168 [INFO] PluginManage:359 - Loaded plugin userauth (category:base,tabindex:14)
2025-08-12 13:40:21,168 [INFO] PluginManage:283 - PluginManage : Loaded plugins [18]
2025-08-12 13:40:21,360 [INFO] PinOutPanel:1589 - setPackage(No Configuration,No Configuration)
2025-08-12 13:40:21,484 [INFO] CADModel:165 - CPN selected for project level
2025-08-12 13:40:21,485 [INFO] CADModel:114 - Register for checkConnection events
2025-08-12 13:40:21,517 [INFO] IPUIPlugin:80 - create IPUIPlugin
2025-08-12 13:40:21,517 [INFO] PluginManager:220 - loadIPPluginJar : add adc
2025-08-12 13:40:21,558 [INFO] IPUIPlugin:80 - create IPUIPlugin
2025-08-12 13:40:21,558 [INFO] PluginManager:220 - loadIPPluginJar : add aes
2025-08-12 13:40:21,601 [INFO] IPUIPlugin:80 - create IPUIPlugin
2025-08-12 13:40:21,601 [INFO] PluginManager:220 - loadIPPluginJar : add can
2025-08-12 13:40:21,627 [INFO] IPUIPlugin:80 - create IPUIPlugin
2025-08-12 13:40:21,627 [INFO] PluginManager:220 - loadIPPluginJar : add comp
2025-08-12 13:40:21,663 [INFO] IPUIPlugin:80 - create IPUIPlugin
2025-08-12 13:40:21,663 [INFO] PluginManager:220 - loadIPPluginJar : add cryp
2025-08-12 13:40:21,678 [INFO] IPUIPlugin:80 - create IPUIPlugin
2025-08-12 13:40:21,679 [INFO] PluginManager:220 - loadIPPluginJar : add ddr_ctrl_phy
2025-08-12 13:40:21,716 [INFO] IPUIPlugin:80 - create IPUIPlugin
2025-08-12 13:40:21,716 [INFO] PluginManager:220 - loadIPPluginJar : add dfsdm
2025-08-12 13:40:21,733 [INFO] IPUIPlugin:80 - create IPUIPlugin
2025-08-12 13:40:21,734 [INFO] PluginManager:220 - loadIPPluginJar : add dma
2025-08-12 13:40:21,779 [INFO] IPUIPlugin:80 - create IPUIPlugin
2025-08-12 13:40:21,779 [INFO] PluginManager:220 - loadIPPluginJar : add dma3
2025-08-12 13:40:21,828 [INFO] IPUIPlugin:80 - create IPUIPlugin
2025-08-12 13:40:21,828 [INFO] PluginManager:220 - loadIPPluginJar : add extmemmanager
2025-08-12 13:40:21,853 [INFO] IPUIPlugin:80 - create IPUIPlugin
2025-08-12 13:40:21,853 [INFO] PluginManager:220 - loadIPPluginJar : add fatfs
2025-08-12 13:40:21,905 [INFO] IPUIPlugin:80 - create IPUIPlugin
2025-08-12 13:40:21,905 [INFO] PluginManager:220 - loadIPPluginJar : add fmc
2025-08-12 13:40:21,923 [INFO] IPUIPlugin:80 - create IPUIPlugin
2025-08-12 13:40:21,923 [INFO] PluginManager:220 - loadIPPluginJar : add freertos
2025-08-12 13:40:21,948 [INFO] IPUIPlugin:80 - create IPUIPlugin
2025-08-12 13:40:21,948 [INFO] PluginManager:220 - loadIPPluginJar : add genericplugin
2025-08-12 13:40:22,041 [INFO] IPUIPlugin:80 - create IPUIPlugin
2025-08-12 13:40:22,041 [INFO] PluginManager:220 - loadIPPluginJar : add gfxmmu
2025-08-12 13:40:22,166 [INFO] IPUIPlugin:80 - create IPUIPlugin
2025-08-12 13:40:22,166 [INFO] PluginManager:220 - loadIPPluginJar : add gic
2025-08-12 13:40:22,181 [INFO] IPUIPlugin:80 - create IPUIPlugin
2025-08-12 13:40:22,181 [INFO] PluginManager:220 - loadIPPluginJar : add gpio
2025-08-12 13:40:22,267 [INFO] IPUIPlugin:80 - create IPUIPlugin
2025-08-12 13:40:22,267 [INFO] PluginManager:220 - loadIPPluginJar : add gtzc
2025-08-12 13:40:22,303 [INFO] IPUIPlugin:80 - create IPUIPlugin
2025-08-12 13:40:22,303 [INFO] PluginManager:220 - loadIPPluginJar : add hash
2025-08-12 13:40:22,355 [INFO] IPUIPlugin:80 - create IPUIPlugin
2025-08-12 13:40:22,355 [INFO] PluginManager:220 - loadIPPluginJar : add i2c
2025-08-12 13:40:22,405 [INFO] IPUIPlugin:80 - create IPUIPlugin
2025-08-12 13:40:22,405 [INFO] PluginManager:220 - loadIPPluginJar : add i2s
2025-08-12 13:40:22,456 [INFO] IPUIPlugin:80 - create IPUIPlugin
2025-08-12 13:40:22,456 [INFO] PluginManager:220 - loadIPPluginJar : add i3c
2025-08-12 13:40:22,565 [INFO] IPUIPlugin:80 - create IPUIPlugin
2025-08-12 13:40:22,565 [INFO] PluginManager:220 - loadIPPluginJar : add ipddr
2025-08-12 13:40:22,653 [INFO] IPUIPlugin:80 - create IPUIPlugin
2025-08-12 13:40:22,654 [INFO] PluginManager:220 - loadIPPluginJar : add linkedlist
2025-08-12 13:40:22,690 [INFO] IPUIPlugin:80 - create IPUIPlugin
2025-08-12 13:40:22,690 [INFO] PluginManager:220 - loadIPPluginJar : add lorawan
2025-08-12 13:40:22,735 [INFO] IPUIPlugin:80 - create IPUIPlugin
2025-08-12 13:40:22,735 [INFO] PluginManager:220 - loadIPPluginJar : add ltdc
2025-08-12 13:40:22,752 [INFO] IPUIPlugin:80 - create IPUIPlugin
2025-08-12 13:40:22,752 [INFO] PluginManager:220 - loadIPPluginJar : add mdma
2025-08-12 13:40:22,764 [INFO] IPUIPlugin:80 - create IPUIPlugin
2025-08-12 13:40:22,764 [INFO] PluginManager:220 - loadIPPluginJar : add nvic
2025-08-12 13:40:22,805 [INFO] IPUIPlugin:80 - create IPUIPlugin
2025-08-12 13:40:22,805 [INFO] PluginManager:220 - loadIPPluginJar : add opamp
2025-08-12 13:40:22,869 [INFO] IPUIPlugin:80 - create IPUIPlugin
2025-08-12 13:40:22,869 [INFO] PluginManager:220 - loadIPPluginJar : add openamp
2025-08-12 13:40:22,914 [INFO] IPUIPlugin:80 - create IPUIPlugin
2025-08-12 13:40:22,914 [INFO] PluginManager:220 - loadIPPluginJar : add pdm2pcm
2025-08-12 13:40:22,928 [INFO] IPUIPlugin:80 - create IPUIPlugin
2025-08-12 13:40:22,930 [INFO] PluginManager:220 - loadIPPluginJar : add plateformsettings
2025-08-12 13:40:22,958 [INFO] IPUIPlugin:80 - create IPUIPlugin
2025-08-12 13:40:22,958 [INFO] PluginManager:220 - loadIPPluginJar : add quadspi
2025-08-12 13:40:22,986 [INFO] IPUIPlugin:80 - create IPUIPlugin
2025-08-12 13:40:22,986 [INFO] PluginManager:220 - loadIPPluginJar : add radio
2025-08-12 13:40:23,002 [INFO] IPUIPlugin:80 - create IPUIPlugin
2025-08-12 13:40:23,002 [INFO] PluginManager:220 - loadIPPluginJar : add resmgrutility
2025-08-12 13:40:23,046 [INFO] IPUIPlugin:80 - create IPUIPlugin
2025-08-12 13:40:23,046 [INFO] PluginManager:220 - loadIPPluginJar : add sai
2025-08-12 13:40:23,089 [INFO] IPUIPlugin:80 - create IPUIPlugin
2025-08-12 13:40:23,089 [INFO] PluginManager:220 - loadIPPluginJar : add spi
2025-08-12 13:40:23,155 [INFO] IPUIPlugin:80 - create IPUIPlugin
2025-08-12 13:40:23,155 [INFO] PluginManager:220 - loadIPPluginJar : add stm32_wpan
2025-08-12 13:40:23,183 [INFO] IPUIPlugin:80 - create IPUIPlugin
2025-08-12 13:40:23,183 [INFO] PluginManager:220 - loadIPPluginJar : add tim
2025-08-12 13:40:23,240 [INFO] IPUIPlugin:80 - create IPUIPlugin
2025-08-12 13:40:23,240 [INFO] PluginManager:220 - loadIPPluginJar : add touchsensing
2025-08-12 13:40:23,264 [INFO] IPUIPlugin:80 - create IPUIPlugin
2025-08-12 13:40:23,265 [INFO] PluginManager:220 - loadIPPluginJar : add tracer_emb
2025-08-12 13:40:23,293 [INFO] IPUIPlugin:80 - create IPUIPlugin
2025-08-12 13:40:23,293 [INFO] PluginManager:220 - loadIPPluginJar : add ts
2025-08-12 13:40:23,320 [INFO] IPUIPlugin:80 - create IPUIPlugin
2025-08-12 13:40:23,320 [INFO] PluginManager:220 - loadIPPluginJar : add tsc
2025-08-12 13:40:23,344 [INFO] IPUIPlugin:80 - create IPUIPlugin
2025-08-12 13:40:23,344 [INFO] PluginManager:220 - loadIPPluginJar : add ucpd
2025-08-12 13:40:23,387 [INFO] IPUIPlugin:80 - create IPUIPlugin
2025-08-12 13:40:23,388 [INFO] PluginManager:220 - loadIPPluginJar : add usart
2025-08-12 13:40:23,432 [INFO] IPUIPlugin:80 - create IPUIPlugin
2025-08-12 13:40:23,432 [INFO] PluginManager:220 - loadIPPluginJar : add usbx
2025-08-12 13:40:23,547 [FATAL] Updater:351 - Updater called before beeing initialized
2025-08-12 13:40:23,572 [INFO] RulesReader:64 - Compatibility file has been processed (317 Rules)
2025-08-12 13:40:23,584 [INFO] RulesReader:64 - Compatibility file has been processed (317 Rules)
2025-08-12 13:40:23,601 [INFO] CADModel:165 - CPN selected for project level
2025-08-12 13:40:23,601 [INFO] CADModel:114 - Register for checkConnection events
2025-08-12 13:40:23,601 [FATAL] Updater:351 - Updater called before beeing initialized
2025-08-12 13:40:23,601 [ERROR] CADModel:125 - Updater not yet initialized, retry later 
2025-08-12 13:40:23,736 [FATAL] Updater:351 - Updater called before beeing initialized
2025-08-12 13:40:23,737 [INFO] CADModel:165 - CPN selected for project level
2025-08-12 13:40:23,737 [INFO] CADModel:114 - Register for checkConnection events
2025-08-12 13:40:23,737 [FATAL] Updater:351 - Updater called before beeing initialized
2025-08-12 13:40:23,737 [ERROR] CADModel:125 - Updater not yet initialized, retry later 
2025-08-12 13:40:23,740 [FATAL] Updater:351 - Updater called before beeing initialized
2025-08-12 13:40:23,861 [FATAL] Updater:351 - Updater called before beeing initialized
2025-08-12 13:40:23,870 [INFO] DbMcusAds:53 - JSON generation date=Tue Jul 08 10:14:23 CEST 2025 (1751962463582)
2025-08-12 13:40:23,870 [FATAL] Updater:351 - Updater called before beeing initialized
2025-08-12 13:40:23,899 [WARN] DetailPanel:346 - Failed to get advertising image, set to default
2025-08-12 13:40:23,902 [INFO] ThirdPartyUpdaterWithRetryManager:70 - Updater plugin not ready yet. [2/15]
2025-08-12 13:40:23,994 [FATAL] Updater:351 - Updater called before beeing initialized
2025-08-12 13:40:23,995 [FATAL] Updater:351 - Updater called before beeing initialized
2025-08-12 13:40:23,996 [FATAL] Updater:351 - Updater called before beeing initialized
2025-08-12 13:40:23,996 [WARN] DetailPanel:346 - Failed to get advertising image, set to default
2025-08-12 13:40:23,996 [FATAL] Updater:351 - Updater called before beeing initialized
2025-08-12 13:40:24,046 [ERROR] Updater:1198 - MainUpdater not yet initialized. External WinMGr cannot be set.
2025-08-12 13:40:24,056 [INFO] Updater:1134 - Updater Version found : 6.15.0
2025-08-12 13:40:24,070 [INFO] ApplicationProperties:184 - Using Application install path: C:\ST\STM32CubeIDE_1.19.0\STM32CubeIDE\plugins\com.st.stm32cube.common.mx_6.15.0.202507011659
2025-08-12 13:40:24,497 [INFO] MainUpdater:2872 - connection check result : 10
2025-08-12 13:40:24,497 [INFO] MainUpdater:289 - Updater Check For Update Now.
2025-08-12 13:40:24,498 [INFO] MicroXplorer:498 - Change Database Version : DB.6.0.150
2025-08-12 13:40:24,515 [INFO] McuFinderGlobals:63 - Set McuFinder mode to 2 (CubeIDE integrated)
2025-08-12 13:40:24,515 [INFO] UserAuth:171 - activating auth plugin
2025-08-12 13:40:24,518 [INFO] UserAuth:487 - Internet connection configuration mode: 1
2025-08-12 13:40:24,558 [INFO] JxBrowserEngine:152 - Initiate JxBrowser Engine with user profile folder
2025-08-12 13:40:24,708 [INFO] CheckServerUpdateThread:120 - End of CheckServer Thread
2025-08-12 13:40:25,179 [INFO] WebApp:169 - Instantiating new browser for Auth
2025-08-12 13:40:25,822 [INFO] WebApp:463 - Apply proxy settings
2025-08-12 13:40:25,823 [INFO] WebApp:548 - Chromium requires no authentication
2025-08-12 13:40:25,831 [INFO] WebApp:491 - Direct internet connection detected
2025-08-12 13:40:25,851 [INFO] WebApp:900 - Register for checkConnection events
2025-08-12 13:40:25,851 [INFO] WebApp:463 - Apply proxy settings
2025-08-12 13:40:25,851 [INFO] WebApp:548 - Chromium requires no authentication
2025-08-12 13:40:25,851 [INFO] WebApp:491 - Direct internet connection detected
2025-08-12 13:40:25,985 [INFO] WebApp:225 - Starting web application
2025-08-12 13:40:25,986 [INFO] WebApp:593 - Web application path used C:\ST\STM32CubeIDE_1.19.0\STM32CubeIDE\plugins\com.st.stm32cube.common.mx_6.15.0.202507011659\db\plugins\mcufinder\reactClient1\index.html
2025-08-12 13:40:26,186 [INFO] WebApp:191 - Connection restablished
2025-08-12 13:40:27,112 [WARN] PackLoader:240 - Cannot read IP mode file for STMicroelectronics.FP-SNS-MOTENVWB1.1.4.0
2025-08-12 13:40:27,129 [WARN] PackLoader:240 - Cannot read IP mode file for STMicroelectronics.FP-ATR-ASTRA1.2.0.2
2025-08-12 13:40:27,147 [WARN] PackLoader:240 - Cannot read IP mode file for STMicroelectronics.X-CUBE-SMBUS.2.1.0
2025-08-12 13:40:27,160 [WARN] PackLoader:240 - Cannot read IP mode file for STMicroelectronics.X-CUBE-ST60.1.0.0
2025-08-12 13:40:27,190 [WARN] PackLoader:240 - Cannot read IP mode file for STMicroelectronics.X-CUBE-AZRTOS-F7.1.1.0
2025-08-12 13:40:27,226 [WARN] PackLoader:240 - Cannot read IP mode file for Infineon.AIROC-Wi-Fi-Bluetooth-STM32.1.7.1
2025-08-12 13:40:27,260 [WARN] PackLoader:240 - Cannot read IP mode file for STMicroelectronics.X-CUBE-AZRTOS-H7.3.4.0
2025-08-12 13:40:27,278 [WARN] PackLoader:240 - Cannot read IP mode file for STMicroelectronics.X-CUBE-DISPLAY.3.0.0
2025-08-12 13:40:27,295 [WARN] PackLoader:240 - Cannot read IP mode file for STMicroelectronics.X-CUBE-NFC10.1.0.0
2025-08-12 13:40:27,309 [WARN] PackLoader:240 - Cannot read IP mode file for emotas.I-CUBE-CANOPEN.1.3.0
2025-08-12 13:40:27,325 [WARN] PackLoader:240 - Cannot read IP mode file for STMicroelectronics.FP-SNS-STBOX1.2.1.0
2025-08-12 13:40:27,341 [WARN] PackLoader:240 - Cannot read IP mode file for STMicroelectronics.FP-SNS-SMARTAG2.1.2.0
2025-08-12 13:40:27,356 [WARN] PackLoader:240 - Cannot read IP mode file for STMicroelectronics.FP-SNS-FLIGHT1.5.1.0
2025-08-12 13:40:27,375 [INFO] LogOutputStream:77 - [STDOUT_REDIRECT] 1 : Invalid condition id : UX_CORESTACK_Condition cause : null
2025-08-12 13:40:27,376 [INFO] LogOutputStream:77 - [STDOUT_REDIRECT] 1 : Invalid condition id : UX_CORESTACK_Condition cause : null
2025-08-12 13:40:27,376 [INFO] LogOutputStream:77 - [STDOUT_REDIRECT] 1 : Invalid condition id : UX_CORESTACK_Condition cause : null
2025-08-12 13:40:27,377 [INFO] LogOutputStream:77 - [STDOUT_REDIRECT] 1 : Invalid condition id : UX_CORESTACK_Condition cause : null
2025-08-12 13:40:27,378 [INFO] LogOutputStream:77 - [STDOUT_REDIRECT] 1 : Invalid condition id : UX_CORESTACK_Condition cause : null
2025-08-12 13:40:27,381 [WARN] PackLoader:240 - Cannot read IP mode file for STMicroelectronics.X-CUBE-AZRTOS-WL.2.0.0
2025-08-12 13:40:27,398 [WARN] PackLoader:240 - Cannot read IP mode file for STMicroelectronics.FP-SNS-MOTENV1.5.0.0
2025-08-12 13:40:27,416 [WARN] PackLoader:240 - Cannot read IP mode file for WES.I-CUBE-Cesium.1.3.0
2025-08-12 13:40:27,432 [WARN] PackLoader:240 - Cannot read IP mode file for STMicroelectronics.X-CUBE-BLE2.3.3.0
2025-08-12 13:40:27,449 [WARN] PackLoader:240 - Cannot read IP mode file for STMicroelectronics.X-CUBE-NFC9.1.0.0
2025-08-12 13:40:27,463 [WARN] PackLoader:240 - Cannot read IP mode file for wolfSSL.I-CUBE-wolfSSL.5.8.0
2025-08-12 13:40:27,478 [WARN] PackLoader:240 - Cannot read IP mode file for STMicroelectronics.X-CUBE-BLE1.7.1.0
2025-08-12 13:40:27,492 [WARN] PackLoader:240 - Cannot read IP mode file for wolfSSL.I-CUBE-wolfMQTT.1.19.2
2025-08-12 13:40:27,521 [WARN] PackLoader:240 - Cannot read IP mode file for STMicroelectronics.X-CUBE-EEPRMA1.5.2.0
2025-08-12 13:40:27,556 [WARN] PackLoader:240 - Cannot read IP mode file for STMicroelectronics.X-CUBE-AI.10.1.0
2025-08-12 13:40:27,676 [WARN] PackLoader:240 - Cannot read IP mode file for STMicroelectronics.X-CUBE-AZRTOS-G0.1.1.0
2025-08-12 13:40:27,694 [WARN] PackLoader:240 - Cannot read IP mode file for STMicroelectronics.X-CUBE-SAFEA1.1.2.2
2025-08-12 13:40:27,718 [WARN] PackLoader:240 - Cannot read IP mode file for STMicroelectronics.X-CUBE-NFC4.3.0.0
2025-08-12 13:40:27,742 [WARN] PackLoader:240 - Cannot read IP mode file for EmbeddedOffice.I-CUBE-FS-RTOS.1.0.1
2025-08-12 13:40:27,760 [WARN] PackLoader:240 - Cannot read IP mode file for STMicroelectronics.X-CUBE-WB05N.2.0.0
2025-08-12 13:40:27,776 [WARN] PackLoader:240 - Cannot read IP mode file for wolfSSL.I-CUBE-wolfTPM.3.8.0
2025-08-12 13:40:27,792 [WARN] PackLoader:240 - Cannot read IP mode file for STMicroelectronics.X-CUBE-TCPP.4.2.0
2025-08-12 13:40:27,808 [WARN] PackLoader:240 - Cannot read IP mode file for RealThread.X-CUBE-RT-Thread_Nano.4.1.1
2025-08-12 13:40:27,822 [WARN] PackLoader:240 - Cannot read IP mode file for STMicroelectronics.FP-ATR-SIGFOX1.3.2.0
2025-08-12 13:40:27,839 [WARN] PackLoader:240 - Cannot read IP mode file for ITTIA_DB.I-CUBE-ITTIADB.8.9.0
2025-08-12 13:40:27,854 [WARN] PackLoader:240 - Cannot read IP mode file for STMicroelectronics.X-CUBE-ST67W61.1.0.0
2025-08-12 13:40:27,872 [WARN] PackLoader:240 - Cannot read IP mode file for STMicroelectronics.X-CUBE-AI.10.2.0
2025-08-12 13:40:27,950 [WARN] PackLoader:240 - Cannot read IP mode file for SEGGER.I-CUBE-embOS.1.3.1
2025-08-12 13:40:27,983 [WARN] PackLoader:240 - Cannot read IP mode file for STMicroelectronics.X-CUBE-ALGOBUILD.1.4.0
2025-08-12 13:40:28,023 [WARN] PackLoader:240 - Cannot read IP mode file for STMicroelectronics.X-CUBE-MEMS1.11.3.0
2025-08-12 13:40:28,103 [WARN] PackLoader:240 - Cannot read IP mode file for STMicroelectronics.X-CUBE-PM33A1.1.0.0
2025-08-12 13:40:28,130 [WARN] PackLoader:240 - Cannot read IP mode file for STMicroelectronics.X-CUBE-AZRTOS-F4.1.1.0
2025-08-12 13:40:28,146 [WARN] PackLoader:240 - Cannot read IP mode file for Avnet-IotConnect.X-CUBE-IoTC-DA16k-PMOD.1.0.0
2025-08-12 13:40:28,160 [WARN] PackLoader:240 - Cannot read IP mode file for STMicroelectronics.X-CUBE-ISPU.2.1.0
2025-08-12 13:40:28,175 [WARN] PackLoader:240 - Cannot read IP mode file for STMicroelectronics.X-CUBE-NFC12.1.0.0
2025-08-12 13:40:28,204 [WARN] PackLoader:240 - Cannot read IP mode file for STMicroelectronics.X-CUBE-AZRTOS-L5.2.0.0
2025-08-12 13:40:28,222 [WARN] PackLoader:240 - Cannot read IP mode file for STMicroelectronics.X-CUBE-NFC6.3.1.0
2025-08-12 13:40:28,238 [WARN] PackLoader:240 - Cannot read IP mode file for STMicroelectronics.X-CUBE-FREERTOS.1.3.1
2025-08-12 13:40:28,252 [WARN] PackLoader:240 - Cannot read IP mode file for STMicroelectronics.FP-SNS-STAIOTCFT.1.0.0
2025-08-12 13:40:28,265 [WARN] PackLoader:240 - Cannot read IP mode file for STMicroelectronics.X-CUBE-DPower.1.3.0
2025-08-12 13:40:28,288 [WARN] ConditionMgr:438 - getConditionDescription Invalid condition id : LAN8742 Phy interface Condition cause : null
2025-08-12 13:40:28,289 [WARN] PackLoader:240 - Cannot read IP mode file for STMicroelectronics.X-CUBE-AZRTOS-L4.2.0.0
2025-08-12 13:40:28,289 [WARN] ConditionMgr:1044 - genDependencies : Invalid condition id : LAN8742 Phy interface Condition cause : null
2025-08-12 13:40:28,289 [WARN] ConditionMgr:1044 - genDependencies : Invalid condition id : LAN8742 Phy interface Condition cause : null
2025-08-12 13:40:28,289 [WARN] ConditionMgr:1044 - genDependencies : Invalid condition id : LAN8742 Phy interface Condition cause : null
2025-08-12 13:40:28,307 [WARN] PackLoader:240 - Cannot read IP mode file for STMicroelectronics.X-CUBE-SFXS2LP1.4.0.0
2025-08-12 13:40:28,326 [WARN] PackLoader:240 - Cannot read IP mode file for STMicroelectronics.X-CUBE-BLEMGR.4.1.0
2025-08-12 13:40:28,353 [WARN] ConditionMgr:438 - getConditionDescription Invalid condition id : UX DEVICE CLASS RTOS Condition cause : null
2025-08-12 13:40:28,353 [WARN] ConditionMgr:438 - getConditionDescription Invalid condition id : UX DEVICE CLASS RTOS Condition cause : null
2025-08-12 13:40:28,354 [WARN] PackLoader:240 - Cannot read IP mode file for STMicroelectronics.X-CUBE-AZRTOS-WB.2.0.0
2025-08-12 13:40:28,354 [WARN] ConditionMgr:1044 - genDependencies : Invalid condition id : UX DEVICE CLASS RTOS Condition cause : null
2025-08-12 13:40:28,355 [WARN] ConditionMgr:1044 - genDependencies : Invalid condition id : UX DEVICE CLASS RTOS Condition cause : null
2025-08-12 13:40:28,355 [WARN] ConditionMgr:1044 - genDependencies : Invalid condition id : UX DEVICE CLASS RTOS Condition cause : null
2025-08-12 13:40:28,355 [WARN] ConditionMgr:1044 - genDependencies : Invalid condition id : UX DEVICE CLASS RTOS Condition cause : null
2025-08-12 13:40:28,355 [WARN] ConditionMgr:1044 - genDependencies : Invalid condition id : UX DEVICE CLASS RTOS Condition cause : null
2025-08-12 13:40:28,373 [WARN] PackLoader:240 - Cannot read IP mode file for STMicroelectronics.X-CUBE-GNSS1.7.0.1
2025-08-12 13:40:28,389 [WARN] PackLoader:240 - Cannot read IP mode file for STMicroelectronics.X-CUBE-TOUCHGFX.4.25.0
2025-08-12 13:40:28,402 [WARN] PackLoader:240 - Cannot read IP mode file for STMicroelectronics.FP-SNS-STBOX1.2.0.0
2025-08-12 13:40:28,425 [WARN] ConditionMgr:438 - getConditionDescription Invalid condition id : Cortex-A Device cause : null
2025-08-12 13:40:28,441 [WARN] ConditionMgr:1044 - genDependencies : Invalid condition id : Cortex-A Device cause : null
2025-08-12 13:40:28,441 [WARN] ConditionMgr:1044 - genDependencies : Invalid condition id : Cortex-A Device cause : null
2025-08-12 13:40:28,441 [WARN] ConditionMgr:1044 - genDependencies : Invalid condition id : Cortex-A Device cause : null
2025-08-12 13:40:28,471 [WARN] PackLoader:240 - Cannot read IP mode file for STMicroelectronics.X-CUBE-SUBG2.5.0.0
2025-08-12 13:40:28,506 [WARN] PackLoader:240 - Cannot read IP mode file for STMicroelectronics.X-CUBE-AZRTOS-H7RS.1.1.0
2025-08-12 13:40:28,527 [WARN] PackLoader:240 - Cannot read IP mode file for Cesanta.I-CUBE-Mongoose.7.13.0
2025-08-12 13:40:28,559 [WARN] PackLoader:240 - Cannot read IP mode file for STMicroelectronics.X-CUBE-AZRTOS-G4.2.0.0
2025-08-12 13:40:28,578 [WARN] PackLoader:240 - Cannot read IP mode file for wolfSSL.I-CUBE-wolfSSH.1.4.20
2025-08-12 13:40:28,593 [WARN] PackLoader:240 - Cannot read IP mode file for STMicroelectronics.X-CUBE-NFC7.2.0.0
2025-08-12 13:40:28,614 [WARN] PackLoader:240 - Cannot read IP mode file for STMicroelectronics.X-CUBE-IPS.3.1.0
2025-08-12 13:40:28,634 [WARN] PackLoader:240 - Cannot read IP mode file for STMicroelectronics.X-CUBE-ALS.1.0.2
2025-08-12 13:40:28,651 [WARN] PackLoader:240 - Cannot read IP mode file for portGmbH.I-Cube-SoM-uGOAL.1.1.0
2025-08-12 13:40:28,671 [WARN] PackLoader:240 - Cannot read IP mode file for STMicroelectronics.X-CUBE-TOF1.3.4.3
2025-08-12 13:40:28,677 [INFO] ThirdParty:978 - Integrity check success = true
2025-08-12 13:40:28,677 [INFO] IntegrityCheckThread:100 - exiting critical section [integrity check]
2025-08-12 13:40:28,677 [INFO] IntegrityCheckThread:103 - End integrity checks thread
2025-08-12 13:57:22,512 [INFO] McuFinderGlobals:63 - Set McuFinder mode to 2 (CubeIDE integrated)
2025-08-12 13:57:22,539 [INFO] MainUpdater:2872 - connection check result : 10
2025-08-12 13:57:22,545 [INFO] MainUpdater:2872 - connection check result : 10
2025-08-12 13:57:22,692 [INFO] MicroXplorer:468 - Change Database Path : 
2025-08-12 13:57:22,692 [INFO] MicroXplorer:498 - Change Database Version : DB.6.0.150
2025-08-12 13:57:22,696 [WARN] ThirdParty:871 - waiting for thirdparty lock release [close project]
2025-08-12 13:57:22,696 [INFO] ThirdParty:873 - entering critical section [close project]
2025-08-12 13:57:22,717 [INFO] ThirdParty:883 - exiting critical section [close project]
2025-08-12 13:57:22,719 [INFO] PinOutPanel:1589 - setPackage(No Configuration,No Configuration)
2025-08-12 13:57:22,720 [INFO] UtilMem:75 - Begin LoadConfig() Used Memory: 678290440 Bytes (947912704)
2025-08-12 13:57:22,721 [INFO] MicroXplorer:468 - Change Database Path : 
2025-08-12 13:57:22,721 [INFO] MicroXplorer:498 - Change Database Version : DB.6.0.150
2025-08-12 13:57:22,721 [INFO] OpenFileManager:355 - Change cursor
2025-08-12 13:57:22,753 [INFO] Mcu:2029 - Initializing MCU STM32N657X0HxQ STM32N657X0HxQ STM32N657X0H3Q
2025-08-12 13:57:27,830 [INFO] Context:786 - Trying to add GPIOservice into a context  which must be forbidden
2025-08-12 13:57:27,830 [INFO] Context:786 - Trying to add GPIOservice into a context  which must be forbidden
2025-08-12 13:57:27,830 [INFO] Context:786 - Trying to add GPIOservice into a context  which must be forbidden
2025-08-12 13:57:27,831 [INFO] Context:786 - Trying to add GPIOservice into a context  which must be forbidden
2025-08-12 13:57:27,831 [INFO] Context:786 - Trying to add GPIOservice into a context  which must be forbidden
2025-08-12 13:57:29,542 [INFO] ApiDbMcu:532 - Load IP Config File for NUCLEO-N657X0-Q
2025-08-12 13:57:29,651 [INFO] Context:786 - Trying to add GPIOservice into a context  which must be forbidden
2025-08-12 13:57:29,660 [INFO] Context:786 - Trying to add GPIOservice into a context  which must be forbidden
2025-08-12 13:57:29,662 [ERROR] Context:921 - The IP RIF is not set in context FSBL
2025-08-12 13:57:29,662 [INFO] Context:786 - Trying to add GPIOservice into a context  which must be forbidden
2025-08-12 13:57:29,923 [WARN] ModelIntegratedComponent:63 - No mode defined for component null
2025-08-12 13:57:29,923 [WARN] ModelIntegratedComponent:63 - No mode defined for component null
2025-08-12 13:57:29,923 [WARN] ModelIntegratedComponent:63 - No mode defined for component null
2025-08-12 13:57:29,923 [WARN] ModelIntegratedComponent:63 - No mode defined for component null
2025-08-12 13:57:29,923 [WARN] ModelIntegratedComponent:63 - No mode defined for component null
2025-08-12 13:57:29,923 [WARN] ModelIntegratedComponent:63 - No mode defined for component null
2025-08-12 13:57:29,923 [WARN] ModelIntegratedComponent:63 - No mode defined for component null
2025-08-12 13:57:29,923 [WARN] ModelIntegratedComponent:63 - No mode defined for component null
2025-08-12 13:57:29,923 [WARN] ModelIntegratedComponent:63 - No mode defined for component null
2025-08-12 13:57:29,923 [WARN] ModelIntegratedComponent:63 - No mode defined for component null
2025-08-12 13:57:29,923 [WARN] ModelIntegratedComponent:63 - No mode defined for component null
2025-08-12 13:57:29,923 [WARN] ModelIntegratedComponent:63 - No mode defined for component null
2025-08-12 13:57:29,923 [WARN] ModelIntegratedComponent:63 - No mode defined for component null
2025-08-12 13:57:29,923 [WARN] ModelIntegratedComponent:63 - No mode defined for component null
2025-08-12 13:57:29,923 [WARN] ModelIntegratedComponent:63 - No mode defined for component null
2025-08-12 13:57:29,924 [WARN] ModelIntegratedComponent:63 - No mode defined for component null
2025-08-12 13:57:29,924 [WARN] ModelIntegratedComponent:63 - No mode defined for component null
2025-08-12 13:57:29,924 [WARN] ModelIntegratedComponent:63 - No mode defined for component null
2025-08-12 13:57:29,924 [WARN] ModelIntegratedComponent:63 - No mode defined for component null
2025-08-12 13:57:29,924 [WARN] ModelIntegratedComponent:63 - No mode defined for component null
2025-08-12 13:57:29,924 [WARN] ModelIntegratedComponent:63 - No mode defined for component null
2025-08-12 13:57:29,924 [WARN] ModelIntegratedComponent:63 - No mode defined for component null
2025-08-12 13:57:29,924 [WARN] ModelIntegratedComponent:63 - No mode defined for component null
2025-08-12 13:57:29,924 [WARN] ModelIntegratedComponent:63 - No mode defined for component null
2025-08-12 13:57:29,924 [WARN] ModelIntegratedComponent:63 - No mode defined for component null
2025-08-12 13:57:29,924 [WARN] ModelIntegratedComponent:63 - No mode defined for component null
2025-08-12 13:57:29,924 [WARN] ModelIntegratedComponent:63 - No mode defined for component null
2025-08-12 13:57:29,924 [WARN] ModelIntegratedComponent:63 - No mode defined for component null
2025-08-12 13:57:29,924 [WARN] ModelIntegratedComponent:63 - No mode defined for component null
2025-08-12 13:57:29,924 [WARN] ModelIntegratedComponent:63 - No mode defined for component null
2025-08-12 13:57:29,924 [WARN] ModelIntegratedComponent:63 - No mode defined for component null
2025-08-12 13:57:29,924 [WARN] ModelIntegratedComponent:63 - No mode defined for component null
2025-08-12 13:57:29,924 [WARN] ModelIntegratedComponent:63 - No mode defined for component null
2025-08-12 13:57:29,924 [WARN] ModelIntegratedComponent:63 - No mode defined for component null
2025-08-12 13:57:29,924 [WARN] ModelIntegratedComponent:63 - No mode defined for component null
2025-08-12 13:57:29,924 [WARN] ModelPack:524 - Component already loaded: STMicroelectronics:HAL Drivers:0.0.0:STMicroelectronics:Device:STMicro_Driver:XSPI:HAL::0.0.1:HAL_XSPI
2025-08-12 13:57:29,933 [INFO] RtosManager:558 - Registered RTOS mode: class=RTOS, group=ThreadX, mode=Core, owner=THREADX
2025-08-12 13:57:30,008 [WARN] ModelIntegratedComponent:63 - No mode defined for component null
2025-08-12 13:57:30,008 [WARN] ModelIntegratedComponent:63 - No mode defined for component null
2025-08-12 13:57:30,008 [WARN] ModelIntegratedComponent:63 - No mode defined for component null
2025-08-12 13:57:30,008 [WARN] ModelIntegratedComponent:63 - No mode defined for component null
2025-08-12 13:57:30,008 [WARN] ModelIntegratedComponent:63 - No mode defined for component null
2025-08-12 13:57:30,008 [WARN] ModelIntegratedComponent:63 - No mode defined for component null
2025-08-12 13:57:30,008 [WARN] ModelIntegratedComponent:63 - No mode defined for component null
2025-08-12 13:57:30,008 [WARN] ModelIntegratedComponent:63 - No mode defined for component null
2025-08-12 13:57:30,008 [WARN] ModelIntegratedComponent:63 - No mode defined for component null
2025-08-12 13:57:30,008 [WARN] ModelIntegratedComponent:63 - No mode defined for component null
2025-08-12 13:57:30,008 [WARN] ModelIntegratedComponent:63 - No mode defined for component null
2025-08-12 13:57:30,008 [WARN] ModelIntegratedComponent:63 - No mode defined for component null
2025-08-12 13:57:30,008 [WARN] ModelIntegratedComponent:63 - No mode defined for component null
2025-08-12 13:57:30,008 [WARN] ModelIntegratedComponent:63 - No mode defined for component null
2025-08-12 13:57:30,008 [WARN] ModelIntegratedComponent:63 - No mode defined for component null
2025-08-12 13:57:30,008 [WARN] ModelIntegratedComponent:63 - No mode defined for component null
2025-08-12 13:57:30,008 [WARN] ModelIntegratedComponent:63 - No mode defined for component null
2025-08-12 13:57:30,008 [WARN] ModelIntegratedComponent:63 - No mode defined for component null
2025-08-12 13:57:30,008 [WARN] ModelIntegratedComponent:63 - No mode defined for component null
2025-08-12 13:57:30,008 [WARN] ModelIntegratedComponent:63 - No mode defined for component null
2025-08-12 13:57:30,008 [WARN] ModelIntegratedComponent:63 - No mode defined for component null
2025-08-12 13:57:30,008 [WARN] ModelIntegratedComponent:63 - No mode defined for component null
2025-08-12 13:57:30,009 [WARN] ModelIntegratedComponent:63 - No mode defined for component null
2025-08-12 13:57:30,009 [WARN] ModelIntegratedComponent:63 - No mode defined for component null
2025-08-12 13:57:30,009 [WARN] ModelIntegratedComponent:63 - No mode defined for component null
2025-08-12 13:57:30,009 [WARN] ModelIntegratedComponent:63 - No mode defined for component null
2025-08-12 13:57:30,009 [WARN] ModelIntegratedComponent:63 - No mode defined for component null
2025-08-12 13:57:30,009 [WARN] ModelIntegratedComponent:63 - No mode defined for component null
2025-08-12 13:57:30,009 [WARN] ModelIntegratedComponent:63 - No mode defined for component null
2025-08-12 13:57:30,009 [WARN] ModelIntegratedComponent:63 - No mode defined for component null
2025-08-12 13:57:30,009 [WARN] ModelIntegratedComponent:63 - No mode defined for component null
2025-08-12 13:57:30,009 [WARN] ModelIntegratedComponent:63 - No mode defined for component null
2025-08-12 13:57:30,009 [WARN] ModelIntegratedComponent:63 - No mode defined for component null
2025-08-12 13:57:30,009 [WARN] ModelIntegratedComponent:63 - No mode defined for component null
2025-08-12 13:57:30,009 [WARN] ModelIntegratedComponent:63 - No mode defined for component null
2025-08-12 13:57:30,009 [WARN] ModelPack:524 - Component already loaded: STMicroelectronics:HAL Drivers:0.0.0:STMicroelectronics:Device:STMicro_Driver:XSPI:HAL::0.0.1:HAL_XSPI
2025-08-12 13:57:30,013 [INFO] RtosManager:558 - Registered RTOS mode: class=RTOS, group=ThreadX, mode=Core, owner=THREADX
2025-08-12 13:57:30,060 [WARN] ModelIntegratedComponent:63 - No mode defined for component null
2025-08-12 13:57:30,060 [WARN] ModelIntegratedComponent:63 - No mode defined for component null
2025-08-12 13:57:30,060 [WARN] ModelIntegratedComponent:63 - No mode defined for component null
2025-08-12 13:57:30,060 [WARN] ModelIntegratedComponent:63 - No mode defined for component null
2025-08-12 13:57:30,060 [WARN] ModelIntegratedComponent:63 - No mode defined for component null
2025-08-12 13:57:30,061 [WARN] ModelIntegratedComponent:63 - No mode defined for component null
2025-08-12 13:57:30,061 [WARN] ModelIntegratedComponent:63 - No mode defined for component null
2025-08-12 13:57:30,061 [WARN] ModelIntegratedComponent:63 - No mode defined for component null
2025-08-12 13:57:30,061 [WARN] ModelIntegratedComponent:63 - No mode defined for component null
2025-08-12 13:57:30,061 [WARN] ModelIntegratedComponent:63 - No mode defined for component null
2025-08-12 13:57:30,061 [WARN] ModelIntegratedComponent:63 - No mode defined for component null
2025-08-12 13:57:30,061 [WARN] ModelIntegratedComponent:63 - No mode defined for component null
2025-08-12 13:57:30,061 [WARN] ModelIntegratedComponent:63 - No mode defined for component null
2025-08-12 13:57:30,061 [WARN] ModelIntegratedComponent:63 - No mode defined for component null
2025-08-12 13:57:30,061 [WARN] ModelIntegratedComponent:63 - No mode defined for component null
2025-08-12 13:57:30,061 [WARN] ModelIntegratedComponent:63 - No mode defined for component null
2025-08-12 13:57:30,061 [WARN] ModelIntegratedComponent:63 - No mode defined for component null
2025-08-12 13:57:30,061 [WARN] ModelIntegratedComponent:63 - No mode defined for component null
2025-08-12 13:57:30,061 [WARN] ModelIntegratedComponent:63 - No mode defined for component null
2025-08-12 13:57:30,061 [WARN] ModelIntegratedComponent:63 - No mode defined for component null
2025-08-12 13:57:30,061 [WARN] ModelIntegratedComponent:63 - No mode defined for component null
2025-08-12 13:57:30,061 [WARN] ModelIntegratedComponent:63 - No mode defined for component null
2025-08-12 13:57:30,061 [WARN] ModelIntegratedComponent:63 - No mode defined for component null
2025-08-12 13:57:30,061 [WARN] ModelIntegratedComponent:63 - No mode defined for component null
2025-08-12 13:57:30,061 [WARN] ModelIntegratedComponent:63 - No mode defined for component null
2025-08-12 13:57:30,061 [WARN] ModelIntegratedComponent:63 - No mode defined for component null
2025-08-12 13:57:30,061 [WARN] ModelIntegratedComponent:63 - No mode defined for component null
2025-08-12 13:57:30,061 [WARN] ModelIntegratedComponent:63 - No mode defined for component null
2025-08-12 13:57:30,061 [WARN] ModelIntegratedComponent:63 - No mode defined for component null
2025-08-12 13:57:30,061 [WARN] ModelIntegratedComponent:63 - No mode defined for component null
2025-08-12 13:57:30,061 [WARN] ModelIntegratedComponent:63 - No mode defined for component null
2025-08-12 13:57:30,061 [WARN] ModelIntegratedComponent:63 - No mode defined for component null
2025-08-12 13:57:30,061 [WARN] ModelIntegratedComponent:63 - No mode defined for component null
2025-08-12 13:57:30,061 [WARN] ModelIntegratedComponent:63 - No mode defined for component null
2025-08-12 13:57:30,061 [WARN] ModelIntegratedComponent:63 - No mode defined for component null
2025-08-12 13:57:30,061 [WARN] ModelPack:524 - Component already loaded: STMicroelectronics:HAL Drivers:0.0.0:STMicroelectronics:Device:STMicro_Driver:XSPI:HAL::0.0.1:HAL_XSPI
2025-08-12 13:57:30,064 [INFO] RtosManager:558 - Registered RTOS mode: class=RTOS, group=ThreadX, mode=Core, owner=THREADX
2025-08-12 13:57:30,133 [INFO] ThirdPartyModel:298 - Start build external matchings
2025-08-12 13:57:30,288 [INFO] ThirdPartyModel:316 - End build external matchings
2025-08-12 13:57:30,294 [INFO] ThirdPartyModel:298 - Start build external matchings
2025-08-12 13:57:30,444 [INFO] ThirdPartyModel:316 - End build external matchings
2025-08-12 13:57:30,449 [INFO] ThirdPartyModel:298 - Start build external matchings
2025-08-12 13:57:30,617 [INFO] ThirdPartyModel:316 - End build external matchings
2025-08-12 13:57:30,625 [INFO] ImportTextPane:234 - (OptionalMessage_ERROR) IP (CORTEX_M55_S) : Parameter (AttributesIndex) has invalid value (null)
2025-08-12 13:57:30,625 [INFO] ImportTextPane:234 - (OptionalMessage_ERROR) IP (CORTEX_M55_S) : Parameter (AccessPermission) has invalid value (null)
2025-08-12 13:57:30,627 [WARN] IP:2250 - RefParam_LRUN_SRC_memory not found: check if there is a RefParameter without a condition.
2025-08-12 13:57:30,627 [WARN] IP:2250 - RefParam_LRUN_SRC_offset not found: check if there is a RefParameter without a condition.
2025-08-12 13:57:30,627 [WARN] IP:2250 - RefParam_LRUN_SRC_size not found: check if there is a RefParameter without a condition.
2025-08-12 13:57:30,627 [WARN] IP:2250 - RefParam_LRUN_DEST_memory not found: check if there is a RefParameter without a condition.
2025-08-12 13:57:30,627 [WARN] IP:2250 - RefParam_LRUN_DEST_offset not found: check if there is a RefParameter without a condition.
2025-08-12 13:57:30,627 [WARN] IP:2250 - RefParam_MEMORY_1_Size not found: check if there is a RefParameter without a condition.
2025-08-12 13:57:30,627 [WARN] IP:2250 - RefParam_MEMORY_1_FreqMax not found: check if there is a RefParameter without a condition.
2025-08-12 13:57:30,627 [WARN] IP:2250 - RefParam_MEMORY_1_ReadReg not found: check if there is a RefParameter without a condition.
2025-08-12 13:57:30,627 [WARN] IP:2250 - RefParam_MEMORY_1_WriteReg not found: check if there is a RefParameter without a condition.
2025-08-12 13:57:30,627 [WARN] IP:2250 - RefParam_MEMORY_1_RegSize not found: check if there is a RefParameter without a condition.
2025-08-12 13:57:30,627 [WARN] IP:2250 - RefParam_MEMORY_1_RegDummyCycle not found: check if there is a RefParameter without a condition.
2025-08-12 13:57:30,627 [WARN] IP:2250 - RefParam_MEMORY_1_WriteCommand not found: check if there is a RefParameter without a condition.
2025-08-12 13:57:30,627 [WARN] IP:2250 - RefParam_MEMORY_1_WriteDummyCycle not found: check if there is a RefParameter without a condition.
2025-08-12 13:57:30,627 [WARN] IP:2250 - RefParam_MEMORY_1_ReadCommand not found: check if there is a RefParameter without a condition.
2025-08-12 13:57:30,627 [WARN] IP:2250 - RefParam_MEMORY_1_WrapReadCommand not found: check if there is a RefParameter without a condition.
2025-08-12 13:57:30,627 [WARN] IP:2250 - RefParam_MEMORY_1_ReadDummyCycle not found: check if there is a RefParameter without a condition.
2025-08-12 13:57:30,627 [WARN] IP:2250 - RefParam_MEMORY_1_NumberOfConfig not found: check if there is a RefParameter without a condition.
2025-08-12 13:57:30,627 [WARN] IP:2250 - RefParam_MEMORY_1_Config1_WriteMask not found: check if there is a RefParameter without a condition.
2025-08-12 13:57:30,627 [WARN] IP:2250 - RefParam_MEMORY_1_Config1_WriteValue not found: check if there is a RefParameter without a condition.
2025-08-12 13:57:30,628 [WARN] IP:2250 - RefParam_MEMORY_1_Config1_RegAddress not found: check if there is a RefParameter without a condition.
2025-08-12 13:57:30,628 [WARN] IP:2250 - RefParam_MEMORY_1_Config2_WriteMask not found: check if there is a RefParameter without a condition.
2025-08-12 13:57:30,628 [WARN] IP:2250 - RefParam_MEMORY_1_Config2_WriteValue not found: check if there is a RefParameter without a condition.
2025-08-12 13:57:30,628 [WARN] IP:2250 - RefParam_MEMORY_1_Config2_RegAddress not found: check if there is a RefParameter without a condition.
2025-08-12 13:57:30,628 [WARN] IP:2250 - RefParam_MEMORY_1_Config3_WriteMask not found: check if there is a RefParameter without a condition.
2025-08-12 13:57:30,628 [WARN] IP:2250 - RefParam_MEMORY_1_Config3_WriteValue not found: check if there is a RefParameter without a condition.
2025-08-12 13:57:30,628 [WARN] IP:2250 - RefParam_MEMORY_1_Config3_RegAddress not found: check if there is a RefParameter without a condition.
2025-08-12 13:57:30,628 [WARN] IP:2250 - RefParam_MEMORY_2_Instance not found: check if there is a RefParameter without a condition.
2025-08-12 13:57:30,628 [WARN] IP:2250 - RefParam_MEMORY_2_ConfigType not found: check if there is a RefParameter without a condition.
2025-08-12 13:57:30,628 [WARN] IP:2250 - RefParam_MEMORY_2_Size not found: check if there is a RefParameter without a condition.
2025-08-12 13:57:30,628 [WARN] IP:2250 - RefParam_MEMORY_2_FreqMax not found: check if there is a RefParameter without a condition.
2025-08-12 13:57:30,628 [WARN] IP:2250 - RefParam_MEMORY_2_ReadReg not found: check if there is a RefParameter without a condition.
2025-08-12 13:57:30,628 [WARN] IP:2250 - RefParam_MEMORY_2_WriteReg not found: check if there is a RefParameter without a condition.
2025-08-12 13:57:30,628 [WARN] IP:2250 - RefParam_MEMORY_2_RegSize not found: check if there is a RefParameter without a condition.
2025-08-12 13:57:30,628 [WARN] IP:2250 - RefParam_MEMORY_2_RegDummyCycle not found: check if there is a RefParameter without a condition.
2025-08-12 13:57:30,628 [WARN] IP:2250 - RefParam_MEMORY_2_WriteCommand not found: check if there is a RefParameter without a condition.
2025-08-12 13:57:30,628 [WARN] IP:2250 - RefParam_MEMORY_2_WriteDummyCycle not found: check if there is a RefParameter without a condition.
2025-08-12 13:57:30,628 [WARN] IP:2250 - RefParam_MEMORY_2_ReadCommand not found: check if there is a RefParameter without a condition.
2025-08-12 13:57:30,628 [WARN] IP:2250 - RefParam_MEMORY_2_WrapReadCommand not found: check if there is a RefParameter without a condition.
2025-08-12 13:57:30,628 [WARN] IP:2250 - RefParam_MEMORY_2_ReadDummyCycle not found: check if there is a RefParameter without a condition.
2025-08-12 13:57:30,628 [WARN] IP:2250 - RefParam_MEMORY_2_NumberOfConfig not found: check if there is a RefParameter without a condition.
2025-08-12 13:57:30,628 [WARN] IP:2250 - RefParam_MEMORY_2_Config1_WriteMask not found: check if there is a RefParameter without a condition.
2025-08-12 13:57:30,628 [WARN] IP:2250 - RefParam_MEMORY_2_Config1_WriteValue not found: check if there is a RefParameter without a condition.
2025-08-12 13:57:30,628 [WARN] IP:2250 - RefParam_MEMORY_2_Config1_RegAddress not found: check if there is a RefParameter without a condition.
2025-08-12 13:57:30,628 [WARN] IP:2250 - RefParam_MEMORY_2_Config2_WriteMask not found: check if there is a RefParameter without a condition.
2025-08-12 13:57:30,628 [WARN] IP:2250 - RefParam_MEMORY_2_Config2_WriteValue not found: check if there is a RefParameter without a condition.
2025-08-12 13:57:30,628 [WARN] IP:2250 - RefParam_MEMORY_2_Config2_RegAddress not found: check if there is a RefParameter without a condition.
2025-08-12 13:57:30,628 [WARN] IP:2250 - RefParam_MEMORY_2_Config3_WriteMask not found: check if there is a RefParameter without a condition.
2025-08-12 13:57:30,628 [WARN] IP:2250 - RefParam_MEMORY_2_Config3_WriteValue not found: check if there is a RefParameter without a condition.
2025-08-12 13:57:30,628 [WARN] IP:2250 - RefParam_MEMORY_2_Config3_RegAddress not found: check if there is a RefParameter without a condition.
2025-08-12 13:57:30,651 [INFO] ImportTextPane:234 - (OptionalMessage_ERROR) IP (RIF) : Invalid parameter ()
2025-08-12 13:57:30,651 [INFO] ImportTextPane:234 - (OptionalMessage_ERROR) IP (RIF) : Invalid parameter ()
2025-08-12 13:57:30,651 [INFO] ImportTextPane:234 - (OptionalMessage_ERROR) IP (RIF) : Invalid parameter ()
2025-08-12 13:57:30,651 [INFO] ImportTextPane:234 - (OptionalMessage_ERROR) IP (RIF) : Invalid parameter ()
2025-08-12 13:57:30,651 [INFO] ImportTextPane:234 - (OptionalMessage_ERROR) IP (RIF) : Invalid parameter ()
2025-08-12 13:57:30,976 [INFO] ApiDb:581 - Connected to CubeFinder SQLite database (C:\Users\ZOJOLDRI\.stmcufinder\plugins\mcufinder\mcu\cube-finder-db.db)
2025-08-12 13:57:31,061 [INFO] ApiDb:668 - CubeFinder database Data Model version=2.1
2025-08-12 13:57:31,061 [INFO] ApiDb:669 - CubeFinder database Configuration version=3.0.39
2025-08-12 13:57:31,062 [INFO] ApiDb:670 - CubeFinder database generation date=2025-07-24 (1753349077)
2025-08-12 13:57:31,062 [INFO] ApiDb:671 - CubeFinder database FW Pack versions=[FP-ATR-ASTRA1_V2.0.0, FP-SNS-FLIGHT1_V5.1.0, FP-SNS-MOTENV1_V5.0.0, FP-SNS-MOTENVWB1_V1.4.0, FP-SNS-SMARTAG2_V1.2.0, FP-SNS-STBOX1_V2.0.0, STM32Cube_FW_C0_V1.4.0, STM32Cube_FW_F4_V1.28.2, STM32Cube_FW_F7_V1.17.3, STM32Cube_FW_G0_V1.6.2, STM32Cube_FW_G4_V1.6.1, STM32Cube_FW_H5_V1.5.0, STM32Cube_FW_H7RS_V1.2.0, STM32Cube_FW_H7_V1.12.1, STM32Cube_FW_L0_V1.12.2, STM32Cube_FW_L4_V1.18.1, STM32Cube_FW_L5_V1.5.1, STM32Cube_FW_N6_V1.2.0, STM32Cube_FW_U0_V1.3.0, STM32Cube_FW_U3_V1.2.0, STM32Cube_FW_U5_V1.8.0, STM32Cube_FW_WB0_V1.3.0, STM32Cube_FW_WBA_V1.7.0, STM32Cube_FW_WB_V1.23.0, STM32Cube_FW_WL3_V1.2.0, STM32Cube_FW_WL_V1.3.1, X-CUBE-ALGOBUILD_V1.4.0, X-CUBE-ALS_V1.0.2, X-CUBE-AZRTOS-F4_V1.1.0, X-CUBE-AZRTOS-F7_V1.1.0, X-CUBE-AZRTOS-G0_V1.1.0, X-CUBE-AZRTOS-G4_V2.0.0, X-CUBE-AZRTOS-H7RS_V1.1.0, X-CUBE-AZRTOS-H7_V3.4.0, X-CUBE-AZRTOS-L4_V2.0.0, X-CUBE-AZRTOS-L5_V2.0.0, X-CUBE-AZRTOS-WB_V2.0.0, X-CUBE-AZRTOS-WL_V2.0.0, X-CUBE-BLE1_V7.1.0, X-CUBE-BLE2_V3.3.0, X-CUBE-BLEMGR_V4.1.0, X-CUBE-EEPRMA1_V5.2.0, X-CUBE-FREERTOS_V1.3.1, X-CUBE-GNSS1_V6.0.0, X-CUBE-MEMS1_V11.3.0, X-CUBE-NFC4_V3.0.0, X-CUBE-NFC7_V2.0.0, X-CUBE-SFXS2LP1_V4.0.0, X-CUBE-ST67W61_V1.0.0, X-CUBE-SUBG2_V5.0.0, X-CUBE-TOF1_V3.4.3]
2025-08-12 13:57:31,155 [INFO] DbBoardsSqlite:226 - include board P-NUCLEO-WB55-NUCLEO as a kit item of type 'Nucleo-64'
2025-08-12 13:57:31,155 [INFO] DbBoardsSqlite:226 - include board P-NUCLEO-WB55-USBDONGLE as a kit item of type 'Nucleo USB Dongle'
2025-08-12 13:57:31,156 [INFO] DbBoardsSqlite:226 - include board STEVAL-IDP005V1 as a kit item of type 'Evaluation Board'
2025-08-12 13:57:31,156 [INFO] DbBoardsSqlite:226 - include board STEVAL-IDP005V2 as a kit item of type 'Evaluation Board'
2025-08-12 13:57:31,600 [INFO] ApiDb:240 - Found 880 in-development CPN: [B-G473E-ZEST1S, B-WB1M-WPAN1, B-WBA5M-WPAN, B-WL5M-SUBG1, NUCLEO-C031C6, NUCLEO-C051C8, NUCLEO-C071RB, NUCLEO-C092RC, NUCLEO-H503RB, NUCLEO-H533RE, NUCLEO-H563ZI, NUCLEO-H7S3L8, NUCLEO-N657X0-Q, NUCLEO-U031R8, NUCLEO-U083RC, NUCLEO-U385RG-Q, NUCLEO-U545RE-Q, NUCLEO-U5A5ZJ-Q, NUCLEO-WB05KZ, NUCLEO-WB07CC, NUCLEO-WB09KE, NUCLEO-WBA52CG, NUCLEO-WBA55CG, NUCLEO-WL33CC1, NUCLEO-WL33CC2, STEVAL-PROTEUS1, STEVAL-SMARTAG2, STEVAL-STWINBX1, STM320518-EVAL, STM32C0116-DK, STM32C011D6Y3TR, STM32C011D6Y6TR, STM32C011F4P3, STM32C011F4P6, STM32C011F4U3, STM32C011F4U6TR, STM32C011F6P3, STM32C011F6P6, STM32C011F6U3, STM32C011F6U6TR, STM32C011J4M3, STM32C011J4M6, STM32C011J6M3, STM32C011J6M6, STM32C0316-DK, STM32C031C4T3, STM32C031C4T6, STM32C031C4U3, STM32C031C4U6, STM32C031C6T3, STM32C031C6T6, STM32C031C6U3, STM32C031C6U6, STM32C031F4P3, STM32C031F4P6, STM32C031F6P3, STM32C031F6P6, STM32C031G4U3, STM32C031G4U6, STM32C031G6U3, STM32C031G6U6, STM32C031K4T3, STM32C031K4T6, STM32C031K4U3, STM32C031K4U6, STM32C031K6T3, STM32C031K6T6, STM32C031K6U3, STM32C031K6U6, STM32C051C6T6, STM32C051C6U6, STM32C051C8T6, STM32C051C8U6, STM32C051D8Y6TR, STM32C051F6P6, STM32C051F8P6, STM32C051G6U6, STM32C051G8U6, STM32C051K6T6, STM32C051K6U6, STM32C051K8T6, STM32C071C8T6, STM32C071C8T6N, STM32C071C8U6, STM32C071C8U6N, STM32C071CBT6, STM32C071CBT6N, STM32C071CBU6, STM32C071CBU6N, STM32C071F8P6, STM32C071F8P6N, STM32C071FBP6, STM32C071FBP6N, STM32C071FBY6TR, STM32C071G8U6, STM32C071G8U6N, STM32C071GBU6, STM32C071GBU6N, STM32C071K8T6, STM32C071K8T6N, STM32C071K8U6, STM32C071K8U6N, STM32C071KBT6, STM32C071KBT6N, STM32C071KBU6, STM32C071KBU6N, STM32C071R8T6, STM32C071R8T6N, STM32C071RBI6N, STM32C071RBT6, STM32C071RBT6N, STM32C091CBT6, STM32C091CBU6, STM32C091CCT6, STM32C091CCU6, STM32C091ECY6TR, STM32C091FBP6, STM32C091FCP6, STM32C091GBU6, STM32C091GCU6, STM32C091KBT6, STM32C091KBU6, STM32C091KCT6, STM32C091KCU6, STM32C091RBT6, STM32C091RCI6, STM32C091RCT6, STM32C092CBT6, STM32C092CBU6, STM32C092CCT6, STM32C092CCU6, STM32C092ECY6TR, STM32C092FBP6, STM32C092FCP6, STM32C092GBU6, STM32C092GCU6, STM32C092KBT6, STM32C092KBU6, STM32C092KCT6, STM32C092KCU6, STM32C092RBT6, STM32C092RCI6, STM32C092RCT6, STM32G071K8TXN, STM32G071K8UXN, STM32G081GBU6N, STM32G081KBT6N, STM32G081KBUXN, STM32G0B1CCT6N, STM32G0B1KCT6, STM32G0B1NEY6TR, STM32G0B1RCT6N, STM32G0C1CCT6, STM32G0C1CCT6N, STM32G0C1CCU6N, STM32G0C1CET6N, STM32G0C1CEU6N, STM32G0C1KCT6, STM32G0C1NEY6TR, STM32G0C1RCI6N, STM32G0C1RCT6N, STM32G0C1REI6N, STM32G0C1RET6N, STM32G0C1VCI6, STM32G0C1VEI6, STM32G411C6T3, STM32G411C6T6, STM32G411C6U3, STM32G411C6U6, STM32G411C8T3, STM32G411C8T6, STM32G411C8U3, STM32G411C8U6, STM32G411CBT3, STM32G411CBT6, STM32G411CBU3, STM32G411CBU6, STM32G411K6T3, STM32G411K6T6, STM32G411K6U3, STM32G411K6U6, STM32G411K8T3, STM32G411K8T6, STM32G411K8U3, STM32G411K8U6, STM32G411KBT3, STM32G411KBT6, STM32G411KBU3, STM32G411KBU6, STM32G411M6T3, STM32G411M6T6, STM32G411M8T3, STM32G411M8T6, STM32G411MBT3, STM32G411MBT6, STM32G411R6T3, STM32G411R6T6, STM32G411R8T3, STM32G411R8T6, STM32G411RBT3, STM32G411RBT6, STM32G414CBT3, STM32G414CBT6, STM32G414CBU3, STM32G414CBU6, STM32G414CCT3, STM32G414CCT6, STM32G414CCU3, STM32G414CCU6, STM32G414MBT3, STM32G414MBT6, STM32G414MCT3, STM32G414MCT6, STM32G414RBT3, STM32G414RBT6, STM32G414RCT3, STM32G414RCT6, STM32G414VBT3, STM32G414VBT6, STM32G414VCT3, STM32G414VCT6, STM32G431CBT3Z, STM32G431RBT3Z, STM32G471CCT6, STM32G471CCU6, STM32G471CET3, STM32G471CET6, STM32G471CEU3, STM32G471CEU6, STM32G471MCT6, STM32G471MET3, STM32G471MET6, STM32G471MEY6TR, STM32G471QCT6, STM32G471QET3, STM32G471RCT6, STM32G471RET3, STM32G471RET6, STM32G471VCH6, STM32G471VCI6, STM32G471VCT6, STM32G471VEH3, STM32G471VEH6, STM32G471VEI3, STM32G471VEI6, STM32G471VET3, STM32G471VET6, STM32G473QET3Z, STM32G473RET3Z, STM32G474CCT6, STM32G491RET3Z, STM32H503CBT6, STM32H503CBU6, STM32H503EBY6TR, STM32H503KBU6, STM32H503RBT6, STM32H523CCT6, STM32H523CCU6, STM32H523CET6, STM32H523CEU6, STM32H523HEY6TR, STM32H523RCT6, STM32H523RET6, STM32H523VCI6, STM32H523VCT6, STM32H523VEI6, STM32H523VET6, STM32H523ZCJ6, STM32H523ZCT6, STM32H523ZEJ6, STM32H523ZET6, STM32H533CET6, STM32H533CEU6, STM32H533HEY6TR, STM32H533RET6, STM32H533VEI6, STM32H533VET6, STM32H533ZEJ6, STM32H533ZET6, STM32H562AGI6, STM32H562AII6, STM32H562IGK6, STM32H562IGT6, STM32H562IIK6, STM32H562IIT6, STM32H562RGT6, STM32H562RGV6, STM32H562RIT6, STM32H562RIV6, STM32H562VGT6, STM32H562VIT6, STM32H562ZGT6, STM32H562ZIT6, STM32H563AGI6, STM32H563AII3Q, STM32H563AII6, STM32H563IGK6, STM32H563IGT6, STM32H563IIK3Q, STM32H563IIK6, STM32H563IIT3Q, STM32H563IIT6, STM32H563MIY3QTR, STM32H563RGT6, STM32H563RGV6, STM32H563RIT6, STM32H563RIV6, STM32H563VGT6, STM32H563VIT3Q, STM32H563VIT6, STM32H563ZGT6, STM32H563ZIT3Q, STM32H563ZIT6, STM32H573AII3Q, STM32H573AII6, STM32H573I-DK, STM32H573IIK3Q, STM32H573IIK6, STM32H573IIT3Q, STM32H573IIT6, STM32H573MIY3QTR, STM32H573RIT6, STM32H573RIV6, STM32H573VIT3Q, STM32H573VIT6, STM32H573ZIT3Q, STM32H573ZIT6, STM32H7R3A8I6, STM32H7R3I8K6, STM32H7R3I8T6, STM32H7R3L8H6, STM32H7R3L8H6H, STM32H7R3R8V6, STM32H7R3V8H6, STM32H7R3V8T6, STM32H7R3V8Y6TR, STM32H7R3Z8J6, STM32H7R3Z8T6, STM32H7R7A8I6, STM32H7R7I8K6, STM32H7R7I8T6, STM32H7R7L8H6, STM32H7R7L8H6H, STM32H7R7Z8J6, STM32H7S3A8I6, STM32H7S3I8K6, STM32H7S3I8T6, STM32H7S3L8H6, STM32H7S3L8H6H, STM32H7S3R8V6, STM32H7S3V8H6, STM32H7S3V8T6, STM32H7S3V8Y6TR, STM32H7S3Z8J6, STM32H7S3Z8T6, STM32H7S78-DK, STM32H7S7A8I6, STM32H7S7I8K6, STM32H7S7I8T6, STM32H7S7L8H6, STM32H7S7L8H6H, STM32H7S7Z8J6, STM32L4R5QGI6STR, STM32MP131AAE3, STM32MP131AAF3, STM32MP131AAG3, STM32MP131CAE3, STM32MP131CAF3, STM32MP131CAG3, STM32MP131DAE7, STM32MP131DAF7, STM32MP131DAG7, STM32MP131FAE7, STM32MP131FAF7, STM32MP131FAG7, STM32MP133AAE3, STM32MP133AAF3, STM32MP133AAG3, STM32MP133CAE3, STM32MP133CAF3, STM32MP133CAG3, STM32MP133DAE7, STM32MP133DAF7, STM32MP133DAG7, STM32MP133FAE7, STM32MP133FAF7, STM32MP133FAG7, STM32MP135AAE3, STM32MP135AAF3, STM32MP135AAG3, STM32MP135CAE3, STM32MP135CAF3, STM32MP135CAG3, STM32MP135DAE7, STM32MP135DAF7, STM32MP135DAG7, STM32MP135F-DK, STM32MP135FAE7, STM32MP135FAF7, STM32MP135FAF7T, STM32MP135FAF7U, STM32MP135FAG7, STM32MP211AAL3, STM32MP211AAM3, STM32MP211AAN3, STM32MP211AAO3, STM32MP211CAL3, STM32MP211CAM3, STM32MP211CAN3, STM32MP211CAO3, STM32MP211DAL3, STM32MP211DAM3, STM32MP211DAN3, STM32MP211DAO3, STM32MP211FAL3, STM32MP211FAM3, STM32MP211FAN3, STM32MP211FAO3, STM32MP213AAL3, STM32MP213AAM3, STM32MP213AAN3, STM32MP213AAO3, STM32MP213CAL3, STM32MP213CAM3, STM32MP213CAN3, STM32MP213CAO3, STM32MP213DAL3, STM32MP213DAM3, STM32MP213DAN3, STM32MP213DAO3, STM32MP213FAL3, STM32MP213FAM3, STM32MP213FAN3, STM32MP213FAO3, STM32MP215AAL3, STM32MP215AAM3, STM32MP215AAN3, STM32MP215AAO3, STM32MP215CAL3, STM32MP215CAM3, STM32MP215CAN3, STM32MP215CAO3, STM32MP215DAL3, STM32MP215DAM3, STM32MP215DAN3, STM32MP215DAO3, STM32MP215F-DK, STM32MP215FAL3, STM32MP215FAM3, STM32MP215FAN3, STM32MP215FAO3, STM32MP231AAJ3, STM32MP231AAK3, STM32MP231AAL3, STM32MP231CAJ3, STM32MP231CAK3, STM32MP231CAL3, STM32MP231DAJ3, STM32MP231DAK3, STM32MP231DAL3, STM32MP231FAJ3, STM32MP231FAK3, STM32MP231FAL3, STM32MP233AAJ3, STM32MP233AAK3, STM32MP233AAL3, STM32MP233CAJ3, STM32MP233CAK3, STM32MP233CAL3, STM32MP233DAJ3, STM32MP233DAK3, STM32MP233DAL3, STM32MP233FAJ3, STM32MP233FAK3, STM32MP233FAL3, STM32MP235AAJ3, STM32MP235AAK3, STM32MP235AAL3, STM32MP235CAJ3, STM32MP235CAK3, STM32MP235CAL3, STM32MP235DAJ3, STM32MP235DAK3, STM32MP235DAL3, STM32MP235FAJ3, STM32MP235FAK3, STM32MP235FAL3, STM32MP251AAI3, STM32MP251AAK3, STM32MP251AAL3, STM32MP251CAI3, STM32MP251CAK3, STM32MP251CAL3, STM32MP251DAI3, STM32MP251DAK3, STM32MP251DAL3, STM32MP251FAI3, STM32MP251FAK3, STM32MP251FAL3, STM32MP253AAI3, STM32MP253AAK3, STM32MP253AAL3, STM32MP253CAI3, STM32MP253CAK3, STM32MP253CAL3, STM32MP253DAI3, STM32MP253DAK3, STM32MP253DAL3, STM32MP253FAI3, STM32MP253FAK3, STM32MP253FAL3, STM32MP255AAI3, STM32MP255AAK3, STM32MP255AAL3, STM32MP255CAI3, STM32MP255CAK3, STM32MP255CAL3, STM32MP255DAI3, STM32MP255DAK3, STM32MP255DAL3, STM32MP255FAI3, STM32MP255FAK3, STM32MP255FAL3, STM32MP257AAI3, STM32MP257AAK3, STM32MP257AAL3, STM32MP257CAI3, STM32MP257CAK3, STM32MP257CAL3, STM32MP257DAI3, STM32MP257DAK3, STM32MP257DAL3, STM32MP257F-DK, STM32MP257F-EV1, STM32MP257FAI3, STM32MP257FAK3, STM32MP257FAL3, STM32N645A0H3Q, STM32N645B0H3Q, STM32N645I0H3Q, STM32N645L0H3Q, STM32N645X0H3Q, STM32N645Z0H3Q, STM32N647A0H3Q, STM32N647B0H3Q, STM32N647I0H3Q, STM32N647L0H3Q, STM32N647X0H3Q, STM32N647Z0H3Q, STM32N655A0H3Q, STM32N655B0H3Q, STM32N655I0H3Q, STM32N655L0H3Q, STM32N655X0H3Q, STM32N655Z0H3Q, STM32N6570-DK, STM32N657A0H3Q, STM32N657B0H3Q, STM32N657I0H3Q, STM32N657L0H3Q, STM32N657X0H3Q, STM32N657Z0H3Q, STM32U031C6T6, STM32U031C6U6, STM32U031C8T6, STM32U031C8U6, STM32U031F4P6, STM32U031F6P6, STM32U031F8P6, STM32U031G6Y6TR, STM32U031G8Y6TR, STM32U031K4U6, STM32U031K6U6, STM32U031K8U6, STM32U031R6I6, STM32U031R6T6, STM32U031R8I6, STM32U031R8T6, STM32U073C8T6, STM32U073C8U6, STM32U073CBT6, STM32U073CBU6, STM32U073CCT6, STM32U073CCU6, STM32U073H8Y6TR, STM32U073HBY6TR, STM32U073HCY6TR, STM32U073K8U6, STM32U073KBU6, STM32U073KCU6, STM32U073M8I6, STM32U073M8T6, STM32U073MBI6, STM32U073MBT6, STM32U073MCI6, STM32U073MCT6, STM32U073R8I6, STM32U073R8T6, STM32U073RBI6, STM32U073RBT6, STM32U073RCI6, STM32U073RCT6, STM32U083C-DK, STM32U083CCT6, STM32U083CCU6, STM32U083HCY6TR, STM32U083KCU6, STM32U083MCI6, STM32U083MCT6, STM32U083RCI6, STM32U083RCT6, STM32U375CET6, STM32U375CET6Q, STM32U375CEU6, STM32U375CEU6Q, STM32U375CEY6QTR, STM32U375CGT6, STM32U375CGT6Q, STM32U375CGU6, STM32U375CGU6Q, STM32U375CGY6QTR, STM32U375KEU6, STM32U375KGU6, STM32U375REI6, STM32U375REI6Q, STM32U375RET6, STM32U375RET6Q, STM32U375REY6GTR, STM32U375REY6QTR, STM32U375RGI6, STM32U375RGI6Q, STM32U375RGT6, STM32U375RGT6Q, STM32U375RGY6GTR, STM32U375RGY6QTR, STM32U375VEI6, STM32U375VEI6Q, STM32U375VET6, STM32U375VET6Q, STM32U375VGI6, STM32U375VGI6Q, STM32U375VGT6, STM32U375VGT6Q, STM32U385CGT6, STM32U385CGT6Q, STM32U385CGU6, STM32U385CGU6Q, STM32U385CGY6QTR, STM32U385KGU6, STM32U385RGI6, STM32U385RGI6Q, STM32U385RGT6, STM32U385RGT6Q, STM32U385RGY6GTR, STM32U385RGY6QTR, STM32U385VGI6, STM32U385VGI6Q, STM32U385VGT6, STM32U385VGT6Q, STM32U535CBT6, STM32U535CBT6Q, STM32U535CBU6, STM32U535CBU6Q, STM32U535CCT6, STM32U535CCT6Q, STM32U535CCU6, STM32U535CCU6Q, STM32U535CET6, STM32U535CET6Q, STM32U535CEU6, STM32U535CEU6Q, STM32U535JEY6QTR, STM32U535NCY6QTR, STM32U535NEY6QTR, STM32U535RBI6, STM32U535RBI6Q, STM32U535RBT6, STM32U535RBT6Q, STM32U535RCI6, STM32U535RCI6Q, STM32U535RCT6, STM32U535RCT6Q, STM32U535REI6, STM32U535REI6Q, STM32U535RET6, STM32U535RET6Q, STM32U535VCI6, STM32U535VCI6Q, STM32U535VCT6, STM32U535VCT6Q, STM32U535VEI6, STM32U535VEI6Q, STM32U535VET6, STM32U535VET6Q, STM32U545CET6, STM32U545CET6Q, STM32U545CEU6, STM32U545CEU6Q, STM32U545JEY6QTR, STM32U545NEY6QTR, STM32U545REI6, STM32U545REI6Q, STM32U545RET6, STM32U545RET6Q, STM32U545VEI6, STM32U545VEI6Q, STM32U545VET6, STM32U545VET6Q, STM32U595AIH6, STM32U595AIH6Q, STM32U595AJH6, STM32U595AJH6Q, STM32U595QII6, STM32U595QII6Q, STM32U595QJI6, STM32U595QJI6Q, STM32U595RIT6, STM32U595RIT6Q, STM32U595RJT6, STM32U595RJT6Q, STM32U595VIT6, STM32U595VIT6Q, STM32U595VJT6, STM32U595VJT6Q, STM32U595ZIT6, STM32U595ZIT6Q, STM32U595ZIY6QTR, STM32U595ZJT6, STM32U595ZJT6Q, STM32U595ZJY6QTR, STM32U599BJY6QTR, STM32U599NIH6Q, STM32U599NJH6Q, STM32U599VIT6Q, STM32U599VJT6, STM32U599VJT6Q, STM32U599ZIT6Q, STM32U599ZIY6QTR, STM32U599ZJT6Q, STM32U599ZJY6QTR, STM32U5A5AJH6, STM32U5A5AJH6Q, STM32U5A5QII3Q , STM32U5A5QJI6, STM32U5A5QJI6Q, STM32U5A5RJT6, STM32U5A5RJT6Q, STM32U5A5VJT6, STM32U5A5VJT6Q, STM32U5A5ZJT6, STM32U5A5ZJT6Q, STM32U5A5ZJY6QTR, STM32U5A9BJY6QTR, STM32U5A9J-DK, STM32U5A9NJH6Q, STM32U5A9VJT6Q, STM32U5A9ZJT6Q, STM32U5A9ZJY6QTR, STM32U5F7VIT6, STM32U5F7VIT6Q, STM32U5F7VJT6, STM32U5F7VJT6Q, STM32U5F9BJY6QTR, STM32U5F9NJH6Q, STM32U5F9VIT6Q, STM32U5F9VJT6Q, STM32U5F9ZIJ6QTR, STM32U5F9ZIT6Q, STM32U5F9ZJJ6QTR, STM32U5F9ZJT6Q, STM32U5G7VJT6, STM32U5G7VJT6Q, STM32U5G9BJY6QTR, STM32U5G9J-DK1, STM32U5G9J-DK2, STM32U5G9NJH6Q, STM32U5G9VJT6Q, STM32U5G9ZJJ6QTR, STM32U5G9ZJT6Q, STM32WB05KZV6TR, STM32WB05KZV7TR, STM32WB05TZF6TR, STM32WB05TZF7TR, STM32WB06CCF6TR, STM32WB06CCF7TR, STM32WB06CCV6TR, STM32WB06CCV7TR, STM32WB06KCV6TR, STM32WB06KCV7TR, STM32WB07CCF6TR, STM32WB07CCF7TR, STM32WB07CCV6TR, STM32WB07CCV7TR, STM32WB07KCV6TR, STM32WB07KCV7TR, STM32WB09KEV6TR, STM32WB09KEV7TR, STM32WB09TEF6TR, STM32WB09TEF7TR, STM32WB1MMCH6, STM32WBA50KGU6, STM32WBA50KGU6TR, STM32WBA52CEU6, STM32WBA52CEU6TR, STM32WBA52CEU7, STM32WBA52CEU7TR, STM32WBA52CGU6, STM32WBA52CGU6TR, STM32WBA52CGU6U, STM32WBA52CGU7, STM32WBA52CGU7TR, STM32WBA52KEU6, STM32WBA52KEU6TR, STM32WBA52KGU6, STM32WBA52KGU6TR, STM32WBA54CEU6, STM32WBA54CEU6TR, STM32WBA54CEU7, STM32WBA54CEU7TR, STM32WBA54CGU6, STM32WBA54CGU6TR, STM32WBA54CGU7, STM32WBA54CGU7TR, STM32WBA54KEU6, STM32WBA54KEU6TR, STM32WBA54KEU7, STM32WBA54KEU7TR, STM32WBA54KGU6, STM32WBA54KGU6TR, STM32WBA54KGU7, STM32WBA54KGU7TR, STM32WBA55CEU6, STM32WBA55CEU6TR, STM32WBA55CEU7, STM32WBA55CEU7TR, STM32WBA55CGU6, STM32WBA55CGU6TR, STM32WBA55CGU6U, STM32WBA55CGU7, STM32WBA55CGU7TR, STM32WBA55G-DK1, STM32WBA55HEF6, STM32WBA55HEF7, STM32WBA55HGF6, STM32WBA55HGF7, STM32WBA55UEI6, STM32WBA55UEI6TR, STM32WBA55UEI7, STM32WBA55UEI7TR, STM32WBA55UGI6, STM32WBA55UGI6TR, STM32WBA55UGI7, STM32WBA55UGI7TR, STM32WBA5MMGH6TR, STM32WBA62MGF6, STM32WBA62MIF6, STM32WBA65MGF7, STM32WBA65MIF6, STM32WBA65MIF7, STM32WL30K8V6, STM32WL30KBV6, STM32WL31C8V6, STM32WL31CBV6, STM32WL31K8V6, STM32WL31KBV6, STM32WL33C8V6, STM32WL33C8V6X, STM32WL33CBV6, STM32WL33CBV6X, STM32WL33CCV6, STM32WL33CCV6A, STM32WL33CCV6X, STM32WL33K8V7, STM32WL33K8V7X, STM32WL33KBV7 , STM32WL33KBV7X, STM32WL33KCV7, STM32WL33KCV7X, STM32WL5MOCH6, STM32WL5MOCH6TR]
2025-08-12 13:57:31,750 [INFO] BoardInfo:889 - No configuration file found for board P-NUCLEO-WB55
2025-08-12 13:57:31,751 [INFO] DbBoards:161 - Kit is not supported: P-NUCLEO-WB55
2025-08-12 13:57:31,755 [INFO] BoardInfo:889 - No configuration file found for board STEVAL-BFA001V1B
2025-08-12 13:57:31,756 [INFO] DbBoards:161 - Kit is not supported: STEVAL-BFA001V1B
2025-08-12 13:57:31,756 [INFO] BoardInfo:889 - No configuration file found for board STEVAL-BFA001V2B
2025-08-12 13:57:31,759 [INFO] DbBoards:161 - Kit is not supported: STEVAL-BFA001V2B
2025-08-12 13:57:31,922 [INFO] DbBoards:168 - Found 212 boards, 209 are supported
2025-08-12 13:57:31,922 [INFO] DbBoards:169 - Found 212 boards, 43 of them is supported for  Bsp
2025-08-12 13:57:31,925 [INFO] ApiDb:668 - CubeFinder database Data Model version=2.1
2025-08-12 13:57:31,925 [INFO] ApiDb:669 - CubeFinder database Configuration version=3.0.39
2025-08-12 13:57:31,925 [INFO] ApiDb:670 - CubeFinder database generation date=2025-07-24 (1753349077)
2025-08-12 13:57:31,925 [INFO] ApiDb:671 - CubeFinder database FW Pack versions=[FP-ATR-ASTRA1_V2.0.0, FP-SNS-FLIGHT1_V5.1.0, FP-SNS-MOTENV1_V5.0.0, FP-SNS-MOTENVWB1_V1.4.0, FP-SNS-SMARTAG2_V1.2.0, FP-SNS-STBOX1_V2.0.0, STM32Cube_FW_C0_V1.4.0, STM32Cube_FW_F4_V1.28.2, STM32Cube_FW_F7_V1.17.3, STM32Cube_FW_G0_V1.6.2, STM32Cube_FW_G4_V1.6.1, STM32Cube_FW_H5_V1.5.0, STM32Cube_FW_H7RS_V1.2.0, STM32Cube_FW_H7_V1.12.1, STM32Cube_FW_L0_V1.12.2, STM32Cube_FW_L4_V1.18.1, STM32Cube_FW_L5_V1.5.1, STM32Cube_FW_N6_V1.2.0, STM32Cube_FW_U0_V1.3.0, STM32Cube_FW_U3_V1.2.0, STM32Cube_FW_U5_V1.8.0, STM32Cube_FW_WB0_V1.3.0, STM32Cube_FW_WBA_V1.7.0, STM32Cube_FW_WB_V1.23.0, STM32Cube_FW_WL3_V1.2.0, STM32Cube_FW_WL_V1.3.1, X-CUBE-ALGOBUILD_V1.4.0, X-CUBE-ALS_V1.0.2, X-CUBE-AZRTOS-F4_V1.1.0, X-CUBE-AZRTOS-F7_V1.1.0, X-CUBE-AZRTOS-G0_V1.1.0, X-CUBE-AZRTOS-G4_V2.0.0, X-CUBE-AZRTOS-H7RS_V1.1.0, X-CUBE-AZRTOS-H7_V3.4.0, X-CUBE-AZRTOS-L4_V2.0.0, X-CUBE-AZRTOS-L5_V2.0.0, X-CUBE-AZRTOS-WB_V2.0.0, X-CUBE-AZRTOS-WL_V2.0.0, X-CUBE-BLE1_V7.1.0, X-CUBE-BLE2_V3.3.0, X-CUBE-BLEMGR_V4.1.0, X-CUBE-EEPRMA1_V5.2.0, X-CUBE-FREERTOS_V1.3.1, X-CUBE-GNSS1_V6.0.0, X-CUBE-MEMS1_V11.3.0, X-CUBE-NFC4_V3.0.0, X-CUBE-NFC7_V2.0.0, X-CUBE-SFXS2LP1_V4.0.0, X-CUBE-ST67W61_V1.0.0, X-CUBE-SUBG2_V5.0.0, X-CUBE-TOF1_V3.4.3]
2025-08-12 13:57:33,107 [INFO] ApiDb:240 - Found 880 in-development CPN: [B-G473E-ZEST1S, B-WB1M-WPAN1, B-WBA5M-WPAN, B-WL5M-SUBG1, NUCLEO-C031C6, NUCLEO-C051C8, NUCLEO-C071RB, NUCLEO-C092RC, NUCLEO-H503RB, NUCLEO-H533RE, NUCLEO-H563ZI, NUCLEO-H7S3L8, NUCLEO-N657X0-Q, NUCLEO-U031R8, NUCLEO-U083RC, NUCLEO-U385RG-Q, NUCLEO-U545RE-Q, NUCLEO-U5A5ZJ-Q, NUCLEO-WB05KZ, NUCLEO-WB07CC, NUCLEO-WB09KE, NUCLEO-WBA52CG, NUCLEO-WBA55CG, NUCLEO-WL33CC1, NUCLEO-WL33CC2, STEVAL-PROTEUS1, STEVAL-SMARTAG2, STEVAL-STWINBX1, STM320518-EVAL, STM32C0116-DK, STM32C011D6Y3TR, STM32C011D6Y6TR, STM32C011F4P3, STM32C011F4P6, STM32C011F4U3, STM32C011F4U6TR, STM32C011F6P3, STM32C011F6P6, STM32C011F6U3, STM32C011F6U6TR, STM32C011J4M3, STM32C011J4M6, STM32C011J6M3, STM32C011J6M6, STM32C0316-DK, STM32C031C4T3, STM32C031C4T6, STM32C031C4U3, STM32C031C4U6, STM32C031C6T3, STM32C031C6T6, STM32C031C6U3, STM32C031C6U6, STM32C031F4P3, STM32C031F4P6, STM32C031F6P3, STM32C031F6P6, STM32C031G4U3, STM32C031G4U6, STM32C031G6U3, STM32C031G6U6, STM32C031K4T3, STM32C031K4T6, STM32C031K4U3, STM32C031K4U6, STM32C031K6T3, STM32C031K6T6, STM32C031K6U3, STM32C031K6U6, STM32C051C6T6, STM32C051C6U6, STM32C051C8T6, STM32C051C8U6, STM32C051D8Y6TR, STM32C051F6P6, STM32C051F8P6, STM32C051G6U6, STM32C051G8U6, STM32C051K6T6, STM32C051K6U6, STM32C051K8T6, STM32C071C8T6, STM32C071C8T6N, STM32C071C8U6, STM32C071C8U6N, STM32C071CBT6, STM32C071CBT6N, STM32C071CBU6, STM32C071CBU6N, STM32C071F8P6, STM32C071F8P6N, STM32C071FBP6, STM32C071FBP6N, STM32C071FBY6TR, STM32C071G8U6, STM32C071G8U6N, STM32C071GBU6, STM32C071GBU6N, STM32C071K8T6, STM32C071K8T6N, STM32C071K8U6, STM32C071K8U6N, STM32C071KBT6, STM32C071KBT6N, STM32C071KBU6, STM32C071KBU6N, STM32C071R8T6, STM32C071R8T6N, STM32C071RBI6N, STM32C071RBT6, STM32C071RBT6N, STM32C091CBT6, STM32C091CBU6, STM32C091CCT6, STM32C091CCU6, STM32C091ECY6TR, STM32C091FBP6, STM32C091FCP6, STM32C091GBU6, STM32C091GCU6, STM32C091KBT6, STM32C091KBU6, STM32C091KCT6, STM32C091KCU6, STM32C091RBT6, STM32C091RCI6, STM32C091RCT6, STM32C092CBT6, STM32C092CBU6, STM32C092CCT6, STM32C092CCU6, STM32C092ECY6TR, STM32C092FBP6, STM32C092FCP6, STM32C092GBU6, STM32C092GCU6, STM32C092KBT6, STM32C092KBU6, STM32C092KCT6, STM32C092KCU6, STM32C092RBT6, STM32C092RCI6, STM32C092RCT6, STM32G071K8TXN, STM32G071K8UXN, STM32G081GBU6N, STM32G081KBT6N, STM32G081KBUXN, STM32G0B1CCT6N, STM32G0B1KCT6, STM32G0B1NEY6TR, STM32G0B1RCT6N, STM32G0C1CCT6, STM32G0C1CCT6N, STM32G0C1CCU6N, STM32G0C1CET6N, STM32G0C1CEU6N, STM32G0C1KCT6, STM32G0C1NEY6TR, STM32G0C1RCI6N, STM32G0C1RCT6N, STM32G0C1REI6N, STM32G0C1RET6N, STM32G0C1VCI6, STM32G0C1VEI6, STM32G411C6T3, STM32G411C6T6, STM32G411C6U3, STM32G411C6U6, STM32G411C8T3, STM32G411C8T6, STM32G411C8U3, STM32G411C8U6, STM32G411CBT3, STM32G411CBT6, STM32G411CBU3, STM32G411CBU6, STM32G411K6T3, STM32G411K6T6, STM32G411K6U3, STM32G411K6U6, STM32G411K8T3, STM32G411K8T6, STM32G411K8U3, STM32G411K8U6, STM32G411KBT3, STM32G411KBT6, STM32G411KBU3, STM32G411KBU6, STM32G411M6T3, STM32G411M6T6, STM32G411M8T3, STM32G411M8T6, STM32G411MBT3, STM32G411MBT6, STM32G411R6T3, STM32G411R6T6, STM32G411R8T3, STM32G411R8T6, STM32G411RBT3, STM32G411RBT6, STM32G414CBT3, STM32G414CBT6, STM32G414CBU3, STM32G414CBU6, STM32G414CCT3, STM32G414CCT6, STM32G414CCU3, STM32G414CCU6, STM32G414MBT3, STM32G414MBT6, STM32G414MCT3, STM32G414MCT6, STM32G414RBT3, STM32G414RBT6, STM32G414RCT3, STM32G414RCT6, STM32G414VBT3, STM32G414VBT6, STM32G414VCT3, STM32G414VCT6, STM32G431CBT3Z, STM32G431RBT3Z, STM32G471CCT6, STM32G471CCU6, STM32G471CET3, STM32G471CET6, STM32G471CEU3, STM32G471CEU6, STM32G471MCT6, STM32G471MET3, STM32G471MET6, STM32G471MEY6TR, STM32G471QCT6, STM32G471QET3, STM32G471RCT6, STM32G471RET3, STM32G471RET6, STM32G471VCH6, STM32G471VCI6, STM32G471VCT6, STM32G471VEH3, STM32G471VEH6, STM32G471VEI3, STM32G471VEI6, STM32G471VET3, STM32G471VET6, STM32G473QET3Z, STM32G473RET3Z, STM32G474CCT6, STM32G491RET3Z, STM32H503CBT6, STM32H503CBU6, STM32H503EBY6TR, STM32H503KBU6, STM32H503RBT6, STM32H523CCT6, STM32H523CCU6, STM32H523CET6, STM32H523CEU6, STM32H523HEY6TR, STM32H523RCT6, STM32H523RET6, STM32H523VCI6, STM32H523VCT6, STM32H523VEI6, STM32H523VET6, STM32H523ZCJ6, STM32H523ZCT6, STM32H523ZEJ6, STM32H523ZET6, STM32H533CET6, STM32H533CEU6, STM32H533HEY6TR, STM32H533RET6, STM32H533VEI6, STM32H533VET6, STM32H533ZEJ6, STM32H533ZET6, STM32H562AGI6, STM32H562AII6, STM32H562IGK6, STM32H562IGT6, STM32H562IIK6, STM32H562IIT6, STM32H562RGT6, STM32H562RGV6, STM32H562RIT6, STM32H562RIV6, STM32H562VGT6, STM32H562VIT6, STM32H562ZGT6, STM32H562ZIT6, STM32H563AGI6, STM32H563AII3Q, STM32H563AII6, STM32H563IGK6, STM32H563IGT6, STM32H563IIK3Q, STM32H563IIK6, STM32H563IIT3Q, STM32H563IIT6, STM32H563MIY3QTR, STM32H563RGT6, STM32H563RGV6, STM32H563RIT6, STM32H563RIV6, STM32H563VGT6, STM32H563VIT3Q, STM32H563VIT6, STM32H563ZGT6, STM32H563ZIT3Q, STM32H563ZIT6, STM32H573AII3Q, STM32H573AII6, STM32H573I-DK, STM32H573IIK3Q, STM32H573IIK6, STM32H573IIT3Q, STM32H573IIT6, STM32H573MIY3QTR, STM32H573RIT6, STM32H573RIV6, STM32H573VIT3Q, STM32H573VIT6, STM32H573ZIT3Q, STM32H573ZIT6, STM32H7R3A8I6, STM32H7R3I8K6, STM32H7R3I8T6, STM32H7R3L8H6, STM32H7R3L8H6H, STM32H7R3R8V6, STM32H7R3V8H6, STM32H7R3V8T6, STM32H7R3V8Y6TR, STM32H7R3Z8J6, STM32H7R3Z8T6, STM32H7R7A8I6, STM32H7R7I8K6, STM32H7R7I8T6, STM32H7R7L8H6, STM32H7R7L8H6H, STM32H7R7Z8J6, STM32H7S3A8I6, STM32H7S3I8K6, STM32H7S3I8T6, STM32H7S3L8H6, STM32H7S3L8H6H, STM32H7S3R8V6, STM32H7S3V8H6, STM32H7S3V8T6, STM32H7S3V8Y6TR, STM32H7S3Z8J6, STM32H7S3Z8T6, STM32H7S78-DK, STM32H7S7A8I6, STM32H7S7I8K6, STM32H7S7I8T6, STM32H7S7L8H6, STM32H7S7L8H6H, STM32H7S7Z8J6, STM32L4R5QGI6STR, STM32MP131AAE3, STM32MP131AAF3, STM32MP131AAG3, STM32MP131CAE3, STM32MP131CAF3, STM32MP131CAG3, STM32MP131DAE7, STM32MP131DAF7, STM32MP131DAG7, STM32MP131FAE7, STM32MP131FAF7, STM32MP131FAG7, STM32MP133AAE3, STM32MP133AAF3, STM32MP133AAG3, STM32MP133CAE3, STM32MP133CAF3, STM32MP133CAG3, STM32MP133DAE7, STM32MP133DAF7, STM32MP133DAG7, STM32MP133FAE7, STM32MP133FAF7, STM32MP133FAG7, STM32MP135AAE3, STM32MP135AAF3, STM32MP135AAG3, STM32MP135CAE3, STM32MP135CAF3, STM32MP135CAG3, STM32MP135DAE7, STM32MP135DAF7, STM32MP135DAG7, STM32MP135F-DK, STM32MP135FAE7, STM32MP135FAF7, STM32MP135FAF7T, STM32MP135FAF7U, STM32MP135FAG7, STM32MP211AAL3, STM32MP211AAM3, STM32MP211AAN3, STM32MP211AAO3, STM32MP211CAL3, STM32MP211CAM3, STM32MP211CAN3, STM32MP211CAO3, STM32MP211DAL3, STM32MP211DAM3, STM32MP211DAN3, STM32MP211DAO3, STM32MP211FAL3, STM32MP211FAM3, STM32MP211FAN3, STM32MP211FAO3, STM32MP213AAL3, STM32MP213AAM3, STM32MP213AAN3, STM32MP213AAO3, STM32MP213CAL3, STM32MP213CAM3, STM32MP213CAN3, STM32MP213CAO3, STM32MP213DAL3, STM32MP213DAM3, STM32MP213DAN3, STM32MP213DAO3, STM32MP213FAL3, STM32MP213FAM3, STM32MP213FAN3, STM32MP213FAO3, STM32MP215AAL3, STM32MP215AAM3, STM32MP215AAN3, STM32MP215AAO3, STM32MP215CAL3, STM32MP215CAM3, STM32MP215CAN3, STM32MP215CAO3, STM32MP215DAL3, STM32MP215DAM3, STM32MP215DAN3, STM32MP215DAO3, STM32MP215F-DK, STM32MP215FAL3, STM32MP215FAM3, STM32MP215FAN3, STM32MP215FAO3, STM32MP231AAJ3, STM32MP231AAK3, STM32MP231AAL3, STM32MP231CAJ3, STM32MP231CAK3, STM32MP231CAL3, STM32MP231DAJ3, STM32MP231DAK3, STM32MP231DAL3, STM32MP231FAJ3, STM32MP231FAK3, STM32MP231FAL3, STM32MP233AAJ3, STM32MP233AAK3, STM32MP233AAL3, STM32MP233CAJ3, STM32MP233CAK3, STM32MP233CAL3, STM32MP233DAJ3, STM32MP233DAK3, STM32MP233DAL3, STM32MP233FAJ3, STM32MP233FAK3, STM32MP233FAL3, STM32MP235AAJ3, STM32MP235AAK3, STM32MP235AAL3, STM32MP235CAJ3, STM32MP235CAK3, STM32MP235CAL3, STM32MP235DAJ3, STM32MP235DAK3, STM32MP235DAL3, STM32MP235FAJ3, STM32MP235FAK3, STM32MP235FAL3, STM32MP251AAI3, STM32MP251AAK3, STM32MP251AAL3, STM32MP251CAI3, STM32MP251CAK3, STM32MP251CAL3, STM32MP251DAI3, STM32MP251DAK3, STM32MP251DAL3, STM32MP251FAI3, STM32MP251FAK3, STM32MP251FAL3, STM32MP253AAI3, STM32MP253AAK3, STM32MP253AAL3, STM32MP253CAI3, STM32MP253CAK3, STM32MP253CAL3, STM32MP253DAI3, STM32MP253DAK3, STM32MP253DAL3, STM32MP253FAI3, STM32MP253FAK3, STM32MP253FAL3, STM32MP255AAI3, STM32MP255AAK3, STM32MP255AAL3, STM32MP255CAI3, STM32MP255CAK3, STM32MP255CAL3, STM32MP255DAI3, STM32MP255DAK3, STM32MP255DAL3, STM32MP255FAI3, STM32MP255FAK3, STM32MP255FAL3, STM32MP257AAI3, STM32MP257AAK3, STM32MP257AAL3, STM32MP257CAI3, STM32MP257CAK3, STM32MP257CAL3, STM32MP257DAI3, STM32MP257DAK3, STM32MP257DAL3, STM32MP257F-DK, STM32MP257F-EV1, STM32MP257FAI3, STM32MP257FAK3, STM32MP257FAL3, STM32N645A0H3Q, STM32N645B0H3Q, STM32N645I0H3Q, STM32N645L0H3Q, STM32N645X0H3Q, STM32N645Z0H3Q, STM32N647A0H3Q, STM32N647B0H3Q, STM32N647I0H3Q, STM32N647L0H3Q, STM32N647X0H3Q, STM32N647Z0H3Q, STM32N655A0H3Q, STM32N655B0H3Q, STM32N655I0H3Q, STM32N655L0H3Q, STM32N655X0H3Q, STM32N655Z0H3Q, STM32N6570-DK, STM32N657A0H3Q, STM32N657B0H3Q, STM32N657I0H3Q, STM32N657L0H3Q, STM32N657X0H3Q, STM32N657Z0H3Q, STM32U031C6T6, STM32U031C6U6, STM32U031C8T6, STM32U031C8U6, STM32U031F4P6, STM32U031F6P6, STM32U031F8P6, STM32U031G6Y6TR, STM32U031G8Y6TR, STM32U031K4U6, STM32U031K6U6, STM32U031K8U6, STM32U031R6I6, STM32U031R6T6, STM32U031R8I6, STM32U031R8T6, STM32U073C8T6, STM32U073C8U6, STM32U073CBT6, STM32U073CBU6, STM32U073CCT6, STM32U073CCU6, STM32U073H8Y6TR, STM32U073HBY6TR, STM32U073HCY6TR, STM32U073K8U6, STM32U073KBU6, STM32U073KCU6, STM32U073M8I6, STM32U073M8T6, STM32U073MBI6, STM32U073MBT6, STM32U073MCI6, STM32U073MCT6, STM32U073R8I6, STM32U073R8T6, STM32U073RBI6, STM32U073RBT6, STM32U073RCI6, STM32U073RCT6, STM32U083C-DK, STM32U083CCT6, STM32U083CCU6, STM32U083HCY6TR, STM32U083KCU6, STM32U083MCI6, STM32U083MCT6, STM32U083RCI6, STM32U083RCT6, STM32U375CET6, STM32U375CET6Q, STM32U375CEU6, STM32U375CEU6Q, STM32U375CEY6QTR, STM32U375CGT6, STM32U375CGT6Q, STM32U375CGU6, STM32U375CGU6Q, STM32U375CGY6QTR, STM32U375KEU6, STM32U375KGU6, STM32U375REI6, STM32U375REI6Q, STM32U375RET6, STM32U375RET6Q, STM32U375REY6GTR, STM32U375REY6QTR, STM32U375RGI6, STM32U375RGI6Q, STM32U375RGT6, STM32U375RGT6Q, STM32U375RGY6GTR, STM32U375RGY6QTR, STM32U375VEI6, STM32U375VEI6Q, STM32U375VET6, STM32U375VET6Q, STM32U375VGI6, STM32U375VGI6Q, STM32U375VGT6, STM32U375VGT6Q, STM32U385CGT6, STM32U385CGT6Q, STM32U385CGU6, STM32U385CGU6Q, STM32U385CGY6QTR, STM32U385KGU6, STM32U385RGI6, STM32U385RGI6Q, STM32U385RGT6, STM32U385RGT6Q, STM32U385RGY6GTR, STM32U385RGY6QTR, STM32U385VGI6, STM32U385VGI6Q, STM32U385VGT6, STM32U385VGT6Q, STM32U535CBT6, STM32U535CBT6Q, STM32U535CBU6, STM32U535CBU6Q, STM32U535CCT6, STM32U535CCT6Q, STM32U535CCU6, STM32U535CCU6Q, STM32U535CET6, STM32U535CET6Q, STM32U535CEU6, STM32U535CEU6Q, STM32U535JEY6QTR, STM32U535NCY6QTR, STM32U535NEY6QTR, STM32U535RBI6, STM32U535RBI6Q, STM32U535RBT6, STM32U535RBT6Q, STM32U535RCI6, STM32U535RCI6Q, STM32U535RCT6, STM32U535RCT6Q, STM32U535REI6, STM32U535REI6Q, STM32U535RET6, STM32U535RET6Q, STM32U535VCI6, STM32U535VCI6Q, STM32U535VCT6, STM32U535VCT6Q, STM32U535VEI6, STM32U535VEI6Q, STM32U535VET6, STM32U535VET6Q, STM32U545CET6, STM32U545CET6Q, STM32U545CEU6, STM32U545CEU6Q, STM32U545JEY6QTR, STM32U545NEY6QTR, STM32U545REI6, STM32U545REI6Q, STM32U545RET6, STM32U545RET6Q, STM32U545VEI6, STM32U545VEI6Q, STM32U545VET6, STM32U545VET6Q, STM32U595AIH6, STM32U595AIH6Q, STM32U595AJH6, STM32U595AJH6Q, STM32U595QII6, STM32U595QII6Q, STM32U595QJI6, STM32U595QJI6Q, STM32U595RIT6, STM32U595RIT6Q, STM32U595RJT6, STM32U595RJT6Q, STM32U595VIT6, STM32U595VIT6Q, STM32U595VJT6, STM32U595VJT6Q, STM32U595ZIT6, STM32U595ZIT6Q, STM32U595ZIY6QTR, STM32U595ZJT6, STM32U595ZJT6Q, STM32U595ZJY6QTR, STM32U599BJY6QTR, STM32U599NIH6Q, STM32U599NJH6Q, STM32U599VIT6Q, STM32U599VJT6, STM32U599VJT6Q, STM32U599ZIT6Q, STM32U599ZIY6QTR, STM32U599ZJT6Q, STM32U599ZJY6QTR, STM32U5A5AJH6, STM32U5A5AJH6Q, STM32U5A5QII3Q , STM32U5A5QJI6, STM32U5A5QJI6Q, STM32U5A5RJT6, STM32U5A5RJT6Q, STM32U5A5VJT6, STM32U5A5VJT6Q, STM32U5A5ZJT6, STM32U5A5ZJT6Q, STM32U5A5ZJY6QTR, STM32U5A9BJY6QTR, STM32U5A9J-DK, STM32U5A9NJH6Q, STM32U5A9VJT6Q, STM32U5A9ZJT6Q, STM32U5A9ZJY6QTR, STM32U5F7VIT6, STM32U5F7VIT6Q, STM32U5F7VJT6, STM32U5F7VJT6Q, STM32U5F9BJY6QTR, STM32U5F9NJH6Q, STM32U5F9VIT6Q, STM32U5F9VJT6Q, STM32U5F9ZIJ6QTR, STM32U5F9ZIT6Q, STM32U5F9ZJJ6QTR, STM32U5F9ZJT6Q, STM32U5G7VJT6, STM32U5G7VJT6Q, STM32U5G9BJY6QTR, STM32U5G9J-DK1, STM32U5G9J-DK2, STM32U5G9NJH6Q, STM32U5G9VJT6Q, STM32U5G9ZJJ6QTR, STM32U5G9ZJT6Q, STM32WB05KZV6TR, STM32WB05KZV7TR, STM32WB05TZF6TR, STM32WB05TZF7TR, STM32WB06CCF6TR, STM32WB06CCF7TR, STM32WB06CCV6TR, STM32WB06CCV7TR, STM32WB06KCV6TR, STM32WB06KCV7TR, STM32WB07CCF6TR, STM32WB07CCF7TR, STM32WB07CCV6TR, STM32WB07CCV7TR, STM32WB07KCV6TR, STM32WB07KCV7TR, STM32WB09KEV6TR, STM32WB09KEV7TR, STM32WB09TEF6TR, STM32WB09TEF7TR, STM32WB1MMCH6, STM32WBA50KGU6, STM32WBA50KGU6TR, STM32WBA52CEU6, STM32WBA52CEU6TR, STM32WBA52CEU7, STM32WBA52CEU7TR, STM32WBA52CGU6, STM32WBA52CGU6TR, STM32WBA52CGU6U, STM32WBA52CGU7, STM32WBA52CGU7TR, STM32WBA52KEU6, STM32WBA52KEU6TR, STM32WBA52KGU6, STM32WBA52KGU6TR, STM32WBA54CEU6, STM32WBA54CEU6TR, STM32WBA54CEU7, STM32WBA54CEU7TR, STM32WBA54CGU6, STM32WBA54CGU6TR, STM32WBA54CGU7, STM32WBA54CGU7TR, STM32WBA54KEU6, STM32WBA54KEU6TR, STM32WBA54KEU7, STM32WBA54KEU7TR, STM32WBA54KGU6, STM32WBA54KGU6TR, STM32WBA54KGU7, STM32WBA54KGU7TR, STM32WBA55CEU6, STM32WBA55CEU6TR, STM32WBA55CEU7, STM32WBA55CEU7TR, STM32WBA55CGU6, STM32WBA55CGU6TR, STM32WBA55CGU6U, STM32WBA55CGU7, STM32WBA55CGU7TR, STM32WBA55G-DK1, STM32WBA55HEF6, STM32WBA55HEF7, STM32WBA55HGF6, STM32WBA55HGF7, STM32WBA55UEI6, STM32WBA55UEI6TR, STM32WBA55UEI7, STM32WBA55UEI7TR, STM32WBA55UGI6, STM32WBA55UGI6TR, STM32WBA55UGI7, STM32WBA55UGI7TR, STM32WBA5MMGH6TR, STM32WBA62MGF6, STM32WBA62MIF6, STM32WBA65MGF7, STM32WBA65MIF6, STM32WBA65MIF7, STM32WL30K8V6, STM32WL30KBV6, STM32WL31C8V6, STM32WL31CBV6, STM32WL31K8V6, STM32WL31KBV6, STM32WL33C8V6, STM32WL33C8V6X, STM32WL33CBV6, STM32WL33CBV6X, STM32WL33CCV6, STM32WL33CCV6A, STM32WL33CCV6X, STM32WL33K8V7, STM32WL33K8V7X, STM32WL33KBV7 , STM32WL33KBV7X, STM32WL33KCV7, STM32WL33KCV7X, STM32WL5MOCH6, STM32WL5MOCH6TR]
2025-08-12 13:57:33,110 [INFO] DbMcus:218 - Found 4801 MCUs, 4801 are supported
2025-08-12 13:57:33,112 [INFO] ApiDb:423 - Load user favorites file C:\Users\ZOJOLDRI/.stm32cubeide/favorites.mcus.txt: 0 item(s)
2025-08-12 13:57:33,112 [INFO] ApiDb:427 - User favorites MCUs=[]
2025-08-12 13:57:33,112 [INFO] DbMcus:224 - Set 0 / 0 favorites MCUs
2025-08-12 13:57:33,350 [INFO] ApiDb:423 - Load user favorites file C:\Users\ZOJOLDRI/.stm32cubeide/favorites.boards.txt: 0 item(s)
2025-08-12 13:57:33,350 [INFO] ApiDb:427 - User favorites Boards=[]
2025-08-12 13:57:33,350 [INFO] DbBoards:198 - Set 0 / 0 favorites Boards
2025-08-12 13:57:33,851 [INFO] UtilMem:75 - End LoadConfig() Used Memory: 468370976 Bytes (788529152)
2025-08-12 13:57:34,215 [WARN] ThirdParty:833 - waiting for thirdparty lock release [change project]
2025-08-12 13:57:34,215 [INFO] ThirdParty:835 - entering critical section [change project]
2025-08-12 13:57:34,215 [INFO] ThirdParty:1030 - CMSIS Pack Vendor :STMicroelectronics X-CUBE-PM33A1 1.0.0
2025-08-12 13:57:34,215 [INFO] ThirdParty:1030 - CMSIS Pack Vendor :STMicroelectronics USBPD 4.1
2025-08-12 13:57:34,215 [INFO] ThirdParty:1030 - CMSIS Pack Vendor :STMicroelectronics X-CUBE-NFC9 1.0.0
2025-08-12 13:57:34,215 [INFO] ThirdParty:1030 - CMSIS Pack Vendor :wolfSSL I-CUBE-wolfSSL 5.8.0
2025-08-12 13:57:34,215 [INFO] ThirdParty:1030 - CMSIS Pack Vendor :STMicroelectronics USB_HOST 2.0.0
2025-08-12 13:57:34,215 [INFO] ThirdParty:1030 - CMSIS Pack Vendor :STMicroelectronics FP-SNS-MOTENVWB1 1.4.0
2025-08-12 13:57:34,215 [INFO] ThirdParty:1030 - CMSIS Pack Vendor :STMicroelectronics X-CUBE-AZRTOS-F4 1.1.0
2025-08-12 13:57:34,215 [INFO] ThirdParty:1030 - CMSIS Pack Vendor :STMicroelectronics LIBJPEG 8.0.0
2025-08-12 13:57:34,215 [INFO] ThirdParty:1030 - CMSIS Pack Vendor :STMicroelectronics FP-ATR-ASTRA1 2.0.2
2025-08-12 13:57:34,215 [INFO] ThirdParty:1030 - CMSIS Pack Vendor :STMicroelectronics X-CUBE-BLE1 7.1.0
2025-08-12 13:57:34,215 [INFO] ThirdParty:1030 - CMSIS Pack Vendor :Avnet-IotConnect X-CUBE-IoTC-DA16k-PMOD 1.0.0
2025-08-12 13:57:34,215 [INFO] ThirdParty:1030 - CMSIS Pack Vendor :STMicroelectronics X-CUBE-SMBUS 2.1.0
2025-08-12 13:57:34,215 [INFO] ThirdParty:1030 - CMSIS Pack Vendor :wolfSSL I-CUBE-wolfMQTT 1.19.2
2025-08-12 13:57:34,215 [INFO] ThirdParty:1030 - CMSIS Pack Vendor :STMicroelectronics USB_DEVICE 3.0.0
2025-08-12 13:57:34,215 [INFO] ThirdParty:1030 - CMSIS Pack Vendor :STMicroelectronics X-CUBE-ISPU 2.1.0
2025-08-12 13:57:34,215 [INFO] ThirdParty:1030 - CMSIS Pack Vendor :STMicroelectronics X-CUBE-EEPRMA1 5.2.0
2025-08-12 13:57:34,215 [INFO] ThirdParty:1030 - CMSIS Pack Vendor :STMicroelectronics X-CUBE-BLEMGR 4.1.0
2025-08-12 13:57:34,215 [INFO] ThirdParty:1030 - CMSIS Pack Vendor :STMicroelectronics X-CUBE-AZRTOS-WB 2.0.0
2025-08-12 13:57:34,215 [INFO] ThirdParty:1030 - CMSIS Pack Vendor :STMicroelectronics X-CUBE-ST60 1.0.0
2025-08-12 13:57:34,215 [INFO] ThirdParty:1030 - CMSIS Pack Vendor :STMicroelectronics X-CUBE-GNSS1 7.0.1
2025-08-12 13:57:34,215 [INFO] ThirdParty:1030 - CMSIS Pack Vendor :STMicroelectronics X-CUBE-NFC12 1.0.0
2025-08-12 13:57:34,215 [INFO] ThirdParty:1030 - CMSIS Pack Vendor :STMicroelectronics X-CUBE-AZRTOS-F7 1.1.0
2025-08-12 13:57:34,215 [INFO] ThirdParty:1030 - CMSIS Pack Vendor :STMicroelectronics X-CUBE-AZRTOS-L5 2.0.0
2025-08-12 13:57:34,215 [INFO] ThirdParty:1030 - CMSIS Pack Vendor :STMicroelectronics X-CUBE-TOUCHGFX 4.25.0
2025-08-12 13:57:34,215 [INFO] ThirdParty:1030 - CMSIS Pack Vendor :STMicroelectronics USB_DEVICE 2.0.0
2025-08-12 13:57:34,215 [INFO] ThirdParty:1030 - CMSIS Pack Vendor :STMicroelectronics X-CUBE-NFC6 3.1.0
2025-08-12 13:57:34,215 [INFO] ThirdParty:1030 - CMSIS Pack Vendor :STMicroelectronics X-CUBE-AI 10.1.0
2025-08-12 13:57:34,215 [INFO] ThirdParty:1030 - CMSIS Pack Vendor :STMicroelectronics FP-SNS-STBOX1 2.0.0
2025-08-12 13:57:34,215 [INFO] ThirdParty:1030 - CMSIS Pack Vendor :quantropi X-CUBE-qispace-sdk-base 2.1.0
2025-08-12 13:57:34,215 [INFO] ThirdParty:1030 - CMSIS Pack Vendor :STMicroelectronics FreeRTOS 0.0.1
2025-08-12 13:57:34,216 [INFO] ThirdParty:1030 - CMSIS Pack Vendor :STMicroelectronics X-CUBE-AZRTOS-G0 1.1.0
2025-08-12 13:57:34,216 [INFO] ThirdParty:1030 - CMSIS Pack Vendor :STMicroelectronics X-CUBE-SAFEA1 1.2.2
2025-08-12 13:57:34,216 [INFO] ThirdParty:1030 - CMSIS Pack Vendor :STMicroelectronics X-CUBE-NFC4 3.0.0
2025-08-12 13:57:34,216 [INFO] ThirdParty:1030 - CMSIS Pack Vendor :STMicroelectronics X-CUBE-SUBG2 5.0.0
2025-08-12 13:57:34,216 [INFO] ThirdParty:1030 - CMSIS Pack Vendor :STMicroelectronics X-CUBE-AZRTOS-H7RS 1.1.0
2025-08-12 13:57:34,216 [INFO] ThirdParty:1030 - CMSIS Pack Vendor :STMicroelectronics STM32_WPAN 1.0.0
2025-08-12 13:57:34,216 [INFO] ThirdParty:1030 - CMSIS Pack Vendor :EmbeddedOffice I-CUBE-FS-RTOS 1.0.1
2025-08-12 13:57:34,216 [INFO] ThirdParty:1030 - CMSIS Pack Vendor :STMicroelectronics lwIP 2.0.3
2025-08-12 13:57:34,216 [INFO] ThirdParty:1030 - CMSIS Pack Vendor :Cesanta I-CUBE-Mongoose 7.13.0
2025-08-12 13:57:34,216 [INFO] ThirdParty:1030 - CMSIS Pack Vendor :STMicroelectronics USB_HOST 1.0.0
2025-08-12 13:57:34,216 [INFO] ThirdParty:1030 - CMSIS Pack Vendor :Infineon AIROC-Wi-Fi-Bluetooth-STM32 1.7.1
2025-08-12 13:57:34,216 [INFO] ThirdParty:1030 - CMSIS Pack Vendor :STMicroelectronics X-CUBE-AZRTOS-G4 2.0.0
2025-08-12 13:57:34,216 [INFO] ThirdParty:1030 - CMSIS Pack Vendor :STMicroelectronics X-CUBE-WB05N 2.0.0
2025-08-12 13:57:34,216 [INFO] ThirdParty:1030 - CMSIS Pack Vendor :STMicroelectronics PDM2PCM 3.1.0
2025-08-12 13:57:34,216 [INFO] ThirdParty:1030 - CMSIS Pack Vendor :STMicroelectronics PDM2PCM 3.3.0
2025-08-12 13:57:34,216 [INFO] ThirdParty:1030 - CMSIS Pack Vendor :wolfSSL I-CUBE-wolfTPM 3.8.0
2025-08-12 13:57:34,216 [INFO] ThirdParty:1030 - CMSIS Pack Vendor :STMicroelectronics X-CUBE-AZRTOS-H7 3.4.0
2025-08-12 13:57:34,216 [INFO] ThirdParty:1030 - CMSIS Pack Vendor :STMicroelectronics X-CUBE-DISPLAY 3.0.0
2025-08-12 13:57:34,216 [INFO] ThirdParty:1030 - CMSIS Pack Vendor :wolfSSL I-CUBE-wolfSSH 1.4.20
2025-08-12 13:57:34,216 [INFO] ThirdParty:1030 - CMSIS Pack Vendor :STMicroelectronics X-CUBE-NFC7 2.0.0
2025-08-12 13:57:34,216 [INFO] ThirdParty:1030 - CMSIS Pack Vendor :STMicroelectronics X-CUBE-TCPP 4.2.0
2025-08-12 13:57:34,216 [INFO] ThirdParty:1030 - CMSIS Pack Vendor :RealThread X-CUBE-RT-Thread_Nano 4.1.1
2025-08-12 13:57:34,216 [INFO] ThirdParty:1030 - CMSIS Pack Vendor :STMicroelectronics FP-ATR-SIGFOX1 3.2.0
2025-08-12 13:57:34,216 [INFO] ThirdParty:1030 - CMSIS Pack Vendor :STMicroelectronics X-CUBE-NFC10 1.0.0
2025-08-12 13:57:34,216 [INFO] ThirdParty:1030 - CMSIS Pack Vendor :STMicroelectronics X-CUBE-FREERTOS 1.3.1
2025-08-12 13:57:34,216 [INFO] ThirdParty:1030 - CMSIS Pack Vendor :STMicroelectronics HAL Drivers 0.0.0
2025-08-12 13:57:34,216 [INFO] ThirdParty:1030 - CMSIS Pack Vendor :STMicroelectronics MBEDTLS 2.16.2
2025-08-12 13:57:34,216 [INFO] ThirdParty:1030 - CMSIS Pack Vendor :STMicroelectronics X-CUBE-IPS 3.1.0
2025-08-12 13:57:34,216 [INFO] ThirdParty:1030 - CMSIS Pack Vendor :STMicroelectronics X-CUBE-ALS 1.0.2
2025-08-12 13:57:34,216 [INFO] ThirdParty:1030 - CMSIS Pack Vendor :emotas I-CUBE-CANOPEN 1.3.0
2025-08-12 13:57:34,216 [INFO] ThirdParty:1030 - CMSIS Pack Vendor :STMicroelectronics MBEDTLS 2.14.1
2025-08-12 13:57:34,216 [INFO] ThirdParty:1030 - CMSIS Pack Vendor :ITTIA_DB I-CUBE-ITTIADB 8.9.0
2025-08-12 13:57:34,216 [INFO] ThirdParty:1030 - CMSIS Pack Vendor :portGmbH I-Cube-SoM-uGOAL 1.1.0
2025-08-12 13:57:34,216 [INFO] ThirdParty:1030 - CMSIS Pack Vendor :STMicroelectronics X-CUBE-ST67W61 1.0.0
2025-08-12 13:57:34,216 [INFO] ThirdParty:1030 - CMSIS Pack Vendor :STMicroelectronics FP-SNS-STBOX1 2.1.0
2025-08-12 13:57:34,216 [INFO] ThirdParty:1030 - CMSIS Pack Vendor :STMicroelectronics X-CUBE-AI 10.2.0
2025-08-12 13:57:34,216 [INFO] ThirdParty:1030 - CMSIS Pack Vendor :STMicroelectronics FP-SNS-STAIOTCFT 1.0.0
2025-08-12 13:57:34,216 [INFO] ThirdParty:1030 - CMSIS Pack Vendor :STMicroelectronics ThreadX 1.0.0
2025-08-12 13:57:34,216 [INFO] ThirdParty:1030 - CMSIS Pack Vendor :STMicroelectronics FP-SNS-SMARTAG2 1.2.0
2025-08-12 13:57:34,216 [INFO] ThirdParty:1030 - CMSIS Pack Vendor :STMicroelectronics FP-SNS-FLIGHT1 5.1.0
2025-08-12 13:57:34,216 [INFO] ThirdParty:1030 - CMSIS Pack Vendor :STMicroelectronics X-CUBE-AZRTOS-WL 2.0.0
2025-08-12 13:57:34,217 [INFO] ThirdParty:1030 - CMSIS Pack Vendor :SEGGER I-CUBE-embOS 1.3.1
2025-08-12 13:57:34,217 [INFO] ThirdParty:1030 - CMSIS Pack Vendor :STMicroelectronics X-CUBE-ALGOBUILD 1.4.0
2025-08-12 13:57:34,217 [INFO] ThirdParty:1030 - CMSIS Pack Vendor :STMicroelectronics X-CUBE-DPower 1.3.0
2025-08-12 13:57:34,217 [INFO] ThirdParty:1030 - CMSIS Pack Vendor :STMicroelectronics X-CUBE-MEMS1 11.3.0
2025-08-12 13:57:34,217 [INFO] ThirdParty:1030 - CMSIS Pack Vendor :STMicroelectronics FP-SNS-MOTENV1 5.0.0
2025-08-12 13:57:34,217 [INFO] ThirdParty:1030 - CMSIS Pack Vendor :STMicroelectronics USB_DEVICE 1.0.0
2025-08-12 13:57:34,217 [INFO] ThirdParty:1030 - CMSIS Pack Vendor :STMicroelectronics X-CUBE-AZRTOS-L4 2.0.0
2025-08-12 13:57:34,217 [INFO] ThirdParty:1030 - CMSIS Pack Vendor :STMicroelectronics ThreadX 0.0.2
2025-08-12 13:57:34,217 [INFO] ThirdParty:1030 - CMSIS Pack Vendor :WES I-CUBE-Cesium 1.3.0
2025-08-12 13:57:34,217 [INFO] ThirdParty:1030 - CMSIS Pack Vendor :STMicroelectronics lwIP 2.1.2
2025-08-12 13:57:34,217 [INFO] ThirdParty:1030 - CMSIS Pack Vendor :STMicroelectronics X-CUBE-SFXS2LP1 4.0.0
2025-08-12 13:57:34,217 [INFO] ThirdParty:1030 - CMSIS Pack Vendor :STMicroelectronics X-CUBE-BLE2 3.3.0
2025-08-12 13:57:34,217 [INFO] ThirdParty:1030 - CMSIS Pack Vendor :STMicroelectronics X-CUBE-TOF1 3.4.3
2025-08-12 13:57:34,217 [INFO] ThirdParty:1030 - CMSIS Pack Vendor :STMicroelectronics PDM2PCM 3.2.0
2025-08-12 13:57:34,217 [INFO] ThirdParty:841 - exiting critical section [change project]
2025-08-12 13:57:35,269 [INFO] PinOutPanel:1589 - setPackage(No Configuration,No Configuration)
2025-08-12 13:57:35,271 [INFO] PinOutPanel:1589 - setPackage(STM32N657X0HxQ,VFBGA264)
2025-08-12 13:57:36,211 [INFO] UtilMem:75 - Before build in PCC Used Memory: 705854400 Bytes (788529152)
2025-08-12 13:57:37,145 [INFO] UtilMem:75 - After build in PCC Used Memory: 402653184 Bytes (818937856)
2025-08-12 13:57:37,160 [INFO] ApiDbMcu:532 - Load IP Config File for EXTMEM_MANAGER
2025-08-12 13:57:37,206 [INFO] IPUIPlugin:80 - create IPUIPlugin
2025-08-12 13:57:37,206 [INFO] IPUIPlugin:80 - create IPUIPlugin
2025-08-12 13:57:37,206 [INFO] IPUIPlugin:80 - create IPUIPlugin
2025-08-12 13:57:37,207 [INFO] IPUIPlugin:80 - create IPUIPlugin
2025-08-12 13:57:37,207 [INFO] IPUIPlugin:80 - create IPUIPlugin
2025-08-12 13:57:37,207 [INFO] IPUIPlugin:80 - create IPUIPlugin
2025-08-12 13:57:37,207 [INFO] IPUIPlugin:80 - create IPUIPlugin
2025-08-12 13:57:37,207 [INFO] IPUIPlugin:80 - create IPUIPlugin
2025-08-12 13:57:37,207 [INFO] IPUIPlugin:80 - create IPUIPlugin
2025-08-12 13:57:37,207 [INFO] IPUIPlugin:80 - create IPUIPlugin
2025-08-12 13:57:37,207 [INFO] IPUIPlugin:80 - create IPUIPlugin
2025-08-12 13:57:37,207 [INFO] IPUIPlugin:80 - create IPUIPlugin
2025-08-12 13:57:37,207 [INFO] IPUIPlugin:80 - create IPUIPlugin
2025-08-12 13:57:37,207 [INFO] IPUIPlugin:80 - create IPUIPlugin
2025-08-12 13:57:37,207 [INFO] IPUIPlugin:80 - create IPUIPlugin
2025-08-12 13:57:37,208 [INFO] IPUIPlugin:80 - create IPUIPlugin
2025-08-12 13:57:37,208 [INFO] IPUIPlugin:80 - create IPUIPlugin
2025-08-12 13:57:37,208 [INFO] IPUIPlugin:80 - create IPUIPlugin
2025-08-12 13:57:37,208 [INFO] IPUIPlugin:80 - create IPUIPlugin
2025-08-12 13:57:37,208 [INFO] IPUIPlugin:80 - create IPUIPlugin
2025-08-12 13:57:37,208 [INFO] IPUIPlugin:80 - create IPUIPlugin
2025-08-12 13:57:37,208 [INFO] IPUIPlugin:80 - create IPUIPlugin
2025-08-12 13:57:37,208 [INFO] IPUIPlugin:80 - create IPUIPlugin
2025-08-12 13:57:37,208 [INFO] IPUIPlugin:80 - create IPUIPlugin
2025-08-12 13:57:37,208 [INFO] IPUIPlugin:80 - create IPUIPlugin
2025-08-12 13:57:37,208 [INFO] IPUIPlugin:80 - create IPUIPlugin
2025-08-12 13:57:37,208 [INFO] IPUIPlugin:80 - create IPUIPlugin
2025-08-12 13:57:37,209 [INFO] IPUIPlugin:80 - create IPUIPlugin
2025-08-12 13:57:37,209 [INFO] IPUIPlugin:80 - create IPUIPlugin
2025-08-12 13:57:37,209 [INFO] IPUIPlugin:80 - create IPUIPlugin
2025-08-12 13:57:37,209 [INFO] IPUIPlugin:80 - create IPUIPlugin
2025-08-12 13:57:37,209 [INFO] IPUIPlugin:80 - create IPUIPlugin
2025-08-12 13:57:37,209 [INFO] IPUIPlugin:80 - create IPUIPlugin
2025-08-12 13:57:37,209 [INFO] IPUIPlugin:80 - create IPUIPlugin
2025-08-12 13:57:37,210 [INFO] IPUIPlugin:80 - create IPUIPlugin
2025-08-12 13:57:37,210 [INFO] IPUIPlugin:80 - create IPUIPlugin
2025-08-12 13:57:37,210 [INFO] IPUIPlugin:80 - create IPUIPlugin
2025-08-12 13:57:37,210 [INFO] IPUIPlugin:80 - create IPUIPlugin
2025-08-12 13:57:37,210 [INFO] IPUIPlugin:80 - create IPUIPlugin
2025-08-12 13:57:37,210 [INFO] IPUIPlugin:80 - create IPUIPlugin
2025-08-12 13:57:37,210 [INFO] IPUIPlugin:80 - create IPUIPlugin
2025-08-12 13:57:37,210 [INFO] IPUIPlugin:80 - create IPUIPlugin
2025-08-12 13:57:37,210 [INFO] IPUIPlugin:80 - create IPUIPlugin
2025-08-12 13:57:37,210 [INFO] IPUIPlugin:80 - create IPUIPlugin
2025-08-12 13:57:37,210 [INFO] IPUIPlugin:80 - create IPUIPlugin
2025-08-12 13:57:37,211 [INFO] IPUIPlugin:80 - create IPUIPlugin
2025-08-12 13:57:37,211 [INFO] IPUIPlugin:80 - create IPUIPlugin
2025-08-12 13:57:37,211 [INFO] IPUIPlugin:80 - create IPUIPlugin
2025-08-12 13:57:37,211 [INFO] IPUIPlugin:80 - create IPUIPlugin
2025-08-12 13:57:37,211 [INFO] IPUIPlugin:80 - create IPUIPlugin
2025-08-12 13:57:37,211 [INFO] IPUIPlugin:80 - create IPUIPlugin
2025-08-12 13:57:37,212 [INFO] IPUIPlugin:80 - create IPUIPlugin
2025-08-12 13:57:37,212 [INFO] IPUIPlugin:80 - create IPUIPlugin
2025-08-12 13:57:37,212 [INFO] IPUIPlugin:80 - create IPUIPlugin
2025-08-12 13:57:37,212 [INFO] IPUIPlugin:80 - create IPUIPlugin
2025-08-12 13:57:37,212 [INFO] IPUIPlugin:80 - create IPUIPlugin
2025-08-12 13:57:37,212 [INFO] IPUIPlugin:80 - create IPUIPlugin
2025-08-12 13:57:37,213 [INFO] IPUIPlugin:80 - create IPUIPlugin
2025-08-12 13:57:37,213 [INFO] IPUIPlugin:80 - create IPUIPlugin
2025-08-12 13:57:37,213 [INFO] IPUIPlugin:80 - create IPUIPlugin
2025-08-12 13:57:37,213 [INFO] IPUIPlugin:80 - create IPUIPlugin
2025-08-12 13:57:37,213 [INFO] IPUIPlugin:80 - create IPUIPlugin
2025-08-12 13:57:37,214 [INFO] IPUIPlugin:80 - create IPUIPlugin
2025-08-12 13:57:37,214 [INFO] IPUIPlugin:80 - create IPUIPlugin
2025-08-12 13:57:37,214 [INFO] IPUIPlugin:80 - create IPUIPlugin
2025-08-12 13:57:37,214 [INFO] IPUIPlugin:80 - create IPUIPlugin
2025-08-12 13:57:37,214 [INFO] IPUIPlugin:80 - create IPUIPlugin
2025-08-12 13:57:37,214 [INFO] IPUIPlugin:80 - create IPUIPlugin
2025-08-12 13:57:37,215 [INFO] IPUIPlugin:80 - create IPUIPlugin
2025-08-12 13:57:37,215 [INFO] IPUIPlugin:80 - create IPUIPlugin
2025-08-12 13:57:37,215 [INFO] IPUIPlugin:80 - create IPUIPlugin
2025-08-12 13:57:37,215 [INFO] IPUIPlugin:80 - create IPUIPlugin
2025-08-12 13:57:37,215 [INFO] IPUIPlugin:80 - create IPUIPlugin
2025-08-12 13:57:37,216 [INFO] IPUIPlugin:80 - create IPUIPlugin
2025-08-12 13:57:37,216 [INFO] IPUIPlugin:80 - create IPUIPlugin
2025-08-12 13:57:37,216 [INFO] IPUIPlugin:80 - create IPUIPlugin
2025-08-12 13:57:37,216 [INFO] IPUIPlugin:80 - create IPUIPlugin
2025-08-12 13:57:37,216 [INFO] IPUIPlugin:80 - create IPUIPlugin
2025-08-12 13:57:37,217 [INFO] IPUIPlugin:80 - create IPUIPlugin
2025-08-12 13:57:37,217 [INFO] IPUIPlugin:80 - create IPUIPlugin
2025-08-12 13:57:37,217 [INFO] IPUIPlugin:80 - create IPUIPlugin
2025-08-12 13:57:37,217 [INFO] IPUIPlugin:80 - create IPUIPlugin
2025-08-12 13:57:37,217 [INFO] IPUIPlugin:80 - create IPUIPlugin
2025-08-12 13:57:37,218 [INFO] IPUIPlugin:80 - create IPUIPlugin
2025-08-12 13:57:37,218 [INFO] IPUIPlugin:80 - create IPUIPlugin
2025-08-12 13:57:37,218 [INFO] IPUIPlugin:80 - create IPUIPlugin
2025-08-12 13:57:37,218 [INFO] IPUIPlugin:80 - create IPUIPlugin
2025-08-12 13:57:37,219 [INFO] IPUIPlugin:80 - create IPUIPlugin
2025-08-12 13:57:37,219 [INFO] IPUIPlugin:80 - create IPUIPlugin
2025-08-12 13:57:37,219 [INFO] IPUIPlugin:80 - create IPUIPlugin
2025-08-12 13:57:37,220 [INFO] IPUIPlugin:80 - create IPUIPlugin
2025-08-12 13:57:37,220 [INFO] IPUIPlugin:80 - create IPUIPlugin
2025-08-12 13:57:37,220 [INFO] IPUIPlugin:80 - create IPUIPlugin
2025-08-12 13:57:37,220 [INFO] IPUIPlugin:80 - create IPUIPlugin
2025-08-12 13:57:37,220 [INFO] IPUIPlugin:80 - create IPUIPlugin
2025-08-12 13:57:37,221 [INFO] IPUIPlugin:80 - create IPUIPlugin
2025-08-12 13:57:37,221 [INFO] IPUIPlugin:80 - create IPUIPlugin
2025-08-12 13:57:37,221 [INFO] IPUIPlugin:80 - create IPUIPlugin
2025-08-12 13:57:37,221 [INFO] IPUIPlugin:80 - create IPUIPlugin
2025-08-12 13:57:37,222 [INFO] IPUIPlugin:80 - create IPUIPlugin
2025-08-12 13:57:37,222 [INFO] IPUIPlugin:80 - create IPUIPlugin
2025-08-12 13:57:37,222 [INFO] IPUIPlugin:80 - create IPUIPlugin
2025-08-12 13:57:37,222 [INFO] IPUIPlugin:80 - create IPUIPlugin
2025-08-12 13:57:37,223 [INFO] IPUIPlugin:80 - create IPUIPlugin
2025-08-12 13:57:37,223 [INFO] IPUIPlugin:80 - create IPUIPlugin
2025-08-12 13:57:37,223 [INFO] IPUIPlugin:80 - create IPUIPlugin
2025-08-12 13:57:37,223 [INFO] IPUIPlugin:80 - create IPUIPlugin
2025-08-12 13:57:37,224 [INFO] IPUIPlugin:80 - create IPUIPlugin
2025-08-12 13:57:37,224 [INFO] IPUIPlugin:80 - create IPUIPlugin
2025-08-12 13:57:37,224 [INFO] IPUIPlugin:80 - create IPUIPlugin
2025-08-12 13:57:37,225 [INFO] IPUIPlugin:80 - create IPUIPlugin
2025-08-12 13:57:37,225 [INFO] IPUIPlugin:80 - create IPUIPlugin
2025-08-12 13:57:37,225 [INFO] IPUIPlugin:80 - create IPUIPlugin
2025-08-12 13:57:37,225 [INFO] IPUIPlugin:80 - create IPUIPlugin
2025-08-12 13:57:37,226 [INFO] IPUIPlugin:80 - create IPUIPlugin
2025-08-12 13:57:37,226 [INFO] IPUIPlugin:80 - create IPUIPlugin
2025-08-12 13:57:37,227 [INFO] IPUIPlugin:80 - create IPUIPlugin
2025-08-12 13:57:37,227 [INFO] IPUIPlugin:80 - create IPUIPlugin
2025-08-12 13:57:37,227 [INFO] IPUIPlugin:80 - create IPUIPlugin
2025-08-12 13:57:37,228 [INFO] IPUIPlugin:80 - create IPUIPlugin
2025-08-12 13:57:37,228 [INFO] IPUIPlugin:80 - create IPUIPlugin
2025-08-12 13:57:37,229 [INFO] IPUIPlugin:80 - create IPUIPlugin
2025-08-12 13:57:37,229 [INFO] IPUIPlugin:80 - create IPUIPlugin
2025-08-12 13:57:37,229 [INFO] IPUIPlugin:80 - create IPUIPlugin
2025-08-12 13:57:37,230 [INFO] IPUIPlugin:80 - create IPUIPlugin
2025-08-12 13:57:37,230 [INFO] IPUIPlugin:80 - create IPUIPlugin
2025-08-12 13:57:37,230 [INFO] IPUIPlugin:80 - create IPUIPlugin
2025-08-12 13:57:37,231 [INFO] IPUIPlugin:80 - create IPUIPlugin
2025-08-12 13:57:37,231 [INFO] IPUIPlugin:80 - create IPUIPlugin
2025-08-12 13:57:37,231 [INFO] IPUIPlugin:80 - create IPUIPlugin
2025-08-12 13:57:37,232 [INFO] IPUIPlugin:80 - create IPUIPlugin
2025-08-12 13:57:37,254 [WARN] IP:2250 - RefParam_LRUN_SRC_memory not found: check if there is a RefParameter without a condition.
2025-08-12 13:57:37,254 [WARN] IP:2250 - RefParam_LRUN_SRC_offset not found: check if there is a RefParameter without a condition.
2025-08-12 13:57:37,254 [WARN] IP:2250 - RefParam_LRUN_SRC_size not found: check if there is a RefParameter without a condition.
2025-08-12 13:57:37,254 [WARN] IP:2250 - RefParam_LRUN_DEST_memory not found: check if there is a RefParameter without a condition.
2025-08-12 13:57:37,254 [WARN] IP:2250 - RefParam_LRUN_DEST_offset not found: check if there is a RefParameter without a condition.
2025-08-12 13:57:37,254 [WARN] IP:2250 - RefParam_MEMORY_1_Size not found: check if there is a RefParameter without a condition.
2025-08-12 13:57:37,254 [WARN] IP:2250 - RefParam_MEMORY_1_FreqMax not found: check if there is a RefParameter without a condition.
2025-08-12 13:57:37,254 [WARN] IP:2250 - RefParam_MEMORY_1_ReadReg not found: check if there is a RefParameter without a condition.
2025-08-12 13:57:37,254 [WARN] IP:2250 - RefParam_MEMORY_1_WriteReg not found: check if there is a RefParameter without a condition.
2025-08-12 13:57:37,254 [WARN] IP:2250 - RefParam_MEMORY_1_RegSize not found: check if there is a RefParameter without a condition.
2025-08-12 13:57:37,254 [WARN] IP:2250 - RefParam_MEMORY_1_RegDummyCycle not found: check if there is a RefParameter without a condition.
2025-08-12 13:57:37,254 [WARN] IP:2250 - RefParam_MEMORY_1_WriteCommand not found: check if there is a RefParameter without a condition.
2025-08-12 13:57:37,254 [WARN] IP:2250 - RefParam_MEMORY_1_WriteDummyCycle not found: check if there is a RefParameter without a condition.
2025-08-12 13:57:37,255 [WARN] IP:2250 - RefParam_MEMORY_1_ReadCommand not found: check if there is a RefParameter without a condition.
2025-08-12 13:57:37,255 [WARN] IP:2250 - RefParam_MEMORY_1_WrapReadCommand not found: check if there is a RefParameter without a condition.
2025-08-12 13:57:37,255 [WARN] IP:2250 - RefParam_MEMORY_1_ReadDummyCycle not found: check if there is a RefParameter without a condition.
2025-08-12 13:57:37,255 [WARN] IP:2250 - RefParam_MEMORY_1_NumberOfConfig not found: check if there is a RefParameter without a condition.
2025-08-12 13:57:37,255 [WARN] IP:2250 - RefParam_MEMORY_1_Config1_WriteMask not found: check if there is a RefParameter without a condition.
2025-08-12 13:57:37,255 [WARN] IP:2250 - RefParam_MEMORY_1_Config1_WriteValue not found: check if there is a RefParameter without a condition.
2025-08-12 13:57:37,255 [WARN] IP:2250 - RefParam_MEMORY_1_Config1_RegAddress not found: check if there is a RefParameter without a condition.
2025-08-12 13:57:37,255 [WARN] IP:2250 - RefParam_MEMORY_1_Config2_WriteMask not found: check if there is a RefParameter without a condition.
2025-08-12 13:57:37,255 [WARN] IP:2250 - RefParam_MEMORY_1_Config2_WriteValue not found: check if there is a RefParameter without a condition.
2025-08-12 13:57:37,255 [WARN] IP:2250 - RefParam_MEMORY_1_Config2_RegAddress not found: check if there is a RefParameter without a condition.
2025-08-12 13:57:37,255 [WARN] IP:2250 - RefParam_MEMORY_1_Config3_WriteMask not found: check if there is a RefParameter without a condition.
2025-08-12 13:57:37,255 [WARN] IP:2250 - RefParam_MEMORY_1_Config3_WriteValue not found: check if there is a RefParameter without a condition.
2025-08-12 13:57:37,255 [WARN] IP:2250 - RefParam_MEMORY_1_Config3_RegAddress not found: check if there is a RefParameter without a condition.
2025-08-12 13:57:37,255 [WARN] IP:2250 - RefParam_MEMORY_2_Instance not found: check if there is a RefParameter without a condition.
2025-08-12 13:57:37,255 [WARN] IP:2250 - RefParam_MEMORY_2_ConfigType not found: check if there is a RefParameter without a condition.
2025-08-12 13:57:37,255 [WARN] IP:2250 - RefParam_MEMORY_2_Size not found: check if there is a RefParameter without a condition.
2025-08-12 13:57:37,255 [WARN] IP:2250 - RefParam_MEMORY_2_FreqMax not found: check if there is a RefParameter without a condition.
2025-08-12 13:57:37,255 [WARN] IP:2250 - RefParam_MEMORY_2_ReadReg not found: check if there is a RefParameter without a condition.
2025-08-12 13:57:37,255 [WARN] IP:2250 - RefParam_MEMORY_2_WriteReg not found: check if there is a RefParameter without a condition.
2025-08-12 13:57:37,255 [WARN] IP:2250 - RefParam_MEMORY_2_RegSize not found: check if there is a RefParameter without a condition.
2025-08-12 13:57:37,255 [WARN] IP:2250 - RefParam_MEMORY_2_RegDummyCycle not found: check if there is a RefParameter without a condition.
2025-08-12 13:57:37,255 [WARN] IP:2250 - RefParam_MEMORY_2_WriteCommand not found: check if there is a RefParameter without a condition.
2025-08-12 13:57:37,255 [WARN] IP:2250 - RefParam_MEMORY_2_WriteDummyCycle not found: check if there is a RefParameter without a condition.
2025-08-12 13:57:37,255 [WARN] IP:2250 - RefParam_MEMORY_2_ReadCommand not found: check if there is a RefParameter without a condition.
2025-08-12 13:57:37,255 [WARN] IP:2250 - RefParam_MEMORY_2_WrapReadCommand not found: check if there is a RefParameter without a condition.
2025-08-12 13:57:37,255 [WARN] IP:2250 - RefParam_MEMORY_2_ReadDummyCycle not found: check if there is a RefParameter without a condition.
2025-08-12 13:57:37,255 [WARN] IP:2250 - RefParam_MEMORY_2_NumberOfConfig not found: check if there is a RefParameter without a condition.
2025-08-12 13:57:37,255 [WARN] IP:2250 - RefParam_MEMORY_2_Config1_WriteMask not found: check if there is a RefParameter without a condition.
2025-08-12 13:57:37,255 [WARN] IP:2250 - RefParam_MEMORY_2_Config1_WriteValue not found: check if there is a RefParameter without a condition.
2025-08-12 13:57:37,255 [WARN] IP:2250 - RefParam_MEMORY_2_Config1_RegAddress not found: check if there is a RefParameter without a condition.
2025-08-12 13:57:37,255 [WARN] IP:2250 - RefParam_MEMORY_2_Config2_WriteMask not found: check if there is a RefParameter without a condition.
2025-08-12 13:57:37,255 [WARN] IP:2250 - RefParam_MEMORY_2_Config2_WriteValue not found: check if there is a RefParameter without a condition.
2025-08-12 13:57:37,255 [WARN] IP:2250 - RefParam_MEMORY_2_Config2_RegAddress not found: check if there is a RefParameter without a condition.
2025-08-12 13:57:37,255 [WARN] IP:2250 - RefParam_MEMORY_2_Config3_WriteMask not found: check if there is a RefParameter without a condition.
2025-08-12 13:57:37,255 [WARN] IP:2250 - RefParam_MEMORY_2_Config3_WriteValue not found: check if there is a RefParameter without a condition.
2025-08-12 13:57:37,255 [WARN] IP:2250 - RefParam_MEMORY_2_Config3_RegAddress not found: check if there is a RefParameter without a condition.
2025-08-12 13:57:37,602 [INFO] CADModel:165 - CPN selected for project levelSTM32N657X0H3Q
2025-08-12 13:57:37,602 [INFO] CADModel:114 - Register for checkConnection events
2025-08-12 13:57:38,068 [ERROR] Context:921 - The IP LTDC is not set in context FSBL
2025-08-12 13:57:38,069 [ERROR] Context:921 - The IP LTDC is not set in context Appli
2025-08-12 13:57:38,069 [ERROR] Context:921 - The IP LTDC is not set in context ExtMemLoader
2025-08-12 13:57:38,783 [WARN] Context:862 - Trying to set PWR twice on same context FSBL
2025-08-12 13:57:38,783 [ERROR] Context:921 - The IP PWR is not set in context Appli
2025-08-12 13:57:38,783 [ERROR] Context:921 - The IP PWR is not set in context ExtMemLoader
2025-08-12 13:57:38,852 [WARN] IP:2250 - pwrPrivilege not found: check if there is a RefParameter without a condition.
2025-08-12 13:57:39,085 [ERROR] Context:921 - The IP RTC is not set in context FSBL
2025-08-12 13:57:39,085 [ERROR] Context:921 - The IP RTC is not set in context Appli
2025-08-12 13:57:39,085 [ERROR] Context:921 - The IP RTC is not set in context ExtMemLoader
2025-08-12 13:57:39,479 [INFO] OpenFileManager:386 - Restore cursor
2025-08-12 13:57:39,695 [WARN] IP:2250 - RefParam_LRUN_SRC_memory not found: check if there is a RefParameter without a condition.
2025-08-12 13:57:39,695 [WARN] IP:2250 - RefParam_LRUN_SRC_offset not found: check if there is a RefParameter without a condition.
2025-08-12 13:57:39,695 [WARN] IP:2250 - RefParam_LRUN_SRC_size not found: check if there is a RefParameter without a condition.
2025-08-12 13:57:39,695 [WARN] IP:2250 - RefParam_LRUN_DEST_memory not found: check if there is a RefParameter without a condition.
2025-08-12 13:57:39,695 [WARN] IP:2250 - RefParam_LRUN_DEST_offset not found: check if there is a RefParameter without a condition.
2025-08-12 13:57:39,695 [WARN] IP:2250 - RefParam_MEMORY_1_Size not found: check if there is a RefParameter without a condition.
2025-08-12 13:57:39,695 [WARN] IP:2250 - RefParam_MEMORY_1_FreqMax not found: check if there is a RefParameter without a condition.
2025-08-12 13:57:39,695 [WARN] IP:2250 - RefParam_MEMORY_1_ReadReg not found: check if there is a RefParameter without a condition.
2025-08-12 13:57:39,695 [WARN] IP:2250 - RefParam_MEMORY_1_WriteReg not found: check if there is a RefParameter without a condition.
2025-08-12 13:57:39,695 [WARN] IP:2250 - RefParam_MEMORY_1_RegSize not found: check if there is a RefParameter without a condition.
2025-08-12 13:57:39,695 [WARN] IP:2250 - RefParam_MEMORY_1_RegDummyCycle not found: check if there is a RefParameter without a condition.
2025-08-12 13:57:39,695 [WARN] IP:2250 - RefParam_MEMORY_1_WriteCommand not found: check if there is a RefParameter without a condition.
2025-08-12 13:57:39,695 [WARN] IP:2250 - RefParam_MEMORY_1_WriteDummyCycle not found: check if there is a RefParameter without a condition.
2025-08-12 13:57:39,695 [WARN] IP:2250 - RefParam_MEMORY_1_ReadCommand not found: check if there is a RefParameter without a condition.
2025-08-12 13:57:39,695 [WARN] IP:2250 - RefParam_MEMORY_1_WrapReadCommand not found: check if there is a RefParameter without a condition.
2025-08-12 13:57:39,695 [WARN] IP:2250 - RefParam_MEMORY_1_ReadDummyCycle not found: check if there is a RefParameter without a condition.
2025-08-12 13:57:39,695 [WARN] IP:2250 - RefParam_MEMORY_1_NumberOfConfig not found: check if there is a RefParameter without a condition.
2025-08-12 13:57:39,695 [WARN] IP:2250 - RefParam_MEMORY_1_Config1_WriteMask not found: check if there is a RefParameter without a condition.
2025-08-12 13:57:39,695 [WARN] IP:2250 - RefParam_MEMORY_1_Config1_WriteValue not found: check if there is a RefParameter without a condition.
2025-08-12 13:57:39,695 [WARN] IP:2250 - RefParam_MEMORY_1_Config1_RegAddress not found: check if there is a RefParameter without a condition.
2025-08-12 13:57:39,695 [WARN] IP:2250 - RefParam_MEMORY_1_Config2_WriteMask not found: check if there is a RefParameter without a condition.
2025-08-12 13:57:39,695 [WARN] IP:2250 - RefParam_MEMORY_1_Config2_WriteValue not found: check if there is a RefParameter without a condition.
2025-08-12 13:57:39,695 [WARN] IP:2250 - RefParam_MEMORY_1_Config2_RegAddress not found: check if there is a RefParameter without a condition.
2025-08-12 13:57:39,695 [WARN] IP:2250 - RefParam_MEMORY_1_Config3_WriteMask not found: check if there is a RefParameter without a condition.
2025-08-12 13:57:39,695 [WARN] IP:2250 - RefParam_MEMORY_1_Config3_WriteValue not found: check if there is a RefParameter without a condition.
2025-08-12 13:57:39,695 [WARN] IP:2250 - RefParam_MEMORY_1_Config3_RegAddress not found: check if there is a RefParameter without a condition.
2025-08-12 13:57:39,696 [WARN] IP:2250 - RefParam_MEMORY_2_Instance not found: check if there is a RefParameter without a condition.
2025-08-12 13:57:39,696 [WARN] IP:2250 - RefParam_MEMORY_2_ConfigType not found: check if there is a RefParameter without a condition.
2025-08-12 13:57:39,696 [WARN] IP:2250 - RefParam_MEMORY_2_Size not found: check if there is a RefParameter without a condition.
2025-08-12 13:57:39,696 [WARN] IP:2250 - RefParam_MEMORY_2_FreqMax not found: check if there is a RefParameter without a condition.
2025-08-12 13:57:39,696 [WARN] IP:2250 - RefParam_MEMORY_2_ReadReg not found: check if there is a RefParameter without a condition.
2025-08-12 13:57:39,696 [WARN] IP:2250 - RefParam_MEMORY_2_WriteReg not found: check if there is a RefParameter without a condition.
2025-08-12 13:57:39,696 [WARN] IP:2250 - RefParam_MEMORY_2_RegSize not found: check if there is a RefParameter without a condition.
2025-08-12 13:57:39,696 [WARN] IP:2250 - RefParam_MEMORY_2_RegDummyCycle not found: check if there is a RefParameter without a condition.
2025-08-12 13:57:39,696 [WARN] IP:2250 - RefParam_MEMORY_2_WriteCommand not found: check if there is a RefParameter without a condition.
2025-08-12 13:57:39,696 [WARN] IP:2250 - RefParam_MEMORY_2_WriteDummyCycle not found: check if there is a RefParameter without a condition.
2025-08-12 13:57:39,696 [WARN] IP:2250 - RefParam_MEMORY_2_ReadCommand not found: check if there is a RefParameter without a condition.
2025-08-12 13:57:39,696 [WARN] IP:2250 - RefParam_MEMORY_2_WrapReadCommand not found: check if there is a RefParameter without a condition.
2025-08-12 13:57:39,696 [WARN] IP:2250 - RefParam_MEMORY_2_ReadDummyCycle not found: check if there is a RefParameter without a condition.
2025-08-12 13:57:39,696 [WARN] IP:2250 - RefParam_MEMORY_2_NumberOfConfig not found: check if there is a RefParameter without a condition.
2025-08-12 13:57:39,696 [WARN] IP:2250 - RefParam_MEMORY_2_Config1_WriteMask not found: check if there is a RefParameter without a condition.
2025-08-12 13:57:39,696 [WARN] IP:2250 - RefParam_MEMORY_2_Config1_WriteValue not found: check if there is a RefParameter without a condition.
2025-08-12 13:57:39,696 [WARN] IP:2250 - RefParam_MEMORY_2_Config1_RegAddress not found: check if there is a RefParameter without a condition.
2025-08-12 13:57:39,696 [WARN] IP:2250 - RefParam_MEMORY_2_Config2_WriteMask not found: check if there is a RefParameter without a condition.
2025-08-12 13:57:39,696 [WARN] IP:2250 - RefParam_MEMORY_2_Config2_WriteValue not found: check if there is a RefParameter without a condition.
2025-08-12 13:57:39,696 [WARN] IP:2250 - RefParam_MEMORY_2_Config2_RegAddress not found: check if there is a RefParameter without a condition.
2025-08-12 13:57:39,696 [WARN] IP:2250 - RefParam_MEMORY_2_Config3_WriteMask not found: check if there is a RefParameter without a condition.
2025-08-12 13:57:39,696 [WARN] IP:2250 - RefParam_MEMORY_2_Config3_WriteValue not found: check if there is a RefParameter without a condition.
2025-08-12 13:57:39,696 [WARN] IP:2250 - RefParam_MEMORY_2_Config3_RegAddress not found: check if there is a RefParameter without a condition.
2025-08-12 13:57:39,703 [WARN] IP:2250 - pwrPrivilege not found: check if there is a RefParameter without a condition.
2025-08-12 13:57:39,703 [WARN] IP:2250 - pwrPrivilege not found: check if there is a RefParameter without a condition.
2025-08-12 13:57:39,711 [WARN] IP:2250 - Memorytype0 not found: check if there is a RefParameter without a condition.
2025-08-12 13:57:39,711 [WARN] IP:2250 - LL_DeviceAttribute20 not found: check if there is a RefParameter without a condition.
2025-08-12 13:57:39,711 [WARN] IP:2250 - DeviceAttribute0 not found: check if there is a RefParameter without a condition.
2025-08-12 13:57:39,711 [WARN] IP:2250 - DeviceAttribute20 not found: check if there is a RefParameter without a condition.
2025-08-12 13:57:39,712 [WARN] IP:2250 - DeviceAttribute1 not found: check if there is a RefParameter without a condition.
2025-08-12 13:57:39,712 [WARN] IP:2250 - Memorytype2 not found: check if there is a RefParameter without a condition.
2025-08-12 13:57:39,712 [WARN] IP:2250 - LL_DeviceAttribute22 not found: check if there is a RefParameter without a condition.
2025-08-12 13:57:39,712 [WARN] IP:2250 - DeviceAttribute2 not found: check if there is a RefParameter without a condition.
2025-08-12 13:57:39,712 [WARN] IP:2250 - Memorytype3 not found: check if there is a RefParameter without a condition.
2025-08-12 13:57:39,712 [WARN] IP:2250 - LL_DeviceAttribute23 not found: check if there is a RefParameter without a condition.
2025-08-12 13:57:39,712 [WARN] IP:2250 - DeviceAttribute3 not found: check if there is a RefParameter without a condition.
2025-08-12 13:57:39,712 [WARN] IP:2250 - Memorytype4 not found: check if there is a RefParameter without a condition.
2025-08-12 13:57:39,712 [WARN] IP:2250 - LL_DeviceAttribute24 not found: check if there is a RefParameter without a condition.
2025-08-12 13:57:39,712 [WARN] IP:2250 - DeviceAttribute4 not found: check if there is a RefParameter without a condition.
2025-08-12 13:57:39,712 [WARN] IP:2250 - Memorytype5 not found: check if there is a RefParameter without a condition.
2025-08-12 13:57:39,712 [WARN] IP:2250 - LL_DeviceAttribute25 not found: check if there is a RefParameter without a condition.
2025-08-12 13:57:39,712 [WARN] IP:2250 - DeviceAttribute5 not found: check if there is a RefParameter without a condition.
2025-08-12 13:57:39,712 [WARN] IP:2250 - Memorytype6 not found: check if there is a RefParameter without a condition.
2025-08-12 13:57:39,712 [WARN] IP:2250 - LL_DeviceAttribute26 not found: check if there is a RefParameter without a condition.
2025-08-12 13:57:39,712 [WARN] IP:2250 - DeviceAttribute6 not found: check if there is a RefParameter without a condition.
2025-08-12 13:57:39,712 [WARN] IP:2250 - Memorytype7 not found: check if there is a RefParameter without a condition.
2025-08-12 13:57:39,712 [WARN] IP:2250 - LL_DeviceAttribute27 not found: check if there is a RefParameter without a condition.
2025-08-12 13:57:39,712 [WARN] IP:2250 - DeviceAttribute7 not found: check if there is a RefParameter without a condition.
2025-08-12 13:57:39,778 [WARN] IP:2250 - DeviceAttribute0 not found: check if there is a RefParameter without a condition.
2025-08-12 13:57:39,778 [WARN] IP:2250 - Memorytype1 not found: check if there is a RefParameter without a condition.
2025-08-12 13:57:39,778 [WARN] IP:2250 - DeviceAttribute1 not found: check if there is a RefParameter without a condition.
2025-08-12 13:57:39,778 [WARN] IP:2250 - LL_DeviceAttribute21 not found: check if there is a RefParameter without a condition.
2025-08-12 13:57:39,778 [WARN] IP:2250 - Memorytype2 not found: check if there is a RefParameter without a condition.
2025-08-12 13:57:39,778 [WARN] IP:2250 - DeviceAttribute2 not found: check if there is a RefParameter without a condition.
2025-08-12 13:57:39,778 [WARN] IP:2250 - LL_DeviceAttribute22 not found: check if there is a RefParameter without a condition.
2025-08-12 13:57:39,778 [WARN] IP:2250 - Memorytype3 not found: check if there is a RefParameter without a condition.
2025-08-12 13:57:39,778 [WARN] IP:2250 - DeviceAttribute3 not found: check if there is a RefParameter without a condition.
2025-08-12 13:57:39,778 [WARN] IP:2250 - LL_DeviceAttribute23 not found: check if there is a RefParameter without a condition.
2025-08-12 13:57:39,778 [WARN] IP:2250 - Memorytype4 not found: check if there is a RefParameter without a condition.
2025-08-12 13:57:39,778 [WARN] IP:2250 - DeviceAttribute4 not found: check if there is a RefParameter without a condition.
2025-08-12 13:57:39,778 [WARN] IP:2250 - LL_DeviceAttribute24 not found: check if there is a RefParameter without a condition.
2025-08-12 13:57:39,778 [WARN] IP:2250 - Memorytype5 not found: check if there is a RefParameter without a condition.
2025-08-12 13:57:39,778 [WARN] IP:2250 - DeviceAttribute5 not found: check if there is a RefParameter without a condition.
2025-08-12 13:57:39,779 [WARN] IP:2250 - LL_DeviceAttribute25 not found: check if there is a RefParameter without a condition.
2025-08-12 13:57:39,779 [WARN] IP:2250 - Memorytype6 not found: check if there is a RefParameter without a condition.
2025-08-12 13:57:39,779 [WARN] IP:2250 - DeviceAttribute6 not found: check if there is a RefParameter without a condition.
2025-08-12 13:57:39,779 [WARN] IP:2250 - LL_DeviceAttribute26 not found: check if there is a RefParameter without a condition.
2025-08-12 13:57:39,779 [WARN] IP:2250 - Memorytype7 not found: check if there is a RefParameter without a condition.
2025-08-12 13:57:39,779 [WARN] IP:2250 - DeviceAttribute7 not found: check if there is a RefParameter without a condition.
2025-08-12 13:57:39,779 [WARN] IP:2250 - LL_DeviceAttribute27 not found: check if there is a RefParameter without a condition.
2025-08-12 13:57:50,271 [WARN] MainPanel:436 - Warning: This peripheral has no parameters to be configured
2025-08-12 13:57:51,911 [WARN] MainPanel:436 - Warning: This peripheral has no parameters to be configured
2025-08-12 13:57:53,302 [INFO] UtilMem:75 - End SaveConfig() Used Memory: 364046264 Bytes (818937856)
2025-08-12 13:57:54,537 [INFO] UtilMem:75 - End SaveConfig() Used Memory: 399697848 Bytes (818937856)
2025-08-12 13:57:56,494 [INFO] UtilMem:75 - End SaveConfig() Used Memory: 589038384 Bytes (818937856)
2025-08-12 13:57:57,078 [WARN] IP:2250 - pwrPrivilege not found: check if there is a RefParameter without a condition.
2025-08-12 13:57:57,321 [INFO] BlockDiagram:2775 - set Specific Code input for plugin: EXTMEM_MANAGER
2025-08-12 13:57:57,321 [INFO] BlockDiagram:2775 - set Specific Code input for plugin: PWR
2025-08-12 13:57:57,321 [INFO] BlockDiagram:2775 - set Specific Code input for plugin: CORTEX_M55_S
2025-08-12 13:57:57,321 [INFO] BlockDiagram:2775 - set Specific Code input for plugin: RCC
2025-08-12 13:57:57,321 [INFO] BlockDiagram:2775 - set Specific Code input for plugin: CORTEX_M55_FSBL
2025-08-12 13:57:57,321 [INFO] BlockDiagram:2775 - set Specific Code input for plugin: XSPIM
2025-08-12 13:57:57,321 [INFO] BlockDiagram:2775 - set Specific Code input for plugin: XSPI
2025-08-12 13:57:57,321 [INFO] BlockDiagram:2775 - set Specific Code input for plugin: LPUART
2025-08-12 13:57:57,321 [INFO] BlockDiagram:2775 - set Specific Code input for plugin: NVIC
2025-08-12 13:57:57,321 [INFO] BlockDiagram:2775 - set Specific Code input for plugin: HDP
2025-08-12 13:57:57,321 [INFO] BlockDiagram:2775 - set Specific Code input for plugin: ICACHE
2025-08-12 13:57:57,321 [INFO] BlockDiagram:2775 - set Specific Code input for plugin: DEBUG
2025-08-12 13:57:57,321 [INFO] BlockDiagram:2775 - set Specific Code input for plugin: GPIO
2025-08-12 13:57:57,321 [INFO] BlockDiagram:2775 - set Specific Code input for plugin: RIF
2025-08-12 13:57:57,321 [INFO] BlockDiagram:2775 - set Specific Code input for plugin: NVIC1
2025-08-12 13:57:57,322 [INFO] CodeGenerator:892 - code generatio: config db path: C:\ST\STM32CubeIDE_1.19.0\STM32CubeIDE\plugins\com.st.stm32cube.common.mx_6.15.0.202507011659\\db\
2025-08-12 13:57:57,326 [WARN] IP:2250 - DeviceAttribute0 not found: check if there is a RefParameter without a condition.
2025-08-12 13:57:57,326 [WARN] IP:2250 - Memorytype1 not found: check if there is a RefParameter without a condition.
2025-08-12 13:57:57,326 [WARN] IP:2250 - DeviceAttribute1 not found: check if there is a RefParameter without a condition.
2025-08-12 13:57:57,326 [WARN] IP:2250 - LL_DeviceAttribute21 not found: check if there is a RefParameter without a condition.
2025-08-12 13:57:57,327 [WARN] IP:2250 - Memorytype2 not found: check if there is a RefParameter without a condition.
2025-08-12 13:57:57,327 [WARN] IP:2250 - DeviceAttribute2 not found: check if there is a RefParameter without a condition.
2025-08-12 13:57:57,327 [WARN] IP:2250 - LL_DeviceAttribute22 not found: check if there is a RefParameter without a condition.
2025-08-12 13:57:57,327 [WARN] IP:2250 - Memorytype3 not found: check if there is a RefParameter without a condition.
2025-08-12 13:57:57,327 [WARN] IP:2250 - DeviceAttribute3 not found: check if there is a RefParameter without a condition.
2025-08-12 13:57:57,327 [WARN] IP:2250 - LL_DeviceAttribute23 not found: check if there is a RefParameter without a condition.
2025-08-12 13:57:57,327 [WARN] IP:2250 - Memorytype4 not found: check if there is a RefParameter without a condition.
2025-08-12 13:57:57,327 [WARN] IP:2250 - DeviceAttribute4 not found: check if there is a RefParameter without a condition.
2025-08-12 13:57:57,327 [WARN] IP:2250 - LL_DeviceAttribute24 not found: check if there is a RefParameter without a condition.
2025-08-12 13:57:57,327 [WARN] IP:2250 - Memorytype5 not found: check if there is a RefParameter without a condition.
2025-08-12 13:57:57,327 [WARN] IP:2250 - DeviceAttribute5 not found: check if there is a RefParameter without a condition.
2025-08-12 13:57:57,327 [WARN] IP:2250 - LL_DeviceAttribute25 not found: check if there is a RefParameter without a condition.
2025-08-12 13:57:57,327 [WARN] IP:2250 - Memorytype6 not found: check if there is a RefParameter without a condition.
2025-08-12 13:57:57,327 [WARN] IP:2250 - DeviceAttribute6 not found: check if there is a RefParameter without a condition.
2025-08-12 13:57:57,327 [WARN] IP:2250 - LL_DeviceAttribute26 not found: check if there is a RefParameter without a condition.
2025-08-12 13:57:57,327 [WARN] IP:2250 - Memorytype7 not found: check if there is a RefParameter without a condition.
2025-08-12 13:57:57,327 [WARN] IP:2250 - DeviceAttribute7 not found: check if there is a RefParameter without a condition.
2025-08-12 13:57:57,327 [WARN] IP:2250 - LL_DeviceAttribute27 not found: check if there is a RefParameter without a condition.
2025-08-12 13:57:57,331 [WARN] IP:2250 - Memorytype0 not found: check if there is a RefParameter without a condition.
2025-08-12 13:57:57,331 [WARN] IP:2250 - LL_DeviceAttribute20 not found: check if there is a RefParameter without a condition.
2025-08-12 13:57:57,331 [WARN] IP:2250 - DeviceAttribute0 not found: check if there is a RefParameter without a condition.
2025-08-12 13:57:57,331 [WARN] IP:2250 - DeviceAttribute20 not found: check if there is a RefParameter without a condition.
2025-08-12 13:57:57,331 [WARN] IP:2250 - DeviceAttribute1 not found: check if there is a RefParameter without a condition.
2025-08-12 13:57:57,331 [WARN] IP:2250 - Memorytype2 not found: check if there is a RefParameter without a condition.
2025-08-12 13:57:57,331 [WARN] IP:2250 - LL_DeviceAttribute22 not found: check if there is a RefParameter without a condition.
2025-08-12 13:57:57,331 [WARN] IP:2250 - DeviceAttribute2 not found: check if there is a RefParameter without a condition.
2025-08-12 13:57:57,331 [WARN] IP:2250 - Memorytype3 not found: check if there is a RefParameter without a condition.
2025-08-12 13:57:57,331 [WARN] IP:2250 - LL_DeviceAttribute23 not found: check if there is a RefParameter without a condition.
2025-08-12 13:57:57,331 [WARN] IP:2250 - DeviceAttribute3 not found: check if there is a RefParameter without a condition.
2025-08-12 13:57:57,331 [WARN] IP:2250 - Memorytype4 not found: check if there is a RefParameter without a condition.
2025-08-12 13:57:57,331 [WARN] IP:2250 - LL_DeviceAttribute24 not found: check if there is a RefParameter without a condition.
2025-08-12 13:57:57,331 [WARN] IP:2250 - DeviceAttribute4 not found: check if there is a RefParameter without a condition.
2025-08-12 13:57:57,331 [WARN] IP:2250 - Memorytype5 not found: check if there is a RefParameter without a condition.
2025-08-12 13:57:57,331 [WARN] IP:2250 - LL_DeviceAttribute25 not found: check if there is a RefParameter without a condition.
2025-08-12 13:57:57,331 [WARN] IP:2250 - DeviceAttribute5 not found: check if there is a RefParameter without a condition.
2025-08-12 13:57:57,331 [WARN] IP:2250 - Memorytype6 not found: check if there is a RefParameter without a condition.
2025-08-12 13:57:57,331 [WARN] IP:2250 - LL_DeviceAttribute26 not found: check if there is a RefParameter without a condition.
2025-08-12 13:57:57,331 [WARN] IP:2250 - DeviceAttribute6 not found: check if there is a RefParameter without a condition.
2025-08-12 13:57:57,332 [WARN] IP:2250 - Memorytype7 not found: check if there is a RefParameter without a condition.
2025-08-12 13:57:57,332 [WARN] IP:2250 - LL_DeviceAttribute27 not found: check if there is a RefParameter without a condition.
2025-08-12 13:57:57,332 [WARN] IP:2250 - DeviceAttribute7 not found: check if there is a RefParameter without a condition.
2025-08-12 13:57:57,337 [WARN] IP:2250 - RefParam_LRUN_SRC_memory not found: check if there is a RefParameter without a condition.
2025-08-12 13:57:57,337 [WARN] IP:2250 - RefParam_LRUN_SRC_offset not found: check if there is a RefParameter without a condition.
2025-08-12 13:57:57,337 [WARN] IP:2250 - RefParam_LRUN_SRC_size not found: check if there is a RefParameter without a condition.
2025-08-12 13:57:57,337 [WARN] IP:2250 - RefParam_LRUN_DEST_memory not found: check if there is a RefParameter without a condition.
2025-08-12 13:57:57,337 [WARN] IP:2250 - RefParam_LRUN_DEST_offset not found: check if there is a RefParameter without a condition.
2025-08-12 13:57:57,337 [WARN] IP:2250 - RefParam_MEMORY_1_Size not found: check if there is a RefParameter without a condition.
2025-08-12 13:57:57,337 [WARN] IP:2250 - RefParam_MEMORY_1_FreqMax not found: check if there is a RefParameter without a condition.
2025-08-12 13:57:57,337 [WARN] IP:2250 - RefParam_MEMORY_1_ReadReg not found: check if there is a RefParameter without a condition.
2025-08-12 13:57:57,337 [WARN] IP:2250 - RefParam_MEMORY_1_WriteReg not found: check if there is a RefParameter without a condition.
2025-08-12 13:57:57,337 [WARN] IP:2250 - RefParam_MEMORY_1_RegSize not found: check if there is a RefParameter without a condition.
2025-08-12 13:57:57,337 [WARN] IP:2250 - RefParam_MEMORY_1_RegDummyCycle not found: check if there is a RefParameter without a condition.
2025-08-12 13:57:57,337 [WARN] IP:2250 - RefParam_MEMORY_1_WriteCommand not found: check if there is a RefParameter without a condition.
2025-08-12 13:57:57,337 [WARN] IP:2250 - RefParam_MEMORY_1_WriteDummyCycle not found: check if there is a RefParameter without a condition.
2025-08-12 13:57:57,337 [WARN] IP:2250 - RefParam_MEMORY_1_ReadCommand not found: check if there is a RefParameter without a condition.
2025-08-12 13:57:57,337 [WARN] IP:2250 - RefParam_MEMORY_1_WrapReadCommand not found: check if there is a RefParameter without a condition.
2025-08-12 13:57:57,337 [WARN] IP:2250 - RefParam_MEMORY_1_ReadDummyCycle not found: check if there is a RefParameter without a condition.
2025-08-12 13:57:57,337 [WARN] IP:2250 - RefParam_MEMORY_1_NumberOfConfig not found: check if there is a RefParameter without a condition.
2025-08-12 13:57:57,337 [WARN] IP:2250 - RefParam_MEMORY_1_Config1_WriteMask not found: check if there is a RefParameter without a condition.
2025-08-12 13:57:57,337 [WARN] IP:2250 - RefParam_MEMORY_1_Config1_WriteValue not found: check if there is a RefParameter without a condition.
2025-08-12 13:57:57,337 [WARN] IP:2250 - RefParam_MEMORY_1_Config1_RegAddress not found: check if there is a RefParameter without a condition.
2025-08-12 13:57:57,337 [WARN] IP:2250 - RefParam_MEMORY_1_Config2_WriteMask not found: check if there is a RefParameter without a condition.
2025-08-12 13:57:57,337 [WARN] IP:2250 - RefParam_MEMORY_1_Config2_WriteValue not found: check if there is a RefParameter without a condition.
2025-08-12 13:57:57,337 [WARN] IP:2250 - RefParam_MEMORY_1_Config2_RegAddress not found: check if there is a RefParameter without a condition.
2025-08-12 13:57:57,337 [WARN] IP:2250 - RefParam_MEMORY_1_Config3_WriteMask not found: check if there is a RefParameter without a condition.
2025-08-12 13:57:57,337 [WARN] IP:2250 - RefParam_MEMORY_1_Config3_WriteValue not found: check if there is a RefParameter without a condition.
2025-08-12 13:57:57,337 [WARN] IP:2250 - RefParam_MEMORY_1_Config3_RegAddress not found: check if there is a RefParameter without a condition.
2025-08-12 13:57:57,337 [WARN] IP:2250 - RefParam_MEMORY_2_Instance not found: check if there is a RefParameter without a condition.
2025-08-12 13:57:57,337 [WARN] IP:2250 - RefParam_MEMORY_2_ConfigType not found: check if there is a RefParameter without a condition.
2025-08-12 13:57:57,337 [WARN] IP:2250 - RefParam_MEMORY_2_Size not found: check if there is a RefParameter without a condition.
2025-08-12 13:57:57,337 [WARN] IP:2250 - RefParam_MEMORY_2_FreqMax not found: check if there is a RefParameter without a condition.
2025-08-12 13:57:57,337 [WARN] IP:2250 - RefParam_MEMORY_2_ReadReg not found: check if there is a RefParameter without a condition.
2025-08-12 13:57:57,337 [WARN] IP:2250 - RefParam_MEMORY_2_WriteReg not found: check if there is a RefParameter without a condition.
2025-08-12 13:57:57,337 [WARN] IP:2250 - RefParam_MEMORY_2_RegSize not found: check if there is a RefParameter without a condition.
2025-08-12 13:57:57,337 [WARN] IP:2250 - RefParam_MEMORY_2_RegDummyCycle not found: check if there is a RefParameter without a condition.
2025-08-12 13:57:57,337 [WARN] IP:2250 - RefParam_MEMORY_2_WriteCommand not found: check if there is a RefParameter without a condition.
2025-08-12 13:57:57,337 [WARN] IP:2250 - RefParam_MEMORY_2_WriteDummyCycle not found: check if there is a RefParameter without a condition.
2025-08-12 13:57:57,337 [WARN] IP:2250 - RefParam_MEMORY_2_ReadCommand not found: check if there is a RefParameter without a condition.
2025-08-12 13:57:57,337 [WARN] IP:2250 - RefParam_MEMORY_2_WrapReadCommand not found: check if there is a RefParameter without a condition.
2025-08-12 13:57:57,337 [WARN] IP:2250 - RefParam_MEMORY_2_ReadDummyCycle not found: check if there is a RefParameter without a condition.
2025-08-12 13:57:57,337 [WARN] IP:2250 - RefParam_MEMORY_2_NumberOfConfig not found: check if there is a RefParameter without a condition.
2025-08-12 13:57:57,337 [WARN] IP:2250 - RefParam_MEMORY_2_Config1_WriteMask not found: check if there is a RefParameter without a condition.
2025-08-12 13:57:57,337 [WARN] IP:2250 - RefParam_MEMORY_2_Config1_WriteValue not found: check if there is a RefParameter without a condition.
2025-08-12 13:57:57,337 [WARN] IP:2250 - RefParam_MEMORY_2_Config1_RegAddress not found: check if there is a RefParameter without a condition.
2025-08-12 13:57:57,337 [WARN] IP:2250 - RefParam_MEMORY_2_Config2_WriteMask not found: check if there is a RefParameter without a condition.
2025-08-12 13:57:57,337 [WARN] IP:2250 - RefParam_MEMORY_2_Config2_WriteValue not found: check if there is a RefParameter without a condition.
2025-08-12 13:57:57,337 [WARN] IP:2250 - RefParam_MEMORY_2_Config2_RegAddress not found: check if there is a RefParameter without a condition.
2025-08-12 13:57:57,337 [WARN] IP:2250 - RefParam_MEMORY_2_Config3_WriteMask not found: check if there is a RefParameter without a condition.
2025-08-12 13:57:57,337 [WARN] IP:2250 - RefParam_MEMORY_2_Config3_WriteValue not found: check if there is a RefParameter without a condition.
2025-08-12 13:57:57,337 [WARN] IP:2250 - RefParam_MEMORY_2_Config3_RegAddress not found: check if there is a RefParameter without a condition.
2025-08-12 13:57:57,347 [WARN] IP:2250 - pwrPrivilege not found: check if there is a RefParameter without a condition.
2025-08-12 13:57:57,408 [INFO] Middleware:1452 - No code input for Bsp Dependency
2025-08-12 13:57:57,410 [INFO] Middleware:1452 - No code input for Bsp Dependency
2025-08-12 13:57:57,411 [INFO] Middleware:1452 - No code input for Bsp Dependency
2025-08-12 13:57:57,412 [INFO] Middleware:1452 - No code input for Bsp Dependency
2025-08-12 13:57:57,412 [INFO] Middleware:1452 - No code input for Bsp Dependency
2025-08-12 13:57:57,413 [INFO] Middleware:1452 - No code input for Bsp Dependency
2025-08-12 13:57:57,413 [INFO] CodeGenerator:1619 - *******************Project context FSBL selected
2025-08-12 13:57:57,521 [INFO] CodeEngine:265 - oldGeneratedFile, C:\ST\AB_LSTM\AB_LSTM\MXTmpFiles\license.tmp_save
2025-08-12 13:57:57,846 [INFO] CodeEngine:289 - Generated code: C:\ST\AB_LSTM\AB_LSTM\MXTmpFiles\license.tmp
2025-08-12 13:57:57,947 [INFO] CodeEngine:265 - oldGeneratedFile, C:\ST\AB_LSTM\AB_LSTM\FSBL\MXTmpFiles\gpio.tmp_save
2025-08-12 13:57:58,102 [INFO] CodeEngine:289 - Generated code: C:\ST\AB_LSTM\AB_LSTM\FSBL\MXTmpFiles\gpio.tmp
2025-08-12 13:57:58,185 [WARN] IPConfigManager:103 - WARNING: Missing Config File for DEBUG ip!!
2025-08-12 13:57:58,287 [WARN] IPConfigManager:103 - WARNING: Missing Config File for HDP ip!!
2025-08-12 13:57:58,726 [WARN] IPConfigManager:103 - WARNING: Missing Config File for XSPIM ip!!
2025-08-12 13:57:58,771 [INFO] Middleware:1452 - No code input for Bsp Dependency
2025-08-12 13:57:58,780 [INFO] CodeEngine:265 - oldGeneratedFile, C:\ST\AB_LSTM\AB_LSTM\FSBL\MXTmpFiles\boot_code.tmp_save
2025-08-12 13:57:58,872 [INFO] CodeEngine:289 - Generated code: C:\ST\AB_LSTM\AB_LSTM\FSBL\MXTmpFiles\boot_code.tmp
2025-08-12 13:57:58,888 [INFO] CodeEngine:265 - oldGeneratedFile, C:\ST\AB_LSTM\AB_LSTM\FSBL\MXTmpFiles\cortex.tmp_save
2025-08-12 13:57:58,989 [INFO] CodeEngine:289 - Generated code: C:\ST\AB_LSTM\AB_LSTM\FSBL\MXTmpFiles\cortex.tmp
2025-08-12 13:57:59,001 [INFO] Middleware:1452 - No code input for Bsp Dependency
2025-08-12 13:57:59,010 [INFO] CodeEngine:265 - oldGeneratedFile, C:\ST\AB_LSTM\AB_LSTM\FSBL\Core\Inc\extmem_manager.h_save
2025-08-12 13:57:59,100 [INFO] CodeEngine:289 - Generated code: C:\ST\AB_LSTM\AB_LSTM\FSBL\Core\Inc\extmem_manager.h
2025-08-12 13:57:59,105 [INFO] CodeEngine:265 - oldGeneratedFile, C:\ST\AB_LSTM\AB_LSTM\FSBL\Core\Src\extmem_manager.c_save
2025-08-12 13:57:59,190 [INFO] CodeEngine:289 - Generated code: C:\ST\AB_LSTM\AB_LSTM\FSBL\Core\Src\extmem_manager.c
2025-08-12 13:57:59,198 [INFO] CodeEngine:265 - oldGeneratedFile, C:\ST\AB_LSTM\AB_LSTM\FSBL\Core\Inc\stm32_extmem_conf.h_save
2025-08-12 13:57:59,283 [INFO] CodeEngine:289 - Generated code: C:\ST\AB_LSTM\AB_LSTM\FSBL\Core\Inc\stm32_extmem_conf.h
2025-08-12 13:57:59,289 [INFO] CodeEngine:265 - oldGeneratedFile, C:\ST\AB_LSTM\AB_LSTM\FSBL\MXTmpFiles\boot_code.tmp_save
2025-08-12 13:57:59,318 [INFO] CodeEngine:289 - Generated code: C:\ST\AB_LSTM\AB_LSTM\FSBL\MXTmpFiles\boot_code.tmp
2025-08-12 13:57:59,343 [INFO] CodeEngine:265 - oldGeneratedFile, C:\ST\AB_LSTM\AB_LSTM\FSBL\Core\Src\stm32n6xx_it.c_save
2025-08-12 13:57:59,446 [INFO] CodeEngine:289 - Generated code: C:\ST\AB_LSTM\AB_LSTM\FSBL\Core\Src\stm32n6xx_it.c
2025-08-12 13:57:59,451 [INFO] CodeEngine:265 - oldGeneratedFile, C:\ST\AB_LSTM\AB_LSTM\FSBL\Core\Inc\stm32n6xx_it.h_save
2025-08-12 13:57:59,504 [INFO] CodeEngine:289 - Generated code: C:\ST\AB_LSTM\AB_LSTM\FSBL\Core\Inc\stm32n6xx_it.h
2025-08-12 13:57:59,594 [INFO] CodeEngine:265 - oldGeneratedFile, C:\ST\AB_LSTM\AB_LSTM\FSBL\Core\Src\stm32n6xx_hal_msp.c_save
2025-08-12 13:57:59,745 [INFO] CodeEngine:289 - Generated code: C:\ST\AB_LSTM\AB_LSTM\FSBL\Core\Src\stm32n6xx_hal_msp.c
2025-08-12 13:57:59,749 [INFO] CodeEngine:265 - oldGeneratedFile, C:\ST\AB_LSTM\AB_LSTM\FSBL\MXTmpFiles\system.tmp_save
2025-08-12 13:57:59,792 [INFO] CodeEngine:289 - Generated code: C:\ST\AB_LSTM\AB_LSTM\FSBL\MXTmpFiles\system.tmp
2025-08-12 13:57:59,807 [INFO] CodeEngine:321 - oldGeneratedFile, C:\ST\AB_LSTM\AB_LSTM\FSBL\Core\Inc\stm32n6xx_hal_conf.h_save
2025-08-12 13:57:59,891 [INFO] CodeEngine:345 - Generated code: C:\ST\AB_LSTM\AB_LSTM\FSBL\Core\Inc\stm32n6xx_hal_conf.h
2025-08-12 13:57:59,910 [WARN] IPConfigManager:3238 - Warning: the RefConfig RCC_ConfigVoltageScaling is not available in your config.xml file
2025-08-12 13:57:59,919 [WARN] IPConfigManager:3238 - Warning: the RefConfig RCC_RTC_HSEDIV is not available in your config.xml file
2025-08-12 13:57:59,934 [ERROR] ApiDbMcu:560 - Cannot parse HDP_Config file : file do not exist
2025-08-12 13:57:59,935 [INFO] ApiDbMcu:532 - Load IP Config File for ICACHE
2025-08-12 13:57:59,944 [INFO] ApiDbMcu:532 - Load IP Config File for LPUART1
2025-08-12 13:57:59,947 [INFO] ApiDbMcu:532 - Load IP Config File for XSPI2
2025-08-12 13:57:59,947 [ERROR] ApiDbMcu:560 - Cannot parse XSPIM_Config file : file do not exist
2025-08-12 13:57:59,951 [INFO] ApiDbMcu:532 - Load IP Config File for RCC
2025-08-12 13:57:59,966 [INFO] CodeEngine:265 - oldGeneratedFile, C:\ST\AB_LSTM\AB_LSTM\FSBL\Core\Inc\main.h_save
2025-08-12 13:58:00,075 [INFO] CodeEngine:289 - Generated code: C:\ST\AB_LSTM\AB_LSTM\FSBL\Core\Inc\main.h
2025-08-12 13:58:00,081 [INFO] CodeEngine:265 - oldGeneratedFile, C:\ST\AB_LSTM\AB_LSTM\FSBL\Core\Src\main.c_save
2025-08-12 13:58:00,252 [INFO] CodeEngine:289 - Generated code: C:\ST\AB_LSTM\AB_LSTM\FSBL\Core\Src\main.c
2025-08-12 13:58:00,351 [INFO] CodeGenerator:1619 - *******************Project context Appli selected
2025-08-12 13:58:00,384 [INFO] CodeEngine:265 - oldGeneratedFile, C:\ST\AB_LSTM\AB_LSTM\MXTmpFiles\license.tmp_save
2025-08-12 13:58:00,449 [INFO] CodeEngine:289 - Generated code: C:\ST\AB_LSTM\AB_LSTM\MXTmpFiles\license.tmp
2025-08-12 13:58:00,464 [INFO] CodeEngine:265 - oldGeneratedFile, C:\ST\AB_LSTM\AB_LSTM\Appli\MXTmpFiles\gpio.tmp_save
2025-08-12 13:58:00,536 [INFO] CodeEngine:289 - Generated code: C:\ST\AB_LSTM\AB_LSTM\Appli\MXTmpFiles\gpio.tmp
2025-08-12 13:58:00,565 [WARN] IPConfigManager:103 - WARNING: Missing Config File for DEBUG ip!!
2025-08-12 13:58:00,585 [WARN] IPConfigManager:103 - WARNING: Missing Config File for NVIC ip!!
2025-08-12 13:58:00,623 [INFO] CodeEngine:265 - oldGeneratedFile, C:\ST\AB_LSTM\AB_LSTM\Appli\MXTmpFiles\cortex.tmp_save
2025-08-12 13:58:00,692 [INFO] CodeEngine:289 - Generated code: C:\ST\AB_LSTM\AB_LSTM\Appli\MXTmpFiles\cortex.tmp
2025-08-12 13:58:00,730 [INFO] CodeEngine:265 - oldGeneratedFile, C:\ST\AB_LSTM\AB_LSTM\Appli\Core\Src\stm32n6xx_it.c_save
2025-08-12 13:58:00,804 [INFO] CodeEngine:289 - Generated code: C:\ST\AB_LSTM\AB_LSTM\Appli\Core\Src\stm32n6xx_it.c
2025-08-12 13:58:00,810 [INFO] CodeEngine:265 - oldGeneratedFile, C:\ST\AB_LSTM\AB_LSTM\Appli\Core\Inc\stm32n6xx_it.h_save
2025-08-12 13:58:00,844 [INFO] CodeEngine:289 - Generated code: C:\ST\AB_LSTM\AB_LSTM\Appli\Core\Inc\stm32n6xx_it.h
2025-08-12 13:58:00,852 [INFO] CodeEngine:265 - oldGeneratedFile, C:\ST\AB_LSTM\AB_LSTM\Appli\MXTmpFiles\RIFInit.tmp_save
2025-08-12 13:58:00,925 [INFO] CodeEngine:289 - Generated code: C:\ST\AB_LSTM\AB_LSTM\Appli\MXTmpFiles\RIFInit.tmp
2025-08-12 13:58:00,963 [INFO] CodeEngine:265 - oldGeneratedFile, C:\ST\AB_LSTM\AB_LSTM\Appli\Core\Src\stm32n6xx_hal_msp.c_save
2025-08-12 13:58:01,067 [INFO] CodeEngine:289 - Generated code: C:\ST\AB_LSTM\AB_LSTM\Appli\Core\Src\stm32n6xx_hal_msp.c
2025-08-12 13:58:01,072 [INFO] CodeEngine:265 - oldGeneratedFile, C:\ST\AB_LSTM\AB_LSTM\Appli\MXTmpFiles\system.tmp_save
2025-08-12 13:58:01,104 [INFO] CodeEngine:289 - Generated code: C:\ST\AB_LSTM\AB_LSTM\Appli\MXTmpFiles\system.tmp
2025-08-12 13:58:01,116 [INFO] CodeEngine:321 - oldGeneratedFile, C:\ST\AB_LSTM\AB_LSTM\Appli\Core\Inc\stm32n6xx_hal_conf.h_save
2025-08-12 13:58:01,207 [INFO] CodeEngine:345 - Generated code: C:\ST\AB_LSTM\AB_LSTM\Appli\Core\Inc\stm32n6xx_hal_conf.h
2025-08-12 13:58:01,219 [WARN] IPConfigManager:3238 - Warning: the RefConfig RCC_ConfigVoltageScaling is not available in your config.xml file
2025-08-12 13:58:01,220 [WARN] IPConfigManager:3238 - Warning: the RefConfig RCC_RTC_HSEDIV is not available in your config.xml file
2025-08-12 13:58:01,224 [INFO] ApiDbMcu:532 - Load IP Config File for RIF
2025-08-12 13:58:01,233 [INFO] CodeEngine:265 - oldGeneratedFile, C:\ST\AB_LSTM\AB_LSTM\Appli\Core\Inc\main.h_save
2025-08-12 13:58:01,318 [INFO] CodeEngine:289 - Generated code: C:\ST\AB_LSTM\AB_LSTM\Appli\Core\Inc\main.h
2025-08-12 13:58:01,324 [INFO] CodeEngine:265 - oldGeneratedFile, C:\ST\AB_LSTM\AB_LSTM\Appli\Core\Src\main.c_save
2025-08-12 13:58:01,417 [INFO] CodeEngine:289 - Generated code: C:\ST\AB_LSTM\AB_LSTM\Appli\Core\Src\main.c
2025-08-12 13:58:01,434 [INFO] CodeEngine:265 - oldGeneratedFile, C:\ST\AB_LSTM\AB_LSTM\Appli\Core\Src\secure_nsc.c_save
2025-08-12 13:58:01,513 [INFO] CodeEngine:289 - Generated code: C:\ST\AB_LSTM\AB_LSTM\Appli\Core\Src\secure_nsc.c
2025-08-12 13:58:01,518 [INFO] CodeEngine:265 - oldGeneratedFile, C:\ST\AB_LSTM\AB_LSTM\Appli\Core\Inc\partition_stm32n657xx.h_save
2025-08-12 13:58:01,593 [INFO] CodeEngine:289 - Generated code: C:\ST\AB_LSTM\AB_LSTM\Appli\Core\Inc\partition_stm32n657xx.h
2025-08-12 13:58:01,600 [INFO] CodeEngine:265 - oldGeneratedFile, C:\ST\AB_LSTM\AB_LSTM\Secure_nsclib\secure_nsc.h_save
2025-08-12 13:58:01,668 [INFO] CodeEngine:289 - Generated code: C:\ST\AB_LSTM\AB_LSTM\Secure_nsclib\secure_nsc.h
2025-08-12 13:58:01,736 [INFO] CodeGenerator:1707 - *******************Project context ExtMemLoader Not selected
2025-08-12 13:58:02,578 [INFO] ProjectBuilder:3606 - Time for Copy HAL[1] : 620mS.
2025-08-12 13:58:02,597 [INFO] ProjectBuilder:5216 - Project Generator version: 4.7.0-B52
2025-08-12 13:58:02,667 [INFO] ConfigFileManager:1595 - The Die is : DIE486
2025-08-12 13:58:04,501 [INFO] LogOutputStream:77 - [STDOUT_REDIRECT] 
2025-08-12 13:58:10,700 [INFO] ProjectBuilder:5056 - Time for Generating toolchain IDE Files: 8103mS.
2025-08-12 13:58:10,701 [INFO] ProjectBuilder:3463 - Time for Copy CMSIS : 1mS.
2025-08-12 13:58:10,703 [INFO] ProjectBuilder:3463 - Time for Copy CMSIS : 0mS.
2025-08-12 14:10:58,958 [WARN] MainPanel:436 - Warning: This peripheral has no parameters to be configured
2025-08-12 14:11:00,522 [WARN] MainPanel:436 - Warning: This peripheral has no parameters to be configured
2025-08-12 14:11:01,557 [INFO] NvicIntPanel:101 - NVIC parent = com.st.microxplorer.plugins.ip.nvic.MultiNvicIntPanel[,0,0,450x159,layout=javax.swing.BoxLayout,alignmentX=0.0,alignmentY=0.0,border=,flags=9,maximumSize=,minimumSize=,preferredSize=]
2025-08-12 14:11:01,562 [INFO] NvicIntPanel:101 - NVIC parent = com.st.microxplorer.plugins.ip.nvic.MultiNvicIntPanel[,0,0,450x159,invalid,layout=javax.swing.BoxLayout,alignmentX=0.0,alignmentY=0.0,border=,flags=9,maximumSize=,minimumSize=,preferredSize=]
2025-08-12 14:11:03,690 [INFO] UtilMem:75 - End SaveConfig() Used Memory: 826279936 Bytes (1073741824)
2025-08-12 14:11:04,685 [INFO] UtilMem:75 - End SaveConfig() Used Memory: 856688640 Bytes (1073741824)
2025-08-12 14:11:05,763 [INFO] UtilMem:75 - End SaveConfig() Used Memory: 913833984 Bytes (1073741824)
2025-08-12 14:11:06,084 [WARN] IP:2250 - pwrPrivilege not found: check if there is a RefParameter without a condition.
2025-08-12 14:11:06,266 [INFO] BlockDiagram:2775 - set Specific Code input for plugin: EXTMEM_MANAGER
2025-08-12 14:11:06,266 [INFO] BlockDiagram:2775 - set Specific Code input for plugin: PWR
2025-08-12 14:11:06,266 [INFO] BlockDiagram:2775 - set Specific Code input for plugin: CORTEX_M55_S
2025-08-12 14:11:06,266 [INFO] BlockDiagram:2775 - set Specific Code input for plugin: RCC
2025-08-12 14:11:06,266 [INFO] BlockDiagram:2775 - set Specific Code input for plugin: CORTEX_M55_FSBL
2025-08-12 14:11:06,266 [INFO] BlockDiagram:2775 - set Specific Code input for plugin: XSPIM
2025-08-12 14:11:06,266 [INFO] BlockDiagram:2775 - set Specific Code input for plugin: XSPI
2025-08-12 14:11:06,266 [INFO] BlockDiagram:2775 - set Specific Code input for plugin: LPUART
2025-08-12 14:11:06,266 [INFO] BlockDiagram:2775 - set Specific Code input for plugin: NVIC
2025-08-12 14:11:06,266 [INFO] BlockDiagram:2775 - set Specific Code input for plugin: HDP
2025-08-12 14:11:06,266 [INFO] BlockDiagram:2775 - set Specific Code input for plugin: ICACHE
2025-08-12 14:11:06,266 [INFO] BlockDiagram:2775 - set Specific Code input for plugin: DEBUG
2025-08-12 14:11:06,267 [INFO] BlockDiagram:2775 - set Specific Code input for plugin: GPIO
2025-08-12 14:11:06,267 [INFO] BlockDiagram:2775 - set Specific Code input for plugin: RIF
2025-08-12 14:11:06,267 [INFO] BlockDiagram:2775 - set Specific Code input for plugin: NVIC1
2025-08-12 14:11:06,269 [INFO] CodeGenerator:892 - code generatio: config db path: C:\ST\STM32CubeIDE_1.19.0\STM32CubeIDE\plugins\com.st.stm32cube.common.mx_6.15.0.202507011659\\db\
2025-08-12 14:11:06,271 [WARN] IP:2250 - DeviceAttribute0 not found: check if there is a RefParameter without a condition.
2025-08-12 14:11:06,271 [WARN] IP:2250 - Memorytype1 not found: check if there is a RefParameter without a condition.
2025-08-12 14:11:06,271 [WARN] IP:2250 - DeviceAttribute1 not found: check if there is a RefParameter without a condition.
2025-08-12 14:11:06,271 [WARN] IP:2250 - LL_DeviceAttribute21 not found: check if there is a RefParameter without a condition.
2025-08-12 14:11:06,271 [WARN] IP:2250 - Memorytype2 not found: check if there is a RefParameter without a condition.
2025-08-12 14:11:06,271 [WARN] IP:2250 - DeviceAttribute2 not found: check if there is a RefParameter without a condition.
2025-08-12 14:11:06,271 [WARN] IP:2250 - LL_DeviceAttribute22 not found: check if there is a RefParameter without a condition.
2025-08-12 14:11:06,272 [WARN] IP:2250 - Memorytype3 not found: check if there is a RefParameter without a condition.
2025-08-12 14:11:06,272 [WARN] IP:2250 - DeviceAttribute3 not found: check if there is a RefParameter without a condition.
2025-08-12 14:11:06,272 [WARN] IP:2250 - LL_DeviceAttribute23 not found: check if there is a RefParameter without a condition.
2025-08-12 14:11:06,272 [WARN] IP:2250 - Memorytype4 not found: check if there is a RefParameter without a condition.
2025-08-12 14:11:06,272 [WARN] IP:2250 - DeviceAttribute4 not found: check if there is a RefParameter without a condition.
2025-08-12 14:11:06,272 [WARN] IP:2250 - LL_DeviceAttribute24 not found: check if there is a RefParameter without a condition.
2025-08-12 14:11:06,272 [WARN] IP:2250 - Memorytype5 not found: check if there is a RefParameter without a condition.
2025-08-12 14:11:06,272 [WARN] IP:2250 - DeviceAttribute5 not found: check if there is a RefParameter without a condition.
2025-08-12 14:11:06,272 [WARN] IP:2250 - LL_DeviceAttribute25 not found: check if there is a RefParameter without a condition.
2025-08-12 14:11:06,272 [WARN] IP:2250 - Memorytype6 not found: check if there is a RefParameter without a condition.
2025-08-12 14:11:06,272 [WARN] IP:2250 - DeviceAttribute6 not found: check if there is a RefParameter without a condition.
2025-08-12 14:11:06,272 [WARN] IP:2250 - LL_DeviceAttribute26 not found: check if there is a RefParameter without a condition.
2025-08-12 14:11:06,272 [WARN] IP:2250 - Memorytype7 not found: check if there is a RefParameter without a condition.
2025-08-12 14:11:06,272 [WARN] IP:2250 - DeviceAttribute7 not found: check if there is a RefParameter without a condition.
2025-08-12 14:11:06,272 [WARN] IP:2250 - LL_DeviceAttribute27 not found: check if there is a RefParameter without a condition.
2025-08-12 14:11:06,276 [WARN] IP:2250 - Memorytype0 not found: check if there is a RefParameter without a condition.
2025-08-12 14:11:06,276 [WARN] IP:2250 - LL_DeviceAttribute20 not found: check if there is a RefParameter without a condition.
2025-08-12 14:11:06,276 [WARN] IP:2250 - DeviceAttribute0 not found: check if there is a RefParameter without a condition.
2025-08-12 14:11:06,276 [WARN] IP:2250 - DeviceAttribute20 not found: check if there is a RefParameter without a condition.
2025-08-12 14:11:06,277 [WARN] IP:2250 - DeviceAttribute1 not found: check if there is a RefParameter without a condition.
2025-08-12 14:11:06,277 [WARN] IP:2250 - Memorytype2 not found: check if there is a RefParameter without a condition.
2025-08-12 14:11:06,277 [WARN] IP:2250 - LL_DeviceAttribute22 not found: check if there is a RefParameter without a condition.
2025-08-12 14:11:06,277 [WARN] IP:2250 - DeviceAttribute2 not found: check if there is a RefParameter without a condition.
2025-08-12 14:11:06,277 [WARN] IP:2250 - Memorytype3 not found: check if there is a RefParameter without a condition.
2025-08-12 14:11:06,277 [WARN] IP:2250 - LL_DeviceAttribute23 not found: check if there is a RefParameter without a condition.
2025-08-12 14:11:06,277 [WARN] IP:2250 - DeviceAttribute3 not found: check if there is a RefParameter without a condition.
2025-08-12 14:11:06,277 [WARN] IP:2250 - Memorytype4 not found: check if there is a RefParameter without a condition.
2025-08-12 14:11:06,277 [WARN] IP:2250 - LL_DeviceAttribute24 not found: check if there is a RefParameter without a condition.
2025-08-12 14:11:06,277 [WARN] IP:2250 - DeviceAttribute4 not found: check if there is a RefParameter without a condition.
2025-08-12 14:11:06,277 [WARN] IP:2250 - Memorytype5 not found: check if there is a RefParameter without a condition.
2025-08-12 14:11:06,277 [WARN] IP:2250 - LL_DeviceAttribute25 not found: check if there is a RefParameter without a condition.
2025-08-12 14:11:06,277 [WARN] IP:2250 - DeviceAttribute5 not found: check if there is a RefParameter without a condition.
2025-08-12 14:11:06,277 [WARN] IP:2250 - Memorytype6 not found: check if there is a RefParameter without a condition.
2025-08-12 14:11:06,277 [WARN] IP:2250 - LL_DeviceAttribute26 not found: check if there is a RefParameter without a condition.
2025-08-12 14:11:06,277 [WARN] IP:2250 - DeviceAttribute6 not found: check if there is a RefParameter without a condition.
2025-08-12 14:11:06,277 [WARN] IP:2250 - Memorytype7 not found: check if there is a RefParameter without a condition.
2025-08-12 14:11:06,277 [WARN] IP:2250 - LL_DeviceAttribute27 not found: check if there is a RefParameter without a condition.
2025-08-12 14:11:06,277 [WARN] IP:2250 - DeviceAttribute7 not found: check if there is a RefParameter without a condition.
2025-08-12 14:11:06,282 [WARN] IP:2250 - RefParam_LRUN_SRC_memory not found: check if there is a RefParameter without a condition.
2025-08-12 14:11:06,282 [WARN] IP:2250 - RefParam_LRUN_SRC_offset not found: check if there is a RefParameter without a condition.
2025-08-12 14:11:06,282 [WARN] IP:2250 - RefParam_LRUN_SRC_size not found: check if there is a RefParameter without a condition.
2025-08-12 14:11:06,282 [WARN] IP:2250 - RefParam_LRUN_DEST_memory not found: check if there is a RefParameter without a condition.
2025-08-12 14:11:06,282 [WARN] IP:2250 - RefParam_LRUN_DEST_offset not found: check if there is a RefParameter without a condition.
2025-08-12 14:11:06,283 [WARN] IP:2250 - RefParam_MEMORY_1_Size not found: check if there is a RefParameter without a condition.
2025-08-12 14:11:06,283 [WARN] IP:2250 - RefParam_MEMORY_1_FreqMax not found: check if there is a RefParameter without a condition.
2025-08-12 14:11:06,283 [WARN] IP:2250 - RefParam_MEMORY_1_ReadReg not found: check if there is a RefParameter without a condition.
2025-08-12 14:11:06,283 [WARN] IP:2250 - RefParam_MEMORY_1_WriteReg not found: check if there is a RefParameter without a condition.
2025-08-12 14:11:06,283 [WARN] IP:2250 - RefParam_MEMORY_1_RegSize not found: check if there is a RefParameter without a condition.
2025-08-12 14:11:06,283 [WARN] IP:2250 - RefParam_MEMORY_1_RegDummyCycle not found: check if there is a RefParameter without a condition.
2025-08-12 14:11:06,283 [WARN] IP:2250 - RefParam_MEMORY_1_WriteCommand not found: check if there is a RefParameter without a condition.
2025-08-12 14:11:06,283 [WARN] IP:2250 - RefParam_MEMORY_1_WriteDummyCycle not found: check if there is a RefParameter without a condition.
2025-08-12 14:11:06,283 [WARN] IP:2250 - RefParam_MEMORY_1_ReadCommand not found: check if there is a RefParameter without a condition.
2025-08-12 14:11:06,283 [WARN] IP:2250 - RefParam_MEMORY_1_WrapReadCommand not found: check if there is a RefParameter without a condition.
2025-08-12 14:11:06,283 [WARN] IP:2250 - RefParam_MEMORY_1_ReadDummyCycle not found: check if there is a RefParameter without a condition.
2025-08-12 14:11:06,283 [WARN] IP:2250 - RefParam_MEMORY_1_NumberOfConfig not found: check if there is a RefParameter without a condition.
2025-08-12 14:11:06,283 [WARN] IP:2250 - RefParam_MEMORY_1_Config1_WriteMask not found: check if there is a RefParameter without a condition.
2025-08-12 14:11:06,283 [WARN] IP:2250 - RefParam_MEMORY_1_Config1_WriteValue not found: check if there is a RefParameter without a condition.
2025-08-12 14:11:06,283 [WARN] IP:2250 - RefParam_MEMORY_1_Config1_RegAddress not found: check if there is a RefParameter without a condition.
2025-08-12 14:11:06,283 [WARN] IP:2250 - RefParam_MEMORY_1_Config2_WriteMask not found: check if there is a RefParameter without a condition.
2025-08-12 14:11:06,283 [WARN] IP:2250 - RefParam_MEMORY_1_Config2_WriteValue not found: check if there is a RefParameter without a condition.
2025-08-12 14:11:06,283 [WARN] IP:2250 - RefParam_MEMORY_1_Config2_RegAddress not found: check if there is a RefParameter without a condition.
2025-08-12 14:11:06,283 [WARN] IP:2250 - RefParam_MEMORY_1_Config3_WriteMask not found: check if there is a RefParameter without a condition.
2025-08-12 14:11:06,283 [WARN] IP:2250 - RefParam_MEMORY_1_Config3_WriteValue not found: check if there is a RefParameter without a condition.
2025-08-12 14:11:06,283 [WARN] IP:2250 - RefParam_MEMORY_1_Config3_RegAddress not found: check if there is a RefParameter without a condition.
2025-08-12 14:11:06,283 [WARN] IP:2250 - RefParam_MEMORY_2_Instance not found: check if there is a RefParameter without a condition.
2025-08-12 14:11:06,283 [WARN] IP:2250 - RefParam_MEMORY_2_ConfigType not found: check if there is a RefParameter without a condition.
2025-08-12 14:11:06,283 [WARN] IP:2250 - RefParam_MEMORY_2_Size not found: check if there is a RefParameter without a condition.
2025-08-12 14:11:06,283 [WARN] IP:2250 - RefParam_MEMORY_2_FreqMax not found: check if there is a RefParameter without a condition.
2025-08-12 14:11:06,283 [WARN] IP:2250 - RefParam_MEMORY_2_ReadReg not found: check if there is a RefParameter without a condition.
2025-08-12 14:11:06,283 [WARN] IP:2250 - RefParam_MEMORY_2_WriteReg not found: check if there is a RefParameter without a condition.
2025-08-12 14:11:06,283 [WARN] IP:2250 - RefParam_MEMORY_2_RegSize not found: check if there is a RefParameter without a condition.
2025-08-12 14:11:06,283 [WARN] IP:2250 - RefParam_MEMORY_2_RegDummyCycle not found: check if there is a RefParameter without a condition.
2025-08-12 14:11:06,283 [WARN] IP:2250 - RefParam_MEMORY_2_WriteCommand not found: check if there is a RefParameter without a condition.
2025-08-12 14:11:06,283 [WARN] IP:2250 - RefParam_MEMORY_2_WriteDummyCycle not found: check if there is a RefParameter without a condition.
2025-08-12 14:11:06,283 [WARN] IP:2250 - RefParam_MEMORY_2_ReadCommand not found: check if there is a RefParameter without a condition.
2025-08-12 14:11:06,283 [WARN] IP:2250 - RefParam_MEMORY_2_WrapReadCommand not found: check if there is a RefParameter without a condition.
2025-08-12 14:11:06,283 [WARN] IP:2250 - RefParam_MEMORY_2_ReadDummyCycle not found: check if there is a RefParameter without a condition.
2025-08-12 14:11:06,283 [WARN] IP:2250 - RefParam_MEMORY_2_NumberOfConfig not found: check if there is a RefParameter without a condition.
2025-08-12 14:11:06,283 [WARN] IP:2250 - RefParam_MEMORY_2_Config1_WriteMask not found: check if there is a RefParameter without a condition.
2025-08-12 14:11:06,283 [WARN] IP:2250 - RefParam_MEMORY_2_Config1_WriteValue not found: check if there is a RefParameter without a condition.
2025-08-12 14:11:06,283 [WARN] IP:2250 - RefParam_MEMORY_2_Config1_RegAddress not found: check if there is a RefParameter without a condition.
2025-08-12 14:11:06,283 [WARN] IP:2250 - RefParam_MEMORY_2_Config2_WriteMask not found: check if there is a RefParameter without a condition.
2025-08-12 14:11:06,283 [WARN] IP:2250 - RefParam_MEMORY_2_Config2_WriteValue not found: check if there is a RefParameter without a condition.
2025-08-12 14:11:06,283 [WARN] IP:2250 - RefParam_MEMORY_2_Config2_RegAddress not found: check if there is a RefParameter without a condition.
2025-08-12 14:11:06,283 [WARN] IP:2250 - RefParam_MEMORY_2_Config3_WriteMask not found: check if there is a RefParameter without a condition.
2025-08-12 14:11:06,283 [WARN] IP:2250 - RefParam_MEMORY_2_Config3_WriteValue not found: check if there is a RefParameter without a condition.
2025-08-12 14:11:06,283 [WARN] IP:2250 - RefParam_MEMORY_2_Config3_RegAddress not found: check if there is a RefParameter without a condition.
2025-08-12 14:11:06,296 [WARN] IP:2250 - pwrPrivilege not found: check if there is a RefParameter without a condition.
2025-08-12 14:11:06,362 [INFO] Middleware:1452 - No code input for Bsp Dependency
2025-08-12 14:11:06,364 [INFO] Middleware:1452 - No code input for Bsp Dependency
2025-08-12 14:11:06,365 [INFO] Middleware:1452 - No code input for Bsp Dependency
2025-08-12 14:11:06,367 [INFO] Middleware:1452 - No code input for Bsp Dependency
2025-08-12 14:11:06,369 [INFO] Middleware:1452 - No code input for Bsp Dependency
2025-08-12 14:11:06,370 [INFO] Middleware:1452 - No code input for Bsp Dependency
2025-08-12 14:11:06,371 [INFO] CodeGenerator:1619 - *******************Project context FSBL selected
2025-08-12 14:11:06,419 [INFO] CodeEngine:265 - oldGeneratedFile, C:\ST\AB_LSTM\AB_LSTM\MXTmpFiles\license.tmp_save
2025-08-12 14:11:06,646 [INFO] CodeEngine:289 - Generated code: C:\ST\AB_LSTM\AB_LSTM\MXTmpFiles\license.tmp
2025-08-12 14:11:06,707 [INFO] CodeEngine:265 - oldGeneratedFile, C:\ST\AB_LSTM\AB_LSTM\FSBL\MXTmpFiles\gpio.tmp_save
2025-08-12 14:11:06,872 [INFO] CodeEngine:289 - Generated code: C:\ST\AB_LSTM\AB_LSTM\FSBL\MXTmpFiles\gpio.tmp
2025-08-12 14:11:06,925 [WARN] IPConfigManager:103 - WARNING: Missing Config File for DEBUG ip!!
2025-08-12 14:11:07,003 [WARN] IPConfigManager:103 - WARNING: Missing Config File for HDP ip!!
2025-08-12 14:11:07,198 [WARN] IPConfigManager:103 - WARNING: Missing Config File for XSPIM ip!!
2025-08-12 14:11:07,254 [INFO] Middleware:1452 - No code input for Bsp Dependency
2025-08-12 14:11:07,264 [INFO] CodeEngine:265 - oldGeneratedFile, C:\ST\AB_LSTM\AB_LSTM\FSBL\MXTmpFiles\boot_code.tmp_save
2025-08-12 14:11:07,359 [INFO] CodeEngine:289 - Generated code: C:\ST\AB_LSTM\AB_LSTM\FSBL\MXTmpFiles\boot_code.tmp
2025-08-12 14:11:07,377 [INFO] CodeEngine:265 - oldGeneratedFile, C:\ST\AB_LSTM\AB_LSTM\FSBL\MXTmpFiles\cortex.tmp_save
2025-08-12 14:11:07,515 [INFO] CodeEngine:289 - Generated code: C:\ST\AB_LSTM\AB_LSTM\FSBL\MXTmpFiles\cortex.tmp
2025-08-12 14:11:07,569 [INFO] Middleware:1452 - No code input for Bsp Dependency
2025-08-12 14:11:07,581 [INFO] CodeEngine:265 - oldGeneratedFile, C:\ST\AB_LSTM\AB_LSTM\FSBL\Core\Inc\extmem_manager.h_save
2025-08-12 14:11:07,713 [INFO] CodeEngine:289 - Generated code: C:\ST\AB_LSTM\AB_LSTM\FSBL\Core\Inc\extmem_manager.h
2025-08-12 14:11:07,721 [INFO] CodeEngine:265 - oldGeneratedFile, C:\ST\AB_LSTM\AB_LSTM\FSBL\Core\Src\extmem_manager.c_save
2025-08-12 14:11:07,822 [INFO] CodeEngine:289 - Generated code: C:\ST\AB_LSTM\AB_LSTM\FSBL\Core\Src\extmem_manager.c
2025-08-12 14:11:07,829 [INFO] CodeEngine:265 - oldGeneratedFile, C:\ST\AB_LSTM\AB_LSTM\FSBL\Core\Inc\stm32_extmem_conf.h_save
2025-08-12 14:11:07,936 [INFO] CodeEngine:289 - Generated code: C:\ST\AB_LSTM\AB_LSTM\FSBL\Core\Inc\stm32_extmem_conf.h
2025-08-12 14:11:07,946 [INFO] CodeEngine:265 - oldGeneratedFile, C:\ST\AB_LSTM\AB_LSTM\FSBL\MXTmpFiles\boot_code.tmp_save
2025-08-12 14:11:07,978 [INFO] CodeEngine:289 - Generated code: C:\ST\AB_LSTM\AB_LSTM\FSBL\MXTmpFiles\boot_code.tmp
2025-08-12 14:11:07,999 [INFO] CodeEngine:265 - oldGeneratedFile, C:\ST\AB_LSTM\AB_LSTM\FSBL\Core\Src\stm32n6xx_it.c_save
2025-08-12 14:11:08,162 [INFO] CodeEngine:289 - Generated code: C:\ST\AB_LSTM\AB_LSTM\FSBL\Core\Src\stm32n6xx_it.c
2025-08-12 14:11:08,168 [INFO] CodeEngine:265 - oldGeneratedFile, C:\ST\AB_LSTM\AB_LSTM\FSBL\Core\Inc\stm32n6xx_it.h_save
2025-08-12 14:11:08,239 [INFO] CodeEngine:289 - Generated code: C:\ST\AB_LSTM\AB_LSTM\FSBL\Core\Inc\stm32n6xx_it.h
2025-08-12 14:11:08,330 [INFO] CodeEngine:265 - oldGeneratedFile, C:\ST\AB_LSTM\AB_LSTM\FSBL\Core\Src\stm32n6xx_hal_msp.c_save
2025-08-12 14:11:08,499 [INFO] CodeEngine:289 - Generated code: C:\ST\AB_LSTM\AB_LSTM\FSBL\Core\Src\stm32n6xx_hal_msp.c
2025-08-12 14:11:08,508 [INFO] CodeEngine:265 - oldGeneratedFile, C:\ST\AB_LSTM\AB_LSTM\FSBL\MXTmpFiles\system.tmp_save
2025-08-12 14:11:08,576 [INFO] CodeEngine:289 - Generated code: C:\ST\AB_LSTM\AB_LSTM\FSBL\MXTmpFiles\system.tmp
2025-08-12 14:11:08,598 [INFO] CodeEngine:321 - oldGeneratedFile, C:\ST\AB_LSTM\AB_LSTM\FSBL\Core\Inc\stm32n6xx_hal_conf.h_save
2025-08-12 14:11:08,732 [INFO] CodeEngine:345 - Generated code: C:\ST\AB_LSTM\AB_LSTM\FSBL\Core\Inc\stm32n6xx_hal_conf.h
2025-08-12 14:11:08,748 [WARN] IPConfigManager:3238 - Warning: the RefConfig RCC_ConfigVoltageScaling is not available in your config.xml file
2025-08-12 14:11:08,753 [WARN] IPConfigManager:3238 - Warning: the RefConfig RCC_RTC_HSEDIV is not available in your config.xml file
2025-08-12 14:11:08,758 [ERROR] ApiDbMcu:560 - Cannot parse HDP_Config file : file do not exist
2025-08-12 14:11:08,759 [ERROR] ApiDbMcu:560 - Cannot parse XSPIM_Config file : file do not exist
2025-08-12 14:11:08,772 [INFO] CodeEngine:265 - oldGeneratedFile, C:\ST\AB_LSTM\AB_LSTM\FSBL\Core\Inc\main.h_save
2025-08-12 14:11:08,889 [INFO] CodeEngine:289 - Generated code: C:\ST\AB_LSTM\AB_LSTM\FSBL\Core\Inc\main.h
2025-08-12 14:11:08,895 [INFO] CodeEngine:265 - oldGeneratedFile, C:\ST\AB_LSTM\AB_LSTM\FSBL\Core\Src\main.c_save
2025-08-12 14:11:09,106 [INFO] CodeEngine:289 - Generated code: C:\ST\AB_LSTM\AB_LSTM\FSBL\Core\Src\main.c
2025-08-12 14:11:09,185 [INFO] CodeGenerator:1619 - *******************Project context Appli selected
2025-08-12 14:11:09,260 [INFO] CodeEngine:265 - oldGeneratedFile, C:\ST\AB_LSTM\AB_LSTM\MXTmpFiles\license.tmp_save
2025-08-12 14:11:09,390 [INFO] CodeEngine:289 - Generated code: C:\ST\AB_LSTM\AB_LSTM\MXTmpFiles\license.tmp
2025-08-12 14:11:09,419 [INFO] CodeEngine:265 - oldGeneratedFile, C:\ST\AB_LSTM\AB_LSTM\Appli\MXTmpFiles\gpio.tmp_save
2025-08-12 14:11:09,552 [INFO] CodeEngine:289 - Generated code: C:\ST\AB_LSTM\AB_LSTM\Appli\MXTmpFiles\gpio.tmp
2025-08-12 14:11:09,609 [WARN] IPConfigManager:103 - WARNING: Missing Config File for DEBUG ip!!
2025-08-12 14:11:09,676 [WARN] IPConfigManager:103 - WARNING: Missing Config File for NVIC ip!!
2025-08-12 14:11:09,723 [INFO] CodeEngine:265 - oldGeneratedFile, C:\ST\AB_LSTM\AB_LSTM\Appli\MXTmpFiles\cortex.tmp_save
2025-08-12 14:11:09,830 [INFO] CodeEngine:289 - Generated code: C:\ST\AB_LSTM\AB_LSTM\Appli\MXTmpFiles\cortex.tmp
2025-08-12 14:11:09,869 [INFO] CodeEngine:265 - oldGeneratedFile, C:\ST\AB_LSTM\AB_LSTM\Appli\Core\Src\stm32n6xx_it.c_save
2025-08-12 14:11:09,998 [INFO] CodeEngine:289 - Generated code: C:\ST\AB_LSTM\AB_LSTM\Appli\Core\Src\stm32n6xx_it.c
2025-08-12 14:11:10,007 [INFO] CodeEngine:265 - oldGeneratedFile, C:\ST\AB_LSTM\AB_LSTM\Appli\Core\Inc\stm32n6xx_it.h_save
2025-08-12 14:11:10,069 [INFO] CodeEngine:289 - Generated code: C:\ST\AB_LSTM\AB_LSTM\Appli\Core\Inc\stm32n6xx_it.h
2025-08-12 14:11:10,084 [INFO] CodeEngine:265 - oldGeneratedFile, C:\ST\AB_LSTM\AB_LSTM\Appli\MXTmpFiles\RIFInit.tmp_save
2025-08-12 14:11:10,210 [INFO] CodeEngine:289 - Generated code: C:\ST\AB_LSTM\AB_LSTM\Appli\MXTmpFiles\RIFInit.tmp
2025-08-12 14:11:10,266 [INFO] CodeEngine:265 - oldGeneratedFile, C:\ST\AB_LSTM\AB_LSTM\Appli\Core\Src\stm32n6xx_hal_msp.c_save
2025-08-12 14:11:10,412 [INFO] CodeEngine:289 - Generated code: C:\ST\AB_LSTM\AB_LSTM\Appli\Core\Src\stm32n6xx_hal_msp.c
2025-08-12 14:11:10,420 [INFO] CodeEngine:265 - oldGeneratedFile, C:\ST\AB_LSTM\AB_LSTM\Appli\MXTmpFiles\system.tmp_save
2025-08-12 14:11:10,466 [INFO] CodeEngine:289 - Generated code: C:\ST\AB_LSTM\AB_LSTM\Appli\MXTmpFiles\system.tmp
2025-08-12 14:11:10,478 [INFO] CodeEngine:321 - oldGeneratedFile, C:\ST\AB_LSTM\AB_LSTM\Appli\Core\Inc\stm32n6xx_hal_conf.h_save
2025-08-12 14:11:10,601 [INFO] CodeEngine:345 - Generated code: C:\ST\AB_LSTM\AB_LSTM\Appli\Core\Inc\stm32n6xx_hal_conf.h
2025-08-12 14:11:10,617 [WARN] IPConfigManager:3238 - Warning: the RefConfig RCC_ConfigVoltageScaling is not available in your config.xml file
2025-08-12 14:11:10,618 [WARN] IPConfigManager:3238 - Warning: the RefConfig RCC_RTC_HSEDIV is not available in your config.xml file
2025-08-12 14:11:10,634 [INFO] CodeEngine:265 - oldGeneratedFile, C:\ST\AB_LSTM\AB_LSTM\Appli\Core\Inc\main.h_save
2025-08-12 14:11:10,739 [INFO] CodeEngine:289 - Generated code: C:\ST\AB_LSTM\AB_LSTM\Appli\Core\Inc\main.h
2025-08-12 14:11:10,745 [INFO] CodeEngine:265 - oldGeneratedFile, C:\ST\AB_LSTM\AB_LSTM\Appli\Core\Src\main.c_save
2025-08-12 14:11:10,875 [INFO] CodeEngine:289 - Generated code: C:\ST\AB_LSTM\AB_LSTM\Appli\Core\Src\main.c
2025-08-12 14:11:10,886 [INFO] CodeEngine:265 - oldGeneratedFile, C:\ST\AB_LSTM\AB_LSTM\Appli\Core\Src\secure_nsc.c_save
2025-08-12 14:11:10,980 [INFO] CodeEngine:289 - Generated code: C:\ST\AB_LSTM\AB_LSTM\Appli\Core\Src\secure_nsc.c
2025-08-12 14:11:10,986 [INFO] CodeEngine:265 - oldGeneratedFile, C:\ST\AB_LSTM\AB_LSTM\Appli\Core\Inc\partition_stm32n657xx.h_save
2025-08-12 14:11:11,067 [INFO] CodeEngine:289 - Generated code: C:\ST\AB_LSTM\AB_LSTM\Appli\Core\Inc\partition_stm32n657xx.h
2025-08-12 14:11:11,075 [INFO] CodeEngine:265 - oldGeneratedFile, C:\ST\AB_LSTM\AB_LSTM\Secure_nsclib\secure_nsc.h_save
2025-08-12 14:11:11,148 [INFO] CodeEngine:289 - Generated code: C:\ST\AB_LSTM\AB_LSTM\Secure_nsclib\secure_nsc.h
2025-08-12 14:11:11,180 [INFO] CodeGenerator:1707 - *******************Project context ExtMemLoader Not selected
2025-08-12 14:11:11,686 [INFO] ProjectBuilder:3606 - Time for Copy HAL[1] : 358mS.
2025-08-12 14:11:11,697 [INFO] ProjectBuilder:5216 - Project Generator version: 4.7.0-B52
2025-08-12 14:11:11,742 [INFO] ConfigFileManager:1595 - The Die is : DIE486
2025-08-12 14:11:18,267 [INFO] ProjectBuilder:5056 - Time for Generating toolchain IDE Files: 6570mS.
2025-08-12 14:11:18,269 [INFO] ProjectBuilder:3463 - Time for Copy CMSIS : 2mS.
2025-08-12 14:11:18,273 [INFO] ProjectBuilder:3463 - Time for Copy CMSIS : 0mS.
2025-08-12 15:42:12,694 [INFO] WebApp:194 - Connection lost
2025-08-12 15:42:13,220 [INFO] WebApp:191 - Connection restablished
