2025-08-20 07:23:46,216 [INFO] WebApp:194 - Connection lost
2025-08-20 07:24:11,116 [INFO] WebApp:191 - Connection restablished
2025-08-20 09:18:06,616 [INFO] WebApp:194 - Connection lost
2025-08-20 09:18:06,940 [INFO] WebApp:191 - Connection restablished
2025-08-20 09:35:49,174 [INFO] WebApp:194 - Connection lost
2025-08-20 09:35:49,445 [INFO] WebApp:191 - Connection restablished
2025-08-20 09:35:52,680 [INFO] WebApp:194 - Connection lost
2025-08-20 09:35:52,956 [INFO] WebApp:191 - Connection restablished
2025-08-20 11:24:07,161 [INFO] WebApp:194 - Connection lost
2025-08-20 11:24:07,490 [INFO] WebApp:191 - Connection restablished
2025-08-20 12:58:25,032 [INFO] WebApp:194 - Connection lost
2025-08-20 12:58:25,502 [INFO] WebApp:191 - Connection restablished
2025-08-20 13:36:40,337 [INFO] WebApp:194 - Connection lost
2025-08-20 13:36:40,814 [INFO] WebApp:191 - Connection restablished
2025-08-20 13:36:42,384 [INFO] WebApp:194 - Connection lost
2025-08-20 13:36:42,756 [INFO] WebApp:191 - Connection restablished
2025-08-20 13:36:43,898 [INFO] WebApp:194 - Connection lost
2025-08-20 13:36:44,143 [INFO] WebApp:191 - Connection restablished
2025-08-20 13:36:50,820 [INFO] WebApp:194 - Connection lost
2025-08-20 13:36:51,197 [INFO] WebApp:191 - Connection restablished
2025-08-20 14:23:43,720 [INFO] WebApp:194 - Connection lost
2025-08-20 14:23:44,025 [INFO] WebApp:191 - Connection restablished
2025-08-20 14:55:49,015 [INFO] AI:955 - getUI adding AI com.st.microxplorer.plugins.ip.ai.AI@41d3a575 on STMicroelectronics.X-CUBE-AI.10.2.0_Appli
2025-08-20 15:24:09,103 [INFO] WebApp:194 - Connection lost
2025-08-20 15:24:09,425 [INFO] WebApp:191 - Connection restablished
2025-08-21 21:24:58,114 [INFO] Activator:176 - 


2025-08-21 21:24:58,114 [INFO] Activator:177 - !SESSION log4j initialized
2025-08-21 21:25:03,957 [INFO] LogOutputStream:77 - [STDOUT_REDIRECT] 
2025-08-21 21:25:07,156 [INFO] ApplicationProperties:184 - Using Application install path: C:\ST\STM32CubeIDE_1.19.0\STM32CubeIDE\plugins\com.st.stm32cube.common.mx_6.15.0.202507011659
2025-08-21 21:25:07,175 [INFO] DbMcusXml:78 - Set database path to: C:\ST\STM32CubeIDE_1.19.0\STM32CubeIDE\plugins\com.st.stm32cube.common.mx_6.15.0.202507011659\\db\/mcu/
2025-08-21 21:25:07,176 [INFO] ApiDb:274 - Set plugin database path to: C:\ST\STM32CubeIDE_1.19.0\STM32CubeIDE\plugins\com.st.stm32cube.common.mx_6.15.0.202507011659\\db\/plugins/boardmanager/
2025-08-21 21:25:07,176 [WARN] ApiDb:259 - Overriding images path with different value:  => C:\ST\STM32CubeIDE_1.19.0\STM32CubeIDE\plugins\com.st.stm32cube.common.mx_6.15.0.202507011659\\db\/plugins/mcufinder/images/
2025-08-21 21:25:07,190 [INFO] ApiDb:250 - Set database path to: C:\Users\ZOJOLDRI\.stmcufinder\plugins\mcufinder//mcu/
2025-08-21 21:25:07,191 [INFO] DbMcusAds:125 - Set database path to: C:\Users\ZOJOLDRI\.stmcufinder\plugins\mcufinder//mcu/
2025-08-21 21:25:07,195 [INFO] CrossReferenceDbSqlite:203 - Set database path to: C:\Users\ZOJOLDRI\.stmcufinder\plugins\mcufinder//mcu/cs/
2025-08-21 21:25:07,312 [INFO] RulesReader:64 - Compatibility file has been processed (317 Rules)
2025-08-21 21:25:07,399 [INFO] DbMcusXml:78 - Set database path to: C:\ST\STM32CubeIDE_1.19.0\STM32CubeIDE\plugins\com.st.stm32cube.common.mx_6.15.0.202507011659\\db\/mcu/
2025-08-21 21:25:07,399 [INFO] ApiDb:274 - Set plugin database path to: C:\ST\STM32CubeIDE_1.19.0\STM32CubeIDE\plugins\com.st.stm32cube.common.mx_6.15.0.202507011659\\db\/plugins/boardmanager/
2025-08-21 21:25:07,399 [INFO] ApiDb:261 - Set plugin images path to: C:\ST\STM32CubeIDE_1.19.0\STM32CubeIDE\plugins\com.st.stm32cube.common.mx_6.15.0.202507011659\\db\/plugins/mcufinder/images/
2025-08-21 21:25:07,399 [WARN] DbFile:41 - Overriding database path with different value: C:\Users\ZOJOLDRI\.stmcufinder\plugins\mcufinder/ => C:\Users\ZOJOLDRI\.stmcufinder\plugins\mcufinder
2025-08-21 21:25:07,399 [INFO] ApiDb:250 - Set database path to: C:\Users\ZOJOLDRI\.stmcufinder\plugins\mcufinder//mcu/
2025-08-21 21:25:07,400 [WARN] DbFile:41 - Overriding database path with different value: C:\Users\ZOJOLDRI\.stmcufinder\plugins\mcufinder/ => C:\Users\ZOJOLDRI\.stmcufinder\plugins\mcufinder
2025-08-21 21:25:07,400 [INFO] DbMcusAds:125 - Set database path to: C:\Users\ZOJOLDRI\.stmcufinder\plugins\mcufinder//mcu/
2025-08-21 21:25:07,400 [WARN] DbFile:41 - Overriding database path with different value: C:\Users\ZOJOLDRI\.stmcufinder\plugins\mcufinder/ => C:\Users\ZOJOLDRI\.stmcufinder\plugins\mcufinder
2025-08-21 21:25:07,400 [WARN] DbFile:41 - Overriding database path with different value: C:\Users\ZOJOLDRI\.stmcufinder\plugins\mcufinder/ => C:\Users\ZOJOLDRI\.stmcufinder\plugins\mcufinder
2025-08-21 21:25:07,400 [INFO] CrossReferenceDbSqlite:203 - Set database path to: C:\Users\ZOJOLDRI\.stmcufinder\plugins\mcufinder//mcu/cs/
2025-08-21 21:25:07,474 [INFO] MainPanel:274 - HeapMemory: 286261248
2025-08-21 21:25:07,570 [INFO] DbMcusXml:78 - Set database path to: C:\ST\STM32CubeIDE_1.19.0\STM32CubeIDE\plugins\com.st.stm32cube.common.mx_6.15.0.202507011659\\db\/mcu/
2025-08-21 21:25:07,570 [INFO] ApiDb:274 - Set plugin database path to: C:\ST\STM32CubeIDE_1.19.0\STM32CubeIDE\plugins\com.st.stm32cube.common.mx_6.15.0.202507011659\\db\/plugins/boardmanager/
2025-08-21 21:25:07,570 [INFO] ApiDb:261 - Set plugin images path to: C:\ST\STM32CubeIDE_1.19.0\STM32CubeIDE\plugins\com.st.stm32cube.common.mx_6.15.0.202507011659\\db\/plugins/mcufinder/images/
2025-08-21 21:25:07,571 [WARN] DbFile:41 - Overriding database path with different value: C:\Users\ZOJOLDRI\.stmcufinder\plugins\mcufinder/ => C:\Users\ZOJOLDRI\.stmcufinder\plugins\mcufinder
2025-08-21 21:25:07,571 [INFO] ApiDb:250 - Set database path to: C:\Users\ZOJOLDRI\.stmcufinder\plugins\mcufinder//mcu/
2025-08-21 21:25:07,571 [WARN] DbFile:41 - Overriding database path with different value: C:\Users\ZOJOLDRI\.stmcufinder\plugins\mcufinder/ => C:\Users\ZOJOLDRI\.stmcufinder\plugins\mcufinder
2025-08-21 21:25:07,571 [INFO] DbMcusAds:125 - Set database path to: C:\Users\ZOJOLDRI\.stmcufinder\plugins\mcufinder//mcu/
2025-08-21 21:25:07,571 [WARN] DbFile:41 - Overriding database path with different value: C:\Users\ZOJOLDRI\.stmcufinder\plugins\mcufinder/ => C:\Users\ZOJOLDRI\.stmcufinder\plugins\mcufinder
2025-08-21 21:25:07,571 [WARN] DbFile:41 - Overriding database path with different value: C:\Users\ZOJOLDRI\.stmcufinder\plugins\mcufinder/ => C:\Users\ZOJOLDRI\.stmcufinder\plugins\mcufinder
2025-08-21 21:25:07,571 [INFO] CrossReferenceDbSqlite:203 - Set database path to: C:\Users\ZOJOLDRI\.stmcufinder\plugins\mcufinder//mcu/cs/
2025-08-21 21:25:07,587 [INFO] ApplicationProperties:184 - Using Application install path: C:\ST\STM32CubeIDE_1.19.0\STM32CubeIDE\plugins\com.st.stm32cube.common.mx_6.15.0.202507011659
2025-08-21 21:25:07,588 [INFO] PluginManage:196 - Search for loadable plugins [exclusion list=, ]
2025-08-21 21:25:07,589 [INFO] PluginManage:310 - Check plugin analytics
2025-08-21 21:25:07,773 [INFO] AnalyticsPlugin:253 - Accepted Software Licenses: STM32CubeMX.6.15.0
2025-08-21 21:25:07,774 [INFO] AnalyticsPlugin:255 - Accepted CMSIS Pack Licenses: STMicroelectronics.X-CUBE-AI.10.1.0,STMicroelectronics.X-CUBE-AI.10.2.0
2025-08-21 21:25:07,774 [INFO] AnalyticsPlugin:257 - Accepted Firmware Licenses: FW.L4.1.18.0,FW.F7.1.17.0,FW.N6.1.0.0,FW.N6.1.1.0,FW.N6.1.2.0
2025-08-21 21:25:07,776 [INFO] PluginManage:359 - Loaded plugin analytics (category:tool,tabindex:-1)
2025-08-21 21:25:07,776 [INFO] PluginManage:310 - Check plugin cadmodel
2025-08-21 21:25:07,810 [INFO] CADModel:105 - Init CAD model plugin
2025-08-21 21:25:07,810 [INFO] PluginManage:359 - Loaded plugin cadmodel (category:power,tabindex:5)
2025-08-21 21:25:07,810 [INFO] PluginManage:310 - Check plugin clock
2025-08-21 21:25:07,844 [INFO] PluginManage:359 - Loaded plugin clock (category:base,tabindex:2)
2025-08-21 21:25:07,844 [INFO] PluginManage:310 - Check plugin ddr
2025-08-21 21:25:07,846 [INFO] PluginManage:359 - Loaded plugin ddr (category:tool,tabindex:6)
2025-08-21 21:25:07,847 [INFO] PluginManage:310 - Check plugin filemanager
2025-08-21 21:25:08,020 [INFO] PluginManage:359 - Loaded plugin filemanager (category:base,tabindex:10)
2025-08-21 21:25:08,020 [INFO] PluginManage:310 - Check plugin ipmanager
2025-08-21 21:25:08,029 [INFO] PluginManage:359 - Loaded plugin ipmanager (category:base,tabindex:5)
2025-08-21 21:25:08,029 [INFO] PluginManage:310 - Check plugin lpbam
2025-08-21 21:25:08,058 [INFO] PluginManage:359 - Loaded plugin lpbam (category:base,tabindex:0)
2025-08-21 21:25:08,058 [INFO] PluginManage:310 - Check plugin memorymap
2025-08-21 21:25:08,087 [INFO] PluginManage:359 - Loaded plugin memorymap (category:base,tabindex:4)
2025-08-21 21:25:08,087 [INFO] PluginManage:310 - Check plugin pinoutandconfiguration
2025-08-21 21:25:08,117 [INFO] PluginManage:359 - Loaded plugin pinoutandconfiguration (category:base,tabindex:1)
2025-08-21 21:25:08,117 [INFO] PluginManage:310 - Check plugin pinoutconfig
2025-08-21 21:25:08,229 [WARN] SupportedApi:132 - Cannot load RTOS API schema: s4s-elt-must-match.1: The content of 'definitions' must match (annotation?, (simpleType | complexType)?, (unique | key | keyref)*)). A problem was found starting at: attribute.
2025-08-21 21:25:08,371 [INFO] PluginManage:359 - Loaded plugin pinoutconfig (category:base,tabindex:0)
2025-08-21 21:25:08,372 [INFO] PluginManage:310 - Check plugin power
2025-08-21 21:25:08,391 [INFO] PluginManage:359 - Loaded plugin power (category:power,tabindex:4)
2025-08-21 21:25:08,391 [INFO] PluginManage:310 - Check plugin projectmanager
2025-08-21 21:25:08,406 [INFO] PluginManage:359 - Loaded plugin projectmanager (category:projectmanager,tabindex:4)
2025-08-21 21:25:08,406 [INFO] PluginManage:310 - Check plugin rif
2025-08-21 21:25:08,428 [INFO] PluginManage:359 - Loaded plugin rif (category:base,tabindex:3)
2025-08-21 21:25:08,428 [INFO] PluginManage:310 - Check plugin thirdparty
2025-08-21 21:25:08,814 [INFO] PluginManage:359 - Loaded plugin thirdparty (category:base,tabindex:-1)
2025-08-21 21:25:08,814 [INFO] PluginManage:310 - Check plugin tools
2025-08-21 21:25:08,814 [WARN] IntegrityCheckThread:84 - waiting for thirdparty lock release [integrity check]
2025-08-21 21:25:08,815 [INFO] IntegrityCheckThread:86 - entering critical section [integrity check]
2025-08-21 21:25:08,815 [INFO] ThirdPartyUpdaterWithRetryManager:70 - Updater plugin not ready yet. [1/15]
2025-08-21 21:25:08,904 [INFO] PluginManage:359 - Loaded plugin tools (category:base,tabindex:7)
2025-08-21 21:25:08,904 [INFO] PluginManage:310 - Check plugin tutovideos
2025-08-21 21:25:09,043 [INFO] PluginManage:359 - Loaded plugin tutovideos (category:base,tabindex:-1)
2025-08-21 21:25:09,044 [INFO] PluginManage:310 - Check plugin updater
2025-08-21 21:25:09,056 [INFO] PluginManage:359 - Loaded plugin updater (category:base,tabindex:12)
2025-08-21 21:25:09,056 [INFO] PluginManage:310 - Check plugin userauth
2025-08-21 21:25:09,058 [INFO] UserAuth:118 - Init User Auth plugin
2025-08-21 21:25:09,059 [INFO] PluginManage:359 - Loaded plugin userauth (category:base,tabindex:14)
2025-08-21 21:25:09,059 [INFO] PluginManage:283 - PluginManage : Loaded plugins [18]
2025-08-21 21:25:09,222 [INFO] PinOutPanel:1589 - setPackage(No Configuration,No Configuration)
2025-08-21 21:25:09,283 [INFO] CADModel:165 - CPN selected for project level
2025-08-21 21:25:09,283 [INFO] CADModel:114 - Register for checkConnection events
2025-08-21 21:25:09,311 [INFO] IPUIPlugin:80 - create IPUIPlugin
2025-08-21 21:25:09,311 [INFO] PluginManager:220 - loadIPPluginJar : add adc
2025-08-21 21:25:09,404 [INFO] IPUIPlugin:80 - create IPUIPlugin
2025-08-21 21:25:09,404 [INFO] PluginManager:220 - loadIPPluginJar : add aes
2025-08-21 21:25:09,506 [INFO] IPUIPlugin:80 - create IPUIPlugin
2025-08-21 21:25:09,506 [INFO] PluginManager:220 - loadIPPluginJar : add can
2025-08-21 21:25:09,567 [INFO] IPUIPlugin:80 - create IPUIPlugin
2025-08-21 21:25:09,567 [INFO] PluginManager:220 - loadIPPluginJar : add comp
2025-08-21 21:25:09,656 [INFO] IPUIPlugin:80 - create IPUIPlugin
2025-08-21 21:25:09,656 [INFO] PluginManager:220 - loadIPPluginJar : add cryp
2025-08-21 21:25:09,683 [INFO] IPUIPlugin:80 - create IPUIPlugin
2025-08-21 21:25:09,683 [INFO] PluginManager:220 - loadIPPluginJar : add ddr_ctrl_phy
2025-08-21 21:25:09,753 [INFO] IPUIPlugin:80 - create IPUIPlugin
2025-08-21 21:25:09,753 [INFO] PluginManager:220 - loadIPPluginJar : add dfsdm
2025-08-21 21:25:09,765 [INFO] IPUIPlugin:80 - create IPUIPlugin
2025-08-21 21:25:09,765 [INFO] PluginManager:220 - loadIPPluginJar : add dma
2025-08-21 21:25:09,799 [INFO] IPUIPlugin:80 - create IPUIPlugin
2025-08-21 21:25:09,799 [INFO] PluginManager:220 - loadIPPluginJar : add dma3
2025-08-21 21:25:09,901 [INFO] IPUIPlugin:80 - create IPUIPlugin
2025-08-21 21:25:09,901 [INFO] PluginManager:220 - loadIPPluginJar : add extmemmanager
2025-08-21 21:25:09,944 [INFO] IPUIPlugin:80 - create IPUIPlugin
2025-08-21 21:25:09,944 [INFO] PluginManager:220 - loadIPPluginJar : add fatfs
2025-08-21 21:25:10,053 [INFO] IPUIPlugin:80 - create IPUIPlugin
2025-08-21 21:25:10,054 [INFO] PluginManager:220 - loadIPPluginJar : add fmc
2025-08-21 21:25:10,085 [INFO] IPUIPlugin:80 - create IPUIPlugin
2025-08-21 21:25:10,085 [INFO] PluginManager:220 - loadIPPluginJar : add freertos
2025-08-21 21:25:10,121 [INFO] IPUIPlugin:80 - create IPUIPlugin
2025-08-21 21:25:10,121 [INFO] PluginManager:220 - loadIPPluginJar : add genericplugin
2025-08-21 21:25:10,339 [INFO] IPUIPlugin:80 - create IPUIPlugin
2025-08-21 21:25:10,339 [INFO] PluginManager:220 - loadIPPluginJar : add gfxmmu
2025-08-21 21:25:10,637 [INFO] IPUIPlugin:80 - create IPUIPlugin
2025-08-21 21:25:10,637 [INFO] PluginManager:220 - loadIPPluginJar : add gic
2025-08-21 21:25:10,664 [INFO] IPUIPlugin:80 - create IPUIPlugin
2025-08-21 21:25:10,664 [INFO] PluginManager:220 - loadIPPluginJar : add gpio
2025-08-21 21:25:10,871 [INFO] IPUIPlugin:80 - create IPUIPlugin
2025-08-21 21:25:10,871 [INFO] PluginManager:220 - loadIPPluginJar : add gtzc
2025-08-21 21:25:10,932 [INFO] IPUIPlugin:80 - create IPUIPlugin
2025-08-21 21:25:10,932 [INFO] PluginManager:220 - loadIPPluginJar : add hash
2025-08-21 21:25:11,059 [INFO] IPUIPlugin:80 - create IPUIPlugin
2025-08-21 21:25:11,059 [INFO] PluginManager:220 - loadIPPluginJar : add i2c
2025-08-21 21:25:11,160 [INFO] IPUIPlugin:80 - create IPUIPlugin
2025-08-21 21:25:11,160 [INFO] PluginManager:220 - loadIPPluginJar : add i2s
2025-08-21 21:25:11,264 [INFO] IPUIPlugin:80 - create IPUIPlugin
2025-08-21 21:25:11,264 [INFO] PluginManager:220 - loadIPPluginJar : add i3c
2025-08-21 21:25:11,489 [INFO] IPUIPlugin:80 - create IPUIPlugin
2025-08-21 21:25:11,489 [INFO] PluginManager:220 - loadIPPluginJar : add ipddr
2025-08-21 21:25:11,715 [INFO] IPUIPlugin:80 - create IPUIPlugin
2025-08-21 21:25:11,715 [INFO] PluginManager:220 - loadIPPluginJar : add linkedlist
2025-08-21 21:25:11,804 [INFO] IPUIPlugin:80 - create IPUIPlugin
2025-08-21 21:25:11,806 [INFO] PluginManager:220 - loadIPPluginJar : add lorawan
2025-08-21 21:25:11,817 [INFO] ThirdPartyUpdaterWithRetryManager:70 - Updater plugin not ready yet. [2/15]
2025-08-21 21:25:11,896 [INFO] IPUIPlugin:80 - create IPUIPlugin
2025-08-21 21:25:11,896 [INFO] PluginManager:220 - loadIPPluginJar : add ltdc
2025-08-21 21:25:11,923 [INFO] IPUIPlugin:80 - create IPUIPlugin
2025-08-21 21:25:11,924 [INFO] PluginManager:220 - loadIPPluginJar : add mdma
2025-08-21 21:25:11,945 [INFO] IPUIPlugin:80 - create IPUIPlugin
2025-08-21 21:25:11,945 [INFO] PluginManager:220 - loadIPPluginJar : add nvic
2025-08-21 21:25:12,038 [INFO] IPUIPlugin:80 - create IPUIPlugin
2025-08-21 21:25:12,038 [INFO] PluginManager:220 - loadIPPluginJar : add opamp
2025-08-21 21:25:12,185 [INFO] IPUIPlugin:80 - create IPUIPlugin
2025-08-21 21:25:12,185 [INFO] PluginManager:220 - loadIPPluginJar : add openamp
2025-08-21 21:25:12,270 [INFO] IPUIPlugin:80 - create IPUIPlugin
2025-08-21 21:25:12,270 [INFO] PluginManager:220 - loadIPPluginJar : add pdm2pcm
2025-08-21 21:25:12,302 [INFO] IPUIPlugin:80 - create IPUIPlugin
2025-08-21 21:25:12,304 [INFO] PluginManager:220 - loadIPPluginJar : add plateformsettings
2025-08-21 21:25:12,365 [INFO] IPUIPlugin:80 - create IPUIPlugin
2025-08-21 21:25:12,365 [INFO] PluginManager:220 - loadIPPluginJar : add quadspi
2025-08-21 21:25:12,431 [INFO] IPUIPlugin:80 - create IPUIPlugin
2025-08-21 21:25:12,432 [INFO] PluginManager:220 - loadIPPluginJar : add radio
2025-08-21 21:25:12,456 [INFO] IPUIPlugin:80 - create IPUIPlugin
2025-08-21 21:25:12,456 [INFO] PluginManager:220 - loadIPPluginJar : add resmgrutility
2025-08-21 21:25:12,556 [INFO] IPUIPlugin:80 - create IPUIPlugin
2025-08-21 21:25:12,556 [INFO] PluginManager:220 - loadIPPluginJar : add sai
2025-08-21 21:25:12,647 [INFO] IPUIPlugin:80 - create IPUIPlugin
2025-08-21 21:25:12,647 [INFO] PluginManager:220 - loadIPPluginJar : add spi
2025-08-21 21:25:12,819 [INFO] IPUIPlugin:80 - create IPUIPlugin
2025-08-21 21:25:12,819 [INFO] PluginManager:220 - loadIPPluginJar : add stm32_wpan
2025-08-21 21:25:12,883 [INFO] IPUIPlugin:80 - create IPUIPlugin
2025-08-21 21:25:12,883 [INFO] PluginManager:220 - loadIPPluginJar : add tim
2025-08-21 21:25:13,025 [INFO] IPUIPlugin:80 - create IPUIPlugin
2025-08-21 21:25:13,026 [INFO] PluginManager:220 - loadIPPluginJar : add touchsensing
2025-08-21 21:25:13,080 [INFO] IPUIPlugin:80 - create IPUIPlugin
2025-08-21 21:25:13,081 [INFO] PluginManager:220 - loadIPPluginJar : add tracer_emb
2025-08-21 21:25:13,142 [INFO] IPUIPlugin:80 - create IPUIPlugin
2025-08-21 21:25:13,142 [INFO] PluginManager:220 - loadIPPluginJar : add ts
2025-08-21 21:25:13,207 [INFO] IPUIPlugin:80 - create IPUIPlugin
2025-08-21 21:25:13,207 [INFO] PluginManager:220 - loadIPPluginJar : add tsc
2025-08-21 21:25:13,268 [INFO] IPUIPlugin:80 - create IPUIPlugin
2025-08-21 21:25:13,268 [INFO] PluginManager:220 - loadIPPluginJar : add ucpd
2025-08-21 21:25:13,371 [INFO] IPUIPlugin:80 - create IPUIPlugin
2025-08-21 21:25:13,371 [INFO] PluginManager:220 - loadIPPluginJar : add usart
2025-08-21 21:25:13,474 [INFO] IPUIPlugin:80 - create IPUIPlugin
2025-08-21 21:25:13,475 [INFO] PluginManager:220 - loadIPPluginJar : add usbx
2025-08-21 21:25:13,589 [FATAL] Updater:351 - Updater called before beeing initialized
2025-08-21 21:25:13,610 [INFO] RulesReader:64 - Compatibility file has been processed (317 Rules)
2025-08-21 21:25:13,624 [INFO] RulesReader:64 - Compatibility file has been processed (317 Rules)
2025-08-21 21:25:13,636 [INFO] CADModel:165 - CPN selected for project level
2025-08-21 21:25:13,637 [INFO] CADModel:114 - Register for checkConnection events
2025-08-21 21:25:13,637 [FATAL] Updater:351 - Updater called before beeing initialized
2025-08-21 21:25:13,637 [ERROR] CADModel:125 - Updater not yet initialized, retry later 
2025-08-21 21:25:13,751 [FATAL] Updater:351 - Updater called before beeing initialized
2025-08-21 21:25:13,752 [INFO] CADModel:165 - CPN selected for project level
2025-08-21 21:25:13,752 [INFO] CADModel:114 - Register for checkConnection events
2025-08-21 21:25:13,752 [FATAL] Updater:351 - Updater called before beeing initialized
2025-08-21 21:25:13,752 [ERROR] CADModel:125 - Updater not yet initialized, retry later 
2025-08-21 21:25:13,755 [FATAL] Updater:351 - Updater called before beeing initialized
2025-08-21 21:25:13,889 [FATAL] Updater:351 - Updater called before beeing initialized
2025-08-21 21:25:13,899 [INFO] DbMcusAds:53 - JSON generation date=Tue Jul 08 10:14:23 CEST 2025 (1751962463582)
2025-08-21 21:25:13,899 [FATAL] Updater:351 - Updater called before beeing initialized
2025-08-21 21:25:13,922 [WARN] DetailPanel:346 - Failed to get advertising image, set to default
2025-08-21 21:25:14,041 [FATAL] Updater:351 - Updater called before beeing initialized
2025-08-21 21:25:14,042 [FATAL] Updater:351 - Updater called before beeing initialized
2025-08-21 21:25:14,042 [FATAL] Updater:351 - Updater called before beeing initialized
2025-08-21 21:25:14,043 [WARN] DetailPanel:346 - Failed to get advertising image, set to default
2025-08-21 21:25:14,043 [FATAL] Updater:351 - Updater called before beeing initialized
2025-08-21 21:25:14,126 [ERROR] Updater:1198 - MainUpdater not yet initialized. External WinMGr cannot be set.
2025-08-21 21:25:14,147 [INFO] Updater:1134 - Updater Version found : 6.15.0
2025-08-21 21:25:14,166 [INFO] ApplicationProperties:184 - Using Application install path: C:\ST\STM32CubeIDE_1.19.0\STM32CubeIDE\plugins\com.st.stm32cube.common.mx_6.15.0.202507011659
2025-08-21 21:25:14,779 [INFO] MainUpdater:2872 - connection check result : 10
2025-08-21 21:25:14,780 [INFO] MainUpdater:289 - Updater Check For Update Now.
2025-08-21 21:25:14,780 [INFO] MicroXplorer:498 - Change Database Version : DB.6.0.150
2025-08-21 21:25:14,797 [INFO] McuFinderGlobals:63 - Set McuFinder mode to 2 (CubeIDE integrated)
2025-08-21 21:25:14,797 [INFO] UserAuth:171 - activating auth plugin
2025-08-21 21:25:14,800 [INFO] UserAuth:487 - Internet connection configuration mode: 1
2025-08-21 21:25:14,818 [WARN] MainUpdater:1193 - Updater busy. Cannot search thirdparties
2025-08-21 21:25:14,818 [INFO] ThirdPartyUpdaterWithRetryManager:96 - Updater plugin is busy. [1/15]
2025-08-21 21:25:14,832 [INFO] JxBrowserEngine:152 - Initiate JxBrowser Engine with user profile folder
2025-08-21 21:25:15,006 [INFO] CheckServerUpdateThread:120 - End of CheckServer Thread
2025-08-21 21:25:15,557 [INFO] WebApp:169 - Instantiating new browser for Auth
2025-08-21 21:25:16,441 [INFO] WebApp:463 - Apply proxy settings
2025-08-21 21:25:16,442 [INFO] WebApp:548 - Chromium requires no authentication
2025-08-21 21:25:16,450 [INFO] WebApp:491 - Direct internet connection detected
2025-08-21 21:25:16,467 [INFO] WebApp:900 - Register for checkConnection events
2025-08-21 21:25:16,468 [INFO] WebApp:463 - Apply proxy settings
2025-08-21 21:25:16,468 [INFO] WebApp:548 - Chromium requires no authentication
2025-08-21 21:25:16,468 [INFO] WebApp:491 - Direct internet connection detected
2025-08-21 21:25:16,604 [INFO] WebApp:225 - Starting web application
2025-08-21 21:25:16,604 [INFO] WebApp:593 - Web application path used C:\ST\STM32CubeIDE_1.19.0\STM32CubeIDE\plugins\com.st.stm32cube.common.mx_6.15.0.202507011659\db\plugins\mcufinder\reactClient1\index.html
2025-08-21 21:25:16,830 [INFO] WebApp:191 - Connection restablished
2025-08-21 21:25:18,012 [WARN] PackLoader:240 - Cannot read IP mode file for STMicroelectronics.FP-SNS-MOTENVWB1.1.4.0
2025-08-21 21:25:18,035 [WARN] PackLoader:240 - Cannot read IP mode file for STMicroelectronics.FP-ATR-ASTRA1.2.0.2
2025-08-21 21:25:18,059 [WARN] PackLoader:240 - Cannot read IP mode file for STMicroelectronics.X-CUBE-SMBUS.2.1.0
2025-08-21 21:25:18,078 [WARN] PackLoader:240 - Cannot read IP mode file for STMicroelectronics.X-CUBE-ST60.1.0.0
2025-08-21 21:25:18,121 [WARN] PackLoader:240 - Cannot read IP mode file for STMicroelectronics.X-CUBE-AZRTOS-F7.1.1.0
2025-08-21 21:25:18,160 [WARN] PackLoader:240 - Cannot read IP mode file for Infineon.AIROC-Wi-Fi-Bluetooth-STM32.1.7.1
2025-08-21 21:25:18,205 [WARN] PackLoader:240 - Cannot read IP mode file for STMicroelectronics.X-CUBE-AZRTOS-H7.3.4.0
2025-08-21 21:25:18,233 [WARN] PackLoader:240 - Cannot read IP mode file for STMicroelectronics.X-CUBE-DISPLAY.3.0.0
2025-08-21 21:25:18,258 [WARN] PackLoader:240 - Cannot read IP mode file for STMicroelectronics.X-CUBE-NFC10.1.0.0
2025-08-21 21:25:18,275 [WARN] PackLoader:240 - Cannot read IP mode file for emotas.I-CUBE-CANOPEN.1.3.0
2025-08-21 21:25:18,387 [WARN] PackLoader:240 - Cannot read IP mode file for STMicroelectronics.FP-SNS-STBOX1.2.1.0
2025-08-21 21:25:18,417 [WARN] PackLoader:240 - Cannot read IP mode file for STMicroelectronics.FP-SNS-SMARTAG2.1.2.0
2025-08-21 21:25:18,442 [WARN] PackLoader:240 - Cannot read IP mode file for STMicroelectronics.FP-SNS-FLIGHT1.5.1.0
2025-08-21 21:25:18,463 [INFO] LogOutputStream:77 - [STDOUT_REDIRECT] 1 : Invalid condition id : UX_CORESTACK_Condition cause : null
2025-08-21 21:25:18,464 [INFO] LogOutputStream:77 - [STDOUT_REDIRECT] 1 : Invalid condition id : UX_CORESTACK_Condition cause : null
2025-08-21 21:25:18,466 [INFO] LogOutputStream:77 - [STDOUT_REDIRECT] 1 : Invalid condition id : UX_CORESTACK_Condition cause : null
2025-08-21 21:25:18,467 [INFO] LogOutputStream:77 - [STDOUT_REDIRECT] 1 : Invalid condition id : UX_CORESTACK_Condition cause : null
2025-08-21 21:25:18,468 [INFO] LogOutputStream:77 - [STDOUT_REDIRECT] 1 : Invalid condition id : UX_CORESTACK_Condition cause : null
2025-08-21 21:25:18,472 [WARN] PackLoader:240 - Cannot read IP mode file for STMicroelectronics.X-CUBE-AZRTOS-WL.2.0.0
2025-08-21 21:25:18,492 [WARN] PackLoader:240 - Cannot read IP mode file for STMicroelectronics.FP-SNS-MOTENV1.5.0.0
2025-08-21 21:25:18,520 [WARN] PackLoader:240 - Cannot read IP mode file for WES.I-CUBE-Cesium.1.3.0
2025-08-21 21:25:18,541 [WARN] PackLoader:240 - Cannot read IP mode file for STMicroelectronics.X-CUBE-BLE2.3.3.0
2025-08-21 21:25:18,567 [WARN] PackLoader:240 - Cannot read IP mode file for STMicroelectronics.X-CUBE-NFC9.1.0.0
2025-08-21 21:25:18,590 [WARN] PackLoader:240 - Cannot read IP mode file for wolfSSL.I-CUBE-wolfSSL.5.8.0
2025-08-21 21:25:18,612 [WARN] PackLoader:240 - Cannot read IP mode file for STMicroelectronics.X-CUBE-BLE1.7.1.0
2025-08-21 21:25:18,632 [WARN] PackLoader:240 - Cannot read IP mode file for wolfSSL.I-CUBE-wolfMQTT.1.19.2
2025-08-21 21:25:18,661 [WARN] PackLoader:240 - Cannot read IP mode file for STMicroelectronics.X-CUBE-EEPRMA1.5.2.0
2025-08-21 21:25:18,691 [WARN] PackLoader:240 - Cannot read IP mode file for STMicroelectronics.X-CUBE-AI.10.1.0
2025-08-21 21:25:18,834 [WARN] PackLoader:240 - Cannot read IP mode file for STMicroelectronics.X-CUBE-AZRTOS-G0.1.1.0
2025-08-21 21:25:18,861 [WARN] PackLoader:240 - Cannot read IP mode file for STMicroelectronics.X-CUBE-SAFEA1.1.2.2
2025-08-21 21:25:18,884 [WARN] PackLoader:240 - Cannot read IP mode file for STMicroelectronics.X-CUBE-NFC4.3.0.0
2025-08-21 21:25:18,905 [WARN] PackLoader:240 - Cannot read IP mode file for EmbeddedOffice.I-CUBE-FS-RTOS.1.0.1
2025-08-21 21:25:18,920 [WARN] PackLoader:240 - Cannot read IP mode file for STMicroelectronics.X-CUBE-WB05N.2.0.0
2025-08-21 21:25:18,934 [WARN] PackLoader:240 - Cannot read IP mode file for wolfSSL.I-CUBE-wolfTPM.3.8.0
2025-08-21 21:25:18,948 [WARN] PackLoader:240 - Cannot read IP mode file for STMicroelectronics.X-CUBE-TCPP.4.2.0
2025-08-21 21:25:18,963 [WARN] PackLoader:240 - Cannot read IP mode file for RealThread.X-CUBE-RT-Thread_Nano.4.1.1
2025-08-21 21:25:18,977 [WARN] PackLoader:240 - Cannot read IP mode file for STMicroelectronics.FP-ATR-SIGFOX1.3.2.0
2025-08-21 21:25:18,991 [WARN] PackLoader:240 - Cannot read IP mode file for ITTIA_DB.I-CUBE-ITTIADB.8.9.0
2025-08-21 21:25:19,004 [WARN] PackLoader:240 - Cannot read IP mode file for STMicroelectronics.X-CUBE-ST67W61.1.0.0
2025-08-21 21:25:19,015 [WARN] PackLoader:240 - Cannot read IP mode file for STMicroelectronics.X-CUBE-AI.10.2.0
2025-08-21 21:25:19,092 [WARN] PackLoader:240 - Cannot read IP mode file for SEGGER.I-CUBE-embOS.1.3.1
2025-08-21 21:25:19,125 [WARN] PackLoader:240 - Cannot read IP mode file for STMicroelectronics.X-CUBE-ALGOBUILD.1.4.0
2025-08-21 21:25:19,170 [WARN] PackLoader:240 - Cannot read IP mode file for STMicroelectronics.X-CUBE-MEMS1.11.3.0
2025-08-21 21:25:19,245 [WARN] PackLoader:240 - Cannot read IP mode file for STMicroelectronics.X-CUBE-PM33A1.1.0.0
2025-08-21 21:25:19,275 [WARN] PackLoader:240 - Cannot read IP mode file for STMicroelectronics.X-CUBE-AZRTOS-F4.1.1.0
2025-08-21 21:25:19,296 [WARN] PackLoader:240 - Cannot read IP mode file for Avnet-IotConnect.X-CUBE-IoTC-DA16k-PMOD.1.0.0
2025-08-21 21:25:19,309 [WARN] PackLoader:240 - Cannot read IP mode file for STMicroelectronics.X-CUBE-ISPU.2.1.0
2025-08-21 21:25:19,324 [WARN] PackLoader:240 - Cannot read IP mode file for STMicroelectronics.X-CUBE-NFC12.1.0.0
2025-08-21 21:25:19,348 [WARN] PackLoader:240 - Cannot read IP mode file for STMicroelectronics.X-CUBE-AZRTOS-L5.2.0.0
2025-08-21 21:25:19,366 [WARN] PackLoader:240 - Cannot read IP mode file for STMicroelectronics.X-CUBE-NFC6.3.1.0
2025-08-21 21:25:19,382 [WARN] PackLoader:240 - Cannot read IP mode file for STMicroelectronics.X-CUBE-FREERTOS.1.3.1
2025-08-21 21:25:19,393 [WARN] PackLoader:240 - Cannot read IP mode file for STMicroelectronics.FP-SNS-STAIOTCFT.1.0.0
2025-08-21 21:25:19,405 [WARN] PackLoader:240 - Cannot read IP mode file for STMicroelectronics.X-CUBE-DPower.1.3.0
2025-08-21 21:25:19,422 [WARN] ConditionMgr:438 - getConditionDescription Invalid condition id : LAN8742 Phy interface Condition cause : null
2025-08-21 21:25:19,423 [WARN] PackLoader:240 - Cannot read IP mode file for STMicroelectronics.X-CUBE-AZRTOS-L4.2.0.0
2025-08-21 21:25:19,423 [WARN] ConditionMgr:1044 - genDependencies : Invalid condition id : LAN8742 Phy interface Condition cause : null
2025-08-21 21:25:19,423 [WARN] ConditionMgr:1044 - genDependencies : Invalid condition id : LAN8742 Phy interface Condition cause : null
2025-08-21 21:25:19,423 [WARN] ConditionMgr:1044 - genDependencies : Invalid condition id : LAN8742 Phy interface Condition cause : null
2025-08-21 21:25:19,437 [WARN] PackLoader:240 - Cannot read IP mode file for STMicroelectronics.X-CUBE-SFXS2LP1.4.0.0
2025-08-21 21:25:19,452 [WARN] PackLoader:240 - Cannot read IP mode file for STMicroelectronics.X-CUBE-BLEMGR.4.1.0
2025-08-21 21:25:19,470 [WARN] ConditionMgr:438 - getConditionDescription Invalid condition id : UX DEVICE CLASS RTOS Condition cause : null
2025-08-21 21:25:19,470 [WARN] ConditionMgr:438 - getConditionDescription Invalid condition id : UX DEVICE CLASS RTOS Condition cause : null
2025-08-21 21:25:19,470 [WARN] PackLoader:240 - Cannot read IP mode file for STMicroelectronics.X-CUBE-AZRTOS-WB.2.0.0
2025-08-21 21:25:19,471 [WARN] ConditionMgr:1044 - genDependencies : Invalid condition id : UX DEVICE CLASS RTOS Condition cause : null
2025-08-21 21:25:19,471 [WARN] ConditionMgr:1044 - genDependencies : Invalid condition id : UX DEVICE CLASS RTOS Condition cause : null
2025-08-21 21:25:19,471 [WARN] ConditionMgr:1044 - genDependencies : Invalid condition id : UX DEVICE CLASS RTOS Condition cause : null
2025-08-21 21:25:19,471 [WARN] ConditionMgr:1044 - genDependencies : Invalid condition id : UX DEVICE CLASS RTOS Condition cause : null
2025-08-21 21:25:19,471 [WARN] ConditionMgr:1044 - genDependencies : Invalid condition id : UX DEVICE CLASS RTOS Condition cause : null
2025-08-21 21:25:19,484 [WARN] PackLoader:240 - Cannot read IP mode file for STMicroelectronics.X-CUBE-GNSS1.7.0.1
2025-08-21 21:25:19,499 [WARN] PackLoader:240 - Cannot read IP mode file for STMicroelectronics.X-CUBE-TOUCHGFX.4.25.0
2025-08-21 21:25:19,510 [WARN] PackLoader:240 - Cannot read IP mode file for STMicroelectronics.FP-SNS-STBOX1.2.0.0
2025-08-21 21:25:19,522 [WARN] ConditionMgr:438 - getConditionDescription Invalid condition id : Cortex-A Device cause : null
2025-08-21 21:25:19,536 [WARN] ConditionMgr:1044 - genDependencies : Invalid condition id : Cortex-A Device cause : null
2025-08-21 21:25:19,536 [WARN] ConditionMgr:1044 - genDependencies : Invalid condition id : Cortex-A Device cause : null
2025-08-21 21:25:19,536 [WARN] ConditionMgr:1044 - genDependencies : Invalid condition id : Cortex-A Device cause : null
2025-08-21 21:25:19,549 [WARN] PackLoader:240 - Cannot read IP mode file for STMicroelectronics.X-CUBE-SUBG2.5.0.0
2025-08-21 21:25:19,570 [WARN] PackLoader:240 - Cannot read IP mode file for STMicroelectronics.X-CUBE-AZRTOS-H7RS.1.1.0
2025-08-21 21:25:19,583 [WARN] PackLoader:240 - Cannot read IP mode file for Cesanta.I-CUBE-Mongoose.7.13.0
2025-08-21 21:25:19,599 [WARN] PackLoader:240 - Cannot read IP mode file for STMicroelectronics.X-CUBE-AZRTOS-G4.2.0.0
2025-08-21 21:25:19,612 [WARN] PackLoader:240 - Cannot read IP mode file for wolfSSL.I-CUBE-wolfSSH.1.4.20
2025-08-21 21:25:19,624 [WARN] PackLoader:240 - Cannot read IP mode file for STMicroelectronics.X-CUBE-NFC7.2.0.0
2025-08-21 21:25:19,640 [WARN] PackLoader:240 - Cannot read IP mode file for STMicroelectronics.X-CUBE-IPS.3.1.0
2025-08-21 21:25:19,655 [WARN] PackLoader:240 - Cannot read IP mode file for STMicroelectronics.X-CUBE-ALS.1.0.2
2025-08-21 21:25:19,669 [WARN] PackLoader:240 - Cannot read IP mode file for portGmbH.I-Cube-SoM-uGOAL.1.1.0
2025-08-21 21:25:19,686 [WARN] PackLoader:240 - Cannot read IP mode file for STMicroelectronics.X-CUBE-TOF1.3.4.3
2025-08-21 21:25:19,690 [INFO] ThirdParty:978 - Integrity check success = true
2025-08-21 21:25:19,690 [INFO] IntegrityCheckThread:100 - exiting critical section [integrity check]
2025-08-21 21:25:19,690 [INFO] IntegrityCheckThread:103 - End integrity checks thread
2025-08-21 21:25:20,283 [INFO] McuFinderGlobals:63 - Set McuFinder mode to 2 (CubeIDE integrated)
2025-08-21 21:25:20,306 [INFO] MainUpdater:2872 - connection check result : 10
2025-08-21 21:25:20,312 [INFO] MainUpdater:2872 - connection check result : 10
2025-08-21 21:25:20,482 [INFO] MicroXplorer:468 - Change Database Path : 
2025-08-21 21:25:20,483 [INFO] MicroXplorer:498 - Change Database Version : DB.6.0.150
2025-08-21 21:25:20,486 [WARN] ThirdParty:871 - waiting for thirdparty lock release [close project]
2025-08-21 21:25:20,486 [INFO] ThirdParty:873 - entering critical section [close project]
2025-08-21 21:25:20,486 [INFO] ThirdParty:883 - exiting critical section [close project]
2025-08-21 21:25:20,487 [INFO] PinOutPanel:1589 - setPackage(No Configuration,No Configuration)
2025-08-21 21:25:20,488 [INFO] UtilMem:75 - Begin LoadConfig() Used Memory: 191588992 Bytes (319815680)
2025-08-21 21:25:20,489 [INFO] MicroXplorer:468 - Change Database Path : 
2025-08-21 21:25:20,489 [INFO] MicroXplorer:498 - Change Database Version : DB.6.0.150
2025-08-21 21:25:20,490 [INFO] OpenFileManager:355 - Change cursor
2025-08-21 21:25:20,496 [INFO] ThirdPartyDownloadManager:103 - Found SW packSTMicroelectronics.X-CUBE-AI.10.2.0up-to-date on disk
2025-08-21 21:25:20,532 [INFO] Mcu:2029 - Initializing MCU STM32N657X0HxQ STM32N657X0HxQ STM32N657X0H3Q
2025-08-21 21:25:26,224 [INFO] Context:786 - Trying to add GPIOservice into a context  which must be forbidden
2025-08-21 21:25:26,224 [INFO] Context:786 - Trying to add GPIOservice into a context  which must be forbidden
2025-08-21 21:25:26,224 [INFO] Context:786 - Trying to add GPIOservice into a context  which must be forbidden
2025-08-21 21:25:26,224 [INFO] Context:786 - Trying to add GPIOservice into a context  which must be forbidden
2025-08-21 21:25:26,224 [INFO] Context:786 - Trying to add GPIOservice into a context  which must be forbidden
2025-08-21 21:25:27,949 [INFO] ApiDbMcu:532 - Load IP Config File for STMicroelectronics.X-CUBE-AI.10.2.0_Appli
2025-08-21 21:25:28,089 [INFO] ApiDbMcu:532 - Load IP Config File for NUCLEO-N657X0-Q
2025-08-21 21:25:28,216 [INFO] Context:786 - Trying to add GPIOservice into a context  which must be forbidden
2025-08-21 21:25:28,222 [INFO] Context:786 - Trying to add GPIOservice into a context  which must be forbidden
2025-08-21 21:25:28,224 [ERROR] Context:921 - The IP RIF is not set in context FSBL
2025-08-21 21:25:28,227 [INFO] Context:786 - Trying to add GPIOservice into a context  which must be forbidden
2025-08-21 21:25:28,255 [INFO] ImportTextPane:234 - (OptionalMessage_ERROR) Unable to find key (Mcu.IP16) in loaded IOC file
2025-08-21 21:25:28,255 [INFO] ImportTextPane:234 - (OptionalMessage_ERROR) Unknown IP (dummy)
2025-08-21 21:25:28,505 [WARN] ModelIntegratedComponent:63 - No mode defined for component null
2025-08-21 21:25:28,505 [WARN] ModelIntegratedComponent:63 - No mode defined for component null
2025-08-21 21:25:28,506 [WARN] ModelIntegratedComponent:63 - No mode defined for component null
2025-08-21 21:25:28,506 [WARN] ModelIntegratedComponent:63 - No mode defined for component null
2025-08-21 21:25:28,506 [WARN] ModelIntegratedComponent:63 - No mode defined for component null
2025-08-21 21:25:28,506 [WARN] ModelIntegratedComponent:63 - No mode defined for component null
2025-08-21 21:25:28,506 [WARN] ModelIntegratedComponent:63 - No mode defined for component null
2025-08-21 21:25:28,506 [WARN] ModelIntegratedComponent:63 - No mode defined for component null
2025-08-21 21:25:28,506 [WARN] ModelIntegratedComponent:63 - No mode defined for component null
2025-08-21 21:25:28,506 [WARN] ModelIntegratedComponent:63 - No mode defined for component null
2025-08-21 21:25:28,506 [WARN] ModelIntegratedComponent:63 - No mode defined for component null
2025-08-21 21:25:28,506 [WARN] ModelIntegratedComponent:63 - No mode defined for component null
2025-08-21 21:25:28,506 [WARN] ModelIntegratedComponent:63 - No mode defined for component null
2025-08-21 21:25:28,506 [WARN] ModelIntegratedComponent:63 - No mode defined for component null
2025-08-21 21:25:28,506 [WARN] ModelIntegratedComponent:63 - No mode defined for component null
2025-08-21 21:25:28,506 [WARN] ModelIntegratedComponent:63 - No mode defined for component null
2025-08-21 21:25:28,506 [WARN] ModelIntegratedComponent:63 - No mode defined for component null
2025-08-21 21:25:28,506 [WARN] ModelIntegratedComponent:63 - No mode defined for component null
2025-08-21 21:25:28,506 [WARN] ModelIntegratedComponent:63 - No mode defined for component null
2025-08-21 21:25:28,506 [WARN] ModelIntegratedComponent:63 - No mode defined for component null
2025-08-21 21:25:28,506 [WARN] ModelIntegratedComponent:63 - No mode defined for component null
2025-08-21 21:25:28,506 [WARN] ModelIntegratedComponent:63 - No mode defined for component null
2025-08-21 21:25:28,506 [WARN] ModelIntegratedComponent:63 - No mode defined for component null
2025-08-21 21:25:28,507 [WARN] ModelIntegratedComponent:63 - No mode defined for component null
2025-08-21 21:25:28,507 [WARN] ModelIntegratedComponent:63 - No mode defined for component null
2025-08-21 21:25:28,507 [WARN] ModelIntegratedComponent:63 - No mode defined for component null
2025-08-21 21:25:28,507 [WARN] ModelIntegratedComponent:63 - No mode defined for component null
2025-08-21 21:25:28,507 [WARN] ModelIntegratedComponent:63 - No mode defined for component null
2025-08-21 21:25:28,507 [WARN] ModelIntegratedComponent:63 - No mode defined for component null
2025-08-21 21:25:28,507 [WARN] ModelIntegratedComponent:63 - No mode defined for component null
2025-08-21 21:25:28,507 [WARN] ModelIntegratedComponent:63 - No mode defined for component null
2025-08-21 21:25:28,507 [WARN] ModelIntegratedComponent:63 - No mode defined for component null
2025-08-21 21:25:28,507 [WARN] ModelIntegratedComponent:63 - No mode defined for component null
2025-08-21 21:25:28,507 [WARN] ModelIntegratedComponent:63 - No mode defined for component null
2025-08-21 21:25:28,507 [WARN] ModelIntegratedComponent:63 - No mode defined for component null
2025-08-21 21:25:28,507 [WARN] ModelPack:524 - Component already loaded: STMicroelectronics:HAL Drivers:0.0.0:STMicroelectronics:Device:STMicro_Driver:XSPI:HAL::0.0.1:HAL_XSPI
2025-08-21 21:25:28,516 [INFO] RtosManager:558 - Registered RTOS mode: class=RTOS, group=ThreadX, mode=Core, owner=THREADX
2025-08-21 21:25:28,599 [WARN] ModelIntegratedComponent:63 - No mode defined for component null
2025-08-21 21:25:28,600 [WARN] ModelIntegratedComponent:63 - No mode defined for component null
2025-08-21 21:25:28,600 [WARN] ModelIntegratedComponent:63 - No mode defined for component null
2025-08-21 21:25:28,600 [WARN] ModelIntegratedComponent:63 - No mode defined for component null
2025-08-21 21:25:28,600 [WARN] ModelIntegratedComponent:63 - No mode defined for component null
2025-08-21 21:25:28,600 [WARN] ModelIntegratedComponent:63 - No mode defined for component null
2025-08-21 21:25:28,600 [WARN] ModelIntegratedComponent:63 - No mode defined for component null
2025-08-21 21:25:28,600 [WARN] ModelIntegratedComponent:63 - No mode defined for component null
2025-08-21 21:25:28,600 [WARN] ModelIntegratedComponent:63 - No mode defined for component null
2025-08-21 21:25:28,600 [WARN] ModelIntegratedComponent:63 - No mode defined for component null
2025-08-21 21:25:28,600 [WARN] ModelIntegratedComponent:63 - No mode defined for component null
2025-08-21 21:25:28,600 [WARN] ModelIntegratedComponent:63 - No mode defined for component null
2025-08-21 21:25:28,600 [WARN] ModelIntegratedComponent:63 - No mode defined for component null
2025-08-21 21:25:28,600 [WARN] ModelIntegratedComponent:63 - No mode defined for component null
2025-08-21 21:25:28,601 [WARN] ModelIntegratedComponent:63 - No mode defined for component null
2025-08-21 21:25:28,601 [WARN] ModelIntegratedComponent:63 - No mode defined for component null
2025-08-21 21:25:28,601 [WARN] ModelIntegratedComponent:63 - No mode defined for component null
2025-08-21 21:25:28,601 [WARN] ModelIntegratedComponent:63 - No mode defined for component null
2025-08-21 21:25:28,601 [WARN] ModelIntegratedComponent:63 - No mode defined for component null
2025-08-21 21:25:28,601 [WARN] ModelIntegratedComponent:63 - No mode defined for component null
2025-08-21 21:25:28,601 [WARN] ModelIntegratedComponent:63 - No mode defined for component null
2025-08-21 21:25:28,601 [WARN] ModelIntegratedComponent:63 - No mode defined for component null
2025-08-21 21:25:28,601 [WARN] ModelIntegratedComponent:63 - No mode defined for component null
2025-08-21 21:25:28,601 [WARN] ModelIntegratedComponent:63 - No mode defined for component null
2025-08-21 21:25:28,601 [WARN] ModelIntegratedComponent:63 - No mode defined for component null
2025-08-21 21:25:28,601 [WARN] ModelIntegratedComponent:63 - No mode defined for component null
2025-08-21 21:25:28,601 [WARN] ModelIntegratedComponent:63 - No mode defined for component null
2025-08-21 21:25:28,601 [WARN] ModelIntegratedComponent:63 - No mode defined for component null
2025-08-21 21:25:28,602 [WARN] ModelIntegratedComponent:63 - No mode defined for component null
2025-08-21 21:25:28,602 [WARN] ModelIntegratedComponent:63 - No mode defined for component null
2025-08-21 21:25:28,602 [WARN] ModelIntegratedComponent:63 - No mode defined for component null
2025-08-21 21:25:28,602 [WARN] ModelIntegratedComponent:63 - No mode defined for component null
2025-08-21 21:25:28,602 [WARN] ModelIntegratedComponent:63 - No mode defined for component null
2025-08-21 21:25:28,602 [WARN] ModelIntegratedComponent:63 - No mode defined for component null
2025-08-21 21:25:28,602 [WARN] ModelIntegratedComponent:63 - No mode defined for component null
2025-08-21 21:25:28,602 [WARN] ModelPack:524 - Component already loaded: STMicroelectronics:HAL Drivers:0.0.0:STMicroelectronics:Device:STMicro_Driver:XSPI:HAL::0.0.1:HAL_XSPI
2025-08-21 21:25:28,606 [INFO] RtosManager:558 - Registered RTOS mode: class=RTOS, group=ThreadX, mode=Core, owner=THREADX
2025-08-21 21:25:28,650 [WARN] ModelIntegratedComponent:63 - No mode defined for component null
2025-08-21 21:25:28,651 [WARN] ModelIntegratedComponent:63 - No mode defined for component null
2025-08-21 21:25:28,651 [WARN] ModelIntegratedComponent:63 - No mode defined for component null
2025-08-21 21:25:28,651 [WARN] ModelIntegratedComponent:63 - No mode defined for component null
2025-08-21 21:25:28,651 [WARN] ModelIntegratedComponent:63 - No mode defined for component null
2025-08-21 21:25:28,651 [WARN] ModelIntegratedComponent:63 - No mode defined for component null
2025-08-21 21:25:28,651 [WARN] ModelIntegratedComponent:63 - No mode defined for component null
2025-08-21 21:25:28,651 [WARN] ModelIntegratedComponent:63 - No mode defined for component null
2025-08-21 21:25:28,651 [WARN] ModelIntegratedComponent:63 - No mode defined for component null
2025-08-21 21:25:28,651 [WARN] ModelIntegratedComponent:63 - No mode defined for component null
2025-08-21 21:25:28,651 [WARN] ModelIntegratedComponent:63 - No mode defined for component null
2025-08-21 21:25:28,651 [WARN] ModelIntegratedComponent:63 - No mode defined for component null
2025-08-21 21:25:28,651 [WARN] ModelIntegratedComponent:63 - No mode defined for component null
2025-08-21 21:25:28,651 [WARN] ModelIntegratedComponent:63 - No mode defined for component null
2025-08-21 21:25:28,651 [WARN] ModelIntegratedComponent:63 - No mode defined for component null
2025-08-21 21:25:28,651 [WARN] ModelIntegratedComponent:63 - No mode defined for component null
2025-08-21 21:25:28,651 [WARN] ModelIntegratedComponent:63 - No mode defined for component null
2025-08-21 21:25:28,651 [WARN] ModelIntegratedComponent:63 - No mode defined for component null
2025-08-21 21:25:28,652 [WARN] ModelIntegratedComponent:63 - No mode defined for component null
2025-08-21 21:25:28,652 [WARN] ModelIntegratedComponent:63 - No mode defined for component null
2025-08-21 21:25:28,652 [WARN] ModelIntegratedComponent:63 - No mode defined for component null
2025-08-21 21:25:28,652 [WARN] ModelIntegratedComponent:63 - No mode defined for component null
2025-08-21 21:25:28,652 [WARN] ModelIntegratedComponent:63 - No mode defined for component null
2025-08-21 21:25:28,652 [WARN] ModelIntegratedComponent:63 - No mode defined for component null
2025-08-21 21:25:28,652 [WARN] ModelIntegratedComponent:63 - No mode defined for component null
2025-08-21 21:25:28,652 [WARN] ModelIntegratedComponent:63 - No mode defined for component null
2025-08-21 21:25:28,652 [WARN] ModelIntegratedComponent:63 - No mode defined for component null
2025-08-21 21:25:28,652 [WARN] ModelIntegratedComponent:63 - No mode defined for component null
2025-08-21 21:25:28,652 [WARN] ModelIntegratedComponent:63 - No mode defined for component null
2025-08-21 21:25:28,652 [WARN] ModelIntegratedComponent:63 - No mode defined for component null
2025-08-21 21:25:28,652 [WARN] ModelIntegratedComponent:63 - No mode defined for component null
2025-08-21 21:25:28,652 [WARN] ModelIntegratedComponent:63 - No mode defined for component null
2025-08-21 21:25:28,652 [WARN] ModelIntegratedComponent:63 - No mode defined for component null
2025-08-21 21:25:28,652 [WARN] ModelIntegratedComponent:63 - No mode defined for component null
2025-08-21 21:25:28,652 [WARN] ModelIntegratedComponent:63 - No mode defined for component null
2025-08-21 21:25:28,653 [WARN] ModelPack:524 - Component already loaded: STMicroelectronics:HAL Drivers:0.0.0:STMicroelectronics:Device:STMicro_Driver:XSPI:HAL::0.0.1:HAL_XSPI
2025-08-21 21:25:28,655 [INFO] RtosManager:558 - Registered RTOS mode: class=RTOS, group=ThreadX, mode=Core, owner=THREADX
2025-08-21 21:25:28,707 [ERROR] ThirdPartyModel:1051 - Thirdparty pack not in same context : STMicroelectronics.X-CUBE-AI.10.2.0_Appli
2025-08-21 21:25:28,707 [ERROR] ThirdPartyModel:1051 - Thirdparty pack not in same context : STMicroelectronics.X-CUBE-AI.10.2.0_Appli
2025-08-21 21:25:28,772 [INFO] IPUIPlugin:80 - create IPUIPlugin
2025-08-21 21:25:28,805 [INFO] PluginManager:220 - loadIPPluginJar : add ai.10.2.0
2025-08-21 21:25:29,873 [INFO] ApiDbMcu:532 - Load IP Config File for EXTMEM_MANAGER
2025-08-21 21:25:29,891 [INFO] ThirdPartyModel:298 - Start build external matchings
2025-08-21 21:25:30,059 [INFO] ThirdPartyModel:316 - End build external matchings
2025-08-21 21:25:30,068 [INFO] ThirdPartyModel:298 - Start build external matchings
2025-08-21 21:25:30,220 [INFO] ThirdPartyModel:316 - End build external matchings
2025-08-21 21:25:30,225 [INFO] ThirdPartyModel:298 - Start build external matchings
2025-08-21 21:25:30,377 [INFO] ThirdPartyModel:316 - End build external matchings
2025-08-21 21:25:30,385 [INFO] ImportTextPane:234 - (OptionalMessage_ERROR) IP (CORTEX_M55_FSBL) : Invalid parameter (Attributes0)
2025-08-21 21:25:30,386 [INFO] ImportTextPane:234 - (OptionalMessage_ERROR) IP (CORTEX_M55_FSBL) : Invalid parameter (Memorytype0)
2025-08-21 21:25:30,386 [INFO] ImportTextPane:234 - (OptionalMessage_ERROR) IP (CORTEX_M55_FSBL) : Parameter (CacheableAttribute0) has invalid value (MPU_WRITE_BACK)
2025-08-21 21:25:30,386 [INFO] ImportTextPane:234 - (OptionalMessage_ERROR) IP (CORTEX_M55_FSBL) : Parameter (TransientAttribute0) has invalid value (MPU_NON_TRANSIENT)
2025-08-21 21:25:30,386 [INFO] ImportTextPane:234 - (OptionalMessage_ERROR) IP (CORTEX_M55_FSBL) : Parameter (AllocateAttribute0) has invalid value (MPU_R_ALLOCATE)
2025-08-21 21:25:30,390 [WARN] IP:2250 - RefParam_XIP_memory not found: check if there is a RefParameter without a condition.
2025-08-21 21:25:30,390 [WARN] IP:2250 - RefParam_MEMORY_1_Size not found: check if there is a RefParameter without a condition.
2025-08-21 21:25:30,391 [WARN] IP:2250 - RefParam_MEMORY_1_FreqMax not found: check if there is a RefParameter without a condition.
2025-08-21 21:25:30,391 [WARN] IP:2250 - RefParam_MEMORY_1_ReadReg not found: check if there is a RefParameter without a condition.
2025-08-21 21:25:30,391 [WARN] IP:2250 - RefParam_MEMORY_1_WriteReg not found: check if there is a RefParameter without a condition.
2025-08-21 21:25:30,391 [WARN] IP:2250 - RefParam_MEMORY_1_RegSize not found: check if there is a RefParameter without a condition.
2025-08-21 21:25:30,391 [WARN] IP:2250 - RefParam_MEMORY_1_RegDummyCycle not found: check if there is a RefParameter without a condition.
2025-08-21 21:25:30,391 [WARN] IP:2250 - RefParam_MEMORY_1_WriteCommand not found: check if there is a RefParameter without a condition.
2025-08-21 21:25:30,391 [WARN] IP:2250 - RefParam_MEMORY_1_WriteDummyCycle not found: check if there is a RefParameter without a condition.
2025-08-21 21:25:30,391 [WARN] IP:2250 - RefParam_MEMORY_1_ReadCommand not found: check if there is a RefParameter without a condition.
2025-08-21 21:25:30,391 [WARN] IP:2250 - RefParam_MEMORY_1_WrapReadCommand not found: check if there is a RefParameter without a condition.
2025-08-21 21:25:30,391 [WARN] IP:2250 - RefParam_MEMORY_1_ReadDummyCycle not found: check if there is a RefParameter without a condition.
2025-08-21 21:25:30,391 [WARN] IP:2250 - RefParam_MEMORY_1_NumberOfConfig not found: check if there is a RefParameter without a condition.
2025-08-21 21:25:30,391 [WARN] IP:2250 - RefParam_MEMORY_1_Config1_WriteMask not found: check if there is a RefParameter without a condition.
2025-08-21 21:25:30,391 [WARN] IP:2250 - RefParam_MEMORY_1_Config1_WriteValue not found: check if there is a RefParameter without a condition.
2025-08-21 21:25:30,391 [WARN] IP:2250 - RefParam_MEMORY_1_Config1_RegAddress not found: check if there is a RefParameter without a condition.
2025-08-21 21:25:30,391 [WARN] IP:2250 - RefParam_MEMORY_1_Config2_WriteMask not found: check if there is a RefParameter without a condition.
2025-08-21 21:25:30,392 [WARN] IP:2250 - RefParam_MEMORY_1_Config2_WriteValue not found: check if there is a RefParameter without a condition.
2025-08-21 21:25:30,392 [WARN] IP:2250 - RefParam_MEMORY_1_Config2_RegAddress not found: check if there is a RefParameter without a condition.
2025-08-21 21:25:30,392 [WARN] IP:2250 - RefParam_MEMORY_1_Config3_WriteMask not found: check if there is a RefParameter without a condition.
2025-08-21 21:25:30,392 [WARN] IP:2250 - RefParam_MEMORY_1_Config3_WriteValue not found: check if there is a RefParameter without a condition.
2025-08-21 21:25:30,392 [WARN] IP:2250 - RefParam_MEMORY_1_Config3_RegAddress not found: check if there is a RefParameter without a condition.
2025-08-21 21:25:30,393 [WARN] IP:2250 - RefParam_MEMORY_2_Instance not found: check if there is a RefParameter without a condition.
2025-08-21 21:25:30,393 [WARN] IP:2250 - RefParam_MEMORY_2_ConfigType not found: check if there is a RefParameter without a condition.
2025-08-21 21:25:30,393 [WARN] IP:2250 - RefParam_MEMORY_2_Size not found: check if there is a RefParameter without a condition.
2025-08-21 21:25:30,393 [WARN] IP:2250 - RefParam_MEMORY_2_FreqMax not found: check if there is a RefParameter without a condition.
2025-08-21 21:25:30,393 [WARN] IP:2250 - RefParam_MEMORY_2_ReadReg not found: check if there is a RefParameter without a condition.
2025-08-21 21:25:30,393 [WARN] IP:2250 - RefParam_MEMORY_2_WriteReg not found: check if there is a RefParameter without a condition.
2025-08-21 21:25:30,393 [WARN] IP:2250 - RefParam_MEMORY_2_RegSize not found: check if there is a RefParameter without a condition.
2025-08-21 21:25:30,393 [WARN] IP:2250 - RefParam_MEMORY_2_RegDummyCycle not found: check if there is a RefParameter without a condition.
2025-08-21 21:25:30,393 [WARN] IP:2250 - RefParam_MEMORY_2_WriteCommand not found: check if there is a RefParameter without a condition.
2025-08-21 21:25:30,393 [WARN] IP:2250 - RefParam_MEMORY_2_WriteDummyCycle not found: check if there is a RefParameter without a condition.
2025-08-21 21:25:30,393 [WARN] IP:2250 - RefParam_MEMORY_2_ReadCommand not found: check if there is a RefParameter without a condition.
2025-08-21 21:25:30,394 [WARN] IP:2250 - RefParam_MEMORY_2_WrapReadCommand not found: check if there is a RefParameter without a condition.
2025-08-21 21:25:30,394 [WARN] IP:2250 - RefParam_MEMORY_2_ReadDummyCycle not found: check if there is a RefParameter without a condition.
2025-08-21 21:25:30,394 [WARN] IP:2250 - RefParam_MEMORY_2_NumberOfConfig not found: check if there is a RefParameter without a condition.
2025-08-21 21:25:30,394 [WARN] IP:2250 - RefParam_MEMORY_2_Config1_WriteMask not found: check if there is a RefParameter without a condition.
2025-08-21 21:25:30,394 [WARN] IP:2250 - RefParam_MEMORY_2_Config1_WriteValue not found: check if there is a RefParameter without a condition.
2025-08-21 21:25:30,394 [WARN] IP:2250 - RefParam_MEMORY_2_Config1_RegAddress not found: check if there is a RefParameter without a condition.
2025-08-21 21:25:30,394 [WARN] IP:2250 - RefParam_MEMORY_2_Config2_WriteMask not found: check if there is a RefParameter without a condition.
2025-08-21 21:25:30,394 [WARN] IP:2250 - RefParam_MEMORY_2_Config2_WriteValue not found: check if there is a RefParameter without a condition.
2025-08-21 21:25:30,394 [WARN] IP:2250 - RefParam_MEMORY_2_Config2_RegAddress not found: check if there is a RefParameter without a condition.
2025-08-21 21:25:30,394 [WARN] IP:2250 - RefParam_MEMORY_2_Config3_WriteMask not found: check if there is a RefParameter without a condition.
2025-08-21 21:25:30,394 [WARN] IP:2250 - RefParam_MEMORY_2_Config3_WriteValue not found: check if there is a RefParameter without a condition.
2025-08-21 21:25:30,394 [WARN] IP:2250 - RefParam_MEMORY_2_Config3_RegAddress not found: check if there is a RefParameter without a condition.
2025-08-21 21:25:30,418 [INFO] ImportTextPane:234 - (OptionalMessage_ERROR) IP (RIF) : Invalid parameter ()
2025-08-21 21:25:30,419 [INFO] ImportTextPane:234 - (OptionalMessage_ERROR) IP (RIF) : Invalid parameter ()
2025-08-21 21:25:30,419 [INFO] ImportTextPane:234 - (OptionalMessage_ERROR) IP (RIF) : Invalid parameter ()
2025-08-21 21:25:30,419 [INFO] ImportTextPane:234 - (OptionalMessage_ERROR) IP (RIF) : Invalid parameter ()
2025-08-21 21:25:30,419 [INFO] ImportTextPane:234 - (OptionalMessage_ERROR) IP (RIF) : Invalid parameter ()
2025-08-21 21:25:30,420 [INFO] ImportTextPane:234 - (OptionalMessage_ERROR) IP (STMicroelectronics.X-CUBE-AI.10.2.0_Appli) : Parameter (ModelName) has Id (f791fad752eeb64fd5ada2722a9584e122ebc38b9eccb3c0c9cfd36ad2dc72e4) currently not set
2025-08-21 21:25:30,420 [INFO] ImportTextPane:234 - (OptionalMessage_ERROR) IP (STMicroelectronics.X-CUBE-AI.10.2.0_Appli) : Parameter (ModelKind) has Id (f791fad752eeb64fd5ada2722a9584e122ebc38b9eccb3c0c9cfd36ad2dc72e4) currently not set
2025-08-21 21:25:30,420 [INFO] ImportTextPane:234 - (OptionalMessage_ERROR) IP (STMicroelectronics.X-CUBE-AI.10.2.0_Appli) : Parameter (ModelCompression) has Id (f791fad752eeb64fd5ada2722a9584e122ebc38b9eccb3c0c9cfd36ad2dc72e4) currently not set
2025-08-21 21:25:30,420 [INFO] ImportTextPane:234 - (OptionalMessage_ERROR) IP (STMicroelectronics.X-CUBE-AI.10.2.0_Appli) : Invalid parameter (LatestDirectoryUsed)
2025-08-21 21:25:30,420 [INFO] ImportTextPane:234 - (OptionalMessage_ERROR) IP (STMicroelectronics.X-CUBE-AI.10.2.0_Appli) : Parameter (ModelStructureFile) has Id (f791fad752eeb64fd5ada2722a9584e122ebc38b9eccb3c0c9cfd36ad2dc72e4) currently not set
2025-08-21 21:25:30,421 [INFO] ImportTextPane:234 - (OptionalMessage_ERROR) IP (STMicroelectronics.X-CUBE-AI.10.2.0_Appli) : Parameter (ModelMacc) has Id (f791fad752eeb64fd5ada2722a9584e122ebc38b9eccb3c0c9cfd36ad2dc72e4) currently not set
2025-08-21 21:25:30,421 [INFO] ImportTextPane:234 - (OptionalMessage_ERROR) IP (STMicroelectronics.X-CUBE-AI.10.2.0_Appli) : Parameter (ModelActualCompression) has Id (f791fad752eeb64fd5ada2722a9584e122ebc38b9eccb3c0c9cfd36ad2dc72e4) currently not set
2025-08-21 21:25:30,421 [INFO] ImportTextPane:234 - (OptionalMessage_ERROR) IP (STMicroelectronics.X-CUBE-AI.10.2.0_Appli) : Parameter (ModelRamOccupation) has Id (f791fad752eeb64fd5ada2722a9584e122ebc38b9eccb3c0c9cfd36ad2dc72e4) currently not set
2025-08-21 21:25:30,421 [INFO] ImportTextPane:234 - (OptionalMessage_ERROR) IP (STMicroelectronics.X-CUBE-AI.10.2.0_Appli) : Parameter (ModelFlashOccupation) has Id (f791fad752eeb64fd5ada2722a9584e122ebc38b9eccb3c0c9cfd36ad2dc72e4) currently not set
2025-08-21 21:25:30,421 [INFO] ImportTextPane:234 - (OptionalMessage_ERROR) IP (STMicroelectronics.X-CUBE-AI.10.2.0_Appli) : Parameter (copyWeightToRam) has Id (f791fad752eeb64fd5ada2722a9584e122ebc38b9eccb3c0c9cfd36ad2dc72e4) currently not set
2025-08-21 21:25:30,421 [INFO] ImportTextPane:234 - (OptionalMessage_ERROR) IP (STMicroelectronics.X-CUBE-AI.10.2.0_Appli) : Invalid parameter (useInputAllocation)
2025-08-21 21:25:30,421 [INFO] ImportTextPane:234 - (OptionalMessage_ERROR) IP (STMicroelectronics.X-CUBE-AI.10.2.0_Appli) : Invalid parameter (useOutputAllocation)
2025-08-21 21:25:30,421 [INFO] ImportTextPane:234 - (OptionalMessage_ERROR) IP (STMicroelectronics.X-CUBE-AI.10.2.0_Appli) : Invalid parameter (customLayerConfigEnabled)
2025-08-21 21:25:30,421 [INFO] ImportTextPane:234 - (OptionalMessage_ERROR) IP (STMicroelectronics.X-CUBE-AI.10.2.0_Appli) : Invalid parameter (noOnnxIoTranspose)
2025-08-21 21:25:30,422 [INFO] ImportTextPane:234 - (OptionalMessage_ERROR) IP (STMicroelectronics.X-CUBE-AI.10.2.0_Appli) : Parameter (ModelType) has Id (f791fad752eeb64fd5ada2722a9584e122ebc38b9eccb3c0c9cfd36ad2dc72e4) currently not set
2025-08-21 21:25:30,422 [INFO] ImportTextPane:234 - (OptionalMessage_ERROR) IP (STMicroelectronics.X-CUBE-AI.10.2.0_Appli) : Invalid parameter (MaximumNumberOfInputLayer)
2025-08-21 21:25:30,422 [INFO] ImportTextPane:234 - (OptionalMessage_ERROR) IP (STMicroelectronics.X-CUBE-AI.10.2.0_Appli) : Invalid parameter (MaximumNumberOfOutputLayer)
2025-08-21 21:25:30,771 [INFO] ApiDb:581 - Connected to CubeFinder SQLite database (C:\Users\ZOJOLDRI\.stmcufinder\plugins\mcufinder\mcu\cube-finder-db.db)
2025-08-21 21:25:30,851 [INFO] ApiDb:668 - CubeFinder database Data Model version=2.1
2025-08-21 21:25:30,851 [INFO] ApiDb:669 - CubeFinder database Configuration version=3.0.39
2025-08-21 21:25:30,851 [INFO] ApiDb:670 - CubeFinder database generation date=2025-07-24 (1753349077)
2025-08-21 21:25:30,852 [INFO] ApiDb:671 - CubeFinder database FW Pack versions=[FP-ATR-ASTRA1_V2.0.0, FP-SNS-FLIGHT1_V5.1.0, FP-SNS-MOTENV1_V5.0.0, FP-SNS-MOTENVWB1_V1.4.0, FP-SNS-SMARTAG2_V1.2.0, FP-SNS-STBOX1_V2.0.0, STM32Cube_FW_C0_V1.4.0, STM32Cube_FW_F4_V1.28.2, STM32Cube_FW_F7_V1.17.3, STM32Cube_FW_G0_V1.6.2, STM32Cube_FW_G4_V1.6.1, STM32Cube_FW_H5_V1.5.0, STM32Cube_FW_H7RS_V1.2.0, STM32Cube_FW_H7_V1.12.1, STM32Cube_FW_L0_V1.12.2, STM32Cube_FW_L4_V1.18.1, STM32Cube_FW_L5_V1.5.1, STM32Cube_FW_N6_V1.2.0, STM32Cube_FW_U0_V1.3.0, STM32Cube_FW_U3_V1.2.0, STM32Cube_FW_U5_V1.8.0, STM32Cube_FW_WB0_V1.3.0, STM32Cube_FW_WBA_V1.7.0, STM32Cube_FW_WB_V1.23.0, STM32Cube_FW_WL3_V1.2.0, STM32Cube_FW_WL_V1.3.1, X-CUBE-ALGOBUILD_V1.4.0, X-CUBE-ALS_V1.0.2, X-CUBE-AZRTOS-F4_V1.1.0, X-CUBE-AZRTOS-F7_V1.1.0, X-CUBE-AZRTOS-G0_V1.1.0, X-CUBE-AZRTOS-G4_V2.0.0, X-CUBE-AZRTOS-H7RS_V1.1.0, X-CUBE-AZRTOS-H7_V3.4.0, X-CUBE-AZRTOS-L4_V2.0.0, X-CUBE-AZRTOS-L5_V2.0.0, X-CUBE-AZRTOS-WB_V2.0.0, X-CUBE-AZRTOS-WL_V2.0.0, X-CUBE-BLE1_V7.1.0, X-CUBE-BLE2_V3.3.0, X-CUBE-BLEMGR_V4.1.0, X-CUBE-EEPRMA1_V5.2.0, X-CUBE-FREERTOS_V1.3.1, X-CUBE-GNSS1_V6.0.0, X-CUBE-MEMS1_V11.3.0, X-CUBE-NFC4_V3.0.0, X-CUBE-NFC7_V2.0.0, X-CUBE-SFXS2LP1_V4.0.0, X-CUBE-ST67W61_V1.0.0, X-CUBE-SUBG2_V5.0.0, X-CUBE-TOF1_V3.4.3]
2025-08-21 21:25:30,934 [INFO] DbBoardsSqlite:226 - include board P-NUCLEO-WB55-NUCLEO as a kit item of type 'Nucleo-64'
2025-08-21 21:25:30,934 [INFO] DbBoardsSqlite:226 - include board P-NUCLEO-WB55-USBDONGLE as a kit item of type 'Nucleo USB Dongle'
2025-08-21 21:25:30,935 [INFO] DbBoardsSqlite:226 - include board STEVAL-IDP005V1 as a kit item of type 'Evaluation Board'
2025-08-21 21:25:30,935 [INFO] DbBoardsSqlite:226 - include board STEVAL-IDP005V2 as a kit item of type 'Evaluation Board'
2025-08-21 21:25:31,331 [INFO] ApiDb:240 - Found 880 in-development CPN: [B-G473E-ZEST1S, B-WB1M-WPAN1, B-WBA5M-WPAN, B-WL5M-SUBG1, NUCLEO-C031C6, NUCLEO-C051C8, NUCLEO-C071RB, NUCLEO-C092RC, NUCLEO-H503RB, NUCLEO-H533RE, NUCLEO-H563ZI, NUCLEO-H7S3L8, NUCLEO-N657X0-Q, NUCLEO-U031R8, NUCLEO-U083RC, NUCLEO-U385RG-Q, NUCLEO-U545RE-Q, NUCLEO-U5A5ZJ-Q, NUCLEO-WB05KZ, NUCLEO-WB07CC, NUCLEO-WB09KE, NUCLEO-WBA52CG, NUCLEO-WBA55CG, NUCLEO-WL33CC1, NUCLEO-WL33CC2, STEVAL-PROTEUS1, STEVAL-SMARTAG2, STEVAL-STWINBX1, STM320518-EVAL, STM32C0116-DK, STM32C011D6Y3TR, STM32C011D6Y6TR, STM32C011F4P3, STM32C011F4P6, STM32C011F4U3, STM32C011F4U6TR, STM32C011F6P3, STM32C011F6P6, STM32C011F6U3, STM32C011F6U6TR, STM32C011J4M3, STM32C011J4M6, STM32C011J6M3, STM32C011J6M6, STM32C0316-DK, STM32C031C4T3, STM32C031C4T6, STM32C031C4U3, STM32C031C4U6, STM32C031C6T3, STM32C031C6T6, STM32C031C6U3, STM32C031C6U6, STM32C031F4P3, STM32C031F4P6, STM32C031F6P3, STM32C031F6P6, STM32C031G4U3, STM32C031G4U6, STM32C031G6U3, STM32C031G6U6, STM32C031K4T3, STM32C031K4T6, STM32C031K4U3, STM32C031K4U6, STM32C031K6T3, STM32C031K6T6, STM32C031K6U3, STM32C031K6U6, STM32C051C6T6, STM32C051C6U6, STM32C051C8T6, STM32C051C8U6, STM32C051D8Y6TR, STM32C051F6P6, STM32C051F8P6, STM32C051G6U6, STM32C051G8U6, STM32C051K6T6, STM32C051K6U6, STM32C051K8T6, STM32C071C8T6, STM32C071C8T6N, STM32C071C8U6, STM32C071C8U6N, STM32C071CBT6, STM32C071CBT6N, STM32C071CBU6, STM32C071CBU6N, STM32C071F8P6, STM32C071F8P6N, STM32C071FBP6, STM32C071FBP6N, STM32C071FBY6TR, STM32C071G8U6, STM32C071G8U6N, STM32C071GBU6, STM32C071GBU6N, STM32C071K8T6, STM32C071K8T6N, STM32C071K8U6, STM32C071K8U6N, STM32C071KBT6, STM32C071KBT6N, STM32C071KBU6, STM32C071KBU6N, STM32C071R8T6, STM32C071R8T6N, STM32C071RBI6N, STM32C071RBT6, STM32C071RBT6N, STM32C091CBT6, STM32C091CBU6, STM32C091CCT6, STM32C091CCU6, STM32C091ECY6TR, STM32C091FBP6, STM32C091FCP6, STM32C091GBU6, STM32C091GCU6, STM32C091KBT6, STM32C091KBU6, STM32C091KCT6, STM32C091KCU6, STM32C091RBT6, STM32C091RCI6, STM32C091RCT6, STM32C092CBT6, STM32C092CBU6, STM32C092CCT6, STM32C092CCU6, STM32C092ECY6TR, STM32C092FBP6, STM32C092FCP6, STM32C092GBU6, STM32C092GCU6, STM32C092KBT6, STM32C092KBU6, STM32C092KCT6, STM32C092KCU6, STM32C092RBT6, STM32C092RCI6, STM32C092RCT6, STM32G071K8TXN, STM32G071K8UXN, STM32G081GBU6N, STM32G081KBT6N, STM32G081KBUXN, STM32G0B1CCT6N, STM32G0B1KCT6, STM32G0B1NEY6TR, STM32G0B1RCT6N, STM32G0C1CCT6, STM32G0C1CCT6N, STM32G0C1CCU6N, STM32G0C1CET6N, STM32G0C1CEU6N, STM32G0C1KCT6, STM32G0C1NEY6TR, STM32G0C1RCI6N, STM32G0C1RCT6N, STM32G0C1REI6N, STM32G0C1RET6N, STM32G0C1VCI6, STM32G0C1VEI6, STM32G411C6T3, STM32G411C6T6, STM32G411C6U3, STM32G411C6U6, STM32G411C8T3, STM32G411C8T6, STM32G411C8U3, STM32G411C8U6, STM32G411CBT3, STM32G411CBT6, STM32G411CBU3, STM32G411CBU6, STM32G411K6T3, STM32G411K6T6, STM32G411K6U3, STM32G411K6U6, STM32G411K8T3, STM32G411K8T6, STM32G411K8U3, STM32G411K8U6, STM32G411KBT3, STM32G411KBT6, STM32G411KBU3, STM32G411KBU6, STM32G411M6T3, STM32G411M6T6, STM32G411M8T3, STM32G411M8T6, STM32G411MBT3, STM32G411MBT6, STM32G411R6T3, STM32G411R6T6, STM32G411R8T3, STM32G411R8T6, STM32G411RBT3, STM32G411RBT6, STM32G414CBT3, STM32G414CBT6, STM32G414CBU3, STM32G414CBU6, STM32G414CCT3, STM32G414CCT6, STM32G414CCU3, STM32G414CCU6, STM32G414MBT3, STM32G414MBT6, STM32G414MCT3, STM32G414MCT6, STM32G414RBT3, STM32G414RBT6, STM32G414RCT3, STM32G414RCT6, STM32G414VBT3, STM32G414VBT6, STM32G414VCT3, STM32G414VCT6, STM32G431CBT3Z, STM32G431RBT3Z, STM32G471CCT6, STM32G471CCU6, STM32G471CET3, STM32G471CET6, STM32G471CEU3, STM32G471CEU6, STM32G471MCT6, STM32G471MET3, STM32G471MET6, STM32G471MEY6TR, STM32G471QCT6, STM32G471QET3, STM32G471RCT6, STM32G471RET3, STM32G471RET6, STM32G471VCH6, STM32G471VCI6, STM32G471VCT6, STM32G471VEH3, STM32G471VEH6, STM32G471VEI3, STM32G471VEI6, STM32G471VET3, STM32G471VET6, STM32G473QET3Z, STM32G473RET3Z, STM32G474CCT6, STM32G491RET3Z, STM32H503CBT6, STM32H503CBU6, STM32H503EBY6TR, STM32H503KBU6, STM32H503RBT6, STM32H523CCT6, STM32H523CCU6, STM32H523CET6, STM32H523CEU6, STM32H523HEY6TR, STM32H523RCT6, STM32H523RET6, STM32H523VCI6, STM32H523VCT6, STM32H523VEI6, STM32H523VET6, STM32H523ZCJ6, STM32H523ZCT6, STM32H523ZEJ6, STM32H523ZET6, STM32H533CET6, STM32H533CEU6, STM32H533HEY6TR, STM32H533RET6, STM32H533VEI6, STM32H533VET6, STM32H533ZEJ6, STM32H533ZET6, STM32H562AGI6, STM32H562AII6, STM32H562IGK6, STM32H562IGT6, STM32H562IIK6, STM32H562IIT6, STM32H562RGT6, STM32H562RGV6, STM32H562RIT6, STM32H562RIV6, STM32H562VGT6, STM32H562VIT6, STM32H562ZGT6, STM32H562ZIT6, STM32H563AGI6, STM32H563AII3Q, STM32H563AII6, STM32H563IGK6, STM32H563IGT6, STM32H563IIK3Q, STM32H563IIK6, STM32H563IIT3Q, STM32H563IIT6, STM32H563MIY3QTR, STM32H563RGT6, STM32H563RGV6, STM32H563RIT6, STM32H563RIV6, STM32H563VGT6, STM32H563VIT3Q, STM32H563VIT6, STM32H563ZGT6, STM32H563ZIT3Q, STM32H563ZIT6, STM32H573AII3Q, STM32H573AII6, STM32H573I-DK, STM32H573IIK3Q, STM32H573IIK6, STM32H573IIT3Q, STM32H573IIT6, STM32H573MIY3QTR, STM32H573RIT6, STM32H573RIV6, STM32H573VIT3Q, STM32H573VIT6, STM32H573ZIT3Q, STM32H573ZIT6, STM32H7R3A8I6, STM32H7R3I8K6, STM32H7R3I8T6, STM32H7R3L8H6, STM32H7R3L8H6H, STM32H7R3R8V6, STM32H7R3V8H6, STM32H7R3V8T6, STM32H7R3V8Y6TR, STM32H7R3Z8J6, STM32H7R3Z8T6, STM32H7R7A8I6, STM32H7R7I8K6, STM32H7R7I8T6, STM32H7R7L8H6, STM32H7R7L8H6H, STM32H7R7Z8J6, STM32H7S3A8I6, STM32H7S3I8K6, STM32H7S3I8T6, STM32H7S3L8H6, STM32H7S3L8H6H, STM32H7S3R8V6, STM32H7S3V8H6, STM32H7S3V8T6, STM32H7S3V8Y6TR, STM32H7S3Z8J6, STM32H7S3Z8T6, STM32H7S78-DK, STM32H7S7A8I6, STM32H7S7I8K6, STM32H7S7I8T6, STM32H7S7L8H6, STM32H7S7L8H6H, STM32H7S7Z8J6, STM32L4R5QGI6STR, STM32MP131AAE3, STM32MP131AAF3, STM32MP131AAG3, STM32MP131CAE3, STM32MP131CAF3, STM32MP131CAG3, STM32MP131DAE7, STM32MP131DAF7, STM32MP131DAG7, STM32MP131FAE7, STM32MP131FAF7, STM32MP131FAG7, STM32MP133AAE3, STM32MP133AAF3, STM32MP133AAG3, STM32MP133CAE3, STM32MP133CAF3, STM32MP133CAG3, STM32MP133DAE7, STM32MP133DAF7, STM32MP133DAG7, STM32MP133FAE7, STM32MP133FAF7, STM32MP133FAG7, STM32MP135AAE3, STM32MP135AAF3, STM32MP135AAG3, STM32MP135CAE3, STM32MP135CAF3, STM32MP135CAG3, STM32MP135DAE7, STM32MP135DAF7, STM32MP135DAG7, STM32MP135F-DK, STM32MP135FAE7, STM32MP135FAF7, STM32MP135FAF7T, STM32MP135FAF7U, STM32MP135FAG7, STM32MP211AAL3, STM32MP211AAM3, STM32MP211AAN3, STM32MP211AAO3, STM32MP211CAL3, STM32MP211CAM3, STM32MP211CAN3, STM32MP211CAO3, STM32MP211DAL3, STM32MP211DAM3, STM32MP211DAN3, STM32MP211DAO3, STM32MP211FAL3, STM32MP211FAM3, STM32MP211FAN3, STM32MP211FAO3, STM32MP213AAL3, STM32MP213AAM3, STM32MP213AAN3, STM32MP213AAO3, STM32MP213CAL3, STM32MP213CAM3, STM32MP213CAN3, STM32MP213CAO3, STM32MP213DAL3, STM32MP213DAM3, STM32MP213DAN3, STM32MP213DAO3, STM32MP213FAL3, STM32MP213FAM3, STM32MP213FAN3, STM32MP213FAO3, STM32MP215AAL3, STM32MP215AAM3, STM32MP215AAN3, STM32MP215AAO3, STM32MP215CAL3, STM32MP215CAM3, STM32MP215CAN3, STM32MP215CAO3, STM32MP215DAL3, STM32MP215DAM3, STM32MP215DAN3, STM32MP215DAO3, STM32MP215F-DK, STM32MP215FAL3, STM32MP215FAM3, STM32MP215FAN3, STM32MP215FAO3, STM32MP231AAJ3, STM32MP231AAK3, STM32MP231AAL3, STM32MP231CAJ3, STM32MP231CAK3, STM32MP231CAL3, STM32MP231DAJ3, STM32MP231DAK3, STM32MP231DAL3, STM32MP231FAJ3, STM32MP231FAK3, STM32MP231FAL3, STM32MP233AAJ3, STM32MP233AAK3, STM32MP233AAL3, STM32MP233CAJ3, STM32MP233CAK3, STM32MP233CAL3, STM32MP233DAJ3, STM32MP233DAK3, STM32MP233DAL3, STM32MP233FAJ3, STM32MP233FAK3, STM32MP233FAL3, STM32MP235AAJ3, STM32MP235AAK3, STM32MP235AAL3, STM32MP235CAJ3, STM32MP235CAK3, STM32MP235CAL3, STM32MP235DAJ3, STM32MP235DAK3, STM32MP235DAL3, STM32MP235FAJ3, STM32MP235FAK3, STM32MP235FAL3, STM32MP251AAI3, STM32MP251AAK3, STM32MP251AAL3, STM32MP251CAI3, STM32MP251CAK3, STM32MP251CAL3, STM32MP251DAI3, STM32MP251DAK3, STM32MP251DAL3, STM32MP251FAI3, STM32MP251FAK3, STM32MP251FAL3, STM32MP253AAI3, STM32MP253AAK3, STM32MP253AAL3, STM32MP253CAI3, STM32MP253CAK3, STM32MP253CAL3, STM32MP253DAI3, STM32MP253DAK3, STM32MP253DAL3, STM32MP253FAI3, STM32MP253FAK3, STM32MP253FAL3, STM32MP255AAI3, STM32MP255AAK3, STM32MP255AAL3, STM32MP255CAI3, STM32MP255CAK3, STM32MP255CAL3, STM32MP255DAI3, STM32MP255DAK3, STM32MP255DAL3, STM32MP255FAI3, STM32MP255FAK3, STM32MP255FAL3, STM32MP257AAI3, STM32MP257AAK3, STM32MP257AAL3, STM32MP257CAI3, STM32MP257CAK3, STM32MP257CAL3, STM32MP257DAI3, STM32MP257DAK3, STM32MP257DAL3, STM32MP257F-DK, STM32MP257F-EV1, STM32MP257FAI3, STM32MP257FAK3, STM32MP257FAL3, STM32N645A0H3Q, STM32N645B0H3Q, STM32N645I0H3Q, STM32N645L0H3Q, STM32N645X0H3Q, STM32N645Z0H3Q, STM32N647A0H3Q, STM32N647B0H3Q, STM32N647I0H3Q, STM32N647L0H3Q, STM32N647X0H3Q, STM32N647Z0H3Q, STM32N655A0H3Q, STM32N655B0H3Q, STM32N655I0H3Q, STM32N655L0H3Q, STM32N655X0H3Q, STM32N655Z0H3Q, STM32N6570-DK, STM32N657A0H3Q, STM32N657B0H3Q, STM32N657I0H3Q, STM32N657L0H3Q, STM32N657X0H3Q, STM32N657Z0H3Q, STM32U031C6T6, STM32U031C6U6, STM32U031C8T6, STM32U031C8U6, STM32U031F4P6, STM32U031F6P6, STM32U031F8P6, STM32U031G6Y6TR, STM32U031G8Y6TR, STM32U031K4U6, STM32U031K6U6, STM32U031K8U6, STM32U031R6I6, STM32U031R6T6, STM32U031R8I6, STM32U031R8T6, STM32U073C8T6, STM32U073C8U6, STM32U073CBT6, STM32U073CBU6, STM32U073CCT6, STM32U073CCU6, STM32U073H8Y6TR, STM32U073HBY6TR, STM32U073HCY6TR, STM32U073K8U6, STM32U073KBU6, STM32U073KCU6, STM32U073M8I6, STM32U073M8T6, STM32U073MBI6, STM32U073MBT6, STM32U073MCI6, STM32U073MCT6, STM32U073R8I6, STM32U073R8T6, STM32U073RBI6, STM32U073RBT6, STM32U073RCI6, STM32U073RCT6, STM32U083C-DK, STM32U083CCT6, STM32U083CCU6, STM32U083HCY6TR, STM32U083KCU6, STM32U083MCI6, STM32U083MCT6, STM32U083RCI6, STM32U083RCT6, STM32U375CET6, STM32U375CET6Q, STM32U375CEU6, STM32U375CEU6Q, STM32U375CEY6QTR, STM32U375CGT6, STM32U375CGT6Q, STM32U375CGU6, STM32U375CGU6Q, STM32U375CGY6QTR, STM32U375KEU6, STM32U375KGU6, STM32U375REI6, STM32U375REI6Q, STM32U375RET6, STM32U375RET6Q, STM32U375REY6GTR, STM32U375REY6QTR, STM32U375RGI6, STM32U375RGI6Q, STM32U375RGT6, STM32U375RGT6Q, STM32U375RGY6GTR, STM32U375RGY6QTR, STM32U375VEI6, STM32U375VEI6Q, STM32U375VET6, STM32U375VET6Q, STM32U375VGI6, STM32U375VGI6Q, STM32U375VGT6, STM32U375VGT6Q, STM32U385CGT6, STM32U385CGT6Q, STM32U385CGU6, STM32U385CGU6Q, STM32U385CGY6QTR, STM32U385KGU6, STM32U385RGI6, STM32U385RGI6Q, STM32U385RGT6, STM32U385RGT6Q, STM32U385RGY6GTR, STM32U385RGY6QTR, STM32U385VGI6, STM32U385VGI6Q, STM32U385VGT6, STM32U385VGT6Q, STM32U535CBT6, STM32U535CBT6Q, STM32U535CBU6, STM32U535CBU6Q, STM32U535CCT6, STM32U535CCT6Q, STM32U535CCU6, STM32U535CCU6Q, STM32U535CET6, STM32U535CET6Q, STM32U535CEU6, STM32U535CEU6Q, STM32U535JEY6QTR, STM32U535NCY6QTR, STM32U535NEY6QTR, STM32U535RBI6, STM32U535RBI6Q, STM32U535RBT6, STM32U535RBT6Q, STM32U535RCI6, STM32U535RCI6Q, STM32U535RCT6, STM32U535RCT6Q, STM32U535REI6, STM32U535REI6Q, STM32U535RET6, STM32U535RET6Q, STM32U535VCI6, STM32U535VCI6Q, STM32U535VCT6, STM32U535VCT6Q, STM32U535VEI6, STM32U535VEI6Q, STM32U535VET6, STM32U535VET6Q, STM32U545CET6, STM32U545CET6Q, STM32U545CEU6, STM32U545CEU6Q, STM32U545JEY6QTR, STM32U545NEY6QTR, STM32U545REI6, STM32U545REI6Q, STM32U545RET6, STM32U545RET6Q, STM32U545VEI6, STM32U545VEI6Q, STM32U545VET6, STM32U545VET6Q, STM32U595AIH6, STM32U595AIH6Q, STM32U595AJH6, STM32U595AJH6Q, STM32U595QII6, STM32U595QII6Q, STM32U595QJI6, STM32U595QJI6Q, STM32U595RIT6, STM32U595RIT6Q, STM32U595RJT6, STM32U595RJT6Q, STM32U595VIT6, STM32U595VIT6Q, STM32U595VJT6, STM32U595VJT6Q, STM32U595ZIT6, STM32U595ZIT6Q, STM32U595ZIY6QTR, STM32U595ZJT6, STM32U595ZJT6Q, STM32U595ZJY6QTR, STM32U599BJY6QTR, STM32U599NIH6Q, STM32U599NJH6Q, STM32U599VIT6Q, STM32U599VJT6, STM32U599VJT6Q, STM32U599ZIT6Q, STM32U599ZIY6QTR, STM32U599ZJT6Q, STM32U599ZJY6QTR, STM32U5A5AJH6, STM32U5A5AJH6Q, STM32U5A5QII3Q , STM32U5A5QJI6, STM32U5A5QJI6Q, STM32U5A5RJT6, STM32U5A5RJT6Q, STM32U5A5VJT6, STM32U5A5VJT6Q, STM32U5A5ZJT6, STM32U5A5ZJT6Q, STM32U5A5ZJY6QTR, STM32U5A9BJY6QTR, STM32U5A9J-DK, STM32U5A9NJH6Q, STM32U5A9VJT6Q, STM32U5A9ZJT6Q, STM32U5A9ZJY6QTR, STM32U5F7VIT6, STM32U5F7VIT6Q, STM32U5F7VJT6, STM32U5F7VJT6Q, STM32U5F9BJY6QTR, STM32U5F9NJH6Q, STM32U5F9VIT6Q, STM32U5F9VJT6Q, STM32U5F9ZIJ6QTR, STM32U5F9ZIT6Q, STM32U5F9ZJJ6QTR, STM32U5F9ZJT6Q, STM32U5G7VJT6, STM32U5G7VJT6Q, STM32U5G9BJY6QTR, STM32U5G9J-DK1, STM32U5G9J-DK2, STM32U5G9NJH6Q, STM32U5G9VJT6Q, STM32U5G9ZJJ6QTR, STM32U5G9ZJT6Q, STM32WB05KZV6TR, STM32WB05KZV7TR, STM32WB05TZF6TR, STM32WB05TZF7TR, STM32WB06CCF6TR, STM32WB06CCF7TR, STM32WB06CCV6TR, STM32WB06CCV7TR, STM32WB06KCV6TR, STM32WB06KCV7TR, STM32WB07CCF6TR, STM32WB07CCF7TR, STM32WB07CCV6TR, STM32WB07CCV7TR, STM32WB07KCV6TR, STM32WB07KCV7TR, STM32WB09KEV6TR, STM32WB09KEV7TR, STM32WB09TEF6TR, STM32WB09TEF7TR, STM32WB1MMCH6, STM32WBA50KGU6, STM32WBA50KGU6TR, STM32WBA52CEU6, STM32WBA52CEU6TR, STM32WBA52CEU7, STM32WBA52CEU7TR, STM32WBA52CGU6, STM32WBA52CGU6TR, STM32WBA52CGU6U, STM32WBA52CGU7, STM32WBA52CGU7TR, STM32WBA52KEU6, STM32WBA52KEU6TR, STM32WBA52KGU6, STM32WBA52KGU6TR, STM32WBA54CEU6, STM32WBA54CEU6TR, STM32WBA54CEU7, STM32WBA54CEU7TR, STM32WBA54CGU6, STM32WBA54CGU6TR, STM32WBA54CGU7, STM32WBA54CGU7TR, STM32WBA54KEU6, STM32WBA54KEU6TR, STM32WBA54KEU7, STM32WBA54KEU7TR, STM32WBA54KGU6, STM32WBA54KGU6TR, STM32WBA54KGU7, STM32WBA54KGU7TR, STM32WBA55CEU6, STM32WBA55CEU6TR, STM32WBA55CEU7, STM32WBA55CEU7TR, STM32WBA55CGU6, STM32WBA55CGU6TR, STM32WBA55CGU6U, STM32WBA55CGU7, STM32WBA55CGU7TR, STM32WBA55G-DK1, STM32WBA55HEF6, STM32WBA55HEF7, STM32WBA55HGF6, STM32WBA55HGF7, STM32WBA55UEI6, STM32WBA55UEI6TR, STM32WBA55UEI7, STM32WBA55UEI7TR, STM32WBA55UGI6, STM32WBA55UGI6TR, STM32WBA55UGI7, STM32WBA55UGI7TR, STM32WBA5MMGH6TR, STM32WBA62MGF6, STM32WBA62MIF6, STM32WBA65MGF7, STM32WBA65MIF6, STM32WBA65MIF7, STM32WL30K8V6, STM32WL30KBV6, STM32WL31C8V6, STM32WL31CBV6, STM32WL31K8V6, STM32WL31KBV6, STM32WL33C8V6, STM32WL33C8V6X, STM32WL33CBV6, STM32WL33CBV6X, STM32WL33CCV6, STM32WL33CCV6A, STM32WL33CCV6X, STM32WL33K8V7, STM32WL33K8V7X, STM32WL33KBV7 , STM32WL33KBV7X, STM32WL33KCV7, STM32WL33KCV7X, STM32WL5MOCH6, STM32WL5MOCH6TR]
2025-08-21 21:25:31,476 [INFO] BoardInfo:889 - No configuration file found for board P-NUCLEO-WB55
2025-08-21 21:25:31,477 [INFO] DbBoards:161 - Kit is not supported: P-NUCLEO-WB55
2025-08-21 21:25:31,482 [INFO] BoardInfo:889 - No configuration file found for board STEVAL-BFA001V1B
2025-08-21 21:25:31,483 [INFO] DbBoards:161 - Kit is not supported: STEVAL-BFA001V1B
2025-08-21 21:25:31,483 [INFO] BoardInfo:889 - No configuration file found for board STEVAL-BFA001V2B
2025-08-21 21:25:31,484 [INFO] DbBoards:161 - Kit is not supported: STEVAL-BFA001V2B
2025-08-21 21:25:31,629 [INFO] DbBoards:168 - Found 212 boards, 209 are supported
2025-08-21 21:25:31,629 [INFO] DbBoards:169 - Found 212 boards, 43 of them is supported for  Bsp
2025-08-21 21:25:31,632 [INFO] ApiDb:668 - CubeFinder database Data Model version=2.1
2025-08-21 21:25:31,632 [INFO] ApiDb:669 - CubeFinder database Configuration version=3.0.39
2025-08-21 21:25:31,632 [INFO] ApiDb:670 - CubeFinder database generation date=2025-07-24 (1753349077)
2025-08-21 21:25:31,632 [INFO] ApiDb:671 - CubeFinder database FW Pack versions=[FP-ATR-ASTRA1_V2.0.0, FP-SNS-FLIGHT1_V5.1.0, FP-SNS-MOTENV1_V5.0.0, FP-SNS-MOTENVWB1_V1.4.0, FP-SNS-SMARTAG2_V1.2.0, FP-SNS-STBOX1_V2.0.0, STM32Cube_FW_C0_V1.4.0, STM32Cube_FW_F4_V1.28.2, STM32Cube_FW_F7_V1.17.3, STM32Cube_FW_G0_V1.6.2, STM32Cube_FW_G4_V1.6.1, STM32Cube_FW_H5_V1.5.0, STM32Cube_FW_H7RS_V1.2.0, STM32Cube_FW_H7_V1.12.1, STM32Cube_FW_L0_V1.12.2, STM32Cube_FW_L4_V1.18.1, STM32Cube_FW_L5_V1.5.1, STM32Cube_FW_N6_V1.2.0, STM32Cube_FW_U0_V1.3.0, STM32Cube_FW_U3_V1.2.0, STM32Cube_FW_U5_V1.8.0, STM32Cube_FW_WB0_V1.3.0, STM32Cube_FW_WBA_V1.7.0, STM32Cube_FW_WB_V1.23.0, STM32Cube_FW_WL3_V1.2.0, STM32Cube_FW_WL_V1.3.1, X-CUBE-ALGOBUILD_V1.4.0, X-CUBE-ALS_V1.0.2, X-CUBE-AZRTOS-F4_V1.1.0, X-CUBE-AZRTOS-F7_V1.1.0, X-CUBE-AZRTOS-G0_V1.1.0, X-CUBE-AZRTOS-G4_V2.0.0, X-CUBE-AZRTOS-H7RS_V1.1.0, X-CUBE-AZRTOS-H7_V3.4.0, X-CUBE-AZRTOS-L4_V2.0.0, X-CUBE-AZRTOS-L5_V2.0.0, X-CUBE-AZRTOS-WB_V2.0.0, X-CUBE-AZRTOS-WL_V2.0.0, X-CUBE-BLE1_V7.1.0, X-CUBE-BLE2_V3.3.0, X-CUBE-BLEMGR_V4.1.0, X-CUBE-EEPRMA1_V5.2.0, X-CUBE-FREERTOS_V1.3.1, X-CUBE-GNSS1_V6.0.0, X-CUBE-MEMS1_V11.3.0, X-CUBE-NFC4_V3.0.0, X-CUBE-NFC7_V2.0.0, X-CUBE-SFXS2LP1_V4.0.0, X-CUBE-ST67W61_V1.0.0, X-CUBE-SUBG2_V5.0.0, X-CUBE-TOF1_V3.4.3]
2025-08-21 21:25:32,834 [INFO] ApiDb:240 - Found 880 in-development CPN: [B-G473E-ZEST1S, B-WB1M-WPAN1, B-WBA5M-WPAN, B-WL5M-SUBG1, NUCLEO-C031C6, NUCLEO-C051C8, NUCLEO-C071RB, NUCLEO-C092RC, NUCLEO-H503RB, NUCLEO-H533RE, NUCLEO-H563ZI, NUCLEO-H7S3L8, NUCLEO-N657X0-Q, NUCLEO-U031R8, NUCLEO-U083RC, NUCLEO-U385RG-Q, NUCLEO-U545RE-Q, NUCLEO-U5A5ZJ-Q, NUCLEO-WB05KZ, NUCLEO-WB07CC, NUCLEO-WB09KE, NUCLEO-WBA52CG, NUCLEO-WBA55CG, NUCLEO-WL33CC1, NUCLEO-WL33CC2, STEVAL-PROTEUS1, STEVAL-SMARTAG2, STEVAL-STWINBX1, STM320518-EVAL, STM32C0116-DK, STM32C011D6Y3TR, STM32C011D6Y6TR, STM32C011F4P3, STM32C011F4P6, STM32C011F4U3, STM32C011F4U6TR, STM32C011F6P3, STM32C011F6P6, STM32C011F6U3, STM32C011F6U6TR, STM32C011J4M3, STM32C011J4M6, STM32C011J6M3, STM32C011J6M6, STM32C0316-DK, STM32C031C4T3, STM32C031C4T6, STM32C031C4U3, STM32C031C4U6, STM32C031C6T3, STM32C031C6T6, STM32C031C6U3, STM32C031C6U6, STM32C031F4P3, STM32C031F4P6, STM32C031F6P3, STM32C031F6P6, STM32C031G4U3, STM32C031G4U6, STM32C031G6U3, STM32C031G6U6, STM32C031K4T3, STM32C031K4T6, STM32C031K4U3, STM32C031K4U6, STM32C031K6T3, STM32C031K6T6, STM32C031K6U3, STM32C031K6U6, STM32C051C6T6, STM32C051C6U6, STM32C051C8T6, STM32C051C8U6, STM32C051D8Y6TR, STM32C051F6P6, STM32C051F8P6, STM32C051G6U6, STM32C051G8U6, STM32C051K6T6, STM32C051K6U6, STM32C051K8T6, STM32C071C8T6, STM32C071C8T6N, STM32C071C8U6, STM32C071C8U6N, STM32C071CBT6, STM32C071CBT6N, STM32C071CBU6, STM32C071CBU6N, STM32C071F8P6, STM32C071F8P6N, STM32C071FBP6, STM32C071FBP6N, STM32C071FBY6TR, STM32C071G8U6, STM32C071G8U6N, STM32C071GBU6, STM32C071GBU6N, STM32C071K8T6, STM32C071K8T6N, STM32C071K8U6, STM32C071K8U6N, STM32C071KBT6, STM32C071KBT6N, STM32C071KBU6, STM32C071KBU6N, STM32C071R8T6, STM32C071R8T6N, STM32C071RBI6N, STM32C071RBT6, STM32C071RBT6N, STM32C091CBT6, STM32C091CBU6, STM32C091CCT6, STM32C091CCU6, STM32C091ECY6TR, STM32C091FBP6, STM32C091FCP6, STM32C091GBU6, STM32C091GCU6, STM32C091KBT6, STM32C091KBU6, STM32C091KCT6, STM32C091KCU6, STM32C091RBT6, STM32C091RCI6, STM32C091RCT6, STM32C092CBT6, STM32C092CBU6, STM32C092CCT6, STM32C092CCU6, STM32C092ECY6TR, STM32C092FBP6, STM32C092FCP6, STM32C092GBU6, STM32C092GCU6, STM32C092KBT6, STM32C092KBU6, STM32C092KCT6, STM32C092KCU6, STM32C092RBT6, STM32C092RCI6, STM32C092RCT6, STM32G071K8TXN, STM32G071K8UXN, STM32G081GBU6N, STM32G081KBT6N, STM32G081KBUXN, STM32G0B1CCT6N, STM32G0B1KCT6, STM32G0B1NEY6TR, STM32G0B1RCT6N, STM32G0C1CCT6, STM32G0C1CCT6N, STM32G0C1CCU6N, STM32G0C1CET6N, STM32G0C1CEU6N, STM32G0C1KCT6, STM32G0C1NEY6TR, STM32G0C1RCI6N, STM32G0C1RCT6N, STM32G0C1REI6N, STM32G0C1RET6N, STM32G0C1VCI6, STM32G0C1VEI6, STM32G411C6T3, STM32G411C6T6, STM32G411C6U3, STM32G411C6U6, STM32G411C8T3, STM32G411C8T6, STM32G411C8U3, STM32G411C8U6, STM32G411CBT3, STM32G411CBT6, STM32G411CBU3, STM32G411CBU6, STM32G411K6T3, STM32G411K6T6, STM32G411K6U3, STM32G411K6U6, STM32G411K8T3, STM32G411K8T6, STM32G411K8U3, STM32G411K8U6, STM32G411KBT3, STM32G411KBT6, STM32G411KBU3, STM32G411KBU6, STM32G411M6T3, STM32G411M6T6, STM32G411M8T3, STM32G411M8T6, STM32G411MBT3, STM32G411MBT6, STM32G411R6T3, STM32G411R6T6, STM32G411R8T3, STM32G411R8T6, STM32G411RBT3, STM32G411RBT6, STM32G414CBT3, STM32G414CBT6, STM32G414CBU3, STM32G414CBU6, STM32G414CCT3, STM32G414CCT6, STM32G414CCU3, STM32G414CCU6, STM32G414MBT3, STM32G414MBT6, STM32G414MCT3, STM32G414MCT6, STM32G414RBT3, STM32G414RBT6, STM32G414RCT3, STM32G414RCT6, STM32G414VBT3, STM32G414VBT6, STM32G414VCT3, STM32G414VCT6, STM32G431CBT3Z, STM32G431RBT3Z, STM32G471CCT6, STM32G471CCU6, STM32G471CET3, STM32G471CET6, STM32G471CEU3, STM32G471CEU6, STM32G471MCT6, STM32G471MET3, STM32G471MET6, STM32G471MEY6TR, STM32G471QCT6, STM32G471QET3, STM32G471RCT6, STM32G471RET3, STM32G471RET6, STM32G471VCH6, STM32G471VCI6, STM32G471VCT6, STM32G471VEH3, STM32G471VEH6, STM32G471VEI3, STM32G471VEI6, STM32G471VET3, STM32G471VET6, STM32G473QET3Z, STM32G473RET3Z, STM32G474CCT6, STM32G491RET3Z, STM32H503CBT6, STM32H503CBU6, STM32H503EBY6TR, STM32H503KBU6, STM32H503RBT6, STM32H523CCT6, STM32H523CCU6, STM32H523CET6, STM32H523CEU6, STM32H523HEY6TR, STM32H523RCT6, STM32H523RET6, STM32H523VCI6, STM32H523VCT6, STM32H523VEI6, STM32H523VET6, STM32H523ZCJ6, STM32H523ZCT6, STM32H523ZEJ6, STM32H523ZET6, STM32H533CET6, STM32H533CEU6, STM32H533HEY6TR, STM32H533RET6, STM32H533VEI6, STM32H533VET6, STM32H533ZEJ6, STM32H533ZET6, STM32H562AGI6, STM32H562AII6, STM32H562IGK6, STM32H562IGT6, STM32H562IIK6, STM32H562IIT6, STM32H562RGT6, STM32H562RGV6, STM32H562RIT6, STM32H562RIV6, STM32H562VGT6, STM32H562VIT6, STM32H562ZGT6, STM32H562ZIT6, STM32H563AGI6, STM32H563AII3Q, STM32H563AII6, STM32H563IGK6, STM32H563IGT6, STM32H563IIK3Q, STM32H563IIK6, STM32H563IIT3Q, STM32H563IIT6, STM32H563MIY3QTR, STM32H563RGT6, STM32H563RGV6, STM32H563RIT6, STM32H563RIV6, STM32H563VGT6, STM32H563VIT3Q, STM32H563VIT6, STM32H563ZGT6, STM32H563ZIT3Q, STM32H563ZIT6, STM32H573AII3Q, STM32H573AII6, STM32H573I-DK, STM32H573IIK3Q, STM32H573IIK6, STM32H573IIT3Q, STM32H573IIT6, STM32H573MIY3QTR, STM32H573RIT6, STM32H573RIV6, STM32H573VIT3Q, STM32H573VIT6, STM32H573ZIT3Q, STM32H573ZIT6, STM32H7R3A8I6, STM32H7R3I8K6, STM32H7R3I8T6, STM32H7R3L8H6, STM32H7R3L8H6H, STM32H7R3R8V6, STM32H7R3V8H6, STM32H7R3V8T6, STM32H7R3V8Y6TR, STM32H7R3Z8J6, STM32H7R3Z8T6, STM32H7R7A8I6, STM32H7R7I8K6, STM32H7R7I8T6, STM32H7R7L8H6, STM32H7R7L8H6H, STM32H7R7Z8J6, STM32H7S3A8I6, STM32H7S3I8K6, STM32H7S3I8T6, STM32H7S3L8H6, STM32H7S3L8H6H, STM32H7S3R8V6, STM32H7S3V8H6, STM32H7S3V8T6, STM32H7S3V8Y6TR, STM32H7S3Z8J6, STM32H7S3Z8T6, STM32H7S78-DK, STM32H7S7A8I6, STM32H7S7I8K6, STM32H7S7I8T6, STM32H7S7L8H6, STM32H7S7L8H6H, STM32H7S7Z8J6, STM32L4R5QGI6STR, STM32MP131AAE3, STM32MP131AAF3, STM32MP131AAG3, STM32MP131CAE3, STM32MP131CAF3, STM32MP131CAG3, STM32MP131DAE7, STM32MP131DAF7, STM32MP131DAG7, STM32MP131FAE7, STM32MP131FAF7, STM32MP131FAG7, STM32MP133AAE3, STM32MP133AAF3, STM32MP133AAG3, STM32MP133CAE3, STM32MP133CAF3, STM32MP133CAG3, STM32MP133DAE7, STM32MP133DAF7, STM32MP133DAG7, STM32MP133FAE7, STM32MP133FAF7, STM32MP133FAG7, STM32MP135AAE3, STM32MP135AAF3, STM32MP135AAG3, STM32MP135CAE3, STM32MP135CAF3, STM32MP135CAG3, STM32MP135DAE7, STM32MP135DAF7, STM32MP135DAG7, STM32MP135F-DK, STM32MP135FAE7, STM32MP135FAF7, STM32MP135FAF7T, STM32MP135FAF7U, STM32MP135FAG7, STM32MP211AAL3, STM32MP211AAM3, STM32MP211AAN3, STM32MP211AAO3, STM32MP211CAL3, STM32MP211CAM3, STM32MP211CAN3, STM32MP211CAO3, STM32MP211DAL3, STM32MP211DAM3, STM32MP211DAN3, STM32MP211DAO3, STM32MP211FAL3, STM32MP211FAM3, STM32MP211FAN3, STM32MP211FAO3, STM32MP213AAL3, STM32MP213AAM3, STM32MP213AAN3, STM32MP213AAO3, STM32MP213CAL3, STM32MP213CAM3, STM32MP213CAN3, STM32MP213CAO3, STM32MP213DAL3, STM32MP213DAM3, STM32MP213DAN3, STM32MP213DAO3, STM32MP213FAL3, STM32MP213FAM3, STM32MP213FAN3, STM32MP213FAO3, STM32MP215AAL3, STM32MP215AAM3, STM32MP215AAN3, STM32MP215AAO3, STM32MP215CAL3, STM32MP215CAM3, STM32MP215CAN3, STM32MP215CAO3, STM32MP215DAL3, STM32MP215DAM3, STM32MP215DAN3, STM32MP215DAO3, STM32MP215F-DK, STM32MP215FAL3, STM32MP215FAM3, STM32MP215FAN3, STM32MP215FAO3, STM32MP231AAJ3, STM32MP231AAK3, STM32MP231AAL3, STM32MP231CAJ3, STM32MP231CAK3, STM32MP231CAL3, STM32MP231DAJ3, STM32MP231DAK3, STM32MP231DAL3, STM32MP231FAJ3, STM32MP231FAK3, STM32MP231FAL3, STM32MP233AAJ3, STM32MP233AAK3, STM32MP233AAL3, STM32MP233CAJ3, STM32MP233CAK3, STM32MP233CAL3, STM32MP233DAJ3, STM32MP233DAK3, STM32MP233DAL3, STM32MP233FAJ3, STM32MP233FAK3, STM32MP233FAL3, STM32MP235AAJ3, STM32MP235AAK3, STM32MP235AAL3, STM32MP235CAJ3, STM32MP235CAK3, STM32MP235CAL3, STM32MP235DAJ3, STM32MP235DAK3, STM32MP235DAL3, STM32MP235FAJ3, STM32MP235FAK3, STM32MP235FAL3, STM32MP251AAI3, STM32MP251AAK3, STM32MP251AAL3, STM32MP251CAI3, STM32MP251CAK3, STM32MP251CAL3, STM32MP251DAI3, STM32MP251DAK3, STM32MP251DAL3, STM32MP251FAI3, STM32MP251FAK3, STM32MP251FAL3, STM32MP253AAI3, STM32MP253AAK3, STM32MP253AAL3, STM32MP253CAI3, STM32MP253CAK3, STM32MP253CAL3, STM32MP253DAI3, STM32MP253DAK3, STM32MP253DAL3, STM32MP253FAI3, STM32MP253FAK3, STM32MP253FAL3, STM32MP255AAI3, STM32MP255AAK3, STM32MP255AAL3, STM32MP255CAI3, STM32MP255CAK3, STM32MP255CAL3, STM32MP255DAI3, STM32MP255DAK3, STM32MP255DAL3, STM32MP255FAI3, STM32MP255FAK3, STM32MP255FAL3, STM32MP257AAI3, STM32MP257AAK3, STM32MP257AAL3, STM32MP257CAI3, STM32MP257CAK3, STM32MP257CAL3, STM32MP257DAI3, STM32MP257DAK3, STM32MP257DAL3, STM32MP257F-DK, STM32MP257F-EV1, STM32MP257FAI3, STM32MP257FAK3, STM32MP257FAL3, STM32N645A0H3Q, STM32N645B0H3Q, STM32N645I0H3Q, STM32N645L0H3Q, STM32N645X0H3Q, STM32N645Z0H3Q, STM32N647A0H3Q, STM32N647B0H3Q, STM32N647I0H3Q, STM32N647L0H3Q, STM32N647X0H3Q, STM32N647Z0H3Q, STM32N655A0H3Q, STM32N655B0H3Q, STM32N655I0H3Q, STM32N655L0H3Q, STM32N655X0H3Q, STM32N655Z0H3Q, STM32N6570-DK, STM32N657A0H3Q, STM32N657B0H3Q, STM32N657I0H3Q, STM32N657L0H3Q, STM32N657X0H3Q, STM32N657Z0H3Q, STM32U031C6T6, STM32U031C6U6, STM32U031C8T6, STM32U031C8U6, STM32U031F4P6, STM32U031F6P6, STM32U031F8P6, STM32U031G6Y6TR, STM32U031G8Y6TR, STM32U031K4U6, STM32U031K6U6, STM32U031K8U6, STM32U031R6I6, STM32U031R6T6, STM32U031R8I6, STM32U031R8T6, STM32U073C8T6, STM32U073C8U6, STM32U073CBT6, STM32U073CBU6, STM32U073CCT6, STM32U073CCU6, STM32U073H8Y6TR, STM32U073HBY6TR, STM32U073HCY6TR, STM32U073K8U6, STM32U073KBU6, STM32U073KCU6, STM32U073M8I6, STM32U073M8T6, STM32U073MBI6, STM32U073MBT6, STM32U073MCI6, STM32U073MCT6, STM32U073R8I6, STM32U073R8T6, STM32U073RBI6, STM32U073RBT6, STM32U073RCI6, STM32U073RCT6, STM32U083C-DK, STM32U083CCT6, STM32U083CCU6, STM32U083HCY6TR, STM32U083KCU6, STM32U083MCI6, STM32U083MCT6, STM32U083RCI6, STM32U083RCT6, STM32U375CET6, STM32U375CET6Q, STM32U375CEU6, STM32U375CEU6Q, STM32U375CEY6QTR, STM32U375CGT6, STM32U375CGT6Q, STM32U375CGU6, STM32U375CGU6Q, STM32U375CGY6QTR, STM32U375KEU6, STM32U375KGU6, STM32U375REI6, STM32U375REI6Q, STM32U375RET6, STM32U375RET6Q, STM32U375REY6GTR, STM32U375REY6QTR, STM32U375RGI6, STM32U375RGI6Q, STM32U375RGT6, STM32U375RGT6Q, STM32U375RGY6GTR, STM32U375RGY6QTR, STM32U375VEI6, STM32U375VEI6Q, STM32U375VET6, STM32U375VET6Q, STM32U375VGI6, STM32U375VGI6Q, STM32U375VGT6, STM32U375VGT6Q, STM32U385CGT6, STM32U385CGT6Q, STM32U385CGU6, STM32U385CGU6Q, STM32U385CGY6QTR, STM32U385KGU6, STM32U385RGI6, STM32U385RGI6Q, STM32U385RGT6, STM32U385RGT6Q, STM32U385RGY6GTR, STM32U385RGY6QTR, STM32U385VGI6, STM32U385VGI6Q, STM32U385VGT6, STM32U385VGT6Q, STM32U535CBT6, STM32U535CBT6Q, STM32U535CBU6, STM32U535CBU6Q, STM32U535CCT6, STM32U535CCT6Q, STM32U535CCU6, STM32U535CCU6Q, STM32U535CET6, STM32U535CET6Q, STM32U535CEU6, STM32U535CEU6Q, STM32U535JEY6QTR, STM32U535NCY6QTR, STM32U535NEY6QTR, STM32U535RBI6, STM32U535RBI6Q, STM32U535RBT6, STM32U535RBT6Q, STM32U535RCI6, STM32U535RCI6Q, STM32U535RCT6, STM32U535RCT6Q, STM32U535REI6, STM32U535REI6Q, STM32U535RET6, STM32U535RET6Q, STM32U535VCI6, STM32U535VCI6Q, STM32U535VCT6, STM32U535VCT6Q, STM32U535VEI6, STM32U535VEI6Q, STM32U535VET6, STM32U535VET6Q, STM32U545CET6, STM32U545CET6Q, STM32U545CEU6, STM32U545CEU6Q, STM32U545JEY6QTR, STM32U545NEY6QTR, STM32U545REI6, STM32U545REI6Q, STM32U545RET6, STM32U545RET6Q, STM32U545VEI6, STM32U545VEI6Q, STM32U545VET6, STM32U545VET6Q, STM32U595AIH6, STM32U595AIH6Q, STM32U595AJH6, STM32U595AJH6Q, STM32U595QII6, STM32U595QII6Q, STM32U595QJI6, STM32U595QJI6Q, STM32U595RIT6, STM32U595RIT6Q, STM32U595RJT6, STM32U595RJT6Q, STM32U595VIT6, STM32U595VIT6Q, STM32U595VJT6, STM32U595VJT6Q, STM32U595ZIT6, STM32U595ZIT6Q, STM32U595ZIY6QTR, STM32U595ZJT6, STM32U595ZJT6Q, STM32U595ZJY6QTR, STM32U599BJY6QTR, STM32U599NIH6Q, STM32U599NJH6Q, STM32U599VIT6Q, STM32U599VJT6, STM32U599VJT6Q, STM32U599ZIT6Q, STM32U599ZIY6QTR, STM32U599ZJT6Q, STM32U599ZJY6QTR, STM32U5A5AJH6, STM32U5A5AJH6Q, STM32U5A5QII3Q , STM32U5A5QJI6, STM32U5A5QJI6Q, STM32U5A5RJT6, STM32U5A5RJT6Q, STM32U5A5VJT6, STM32U5A5VJT6Q, STM32U5A5ZJT6, STM32U5A5ZJT6Q, STM32U5A5ZJY6QTR, STM32U5A9BJY6QTR, STM32U5A9J-DK, STM32U5A9NJH6Q, STM32U5A9VJT6Q, STM32U5A9ZJT6Q, STM32U5A9ZJY6QTR, STM32U5F7VIT6, STM32U5F7VIT6Q, STM32U5F7VJT6, STM32U5F7VJT6Q, STM32U5F9BJY6QTR, STM32U5F9NJH6Q, STM32U5F9VIT6Q, STM32U5F9VJT6Q, STM32U5F9ZIJ6QTR, STM32U5F9ZIT6Q, STM32U5F9ZJJ6QTR, STM32U5F9ZJT6Q, STM32U5G7VJT6, STM32U5G7VJT6Q, STM32U5G9BJY6QTR, STM32U5G9J-DK1, STM32U5G9J-DK2, STM32U5G9NJH6Q, STM32U5G9VJT6Q, STM32U5G9ZJJ6QTR, STM32U5G9ZJT6Q, STM32WB05KZV6TR, STM32WB05KZV7TR, STM32WB05TZF6TR, STM32WB05TZF7TR, STM32WB06CCF6TR, STM32WB06CCF7TR, STM32WB06CCV6TR, STM32WB06CCV7TR, STM32WB06KCV6TR, STM32WB06KCV7TR, STM32WB07CCF6TR, STM32WB07CCF7TR, STM32WB07CCV6TR, STM32WB07CCV7TR, STM32WB07KCV6TR, STM32WB07KCV7TR, STM32WB09KEV6TR, STM32WB09KEV7TR, STM32WB09TEF6TR, STM32WB09TEF7TR, STM32WB1MMCH6, STM32WBA50KGU6, STM32WBA50KGU6TR, STM32WBA52CEU6, STM32WBA52CEU6TR, STM32WBA52CEU7, STM32WBA52CEU7TR, STM32WBA52CGU6, STM32WBA52CGU6TR, STM32WBA52CGU6U, STM32WBA52CGU7, STM32WBA52CGU7TR, STM32WBA52KEU6, STM32WBA52KEU6TR, STM32WBA52KGU6, STM32WBA52KGU6TR, STM32WBA54CEU6, STM32WBA54CEU6TR, STM32WBA54CEU7, STM32WBA54CEU7TR, STM32WBA54CGU6, STM32WBA54CGU6TR, STM32WBA54CGU7, STM32WBA54CGU7TR, STM32WBA54KEU6, STM32WBA54KEU6TR, STM32WBA54KEU7, STM32WBA54KEU7TR, STM32WBA54KGU6, STM32WBA54KGU6TR, STM32WBA54KGU7, STM32WBA54KGU7TR, STM32WBA55CEU6, STM32WBA55CEU6TR, STM32WBA55CEU7, STM32WBA55CEU7TR, STM32WBA55CGU6, STM32WBA55CGU6TR, STM32WBA55CGU6U, STM32WBA55CGU7, STM32WBA55CGU7TR, STM32WBA55G-DK1, STM32WBA55HEF6, STM32WBA55HEF7, STM32WBA55HGF6, STM32WBA55HGF7, STM32WBA55UEI6, STM32WBA55UEI6TR, STM32WBA55UEI7, STM32WBA55UEI7TR, STM32WBA55UGI6, STM32WBA55UGI6TR, STM32WBA55UGI7, STM32WBA55UGI7TR, STM32WBA5MMGH6TR, STM32WBA62MGF6, STM32WBA62MIF6, STM32WBA65MGF7, STM32WBA65MIF6, STM32WBA65MIF7, STM32WL30K8V6, STM32WL30KBV6, STM32WL31C8V6, STM32WL31CBV6, STM32WL31K8V6, STM32WL31KBV6, STM32WL33C8V6, STM32WL33C8V6X, STM32WL33CBV6, STM32WL33CBV6X, STM32WL33CCV6, STM32WL33CCV6A, STM32WL33CCV6X, STM32WL33K8V7, STM32WL33K8V7X, STM32WL33KBV7 , STM32WL33KBV7X, STM32WL33KCV7, STM32WL33KCV7X, STM32WL5MOCH6, STM32WL5MOCH6TR]
2025-08-21 21:25:32,837 [INFO] DbMcus:218 - Found 4801 MCUs, 4801 are supported
2025-08-21 21:25:32,839 [INFO] ApiDb:423 - Load user favorites file C:\Users\ZOJOLDRI/.stm32cubeide/favorites.mcus.txt: 0 item(s)
2025-08-21 21:25:32,839 [INFO] ApiDb:427 - User favorites MCUs=[]
2025-08-21 21:25:32,839 [INFO] DbMcus:224 - Set 0 / 0 favorites MCUs
2025-08-21 21:25:33,062 [INFO] ApiDb:423 - Load user favorites file C:\Users\ZOJOLDRI/.stm32cubeide/favorites.boards.txt: 0 item(s)
2025-08-21 21:25:33,062 [INFO] ApiDb:427 - User favorites Boards=[]
2025-08-21 21:25:33,062 [INFO] DbBoards:198 - Set 0 / 0 favorites Boards
2025-08-21 21:25:33,514 [INFO] UtilMem:75 - End LoadConfig() Used Memory: 395188544 Bytes (817889280)
2025-08-21 21:25:33,658 [WARN] ThirdParty:833 - waiting for thirdparty lock release [change project]
2025-08-21 21:25:33,659 [INFO] ThirdParty:835 - entering critical section [change project]
2025-08-21 21:25:33,659 [INFO] ThirdParty:1030 - CMSIS Pack Vendor :STMicroelectronics X-CUBE-PM33A1 1.0.0
2025-08-21 21:25:33,659 [INFO] ThirdParty:1030 - CMSIS Pack Vendor :STMicroelectronics USBPD 4.1
2025-08-21 21:25:33,659 [INFO] ThirdParty:1030 - CMSIS Pack Vendor :STMicroelectronics X-CUBE-NFC9 1.0.0
2025-08-21 21:25:33,659 [INFO] ThirdParty:1030 - CMSIS Pack Vendor :wolfSSL I-CUBE-wolfSSL 5.8.0
2025-08-21 21:25:33,659 [INFO] ThirdParty:1030 - CMSIS Pack Vendor :STMicroelectronics USB_HOST 2.0.0
2025-08-21 21:25:33,659 [INFO] ThirdParty:1030 - CMSIS Pack Vendor :STMicroelectronics FP-SNS-MOTENVWB1 1.4.0
2025-08-21 21:25:33,659 [INFO] ThirdParty:1030 - CMSIS Pack Vendor :STMicroelectronics X-CUBE-AZRTOS-F4 1.1.0
2025-08-21 21:25:33,659 [INFO] ThirdParty:1030 - CMSIS Pack Vendor :STMicroelectronics LIBJPEG 8.0.0
2025-08-21 21:25:33,659 [INFO] ThirdParty:1030 - CMSIS Pack Vendor :STMicroelectronics FP-ATR-ASTRA1 2.0.2
2025-08-21 21:25:33,659 [INFO] ThirdParty:1030 - CMSIS Pack Vendor :STMicroelectronics X-CUBE-BLE1 7.1.0
2025-08-21 21:25:33,659 [INFO] ThirdParty:1030 - CMSIS Pack Vendor :Avnet-IotConnect X-CUBE-IoTC-DA16k-PMOD 1.0.0
2025-08-21 21:25:33,659 [INFO] ThirdParty:1030 - CMSIS Pack Vendor :STMicroelectronics X-CUBE-SMBUS 2.1.0
2025-08-21 21:25:33,659 [INFO] ThirdParty:1030 - CMSIS Pack Vendor :wolfSSL I-CUBE-wolfMQTT 1.19.2
2025-08-21 21:25:33,659 [INFO] ThirdParty:1030 - CMSIS Pack Vendor :STMicroelectronics USB_DEVICE 3.0.0
2025-08-21 21:25:33,659 [INFO] ThirdParty:1030 - CMSIS Pack Vendor :STMicroelectronics X-CUBE-ISPU 2.1.0
2025-08-21 21:25:33,659 [INFO] ThirdParty:1030 - CMSIS Pack Vendor :STMicroelectronics X-CUBE-EEPRMA1 5.2.0
2025-08-21 21:25:33,659 [INFO] ThirdParty:1030 - CMSIS Pack Vendor :STMicroelectronics X-CUBE-BLEMGR 4.1.0
2025-08-21 21:25:33,659 [INFO] ThirdParty:1030 - CMSIS Pack Vendor :STMicroelectronics X-CUBE-AZRTOS-WB 2.0.0
2025-08-21 21:25:33,659 [INFO] ThirdParty:1030 - CMSIS Pack Vendor :STMicroelectronics X-CUBE-ST60 1.0.0
2025-08-21 21:25:33,659 [INFO] ThirdParty:1030 - CMSIS Pack Vendor :STMicroelectronics X-CUBE-GNSS1 7.0.1
2025-08-21 21:25:33,659 [INFO] ThirdParty:1030 - CMSIS Pack Vendor :STMicroelectronics X-CUBE-NFC12 1.0.0
2025-08-21 21:25:33,659 [INFO] ThirdParty:1030 - CMSIS Pack Vendor :STMicroelectronics X-CUBE-AZRTOS-F7 1.1.0
2025-08-21 21:25:33,659 [INFO] ThirdParty:1030 - CMSIS Pack Vendor :STMicroelectronics X-CUBE-AZRTOS-L5 2.0.0
2025-08-21 21:25:33,659 [INFO] ThirdParty:1030 - CMSIS Pack Vendor :STMicroelectronics X-CUBE-TOUCHGFX 4.25.0
2025-08-21 21:25:33,659 [INFO] ThirdParty:1030 - CMSIS Pack Vendor :STMicroelectronics USB_DEVICE 2.0.0
2025-08-21 21:25:33,659 [INFO] ThirdParty:1030 - CMSIS Pack Vendor :STMicroelectronics X-CUBE-NFC6 3.1.0
2025-08-21 21:25:33,659 [INFO] ThirdParty:1030 - CMSIS Pack Vendor :STMicroelectronics X-CUBE-AI 10.1.0
2025-08-21 21:25:33,659 [INFO] ThirdParty:1030 - CMSIS Pack Vendor :STMicroelectronics FP-SNS-STBOX1 2.0.0
2025-08-21 21:25:33,659 [INFO] ThirdParty:1030 - CMSIS Pack Vendor :quantropi X-CUBE-qispace-sdk-base 2.1.0
2025-08-21 21:25:33,659 [INFO] ThirdParty:1030 - CMSIS Pack Vendor :STMicroelectronics FreeRTOS 0.0.1
2025-08-21 21:25:33,659 [INFO] ThirdParty:1030 - CMSIS Pack Vendor :STMicroelectronics X-CUBE-AZRTOS-G0 1.1.0
2025-08-21 21:25:33,659 [INFO] ThirdParty:1030 - CMSIS Pack Vendor :STMicroelectronics X-CUBE-SAFEA1 1.2.2
2025-08-21 21:25:33,659 [INFO] ThirdParty:1030 - CMSIS Pack Vendor :STMicroelectronics X-CUBE-NFC4 3.0.0
2025-08-21 21:25:33,659 [INFO] ThirdParty:1030 - CMSIS Pack Vendor :STMicroelectronics X-CUBE-SUBG2 5.0.0
2025-08-21 21:25:33,659 [INFO] ThirdParty:1030 - CMSIS Pack Vendor :STMicroelectronics X-CUBE-AZRTOS-H7RS 1.1.0
2025-08-21 21:25:33,660 [INFO] ThirdParty:1030 - CMSIS Pack Vendor :STMicroelectronics STM32_WPAN 1.0.0
2025-08-21 21:25:33,660 [INFO] ThirdParty:1030 - CMSIS Pack Vendor :EmbeddedOffice I-CUBE-FS-RTOS 1.0.1
2025-08-21 21:25:33,660 [INFO] ThirdParty:1030 - CMSIS Pack Vendor :STMicroelectronics lwIP 2.0.3
2025-08-21 21:25:33,660 [INFO] ThirdParty:1030 - CMSIS Pack Vendor :Cesanta I-CUBE-Mongoose 7.13.0
2025-08-21 21:25:33,660 [INFO] ThirdParty:1030 - CMSIS Pack Vendor :STMicroelectronics USB_HOST 1.0.0
2025-08-21 21:25:33,660 [INFO] ThirdParty:1030 - CMSIS Pack Vendor :Infineon AIROC-Wi-Fi-Bluetooth-STM32 1.7.1
2025-08-21 21:25:33,660 [INFO] ThirdParty:1030 - CMSIS Pack Vendor :STMicroelectronics X-CUBE-AZRTOS-G4 2.0.0
2025-08-21 21:25:33,660 [INFO] ThirdParty:1030 - CMSIS Pack Vendor :STMicroelectronics X-CUBE-WB05N 2.0.0
2025-08-21 21:25:33,660 [INFO] ThirdParty:1030 - CMSIS Pack Vendor :STMicroelectronics PDM2PCM 3.1.0
2025-08-21 21:25:33,660 [INFO] ThirdParty:1030 - CMSIS Pack Vendor :STMicroelectronics PDM2PCM 3.3.0
2025-08-21 21:25:33,660 [INFO] ThirdParty:1030 - CMSIS Pack Vendor :wolfSSL I-CUBE-wolfTPM 3.8.0
2025-08-21 21:25:33,660 [INFO] ThirdParty:1030 - CMSIS Pack Vendor :STMicroelectronics X-CUBE-AZRTOS-H7 3.4.0
2025-08-21 21:25:33,660 [INFO] ThirdParty:1030 - CMSIS Pack Vendor :STMicroelectronics X-CUBE-DISPLAY 3.0.0
2025-08-21 21:25:33,660 [INFO] ThirdParty:1030 - CMSIS Pack Vendor :wolfSSL I-CUBE-wolfSSH 1.4.20
2025-08-21 21:25:33,660 [INFO] ThirdParty:1030 - CMSIS Pack Vendor :STMicroelectronics X-CUBE-NFC7 2.0.0
2025-08-21 21:25:33,660 [INFO] ThirdParty:1030 - CMSIS Pack Vendor :STMicroelectronics X-CUBE-TCPP 4.2.0
2025-08-21 21:25:33,660 [INFO] ThirdParty:1030 - CMSIS Pack Vendor :RealThread X-CUBE-RT-Thread_Nano 4.1.1
2025-08-21 21:25:33,660 [INFO] ThirdParty:1030 - CMSIS Pack Vendor :STMicroelectronics FP-ATR-SIGFOX1 3.2.0
2025-08-21 21:25:33,660 [INFO] ThirdParty:1030 - CMSIS Pack Vendor :STMicroelectronics X-CUBE-NFC10 1.0.0
2025-08-21 21:25:33,660 [INFO] ThirdParty:1030 - CMSIS Pack Vendor :STMicroelectronics X-CUBE-FREERTOS 1.3.1
2025-08-21 21:25:33,660 [INFO] ThirdParty:1030 - CMSIS Pack Vendor :STMicroelectronics HAL Drivers 0.0.0
2025-08-21 21:25:33,660 [INFO] ThirdParty:1030 - CMSIS Pack Vendor :STMicroelectronics MBEDTLS 2.16.2
2025-08-21 21:25:33,660 [INFO] ThirdParty:1030 - CMSIS Pack Vendor :STMicroelectronics X-CUBE-IPS 3.1.0
2025-08-21 21:25:33,660 [INFO] ThirdParty:1030 - CMSIS Pack Vendor :STMicroelectronics X-CUBE-ALS 1.0.2
2025-08-21 21:25:33,660 [INFO] ThirdParty:1030 - CMSIS Pack Vendor :emotas I-CUBE-CANOPEN 1.3.0
2025-08-21 21:25:33,660 [INFO] ThirdParty:1030 - CMSIS Pack Vendor :STMicroelectronics MBEDTLS 2.14.1
2025-08-21 21:25:33,660 [INFO] ThirdParty:1030 - CMSIS Pack Vendor :ITTIA_DB I-CUBE-ITTIADB 8.9.0
2025-08-21 21:25:33,660 [INFO] ThirdParty:1030 - CMSIS Pack Vendor :portGmbH I-Cube-SoM-uGOAL 1.1.0
2025-08-21 21:25:33,660 [INFO] ThirdParty:1030 - CMSIS Pack Vendor :STMicroelectronics X-CUBE-ST67W61 1.0.0
2025-08-21 21:25:33,660 [INFO] ThirdParty:1030 - CMSIS Pack Vendor :STMicroelectronics FP-SNS-STBOX1 2.1.0
2025-08-21 21:25:33,660 [INFO] ThirdParty:1030 - CMSIS Pack Vendor :STMicroelectronics X-CUBE-AI 10.2.0
2025-08-21 21:25:33,660 [INFO] ThirdParty:1030 - CMSIS Pack Vendor :STMicroelectronics FP-SNS-STAIOTCFT 1.0.0
2025-08-21 21:25:33,660 [INFO] ThirdParty:1030 - CMSIS Pack Vendor :STMicroelectronics ThreadX 1.0.0
2025-08-21 21:25:33,660 [INFO] ThirdParty:1030 - CMSIS Pack Vendor :STMicroelectronics FP-SNS-SMARTAG2 1.2.0
2025-08-21 21:25:33,660 [INFO] ThirdParty:1030 - CMSIS Pack Vendor :STMicroelectronics FP-SNS-FLIGHT1 5.1.0
2025-08-21 21:25:33,660 [INFO] ThirdParty:1030 - CMSIS Pack Vendor :STMicroelectronics X-CUBE-AZRTOS-WL 2.0.0
2025-08-21 21:25:33,660 [INFO] ThirdParty:1030 - CMSIS Pack Vendor :SEGGER I-CUBE-embOS 1.3.1
2025-08-21 21:25:33,660 [INFO] ThirdParty:1030 - CMSIS Pack Vendor :STMicroelectronics X-CUBE-ALGOBUILD 1.4.0
2025-08-21 21:25:33,660 [INFO] ThirdParty:1030 - CMSIS Pack Vendor :STMicroelectronics X-CUBE-DPower 1.3.0
2025-08-21 21:25:33,660 [INFO] ThirdParty:1030 - CMSIS Pack Vendor :STMicroelectronics X-CUBE-MEMS1 11.3.0
2025-08-21 21:25:33,660 [INFO] ThirdParty:1030 - CMSIS Pack Vendor :STMicroelectronics FP-SNS-MOTENV1 5.0.0
2025-08-21 21:25:33,660 [INFO] ThirdParty:1030 - CMSIS Pack Vendor :STMicroelectronics USB_DEVICE 1.0.0
2025-08-21 21:25:33,660 [INFO] ThirdParty:1030 - CMSIS Pack Vendor :STMicroelectronics X-CUBE-AZRTOS-L4 2.0.0
2025-08-21 21:25:33,660 [INFO] ThirdParty:1030 - CMSIS Pack Vendor :STMicroelectronics ThreadX 0.0.2
2025-08-21 21:25:33,660 [INFO] ThirdParty:1030 - CMSIS Pack Vendor :WES I-CUBE-Cesium 1.3.0
2025-08-21 21:25:33,660 [INFO] ThirdParty:1030 - CMSIS Pack Vendor :STMicroelectronics lwIP 2.1.2
2025-08-21 21:25:33,660 [INFO] ThirdParty:1030 - CMSIS Pack Vendor :STMicroelectronics X-CUBE-SFXS2LP1 4.0.0
2025-08-21 21:25:33,661 [INFO] ThirdParty:1030 - CMSIS Pack Vendor :STMicroelectronics X-CUBE-BLE2 3.3.0
2025-08-21 21:25:33,661 [INFO] ThirdParty:1030 - CMSIS Pack Vendor :STMicroelectronics X-CUBE-TOF1 3.4.3
2025-08-21 21:25:33,661 [INFO] ThirdParty:1030 - CMSIS Pack Vendor :STMicroelectronics PDM2PCM 3.2.0
2025-08-21 21:25:33,661 [INFO] ThirdParty:841 - exiting critical section [change project]
2025-08-21 21:25:34,106 [INFO] PinOutPanel:1589 - setPackage(No Configuration,No Configuration)
2025-08-21 21:25:34,107 [INFO] PinOutPanel:1589 - setPackage(STM32N657X0HxQ,VFBGA264)
2025-08-21 21:25:35,022 [INFO] UtilMem:75 - Before build in PCC Used Memory: 580913144 Bytes (817889280)
2025-08-21 21:25:35,791 [INFO] UtilMem:75 - After build in PCC Used Memory: 661127160 Bytes (817889280)
2025-08-21 21:25:35,834 [INFO] IPUIPlugin:80 - create IPUIPlugin
2025-08-21 21:25:35,834 [INFO] IPUIPlugin:80 - create IPUIPlugin
2025-08-21 21:25:35,834 [INFO] IPUIPlugin:80 - create IPUIPlugin
2025-08-21 21:25:35,834 [INFO] IPUIPlugin:80 - create IPUIPlugin
2025-08-21 21:25:35,834 [INFO] IPUIPlugin:80 - create IPUIPlugin
2025-08-21 21:25:35,834 [INFO] IPUIPlugin:80 - create IPUIPlugin
2025-08-21 21:25:35,834 [INFO] IPUIPlugin:80 - create IPUIPlugin
2025-08-21 21:25:35,834 [INFO] IPUIPlugin:80 - create IPUIPlugin
2025-08-21 21:25:35,834 [INFO] IPUIPlugin:80 - create IPUIPlugin
2025-08-21 21:25:35,835 [INFO] IPUIPlugin:80 - create IPUIPlugin
2025-08-21 21:25:35,835 [INFO] IPUIPlugin:80 - create IPUIPlugin
2025-08-21 21:25:35,835 [INFO] IPUIPlugin:80 - create IPUIPlugin
2025-08-21 21:25:35,835 [INFO] IPUIPlugin:80 - create IPUIPlugin
2025-08-21 21:25:35,835 [INFO] IPUIPlugin:80 - create IPUIPlugin
2025-08-21 21:25:35,835 [INFO] IPUIPlugin:80 - create IPUIPlugin
2025-08-21 21:25:35,835 [INFO] IPUIPlugin:80 - create IPUIPlugin
2025-08-21 21:25:35,835 [INFO] IPUIPlugin:80 - create IPUIPlugin
2025-08-21 21:25:35,835 [INFO] IPUIPlugin:80 - create IPUIPlugin
2025-08-21 21:25:35,836 [INFO] IPUIPlugin:80 - create IPUIPlugin
2025-08-21 21:25:35,836 [INFO] IPUIPlugin:80 - create IPUIPlugin
2025-08-21 21:25:35,836 [INFO] IPUIPlugin:80 - create IPUIPlugin
2025-08-21 21:25:35,836 [INFO] IPUIPlugin:80 - create IPUIPlugin
2025-08-21 21:25:35,836 [INFO] IPUIPlugin:80 - create IPUIPlugin
2025-08-21 21:25:35,836 [INFO] IPUIPlugin:80 - create IPUIPlugin
2025-08-21 21:25:35,836 [INFO] IPUIPlugin:80 - create IPUIPlugin
2025-08-21 21:25:35,836 [INFO] IPUIPlugin:80 - create IPUIPlugin
2025-08-21 21:25:35,836 [INFO] IPUIPlugin:80 - create IPUIPlugin
2025-08-21 21:25:35,836 [INFO] IPUIPlugin:80 - create IPUIPlugin
2025-08-21 21:25:35,836 [INFO] IPUIPlugin:80 - create IPUIPlugin
2025-08-21 21:25:35,836 [INFO] IPUIPlugin:80 - create IPUIPlugin
2025-08-21 21:25:35,837 [INFO] IPUIPlugin:80 - create IPUIPlugin
2025-08-21 21:25:35,837 [INFO] IPUIPlugin:80 - create IPUIPlugin
2025-08-21 21:25:35,837 [INFO] IPUIPlugin:80 - create IPUIPlugin
2025-08-21 21:25:35,837 [INFO] IPUIPlugin:80 - create IPUIPlugin
2025-08-21 21:25:35,837 [INFO] IPUIPlugin:80 - create IPUIPlugin
2025-08-21 21:25:35,837 [INFO] IPUIPlugin:80 - create IPUIPlugin
2025-08-21 21:25:35,837 [INFO] IPUIPlugin:80 - create IPUIPlugin
2025-08-21 21:25:35,837 [INFO] IPUIPlugin:80 - create IPUIPlugin
2025-08-21 21:25:35,837 [INFO] IPUIPlugin:80 - create IPUIPlugin
2025-08-21 21:25:35,837 [INFO] IPUIPlugin:80 - create IPUIPlugin
2025-08-21 21:25:35,837 [INFO] IPUIPlugin:80 - create IPUIPlugin
2025-08-21 21:25:35,837 [INFO] IPUIPlugin:80 - create IPUIPlugin
2025-08-21 21:25:35,837 [INFO] IPUIPlugin:80 - create IPUIPlugin
2025-08-21 21:25:35,837 [INFO] IPUIPlugin:80 - create IPUIPlugin
2025-08-21 21:25:35,838 [INFO] IPUIPlugin:80 - create IPUIPlugin
2025-08-21 21:25:35,838 [INFO] IPUIPlugin:80 - create IPUIPlugin
2025-08-21 21:25:35,838 [INFO] IPUIPlugin:80 - create IPUIPlugin
2025-08-21 21:25:35,838 [INFO] IPUIPlugin:80 - create IPUIPlugin
2025-08-21 21:25:35,838 [INFO] IPUIPlugin:80 - create IPUIPlugin
2025-08-21 21:25:35,838 [INFO] IPUIPlugin:80 - create IPUIPlugin
2025-08-21 21:25:35,838 [INFO] IPUIPlugin:80 - create IPUIPlugin
2025-08-21 21:25:35,839 [INFO] IPUIPlugin:80 - create IPUIPlugin
2025-08-21 21:25:35,839 [INFO] IPUIPlugin:80 - create IPUIPlugin
2025-08-21 21:25:35,839 [INFO] IPUIPlugin:80 - create IPUIPlugin
2025-08-21 21:25:35,839 [INFO] IPUIPlugin:80 - create IPUIPlugin
2025-08-21 21:25:35,839 [INFO] IPUIPlugin:80 - create IPUIPlugin
2025-08-21 21:25:35,839 [INFO] IPUIPlugin:80 - create IPUIPlugin
2025-08-21 21:25:35,840 [INFO] IPUIPlugin:80 - create IPUIPlugin
2025-08-21 21:25:35,840 [INFO] IPUIPlugin:80 - create IPUIPlugin
2025-08-21 21:25:35,840 [INFO] IPUIPlugin:80 - create IPUIPlugin
2025-08-21 21:25:35,840 [INFO] IPUIPlugin:80 - create IPUIPlugin
2025-08-21 21:25:35,840 [INFO] IPUIPlugin:80 - create IPUIPlugin
2025-08-21 21:25:35,841 [INFO] IPUIPlugin:80 - create IPUIPlugin
2025-08-21 21:25:35,841 [INFO] IPUIPlugin:80 - create IPUIPlugin
2025-08-21 21:25:35,841 [INFO] IPUIPlugin:80 - create IPUIPlugin
2025-08-21 21:25:35,841 [INFO] IPUIPlugin:80 - create IPUIPlugin
2025-08-21 21:25:35,841 [INFO] IPUIPlugin:80 - create IPUIPlugin
2025-08-21 21:25:35,842 [INFO] IPUIPlugin:80 - create IPUIPlugin
2025-08-21 21:25:35,842 [INFO] IPUIPlugin:80 - create IPUIPlugin
2025-08-21 21:25:35,842 [INFO] IPUIPlugin:80 - create IPUIPlugin
2025-08-21 21:25:35,842 [INFO] IPUIPlugin:80 - create IPUIPlugin
2025-08-21 21:25:35,842 [INFO] IPUIPlugin:80 - create IPUIPlugin
2025-08-21 21:25:35,843 [INFO] IPUIPlugin:80 - create IPUIPlugin
2025-08-21 21:25:35,843 [INFO] IPUIPlugin:80 - create IPUIPlugin
2025-08-21 21:25:35,843 [INFO] IPUIPlugin:80 - create IPUIPlugin
2025-08-21 21:25:35,843 [INFO] IPUIPlugin:80 - create IPUIPlugin
2025-08-21 21:25:35,843 [INFO] IPUIPlugin:80 - create IPUIPlugin
2025-08-21 21:25:35,843 [INFO] IPUIPlugin:80 - create IPUIPlugin
2025-08-21 21:25:35,845 [INFO] IPUIPlugin:80 - create IPUIPlugin
2025-08-21 21:25:35,845 [INFO] IPUIPlugin:80 - create IPUIPlugin
2025-08-21 21:25:35,845 [INFO] IPUIPlugin:80 - create IPUIPlugin
2025-08-21 21:25:35,845 [INFO] IPUIPlugin:80 - create IPUIPlugin
2025-08-21 21:25:35,845 [INFO] IPUIPlugin:80 - create IPUIPlugin
2025-08-21 21:25:35,845 [INFO] IPUIPlugin:80 - create IPUIPlugin
2025-08-21 21:25:35,845 [INFO] IPUIPlugin:80 - create IPUIPlugin
2025-08-21 21:25:35,845 [INFO] IPUIPlugin:80 - create IPUIPlugin
2025-08-21 21:25:35,845 [INFO] IPUIPlugin:80 - create IPUIPlugin
2025-08-21 21:25:35,847 [INFO] IPUIPlugin:80 - create IPUIPlugin
2025-08-21 21:25:35,847 [INFO] IPUIPlugin:80 - create IPUIPlugin
2025-08-21 21:25:35,847 [INFO] IPUIPlugin:80 - create IPUIPlugin
2025-08-21 21:25:35,847 [INFO] IPUIPlugin:80 - create IPUIPlugin
2025-08-21 21:25:35,848 [INFO] IPUIPlugin:80 - create IPUIPlugin
2025-08-21 21:25:35,848 [INFO] IPUIPlugin:80 - create IPUIPlugin
2025-08-21 21:25:35,848 [INFO] IPUIPlugin:80 - create IPUIPlugin
2025-08-21 21:25:35,848 [INFO] IPUIPlugin:80 - create IPUIPlugin
2025-08-21 21:25:35,849 [INFO] IPUIPlugin:80 - create IPUIPlugin
2025-08-21 21:25:35,849 [INFO] IPUIPlugin:80 - create IPUIPlugin
2025-08-21 21:25:35,849 [INFO] IPUIPlugin:80 - create IPUIPlugin
2025-08-21 21:25:35,849 [INFO] IPUIPlugin:80 - create IPUIPlugin
2025-08-21 21:25:35,849 [INFO] IPUIPlugin:80 - create IPUIPlugin
2025-08-21 21:25:35,850 [INFO] IPUIPlugin:80 - create IPUIPlugin
2025-08-21 21:25:35,850 [INFO] IPUIPlugin:80 - create IPUIPlugin
2025-08-21 21:25:35,850 [INFO] IPUIPlugin:80 - create IPUIPlugin
2025-08-21 21:25:35,850 [INFO] IPUIPlugin:80 - create IPUIPlugin
2025-08-21 21:25:35,851 [INFO] IPUIPlugin:80 - create IPUIPlugin
2025-08-21 21:25:35,851 [INFO] IPUIPlugin:80 - create IPUIPlugin
2025-08-21 21:25:35,851 [INFO] IPUIPlugin:80 - create IPUIPlugin
2025-08-21 21:25:35,851 [INFO] IPUIPlugin:80 - create IPUIPlugin
2025-08-21 21:25:35,852 [INFO] IPUIPlugin:80 - create IPUIPlugin
2025-08-21 21:25:35,852 [INFO] IPUIPlugin:80 - create IPUIPlugin
2025-08-21 21:25:35,852 [INFO] IPUIPlugin:80 - create IPUIPlugin
2025-08-21 21:25:35,852 [INFO] IPUIPlugin:80 - create IPUIPlugin
2025-08-21 21:25:35,853 [INFO] IPUIPlugin:80 - create IPUIPlugin
2025-08-21 21:25:35,853 [INFO] IPUIPlugin:80 - create IPUIPlugin
2025-08-21 21:25:35,853 [INFO] IPUIPlugin:80 - create IPUIPlugin
2025-08-21 21:25:35,854 [INFO] IPUIPlugin:80 - create IPUIPlugin
2025-08-21 21:25:35,854 [INFO] IPUIPlugin:80 - create IPUIPlugin
2025-08-21 21:25:35,854 [INFO] IPUIPlugin:80 - create IPUIPlugin
2025-08-21 21:25:35,855 [INFO] IPUIPlugin:80 - create IPUIPlugin
2025-08-21 21:25:35,855 [INFO] IPUIPlugin:80 - create IPUIPlugin
2025-08-21 21:25:35,855 [INFO] IPUIPlugin:80 - create IPUIPlugin
2025-08-21 21:25:35,856 [INFO] IPUIPlugin:80 - create IPUIPlugin
2025-08-21 21:25:35,856 [INFO] IPUIPlugin:80 - create IPUIPlugin
2025-08-21 21:25:35,857 [INFO] IPUIPlugin:80 - create IPUIPlugin
2025-08-21 21:25:35,857 [INFO] IPUIPlugin:80 - create IPUIPlugin
2025-08-21 21:25:35,857 [INFO] IPUIPlugin:80 - create IPUIPlugin
2025-08-21 21:25:35,858 [INFO] IPUIPlugin:80 - create IPUIPlugin
2025-08-21 21:25:35,858 [INFO] IPUIPlugin:80 - create IPUIPlugin
2025-08-21 21:25:35,858 [INFO] IPUIPlugin:80 - create IPUIPlugin
2025-08-21 21:25:35,859 [INFO] IPUIPlugin:80 - create IPUIPlugin
2025-08-21 21:25:35,859 [INFO] IPUIPlugin:80 - create IPUIPlugin
2025-08-21 21:25:35,860 [INFO] IPUIPlugin:80 - create IPUIPlugin
2025-08-21 21:25:36,284 [INFO] ServerAccessManage:452 - Complete download http(s) 200
2025-08-21 21:25:36,284 [INFO] ServerAccessManage:509 - Download File 
2025-08-21 21:25:36,287 [INFO] LoadUrlFilesThread:185 - End of LoadServerUrlFiles without Thread
2025-08-21 21:25:36,299 [INFO] AI:982 - onDisable adding AI com.st.microxplorer.plugins.ip.ai.AI@2396ca34 on STMicroelectronics.X-CUBE-AI.10.2.0_Appli
2025-08-21 21:25:36,309 [WARN] IP:2250 - RefParam_XIP_memory not found: check if there is a RefParameter without a condition.
2025-08-21 21:25:36,309 [WARN] IP:2250 - RefParam_MEMORY_1_Size not found: check if there is a RefParameter without a condition.
2025-08-21 21:25:36,309 [WARN] IP:2250 - RefParam_MEMORY_1_FreqMax not found: check if there is a RefParameter without a condition.
2025-08-21 21:25:36,309 [WARN] IP:2250 - RefParam_MEMORY_1_ReadReg not found: check if there is a RefParameter without a condition.
2025-08-21 21:25:36,309 [WARN] IP:2250 - RefParam_MEMORY_1_WriteReg not found: check if there is a RefParameter without a condition.
2025-08-21 21:25:36,309 [WARN] IP:2250 - RefParam_MEMORY_1_RegSize not found: check if there is a RefParameter without a condition.
2025-08-21 21:25:36,309 [WARN] IP:2250 - RefParam_MEMORY_1_RegDummyCycle not found: check if there is a RefParameter without a condition.
2025-08-21 21:25:36,309 [WARN] IP:2250 - RefParam_MEMORY_1_WriteCommand not found: check if there is a RefParameter without a condition.
2025-08-21 21:25:36,309 [WARN] IP:2250 - RefParam_MEMORY_1_WriteDummyCycle not found: check if there is a RefParameter without a condition.
2025-08-21 21:25:36,309 [WARN] IP:2250 - RefParam_MEMORY_1_ReadCommand not found: check if there is a RefParameter without a condition.
2025-08-21 21:25:36,309 [WARN] IP:2250 - RefParam_MEMORY_1_WrapReadCommand not found: check if there is a RefParameter without a condition.
2025-08-21 21:25:36,309 [WARN] IP:2250 - RefParam_MEMORY_1_ReadDummyCycle not found: check if there is a RefParameter without a condition.
2025-08-21 21:25:36,309 [WARN] IP:2250 - RefParam_MEMORY_1_NumberOfConfig not found: check if there is a RefParameter without a condition.
2025-08-21 21:25:36,309 [WARN] IP:2250 - RefParam_MEMORY_1_Config1_WriteMask not found: check if there is a RefParameter without a condition.
2025-08-21 21:25:36,309 [WARN] IP:2250 - RefParam_MEMORY_1_Config1_WriteValue not found: check if there is a RefParameter without a condition.
2025-08-21 21:25:36,309 [WARN] IP:2250 - RefParam_MEMORY_1_Config1_RegAddress not found: check if there is a RefParameter without a condition.
2025-08-21 21:25:36,310 [WARN] IP:2250 - RefParam_MEMORY_1_Config2_WriteMask not found: check if there is a RefParameter without a condition.
2025-08-21 21:25:36,310 [WARN] IP:2250 - RefParam_MEMORY_1_Config2_WriteValue not found: check if there is a RefParameter without a condition.
2025-08-21 21:25:36,310 [WARN] IP:2250 - RefParam_MEMORY_1_Config2_RegAddress not found: check if there is a RefParameter without a condition.
2025-08-21 21:25:36,310 [WARN] IP:2250 - RefParam_MEMORY_1_Config3_WriteMask not found: check if there is a RefParameter without a condition.
2025-08-21 21:25:36,310 [WARN] IP:2250 - RefParam_MEMORY_1_Config3_WriteValue not found: check if there is a RefParameter without a condition.
2025-08-21 21:25:36,310 [WARN] IP:2250 - RefParam_MEMORY_1_Config3_RegAddress not found: check if there is a RefParameter without a condition.
2025-08-21 21:25:36,310 [WARN] IP:2250 - RefParam_MEMORY_2_Instance not found: check if there is a RefParameter without a condition.
2025-08-21 21:25:36,310 [WARN] IP:2250 - RefParam_MEMORY_2_ConfigType not found: check if there is a RefParameter without a condition.
2025-08-21 21:25:36,310 [WARN] IP:2250 - RefParam_MEMORY_2_Size not found: check if there is a RefParameter without a condition.
2025-08-21 21:25:36,310 [WARN] IP:2250 - RefParam_MEMORY_2_FreqMax not found: check if there is a RefParameter without a condition.
2025-08-21 21:25:36,310 [WARN] IP:2250 - RefParam_MEMORY_2_ReadReg not found: check if there is a RefParameter without a condition.
2025-08-21 21:25:36,310 [WARN] IP:2250 - RefParam_MEMORY_2_WriteReg not found: check if there is a RefParameter without a condition.
2025-08-21 21:25:36,310 [WARN] IP:2250 - RefParam_MEMORY_2_RegSize not found: check if there is a RefParameter without a condition.
2025-08-21 21:25:36,310 [WARN] IP:2250 - RefParam_MEMORY_2_RegDummyCycle not found: check if there is a RefParameter without a condition.
2025-08-21 21:25:36,310 [WARN] IP:2250 - RefParam_MEMORY_2_WriteCommand not found: check if there is a RefParameter without a condition.
2025-08-21 21:25:36,310 [WARN] IP:2250 - RefParam_MEMORY_2_WriteDummyCycle not found: check if there is a RefParameter without a condition.
2025-08-21 21:25:36,310 [WARN] IP:2250 - RefParam_MEMORY_2_ReadCommand not found: check if there is a RefParameter without a condition.
2025-08-21 21:25:36,310 [WARN] IP:2250 - RefParam_MEMORY_2_WrapReadCommand not found: check if there is a RefParameter without a condition.
2025-08-21 21:25:36,310 [WARN] IP:2250 - RefParam_MEMORY_2_ReadDummyCycle not found: check if there is a RefParameter without a condition.
2025-08-21 21:25:36,310 [WARN] IP:2250 - RefParam_MEMORY_2_NumberOfConfig not found: check if there is a RefParameter without a condition.
2025-08-21 21:25:36,310 [WARN] IP:2250 - RefParam_MEMORY_2_Config1_WriteMask not found: check if there is a RefParameter without a condition.
2025-08-21 21:25:36,310 [WARN] IP:2250 - RefParam_MEMORY_2_Config1_WriteValue not found: check if there is a RefParameter without a condition.
2025-08-21 21:25:36,310 [WARN] IP:2250 - RefParam_MEMORY_2_Config1_RegAddress not found: check if there is a RefParameter without a condition.
2025-08-21 21:25:36,310 [WARN] IP:2250 - RefParam_MEMORY_2_Config2_WriteMask not found: check if there is a RefParameter without a condition.
2025-08-21 21:25:36,310 [WARN] IP:2250 - RefParam_MEMORY_2_Config2_WriteValue not found: check if there is a RefParameter without a condition.
2025-08-21 21:25:36,310 [WARN] IP:2250 - RefParam_MEMORY_2_Config2_RegAddress not found: check if there is a RefParameter without a condition.
2025-08-21 21:25:36,310 [WARN] IP:2250 - RefParam_MEMORY_2_Config3_WriteMask not found: check if there is a RefParameter without a condition.
2025-08-21 21:25:36,310 [WARN] IP:2250 - RefParam_MEMORY_2_Config3_WriteValue not found: check if there is a RefParameter without a condition.
2025-08-21 21:25:36,310 [WARN] IP:2250 - RefParam_MEMORY_2_Config3_RegAddress not found: check if there is a RefParameter without a condition.
2025-08-21 21:25:36,585 [INFO] CADModel:165 - CPN selected for project levelSTM32N657X0H3Q
2025-08-21 21:25:36,585 [INFO] CADModel:114 - Register for checkConnection events
2025-08-21 21:25:37,114 [ERROR] Context:921 - The IP LTDC is not set in context FSBL
2025-08-21 21:25:37,115 [ERROR] Context:921 - The IP LTDC is not set in context Appli
2025-08-21 21:25:37,115 [ERROR] Context:921 - The IP LTDC is not set in context ExtMemLoader
2025-08-21 21:25:37,652 [ERROR] Context:921 - The IP PWR is not set in context FSBL
2025-08-21 21:25:37,653 [ERROR] Context:921 - The IP PWR is not set in context Appli
2025-08-21 21:25:37,653 [ERROR] Context:921 - The IP PWR is not set in context ExtMemLoader
2025-08-21 21:25:37,950 [ERROR] Context:921 - The IP RTC is not set in context FSBL
2025-08-21 21:25:37,951 [ERROR] Context:921 - The IP RTC is not set in context Appli
2025-08-21 21:25:37,951 [ERROR] Context:921 - The IP RTC is not set in context ExtMemLoader
2025-08-21 21:25:38,345 [INFO] OpenFileManager:386 - Restore cursor
2025-08-21 21:25:38,577 [WARN] IP:2250 - RefParam_XIP_memory not found: check if there is a RefParameter without a condition.
2025-08-21 21:25:38,577 [WARN] IP:2250 - RefParam_MEMORY_1_Size not found: check if there is a RefParameter without a condition.
2025-08-21 21:25:38,577 [WARN] IP:2250 - RefParam_MEMORY_1_FreqMax not found: check if there is a RefParameter without a condition.
2025-08-21 21:25:38,577 [WARN] IP:2250 - RefParam_MEMORY_1_ReadReg not found: check if there is a RefParameter without a condition.
2025-08-21 21:25:38,577 [WARN] IP:2250 - RefParam_MEMORY_1_WriteReg not found: check if there is a RefParameter without a condition.
2025-08-21 21:25:38,577 [WARN] IP:2250 - RefParam_MEMORY_1_RegSize not found: check if there is a RefParameter without a condition.
2025-08-21 21:25:38,577 [WARN] IP:2250 - RefParam_MEMORY_1_RegDummyCycle not found: check if there is a RefParameter without a condition.
2025-08-21 21:25:38,577 [WARN] IP:2250 - RefParam_MEMORY_1_WriteCommand not found: check if there is a RefParameter without a condition.
2025-08-21 21:25:38,577 [WARN] IP:2250 - RefParam_MEMORY_1_WriteDummyCycle not found: check if there is a RefParameter without a condition.
2025-08-21 21:25:38,577 [WARN] IP:2250 - RefParam_MEMORY_1_ReadCommand not found: check if there is a RefParameter without a condition.
2025-08-21 21:25:38,577 [WARN] IP:2250 - RefParam_MEMORY_1_WrapReadCommand not found: check if there is a RefParameter without a condition.
2025-08-21 21:25:38,577 [WARN] IP:2250 - RefParam_MEMORY_1_ReadDummyCycle not found: check if there is a RefParameter without a condition.
2025-08-21 21:25:38,577 [WARN] IP:2250 - RefParam_MEMORY_1_NumberOfConfig not found: check if there is a RefParameter without a condition.
2025-08-21 21:25:38,577 [WARN] IP:2250 - RefParam_MEMORY_1_Config1_WriteMask not found: check if there is a RefParameter without a condition.
2025-08-21 21:25:38,577 [WARN] IP:2250 - RefParam_MEMORY_1_Config1_WriteValue not found: check if there is a RefParameter without a condition.
2025-08-21 21:25:38,577 [WARN] IP:2250 - RefParam_MEMORY_1_Config1_RegAddress not found: check if there is a RefParameter without a condition.
2025-08-21 21:25:38,577 [WARN] IP:2250 - RefParam_MEMORY_1_Config2_WriteMask not found: check if there is a RefParameter without a condition.
2025-08-21 21:25:38,577 [WARN] IP:2250 - RefParam_MEMORY_1_Config2_WriteValue not found: check if there is a RefParameter without a condition.
2025-08-21 21:25:38,577 [WARN] IP:2250 - RefParam_MEMORY_1_Config2_RegAddress not found: check if there is a RefParameter without a condition.
2025-08-21 21:25:38,577 [WARN] IP:2250 - RefParam_MEMORY_1_Config3_WriteMask not found: check if there is a RefParameter without a condition.
2025-08-21 21:25:38,577 [WARN] IP:2250 - RefParam_MEMORY_1_Config3_WriteValue not found: check if there is a RefParameter without a condition.
2025-08-21 21:25:38,577 [WARN] IP:2250 - RefParam_MEMORY_1_Config3_RegAddress not found: check if there is a RefParameter without a condition.
2025-08-21 21:25:38,578 [WARN] IP:2250 - RefParam_MEMORY_2_Instance not found: check if there is a RefParameter without a condition.
2025-08-21 21:25:38,578 [WARN] IP:2250 - RefParam_MEMORY_2_ConfigType not found: check if there is a RefParameter without a condition.
2025-08-21 21:25:38,578 [WARN] IP:2250 - RefParam_MEMORY_2_Size not found: check if there is a RefParameter without a condition.
2025-08-21 21:25:38,578 [WARN] IP:2250 - RefParam_MEMORY_2_FreqMax not found: check if there is a RefParameter without a condition.
2025-08-21 21:25:38,578 [WARN] IP:2250 - RefParam_MEMORY_2_ReadReg not found: check if there is a RefParameter without a condition.
2025-08-21 21:25:38,578 [WARN] IP:2250 - RefParam_MEMORY_2_WriteReg not found: check if there is a RefParameter without a condition.
2025-08-21 21:25:38,578 [WARN] IP:2250 - RefParam_MEMORY_2_RegSize not found: check if there is a RefParameter without a condition.
2025-08-21 21:25:38,578 [WARN] IP:2250 - RefParam_MEMORY_2_RegDummyCycle not found: check if there is a RefParameter without a condition.
2025-08-21 21:25:38,578 [WARN] IP:2250 - RefParam_MEMORY_2_WriteCommand not found: check if there is a RefParameter without a condition.
2025-08-21 21:25:38,578 [WARN] IP:2250 - RefParam_MEMORY_2_WriteDummyCycle not found: check if there is a RefParameter without a condition.
2025-08-21 21:25:38,578 [WARN] IP:2250 - RefParam_MEMORY_2_ReadCommand not found: check if there is a RefParameter without a condition.
2025-08-21 21:25:38,578 [WARN] IP:2250 - RefParam_MEMORY_2_WrapReadCommand not found: check if there is a RefParameter without a condition.
2025-08-21 21:25:38,578 [WARN] IP:2250 - RefParam_MEMORY_2_ReadDummyCycle not found: check if there is a RefParameter without a condition.
2025-08-21 21:25:38,578 [WARN] IP:2250 - RefParam_MEMORY_2_NumberOfConfig not found: check if there is a RefParameter without a condition.
2025-08-21 21:25:38,578 [WARN] IP:2250 - RefParam_MEMORY_2_Config1_WriteMask not found: check if there is a RefParameter without a condition.
2025-08-21 21:25:38,578 [WARN] IP:2250 - RefParam_MEMORY_2_Config1_WriteValue not found: check if there is a RefParameter without a condition.
2025-08-21 21:25:38,578 [WARN] IP:2250 - RefParam_MEMORY_2_Config1_RegAddress not found: check if there is a RefParameter without a condition.
2025-08-21 21:25:38,578 [WARN] IP:2250 - RefParam_MEMORY_2_Config2_WriteMask not found: check if there is a RefParameter without a condition.
2025-08-21 21:25:38,578 [WARN] IP:2250 - RefParam_MEMORY_2_Config2_WriteValue not found: check if there is a RefParameter without a condition.
2025-08-21 21:25:38,578 [WARN] IP:2250 - RefParam_MEMORY_2_Config2_RegAddress not found: check if there is a RefParameter without a condition.
2025-08-21 21:25:38,578 [WARN] IP:2250 - RefParam_MEMORY_2_Config3_WriteMask not found: check if there is a RefParameter without a condition.
2025-08-21 21:25:38,578 [WARN] IP:2250 - RefParam_MEMORY_2_Config3_WriteValue not found: check if there is a RefParameter without a condition.
2025-08-21 21:25:38,578 [WARN] IP:2250 - RefParam_MEMORY_2_Config3_RegAddress not found: check if there is a RefParameter without a condition.
2025-08-21 21:25:39,093 [INFO] AIMainUI:1270 - Restoring parameters from IP...
2025-08-21 21:25:39,093 [INFO] AIMainUI:1393 - No old model detected
2025-08-21 21:25:39,283 [INFO] AInterface:116 - AInterface using toolDir: C:/Users/ZOJOLDRI/STM32Cube/Repository/Packs/STMicroelectronics/X-CUBE-AI/10.2.0/Utilities/windows
2025-08-21 21:25:39,290 [INFO] AIModelDetailledView:2380 - Analysis status: -
2025-08-21 21:25:39,291 [INFO] AIModelDetailledView:929 - Selected model: Keras
2025-08-21 21:25:39,372 [INFO] AIModelDetailledView:2380 - Analysis status: done
2025-08-21 21:26:03,261 [INFO] AI:955 - getUI adding AI com.st.microxplorer.plugins.ip.ai.AI@2396ca34 on STMicroelectronics.X-CUBE-AI.10.2.0_Appli
2025-08-21 21:26:03,301 [INFO] BoardParameter:100 - Parameter not set IP=RCC name=PWR_Regulator_Voltage_Scale id=null desired value=PWR_REGULATOR_VOLTAGE_SCALE1 actual valuePWR_REGULATOR_VOLTAGE_SCALE0
2025-08-21 21:26:05,566 [INFO] AInterface:116 - AInterface using toolDir: C:/Users/ZOJOLDRI/STM32Cube/Repository/Packs/STMicroelectronics/X-CUBE-AI/10.2.0/Utilities/windows
2025-08-21 21:26:05,603 [INFO] AIModelDetailledView:2380 - Analysis status: -
2025-08-21 21:26:05,603 [INFO] AIModelDetailledView:929 - Selected model: Keras
2025-08-21 22:13:09,068 [INFO] AIModelDetailledView:2380 - Analysis status: -
2025-08-21 22:44:23,444 [INFO] ParamManager:905 - [Generic UI] PropertyChangeEvent: TAB_STATUS_CHANGED , "dont care", "never mind"
2025-08-21 22:44:28,928 [INFO] ParamManager:905 - [Generic UI] PropertyChangeEvent: TAB_STATUS_CHANGED , "dont care", "never mind"
2025-08-21 22:44:35,468 [INFO] AI:955 - getUI adding AI com.st.microxplorer.plugins.ip.ai.AI@2396ca34 on STMicroelectronics.X-CUBE-AI.10.2.0_Appli
2025-08-21 22:45:03,513 [INFO] AInterface:259 - ModelName:network; files:[C:\Users\ZOJOLDRI\OneDrive - Carl Zeiss AG\Dokumente\Zeiss\SMT\Bachelor\AB Encoder Model\AB_Encoder_Synthetic_Data\lstm_ab_encoder.h5]; type:Keras; compression:None
2025-08-21 22:45:03,514 [INFO] AInterface:526 - workspaceTempDir: C:/Users/ZOJOLDRI/AppData/Local/Temp/mxAI_workspace4319561070580010454681404327096840
2025-08-21 22:45:03,514 [INFO] AInterface:1176 - Setting Env: C:/Users/ZOJOLDRI/STM32Cube/Repository/Packs/STMicroelectronics/X-CUBE-AI/10.2.0/Utilities/windows
2025-08-21 22:45:03,617 [INFO] STM32CubeIDEBuilder:265 - Looking for gnu-tools-for-stm32 tools/bin/arm-none-eabi-gcc.exe in C:\ST\STM32CubeIDE_1.19.0\STM32CubeIDE
2025-08-21 22:45:03,619 [INFO] STM32CubeIDEBuilder:294 - checking C:\ST\STM32CubeIDE_1.19.0\STM32CubeIDE\plugins\com.st.stm32cube.ide.mcu.externaltools.gnu-tools-for-stm32.13.3.rel1.win32_1.0.0.202411081344\tools\bin\arm-none-eabi-gcc.exe
2025-08-21 22:45:03,620 [INFO] STM32CubeIDEBuilder:297 - ret=C:\ST\STM32CubeIDE_1.19.0\STM32CubeIDE\plugins\com.st.stm32cube.ide.mcu.externaltools.gnu-tools-for-stm32.13.3.rel1.win32_1.0.0.202411081344\tools\bin\arm-none-eabi-gcc.exe
2025-08-21 22:45:03,620 [INFO] STM32CubeIDEBuilder:311 - returning C:\ST\STM32CubeIDE_1.19.0\STM32CubeIDE\plugins\com.st.stm32cube.ide.mcu.externaltools.gnu-tools-for-stm32.13.3.rel1.win32_1.0.0.202411081344\tools\bin\arm-none-eabi-gcc.exe
2025-08-21 22:45:03,620 [INFO] AInterface:1233 - Custom PATH variable: C:/Users/ZOJOLDRI/STM32Cube/Repository/Packs/STMicroelectronics/X-CUBE-AI/10.2.0/Utilities/windows;C:/Users/ZOJOLDRI/STM32Cube/Repository/Packs/STMicroelectronics/X-CUBE-AI/10.2.0/Utilities/windows/mingw64/bin;C:/Users/ZOJOLDRI/STM32Cube/Repository/Packs/STMicroelectronics/X-CUBE-AI/10.2.0/Utilities/windows/mingw64/libexec/gcc/x86_64-w64-mingw32/7.3.0;;C:\ST\STM32CubeIDE_1.19.0\STM32CubeIDE\plugins\com.st.stm32cube.ide.mcu.externaltools.gnu-tools-for-stm32.13.3.rel1.win32_1.0.0.202411081344\tools\bin
2025-08-21 22:45:03,626 [INFO] CmdLine:115 - Command: C:/Users/ZOJOLDRI/STM32Cube/Repository/Packs/STMicroelectronics/X-CUBE-AI/10.2.0/Utilities/windows/stedgeai.exe analyze --target stm32n6 --name network -m C:/Users/ZOJOLDRI/OneDrive - Carl Zeiss AG/Dokumente/Zeiss/SMT/Bachelor/AB Encoder Model/AB_Encoder_Synthetic_Data/lstm_ab_encoder.h5 --compression none --verbosity 1 --workspace C:/Users/ZOJOLDRI/AppData/Local/Temp/mxAI_workspace4319561070580010454681404327096840 --output C:/Users/ZOJOLDRI/.stm32cubemx/network_output
2025-08-21 22:45:03,631 [INFO] AIModelDetailledView:2380 - Analysis status: pending
2025-08-21 22:45:13,193 [INFO] CmdLine:76 - ST Edge AI Core v2.2.0-20266 2adc00962
2025-08-21 22:46:37,976 [INFO] CmdLine:76 - Creating c (debug) info json file C:\Users\ZOJOLDRI\.stm32cubemx\network_output\network_c_info.json
2025-08-21 22:46:38,009 [INFO] CmdLine:76 -  
2025-08-21 22:46:38,009 [INFO] CmdLine:76 -  Exec/report summary (analyze)
2025-08-21 22:46:38,009 [INFO] CmdLine:76 -  ---------------------------------------------------------------------------------------------------------------------------------------------------------------
2025-08-21 22:46:38,009 [INFO] CmdLine:76 -  model file         :   C:\Users\ZOJOLDRI\OneDrive - Carl Zeiss AG\Dokumente\Zeiss\SMT\Bachelor\AB Encoder Model\AB_Encoder_Synthetic_Data\lstm_ab_encoder.h5   
2025-08-21 22:46:38,009 [INFO] CmdLine:76 -  type               :   keras                                                                                                                                   
2025-08-21 22:46:38,009 [INFO] CmdLine:76 -  c_name             :   network                                                                                                                                 
2025-08-21 22:46:38,009 [INFO] CmdLine:76 -  compression        :   none                                                                                                                                    
2025-08-21 22:46:38,009 [INFO] CmdLine:76 -  options            :   allocate-inputs, allocate-outputs                                                                                                       
2025-08-21 22:46:38,009 [INFO] CmdLine:76 -  optimization       :   balanced                                                                                                                                
2025-08-21 22:46:38,009 [INFO] CmdLine:76 -  target/series      :   stm32n6                                                                                                                                 
2025-08-21 22:46:38,009 [INFO] CmdLine:76 -  workspace dir      :   C:\Users\ZOJOLDRI\AppData\Local\Temp\mxAI_workspace4319561070580010454681404327096840                                                   
2025-08-21 22:46:38,009 [INFO] CmdLine:76 -  output dir         :   C:\Users\ZOJOLDRI\.stm32cubemx\network_output                                                                                           
2025-08-21 22:46:38,009 [INFO] CmdLine:76 -  model_fmt          :   float                                                                                                                                   
2025-08-21 22:46:38,009 [INFO] CmdLine:76 -  model_name         :   lstm_ab_encoder                                                                                                                         
2025-08-21 22:46:38,009 [INFO] CmdLine:76 -  model_hash         :   0x5ac8addba7fdaf54ff3af57cdca4acc0                                                                                                      
2025-08-21 22:46:38,009 [INFO] CmdLine:76 -  params #           :   6,100 items (23.83 KiB)                                                                                                                 
2025-08-21 22:46:38,009 [INFO] CmdLine:76 -  ---------------------------------------------------------------------------------------------------------------------------------------------------------------
2025-08-21 22:46:38,009 [INFO] CmdLine:76 -  input 1/1          :   'input_0', f32(1x20x10), 800 Bytes, activations                                                                                         
2025-08-21 22:46:38,009 [INFO] CmdLine:76 -  output 1/1         :   'output', f32(1x4), 16 Bytes, activations                                                                                               
2025-08-21 22:46:38,009 [INFO] CmdLine:76 -  macc               :   111,392                                                                                                                                 
2025-08-21 22:46:38,009 [INFO] CmdLine:76 -  weights (ro)       :   24,784 B (24.20 KiB) (1 segment) / +384(+1.6%) vs float model                                                                           
2025-08-21 22:46:38,018 [INFO] CmdLine:76 -  activations (rw)   :   1,824 B (1.78 KiB) (1 segment) *                                                                                                        
2025-08-21 22:46:38,018 [INFO] CmdLine:76 -  ram (total)        :   1,824 B (1.78 KiB) = 1,824 + 0 + 0                                                                                                      
2025-08-21 22:46:38,018 [INFO] CmdLine:76 -  ---------------------------------------------------------------------------------------------------------------------------------------------------------------
2025-08-21 22:46:38,018 [INFO] CmdLine:76 -  (*) 'input'/'output' buffers are allocated in the activations buffer
2025-08-21 22:46:38,018 [INFO] CmdLine:76 - Computing AI RT data/code size (target=stm32n6)..
2025-08-21 22:46:44,235 [INFO] CmdLine:76 -  Model name - lstm_ab_encoder
2025-08-21 22:46:44,235 [INFO] CmdLine:76 -  ------ ----------------------- ----------------- -------------- --------- ---------------
2025-08-21 22:46:44,235 [INFO] CmdLine:76 -  m_id   layer (original)        oshape            param/size          macc    connected to
2025-08-21 22:46:44,235 [INFO] CmdLine:76 -  ------ ----------------------- ----------------- -------------- --------- ---------------
2025-08-21 22:46:44,236 [INFO] CmdLine:76 -  0      input_0 (None)          [b:1,h:20,c:10]
2025-08-21 22:46:44,236 [INFO] CmdLine:76 -         lstm_1 (LSTM)           [b:1,c:32]        5,504/22,016     110,720         input_0
2025-08-21 22:46:44,236 [INFO] CmdLine:76 -  ------ ----------------------- ----------------- -------------- --------- ---------------
2025-08-21 22:46:44,236 [INFO] CmdLine:76 -  2      dense_1_dense (Dense)   [b:1,c:16]        528/2,112            528          lstm_1
2025-08-21 22:46:44,236 [INFO] CmdLine:76 -         dense_1 (Dense)         [b:1,c:16]                              16   dense_1_dense
2025-08-21 22:46:44,237 [INFO] CmdLine:76 -  ------ ----------------------- ----------------- -------------- --------- ---------------
2025-08-21 22:46:44,237 [INFO] CmdLine:76 -  4      output_dense (Dense)    [b:1,c:4]         68/272                68         dense_1
2025-08-21 22:46:44,237 [INFO] CmdLine:76 -         output (Dense)          [b:1,c:4]                               60    output_dense
2025-08-21 22:46:44,237 [INFO] CmdLine:76 -  ------ ----------------------- ----------------- -------------- --------- ---------------
2025-08-21 22:46:44,237 [INFO] CmdLine:76 -  model: macc=111,392 weights=24,400 activations=-- io=--
2025-08-21 22:46:44,237 [INFO] CmdLine:76 -  Number of operations per c-layer
2025-08-21 22:46:44,238 [INFO] CmdLine:76 -  ------- ------ ------------------------ --------- --------------
2025-08-21 22:46:44,238 [INFO] CmdLine:76 -  c_id    m_id   name (type)                    #op           type
2025-08-21 22:46:44,238 [INFO] CmdLine:76 -  ------- ------ ------------------------ --------- --------------
2025-08-21 22:46:44,238 [INFO] CmdLine:76 -  0       0      lstm_1 (LSTM)              110,720   smul_f32_f32
2025-08-21 22:46:44,238 [INFO] CmdLine:76 -  1       2      dense_1_dense (Dense)          528   smul_f32_f32
2025-08-21 22:46:44,240 [INFO] CmdLine:76 -  2       2      dense_1 (Nonlinearity)          16     op_f32_f32
2025-08-21 22:46:44,240 [INFO] CmdLine:76 -  3       4      output_dense (Dense)            68   smul_f32_f32
2025-08-21 22:46:44,240 [INFO] CmdLine:76 -  4       4      output (Nonlinearity)           60     op_f32_f32
2025-08-21 22:46:44,240 [INFO] CmdLine:76 -  ------- ------ ------------------------ --------- --------------
2025-08-21 22:46:44,240 [INFO] CmdLine:76 -  total                                     111,392
2025-08-21 22:46:44,241 [INFO] CmdLine:76 -  Number of operation types
2025-08-21 22:46:44,241 [INFO] CmdLine:76 -  ---------------- --------- -----------
2025-08-21 22:46:44,241 [INFO] CmdLine:76 -  operation type           #           %
2025-08-21 22:46:44,241 [INFO] CmdLine:76 -  ---------------- --------- -----------
2025-08-21 22:46:44,241 [INFO] CmdLine:76 -  smul_f32_f32       111,316       99.9%
2025-08-21 22:46:44,241 [INFO] CmdLine:76 -  op_f32_f32              76        0.1%
2025-08-21 22:46:44,241 [INFO] CmdLine:76 -  Complexity report (model)
2025-08-21 22:46:44,241 [INFO] CmdLine:76 -  ------ --------------- ------------------------- ------------------------- --------
2025-08-21 22:46:44,242 [INFO] CmdLine:76 -  m_id   name            c_macc                    c_rom                     c_id
2025-08-21 22:46:44,242 [INFO] CmdLine:76 -  ------ --------------- ------------------------- ------------------------- --------
2025-08-21 22:46:44,242 [INFO] CmdLine:76 -  0      input_0         ||||||||||||||||  99.4%   ||||||||||||||||  90.4%   [0]
2025-08-21 22:46:44,242 [INFO] CmdLine:76 -  2      dense_1_dense   |                  0.5%   ||                 8.5%   [1, 2]
2025-08-21 22:46:44,242 [INFO] CmdLine:76 -  4      output_dense    |                  0.1%   |                  1.1%   [3, 4]
2025-08-21 22:46:44,242 [INFO] CmdLine:76 -  ------ --------------- ------------------------- ------------------------- --------
2025-08-21 22:46:44,243 [INFO] CmdLine:76 -  macc=111,392 weights=24,784 act=1,824 ram_io=0
2025-08-21 22:46:44,243 [INFO] CmdLine:76 -  Requested memory size by section - "stm32n6" target
2025-08-21 22:46:44,243 [INFO] CmdLine:76 -  ------------------------------- -------- -------- ------- -------
2025-08-21 22:46:44,243 [INFO] CmdLine:76 -  module                              text   rodata    data     bss
2025-08-21 22:46:44,243 [INFO] CmdLine:76 -  ------------------------------- -------- -------- ------- -------
2025-08-21 22:46:44,243 [INFO] CmdLine:76 -  NetworkRuntime1020_CM55_GCC.a     15,800       32       0       0
2025-08-21 22:46:44,244 [INFO] CmdLine:76 -  network.o                            596       40   1,888     136
2025-08-21 22:46:44,244 [INFO] CmdLine:76 -  network_data.o                        48       16      88       0
2025-08-21 22:46:44,244 [INFO] CmdLine:76 -  lib (toolchain)*                   1,132      340       0       0
2025-08-21 22:46:44,247 [INFO] CmdLine:76 -  ------------------------------- -------- -------- ------- -------
2025-08-21 22:46:44,247 [INFO] CmdLine:76 -  RT total**                        17,576      428   1,976     136
2025-08-21 22:46:44,247 [INFO] CmdLine:76 -  ------------------------------- -------- -------- ------- -------
2025-08-21 22:46:44,248 [INFO] CmdLine:76 -  weights                                0   24,784       0       0
2025-08-21 22:46:44,248 [INFO] CmdLine:76 -  activations                            0        0       0   1,824
2025-08-21 22:46:44,248 [INFO] CmdLine:76 -  io                                     0        0       0       0
2025-08-21 22:46:44,248 [INFO] CmdLine:76 -  ------------------------------- -------- -------- ------- -------
2025-08-21 22:46:44,248 [INFO] CmdLine:76 -  TOTAL                             17,576   25,212   1,976   1,960
2025-08-21 22:46:44,248 [INFO] CmdLine:76 -  ------------------------------- -------- -------- ------- -------
2025-08-21 22:46:44,248 [INFO] CmdLine:76 -  *  toolchain objects (libm/libgcc*)
2025-08-21 22:46:44,248 [INFO] CmdLine:76 -  ** RT AI runtime objects (kernels+infrastructure)
2025-08-21 22:46:44,249 [INFO] CmdLine:76 -   Summary - "stm32n6" target
2025-08-21 22:46:44,249 [INFO] CmdLine:76 -   ---------------------------------------------------
2025-08-21 22:46:44,249 [INFO] CmdLine:76 -                FLASH (ro)      %*   RAM (rw)       %
2025-08-21 22:46:44,249 [INFO] CmdLine:76 -   ---------------------------------------------------
2025-08-21 22:46:44,249 [INFO] CmdLine:76 -   RT total         19,980   44.6%      2,112   53.7%
2025-08-21 22:46:44,249 [INFO] CmdLine:76 -   ---------------------------------------------------
2025-08-21 22:46:44,249 [INFO] CmdLine:76 -   TOTAL            44,764              3,936
2025-08-21 22:46:44,249 [INFO] CmdLine:76 -   ---------------------------------------------------
2025-08-21 22:46:44,250 [INFO] CmdLine:76 -   *  rt/total
2025-08-21 22:46:44,250 [INFO] CmdLine:76 - Creating txt report file C:\Users\ZOJOLDRI\.stm32cubemx\network_output\network_analyze_report.txt
2025-08-21 22:46:48,038 [INFO] CmdLine:76 - elapsed time (analyze): 94.844s
2025-08-21 22:46:48,408 [INFO] CmdLine:148 - stedgeai exit with status: 0
2025-08-21 22:46:48,421 [INFO] AIModelDetailledView:1184 - Model file:      lstm_ab_encoder.h5
2025-08-21 22:46:48,422 [INFO] AIModelDetailledView:1184 - Total Flash:     44764 B (43.71 KiB)
2025-08-21 22:46:48,422 [INFO] AIModelDetailledView:1184 -     Weights:     24784 B (24.20 KiB)
2025-08-21 22:46:48,422 [INFO] AIModelDetailledView:1184 -     Library:     19980 B (19.51 KiB)
2025-08-21 22:46:48,423 [INFO] AIModelDetailledView:1184 - Total Ram:       3936 B (3.84 KiB)
2025-08-21 22:46:48,423 [INFO] AIModelDetailledView:1184 -     Activations: 1824 B (1.78 KiB)
2025-08-21 22:46:48,423 [INFO] AIModelDetailledView:1184 -     Library:     2112 B (2.06 KiB)
2025-08-21 22:46:48,423 [INFO] AIModelDetailledView:1184 -     Input:       800 B (included in Activations)
2025-08-21 22:46:48,424 [INFO] AIModelDetailledView:1184 -     Output:      16 B (included in Activations)
2025-08-21 22:46:48,424 [INFO] AIModelDetailledView:1184 - Done
2025-08-21 22:46:48,424 [INFO] AIModelDetailledView:2715 - Analyze complete on AI model
2025-08-21 22:46:48,552 [INFO] AIModelDetailledView:2380 - Analysis status: done
2025-08-21 22:48:58,929 [INFO] UtilMem:75 - End SaveConfig() Used Memory: 488307176 Bytes (1073741824)
2025-08-21 22:48:59,445 [ERROR] LogOutputStream:75 - [STDERR_REDIRECT] Exception in thread "AWT-EventQueue-0" java.lang.ClassCastException: class javax.swing.SwingUtilities$SharedOwnerFrame cannot be cast to class com.st.microxplorer.maingui.MainFrame (javax.swing.SwingUtilities$SharedOwnerFrame is in module java.desktop of loader 'bootstrap'; com.st.microxplorer.maingui.MainFrame is in unnamed module of loader org.eclipse.osgi.internal.loader.EquinoxClassLoader @2e1add6f)
2025-08-21 22:48:59,446 [ERROR] LogOutputStream:75 - [STDERR_REDIRECT] 	at com.st.microxplorer.plugins.ip.ai.model.AIAdvancedSettingsData.saveSettings(AIAdvancedSettingsData.java:655)
2025-08-21 22:48:59,447 [ERROR] LogOutputStream:75 - [STDERR_REDIRECT] 	at com.st.microxplorer.plugins.ip.ai.model.AIAdvancedSettingsData.cmdSaveSettings(AIAdvancedSettingsData.java:527)
2025-08-21 22:48:59,448 [ERROR] LogOutputStream:75 - [STDERR_REDIRECT] 	at com.st.microxplorer.plugins.ip.ai.gui.AIModelDetailledView.saveData(AIModelDetailledView.java:500)
2025-08-21 22:48:59,449 [ERROR] LogOutputStream:75 - [STDERR_REDIRECT] 	at com.st.microxplorer.plugins.ip.ai.gui.AIMainUI.saveModelDataNeededForGeneration(AIMainUI.java:912)
2025-08-21 22:48:59,449 [ERROR] LogOutputStream:75 - [STDERR_REDIRECT] 	at com.st.microxplorer.plugins.ip.ai.gui.AITopWindow.saveModelsData(AITopWindow.java:239)
2025-08-21 22:48:59,450 [ERROR] LogOutputStream:75 - [STDERR_REDIRECT] 	at com.st.microxplorer.plugins.ip.ai.AI.propertyChange(AI.java:1654)
2025-08-21 22:48:59,450 [ERROR] LogOutputStream:75 - [STDERR_REDIRECT] 	at java.desktop/java.beans.PropertyChangeSupport.fire(PropertyChangeSupport.java:343)
2025-08-21 22:48:59,451 [ERROR] LogOutputStream:75 - [STDERR_REDIRECT] 	at java.desktop/java.beans.PropertyChangeSupport.firePropertyChange(PropertyChangeSupport.java:335)
2025-08-21 22:48:59,451 [ERROR] LogOutputStream:75 - [STDERR_REDIRECT] 	at java.desktop/java.beans.PropertyChangeSupport.firePropertyChange(PropertyChangeSupport.java:268)
2025-08-21 22:48:59,452 [ERROR] LogOutputStream:75 - [STDERR_REDIRECT] 	at com.st.microxplorer.util.MXPropertyChangeSupport.firePropertyChange(MXPropertyChangeSupport.java:54)
2025-08-21 22:48:59,453 [ERROR] LogOutputStream:75 - [STDERR_REDIRECT] 	at com.st.microxplorer.mxsystem.MxSystem.completeSaveConfig(MxSystem.java:843)
2025-08-21 22:48:59,454 [ERROR] LogOutputStream:75 - [STDERR_REDIRECT] 	at com.st.microxplorer.plugins.filemanager.engine.SaveFileManager.saveConfiguration(SaveFileManager.java:125)
2025-08-21 22:48:59,455 [ERROR] LogOutputStream:75 - [STDERR_REDIRECT] 	at com.st.microxplorer.plugins.filemanager.engine.MainFileManager.userSaveConfig(MainFileManager.java:482)
2025-08-21 22:48:59,456 [ERROR] LogOutputStream:75 - [STDERR_REDIRECT] 	at com.st.microxplorer.plugins.filemanager.FileManagerView.getSpecificTask(FileManagerView.java:280)
2025-08-21 22:48:59,457 [ERROR] LogOutputStream:75 - [STDERR_REDIRECT] 	at com.st.stm32cube.common.mx.editor.CubeMxEditor$9.run(CubeMxEditor.java:690)
2025-08-21 22:48:59,458 [ERROR] LogOutputStream:75 - [STDERR_REDIRECT] 	at com.st.stm32cube.common.mx.oss.core.awtswtbridge.AwtEnvironment$2.run(AwtEnvironment.java:166)
2025-08-21 22:48:59,458 [ERROR] LogOutputStream:75 - [STDERR_REDIRECT] 	at java.desktop/java.awt.event.InvocationEvent.dispatch(InvocationEvent.java:318)
2025-08-21 22:48:59,459 [ERROR] LogOutputStream:75 - [STDERR_REDIRECT] 	at java.desktop/java.awt.EventQueue.dispatchEventImpl(EventQueue.java:773)
2025-08-21 22:48:59,460 [ERROR] LogOutputStream:75 - [STDERR_REDIRECT] 	at java.desktop/java.awt.EventQueue$4.run(EventQueue.java:720)
2025-08-21 22:48:59,461 [ERROR] LogOutputStream:75 - [STDERR_REDIRECT] 	at java.desktop/java.awt.EventQueue$4.run(EventQueue.java:714)
2025-08-21 22:48:59,461 [ERROR] LogOutputStream:75 - [STDERR_REDIRECT] 	at java.base/java.security.AccessController.doPrivileged(AccessController.java:400)
2025-08-21 22:48:59,462 [ERROR] LogOutputStream:75 - [STDERR_REDIRECT] 	at java.base/java.security.ProtectionDomain$JavaSecurityAccessImpl.doIntersectionPrivilege(ProtectionDomain.java:87)
2025-08-21 22:48:59,462 [ERROR] LogOutputStream:75 - [STDERR_REDIRECT] 	at java.desktop/java.awt.EventQueue.dispatchEvent(EventQueue.java:742)
2025-08-21 22:48:59,463 [ERROR] LogOutputStream:75 - [STDERR_REDIRECT] 	at java.desktop/java.awt.EventDispatchThread.pumpOneEventForFilters(EventDispatchThread.java:203)
2025-08-21 22:48:59,464 [ERROR] LogOutputStream:75 - [STDERR_REDIRECT] 	at java.desktop/java.awt.EventDispatchThread.pumpEventsForFilter(EventDispatchThread.java:124)
2025-08-21 22:48:59,465 [ERROR] LogOutputStream:75 - [STDERR_REDIRECT] 	at java.desktop/java.awt.EventDispatchThread.pumpEventsForHierarchy(EventDispatchThread.java:113)
2025-08-21 22:48:59,465 [ERROR] LogOutputStream:75 - [STDERR_REDIRECT] 	at java.desktop/java.awt.EventDispatchThread.pumpEvents(EventDispatchThread.java:109)
2025-08-21 22:48:59,466 [ERROR] LogOutputStream:75 - [STDERR_REDIRECT] 	at java.desktop/java.awt.EventDispatchThread.pumpEvents(EventDispatchThread.java:101)
2025-08-21 22:48:59,467 [ERROR] LogOutputStream:75 - [STDERR_REDIRECT] 	at java.desktop/java.awt.EventDispatchThread.run(EventDispatchThread.java:90)
2025-08-21 22:49:00,156 [ERROR] IocParser:95 - Exception caught: Cannot invoke "java.lang.CharSequence.length()" because "this.text" is null
2025-08-21 22:50:34,514 [INFO] UtilMem:75 - End SaveConfig() Used Memory: 655724072 Bytes (1073741824)
2025-08-21 22:50:35,478 [ERROR] IocParser:95 - Exception caught: Cannot invoke "java.lang.CharSequence.length()" because "this.text" is null
2025-08-21 22:50:35,961 [INFO] UtilMem:75 - End SaveConfig() Used Memory: 793609768 Bytes (1073741824)
2025-08-21 22:50:38,638 [INFO] UtilMem:75 - End SaveConfig() Used Memory: 468087336 Bytes (1073741824)
2025-08-21 22:50:39,456 [ERROR] IocParser:95 - Exception caught: Cannot invoke "java.lang.CharSequence.length()" because "this.text" is null
2025-08-21 22:50:39,540 [INFO] ProjectBuilder:2395 - IP not ready for code generation: STMicroelectronics.X-CUBE-AI.10.2.0_Appli
2025-08-21 22:50:50,017 [WARN] IP:2250 - RefParam_XIP_memory not found: check if there is a RefParameter without a condition.
2025-08-21 22:50:50,017 [WARN] IP:2250 - RefParam_MEMORY_1_Size not found: check if there is a RefParameter without a condition.
2025-08-21 22:50:50,017 [WARN] IP:2250 - RefParam_MEMORY_1_FreqMax not found: check if there is a RefParameter without a condition.
2025-08-21 22:50:50,017 [WARN] IP:2250 - RefParam_MEMORY_1_ReadReg not found: check if there is a RefParameter without a condition.
2025-08-21 22:50:50,017 [WARN] IP:2250 - RefParam_MEMORY_1_WriteReg not found: check if there is a RefParameter without a condition.
2025-08-21 22:50:50,017 [WARN] IP:2250 - RefParam_MEMORY_1_RegSize not found: check if there is a RefParameter without a condition.
2025-08-21 22:50:50,017 [WARN] IP:2250 - RefParam_MEMORY_1_RegDummyCycle not found: check if there is a RefParameter without a condition.
2025-08-21 22:50:50,017 [WARN] IP:2250 - RefParam_MEMORY_1_WriteCommand not found: check if there is a RefParameter without a condition.
2025-08-21 22:50:50,017 [WARN] IP:2250 - RefParam_MEMORY_1_WriteDummyCycle not found: check if there is a RefParameter without a condition.
2025-08-21 22:50:50,017 [WARN] IP:2250 - RefParam_MEMORY_1_ReadCommand not found: check if there is a RefParameter without a condition.
2025-08-21 22:50:50,017 [WARN] IP:2250 - RefParam_MEMORY_1_WrapReadCommand not found: check if there is a RefParameter without a condition.
2025-08-21 22:50:50,017 [WARN] IP:2250 - RefParam_MEMORY_1_ReadDummyCycle not found: check if there is a RefParameter without a condition.
2025-08-21 22:50:50,017 [WARN] IP:2250 - RefParam_MEMORY_1_NumberOfConfig not found: check if there is a RefParameter without a condition.
2025-08-21 22:50:50,017 [WARN] IP:2250 - RefParam_MEMORY_1_Config1_WriteMask not found: check if there is a RefParameter without a condition.
2025-08-21 22:50:50,017 [WARN] IP:2250 - RefParam_MEMORY_1_Config1_WriteValue not found: check if there is a RefParameter without a condition.
2025-08-21 22:50:50,017 [WARN] IP:2250 - RefParam_MEMORY_1_Config1_RegAddress not found: check if there is a RefParameter without a condition.
2025-08-21 22:50:50,017 [WARN] IP:2250 - RefParam_MEMORY_1_Config2_WriteMask not found: check if there is a RefParameter without a condition.
2025-08-21 22:50:50,017 [WARN] IP:2250 - RefParam_MEMORY_1_Config2_WriteValue not found: check if there is a RefParameter without a condition.
2025-08-21 22:50:50,017 [WARN] IP:2250 - RefParam_MEMORY_1_Config2_RegAddress not found: check if there is a RefParameter without a condition.
2025-08-21 22:50:50,017 [WARN] IP:2250 - RefParam_MEMORY_1_Config3_WriteMask not found: check if there is a RefParameter without a condition.
2025-08-21 22:50:50,017 [WARN] IP:2250 - RefParam_MEMORY_1_Config3_WriteValue not found: check if there is a RefParameter without a condition.
2025-08-21 22:50:50,017 [WARN] IP:2250 - RefParam_MEMORY_1_Config3_RegAddress not found: check if there is a RefParameter without a condition.
2025-08-21 22:50:50,017 [WARN] IP:2250 - RefParam_MEMORY_2_Instance not found: check if there is a RefParameter without a condition.
2025-08-21 22:50:50,017 [WARN] IP:2250 - RefParam_MEMORY_2_ConfigType not found: check if there is a RefParameter without a condition.
2025-08-21 22:50:50,017 [WARN] IP:2250 - RefParam_MEMORY_2_Size not found: check if there is a RefParameter without a condition.
2025-08-21 22:50:50,017 [WARN] IP:2250 - RefParam_MEMORY_2_FreqMax not found: check if there is a RefParameter without a condition.
2025-08-21 22:50:50,017 [WARN] IP:2250 - RefParam_MEMORY_2_ReadReg not found: check if there is a RefParameter without a condition.
2025-08-21 22:50:50,017 [WARN] IP:2250 - RefParam_MEMORY_2_WriteReg not found: check if there is a RefParameter without a condition.
2025-08-21 22:50:50,017 [WARN] IP:2250 - RefParam_MEMORY_2_RegSize not found: check if there is a RefParameter without a condition.
2025-08-21 22:50:50,017 [WARN] IP:2250 - RefParam_MEMORY_2_RegDummyCycle not found: check if there is a RefParameter without a condition.
2025-08-21 22:50:50,017 [WARN] IP:2250 - RefParam_MEMORY_2_WriteCommand not found: check if there is a RefParameter without a condition.
2025-08-21 22:50:50,017 [WARN] IP:2250 - RefParam_MEMORY_2_WriteDummyCycle not found: check if there is a RefParameter without a condition.
2025-08-21 22:50:50,017 [WARN] IP:2250 - RefParam_MEMORY_2_ReadCommand not found: check if there is a RefParameter without a condition.
2025-08-21 22:50:50,017 [WARN] IP:2250 - RefParam_MEMORY_2_WrapReadCommand not found: check if there is a RefParameter without a condition.
2025-08-21 22:50:50,017 [WARN] IP:2250 - RefParam_MEMORY_2_ReadDummyCycle not found: check if there is a RefParameter without a condition.
2025-08-21 22:50:50,017 [WARN] IP:2250 - RefParam_MEMORY_2_NumberOfConfig not found: check if there is a RefParameter without a condition.
2025-08-21 22:50:50,017 [WARN] IP:2250 - RefParam_MEMORY_2_Config1_WriteMask not found: check if there is a RefParameter without a condition.
2025-08-21 22:50:50,018 [WARN] IP:2250 - RefParam_MEMORY_2_Config1_WriteValue not found: check if there is a RefParameter without a condition.
2025-08-21 22:50:50,018 [WARN] IP:2250 - RefParam_MEMORY_2_Config1_RegAddress not found: check if there is a RefParameter without a condition.
2025-08-21 22:50:50,018 [WARN] IP:2250 - RefParam_MEMORY_2_Config2_WriteMask not found: check if there is a RefParameter without a condition.
2025-08-21 22:50:50,018 [WARN] IP:2250 - RefParam_MEMORY_2_Config2_WriteValue not found: check if there is a RefParameter without a condition.
2025-08-21 22:50:50,018 [WARN] IP:2250 - RefParam_MEMORY_2_Config2_RegAddress not found: check if there is a RefParameter without a condition.
2025-08-21 22:50:50,018 [WARN] IP:2250 - RefParam_MEMORY_2_Config3_WriteMask not found: check if there is a RefParameter without a condition.
2025-08-21 22:50:50,018 [WARN] IP:2250 - RefParam_MEMORY_2_Config3_WriteValue not found: check if there is a RefParameter without a condition.
2025-08-21 22:50:50,018 [WARN] IP:2250 - RefParam_MEMORY_2_Config3_RegAddress not found: check if there is a RefParameter without a condition.
2025-08-21 22:50:50,227 [INFO] AI:955 - getUI adding AI com.st.microxplorer.plugins.ip.ai.AI@2396ca34 on STMicroelectronics.X-CUBE-AI.10.2.0_Appli
2025-08-21 22:51:16,302 [INFO] UtilMem:75 - End SaveConfig() Used Memory: 802088328 Bytes (1073741824)
2025-08-21 22:51:16,802 [INFO] ProjectBuilder:2395 - IP not ready for code generation: STMicroelectronics.X-CUBE-AI.10.2.0_Appli
2025-08-21 22:51:17,459 [ERROR] IocParser:95 - Exception caught: Cannot invoke "java.lang.CharSequence.length()" because "this.text" is null
2025-08-21 22:51:37,258 [INFO] UtilMem:75 - End SaveConfig() Used Memory: 899395736 Bytes (1073741824)
2025-08-21 22:51:38,242 [ERROR] IocParser:95 - Exception caught: Cannot invoke "java.lang.CharSequence.length()" because "this.text" is null
2025-08-21 22:51:38,376 [INFO] UtilMem:75 - End SaveConfig() Used Memory: 985378968 Bytes (1073741824)
2025-08-21 22:51:39,490 [INFO] UtilMem:75 - End SaveConfig() Used Memory: 650750608 Bytes (1073741824)
2025-08-21 22:51:39,945 [INFO] BlockDiagram:2775 - set Specific Code input for plugin: EXTMEM_MANAGER
2025-08-21 22:51:39,945 [INFO] BlockDiagram:2775 - set Specific Code input for plugin: RAMCFG
2025-08-21 22:51:39,945 [INFO] BlockDiagram:2775 - set Specific Code input for plugin: RCC
2025-08-21 22:51:39,945 [INFO] BlockDiagram:2775 - set Specific Code input for plugin: CORTEX_M55_FSBL
2025-08-21 22:51:39,945 [INFO] BlockDiagram:2775 - set Specific Code input for plugin: XSPIM
2025-08-21 22:51:39,945 [INFO] BlockDiagram:2775 - set Specific Code input for plugin: STMicroelectronics.X-CUBE-AI.10.2.0
2025-08-21 22:51:39,945 [INFO] BlockDiagram:2775 - set Specific Code input for plugin: XSPI
2025-08-21 22:51:39,945 [INFO] BlockDiagram:2775 - set Specific Code input for plugin: NUCLEO-N657X0-Q
2025-08-21 22:51:39,945 [INFO] BlockDiagram:2775 - set Specific Code input for plugin: TIM6_7N6
2025-08-21 22:51:39,945 [INFO] BlockDiagram:2775 - set Specific Code input for plugin: TIM1_8N6
2025-08-21 22:51:39,945 [INFO] BlockDiagram:2775 - set Specific Code input for plugin: CACHEAXI
2025-08-21 22:51:39,945 [INFO] BlockDiagram:2775 - set Specific Code input for plugin: BSEC
2025-08-21 22:51:39,945 [INFO] BlockDiagram:2775 - set Specific Code input for plugin: LPUART
2025-08-21 22:51:39,945 [INFO] BlockDiagram:2775 - set Specific Code input for plugin: NVIC
2025-08-21 22:51:39,945 [INFO] BlockDiagram:2775 - set Specific Code input for plugin: GPIO
2025-08-21 22:51:39,945 [INFO] BlockDiagram:2775 - set Specific Code input for plugin: RIF
2025-08-21 22:51:39,945 [INFO] BlockDiagram:2775 - set Specific Code input for plugin: NVIC1
2025-08-21 22:51:39,945 [INFO] CodeGenerator:892 - code generatio: config db path: C:\ST\STM32CubeIDE_1.19.0\STM32CubeIDE\plugins\com.st.stm32cube.common.mx_6.15.0.202507011659\\db\
2025-08-21 22:51:39,972 [WARN] IP:2250 - RefParam_XIP_memory not found: check if there is a RefParameter without a condition.
2025-08-21 22:51:39,972 [WARN] IP:2250 - RefParam_MEMORY_1_Size not found: check if there is a RefParameter without a condition.
2025-08-21 22:51:39,972 [WARN] IP:2250 - RefParam_MEMORY_1_FreqMax not found: check if there is a RefParameter without a condition.
2025-08-21 22:51:39,972 [WARN] IP:2250 - RefParam_MEMORY_1_ReadReg not found: check if there is a RefParameter without a condition.
2025-08-21 22:51:39,972 [WARN] IP:2250 - RefParam_MEMORY_1_WriteReg not found: check if there is a RefParameter without a condition.
2025-08-21 22:51:39,972 [WARN] IP:2250 - RefParam_MEMORY_1_RegSize not found: check if there is a RefParameter without a condition.
2025-08-21 22:51:39,972 [WARN] IP:2250 - RefParam_MEMORY_1_RegDummyCycle not found: check if there is a RefParameter without a condition.
2025-08-21 22:51:39,972 [WARN] IP:2250 - RefParam_MEMORY_1_WriteCommand not found: check if there is a RefParameter without a condition.
2025-08-21 22:51:39,972 [WARN] IP:2250 - RefParam_MEMORY_1_WriteDummyCycle not found: check if there is a RefParameter without a condition.
2025-08-21 22:51:39,972 [WARN] IP:2250 - RefParam_MEMORY_1_ReadCommand not found: check if there is a RefParameter without a condition.
2025-08-21 22:51:39,972 [WARN] IP:2250 - RefParam_MEMORY_1_WrapReadCommand not found: check if there is a RefParameter without a condition.
2025-08-21 22:51:39,972 [WARN] IP:2250 - RefParam_MEMORY_1_ReadDummyCycle not found: check if there is a RefParameter without a condition.
2025-08-21 22:51:39,972 [WARN] IP:2250 - RefParam_MEMORY_1_NumberOfConfig not found: check if there is a RefParameter without a condition.
2025-08-21 22:51:39,972 [WARN] IP:2250 - RefParam_MEMORY_1_Config1_WriteMask not found: check if there is a RefParameter without a condition.
2025-08-21 22:51:39,972 [WARN] IP:2250 - RefParam_MEMORY_1_Config1_WriteValue not found: check if there is a RefParameter without a condition.
2025-08-21 22:51:39,972 [WARN] IP:2250 - RefParam_MEMORY_1_Config1_RegAddress not found: check if there is a RefParameter without a condition.
2025-08-21 22:51:39,972 [WARN] IP:2250 - RefParam_MEMORY_1_Config2_WriteMask not found: check if there is a RefParameter without a condition.
2025-08-21 22:51:39,972 [WARN] IP:2250 - RefParam_MEMORY_1_Config2_WriteValue not found: check if there is a RefParameter without a condition.
2025-08-21 22:51:39,972 [WARN] IP:2250 - RefParam_MEMORY_1_Config2_RegAddress not found: check if there is a RefParameter without a condition.
2025-08-21 22:51:39,972 [WARN] IP:2250 - RefParam_MEMORY_1_Config3_WriteMask not found: check if there is a RefParameter without a condition.
2025-08-21 22:51:39,972 [WARN] IP:2250 - RefParam_MEMORY_1_Config3_WriteValue not found: check if there is a RefParameter without a condition.
2025-08-21 22:51:39,972 [WARN] IP:2250 - RefParam_MEMORY_1_Config3_RegAddress not found: check if there is a RefParameter without a condition.
2025-08-21 22:51:39,972 [WARN] IP:2250 - RefParam_MEMORY_2_Instance not found: check if there is a RefParameter without a condition.
2025-08-21 22:51:39,972 [WARN] IP:2250 - RefParam_MEMORY_2_ConfigType not found: check if there is a RefParameter without a condition.
2025-08-21 22:51:39,972 [WARN] IP:2250 - RefParam_MEMORY_2_Size not found: check if there is a RefParameter without a condition.
2025-08-21 22:51:39,972 [WARN] IP:2250 - RefParam_MEMORY_2_FreqMax not found: check if there is a RefParameter without a condition.
2025-08-21 22:51:39,972 [WARN] IP:2250 - RefParam_MEMORY_2_ReadReg not found: check if there is a RefParameter without a condition.
2025-08-21 22:51:39,972 [WARN] IP:2250 - RefParam_MEMORY_2_WriteReg not found: check if there is a RefParameter without a condition.
2025-08-21 22:51:39,972 [WARN] IP:2250 - RefParam_MEMORY_2_RegSize not found: check if there is a RefParameter without a condition.
2025-08-21 22:51:39,972 [WARN] IP:2250 - RefParam_MEMORY_2_RegDummyCycle not found: check if there is a RefParameter without a condition.
2025-08-21 22:51:39,972 [WARN] IP:2250 - RefParam_MEMORY_2_WriteCommand not found: check if there is a RefParameter without a condition.
2025-08-21 22:51:39,972 [WARN] IP:2250 - RefParam_MEMORY_2_WriteDummyCycle not found: check if there is a RefParameter without a condition.
2025-08-21 22:51:39,972 [WARN] IP:2250 - RefParam_MEMORY_2_ReadCommand not found: check if there is a RefParameter without a condition.
2025-08-21 22:51:39,972 [WARN] IP:2250 - RefParam_MEMORY_2_WrapReadCommand not found: check if there is a RefParameter without a condition.
2025-08-21 22:51:39,972 [WARN] IP:2250 - RefParam_MEMORY_2_ReadDummyCycle not found: check if there is a RefParameter without a condition.
2025-08-21 22:51:39,972 [WARN] IP:2250 - RefParam_MEMORY_2_NumberOfConfig not found: check if there is a RefParameter without a condition.
2025-08-21 22:51:39,972 [WARN] IP:2250 - RefParam_MEMORY_2_Config1_WriteMask not found: check if there is a RefParameter without a condition.
2025-08-21 22:51:39,972 [WARN] IP:2250 - RefParam_MEMORY_2_Config1_WriteValue not found: check if there is a RefParameter without a condition.
2025-08-21 22:51:39,972 [WARN] IP:2250 - RefParam_MEMORY_2_Config1_RegAddress not found: check if there is a RefParameter without a condition.
2025-08-21 22:51:39,972 [WARN] IP:2250 - RefParam_MEMORY_2_Config2_WriteMask not found: check if there is a RefParameter without a condition.
2025-08-21 22:51:39,972 [WARN] IP:2250 - RefParam_MEMORY_2_Config2_WriteValue not found: check if there is a RefParameter without a condition.
2025-08-21 22:51:39,972 [WARN] IP:2250 - RefParam_MEMORY_2_Config2_RegAddress not found: check if there is a RefParameter without a condition.
2025-08-21 22:51:39,972 [WARN] IP:2250 - RefParam_MEMORY_2_Config3_WriteMask not found: check if there is a RefParameter without a condition.
2025-08-21 22:51:39,972 [WARN] IP:2250 - RefParam_MEMORY_2_Config3_WriteValue not found: check if there is a RefParameter without a condition.
2025-08-21 22:51:39,972 [WARN] IP:2250 - RefParam_MEMORY_2_Config3_RegAddress not found: check if there is a RefParameter without a condition.
2025-08-21 22:51:40,071 [INFO] Middleware:1452 - No code input for Bsp Dependency
2025-08-21 22:51:40,071 [INFO] Middleware:1452 - No code input for Bsp Dependency
2025-08-21 22:51:40,071 [INFO] Middleware:1452 - No code input for Bsp Dependency
2025-08-21 22:51:40,071 [INFO] Middleware:1452 - No code input for Bsp Dependency
2025-08-21 22:51:40,071 [INFO] Middleware:1452 - No code input for Bsp Dependency
2025-08-21 22:51:40,071 [INFO] IP:3329 - RTE Config file name : RTE_Component
2025-08-21 22:51:40,071 [INFO] IP:3347 - RTE template : RTE_Components.ftl
2025-08-21 22:51:40,071 [INFO] Middleware:1452 - No code input for Bsp Dependency
2025-08-21 22:51:40,071 [INFO] Middleware:1452 - No code input for Bsp Dependency
2025-08-21 22:51:40,071 [INFO] Middleware:1452 - No code input for Bsp Dependency
2025-08-21 22:51:40,071 [INFO] CodeGenerator:1619 - *******************Project context FSBL selected
2025-08-21 22:51:40,117 [ERROR] IocParser:95 - Exception caught: Cannot invoke "java.lang.CharSequence.length()" because "this.text" is null
2025-08-21 22:51:40,193 [INFO] CodeEngine:265 - oldGeneratedFile, C:\ST\AB_LSTM\AB_LSTM\MXTmpFiles\license.tmp_save
2025-08-21 22:51:40,606 [INFO] CodeEngine:289 - Generated code: C:\ST\AB_LSTM\AB_LSTM\MXTmpFiles\license.tmp
2025-08-21 22:51:40,789 [INFO] CodeEngine:265 - oldGeneratedFile, C:\ST\AB_LSTM\AB_LSTM\FSBL\MXTmpFiles\gpio.tmp_save
2025-08-21 22:51:40,960 [INFO] CodeEngine:289 - Generated code: C:\ST\AB_LSTM\AB_LSTM\FSBL\MXTmpFiles\gpio.tmp
2025-08-21 22:51:41,308 [WARN] IPConfigManager:103 - WARNING: Missing Config File for XSPIM ip!!
2025-08-21 22:51:41,371 [INFO] Middleware:1452 - No code input for Bsp Dependency
2025-08-21 22:51:41,388 [INFO] CodeEngine:265 - oldGeneratedFile, C:\ST\AB_LSTM\AB_LSTM\FSBL\MXTmpFiles\boot_code.tmp_save
2025-08-21 22:51:41,504 [INFO] CodeEngine:289 - Generated code: C:\ST\AB_LSTM\AB_LSTM\FSBL\MXTmpFiles\boot_code.tmp
2025-08-21 22:51:41,527 [INFO] CodeEngine:265 - oldGeneratedFile, C:\ST\AB_LSTM\AB_LSTM\FSBL\MXTmpFiles\cortex.tmp_save
2025-08-21 22:51:41,635 [INFO] CodeEngine:289 - Generated code: C:\ST\AB_LSTM\AB_LSTM\FSBL\MXTmpFiles\cortex.tmp
2025-08-21 22:51:41,646 [INFO] Middleware:1452 - No code input for Bsp Dependency
2025-08-21 22:51:41,657 [INFO] CodeEngine:265 - oldGeneratedFile, C:\ST\AB_LSTM\AB_LSTM\FSBL\Core\Inc\extmem_manager.h_save
2025-08-21 22:51:41,769 [INFO] CodeEngine:289 - Generated code: C:\ST\AB_LSTM\AB_LSTM\FSBL\Core\Inc\extmem_manager.h
2025-08-21 22:51:41,777 [INFO] CodeEngine:265 - oldGeneratedFile, C:\ST\AB_LSTM\AB_LSTM\FSBL\Core\Src\extmem_manager.c_save
2025-08-21 22:51:41,883 [INFO] CodeEngine:289 - Generated code: C:\ST\AB_LSTM\AB_LSTM\FSBL\Core\Src\extmem_manager.c
2025-08-21 22:51:41,891 [INFO] CodeEngine:265 - oldGeneratedFile, C:\ST\AB_LSTM\AB_LSTM\FSBL\Core\Inc\stm32_extmem_conf.h_save
2025-08-21 22:51:41,995 [INFO] CodeEngine:289 - Generated code: C:\ST\AB_LSTM\AB_LSTM\FSBL\Core\Inc\stm32_extmem_conf.h
2025-08-21 22:51:42,001 [INFO] CodeEngine:265 - oldGeneratedFile, C:\ST\AB_LSTM\AB_LSTM\FSBL\MXTmpFiles\boot_code.tmp_save
2025-08-21 22:51:42,043 [INFO] CodeEngine:289 - Generated code: C:\ST\AB_LSTM\AB_LSTM\FSBL\MXTmpFiles\boot_code.tmp
2025-08-21 22:51:42,071 [INFO] CodeEngine:265 - oldGeneratedFile, C:\ST\AB_LSTM\AB_LSTM\FSBL\Core\Src\stm32n6xx_it.c_save
2025-08-21 22:51:42,194 [INFO] CodeEngine:289 - Generated code: C:\ST\AB_LSTM\AB_LSTM\FSBL\Core\Src\stm32n6xx_it.c
2025-08-21 22:51:42,202 [INFO] CodeEngine:265 - oldGeneratedFile, C:\ST\AB_LSTM\AB_LSTM\FSBL\Core\Inc\stm32n6xx_it.h_save
2025-08-21 22:51:42,262 [INFO] CodeEngine:289 - Generated code: C:\ST\AB_LSTM\AB_LSTM\FSBL\Core\Inc\stm32n6xx_it.h
2025-08-21 22:51:42,395 [INFO] CodeEngine:265 - oldGeneratedFile, C:\ST\AB_LSTM\AB_LSTM\FSBL\Core\Src\stm32n6xx_hal_msp.c_save
2025-08-21 22:51:42,532 [INFO] CodeEngine:289 - Generated code: C:\ST\AB_LSTM\AB_LSTM\FSBL\Core\Src\stm32n6xx_hal_msp.c
2025-08-21 22:51:42,538 [INFO] CodeEngine:265 - oldGeneratedFile, C:\ST\AB_LSTM\AB_LSTM\FSBL\MXTmpFiles\system.tmp_save
2025-08-21 22:51:42,582 [INFO] CodeEngine:289 - Generated code: C:\ST\AB_LSTM\AB_LSTM\FSBL\MXTmpFiles\system.tmp
2025-08-21 22:51:42,599 [INFO] CodeEngine:321 - oldGeneratedFile, C:\ST\AB_LSTM\AB_LSTM\FSBL\Core\Inc\stm32n6xx_hal_conf.h_save
2025-08-21 22:51:42,685 [INFO] CodeEngine:345 - Generated code: C:\ST\AB_LSTM\AB_LSTM\FSBL\Core\Inc\stm32n6xx_hal_conf.h
2025-08-21 22:51:42,707 [WARN] IPConfigManager:3238 - Warning: the RefConfig RCC_ConfigVoltageScaling is not available in your config.xml file
2025-08-21 22:51:42,715 [WARN] IPConfigManager:3238 - Warning: the RefConfig RCC_RTC_HSEDIV is not available in your config.xml file
2025-08-21 22:51:42,728 [INFO] ApiDbMcu:532 - Load IP Config File for BSEC
2025-08-21 22:51:42,731 [INFO] ApiDbMcu:532 - Load IP Config File for XSPI2
2025-08-21 22:51:42,732 [ERROR] ApiDbMcu:560 - Cannot parse XSPIM_Config file : file do not exist
2025-08-21 22:51:42,737 [INFO] ApiDbMcu:532 - Load IP Config File for RCC
2025-08-21 22:51:42,752 [INFO] CodeEngine:265 - oldGeneratedFile, C:\ST\AB_LSTM\AB_LSTM\FSBL\Core\Inc\main.h_save
2025-08-21 22:51:42,860 [INFO] CodeEngine:289 - Generated code: C:\ST\AB_LSTM\AB_LSTM\FSBL\Core\Inc\main.h
2025-08-21 22:51:42,860 [INFO] CodeEngine:265 - oldGeneratedFile, C:\ST\AB_LSTM\AB_LSTM\FSBL\Core\Src\main.c_save
2025-08-21 22:51:43,009 [INFO] CodeEngine:289 - Generated code: C:\ST\AB_LSTM\AB_LSTM\FSBL\Core\Src\main.c
2025-08-21 22:51:43,078 [INFO] CodeGenerator:1619 - *******************Project context Appli selected
2025-08-21 22:51:43,109 [INFO] IP:3329 - RTE Config file name : RTE_Component
2025-08-21 22:51:43,109 [INFO] IP:3347 - RTE template : RTE_Components.ftl
2025-08-21 22:51:43,125 [INFO] CodeEngine:265 - oldGeneratedFile, C:\ST\AB_LSTM\AB_LSTM\MXTmpFiles\license.tmp_save
2025-08-21 22:51:43,224 [INFO] CodeEngine:289 - Generated code: C:\ST\AB_LSTM\AB_LSTM\MXTmpFiles\license.tmp
2025-08-21 22:51:43,239 [INFO] CodeEngine:265 - oldGeneratedFile, C:\ST\AB_LSTM\AB_LSTM\Appli\MXTmpFiles\gpio.tmp_save
2025-08-21 22:51:43,335 [INFO] CodeEngine:289 - Generated code: C:\ST\AB_LSTM\AB_LSTM\Appli\MXTmpFiles\gpio.tmp
2025-08-21 22:51:43,462 [WARN] IPConfigManager:103 - WARNING: Missing Config File for NVIC ip!!
2025-08-21 22:51:43,641 [INFO] Middleware:1452 - No code input for Bsp Dependency
2025-08-21 22:51:43,641 [INFO] Middleware:1452 - No code input for Bsp Dependency
2025-08-21 22:51:43,641 [INFO] IP:3329 - RTE Config file name : RTE_Component
2025-08-21 22:51:43,641 [INFO] IP:3347 - RTE template : RTE_Components.ftl
2025-08-21 22:51:43,641 [INFO] CodeEngine:265 - oldGeneratedFile, C:\ST\AB_LSTM\AB_LSTM\Appli\MXTmpFiles\cortex.tmp_save
2025-08-21 22:51:43,712 [INFO] CodeEngine:289 - Generated code: C:\ST\AB_LSTM\AB_LSTM\Appli\MXTmpFiles\cortex.tmp
2025-08-21 22:51:43,745 [INFO] CodeEngine:265 - oldGeneratedFile, C:\ST\AB_LSTM\AB_LSTM\Appli\Core\Inc\stm32n6xx_nucleo_conf.h_save
2025-08-21 22:51:43,829 [INFO] CodeEngine:289 - Generated code: C:\ST\AB_LSTM\AB_LSTM\Appli\Core\Inc\stm32n6xx_nucleo_conf.h
2025-08-21 22:51:43,829 [INFO] CodeEngine:265 - oldGeneratedFile, C:\ST\AB_LSTM\AB_LSTM\Appli\MXTmpFiles\bsp_inc.tmp_save
2025-08-21 22:51:43,878 [INFO] CodeEngine:289 - Generated code: C:\ST\AB_LSTM\AB_LSTM\Appli\MXTmpFiles\bsp_inc.tmp
2025-08-21 22:51:43,894 [INFO] CodeEngine:265 - oldGeneratedFile, C:\ST\AB_LSTM\AB_LSTM\Appli\MXTmpFiles\bsp_common_vars.tmp_save
2025-08-21 22:51:43,928 [INFO] CodeEngine:289 - Generated code: C:\ST\AB_LSTM\AB_LSTM\Appli\MXTmpFiles\bsp_common_vars.tmp
2025-08-21 22:51:43,933 [INFO] CodeEngine:265 - oldGeneratedFile, C:\ST\AB_LSTM\AB_LSTM\Appli\MXTmpFiles\bsp_common_init.tmp_save
2025-08-21 22:51:43,961 [INFO] CodeEngine:289 - Generated code: C:\ST\AB_LSTM\AB_LSTM\Appli\MXTmpFiles\bsp_common_init.tmp
2025-08-21 22:51:43,976 [INFO] CodeEngine:265 - oldGeneratedFile, C:\ST\AB_LSTM\AB_LSTM\Appli\MXTmpFiles\bsp_common_demo_before_while.tmp_save
2025-08-21 22:51:44,008 [INFO] CodeEngine:289 - Generated code: C:\ST\AB_LSTM\AB_LSTM\Appli\MXTmpFiles\bsp_common_demo_before_while.tmp
2025-08-21 22:51:44,008 [INFO] CodeEngine:265 - oldGeneratedFile, C:\ST\AB_LSTM\AB_LSTM\Appli\MXTmpFiles\bsp_common_demo_inside_while.tmp_save
2025-08-21 22:51:44,043 [INFO] CodeEngine:289 - Generated code: C:\ST\AB_LSTM\AB_LSTM\Appli\MXTmpFiles\bsp_common_demo_inside_while.tmp
2025-08-21 22:51:44,059 [INFO] CodeEngine:265 - oldGeneratedFile, C:\ST\AB_LSTM\AB_LSTM\Appli\MXTmpFiles\bsp_common_demo_fct.tmp_save
2025-08-21 22:51:44,095 [INFO] CodeEngine:289 - Generated code: C:\ST\AB_LSTM\AB_LSTM\Appli\MXTmpFiles\bsp_common_demo_fct.tmp
2025-08-21 22:51:44,095 [INFO] Middleware:1452 - No code input for Bsp Dependency
2025-08-21 22:51:44,095 [INFO] Middleware:1452 - No code input for Bsp Dependency
2025-08-21 22:51:44,095 [INFO] IP:3329 - RTE Config file name : RTE_Component
2025-08-21 22:51:44,095 [INFO] IP:3347 - RTE template : RTE_Components.ftl
2025-08-21 22:51:44,095 [INFO] CodeEngine:265 - oldGeneratedFile, C:\ST\AB_LSTM\AB_LSTM\Appli\X-CUBE-AI\App\app_x-cube-ai.h_save
2025-08-21 22:51:44,194 [INFO] CodeEngine:289 - Generated code: C:\ST\AB_LSTM\AB_LSTM\Appli\X-CUBE-AI\App\app_x-cube-ai.h
2025-08-21 22:51:44,194 [INFO] CodeEngine:265 - oldGeneratedFile, C:\ST\AB_LSTM\AB_LSTM\Appli\X-CUBE-AI\constants_ai.h_save
2025-08-21 22:51:44,261 [INFO] CodeEngine:289 - Generated code: C:\ST\AB_LSTM\AB_LSTM\Appli\X-CUBE-AI\constants_ai.h
2025-08-21 22:51:44,261 [INFO] CodeEngine:265 - oldGeneratedFile, C:\ST\AB_LSTM\AB_LSTM\Appli\X-CUBE-AI\App\app_x-cube-ai.c_save
2025-08-21 22:51:44,344 [INFO] CodeEngine:289 - Generated code: C:\ST\AB_LSTM\AB_LSTM\Appli\X-CUBE-AI\App\app_x-cube-ai.c
2025-08-21 22:51:44,361 [INFO] CodeEngine:265 - oldGeneratedFile, C:\ST\AB_LSTM\AB_LSTM\Appli\Core\Src\stm32n6xx_it.c_save
2025-08-21 22:51:44,477 [INFO] CodeEngine:289 - Generated code: C:\ST\AB_LSTM\AB_LSTM\Appli\Core\Src\stm32n6xx_it.c
2025-08-21 22:51:44,477 [INFO] CodeEngine:265 - oldGeneratedFile, C:\ST\AB_LSTM\AB_LSTM\Appli\Core\Inc\stm32n6xx_it.h_save
2025-08-21 22:51:44,527 [INFO] CodeEngine:289 - Generated code: C:\ST\AB_LSTM\AB_LSTM\Appli\Core\Inc\stm32n6xx_it.h
2025-08-21 22:51:44,527 [INFO] IP:3329 - RTE Config file name : RTE_Component
2025-08-21 22:51:44,527 [INFO] IP:3347 - RTE template : RTE_Components.ftl
2025-08-21 22:51:44,527 [INFO] CodeGenerator:2312 - Add RTE Code Input 
2025-08-21 22:51:44,545 [INFO] CodeEngine:265 - oldGeneratedFile, C:\ST\AB_LSTM\AB_LSTM\Appli\Core\Inc\RTE_Components.h_save
2025-08-21 22:51:44,628 [INFO] CodeEngine:289 - Generated code: C:\ST\AB_LSTM\AB_LSTM\Appli\Core\Inc\RTE_Components.h
2025-08-21 22:51:44,629 [INFO] CodeEngine:265 - oldGeneratedFile, C:\ST\AB_LSTM\AB_LSTM\Appli\MXTmpFiles\RIFInit.tmp_save
2025-08-21 22:51:44,707 [INFO] CodeEngine:289 - Generated code: C:\ST\AB_LSTM\AB_LSTM\Appli\MXTmpFiles\RIFInit.tmp
2025-08-21 22:51:44,770 [INFO] CodeEngine:265 - oldGeneratedFile, C:\ST\AB_LSTM\AB_LSTM\Appli\Core\Src\stm32n6xx_hal_msp.c_save
2025-08-21 22:51:44,887 [INFO] CodeEngine:289 - Generated code: C:\ST\AB_LSTM\AB_LSTM\Appli\Core\Src\stm32n6xx_hal_msp.c
2025-08-21 22:51:44,898 [INFO] CodeEngine:265 - oldGeneratedFile, C:\ST\AB_LSTM\AB_LSTM\Appli\MXTmpFiles\system.tmp_save
2025-08-21 22:51:44,926 [INFO] CodeEngine:289 - Generated code: C:\ST\AB_LSTM\AB_LSTM\Appli\MXTmpFiles\system.tmp
2025-08-21 22:51:44,936 [INFO] CodeEngine:321 - oldGeneratedFile, C:\ST\AB_LSTM\AB_LSTM\Appli\Core\Inc\stm32n6xx_hal_conf.h_save
2025-08-21 22:51:45,021 [INFO] CodeEngine:345 - Generated code: C:\ST\AB_LSTM\AB_LSTM\Appli\Core\Inc\stm32n6xx_hal_conf.h
2025-08-21 22:51:45,032 [WARN] IPConfigManager:3238 - Warning: the RefConfig RCC_ConfigVoltageScaling is not available in your config.xml file
2025-08-21 22:51:45,033 [WARN] IPConfigManager:3238 - Warning: the RefConfig RCC_RTC_HSEDIV is not available in your config.xml file
2025-08-21 22:51:45,040 [INFO] ApiDbMcu:532 - Load IP Config File for CACHEAXI
2025-08-21 22:51:45,047 [INFO] ApiDbMcu:532 - Load IP Config File for LPUART1
2025-08-21 22:51:45,049 [INFO] ApiDbMcu:532 - Load IP Config File for RAMCFG
2025-08-21 22:51:45,049 [INFO] ApiDbMcu:532 - Load IP Config File for RIF
2025-08-21 22:51:45,057 [INFO] ApiDbMcu:532 - Load IP Config File for TIM1
2025-08-21 22:51:45,064 [INFO] ApiDbMcu:532 - Load IP Config File for TIM7
2025-08-21 22:51:45,068 [WARN] IPConfigManager:3811 - IP not found : TIM
2025-08-21 22:51:45,069 [WARN] CodeGenerator:4259 - IP not found : null
2025-08-21 22:51:45,075 [INFO] CodeEngine:265 - oldGeneratedFile, C:\ST\AB_LSTM\AB_LSTM\Appli\Core\Inc\main.h_save
2025-08-21 22:51:45,169 [INFO] CodeEngine:289 - Generated code: C:\ST\AB_LSTM\AB_LSTM\Appli\Core\Inc\main.h
2025-08-21 22:51:45,178 [INFO] CodeEngine:265 - oldGeneratedFile, C:\ST\AB_LSTM\AB_LSTM\Appli\Core\Src\main.c_save
2025-08-21 22:51:45,274 [INFO] CodeEngine:289 - Generated code: C:\ST\AB_LSTM\AB_LSTM\Appli\Core\Src\main.c
2025-08-21 22:51:45,286 [INFO] CodeEngine:265 - oldGeneratedFile, C:\ST\AB_LSTM\AB_LSTM\Appli\Core\Src\secure_nsc.c_save
2025-08-21 22:51:45,363 [INFO] CodeEngine:289 - Generated code: C:\ST\AB_LSTM\AB_LSTM\Appli\Core\Src\secure_nsc.c
2025-08-21 22:51:45,370 [INFO] CodeEngine:265 - oldGeneratedFile, C:\ST\AB_LSTM\AB_LSTM\Appli\Core\Inc\partition_stm32n657xx.h_save
2025-08-21 22:51:45,442 [INFO] CodeEngine:289 - Generated code: C:\ST\AB_LSTM\AB_LSTM\Appli\Core\Inc\partition_stm32n657xx.h
2025-08-21 22:51:45,449 [INFO] CodeEngine:265 - oldGeneratedFile, C:\ST\AB_LSTM\AB_LSTM\Secure_nsclib\secure_nsc.h_save
2025-08-21 22:51:45,504 [INFO] CodeEngine:289 - Generated code: C:\ST\AB_LSTM\AB_LSTM\Secure_nsclib\secure_nsc.h
2025-08-21 22:51:45,525 [INFO] CodeGenerator:1707 - *******************Project context ExtMemLoader Not selected
2025-08-21 22:51:46,350 [INFO] AInterface:322 - ModelName:network; files:[C:\Users\ZOJOLDRI\OneDrive - Carl Zeiss AG\Dokumente\Zeiss\SMT\Bachelor\AB Encoder Model\AB_Encoder_Synthetic_Data\lstm_ab_encoder.h5]; type:Keras; compression:None
2025-08-21 22:51:46,351 [INFO] AInterface:526 - workspaceTempDir: C:/Users/ZOJOLDRI/AppData/Local/Temp/mxAI_workspace4359844556660013609223680232287071
2025-08-21 22:51:46,351 [INFO] AInterface:1176 - Setting Env: C:/Users/ZOJOLDRI/STM32Cube/Repository/Packs/STMicroelectronics/X-CUBE-AI/10.2.0/Utilities/windows
2025-08-21 22:51:46,356 [INFO] STM32CubeIDEBuilder:265 - Looking for gnu-tools-for-stm32 tools/bin/arm-none-eabi-gcc.exe in C:\ST\STM32CubeIDE_1.19.0\STM32CubeIDE
2025-08-21 22:51:46,358 [INFO] STM32CubeIDEBuilder:294 - checking C:\ST\STM32CubeIDE_1.19.0\STM32CubeIDE\plugins\com.st.stm32cube.ide.mcu.externaltools.gnu-tools-for-stm32.13.3.rel1.win32_1.0.0.202411081344\tools\bin\arm-none-eabi-gcc.exe
2025-08-21 22:51:46,358 [INFO] STM32CubeIDEBuilder:297 - ret=C:\ST\STM32CubeIDE_1.19.0\STM32CubeIDE\plugins\com.st.stm32cube.ide.mcu.externaltools.gnu-tools-for-stm32.13.3.rel1.win32_1.0.0.202411081344\tools\bin\arm-none-eabi-gcc.exe
2025-08-21 22:51:46,358 [INFO] STM32CubeIDEBuilder:311 - returning C:\ST\STM32CubeIDE_1.19.0\STM32CubeIDE\plugins\com.st.stm32cube.ide.mcu.externaltools.gnu-tools-for-stm32.13.3.rel1.win32_1.0.0.202411081344\tools\bin\arm-none-eabi-gcc.exe
2025-08-21 22:51:46,358 [INFO] AInterface:1233 - Custom PATH variable: C:/Users/ZOJOLDRI/STM32Cube/Repository/Packs/STMicroelectronics/X-CUBE-AI/10.2.0/Utilities/windows;C:/Users/ZOJOLDRI/STM32Cube/Repository/Packs/STMicroelectronics/X-CUBE-AI/10.2.0/Utilities/windows/mingw64/bin;C:/Users/ZOJOLDRI/STM32Cube/Repository/Packs/STMicroelectronics/X-CUBE-AI/10.2.0/Utilities/windows/mingw64/libexec/gcc/x86_64-w64-mingw32/7.3.0;;C:\ST\STM32CubeIDE_1.19.0\STM32CubeIDE\plugins\com.st.stm32cube.ide.mcu.externaltools.gnu-tools-for-stm32.13.3.rel1.win32_1.0.0.202411081344\tools\bin
2025-08-21 22:51:46,359 [INFO] CmdLine:115 - Command: C:/Users/ZOJOLDRI/STM32Cube/Repository/Packs/STMicroelectronics/X-CUBE-AI/10.2.0/Utilities/windows/stedgeai.exe generate --target stm32n6 --name network -m C:/Users/ZOJOLDRI/OneDrive - Carl Zeiss AG/Dokumente/Zeiss/SMT/Bachelor/AB Encoder Model/AB_Encoder_Synthetic_Data/lstm_ab_encoder.h5 --compression none --verbosity 1 --workspace C:/Users/ZOJOLDRI/AppData/Local/Temp/mxAI_workspace4359844556660013609223680232287071 --output C:/Users/ZOJOLDRI/.stm32cubemx/network_output
2025-08-21 22:51:46,360 [INFO] AIModelDetailledView:2380 - Analysis status: pending
2025-08-21 22:51:47,278 [INFO] CmdLine:76 - ST Edge AI Core v2.2.0-20266 2adc00962
2025-08-21 22:51:52,255 [INFO] CmdLine:76 - Creating c (debug) info json file C:\Users\ZOJOLDRI\.stm32cubemx\network_output\network_c_info.json
2025-08-21 22:51:52,272 [INFO] CmdLine:76 -  
2025-08-21 22:51:52,272 [INFO] CmdLine:76 -  Exec/report summary (generate)
2025-08-21 22:51:52,272 [INFO] CmdLine:76 -  ---------------------------------------------------------------------------------------------------------------------------------------------------------------
2025-08-21 22:51:52,272 [INFO] CmdLine:76 -  model file         :   C:\Users\ZOJOLDRI\OneDrive - Carl Zeiss AG\Dokumente\Zeiss\SMT\Bachelor\AB Encoder Model\AB_Encoder_Synthetic_Data\lstm_ab_encoder.h5   
2025-08-21 22:51:52,273 [INFO] CmdLine:76 -  type               :   keras                                                                                                                                   
2025-08-21 22:51:52,273 [INFO] CmdLine:76 -  c_name             :   network                                                                                                                                 
2025-08-21 22:51:52,273 [INFO] CmdLine:76 -  compression        :   none                                                                                                                                    
2025-08-21 22:51:52,273 [INFO] CmdLine:76 -  options            :   allocate-inputs, allocate-outputs                                                                                                       
2025-08-21 22:51:52,273 [INFO] CmdLine:76 -  optimization       :   balanced                                                                                                                                
2025-08-21 22:51:52,273 [INFO] CmdLine:76 -  target/series      :   stm32n6                                                                                                                                 
2025-08-21 22:51:52,273 [INFO] CmdLine:76 -  workspace dir      :   C:\Users\ZOJOLDRI\AppData\Local\Temp\mxAI_workspace4359844556660013609223680232287071                                                   
2025-08-21 22:51:52,273 [INFO] CmdLine:76 -  output dir         :   C:\Users\ZOJOLDRI\.stm32cubemx\network_output                                                                                           
2025-08-21 22:51:52,273 [INFO] CmdLine:76 -  model_fmt          :   float                                                                                                                                   
2025-08-21 22:51:52,273 [INFO] CmdLine:76 -  model_name         :   lstm_ab_encoder                                                                                                                         
2025-08-21 22:51:52,273 [INFO] CmdLine:76 -  model_hash         :   0x5ac8addba7fdaf54ff3af57cdca4acc0                                                                                                      
2025-08-21 22:51:52,273 [INFO] CmdLine:76 -  params #           :   6,100 items (23.83 KiB)                                                                                                                 
2025-08-21 22:51:52,273 [INFO] CmdLine:76 -  ---------------------------------------------------------------------------------------------------------------------------------------------------------------
2025-08-21 22:51:52,273 [INFO] CmdLine:76 -  input 1/1          :   'input_0', f32(1x20x10), 800 Bytes, activations                                                                                         
2025-08-21 22:51:52,273 [INFO] CmdLine:76 -  output 1/1         :   'output', f32(1x4), 16 Bytes, activations                                                                                               
2025-08-21 22:51:52,273 [INFO] CmdLine:76 -  macc               :   111,392                                                                                                                                 
2025-08-21 22:51:52,274 [INFO] CmdLine:76 -  weights (ro)       :   24,784 B (24.20 KiB) (1 segment) / +384(+1.6%) vs float model                                                                           
2025-08-21 22:51:52,274 [INFO] CmdLine:76 -  activations (rw)   :   1,824 B (1.78 KiB) (1 segment) *                                                                                                        
2025-08-21 22:51:52,274 [INFO] CmdLine:76 -  ram (total)        :   1,824 B (1.78 KiB) = 1,824 + 0 + 0                                                                                                      
2025-08-21 22:51:52,274 [INFO] CmdLine:76 -  ---------------------------------------------------------------------------------------------------------------------------------------------------------------
2025-08-21 22:51:52,274 [INFO] CmdLine:76 -  (*) 'input'/'output' buffers are allocated in the activations buffer
2025-08-21 22:51:52,275 [INFO] CmdLine:76 - Computing AI RT data/code size (target=stm32n6)..
2025-08-21 22:51:57,120 [INFO] CmdLine:76 -  Requested memory size by section - "stm32n6" target
2025-08-21 22:51:57,120 [INFO] CmdLine:76 -  ------------------------------- -------- -------- ------- -------
2025-08-21 22:51:57,120 [INFO] CmdLine:76 -  module                              text   rodata    data     bss
2025-08-21 22:51:57,120 [INFO] CmdLine:76 -  ------------------------------- -------- -------- ------- -------
2025-08-21 22:51:57,120 [INFO] CmdLine:76 -  NetworkRuntime1020_CM55_GCC.a     15,800       32       0       0
2025-08-21 22:51:57,120 [INFO] CmdLine:76 -  network.o                            596       40   1,888     136
2025-08-21 22:51:57,120 [INFO] CmdLine:76 -  network_data.o                        48       16      88       0
2025-08-21 22:51:57,121 [INFO] CmdLine:76 -  lib (toolchain)*                   1,132      340       0       0
2025-08-21 22:51:57,121 [INFO] CmdLine:76 -  ------------------------------- -------- -------- ------- -------
2025-08-21 22:51:57,121 [INFO] CmdLine:76 -  RT total**                        17,576      428   1,976     136
2025-08-21 22:51:57,121 [INFO] CmdLine:76 -  ------------------------------- -------- -------- ------- -------
2025-08-21 22:51:57,121 [INFO] CmdLine:76 -  weights                                0   24,784       0       0
2025-08-21 22:51:57,121 [INFO] CmdLine:76 -  activations                            0        0       0   1,824
2025-08-21 22:51:57,121 [INFO] CmdLine:76 -  io                                     0        0       0       0
2025-08-21 22:51:57,121 [INFO] CmdLine:76 -  ------------------------------- -------- -------- ------- -------
2025-08-21 22:51:57,121 [INFO] CmdLine:76 -  TOTAL                             17,576   25,212   1,976   1,960
2025-08-21 22:51:57,121 [INFO] CmdLine:76 -  ------------------------------- -------- -------- ------- -------
2025-08-21 22:51:57,121 [INFO] CmdLine:76 -  *  toolchain objects (libm/libgcc*)
2025-08-21 22:51:57,121 [INFO] CmdLine:76 -  ** RT AI runtime objects (kernels+infrastructure)
2025-08-21 22:51:57,121 [INFO] CmdLine:76 -   Summary - "stm32n6" target
2025-08-21 22:51:57,121 [INFO] CmdLine:76 -   ---------------------------------------------------
2025-08-21 22:51:57,122 [INFO] CmdLine:76 -                FLASH (ro)      %*   RAM (rw)       %
2025-08-21 22:51:57,122 [INFO] CmdLine:76 -   ---------------------------------------------------
2025-08-21 22:51:57,122 [INFO] CmdLine:76 -   RT total         19,980   44.6%      2,112   53.7%
2025-08-21 22:51:57,122 [INFO] CmdLine:76 -   ---------------------------------------------------
2025-08-21 22:51:57,122 [INFO] CmdLine:76 -   TOTAL            44,764              3,936
2025-08-21 22:51:57,122 [INFO] CmdLine:76 -   ---------------------------------------------------
2025-08-21 22:51:57,122 [INFO] CmdLine:76 -   *  rt/total
2025-08-21 22:51:57,122 [INFO] CmdLine:76 -  Generated files (7)
2025-08-21 22:51:57,122 [INFO] CmdLine:76 -  ---------------------------------------------------------------------
2025-08-21 22:51:57,122 [INFO] CmdLine:76 -  C:\Users\ZOJOLDRI\.stm32cubemx\network_output\network_data_params.h
2025-08-21 22:51:57,122 [INFO] CmdLine:76 -  C:\Users\ZOJOLDRI\.stm32cubemx\network_output\network_data_params.c
2025-08-21 22:51:57,122 [INFO] CmdLine:76 -  C:\Users\ZOJOLDRI\.stm32cubemx\network_output\network_data.h
2025-08-21 22:51:57,122 [INFO] CmdLine:76 -  C:\Users\ZOJOLDRI\.stm32cubemx\network_output\network_data.c
2025-08-21 22:51:57,122 [INFO] CmdLine:76 -  C:\Users\ZOJOLDRI\.stm32cubemx\network_output\network_config.h
2025-08-21 22:51:57,122 [INFO] CmdLine:76 -  C:\Users\ZOJOLDRI\.stm32cubemx\network_output\network.h
2025-08-21 22:51:57,123 [INFO] CmdLine:76 -  C:\Users\ZOJOLDRI\.stm32cubemx\network_output\network.c
2025-08-21 22:51:57,123 [INFO] CmdLine:76 - Creating txt report file C:\Users\ZOJOLDRI\.stm32cubemx\network_output\network_generate_report.txt
2025-08-21 22:52:00,751 [INFO] CmdLine:76 - elapsed time (generate): 13.473s
2025-08-21 22:52:01,115 [INFO] CmdLine:148 - stedgeai exit with status: 0
2025-08-21 22:52:01,124 [INFO] AIModelDetailledView:2380 - Analysis status: done
2025-08-21 22:52:01,983 [INFO] ProjectBuilder:3606 - Time for Copy HAL[1] : 391mS.
2025-08-21 22:52:01,984 [ERROR] Middleware:2950 - Invalid RefComponent list
2025-08-21 22:52:01,984 [ERROR] Middleware:2950 - Invalid RefComponent list
2025-08-21 22:52:01,984 [ERROR] Middleware:2950 - Invalid RefComponent list
2025-08-21 22:52:01,984 [ERROR] Middleware:2950 - Invalid RefComponent list
2025-08-21 22:52:01,984 [ERROR] Middleware:2950 - Invalid RefComponent list
2025-08-21 22:52:01,984 [ERROR] Middleware:2950 - Invalid RefComponent list
2025-08-21 22:52:01,984 [ERROR] Middleware:2950 - Invalid RefComponent list
2025-08-21 22:52:01,984 [ERROR] Middleware:2950 - Invalid RefComponent list
2025-08-21 22:52:01,984 [ERROR] Middleware:2950 - Invalid RefComponent list
2025-08-21 22:52:01,984 [ERROR] Middleware:2950 - Invalid RefComponent list
2025-08-21 22:52:01,984 [ERROR] Middleware:2950 - Invalid RefComponent list
2025-08-21 22:52:01,984 [ERROR] Middleware:2950 - Invalid RefComponent list
2025-08-21 22:52:01,984 [ERROR] Middleware:2950 - Invalid RefComponent list
2025-08-21 22:52:01,984 [ERROR] Middleware:2950 - Invalid RefComponent list
2025-08-21 22:52:01,984 [ERROR] Middleware:2950 - Invalid RefComponent list
2025-08-21 22:52:01,984 [ERROR] Middleware:2950 - Invalid RefComponent list
2025-08-21 22:52:01,984 [ERROR] Middleware:2950 - Invalid RefComponent list
2025-08-21 22:52:01,984 [ERROR] Middleware:2950 - Invalid RefComponent list
2025-08-21 22:52:01,984 [ERROR] Middleware:2950 - Invalid RefComponent list
2025-08-21 22:52:01,984 [ERROR] Middleware:2950 - Invalid RefComponent list
2025-08-21 22:52:01,984 [ERROR] Middleware:2950 - Invalid RefComponent list
2025-08-21 22:52:01,984 [ERROR] Middleware:2950 - Invalid RefComponent list
2025-08-21 22:52:01,984 [ERROR] Middleware:2950 - Invalid RefComponent list
2025-08-21 22:52:01,984 [ERROR] Middleware:2950 - Invalid RefComponent list
2025-08-21 22:52:01,984 [ERROR] Middleware:2950 - Invalid RefComponent list
2025-08-21 22:52:01,984 [ERROR] Middleware:2950 - Invalid RefComponent list
2025-08-21 22:52:01,984 [ERROR] Middleware:2950 - Invalid RefComponent list
2025-08-21 22:52:01,984 [ERROR] Middleware:2950 - Invalid RefComponent list
2025-08-21 22:52:01,984 [ERROR] Middleware:2950 - Invalid RefComponent list
2025-08-21 22:52:01,984 [ERROR] Middleware:2950 - Invalid RefComponent list
2025-08-21 22:52:01,984 [ERROR] Middleware:2950 - Invalid RefComponent list
2025-08-21 22:52:01,984 [ERROR] Middleware:2950 - Invalid RefComponent list
2025-08-21 22:52:01,984 [ERROR] Middleware:2950 - Invalid RefComponent list
2025-08-21 22:52:01,984 [ERROR] Middleware:2950 - Invalid RefComponent list
2025-08-21 22:52:01,984 [ERROR] Middleware:2950 - Invalid RefComponent list
2025-08-21 22:52:01,984 [ERROR] Middleware:2950 - Invalid RefComponent list
2025-08-21 22:52:01,984 [ERROR] Middleware:2950 - Invalid RefComponent list
2025-08-21 22:52:01,984 [ERROR] Middleware:2950 - Invalid RefComponent list
2025-08-21 22:52:01,984 [ERROR] Middleware:2950 - Invalid RefComponent list
2025-08-21 22:52:01,984 [ERROR] Middleware:2950 - Invalid RefComponent list
2025-08-21 22:52:01,984 [ERROR] Middleware:2950 - Invalid RefComponent list
2025-08-21 22:52:01,984 [ERROR] Middleware:2950 - Invalid RefComponent list
2025-08-21 22:52:01,984 [ERROR] Middleware:2950 - Invalid RefComponent list
2025-08-21 22:52:01,984 [ERROR] Middleware:2950 - Invalid RefComponent list
2025-08-21 22:52:01,984 [ERROR] Middleware:2950 - Invalid RefComponent list
2025-08-21 22:52:01,985 [ERROR] Middleware:2950 - Invalid RefComponent list
2025-08-21 22:52:01,985 [ERROR] Middleware:2950 - Invalid RefComponent list
2025-08-21 22:52:01,985 [ERROR] Middleware:2950 - Invalid RefComponent list
2025-08-21 22:52:01,985 [ERROR] Middleware:2950 - Invalid RefComponent list
2025-08-21 22:52:01,985 [ERROR] Middleware:2950 - Invalid RefComponent list
2025-08-21 22:52:01,985 [ERROR] Middleware:2950 - Invalid RefComponent list
2025-08-21 22:52:01,985 [ERROR] Middleware:2950 - Invalid RefComponent list
2025-08-21 22:52:01,985 [ERROR] Middleware:2950 - Invalid RefComponent list
2025-08-21 22:52:01,985 [ERROR] Middleware:2950 - Invalid RefComponent list
2025-08-21 22:52:01,985 [ERROR] Middleware:2950 - Invalid RefComponent list
2025-08-21 22:52:01,985 [ERROR] Middleware:2950 - Invalid RefComponent list
2025-08-21 22:52:01,985 [ERROR] Middleware:2950 - Invalid RefComponent list
2025-08-21 22:52:01,985 [ERROR] Middleware:2950 - Invalid RefComponent list
2025-08-21 22:52:01,985 [ERROR] Middleware:2950 - Invalid RefComponent list
2025-08-21 22:52:01,985 [ERROR] Middleware:2950 - Invalid RefComponent list
2025-08-21 22:52:01,985 [ERROR] Middleware:2950 - Invalid RefComponent list
2025-08-21 22:52:01,985 [ERROR] Middleware:2950 - Invalid RefComponent list
2025-08-21 22:52:01,985 [ERROR] Middleware:2950 - Invalid RefComponent list
2025-08-21 22:52:01,985 [ERROR] Middleware:2950 - Invalid RefComponent list
2025-08-21 22:52:01,985 [ERROR] Middleware:2950 - Invalid RefComponent list
2025-08-21 22:52:01,985 [ERROR] Middleware:2950 - Invalid RefComponent list
2025-08-21 22:52:01,985 [ERROR] Middleware:2950 - Invalid RefComponent list
2025-08-21 22:52:01,985 [ERROR] Middleware:2950 - Invalid RefComponent list
2025-08-21 22:52:01,985 [ERROR] Middleware:2950 - Invalid RefComponent list
2025-08-21 22:52:01,985 [ERROR] Middleware:2950 - Invalid RefComponent list
2025-08-21 22:52:02,007 [INFO] ProjectBuilder:5216 - Project Generator version: 4.7.0-B52
2025-08-21 22:52:02,055 [INFO] ConfigFileManager:1595 - The Die is : DIE486
2025-08-21 22:52:04,251 [INFO] LogOutputStream:77 - [STDOUT_REDIRECT] 
2025-08-21 22:52:13,893 [INFO] ProjectBuilder:5056 - Time for Generating toolchain IDE Files: 11885mS.
2025-08-21 22:52:13,896 [INFO] ProjectBuilder:3463 - Time for Copy CMSIS : 2mS.
2025-08-21 22:52:13,902 [INFO] ProjectBuilder:3463 - Time for Copy CMSIS : 0mS.
2025-08-21 23:26:41,884 [INFO] WebApp:194 - Connection lost
2025-08-21 23:33:07,348 [ERROR] ConfigurationRetriever:142 - IOException on connection: sw-center.st.com
2025-08-21 23:33:07,349 [ERROR] ConfigurationRetriever:142 - IOException on connection: sw-center.st.com
2025-08-21 23:33:07,349 [ERROR] ConfigurationRetriever:142 - IOException on connection: sw-center.st.com
2025-08-21 23:33:44,781 [INFO] WebApp:191 - Connection restablished
2025-08-21 23:33:45,484 [INFO] WebApp:194 - Connection lost
2025-08-21 23:33:45,598 [INFO] WebApp:191 - Connection restablished
