2025-09-15 08:38:40,602 [INFO] WebApp:194 - Connection lost
2025-09-15 08:39:01,192 [INFO] WebApp:191 - Connection restablished
2025-09-15 12:38:57,139 [INFO] WebApp:194 - Connection lost
2025-09-15 12:38:57,440 [INFO] WebApp:191 - Connection restablished
2025-09-15 13:59:43,237 [INFO] MainUpdater:2872 - connection check result : 10
2025-09-15 13:59:43,238 [INFO] MainUpdater:2872 - connection check result : 10
2025-09-15 13:59:43,273 [ERROR] IocParser:95 - Exception caught: null
2025-09-15 13:59:43,742 [INFO] MicroXplorer:468 - Change Database Path : 
2025-09-15 13:59:43,743 [INFO] MicroXplorer:498 - Change Database Version : DB.6.0.150
2025-09-15 13:59:43,851 [ERROR] ProjectManagerView:395 - 
java.lang.NullPointerException: Cannot invoke "javax.swing.JTextField.getText()" because the return value of "java.util.List.get(int)" is null
	at com.st.microxplorer.plugins.projectmanager.gui.ProjectChoiceTab$9.caretUpdate(ProjectChoiceTab.java:2706) ~[filemanager.jar:?]
	at javax.swing.text.JTextComponent.fireCaretUpdate(JTextComponent.java:408) ~[?:?]
	at javax.swing.text.JTextComponent$MutableCaretEvent.fire(JTextComponent.java:4484) ~[?:?]
	at javax.swing.text.JTextComponent$MutableCaretEvent.stateChanged(JTextComponent.java:4506) ~[?:?]
	at javax.swing.text.DefaultCaret.fireStateChanged(DefaultCaret.java:857) ~[?:?]
	at javax.swing.text.DefaultCaret.changeCaretPosition(DefaultCaret.java:1343) ~[?:?]
	at javax.swing.text.DefaultCaret.handleSetDot(DefaultCaret.java:1242) ~[?:?]
	at javax.swing.text.DefaultCaret.setDot(DefaultCaret.java:1223) ~[?:?]
	at javax.swing.text.DefaultCaret$Handler.insertUpdate(DefaultCaret.java:1819) ~[?:?]
	at javax.swing.text.AbstractDocument.fireInsertUpdate(AbstractDocument.java:227) ~[?:?]
	at javax.swing.text.AbstractDocument.handleInsertString(AbstractDocument.java:781) ~[?:?]
	at javax.swing.text.AbstractDocument.insertString(AbstractDocument.java:740) ~[?:?]
	at javax.swing.text.PlainDocument.insertString(PlainDocument.java:131) ~[?:?]
	at javax.swing.text.AbstractDocument.replace(AbstractDocument.java:699) ~[?:?]
	at javax.swing.text.JTextComponent.setText(JTextComponent.java:1725) ~[?:?]
	at com.st.microxplorer.plugins.projectmanager.gui.ProjectChoiceTab.createHeapStackFields(ProjectChoiceTab.java:993) ~[filemanager.jar:?]
	at com.st.microxplorer.plugins.projectmanager.gui.ProjectChoiceTab.buildLinkSettingsPanel(ProjectChoiceTab.java:3813) ~[filemanager.jar:?]
	at com.st.microxplorer.plugins.projectmanager.gui.ProjectChoiceTab.defineWindowsFields(ProjectChoiceTab.java:1987) ~[filemanager.jar:?]
	at com.st.microxplorer.plugins.projectmanager.gui.ProjectChoiceTab.updateSettings(ProjectChoiceTab.java:558) ~[filemanager.jar:?]
	at com.st.microxplorer.plugins.projectmanager.gui.ProjectSettingsPanel.UpdateDialog(ProjectSettingsPanel.java:247) ~[filemanager.jar:?]
	at com.st.microxplorer.plugins.projectmanager.ProjectManagerView.propertyChange(ProjectManagerView.java:392) ~[filemanager.jar:?]
	at java.beans.PropertyChangeSupport.fire(PropertyChangeSupport.java:343) ~[?:?]
	at java.beans.PropertyChangeSupport.firePropertyChange(PropertyChangeSupport.java:335) ~[?:?]
	at java.beans.PropertyChangeSupport.firePropertyChange(PropertyChangeSupport.java:268) ~[?:?]
	at com.st.microxplorer.util.MXPropertyChangeSupport.firePropertyChange(MXPropertyChangeSupport.java:54) ~[STM32CubeMX.jar:?]
	at com.st.microxplorer.mxsystem.MxSystem.closeConfig(MxSystem.java:899) ~[STM32CubeMX.jar:?]
	at com.st.microxplorer.maingui.MainPanel.closeConfig(MainPanel.java:792) ~[STM32CubeMX.jar:?]
	at com.st.microxplorer.plugins.filemanager.engine.OpenFileManager.loadConfigurationFile(OpenFileManager.java:288) ~[filemanager.jar:?]
	at com.st.microxplorer.plugins.filemanager.engine.MainFileManager.userLoadConfig(MainFileManager.java:364) ~[filemanager.jar:?]
	at com.st.microxplorer.plugins.filemanager.engine.MainFileManager.userLoadConfig(MainFileManager.java:342) ~[filemanager.jar:?]
	at com.st.microxplorer.plugins.filemanager.FileManagerView.getSpecificTask(FileManagerView.java:264) ~[filemanager.jar:?]
	at com.st.stm32cube.common.mx.editor.CubeMxEditor.getMxTabbedPaneInstance(CubeMxEditor.java:1198) ~[com.st.stm32cube.common.mx_6.15.0.202507011659/:?]
	at com.st.stm32cube.common.mx.editor.CubeMxEditor$12$1.createSwingComponent(CubeMxEditor.java:1068) ~[com.st.stm32cube.common.mx_6.15.0.202507011659/:?]
	at com.st.stm32cube.common.mx.oss.core.awtswtbridge.EmbeddedSwingComposite.doComponentCreation(EmbeddedSwingComposite.java:492) ~[com.st.stm32cube.common.mx.oss_6.15.0.202507011659/:?]
	at com.st.stm32cube.common.mx.oss.core.awtswtbridge.EmbeddedSwingComposite$4.run(EmbeddedSwingComposite.java:291) ~[com.st.stm32cube.common.mx.oss_6.15.0.202507011659/:?]
	at com.st.stm32cube.common.mx.oss.core.awtswtbridge.AwtEnvironment$2.run(AwtEnvironment.java:166) ~[com.st.stm32cube.common.mx.oss_6.15.0.202507011659/:?]
	at java.awt.event.InvocationEvent.dispatch(InvocationEvent.java:318) ~[?:?]
	at java.awt.EventQueue.dispatchEventImpl(EventQueue.java:773) ~[?:?]
	at java.awt.EventQueue$4.run(EventQueue.java:720) ~[?:?]
	at java.awt.EventQueue$4.run(EventQueue.java:714) ~[?:?]
	at java.security.AccessController.doPrivileged(AccessController.java:400) ~[?:?]
	at java.security.ProtectionDomain$JavaSecurityAccessImpl.doIntersectionPrivilege(ProtectionDomain.java:87) ~[?:?]
	at java.awt.EventQueue.dispatchEvent(EventQueue.java:742) ~[?:?]
	at java.awt.EventDispatchThread.pumpOneEventForFilters(EventDispatchThread.java:203) ~[?:?]
	at java.awt.EventDispatchThread.pumpEventsForFilter(EventDispatchThread.java:124) ~[?:?]
	at java.awt.EventDispatchThread.pumpEventsForHierarchy(EventDispatchThread.java:113) ~[?:?]
	at java.awt.EventDispatchThread.pumpEvents(EventDispatchThread.java:109) ~[?:?]
	at java.awt.EventDispatchThread.pumpEvents(EventDispatchThread.java:101) ~[?:?]
	at java.awt.EventDispatchThread.run(EventDispatchThread.java:90) ~[?:?]
2025-09-15 13:59:43,857 [WARN] ThirdParty:871 - waiting for thirdparty lock release [close project]
2025-09-15 13:59:43,858 [INFO] ThirdParty:873 - entering critical section [close project]
2025-09-15 13:59:43,858 [INFO] ThirdParty:883 - exiting critical section [close project]
2025-09-15 13:59:43,876 [INFO] PinOutPanel:1589 - setPackage(No Configuration,No Configuration)
2025-09-15 13:59:43,890 [INFO] AI:982 - onDisable adding AI com.st.microxplorer.plugins.ip.ai.AI@3eb14554 on STMicroelectronics.X-CUBE-AI.10.2.0_Appli
2025-09-15 13:59:44,199 [INFO] UtilMem:75 - Begin LoadConfig() Used Memory: 888034600 Bytes (1073741824)
2025-09-15 13:59:44,200 [INFO] MicroXplorer:468 - Change Database Path : 
2025-09-15 13:59:44,202 [INFO] MicroXplorer:498 - Change Database Version : DB.6.0.150
2025-09-15 13:59:44,202 [INFO] OpenFileManager:355 - Change cursor
2025-09-15 13:59:44,427 [INFO] RulesReader:64 - Compatibility file has been processed (317 Rules)
2025-09-15 13:59:44,466 [INFO] Mcu:2029 - Initializing MCU STM32N657X0HxQ STM32N657X0HxQ STM32N657X0H3Q
2025-09-15 13:59:51,880 [INFO] Context:786 - Trying to add GPIOservice into a context  which must be forbidden
2025-09-15 13:59:51,880 [INFO] Context:786 - Trying to add GPIOservice into a context  which must be forbidden
2025-09-15 13:59:51,880 [INFO] Context:786 - Trying to add GPIOservice into a context  which must be forbidden
2025-09-15 13:59:51,880 [INFO] Context:786 - Trying to add GPIOservice into a context  which must be forbidden
2025-09-15 13:59:51,880 [INFO] Context:786 - Trying to add GPIOservice into a context  which must be forbidden
2025-09-15 13:59:54,121 [INFO] ApiDbMcu:532 - Load IP Config File for STMicroelectronics.X-CUBE-AI.10.2.0_Appli
2025-09-15 13:59:54,451 [INFO] ApiDbMcu:532 - Load IP Config File for NUCLEO-N657X0-Q
2025-09-15 13:59:54,605 [INFO] Context:786 - Trying to add GPIOservice into a context  which must be forbidden
2025-09-15 13:59:54,613 [INFO] Context:786 - Trying to add GPIOservice into a context  which must be forbidden
2025-09-15 13:59:54,617 [ERROR] Context:921 - The IP RIF is not set in context FSBL
2025-09-15 13:59:54,619 [INFO] Context:786 - Trying to add GPIOservice into a context  which must be forbidden
2025-09-15 13:59:54,649 [INFO] ImportTextPane:234 - (OptionalMessage_ERROR) Unable to find key (Mcu.IP15) in loaded IOC file
2025-09-15 13:59:54,649 [INFO] ImportTextPane:234 - (OptionalMessage_ERROR) Unknown IP (dummy)
2025-09-15 13:59:54,786 [WARN] ModelIntegratedComponent:63 - No mode defined for component null
2025-09-15 13:59:54,786 [WARN] ModelIntegratedComponent:63 - No mode defined for component null
2025-09-15 13:59:54,787 [WARN] ModelIntegratedComponent:63 - No mode defined for component null
2025-09-15 13:59:54,787 [WARN] ModelIntegratedComponent:63 - No mode defined for component null
2025-09-15 13:59:54,787 [WARN] ModelIntegratedComponent:63 - No mode defined for component null
2025-09-15 13:59:54,787 [WARN] ModelIntegratedComponent:63 - No mode defined for component null
2025-09-15 13:59:54,787 [WARN] ModelIntegratedComponent:63 - No mode defined for component null
2025-09-15 13:59:54,787 [WARN] ModelIntegratedComponent:63 - No mode defined for component null
2025-09-15 13:59:54,787 [WARN] ModelIntegratedComponent:63 - No mode defined for component null
2025-09-15 13:59:54,787 [WARN] ModelIntegratedComponent:63 - No mode defined for component null
2025-09-15 13:59:54,787 [WARN] ModelIntegratedComponent:63 - No mode defined for component null
2025-09-15 13:59:54,787 [WARN] ModelIntegratedComponent:63 - No mode defined for component null
2025-09-15 13:59:54,787 [WARN] ModelIntegratedComponent:63 - No mode defined for component null
2025-09-15 13:59:54,787 [WARN] ModelIntegratedComponent:63 - No mode defined for component null
2025-09-15 13:59:54,787 [WARN] ModelIntegratedComponent:63 - No mode defined for component null
2025-09-15 13:59:54,787 [WARN] ModelIntegratedComponent:63 - No mode defined for component null
2025-09-15 13:59:54,787 [WARN] ModelIntegratedComponent:63 - No mode defined for component null
2025-09-15 13:59:54,787 [WARN] ModelIntegratedComponent:63 - No mode defined for component null
2025-09-15 13:59:54,788 [WARN] ModelIntegratedComponent:63 - No mode defined for component null
2025-09-15 13:59:54,788 [WARN] ModelIntegratedComponent:63 - No mode defined for component null
2025-09-15 13:59:54,788 [WARN] ModelIntegratedComponent:63 - No mode defined for component null
2025-09-15 13:59:54,788 [WARN] ModelIntegratedComponent:63 - No mode defined for component null
2025-09-15 13:59:54,788 [WARN] ModelIntegratedComponent:63 - No mode defined for component null
2025-09-15 13:59:54,788 [WARN] ModelIntegratedComponent:63 - No mode defined for component null
2025-09-15 13:59:54,788 [WARN] ModelIntegratedComponent:63 - No mode defined for component null
2025-09-15 13:59:54,788 [WARN] ModelIntegratedComponent:63 - No mode defined for component null
2025-09-15 13:59:54,788 [WARN] ModelIntegratedComponent:63 - No mode defined for component null
2025-09-15 13:59:54,788 [WARN] ModelIntegratedComponent:63 - No mode defined for component null
2025-09-15 13:59:54,789 [WARN] ModelIntegratedComponent:63 - No mode defined for component null
2025-09-15 13:59:54,789 [WARN] ModelIntegratedComponent:63 - No mode defined for component null
2025-09-15 13:59:54,789 [WARN] ModelIntegratedComponent:63 - No mode defined for component null
2025-09-15 13:59:54,789 [WARN] ModelIntegratedComponent:63 - No mode defined for component null
2025-09-15 13:59:54,789 [WARN] ModelIntegratedComponent:63 - No mode defined for component null
2025-09-15 13:59:54,789 [WARN] ModelIntegratedComponent:63 - No mode defined for component null
2025-09-15 13:59:54,789 [WARN] ModelIntegratedComponent:63 - No mode defined for component null
2025-09-15 13:59:54,789 [WARN] ModelPack:524 - Component already loaded: STMicroelectronics:HAL Drivers:0.0.0:STMicroelectronics:Device:STMicro_Driver:XSPI:HAL::0.0.1:HAL_XSPI
2025-09-15 13:59:54,805 [INFO] RtosManager:558 - Registered RTOS mode: class=RTOS, group=ThreadX, mode=Core, owner=THREADX
2025-09-15 13:59:54,976 [WARN] ModelIntegratedComponent:63 - No mode defined for component null
2025-09-15 13:59:54,976 [WARN] ModelIntegratedComponent:63 - No mode defined for component null
2025-09-15 13:59:54,976 [WARN] ModelIntegratedComponent:63 - No mode defined for component null
2025-09-15 13:59:54,976 [WARN] ModelIntegratedComponent:63 - No mode defined for component null
2025-09-15 13:59:54,976 [WARN] ModelIntegratedComponent:63 - No mode defined for component null
2025-09-15 13:59:54,976 [WARN] ModelIntegratedComponent:63 - No mode defined for component null
2025-09-15 13:59:54,976 [WARN] ModelIntegratedComponent:63 - No mode defined for component null
2025-09-15 13:59:54,977 [WARN] ModelIntegratedComponent:63 - No mode defined for component null
2025-09-15 13:59:54,977 [WARN] ModelIntegratedComponent:63 - No mode defined for component null
2025-09-15 13:59:54,977 [WARN] ModelIntegratedComponent:63 - No mode defined for component null
2025-09-15 13:59:54,977 [WARN] ModelIntegratedComponent:63 - No mode defined for component null
2025-09-15 13:59:54,977 [WARN] ModelIntegratedComponent:63 - No mode defined for component null
2025-09-15 13:59:54,977 [WARN] ModelIntegratedComponent:63 - No mode defined for component null
2025-09-15 13:59:54,977 [WARN] ModelIntegratedComponent:63 - No mode defined for component null
2025-09-15 13:59:54,977 [WARN] ModelIntegratedComponent:63 - No mode defined for component null
2025-09-15 13:59:54,977 [WARN] ModelIntegratedComponent:63 - No mode defined for component null
2025-09-15 13:59:54,977 [WARN] ModelIntegratedComponent:63 - No mode defined for component null
2025-09-15 13:59:54,977 [WARN] ModelIntegratedComponent:63 - No mode defined for component null
2025-09-15 13:59:54,977 [WARN] ModelIntegratedComponent:63 - No mode defined for component null
2025-09-15 13:59:54,978 [WARN] ModelIntegratedComponent:63 - No mode defined for component null
2025-09-15 13:59:54,978 [WARN] ModelIntegratedComponent:63 - No mode defined for component null
2025-09-15 13:59:54,978 [WARN] ModelIntegratedComponent:63 - No mode defined for component null
2025-09-15 13:59:54,978 [WARN] ModelIntegratedComponent:63 - No mode defined for component null
2025-09-15 13:59:54,978 [WARN] ModelIntegratedComponent:63 - No mode defined for component null
2025-09-15 13:59:54,978 [WARN] ModelIntegratedComponent:63 - No mode defined for component null
2025-09-15 13:59:54,978 [WARN] ModelIntegratedComponent:63 - No mode defined for component null
2025-09-15 13:59:54,978 [WARN] ModelIntegratedComponent:63 - No mode defined for component null
2025-09-15 13:59:54,978 [WARN] ModelIntegratedComponent:63 - No mode defined for component null
2025-09-15 13:59:54,978 [WARN] ModelIntegratedComponent:63 - No mode defined for component null
2025-09-15 13:59:54,978 [WARN] ModelIntegratedComponent:63 - No mode defined for component null
2025-09-15 13:59:54,978 [WARN] ModelIntegratedComponent:63 - No mode defined for component null
2025-09-15 13:59:54,978 [WARN] ModelIntegratedComponent:63 - No mode defined for component null
2025-09-15 13:59:54,978 [WARN] ModelIntegratedComponent:63 - No mode defined for component null
2025-09-15 13:59:54,979 [WARN] ModelIntegratedComponent:63 - No mode defined for component null
2025-09-15 13:59:54,979 [WARN] ModelIntegratedComponent:63 - No mode defined for component null
2025-09-15 13:59:54,979 [WARN] ModelPack:524 - Component already loaded: STMicroelectronics:HAL Drivers:0.0.0:STMicroelectronics:Device:STMicro_Driver:XSPI:HAL::0.0.1:HAL_XSPI
2025-09-15 13:59:54,984 [INFO] RtosManager:558 - Registered RTOS mode: class=RTOS, group=ThreadX, mode=Core, owner=THREADX
2025-09-15 13:59:55,036 [WARN] ModelIntegratedComponent:63 - No mode defined for component null
2025-09-15 13:59:55,036 [WARN] ModelIntegratedComponent:63 - No mode defined for component null
2025-09-15 13:59:55,036 [WARN] ModelIntegratedComponent:63 - No mode defined for component null
2025-09-15 13:59:55,037 [WARN] ModelIntegratedComponent:63 - No mode defined for component null
2025-09-15 13:59:55,037 [WARN] ModelIntegratedComponent:63 - No mode defined for component null
2025-09-15 13:59:55,037 [WARN] ModelIntegratedComponent:63 - No mode defined for component null
2025-09-15 13:59:55,037 [WARN] ModelIntegratedComponent:63 - No mode defined for component null
2025-09-15 13:59:55,038 [WARN] ModelIntegratedComponent:63 - No mode defined for component null
2025-09-15 13:59:55,038 [WARN] ModelIntegratedComponent:63 - No mode defined for component null
2025-09-15 13:59:55,038 [WARN] ModelIntegratedComponent:63 - No mode defined for component null
2025-09-15 13:59:55,038 [WARN] ModelIntegratedComponent:63 - No mode defined for component null
2025-09-15 13:59:55,038 [WARN] ModelIntegratedComponent:63 - No mode defined for component null
2025-09-15 13:59:55,038 [WARN] ModelIntegratedComponent:63 - No mode defined for component null
2025-09-15 13:59:55,038 [WARN] ModelIntegratedComponent:63 - No mode defined for component null
2025-09-15 13:59:55,038 [WARN] ModelIntegratedComponent:63 - No mode defined for component null
2025-09-15 13:59:55,039 [WARN] ModelIntegratedComponent:63 - No mode defined for component null
2025-09-15 13:59:55,039 [WARN] ModelIntegratedComponent:63 - No mode defined for component null
2025-09-15 13:59:55,039 [WARN] ModelIntegratedComponent:63 - No mode defined for component null
2025-09-15 13:59:55,039 [WARN] ModelIntegratedComponent:63 - No mode defined for component null
2025-09-15 13:59:55,039 [WARN] ModelIntegratedComponent:63 - No mode defined for component null
2025-09-15 13:59:55,039 [WARN] ModelIntegratedComponent:63 - No mode defined for component null
2025-09-15 13:59:55,039 [WARN] ModelIntegratedComponent:63 - No mode defined for component null
2025-09-15 13:59:55,039 [WARN] ModelIntegratedComponent:63 - No mode defined for component null
2025-09-15 13:59:55,039 [WARN] ModelIntegratedComponent:63 - No mode defined for component null
2025-09-15 13:59:55,039 [WARN] ModelIntegratedComponent:63 - No mode defined for component null
2025-09-15 13:59:55,039 [WARN] ModelIntegratedComponent:63 - No mode defined for component null
2025-09-15 13:59:55,039 [WARN] ModelIntegratedComponent:63 - No mode defined for component null
2025-09-15 13:59:55,039 [WARN] ModelIntegratedComponent:63 - No mode defined for component null
2025-09-15 13:59:55,039 [WARN] ModelIntegratedComponent:63 - No mode defined for component null
2025-09-15 13:59:55,039 [WARN] ModelIntegratedComponent:63 - No mode defined for component null
2025-09-15 13:59:55,040 [WARN] ModelIntegratedComponent:63 - No mode defined for component null
2025-09-15 13:59:55,040 [WARN] ModelIntegratedComponent:63 - No mode defined for component null
2025-09-15 13:59:55,040 [WARN] ModelIntegratedComponent:63 - No mode defined for component null
2025-09-15 13:59:55,040 [WARN] ModelIntegratedComponent:63 - No mode defined for component null
2025-09-15 13:59:55,040 [WARN] ModelIntegratedComponent:63 - No mode defined for component null
2025-09-15 13:59:55,040 [WARN] ModelPack:524 - Component already loaded: STMicroelectronics:HAL Drivers:0.0.0:STMicroelectronics:Device:STMicro_Driver:XSPI:HAL::0.0.1:HAL_XSPI
2025-09-15 13:59:55,045 [INFO] RtosManager:558 - Registered RTOS mode: class=RTOS, group=ThreadX, mode=Core, owner=THREADX
2025-09-15 13:59:55,105 [ERROR] ThirdPartyModel:1051 - Thirdparty pack not in same context : STMicroelectronics.X-CUBE-AI.10.2.0_Appli
2025-09-15 13:59:55,105 [ERROR] ThirdPartyModel:1051 - Thirdparty pack not in same context : STMicroelectronics.X-CUBE-AI.10.2.0_Appli
2025-09-15 13:59:55,980 [INFO] ApiDbMcu:532 - Load IP Config File for EXTMEM_MANAGER
2025-09-15 13:59:56,003 [INFO] ThirdPartyModel:298 - Start build external matchings
2025-09-15 13:59:56,219 [INFO] ThirdPartyModel:316 - End build external matchings
2025-09-15 13:59:56,227 [INFO] ThirdPartyModel:298 - Start build external matchings
2025-09-15 13:59:56,423 [INFO] ThirdPartyModel:316 - End build external matchings
2025-09-15 13:59:56,429 [INFO] ThirdPartyModel:298 - Start build external matchings
2025-09-15 13:59:56,611 [INFO] ThirdPartyModel:316 - End build external matchings
2025-09-15 13:59:56,618 [INFO] ImportTextPane:234 - (OptionalMessage_ERROR) IP (CORTEX_M55_FSBL) : Invalid parameter (Attributes0)
2025-09-15 13:59:56,618 [INFO] ImportTextPane:234 - (OptionalMessage_ERROR) IP (CORTEX_M55_FSBL) : Invalid parameter (Memorytype0)
2025-09-15 13:59:56,618 [INFO] ImportTextPane:234 - (OptionalMessage_ERROR) IP (CORTEX_M55_FSBL) : Parameter (CacheableAttribute0) has invalid value (MPU_WRITE_BACK)
2025-09-15 13:59:56,618 [INFO] ImportTextPane:234 - (OptionalMessage_ERROR) IP (CORTEX_M55_FSBL) : Parameter (TransientAttribute0) has invalid value (MPU_NON_TRANSIENT)
2025-09-15 13:59:56,618 [INFO] ImportTextPane:234 - (OptionalMessage_ERROR) IP (CORTEX_M55_FSBL) : Parameter (AllocateAttribute0) has invalid value (MPU_R_ALLOCATE)
2025-09-15 13:59:56,618 [WARN] IP:2250 - RefParam_XIP_memory not found: check if there is a RefParameter without a condition.
2025-09-15 13:59:56,619 [WARN] IP:2250 - RefParam_MEMORY_1_Size not found: check if there is a RefParameter without a condition.
2025-09-15 13:59:56,619 [WARN] IP:2250 - RefParam_MEMORY_1_FreqMax not found: check if there is a RefParameter without a condition.
2025-09-15 13:59:56,619 [WARN] IP:2250 - RefParam_MEMORY_1_ReadReg not found: check if there is a RefParameter without a condition.
2025-09-15 13:59:56,619 [WARN] IP:2250 - RefParam_MEMORY_1_WriteReg not found: check if there is a RefParameter without a condition.
2025-09-15 13:59:56,619 [WARN] IP:2250 - RefParam_MEMORY_1_RegSize not found: check if there is a RefParameter without a condition.
2025-09-15 13:59:56,619 [WARN] IP:2250 - RefParam_MEMORY_1_RegDummyCycle not found: check if there is a RefParameter without a condition.
2025-09-15 13:59:56,619 [WARN] IP:2250 - RefParam_MEMORY_1_WriteCommand not found: check if there is a RefParameter without a condition.
2025-09-15 13:59:56,619 [WARN] IP:2250 - RefParam_MEMORY_1_WriteDummyCycle not found: check if there is a RefParameter without a condition.
2025-09-15 13:59:56,619 [WARN] IP:2250 - RefParam_MEMORY_1_ReadCommand not found: check if there is a RefParameter without a condition.
2025-09-15 13:59:56,619 [WARN] IP:2250 - RefParam_MEMORY_1_WrapReadCommand not found: check if there is a RefParameter without a condition.
2025-09-15 13:59:56,619 [WARN] IP:2250 - RefParam_MEMORY_1_ReadDummyCycle not found: check if there is a RefParameter without a condition.
2025-09-15 13:59:56,619 [WARN] IP:2250 - RefParam_MEMORY_1_NumberOfConfig not found: check if there is a RefParameter without a condition.
2025-09-15 13:59:56,619 [WARN] IP:2250 - RefParam_MEMORY_1_Config1_WriteMask not found: check if there is a RefParameter without a condition.
2025-09-15 13:59:56,619 [WARN] IP:2250 - RefParam_MEMORY_1_Config1_WriteValue not found: check if there is a RefParameter without a condition.
2025-09-15 13:59:56,619 [WARN] IP:2250 - RefParam_MEMORY_1_Config1_RegAddress not found: check if there is a RefParameter without a condition.
2025-09-15 13:59:56,619 [WARN] IP:2250 - RefParam_MEMORY_1_Config2_WriteMask not found: check if there is a RefParameter without a condition.
2025-09-15 13:59:56,619 [WARN] IP:2250 - RefParam_MEMORY_1_Config2_WriteValue not found: check if there is a RefParameter without a condition.
2025-09-15 13:59:56,619 [WARN] IP:2250 - RefParam_MEMORY_1_Config2_RegAddress not found: check if there is a RefParameter without a condition.
2025-09-15 13:59:56,619 [WARN] IP:2250 - RefParam_MEMORY_1_Config3_WriteMask not found: check if there is a RefParameter without a condition.
2025-09-15 13:59:56,619 [WARN] IP:2250 - RefParam_MEMORY_1_Config3_WriteValue not found: check if there is a RefParameter without a condition.
2025-09-15 13:59:56,619 [WARN] IP:2250 - RefParam_MEMORY_1_Config3_RegAddress not found: check if there is a RefParameter without a condition.
2025-09-15 13:59:56,619 [WARN] IP:2250 - RefParam_MEMORY_2_Instance not found: check if there is a RefParameter without a condition.
2025-09-15 13:59:56,619 [WARN] IP:2250 - RefParam_MEMORY_2_ConfigType not found: check if there is a RefParameter without a condition.
2025-09-15 13:59:56,619 [WARN] IP:2250 - RefParam_MEMORY_2_Size not found: check if there is a RefParameter without a condition.
2025-09-15 13:59:56,619 [WARN] IP:2250 - RefParam_MEMORY_2_FreqMax not found: check if there is a RefParameter without a condition.
2025-09-15 13:59:56,619 [WARN] IP:2250 - RefParam_MEMORY_2_ReadReg not found: check if there is a RefParameter without a condition.
2025-09-15 13:59:56,619 [WARN] IP:2250 - RefParam_MEMORY_2_WriteReg not found: check if there is a RefParameter without a condition.
2025-09-15 13:59:56,619 [WARN] IP:2250 - RefParam_MEMORY_2_RegSize not found: check if there is a RefParameter without a condition.
2025-09-15 13:59:56,619 [WARN] IP:2250 - RefParam_MEMORY_2_RegDummyCycle not found: check if there is a RefParameter without a condition.
2025-09-15 13:59:56,619 [WARN] IP:2250 - RefParam_MEMORY_2_WriteCommand not found: check if there is a RefParameter without a condition.
2025-09-15 13:59:56,619 [WARN] IP:2250 - RefParam_MEMORY_2_WriteDummyCycle not found: check if there is a RefParameter without a condition.
2025-09-15 13:59:56,619 [WARN] IP:2250 - RefParam_MEMORY_2_ReadCommand not found: check if there is a RefParameter without a condition.
2025-09-15 13:59:56,619 [WARN] IP:2250 - RefParam_MEMORY_2_WrapReadCommand not found: check if there is a RefParameter without a condition.
2025-09-15 13:59:56,619 [WARN] IP:2250 - RefParam_MEMORY_2_ReadDummyCycle not found: check if there is a RefParameter without a condition.
2025-09-15 13:59:56,619 [WARN] IP:2250 - RefParam_MEMORY_2_NumberOfConfig not found: check if there is a RefParameter without a condition.
2025-09-15 13:59:56,619 [WARN] IP:2250 - RefParam_MEMORY_2_Config1_WriteMask not found: check if there is a RefParameter without a condition.
2025-09-15 13:59:56,619 [WARN] IP:2250 - RefParam_MEMORY_2_Config1_WriteValue not found: check if there is a RefParameter without a condition.
2025-09-15 13:59:56,619 [WARN] IP:2250 - RefParam_MEMORY_2_Config1_RegAddress not found: check if there is a RefParameter without a condition.
2025-09-15 13:59:56,619 [WARN] IP:2250 - RefParam_MEMORY_2_Config2_WriteMask not found: check if there is a RefParameter without a condition.
2025-09-15 13:59:56,619 [WARN] IP:2250 - RefParam_MEMORY_2_Config2_WriteValue not found: check if there is a RefParameter without a condition.
2025-09-15 13:59:56,619 [WARN] IP:2250 - RefParam_MEMORY_2_Config2_RegAddress not found: check if there is a RefParameter without a condition.
2025-09-15 13:59:56,619 [WARN] IP:2250 - RefParam_MEMORY_2_Config3_WriteMask not found: check if there is a RefParameter without a condition.
2025-09-15 13:59:56,619 [WARN] IP:2250 - RefParam_MEMORY_2_Config3_WriteValue not found: check if there is a RefParameter without a condition.
2025-09-15 13:59:56,619 [WARN] IP:2250 - RefParam_MEMORY_2_Config3_RegAddress not found: check if there is a RefParameter without a condition.
2025-09-15 13:59:56,647 [INFO] ImportTextPane:234 - (OptionalMessage_ERROR) IP (RIF) : Invalid parameter ()
2025-09-15 13:59:56,647 [INFO] ImportTextPane:234 - (OptionalMessage_ERROR) IP (RIF) : Invalid parameter ()
2025-09-15 13:59:56,647 [INFO] ImportTextPane:234 - (OptionalMessage_ERROR) IP (RIF) : Invalid parameter ()
2025-09-15 13:59:56,647 [INFO] ImportTextPane:234 - (OptionalMessage_ERROR) IP (RIF) : Invalid parameter ()
2025-09-15 13:59:56,647 [INFO] ImportTextPane:234 - (OptionalMessage_ERROR) IP (RIF) : Invalid parameter ()
2025-09-15 13:59:56,648 [INFO] ImportTextPane:234 - (OptionalMessage_ERROR) IP (STMicroelectronics.X-CUBE-AI.10.2.0_Appli) : Parameter (ModelName) has Id (f791fad752eeb64fd5ada2722a9584e122ebc38b9eccb3c0c9cfd36ad2dc72e4) currently not set
2025-09-15 13:59:56,648 [INFO] ImportTextPane:234 - (OptionalMessage_ERROR) IP (STMicroelectronics.X-CUBE-AI.10.2.0_Appli) : Parameter (ModelKind) has Id (f791fad752eeb64fd5ada2722a9584e122ebc38b9eccb3c0c9cfd36ad2dc72e4) currently not set
2025-09-15 13:59:56,648 [INFO] ImportTextPane:234 - (OptionalMessage_ERROR) IP (STMicroelectronics.X-CUBE-AI.10.2.0_Appli) : Parameter (ModelCompression) has Id (f791fad752eeb64fd5ada2722a9584e122ebc38b9eccb3c0c9cfd36ad2dc72e4) currently not set
2025-09-15 13:59:56,648 [INFO] ImportTextPane:234 - (OptionalMessage_ERROR) IP (STMicroelectronics.X-CUBE-AI.10.2.0_Appli) : Invalid parameter (LatestDirectoryUsed)
2025-09-15 13:59:56,648 [INFO] ImportTextPane:234 - (OptionalMessage_ERROR) IP (STMicroelectronics.X-CUBE-AI.10.2.0_Appli) : Parameter (ModelStructureFile) has Id (f791fad752eeb64fd5ada2722a9584e122ebc38b9eccb3c0c9cfd36ad2dc72e4) currently not set
2025-09-15 13:59:56,648 [INFO] ImportTextPane:234 - (OptionalMessage_ERROR) IP (STMicroelectronics.X-CUBE-AI.10.2.0_Appli) : Parameter (ModelMacc) has Id (f791fad752eeb64fd5ada2722a9584e122ebc38b9eccb3c0c9cfd36ad2dc72e4) currently not set
2025-09-15 13:59:56,648 [INFO] ImportTextPane:234 - (OptionalMessage_ERROR) IP (STMicroelectronics.X-CUBE-AI.10.2.0_Appli) : Parameter (ModelActualCompression) has Id (f791fad752eeb64fd5ada2722a9584e122ebc38b9eccb3c0c9cfd36ad2dc72e4) currently not set
2025-09-15 13:59:56,648 [INFO] ImportTextPane:234 - (OptionalMessage_ERROR) IP (STMicroelectronics.X-CUBE-AI.10.2.0_Appli) : Parameter (ModelRamOccupation) has Id (f791fad752eeb64fd5ada2722a9584e122ebc38b9eccb3c0c9cfd36ad2dc72e4) currently not set
2025-09-15 13:59:56,648 [INFO] ImportTextPane:234 - (OptionalMessage_ERROR) IP (STMicroelectronics.X-CUBE-AI.10.2.0_Appli) : Parameter (ModelFlashOccupation) has Id (f791fad752eeb64fd5ada2722a9584e122ebc38b9eccb3c0c9cfd36ad2dc72e4) currently not set
2025-09-15 13:59:56,648 [INFO] ImportTextPane:234 - (OptionalMessage_ERROR) IP (STMicroelectronics.X-CUBE-AI.10.2.0_Appli) : Parameter (copyWeightToRam) has Id (f791fad752eeb64fd5ada2722a9584e122ebc38b9eccb3c0c9cfd36ad2dc72e4) currently not set
2025-09-15 13:59:56,648 [INFO] ImportTextPane:234 - (OptionalMessage_ERROR) IP (STMicroelectronics.X-CUBE-AI.10.2.0_Appli) : Invalid parameter (useInputAllocation)
2025-09-15 13:59:56,648 [INFO] ImportTextPane:234 - (OptionalMessage_ERROR) IP (STMicroelectronics.X-CUBE-AI.10.2.0_Appli) : Invalid parameter (useOutputAllocation)
2025-09-15 13:59:56,648 [INFO] ImportTextPane:234 - (OptionalMessage_ERROR) IP (STMicroelectronics.X-CUBE-AI.10.2.0_Appli) : Invalid parameter (customLayerConfigEnabled)
2025-09-15 13:59:56,648 [INFO] ImportTextPane:234 - (OptionalMessage_ERROR) IP (STMicroelectronics.X-CUBE-AI.10.2.0_Appli) : Invalid parameter (noOnnxIoTranspose)
2025-09-15 13:59:56,648 [INFO] ImportTextPane:234 - (OptionalMessage_ERROR) IP (STMicroelectronics.X-CUBE-AI.10.2.0_Appli) : Parameter (ModelType) has Id (f791fad752eeb64fd5ada2722a9584e122ebc38b9eccb3c0c9cfd36ad2dc72e4) currently not set
2025-09-15 13:59:56,648 [INFO] ImportTextPane:234 - (OptionalMessage_ERROR) IP (STMicroelectronics.X-CUBE-AI.10.2.0_Appli) : Invalid parameter (MaximumNumberOfInputLayer)
2025-09-15 13:59:56,648 [INFO] ImportTextPane:234 - (OptionalMessage_ERROR) IP (STMicroelectronics.X-CUBE-AI.10.2.0_Appli) : Invalid parameter (MaximumNumberOfOutputLayer)
2025-09-15 13:59:56,648 [INFO] ImportTextPane:234 - (OptionalMessage_ERROR) IP (STMicroelectronics.X-CUBE-AI.10.2.0_Appli) : Invalid parameter (ValidationInputFileHistory)
2025-09-15 13:59:56,648 [INFO] ImportTextPane:234 - (OptionalMessage_ERROR) IP (STMicroelectronics.X-CUBE-AI.10.2.0_Appli) : Invalid parameter (useInputAllocation)
2025-09-15 13:59:56,648 [INFO] ImportTextPane:234 - (OptionalMessage_ERROR) IP (STMicroelectronics.X-CUBE-AI.10.2.0_Appli) : Invalid parameter (useOutputAllocation)
2025-09-15 13:59:56,648 [INFO] ImportTextPane:234 - (OptionalMessage_ERROR) IP (STMicroelectronics.X-CUBE-AI.10.2.0_Appli) : Invalid parameter (customLayerConfigEnabled)
2025-09-15 13:59:56,648 [INFO] ImportTextPane:234 - (OptionalMessage_ERROR) IP (STMicroelectronics.X-CUBE-AI.10.2.0_Appli) : Invalid parameter (noOnnxIoTranspose)
2025-09-15 13:59:56,648 [INFO] ImportTextPane:234 - (OptionalMessage_ERROR) IP (STMicroelectronics.X-CUBE-AI.10.2.0_Appli) : Invalid parameter (ValidationOutputFileHistory)
2025-09-15 13:59:56,648 [INFO] ImportTextPane:234 - (OptionalMessage_ERROR) IP (STMicroelectronics.X-CUBE-AI.10.2.0_Appli) : Invalid parameter (ValidationOutputFile)
2025-09-15 13:59:56,648 [INFO] ImportTextPane:234 - (OptionalMessage_ERROR) IP (STMicroelectronics.X-CUBE-AI.10.2.0_Appli) : Invalid parameter (ValidationInputFile)
2025-09-15 13:59:56,920 [INFO] UtilMem:75 - End LoadConfig() Used Memory: 792121768 Bytes (1073741824)
2025-09-15 13:59:56,942 [WARN] ThirdParty:833 - waiting for thirdparty lock release [change project]
2025-09-15 13:59:56,942 [INFO] ThirdParty:835 - entering critical section [change project]
2025-09-15 13:59:56,943 [INFO] ThirdParty:1030 - CMSIS Pack Vendor :STMicroelectronics X-CUBE-PM33A1 1.0.0
2025-09-15 13:59:56,943 [INFO] ThirdParty:1030 - CMSIS Pack Vendor :STMicroelectronics USBPD 4.1
2025-09-15 13:59:56,943 [INFO] ThirdParty:1030 - CMSIS Pack Vendor :STMicroelectronics X-CUBE-NFC9 1.0.0
2025-09-15 13:59:56,943 [INFO] ThirdParty:1030 - CMSIS Pack Vendor :wolfSSL I-CUBE-wolfSSL 5.8.0
2025-09-15 13:59:56,943 [INFO] ThirdParty:1030 - CMSIS Pack Vendor :STMicroelectronics USB_HOST 2.0.0
2025-09-15 13:59:56,943 [INFO] ThirdParty:1030 - CMSIS Pack Vendor :STMicroelectronics FP-SNS-MOTENVWB1 1.4.0
2025-09-15 13:59:56,943 [INFO] ThirdParty:1030 - CMSIS Pack Vendor :STMicroelectronics X-CUBE-AZRTOS-F4 1.1.0
2025-09-15 13:59:56,943 [INFO] ThirdParty:1030 - CMSIS Pack Vendor :STMicroelectronics LIBJPEG 8.0.0
2025-09-15 13:59:56,943 [INFO] ThirdParty:1030 - CMSIS Pack Vendor :STMicroelectronics FP-ATR-ASTRA1 2.0.2
2025-09-15 13:59:56,943 [INFO] ThirdParty:1030 - CMSIS Pack Vendor :STMicroelectronics X-CUBE-BLE1 7.1.0
2025-09-15 13:59:56,943 [INFO] ThirdParty:1030 - CMSIS Pack Vendor :Avnet-IotConnect X-CUBE-IoTC-DA16k-PMOD 1.0.0
2025-09-15 13:59:56,943 [INFO] ThirdParty:1030 - CMSIS Pack Vendor :STMicroelectronics X-CUBE-SMBUS 2.1.0
2025-09-15 13:59:56,943 [INFO] ThirdParty:1030 - CMSIS Pack Vendor :wolfSSL I-CUBE-wolfMQTT 1.19.2
2025-09-15 13:59:56,943 [INFO] ThirdParty:1030 - CMSIS Pack Vendor :STMicroelectronics USB_DEVICE 3.0.0
2025-09-15 13:59:56,943 [INFO] ThirdParty:1030 - CMSIS Pack Vendor :STMicroelectronics X-CUBE-ISPU 2.1.0
2025-09-15 13:59:56,943 [INFO] ThirdParty:1030 - CMSIS Pack Vendor :STMicroelectronics X-CUBE-EEPRMA1 5.2.0
2025-09-15 13:59:56,943 [INFO] ThirdParty:1030 - CMSIS Pack Vendor :STMicroelectronics X-CUBE-BLEMGR 4.1.0
2025-09-15 13:59:56,943 [INFO] ThirdParty:1030 - CMSIS Pack Vendor :STMicroelectronics X-CUBE-AZRTOS-WB 2.0.0
2025-09-15 13:59:56,943 [INFO] ThirdParty:1030 - CMSIS Pack Vendor :STMicroelectronics X-CUBE-ST60 1.0.0
2025-09-15 13:59:56,943 [INFO] ThirdParty:1030 - CMSIS Pack Vendor :STMicroelectronics X-CUBE-GNSS1 7.0.1
2025-09-15 13:59:56,943 [INFO] ThirdParty:1030 - CMSIS Pack Vendor :STMicroelectronics X-CUBE-NFC12 1.0.0
2025-09-15 13:59:56,943 [INFO] ThirdParty:1030 - CMSIS Pack Vendor :STMicroelectronics X-CUBE-AZRTOS-F7 1.1.0
2025-09-15 13:59:56,943 [INFO] ThirdParty:1030 - CMSIS Pack Vendor :STMicroelectronics X-CUBE-AZRTOS-L5 2.0.0
2025-09-15 13:59:56,943 [INFO] ThirdParty:1030 - CMSIS Pack Vendor :STMicroelectronics X-CUBE-TOUCHGFX 4.25.0
2025-09-15 13:59:56,943 [INFO] ThirdParty:1030 - CMSIS Pack Vendor :STMicroelectronics USB_DEVICE 2.0.0
2025-09-15 13:59:56,943 [INFO] ThirdParty:1030 - CMSIS Pack Vendor :STMicroelectronics X-CUBE-NFC6 3.1.0
2025-09-15 13:59:56,943 [INFO] ThirdParty:1030 - CMSIS Pack Vendor :STMicroelectronics X-CUBE-AI 10.1.0
2025-09-15 13:59:56,943 [INFO] ThirdParty:1030 - CMSIS Pack Vendor :STMicroelectronics FP-SNS-STBOX1 2.0.0
2025-09-15 13:59:56,943 [INFO] ThirdParty:1030 - CMSIS Pack Vendor :quantropi X-CUBE-qispace-sdk-base 2.1.0
2025-09-15 13:59:56,943 [INFO] ThirdParty:1030 - CMSIS Pack Vendor :STMicroelectronics FreeRTOS 0.0.1
2025-09-15 13:59:56,943 [INFO] ThirdParty:1030 - CMSIS Pack Vendor :STMicroelectronics X-CUBE-AZRTOS-G0 1.1.0
2025-09-15 13:59:56,943 [INFO] ThirdParty:1030 - CMSIS Pack Vendor :STMicroelectronics X-CUBE-SAFEA1 1.2.2
2025-09-15 13:59:56,943 [INFO] ThirdParty:1030 - CMSIS Pack Vendor :STMicroelectronics X-CUBE-NFC4 3.0.0
2025-09-15 13:59:56,943 [INFO] ThirdParty:1030 - CMSIS Pack Vendor :STMicroelectronics X-CUBE-SUBG2 5.0.0
2025-09-15 13:59:56,943 [INFO] ThirdParty:1030 - CMSIS Pack Vendor :STMicroelectronics X-CUBE-AZRTOS-H7RS 1.1.0
2025-09-15 13:59:56,943 [INFO] ThirdParty:1030 - CMSIS Pack Vendor :STMicroelectronics STM32_WPAN 1.0.0
2025-09-15 13:59:56,943 [INFO] ThirdParty:1030 - CMSIS Pack Vendor :EmbeddedOffice I-CUBE-FS-RTOS 1.0.1
2025-09-15 13:59:56,943 [INFO] ThirdParty:1030 - CMSIS Pack Vendor :STMicroelectronics lwIP 2.0.3
2025-09-15 13:59:56,943 [INFO] ThirdParty:1030 - CMSIS Pack Vendor :Cesanta I-CUBE-Mongoose 7.13.0
2025-09-15 13:59:56,943 [INFO] ThirdParty:1030 - CMSIS Pack Vendor :STMicroelectronics USB_HOST 1.0.0
2025-09-15 13:59:56,943 [INFO] ThirdParty:1030 - CMSIS Pack Vendor :Infineon AIROC-Wi-Fi-Bluetooth-STM32 1.7.1
2025-09-15 13:59:56,943 [INFO] ThirdParty:1030 - CMSIS Pack Vendor :STMicroelectronics X-CUBE-AZRTOS-G4 2.0.0
2025-09-15 13:59:56,943 [INFO] ThirdParty:1030 - CMSIS Pack Vendor :STMicroelectronics X-CUBE-WB05N 2.0.0
2025-09-15 13:59:56,943 [INFO] ThirdParty:1030 - CMSIS Pack Vendor :STMicroelectronics PDM2PCM 3.1.0
2025-09-15 13:59:56,943 [INFO] ThirdParty:1030 - CMSIS Pack Vendor :STMicroelectronics PDM2PCM 3.3.0
2025-09-15 13:59:56,943 [INFO] ThirdParty:1030 - CMSIS Pack Vendor :wolfSSL I-CUBE-wolfTPM 3.8.0
2025-09-15 13:59:56,943 [INFO] ThirdParty:1030 - CMSIS Pack Vendor :STMicroelectronics X-CUBE-AZRTOS-H7 3.4.0
2025-09-15 13:59:56,943 [INFO] ThirdParty:1030 - CMSIS Pack Vendor :STMicroelectronics X-CUBE-DISPLAY 3.0.0
2025-09-15 13:59:56,943 [INFO] ThirdParty:1030 - CMSIS Pack Vendor :wolfSSL I-CUBE-wolfSSH 1.4.20
2025-09-15 13:59:56,943 [INFO] ThirdParty:1030 - CMSIS Pack Vendor :STMicroelectronics X-CUBE-NFC7 2.0.0
2025-09-15 13:59:56,943 [INFO] ThirdParty:1030 - CMSIS Pack Vendor :STMicroelectronics X-CUBE-TCPP 4.2.0
2025-09-15 13:59:56,944 [INFO] ThirdParty:1030 - CMSIS Pack Vendor :RealThread X-CUBE-RT-Thread_Nano 4.1.1
2025-09-15 13:59:56,944 [INFO] ThirdParty:1030 - CMSIS Pack Vendor :STMicroelectronics FP-ATR-SIGFOX1 3.2.0
2025-09-15 13:59:56,944 [INFO] ThirdParty:1030 - CMSIS Pack Vendor :STMicroelectronics X-CUBE-NFC10 1.0.0
2025-09-15 13:59:56,944 [INFO] ThirdParty:1030 - CMSIS Pack Vendor :STMicroelectronics X-CUBE-FREERTOS 1.3.1
2025-09-15 13:59:56,944 [INFO] ThirdParty:1030 - CMSIS Pack Vendor :STMicroelectronics HAL Drivers 0.0.0
2025-09-15 13:59:56,944 [INFO] ThirdParty:1030 - CMSIS Pack Vendor :STMicroelectronics MBEDTLS 2.16.2
2025-09-15 13:59:56,944 [INFO] ThirdParty:1030 - CMSIS Pack Vendor :STMicroelectronics X-CUBE-IPS 3.1.0
2025-09-15 13:59:56,944 [INFO] ThirdParty:1030 - CMSIS Pack Vendor :STMicroelectronics X-CUBE-ALS 1.0.2
2025-09-15 13:59:56,944 [INFO] ThirdParty:1030 - CMSIS Pack Vendor :emotas I-CUBE-CANOPEN 1.3.0
2025-09-15 13:59:56,944 [INFO] ThirdParty:1030 - CMSIS Pack Vendor :STMicroelectronics MBEDTLS 2.14.1
2025-09-15 13:59:56,944 [INFO] ThirdParty:1030 - CMSIS Pack Vendor :ITTIA_DB I-CUBE-ITTIADB 8.9.0
2025-09-15 13:59:56,944 [INFO] ThirdParty:1030 - CMSIS Pack Vendor :STMicroelectronics X-CUBE-STSE01 1.0.0
2025-09-15 13:59:56,944 [INFO] ThirdParty:1030 - CMSIS Pack Vendor :portGmbH I-Cube-SoM-uGOAL 1.1.0
2025-09-15 13:59:56,944 [INFO] ThirdParty:1030 - CMSIS Pack Vendor :STMicroelectronics X-CUBE-ST67W61 1.0.0
2025-09-15 13:59:56,944 [INFO] ThirdParty:1030 - CMSIS Pack Vendor :STMicroelectronics FP-SNS-STBOX1 2.1.0
2025-09-15 13:59:56,944 [INFO] ThirdParty:1030 - CMSIS Pack Vendor :STMicroelectronics X-CUBE-AI 10.2.0
2025-09-15 13:59:56,944 [INFO] ThirdParty:1030 - CMSIS Pack Vendor :STMicroelectronics FP-SNS-STAIOTCFT 1.0.0
2025-09-15 13:59:56,944 [INFO] ThirdParty:1030 - CMSIS Pack Vendor :STMicroelectronics ThreadX 1.0.0
2025-09-15 13:59:56,944 [INFO] ThirdParty:1030 - CMSIS Pack Vendor :STMicroelectronics FP-SNS-SMARTAG2 1.2.0
2025-09-15 13:59:56,944 [INFO] ThirdParty:1030 - CMSIS Pack Vendor :STMicroelectronics FP-SNS-FLIGHT1 5.1.0
2025-09-15 13:59:56,944 [INFO] ThirdParty:1030 - CMSIS Pack Vendor :STMicroelectronics X-CUBE-AZRTOS-WL 2.0.0
2025-09-15 13:59:56,944 [INFO] ThirdParty:1030 - CMSIS Pack Vendor :SEGGER I-CUBE-embOS 1.3.1
2025-09-15 13:59:56,944 [INFO] ThirdParty:1030 - CMSIS Pack Vendor :STMicroelectronics X-CUBE-ALGOBUILD 1.4.0
2025-09-15 13:59:56,944 [INFO] ThirdParty:1030 - CMSIS Pack Vendor :STMicroelectronics X-CUBE-DPower 1.3.0
2025-09-15 13:59:56,944 [INFO] ThirdParty:1030 - CMSIS Pack Vendor :STMicroelectronics X-CUBE-MEMS1 11.3.0
2025-09-15 13:59:56,944 [INFO] ThirdParty:1030 - CMSIS Pack Vendor :STMicroelectronics FP-SNS-MOTENV1 5.0.0
2025-09-15 13:59:56,944 [INFO] ThirdParty:1030 - CMSIS Pack Vendor :STMicroelectronics USB_DEVICE 1.0.0
2025-09-15 13:59:56,944 [INFO] ThirdParty:1030 - CMSIS Pack Vendor :STMicroelectronics X-CUBE-AZRTOS-L4 2.0.0
2025-09-15 13:59:56,944 [INFO] ThirdParty:1030 - CMSIS Pack Vendor :STMicroelectronics ThreadX 0.0.2
2025-09-15 13:59:56,944 [INFO] ThirdParty:1030 - CMSIS Pack Vendor :WES I-CUBE-Cesium 1.3.0
2025-09-15 13:59:56,944 [INFO] ThirdParty:1030 - CMSIS Pack Vendor :STMicroelectronics lwIP 2.1.2
2025-09-15 13:59:56,944 [INFO] ThirdParty:1030 - CMSIS Pack Vendor :STMicroelectronics X-CUBE-SFXS2LP1 4.0.0
2025-09-15 13:59:56,944 [INFO] ThirdParty:1030 - CMSIS Pack Vendor :STMicroelectronics X-CUBE-BLE2 3.3.0
2025-09-15 13:59:56,944 [INFO] ThirdParty:1030 - CMSIS Pack Vendor :STMicroelectronics X-CUBE-TOF1 3.4.3
2025-09-15 13:59:56,944 [INFO] ThirdParty:1030 - CMSIS Pack Vendor :STMicroelectronics PDM2PCM 3.2.0
2025-09-15 13:59:56,944 [INFO] ThirdParty:841 - exiting critical section [change project]
2025-09-15 13:59:57,457 [INFO] PinOutPanel:1589 - setPackage(No Configuration,No Configuration)
2025-09-15 13:59:57,460 [INFO] PinOutPanel:1589 - setPackage(STM32N657X0HxQ,VFBGA264)
2025-09-15 13:59:58,246 [INFO] UtilMem:75 - Before build in PCC Used Memory: 886647632 Bytes (1073741824)
2025-09-15 13:59:58,578 [INFO] UtilMem:75 - After build in PCC Used Memory: 943792976 Bytes (1073741824)
2025-09-15 13:59:58,612 [INFO] IPUIPlugin:80 - create IPUIPlugin
2025-09-15 13:59:58,612 [INFO] IPUIPlugin:80 - create IPUIPlugin
2025-09-15 13:59:58,613 [INFO] IPUIPlugin:80 - create IPUIPlugin
2025-09-15 13:59:58,613 [INFO] IPUIPlugin:80 - create IPUIPlugin
2025-09-15 13:59:58,613 [INFO] IPUIPlugin:80 - create IPUIPlugin
2025-09-15 13:59:58,613 [INFO] IPUIPlugin:80 - create IPUIPlugin
2025-09-15 13:59:58,613 [INFO] IPUIPlugin:80 - create IPUIPlugin
2025-09-15 13:59:58,613 [INFO] IPUIPlugin:80 - create IPUIPlugin
2025-09-15 13:59:58,613 [INFO] IPUIPlugin:80 - create IPUIPlugin
2025-09-15 13:59:58,613 [INFO] IPUIPlugin:80 - create IPUIPlugin
2025-09-15 13:59:58,614 [INFO] IPUIPlugin:80 - create IPUIPlugin
2025-09-15 13:59:58,614 [INFO] IPUIPlugin:80 - create IPUIPlugin
2025-09-15 13:59:58,614 [INFO] IPUIPlugin:80 - create IPUIPlugin
2025-09-15 13:59:58,614 [INFO] IPUIPlugin:80 - create IPUIPlugin
2025-09-15 13:59:58,614 [INFO] IPUIPlugin:80 - create IPUIPlugin
2025-09-15 13:59:58,614 [INFO] IPUIPlugin:80 - create IPUIPlugin
2025-09-15 13:59:58,614 [INFO] IPUIPlugin:80 - create IPUIPlugin
2025-09-15 13:59:58,615 [INFO] IPUIPlugin:80 - create IPUIPlugin
2025-09-15 13:59:58,615 [INFO] IPUIPlugin:80 - create IPUIPlugin
2025-09-15 13:59:58,615 [INFO] IPUIPlugin:80 - create IPUIPlugin
2025-09-15 13:59:58,615 [INFO] IPUIPlugin:80 - create IPUIPlugin
2025-09-15 13:59:58,615 [INFO] IPUIPlugin:80 - create IPUIPlugin
2025-09-15 13:59:58,615 [INFO] IPUIPlugin:80 - create IPUIPlugin
2025-09-15 13:59:58,615 [INFO] IPUIPlugin:80 - create IPUIPlugin
2025-09-15 13:59:58,615 [INFO] IPUIPlugin:80 - create IPUIPlugin
2025-09-15 13:59:58,615 [INFO] IPUIPlugin:80 - create IPUIPlugin
2025-09-15 13:59:58,616 [INFO] IPUIPlugin:80 - create IPUIPlugin
2025-09-15 13:59:58,616 [INFO] IPUIPlugin:80 - create IPUIPlugin
2025-09-15 13:59:58,616 [INFO] IPUIPlugin:80 - create IPUIPlugin
2025-09-15 13:59:58,616 [INFO] IPUIPlugin:80 - create IPUIPlugin
2025-09-15 13:59:58,616 [INFO] IPUIPlugin:80 - create IPUIPlugin
2025-09-15 13:59:58,616 [INFO] IPUIPlugin:80 - create IPUIPlugin
2025-09-15 13:59:58,617 [INFO] IPUIPlugin:80 - create IPUIPlugin
2025-09-15 13:59:58,617 [INFO] IPUIPlugin:80 - create IPUIPlugin
2025-09-15 13:59:58,617 [INFO] IPUIPlugin:80 - create IPUIPlugin
2025-09-15 13:59:58,617 [INFO] IPUIPlugin:80 - create IPUIPlugin
2025-09-15 13:59:58,617 [INFO] IPUIPlugin:80 - create IPUIPlugin
2025-09-15 13:59:58,617 [INFO] IPUIPlugin:80 - create IPUIPlugin
2025-09-15 13:59:58,617 [INFO] IPUIPlugin:80 - create IPUIPlugin
2025-09-15 13:59:58,617 [INFO] IPUIPlugin:80 - create IPUIPlugin
2025-09-15 13:59:58,617 [INFO] IPUIPlugin:80 - create IPUIPlugin
2025-09-15 13:59:58,618 [INFO] IPUIPlugin:80 - create IPUIPlugin
2025-09-15 13:59:58,618 [INFO] IPUIPlugin:80 - create IPUIPlugin
2025-09-15 13:59:58,618 [INFO] IPUIPlugin:80 - create IPUIPlugin
2025-09-15 13:59:58,618 [INFO] IPUIPlugin:80 - create IPUIPlugin
2025-09-15 13:59:58,618 [INFO] IPUIPlugin:80 - create IPUIPlugin
2025-09-15 13:59:58,619 [INFO] IPUIPlugin:80 - create IPUIPlugin
2025-09-15 13:59:58,619 [INFO] IPUIPlugin:80 - create IPUIPlugin
2025-09-15 13:59:58,619 [INFO] IPUIPlugin:80 - create IPUIPlugin
2025-09-15 13:59:58,619 [INFO] IPUIPlugin:80 - create IPUIPlugin
2025-09-15 13:59:58,619 [INFO] IPUIPlugin:80 - create IPUIPlugin
2025-09-15 13:59:58,619 [INFO] IPUIPlugin:80 - create IPUIPlugin
2025-09-15 13:59:58,620 [INFO] IPUIPlugin:80 - create IPUIPlugin
2025-09-15 13:59:58,620 [INFO] IPUIPlugin:80 - create IPUIPlugin
2025-09-15 13:59:58,620 [INFO] IPUIPlugin:80 - create IPUIPlugin
2025-09-15 13:59:58,620 [INFO] IPUIPlugin:80 - create IPUIPlugin
2025-09-15 13:59:58,621 [INFO] IPUIPlugin:80 - create IPUIPlugin
2025-09-15 13:59:58,621 [INFO] IPUIPlugin:80 - create IPUIPlugin
2025-09-15 13:59:58,621 [INFO] IPUIPlugin:80 - create IPUIPlugin
2025-09-15 13:59:58,621 [INFO] IPUIPlugin:80 - create IPUIPlugin
2025-09-15 13:59:58,622 [INFO] IPUIPlugin:80 - create IPUIPlugin
2025-09-15 13:59:58,622 [INFO] IPUIPlugin:80 - create IPUIPlugin
2025-09-15 13:59:58,623 [INFO] IPUIPlugin:80 - create IPUIPlugin
2025-09-15 13:59:58,623 [INFO] IPUIPlugin:80 - create IPUIPlugin
2025-09-15 13:59:58,623 [INFO] IPUIPlugin:80 - create IPUIPlugin
2025-09-15 13:59:58,624 [INFO] IPUIPlugin:80 - create IPUIPlugin
2025-09-15 13:59:58,624 [INFO] IPUIPlugin:80 - create IPUIPlugin
2025-09-15 13:59:58,624 [INFO] IPUIPlugin:80 - create IPUIPlugin
2025-09-15 13:59:58,625 [INFO] IPUIPlugin:80 - create IPUIPlugin
2025-09-15 13:59:58,625 [INFO] IPUIPlugin:80 - create IPUIPlugin
2025-09-15 13:59:58,626 [INFO] IPUIPlugin:80 - create IPUIPlugin
2025-09-15 13:59:58,626 [INFO] IPUIPlugin:80 - create IPUIPlugin
2025-09-15 13:59:58,627 [INFO] IPUIPlugin:80 - create IPUIPlugin
2025-09-15 13:59:58,627 [INFO] IPUIPlugin:80 - create IPUIPlugin
2025-09-15 13:59:58,627 [INFO] IPUIPlugin:80 - create IPUIPlugin
2025-09-15 13:59:58,628 [INFO] IPUIPlugin:80 - create IPUIPlugin
2025-09-15 13:59:58,628 [INFO] IPUIPlugin:80 - create IPUIPlugin
2025-09-15 13:59:58,628 [INFO] IPUIPlugin:80 - create IPUIPlugin
2025-09-15 13:59:58,628 [INFO] IPUIPlugin:80 - create IPUIPlugin
2025-09-15 13:59:58,629 [INFO] IPUIPlugin:80 - create IPUIPlugin
2025-09-15 13:59:58,629 [INFO] IPUIPlugin:80 - create IPUIPlugin
2025-09-15 13:59:58,629 [INFO] IPUIPlugin:80 - create IPUIPlugin
2025-09-15 13:59:58,630 [INFO] IPUIPlugin:80 - create IPUIPlugin
2025-09-15 13:59:58,630 [INFO] IPUIPlugin:80 - create IPUIPlugin
2025-09-15 13:59:58,630 [INFO] IPUIPlugin:80 - create IPUIPlugin
2025-09-15 13:59:58,630 [INFO] IPUIPlugin:80 - create IPUIPlugin
2025-09-15 13:59:58,630 [INFO] IPUIPlugin:80 - create IPUIPlugin
2025-09-15 13:59:58,631 [INFO] IPUIPlugin:80 - create IPUIPlugin
2025-09-15 13:59:58,632 [INFO] IPUIPlugin:80 - create IPUIPlugin
2025-09-15 13:59:58,633 [INFO] IPUIPlugin:80 - create IPUIPlugin
2025-09-15 13:59:58,633 [INFO] IPUIPlugin:80 - create IPUIPlugin
2025-09-15 13:59:58,633 [INFO] IPUIPlugin:80 - create IPUIPlugin
2025-09-15 13:59:58,634 [INFO] IPUIPlugin:80 - create IPUIPlugin
2025-09-15 13:59:58,634 [INFO] IPUIPlugin:80 - create IPUIPlugin
2025-09-15 13:59:58,634 [INFO] IPUIPlugin:80 - create IPUIPlugin
2025-09-15 13:59:58,634 [INFO] IPUIPlugin:80 - create IPUIPlugin
2025-09-15 13:59:58,635 [INFO] IPUIPlugin:80 - create IPUIPlugin
2025-09-15 13:59:58,635 [INFO] IPUIPlugin:80 - create IPUIPlugin
2025-09-15 13:59:58,635 [INFO] IPUIPlugin:80 - create IPUIPlugin
2025-09-15 13:59:58,635 [INFO] IPUIPlugin:80 - create IPUIPlugin
2025-09-15 13:59:58,635 [INFO] IPUIPlugin:80 - create IPUIPlugin
2025-09-15 13:59:58,636 [INFO] IPUIPlugin:80 - create IPUIPlugin
2025-09-15 13:59:58,636 [INFO] IPUIPlugin:80 - create IPUIPlugin
2025-09-15 13:59:58,636 [INFO] IPUIPlugin:80 - create IPUIPlugin
2025-09-15 13:59:58,636 [INFO] IPUIPlugin:80 - create IPUIPlugin
2025-09-15 13:59:58,637 [INFO] IPUIPlugin:80 - create IPUIPlugin
2025-09-15 13:59:58,637 [INFO] IPUIPlugin:80 - create IPUIPlugin
2025-09-15 13:59:58,637 [INFO] IPUIPlugin:80 - create IPUIPlugin
2025-09-15 13:59:58,637 [INFO] IPUIPlugin:80 - create IPUIPlugin
2025-09-15 13:59:58,638 [INFO] IPUIPlugin:80 - create IPUIPlugin
2025-09-15 13:59:58,638 [INFO] IPUIPlugin:80 - create IPUIPlugin
2025-09-15 13:59:58,638 [INFO] IPUIPlugin:80 - create IPUIPlugin
2025-09-15 13:59:58,639 [INFO] IPUIPlugin:80 - create IPUIPlugin
2025-09-15 13:59:58,639 [INFO] IPUIPlugin:80 - create IPUIPlugin
2025-09-15 13:59:58,639 [INFO] IPUIPlugin:80 - create IPUIPlugin
2025-09-15 13:59:58,640 [INFO] IPUIPlugin:80 - create IPUIPlugin
2025-09-15 13:59:58,640 [INFO] IPUIPlugin:80 - create IPUIPlugin
2025-09-15 13:59:58,640 [INFO] IPUIPlugin:80 - create IPUIPlugin
2025-09-15 13:59:58,641 [INFO] IPUIPlugin:80 - create IPUIPlugin
2025-09-15 13:59:58,641 [INFO] IPUIPlugin:80 - create IPUIPlugin
2025-09-15 13:59:58,641 [INFO] IPUIPlugin:80 - create IPUIPlugin
2025-09-15 13:59:58,642 [INFO] IPUIPlugin:80 - create IPUIPlugin
2025-09-15 13:59:58,642 [INFO] IPUIPlugin:80 - create IPUIPlugin
2025-09-15 13:59:58,643 [INFO] IPUIPlugin:80 - create IPUIPlugin
2025-09-15 13:59:58,643 [INFO] IPUIPlugin:80 - create IPUIPlugin
2025-09-15 13:59:58,644 [INFO] IPUIPlugin:80 - create IPUIPlugin
2025-09-15 13:59:58,644 [INFO] IPUIPlugin:80 - create IPUIPlugin
2025-09-15 13:59:58,644 [INFO] IPUIPlugin:80 - create IPUIPlugin
2025-09-15 13:59:58,645 [INFO] IPUIPlugin:80 - create IPUIPlugin
2025-09-15 13:59:58,645 [INFO] IPUIPlugin:80 - create IPUIPlugin
2025-09-15 13:59:58,646 [INFO] IPUIPlugin:80 - create IPUIPlugin
2025-09-15 13:59:58,646 [INFO] IPUIPlugin:80 - create IPUIPlugin
2025-09-15 13:59:58,654 [INFO] AI:982 - onDisable adding AI com.st.microxplorer.plugins.ip.ai.AI@2018a0b0 on STMicroelectronics.X-CUBE-AI.10.2.0_Appli
2025-09-15 13:59:58,664 [WARN] IP:2250 - RefParam_XIP_memory not found: check if there is a RefParameter without a condition.
2025-09-15 13:59:58,664 [WARN] IP:2250 - RefParam_MEMORY_1_Size not found: check if there is a RefParameter without a condition.
2025-09-15 13:59:58,664 [WARN] IP:2250 - RefParam_MEMORY_1_FreqMax not found: check if there is a RefParameter without a condition.
2025-09-15 13:59:58,664 [WARN] IP:2250 - RefParam_MEMORY_1_ReadReg not found: check if there is a RefParameter without a condition.
2025-09-15 13:59:58,664 [WARN] IP:2250 - RefParam_MEMORY_1_WriteReg not found: check if there is a RefParameter without a condition.
2025-09-15 13:59:58,664 [WARN] IP:2250 - RefParam_MEMORY_1_RegSize not found: check if there is a RefParameter without a condition.
2025-09-15 13:59:58,664 [WARN] IP:2250 - RefParam_MEMORY_1_RegDummyCycle not found: check if there is a RefParameter without a condition.
2025-09-15 13:59:58,664 [WARN] IP:2250 - RefParam_MEMORY_1_WriteCommand not found: check if there is a RefParameter without a condition.
2025-09-15 13:59:58,664 [WARN] IP:2250 - RefParam_MEMORY_1_WriteDummyCycle not found: check if there is a RefParameter without a condition.
2025-09-15 13:59:58,664 [WARN] IP:2250 - RefParam_MEMORY_1_ReadCommand not found: check if there is a RefParameter without a condition.
2025-09-15 13:59:58,664 [WARN] IP:2250 - RefParam_MEMORY_1_WrapReadCommand not found: check if there is a RefParameter without a condition.
2025-09-15 13:59:58,664 [WARN] IP:2250 - RefParam_MEMORY_1_ReadDummyCycle not found: check if there is a RefParameter without a condition.
2025-09-15 13:59:58,664 [WARN] IP:2250 - RefParam_MEMORY_1_NumberOfConfig not found: check if there is a RefParameter without a condition.
2025-09-15 13:59:58,664 [WARN] IP:2250 - RefParam_MEMORY_1_Config1_WriteMask not found: check if there is a RefParameter without a condition.
2025-09-15 13:59:58,664 [WARN] IP:2250 - RefParam_MEMORY_1_Config1_WriteValue not found: check if there is a RefParameter without a condition.
2025-09-15 13:59:58,665 [WARN] IP:2250 - RefParam_MEMORY_1_Config1_RegAddress not found: check if there is a RefParameter without a condition.
2025-09-15 13:59:58,665 [WARN] IP:2250 - RefParam_MEMORY_1_Config2_WriteMask not found: check if there is a RefParameter without a condition.
2025-09-15 13:59:58,665 [WARN] IP:2250 - RefParam_MEMORY_1_Config2_WriteValue not found: check if there is a RefParameter without a condition.
2025-09-15 13:59:58,665 [WARN] IP:2250 - RefParam_MEMORY_1_Config2_RegAddress not found: check if there is a RefParameter without a condition.
2025-09-15 13:59:58,665 [WARN] IP:2250 - RefParam_MEMORY_1_Config3_WriteMask not found: check if there is a RefParameter without a condition.
2025-09-15 13:59:58,665 [WARN] IP:2250 - RefParam_MEMORY_1_Config3_WriteValue not found: check if there is a RefParameter without a condition.
2025-09-15 13:59:58,665 [WARN] IP:2250 - RefParam_MEMORY_1_Config3_RegAddress not found: check if there is a RefParameter without a condition.
2025-09-15 13:59:58,665 [WARN] IP:2250 - RefParam_MEMORY_2_Instance not found: check if there is a RefParameter without a condition.
2025-09-15 13:59:58,665 [WARN] IP:2250 - RefParam_MEMORY_2_ConfigType not found: check if there is a RefParameter without a condition.
2025-09-15 13:59:58,665 [WARN] IP:2250 - RefParam_MEMORY_2_Size not found: check if there is a RefParameter without a condition.
2025-09-15 13:59:58,665 [WARN] IP:2250 - RefParam_MEMORY_2_FreqMax not found: check if there is a RefParameter without a condition.
2025-09-15 13:59:58,665 [WARN] IP:2250 - RefParam_MEMORY_2_ReadReg not found: check if there is a RefParameter without a condition.
2025-09-15 13:59:58,665 [WARN] IP:2250 - RefParam_MEMORY_2_WriteReg not found: check if there is a RefParameter without a condition.
2025-09-15 13:59:58,665 [WARN] IP:2250 - RefParam_MEMORY_2_RegSize not found: check if there is a RefParameter without a condition.
2025-09-15 13:59:58,665 [WARN] IP:2250 - RefParam_MEMORY_2_RegDummyCycle not found: check if there is a RefParameter without a condition.
2025-09-15 13:59:58,665 [WARN] IP:2250 - RefParam_MEMORY_2_WriteCommand not found: check if there is a RefParameter without a condition.
2025-09-15 13:59:58,665 [WARN] IP:2250 - RefParam_MEMORY_2_WriteDummyCycle not found: check if there is a RefParameter without a condition.
2025-09-15 13:59:58,665 [WARN] IP:2250 - RefParam_MEMORY_2_ReadCommand not found: check if there is a RefParameter without a condition.
2025-09-15 13:59:58,665 [WARN] IP:2250 - RefParam_MEMORY_2_WrapReadCommand not found: check if there is a RefParameter without a condition.
2025-09-15 13:59:58,665 [WARN] IP:2250 - RefParam_MEMORY_2_ReadDummyCycle not found: check if there is a RefParameter without a condition.
2025-09-15 13:59:58,665 [WARN] IP:2250 - RefParam_MEMORY_2_NumberOfConfig not found: check if there is a RefParameter without a condition.
2025-09-15 13:59:58,665 [WARN] IP:2250 - RefParam_MEMORY_2_Config1_WriteMask not found: check if there is a RefParameter without a condition.
2025-09-15 13:59:58,665 [WARN] IP:2250 - RefParam_MEMORY_2_Config1_WriteValue not found: check if there is a RefParameter without a condition.
2025-09-15 13:59:58,665 [WARN] IP:2250 - RefParam_MEMORY_2_Config1_RegAddress not found: check if there is a RefParameter without a condition.
2025-09-15 13:59:58,665 [WARN] IP:2250 - RefParam_MEMORY_2_Config2_WriteMask not found: check if there is a RefParameter without a condition.
2025-09-15 13:59:58,665 [WARN] IP:2250 - RefParam_MEMORY_2_Config2_WriteValue not found: check if there is a RefParameter without a condition.
2025-09-15 13:59:58,665 [WARN] IP:2250 - RefParam_MEMORY_2_Config2_RegAddress not found: check if there is a RefParameter without a condition.
2025-09-15 13:59:58,665 [WARN] IP:2250 - RefParam_MEMORY_2_Config3_WriteMask not found: check if there is a RefParameter without a condition.
2025-09-15 13:59:58,665 [WARN] IP:2250 - RefParam_MEMORY_2_Config3_WriteValue not found: check if there is a RefParameter without a condition.
2025-09-15 13:59:58,665 [WARN] IP:2250 - RefParam_MEMORY_2_Config3_RegAddress not found: check if there is a RefParameter without a condition.
2025-09-15 13:59:58,964 [INFO] CADModel:165 - CPN selected for project levelSTM32N657X0H3Q
2025-09-15 13:59:58,964 [INFO] CADModel:114 - Register for checkConnection events
2025-09-15 13:59:59,489 [ERROR] Context:921 - The IP LTDC is not set in context FSBL
2025-09-15 13:59:59,489 [ERROR] Context:921 - The IP LTDC is not set in context Appli
2025-09-15 13:59:59,489 [ERROR] Context:921 - The IP LTDC is not set in context ExtMemLoader
2025-09-15 13:59:59,967 [ERROR] MainProjectManager:405 - 
java.lang.NullPointerException: Cannot invoke "javax.swing.JTextField.getText()" because the return value of "java.util.List.get(int)" is null
	at com.st.microxplorer.plugins.projectmanager.gui.ProjectChoiceTab$9.caretUpdate(ProjectChoiceTab.java:2706) ~[filemanager.jar:?]
	at javax.swing.text.JTextComponent.fireCaretUpdate(JTextComponent.java:408) ~[?:?]
	at javax.swing.text.JTextComponent$MutableCaretEvent.fire(JTextComponent.java:4484) ~[?:?]
	at javax.swing.text.JTextComponent$MutableCaretEvent.stateChanged(JTextComponent.java:4506) ~[?:?]
	at javax.swing.text.DefaultCaret.fireStateChanged(DefaultCaret.java:857) ~[?:?]
	at javax.swing.text.DefaultCaret.changeCaretPosition(DefaultCaret.java:1343) ~[?:?]
	at javax.swing.text.DefaultCaret.handleSetDot(DefaultCaret.java:1242) ~[?:?]
	at javax.swing.text.DefaultCaret.setDot(DefaultCaret.java:1223) ~[?:?]
	at javax.swing.text.DefaultCaret$Handler.insertUpdate(DefaultCaret.java:1819) ~[?:?]
	at javax.swing.text.AbstractDocument.fireInsertUpdate(AbstractDocument.java:227) ~[?:?]
	at javax.swing.text.AbstractDocument.handleInsertString(AbstractDocument.java:781) ~[?:?]
	at javax.swing.text.AbstractDocument.insertString(AbstractDocument.java:740) ~[?:?]
	at javax.swing.text.PlainDocument.insertString(PlainDocument.java:131) ~[?:?]
	at javax.swing.text.AbstractDocument.replace(AbstractDocument.java:699) ~[?:?]
	at javax.swing.text.JTextComponent.setText(JTextComponent.java:1725) ~[?:?]
	at com.st.microxplorer.plugins.projectmanager.gui.ProjectChoiceTab.createHeapStackFields(ProjectChoiceTab.java:993) ~[filemanager.jar:?]
	at com.st.microxplorer.plugins.projectmanager.gui.ProjectChoiceTab.buildLinkSettingsPanel(ProjectChoiceTab.java:3813) ~[filemanager.jar:?]
	at com.st.microxplorer.plugins.projectmanager.gui.ProjectChoiceTab.defineWindowsFields(ProjectChoiceTab.java:1987) ~[filemanager.jar:?]
	at com.st.microxplorer.plugins.projectmanager.gui.ProjectChoiceTab.updateSettings(ProjectChoiceTab.java:558) ~[filemanager.jar:?]
	at com.st.microxplorer.plugins.projectmanager.gui.ProjectSettingsPanel.UpdateDialog(ProjectSettingsPanel.java:247) ~[filemanager.jar:?]
	at com.st.microxplorer.plugins.projectmanager.engine.MainProjectManager$9.onCommandEntered(MainProjectManager.java:403) ~[filemanager.jar:?]
	at com.st.components.util.CommandLineManager$3.run(CommandLineManager.java:175) ~[STM32CubeMX.jar:?]
	at java.awt.event.InvocationEvent.dispatch(InvocationEvent.java:308) ~[?:?]
	at java.awt.EventQueue.dispatchEventImpl(EventQueue.java:773) ~[?:?]
	at java.awt.EventQueue$4.run(EventQueue.java:720) ~[?:?]
	at java.awt.EventQueue$4.run(EventQueue.java:714) ~[?:?]
	at java.security.AccessController.doPrivileged(AccessController.java:400) ~[?:?]
	at java.security.ProtectionDomain$JavaSecurityAccessImpl.doIntersectionPrivilege(ProtectionDomain.java:87) ~[?:?]
	at java.awt.EventQueue.dispatchEvent(EventQueue.java:742) ~[?:?]
	at java.awt.EventDispatchThread.pumpOneEventForFilters(EventDispatchThread.java:203) ~[?:?]
	at java.awt.EventDispatchThread.pumpEventsForFilter(EventDispatchThread.java:124) ~[?:?]
	at java.awt.EventDispatchThread.pumpEventsForFilter(EventDispatchThread.java:117) ~[?:?]
	at java.awt.WaitDispatchSupport$2.run(WaitDispatchSupport.java:191) ~[?:?]
	at java.awt.WaitDispatchSupport$4.run(WaitDispatchSupport.java:236) ~[?:?]
	at java.awt.WaitDispatchSupport$4.run(WaitDispatchSupport.java:234) ~[?:?]
	at java.security.AccessController.doPrivileged(AccessController.java:319) ~[?:?]
	at java.awt.WaitDispatchSupport.enter(WaitDispatchSupport.java:234) ~[?:?]
	at java.awt.Dialog.show(Dialog.java:1079) ~[?:?]
	at java.awt.Component.show(Component.java:1728) ~[?:?]
	at java.awt.Component.setVisible(Component.java:1675) ~[?:?]
	at java.awt.Window.setVisible(Window.java:1036) ~[?:?]
	at java.awt.Dialog.setVisible(Dialog.java:1015) ~[?:?]
	at com.st.microxplorer.util.ProcessBarDialog.doAction(ProcessBarDialog.java:173) ~[STM32CubeMX.jar:?]
	at com.st.microxplorer.mxsystem.MxSystem.completeLoadConfig(MxSystem.java:828) ~[STM32CubeMX.jar:?]
	at com.st.microxplorer.plugins.filemanager.engine.OpenFileManager.LoadConfig(OpenFileManager.java:378) ~[filemanager.jar:?]
	at com.st.microxplorer.plugins.filemanager.engine.OpenFileManager.loadConfigurationFile(OpenFileManager.java:292) ~[filemanager.jar:?]
	at com.st.microxplorer.plugins.filemanager.engine.MainFileManager.userLoadConfig(MainFileManager.java:364) ~[filemanager.jar:?]
	at com.st.microxplorer.plugins.filemanager.engine.MainFileManager.userLoadConfig(MainFileManager.java:342) ~[filemanager.jar:?]
	at com.st.microxplorer.plugins.filemanager.FileManagerView.getSpecificTask(FileManagerView.java:264) ~[filemanager.jar:?]
	at com.st.stm32cube.common.mx.editor.CubeMxEditor.getMxTabbedPaneInstance(CubeMxEditor.java:1198) ~[com.st.stm32cube.common.mx_6.15.0.202507011659/:?]
	at com.st.stm32cube.common.mx.editor.CubeMxEditor$12$1.createSwingComponent(CubeMxEditor.java:1068) ~[com.st.stm32cube.common.mx_6.15.0.202507011659/:?]
	at com.st.stm32cube.common.mx.oss.core.awtswtbridge.EmbeddedSwingComposite.doComponentCreation(EmbeddedSwingComposite.java:492) ~[com.st.stm32cube.common.mx.oss_6.15.0.202507011659/:?]
	at com.st.stm32cube.common.mx.oss.core.awtswtbridge.EmbeddedSwingComposite$4.run(EmbeddedSwingComposite.java:291) ~[com.st.stm32cube.common.mx.oss_6.15.0.202507011659/:?]
	at com.st.stm32cube.common.mx.oss.core.awtswtbridge.AwtEnvironment$2.run(AwtEnvironment.java:166) ~[com.st.stm32cube.common.mx.oss_6.15.0.202507011659/:?]
	at java.awt.event.InvocationEvent.dispatch(InvocationEvent.java:318) ~[?:?]
	at java.awt.EventQueue.dispatchEventImpl(EventQueue.java:773) ~[?:?]
	at java.awt.EventQueue$4.run(EventQueue.java:720) ~[?:?]
	at java.awt.EventQueue$4.run(EventQueue.java:714) ~[?:?]
	at java.security.AccessController.doPrivileged(AccessController.java:400) ~[?:?]
	at java.security.ProtectionDomain$JavaSecurityAccessImpl.doIntersectionPrivilege(ProtectionDomain.java:87) ~[?:?]
	at java.awt.EventQueue.dispatchEvent(EventQueue.java:742) ~[?:?]
	at java.awt.EventDispatchThread.pumpOneEventForFilters(EventDispatchThread.java:203) ~[?:?]
	at java.awt.EventDispatchThread.pumpEventsForFilter(EventDispatchThread.java:124) ~[?:?]
	at java.awt.EventDispatchThread.pumpEventsForHierarchy(EventDispatchThread.java:113) ~[?:?]
	at java.awt.EventDispatchThread.pumpEvents(EventDispatchThread.java:109) ~[?:?]
	at java.awt.EventDispatchThread.pumpEvents(EventDispatchThread.java:101) ~[?:?]
	at java.awt.EventDispatchThread.run(EventDispatchThread.java:90) ~[?:?]
2025-09-15 14:00:00,000 [ERROR] MainProjectManager:380 - 
java.lang.NullPointerException: Cannot invoke "javax.swing.JTextField.getText()" because the return value of "java.util.List.get(int)" is null
	at com.st.microxplorer.plugins.projectmanager.gui.ProjectChoiceTab$9.caretUpdate(ProjectChoiceTab.java:2706) ~[filemanager.jar:?]
	at javax.swing.text.JTextComponent.fireCaretUpdate(JTextComponent.java:408) ~[?:?]
	at javax.swing.text.JTextComponent$MutableCaretEvent.fire(JTextComponent.java:4484) ~[?:?]
	at javax.swing.text.JTextComponent$MutableCaretEvent.stateChanged(JTextComponent.java:4506) ~[?:?]
	at javax.swing.text.DefaultCaret.fireStateChanged(DefaultCaret.java:857) ~[?:?]
	at javax.swing.text.DefaultCaret.changeCaretPosition(DefaultCaret.java:1343) ~[?:?]
	at javax.swing.text.DefaultCaret.handleSetDot(DefaultCaret.java:1242) ~[?:?]
	at javax.swing.text.DefaultCaret.setDot(DefaultCaret.java:1223) ~[?:?]
	at javax.swing.text.DefaultCaret$Handler.insertUpdate(DefaultCaret.java:1819) ~[?:?]
	at javax.swing.text.AbstractDocument.fireInsertUpdate(AbstractDocument.java:227) ~[?:?]
	at javax.swing.text.AbstractDocument.handleInsertString(AbstractDocument.java:781) ~[?:?]
	at javax.swing.text.AbstractDocument.insertString(AbstractDocument.java:740) ~[?:?]
	at javax.swing.text.PlainDocument.insertString(PlainDocument.java:131) ~[?:?]
	at javax.swing.text.AbstractDocument.replace(AbstractDocument.java:699) ~[?:?]
	at javax.swing.text.JTextComponent.setText(JTextComponent.java:1725) ~[?:?]
	at com.st.microxplorer.plugins.projectmanager.gui.ProjectChoiceTab.createHeapStackFields(ProjectChoiceTab.java:993) ~[filemanager.jar:?]
	at com.st.microxplorer.plugins.projectmanager.gui.ProjectChoiceTab.buildLinkSettingsPanel(ProjectChoiceTab.java:3813) ~[filemanager.jar:?]
	at com.st.microxplorer.plugins.projectmanager.gui.ProjectChoiceTab.defineWindowsFields(ProjectChoiceTab.java:1987) ~[filemanager.jar:?]
	at com.st.microxplorer.plugins.projectmanager.gui.ProjectChoiceTab.updateSettings(ProjectChoiceTab.java:558) ~[filemanager.jar:?]
	at com.st.microxplorer.plugins.projectmanager.gui.ProjectSettingsPanel.UpdateDialog(ProjectSettingsPanel.java:247) ~[filemanager.jar:?]
	at com.st.microxplorer.plugins.projectmanager.engine.MainProjectManager$7.onCommandEntered(MainProjectManager.java:378) ~[filemanager.jar:?]
	at com.st.components.util.CommandLineManager$3.run(CommandLineManager.java:175) ~[STM32CubeMX.jar:?]
	at java.awt.event.InvocationEvent.dispatch(InvocationEvent.java:308) ~[?:?]
	at java.awt.EventQueue.dispatchEventImpl(EventQueue.java:773) ~[?:?]
	at java.awt.EventQueue$4.run(EventQueue.java:720) ~[?:?]
	at java.awt.EventQueue$4.run(EventQueue.java:714) ~[?:?]
	at java.security.AccessController.doPrivileged(AccessController.java:400) ~[?:?]
	at java.security.ProtectionDomain$JavaSecurityAccessImpl.doIntersectionPrivilege(ProtectionDomain.java:87) ~[?:?]
	at java.awt.EventQueue.dispatchEvent(EventQueue.java:742) ~[?:?]
	at java.awt.EventDispatchThread.pumpOneEventForFilters(EventDispatchThread.java:203) ~[?:?]
	at java.awt.EventDispatchThread.pumpEventsForFilter(EventDispatchThread.java:124) ~[?:?]
	at java.awt.EventDispatchThread.pumpEventsForFilter(EventDispatchThread.java:117) ~[?:?]
	at java.awt.WaitDispatchSupport$2.run(WaitDispatchSupport.java:191) ~[?:?]
	at java.awt.WaitDispatchSupport$4.run(WaitDispatchSupport.java:236) ~[?:?]
	at java.awt.WaitDispatchSupport$4.run(WaitDispatchSupport.java:234) ~[?:?]
	at java.security.AccessController.doPrivileged(AccessController.java:319) ~[?:?]
	at java.awt.WaitDispatchSupport.enter(WaitDispatchSupport.java:234) ~[?:?]
	at java.awt.Dialog.show(Dialog.java:1079) ~[?:?]
	at java.awt.Component.show(Component.java:1728) ~[?:?]
	at java.awt.Component.setVisible(Component.java:1675) ~[?:?]
	at java.awt.Window.setVisible(Window.java:1036) ~[?:?]
	at java.awt.Dialog.setVisible(Dialog.java:1015) ~[?:?]
	at com.st.microxplorer.util.ProcessBarDialog.doAction(ProcessBarDialog.java:173) ~[STM32CubeMX.jar:?]
	at com.st.microxplorer.mxsystem.MxSystem.completeLoadConfig(MxSystem.java:828) ~[STM32CubeMX.jar:?]
	at com.st.microxplorer.plugins.filemanager.engine.OpenFileManager.LoadConfig(OpenFileManager.java:378) ~[filemanager.jar:?]
	at com.st.microxplorer.plugins.filemanager.engine.OpenFileManager.loadConfigurationFile(OpenFileManager.java:292) ~[filemanager.jar:?]
	at com.st.microxplorer.plugins.filemanager.engine.MainFileManager.userLoadConfig(MainFileManager.java:364) ~[filemanager.jar:?]
	at com.st.microxplorer.plugins.filemanager.engine.MainFileManager.userLoadConfig(MainFileManager.java:342) ~[filemanager.jar:?]
	at com.st.microxplorer.plugins.filemanager.FileManagerView.getSpecificTask(FileManagerView.java:264) ~[filemanager.jar:?]
	at com.st.stm32cube.common.mx.editor.CubeMxEditor.getMxTabbedPaneInstance(CubeMxEditor.java:1198) ~[com.st.stm32cube.common.mx_6.15.0.202507011659/:?]
	at com.st.stm32cube.common.mx.editor.CubeMxEditor$12$1.createSwingComponent(CubeMxEditor.java:1068) ~[com.st.stm32cube.common.mx_6.15.0.202507011659/:?]
	at com.st.stm32cube.common.mx.oss.core.awtswtbridge.EmbeddedSwingComposite.doComponentCreation(EmbeddedSwingComposite.java:492) ~[com.st.stm32cube.common.mx.oss_6.15.0.202507011659/:?]
	at com.st.stm32cube.common.mx.oss.core.awtswtbridge.EmbeddedSwingComposite$4.run(EmbeddedSwingComposite.java:291) ~[com.st.stm32cube.common.mx.oss_6.15.0.202507011659/:?]
	at com.st.stm32cube.common.mx.oss.core.awtswtbridge.AwtEnvironment$2.run(AwtEnvironment.java:166) ~[com.st.stm32cube.common.mx.oss_6.15.0.202507011659/:?]
	at java.awt.event.InvocationEvent.dispatch(InvocationEvent.java:318) ~[?:?]
	at java.awt.EventQueue.dispatchEventImpl(EventQueue.java:773) ~[?:?]
	at java.awt.EventQueue$4.run(EventQueue.java:720) ~[?:?]
	at java.awt.EventQueue$4.run(EventQueue.java:714) ~[?:?]
	at java.security.AccessController.doPrivileged(AccessController.java:400) ~[?:?]
	at java.security.ProtectionDomain$JavaSecurityAccessImpl.doIntersectionPrivilege(ProtectionDomain.java:87) ~[?:?]
	at java.awt.EventQueue.dispatchEvent(EventQueue.java:742) ~[?:?]
	at java.awt.EventDispatchThread.pumpOneEventForFilters(EventDispatchThread.java:203) ~[?:?]
	at java.awt.EventDispatchThread.pumpEventsForFilter(EventDispatchThread.java:124) ~[?:?]
	at java.awt.EventDispatchThread.pumpEventsForHierarchy(EventDispatchThread.java:113) ~[?:?]
	at java.awt.EventDispatchThread.pumpEvents(EventDispatchThread.java:109) ~[?:?]
	at java.awt.EventDispatchThread.pumpEvents(EventDispatchThread.java:101) ~[?:?]
	at java.awt.EventDispatchThread.run(EventDispatchThread.java:90) ~[?:?]
2025-09-15 14:00:00,262 [ERROR] MainProjectManager:405 - 
java.lang.NullPointerException: Cannot invoke "javax.swing.JTextField.getText()" because the return value of "java.util.List.get(int)" is null
	at com.st.microxplorer.plugins.projectmanager.gui.ProjectChoiceTab$9.caretUpdate(ProjectChoiceTab.java:2706) ~[filemanager.jar:?]
	at javax.swing.text.JTextComponent.fireCaretUpdate(JTextComponent.java:408) ~[?:?]
	at javax.swing.text.JTextComponent$MutableCaretEvent.fire(JTextComponent.java:4484) ~[?:?]
	at javax.swing.text.JTextComponent$MutableCaretEvent.stateChanged(JTextComponent.java:4506) ~[?:?]
	at javax.swing.text.DefaultCaret.fireStateChanged(DefaultCaret.java:857) ~[?:?]
	at javax.swing.text.DefaultCaret.changeCaretPosition(DefaultCaret.java:1343) ~[?:?]
	at javax.swing.text.DefaultCaret.handleSetDot(DefaultCaret.java:1242) ~[?:?]
	at javax.swing.text.DefaultCaret.setDot(DefaultCaret.java:1223) ~[?:?]
	at javax.swing.text.DefaultCaret$Handler.insertUpdate(DefaultCaret.java:1819) ~[?:?]
	at javax.swing.text.AbstractDocument.fireInsertUpdate(AbstractDocument.java:227) ~[?:?]
	at javax.swing.text.AbstractDocument.handleInsertString(AbstractDocument.java:781) ~[?:?]
	at javax.swing.text.AbstractDocument.insertString(AbstractDocument.java:740) ~[?:?]
	at javax.swing.text.PlainDocument.insertString(PlainDocument.java:131) ~[?:?]
	at javax.swing.text.AbstractDocument.replace(AbstractDocument.java:699) ~[?:?]
	at javax.swing.text.JTextComponent.setText(JTextComponent.java:1725) ~[?:?]
	at com.st.microxplorer.plugins.projectmanager.gui.ProjectChoiceTab.createHeapStackFields(ProjectChoiceTab.java:993) ~[filemanager.jar:?]
	at com.st.microxplorer.plugins.projectmanager.gui.ProjectChoiceTab.buildLinkSettingsPanel(ProjectChoiceTab.java:3813) ~[filemanager.jar:?]
	at com.st.microxplorer.plugins.projectmanager.gui.ProjectChoiceTab.defineWindowsFields(ProjectChoiceTab.java:1987) ~[filemanager.jar:?]
	at com.st.microxplorer.plugins.projectmanager.gui.ProjectChoiceTab.updateSettings(ProjectChoiceTab.java:558) ~[filemanager.jar:?]
	at com.st.microxplorer.plugins.projectmanager.gui.ProjectSettingsPanel.UpdateDialog(ProjectSettingsPanel.java:247) ~[filemanager.jar:?]
	at com.st.microxplorer.plugins.projectmanager.engine.MainProjectManager$9.onCommandEntered(MainProjectManager.java:403) ~[filemanager.jar:?]
	at com.st.components.util.CommandLineManager$3.run(CommandLineManager.java:175) ~[STM32CubeMX.jar:?]
	at java.awt.event.InvocationEvent.dispatch(InvocationEvent.java:308) ~[?:?]
	at java.awt.EventQueue.dispatchEventImpl(EventQueue.java:773) ~[?:?]
	at java.awt.EventQueue$4.run(EventQueue.java:720) ~[?:?]
	at java.awt.EventQueue$4.run(EventQueue.java:714) ~[?:?]
	at java.security.AccessController.doPrivileged(AccessController.java:400) ~[?:?]
	at java.security.ProtectionDomain$JavaSecurityAccessImpl.doIntersectionPrivilege(ProtectionDomain.java:87) ~[?:?]
	at java.awt.EventQueue.dispatchEvent(EventQueue.java:742) ~[?:?]
	at java.awt.EventDispatchThread.pumpOneEventForFilters(EventDispatchThread.java:203) ~[?:?]
	at java.awt.EventDispatchThread.pumpEventsForFilter(EventDispatchThread.java:124) ~[?:?]
	at java.awt.EventDispatchThread.pumpEventsForFilter(EventDispatchThread.java:117) ~[?:?]
	at java.awt.WaitDispatchSupport$2.run(WaitDispatchSupport.java:191) ~[?:?]
	at java.awt.WaitDispatchSupport$4.run(WaitDispatchSupport.java:236) ~[?:?]
	at java.awt.WaitDispatchSupport$4.run(WaitDispatchSupport.java:234) ~[?:?]
	at java.security.AccessController.doPrivileged(AccessController.java:319) ~[?:?]
	at java.awt.WaitDispatchSupport.enter(WaitDispatchSupport.java:234) ~[?:?]
	at java.awt.Dialog.show(Dialog.java:1079) ~[?:?]
	at java.awt.Component.show(Component.java:1728) ~[?:?]
	at java.awt.Component.setVisible(Component.java:1675) ~[?:?]
	at java.awt.Window.setVisible(Window.java:1036) ~[?:?]
	at java.awt.Dialog.setVisible(Dialog.java:1015) ~[?:?]
	at com.st.microxplorer.util.ProcessBarDialog.doAction(ProcessBarDialog.java:173) ~[STM32CubeMX.jar:?]
	at com.st.microxplorer.mxsystem.MxSystem.completeLoadConfig(MxSystem.java:828) ~[STM32CubeMX.jar:?]
	at com.st.microxplorer.plugins.filemanager.engine.OpenFileManager.LoadConfig(OpenFileManager.java:378) ~[filemanager.jar:?]
	at com.st.microxplorer.plugins.filemanager.engine.OpenFileManager.loadConfigurationFile(OpenFileManager.java:292) ~[filemanager.jar:?]
	at com.st.microxplorer.plugins.filemanager.engine.MainFileManager.userLoadConfig(MainFileManager.java:364) ~[filemanager.jar:?]
	at com.st.microxplorer.plugins.filemanager.engine.MainFileManager.userLoadConfig(MainFileManager.java:342) ~[filemanager.jar:?]
	at com.st.microxplorer.plugins.filemanager.FileManagerView.getSpecificTask(FileManagerView.java:264) ~[filemanager.jar:?]
	at com.st.stm32cube.common.mx.editor.CubeMxEditor.getMxTabbedPaneInstance(CubeMxEditor.java:1198) ~[com.st.stm32cube.common.mx_6.15.0.202507011659/:?]
	at com.st.stm32cube.common.mx.editor.CubeMxEditor$12$1.createSwingComponent(CubeMxEditor.java:1068) ~[com.st.stm32cube.common.mx_6.15.0.202507011659/:?]
	at com.st.stm32cube.common.mx.oss.core.awtswtbridge.EmbeddedSwingComposite.doComponentCreation(EmbeddedSwingComposite.java:492) ~[com.st.stm32cube.common.mx.oss_6.15.0.202507011659/:?]
	at com.st.stm32cube.common.mx.oss.core.awtswtbridge.EmbeddedSwingComposite$4.run(EmbeddedSwingComposite.java:291) ~[com.st.stm32cube.common.mx.oss_6.15.0.202507011659/:?]
	at com.st.stm32cube.common.mx.oss.core.awtswtbridge.AwtEnvironment$2.run(AwtEnvironment.java:166) ~[com.st.stm32cube.common.mx.oss_6.15.0.202507011659/:?]
	at java.awt.event.InvocationEvent.dispatch(InvocationEvent.java:318) ~[?:?]
	at java.awt.EventQueue.dispatchEventImpl(EventQueue.java:773) ~[?:?]
	at java.awt.EventQueue$4.run(EventQueue.java:720) ~[?:?]
	at java.awt.EventQueue$4.run(EventQueue.java:714) ~[?:?]
	at java.security.AccessController.doPrivileged(AccessController.java:400) ~[?:?]
	at java.security.ProtectionDomain$JavaSecurityAccessImpl.doIntersectionPrivilege(ProtectionDomain.java:87) ~[?:?]
	at java.awt.EventQueue.dispatchEvent(EventQueue.java:742) ~[?:?]
	at java.awt.EventDispatchThread.pumpOneEventForFilters(EventDispatchThread.java:203) ~[?:?]
	at java.awt.EventDispatchThread.pumpEventsForFilter(EventDispatchThread.java:124) ~[?:?]
	at java.awt.EventDispatchThread.pumpEventsForHierarchy(EventDispatchThread.java:113) ~[?:?]
	at java.awt.EventDispatchThread.pumpEvents(EventDispatchThread.java:109) ~[?:?]
	at java.awt.EventDispatchThread.pumpEvents(EventDispatchThread.java:101) ~[?:?]
	at java.awt.EventDispatchThread.run(EventDispatchThread.java:90) ~[?:?]
2025-09-15 14:00:00,304 [ERROR] MainProjectManager:380 - 
java.lang.NullPointerException: Cannot invoke "javax.swing.JTextField.getText()" because the return value of "java.util.List.get(int)" is null
	at com.st.microxplorer.plugins.projectmanager.gui.ProjectChoiceTab$9.caretUpdate(ProjectChoiceTab.java:2706) ~[filemanager.jar:?]
	at javax.swing.text.JTextComponent.fireCaretUpdate(JTextComponent.java:408) ~[?:?]
	at javax.swing.text.JTextComponent$MutableCaretEvent.fire(JTextComponent.java:4484) ~[?:?]
	at javax.swing.text.JTextComponent$MutableCaretEvent.stateChanged(JTextComponent.java:4506) ~[?:?]
	at javax.swing.text.DefaultCaret.fireStateChanged(DefaultCaret.java:857) ~[?:?]
	at javax.swing.text.DefaultCaret.changeCaretPosition(DefaultCaret.java:1343) ~[?:?]
	at javax.swing.text.DefaultCaret.handleSetDot(DefaultCaret.java:1242) ~[?:?]
	at javax.swing.text.DefaultCaret.setDot(DefaultCaret.java:1223) ~[?:?]
	at javax.swing.text.DefaultCaret$Handler.insertUpdate(DefaultCaret.java:1819) ~[?:?]
	at javax.swing.text.AbstractDocument.fireInsertUpdate(AbstractDocument.java:227) ~[?:?]
	at javax.swing.text.AbstractDocument.handleInsertString(AbstractDocument.java:781) ~[?:?]
	at javax.swing.text.AbstractDocument.insertString(AbstractDocument.java:740) ~[?:?]
	at javax.swing.text.PlainDocument.insertString(PlainDocument.java:131) ~[?:?]
	at javax.swing.text.AbstractDocument.replace(AbstractDocument.java:699) ~[?:?]
	at javax.swing.text.JTextComponent.setText(JTextComponent.java:1725) ~[?:?]
	at com.st.microxplorer.plugins.projectmanager.gui.ProjectChoiceTab.createHeapStackFields(ProjectChoiceTab.java:993) ~[filemanager.jar:?]
	at com.st.microxplorer.plugins.projectmanager.gui.ProjectChoiceTab.buildLinkSettingsPanel(ProjectChoiceTab.java:3813) ~[filemanager.jar:?]
	at com.st.microxplorer.plugins.projectmanager.gui.ProjectChoiceTab.defineWindowsFields(ProjectChoiceTab.java:1987) ~[filemanager.jar:?]
	at com.st.microxplorer.plugins.projectmanager.gui.ProjectChoiceTab.updateSettings(ProjectChoiceTab.java:558) ~[filemanager.jar:?]
	at com.st.microxplorer.plugins.projectmanager.gui.ProjectSettingsPanel.UpdateDialog(ProjectSettingsPanel.java:247) ~[filemanager.jar:?]
	at com.st.microxplorer.plugins.projectmanager.engine.MainProjectManager$7.onCommandEntered(MainProjectManager.java:378) ~[filemanager.jar:?]
	at com.st.components.util.CommandLineManager$3.run(CommandLineManager.java:175) ~[STM32CubeMX.jar:?]
	at java.awt.event.InvocationEvent.dispatch(InvocationEvent.java:308) ~[?:?]
	at java.awt.EventQueue.dispatchEventImpl(EventQueue.java:773) ~[?:?]
	at java.awt.EventQueue$4.run(EventQueue.java:720) ~[?:?]
	at java.awt.EventQueue$4.run(EventQueue.java:714) ~[?:?]
	at java.security.AccessController.doPrivileged(AccessController.java:400) ~[?:?]
	at java.security.ProtectionDomain$JavaSecurityAccessImpl.doIntersectionPrivilege(ProtectionDomain.java:87) ~[?:?]
	at java.awt.EventQueue.dispatchEvent(EventQueue.java:742) ~[?:?]
	at java.awt.EventDispatchThread.pumpOneEventForFilters(EventDispatchThread.java:203) ~[?:?]
	at java.awt.EventDispatchThread.pumpEventsForFilter(EventDispatchThread.java:124) ~[?:?]
	at java.awt.EventDispatchThread.pumpEventsForFilter(EventDispatchThread.java:117) ~[?:?]
	at java.awt.WaitDispatchSupport$2.run(WaitDispatchSupport.java:191) ~[?:?]
	at java.awt.WaitDispatchSupport$4.run(WaitDispatchSupport.java:236) ~[?:?]
	at java.awt.WaitDispatchSupport$4.run(WaitDispatchSupport.java:234) ~[?:?]
	at java.security.AccessController.doPrivileged(AccessController.java:319) ~[?:?]
	at java.awt.WaitDispatchSupport.enter(WaitDispatchSupport.java:234) ~[?:?]
	at java.awt.Dialog.show(Dialog.java:1079) ~[?:?]
	at java.awt.Component.show(Component.java:1728) ~[?:?]
	at java.awt.Component.setVisible(Component.java:1675) ~[?:?]
	at java.awt.Window.setVisible(Window.java:1036) ~[?:?]
	at java.awt.Dialog.setVisible(Dialog.java:1015) ~[?:?]
	at com.st.microxplorer.util.ProcessBarDialog.doAction(ProcessBarDialog.java:173) ~[STM32CubeMX.jar:?]
	at com.st.microxplorer.mxsystem.MxSystem.completeLoadConfig(MxSystem.java:828) ~[STM32CubeMX.jar:?]
	at com.st.microxplorer.plugins.filemanager.engine.OpenFileManager.LoadConfig(OpenFileManager.java:378) ~[filemanager.jar:?]
	at com.st.microxplorer.plugins.filemanager.engine.OpenFileManager.loadConfigurationFile(OpenFileManager.java:292) ~[filemanager.jar:?]
	at com.st.microxplorer.plugins.filemanager.engine.MainFileManager.userLoadConfig(MainFileManager.java:364) ~[filemanager.jar:?]
	at com.st.microxplorer.plugins.filemanager.engine.MainFileManager.userLoadConfig(MainFileManager.java:342) ~[filemanager.jar:?]
	at com.st.microxplorer.plugins.filemanager.FileManagerView.getSpecificTask(FileManagerView.java:264) ~[filemanager.jar:?]
	at com.st.stm32cube.common.mx.editor.CubeMxEditor.getMxTabbedPaneInstance(CubeMxEditor.java:1198) ~[com.st.stm32cube.common.mx_6.15.0.202507011659/:?]
	at com.st.stm32cube.common.mx.editor.CubeMxEditor$12$1.createSwingComponent(CubeMxEditor.java:1068) ~[com.st.stm32cube.common.mx_6.15.0.202507011659/:?]
	at com.st.stm32cube.common.mx.oss.core.awtswtbridge.EmbeddedSwingComposite.doComponentCreation(EmbeddedSwingComposite.java:492) ~[com.st.stm32cube.common.mx.oss_6.15.0.202507011659/:?]
	at com.st.stm32cube.common.mx.oss.core.awtswtbridge.EmbeddedSwingComposite$4.run(EmbeddedSwingComposite.java:291) ~[com.st.stm32cube.common.mx.oss_6.15.0.202507011659/:?]
	at com.st.stm32cube.common.mx.oss.core.awtswtbridge.AwtEnvironment$2.run(AwtEnvironment.java:166) ~[com.st.stm32cube.common.mx.oss_6.15.0.202507011659/:?]
	at java.awt.event.InvocationEvent.dispatch(InvocationEvent.java:318) ~[?:?]
	at java.awt.EventQueue.dispatchEventImpl(EventQueue.java:773) ~[?:?]
	at java.awt.EventQueue$4.run(EventQueue.java:720) ~[?:?]
	at java.awt.EventQueue$4.run(EventQueue.java:714) ~[?:?]
	at java.security.AccessController.doPrivileged(AccessController.java:400) ~[?:?]
	at java.security.ProtectionDomain$JavaSecurityAccessImpl.doIntersectionPrivilege(ProtectionDomain.java:87) ~[?:?]
	at java.awt.EventQueue.dispatchEvent(EventQueue.java:742) ~[?:?]
	at java.awt.EventDispatchThread.pumpOneEventForFilters(EventDispatchThread.java:203) ~[?:?]
	at java.awt.EventDispatchThread.pumpEventsForFilter(EventDispatchThread.java:124) ~[?:?]
	at java.awt.EventDispatchThread.pumpEventsForHierarchy(EventDispatchThread.java:113) ~[?:?]
	at java.awt.EventDispatchThread.pumpEvents(EventDispatchThread.java:109) ~[?:?]
	at java.awt.EventDispatchThread.pumpEvents(EventDispatchThread.java:101) ~[?:?]
	at java.awt.EventDispatchThread.run(EventDispatchThread.java:90) ~[?:?]
2025-09-15 14:00:00,515 [ERROR] MainProjectManager:405 - 
java.lang.NullPointerException: Cannot invoke "javax.swing.JTextField.getText()" because the return value of "java.util.List.get(int)" is null
	at com.st.microxplorer.plugins.projectmanager.gui.ProjectChoiceTab$9.caretUpdate(ProjectChoiceTab.java:2706) ~[filemanager.jar:?]
	at javax.swing.text.JTextComponent.fireCaretUpdate(JTextComponent.java:408) ~[?:?]
	at javax.swing.text.JTextComponent$MutableCaretEvent.fire(JTextComponent.java:4484) ~[?:?]
	at javax.swing.text.JTextComponent$MutableCaretEvent.stateChanged(JTextComponent.java:4506) ~[?:?]
	at javax.swing.text.DefaultCaret.fireStateChanged(DefaultCaret.java:857) ~[?:?]
	at javax.swing.text.DefaultCaret.changeCaretPosition(DefaultCaret.java:1343) ~[?:?]
	at javax.swing.text.DefaultCaret.handleSetDot(DefaultCaret.java:1242) ~[?:?]
	at javax.swing.text.DefaultCaret.setDot(DefaultCaret.java:1223) ~[?:?]
	at javax.swing.text.DefaultCaret$Handler.insertUpdate(DefaultCaret.java:1819) ~[?:?]
	at javax.swing.text.AbstractDocument.fireInsertUpdate(AbstractDocument.java:227) ~[?:?]
	at javax.swing.text.AbstractDocument.handleInsertString(AbstractDocument.java:781) ~[?:?]
	at javax.swing.text.AbstractDocument.insertString(AbstractDocument.java:740) ~[?:?]
	at javax.swing.text.PlainDocument.insertString(PlainDocument.java:131) ~[?:?]
	at javax.swing.text.AbstractDocument.replace(AbstractDocument.java:699) ~[?:?]
	at javax.swing.text.JTextComponent.setText(JTextComponent.java:1725) ~[?:?]
	at com.st.microxplorer.plugins.projectmanager.gui.ProjectChoiceTab.createHeapStackFields(ProjectChoiceTab.java:993) ~[filemanager.jar:?]
	at com.st.microxplorer.plugins.projectmanager.gui.ProjectChoiceTab.buildLinkSettingsPanel(ProjectChoiceTab.java:3813) ~[filemanager.jar:?]
	at com.st.microxplorer.plugins.projectmanager.gui.ProjectChoiceTab.defineWindowsFields(ProjectChoiceTab.java:1987) ~[filemanager.jar:?]
	at com.st.microxplorer.plugins.projectmanager.gui.ProjectChoiceTab.updateSettings(ProjectChoiceTab.java:558) ~[filemanager.jar:?]
	at com.st.microxplorer.plugins.projectmanager.gui.ProjectSettingsPanel.UpdateDialog(ProjectSettingsPanel.java:247) ~[filemanager.jar:?]
	at com.st.microxplorer.plugins.projectmanager.engine.MainProjectManager$9.onCommandEntered(MainProjectManager.java:403) ~[filemanager.jar:?]
	at com.st.components.util.CommandLineManager$3.run(CommandLineManager.java:175) ~[STM32CubeMX.jar:?]
	at java.awt.event.InvocationEvent.dispatch(InvocationEvent.java:308) ~[?:?]
	at java.awt.EventQueue.dispatchEventImpl(EventQueue.java:773) ~[?:?]
	at java.awt.EventQueue$4.run(EventQueue.java:720) ~[?:?]
	at java.awt.EventQueue$4.run(EventQueue.java:714) ~[?:?]
	at java.security.AccessController.doPrivileged(AccessController.java:400) ~[?:?]
	at java.security.ProtectionDomain$JavaSecurityAccessImpl.doIntersectionPrivilege(ProtectionDomain.java:87) ~[?:?]
	at java.awt.EventQueue.dispatchEvent(EventQueue.java:742) ~[?:?]
	at java.awt.EventDispatchThread.pumpOneEventForFilters(EventDispatchThread.java:203) ~[?:?]
	at java.awt.EventDispatchThread.pumpEventsForFilter(EventDispatchThread.java:124) ~[?:?]
	at java.awt.EventDispatchThread.pumpEventsForFilter(EventDispatchThread.java:117) ~[?:?]
	at java.awt.WaitDispatchSupport$2.run(WaitDispatchSupport.java:191) ~[?:?]
	at java.awt.WaitDispatchSupport$4.run(WaitDispatchSupport.java:236) ~[?:?]
	at java.awt.WaitDispatchSupport$4.run(WaitDispatchSupport.java:234) ~[?:?]
	at java.security.AccessController.doPrivileged(AccessController.java:319) ~[?:?]
	at java.awt.WaitDispatchSupport.enter(WaitDispatchSupport.java:234) ~[?:?]
	at java.awt.Dialog.show(Dialog.java:1079) ~[?:?]
	at java.awt.Component.show(Component.java:1728) ~[?:?]
	at java.awt.Component.setVisible(Component.java:1675) ~[?:?]
	at java.awt.Window.setVisible(Window.java:1036) ~[?:?]
	at java.awt.Dialog.setVisible(Dialog.java:1015) ~[?:?]
	at com.st.microxplorer.util.ProcessBarDialog.doAction(ProcessBarDialog.java:173) ~[STM32CubeMX.jar:?]
	at com.st.microxplorer.mxsystem.MxSystem.completeLoadConfig(MxSystem.java:828) ~[STM32CubeMX.jar:?]
	at com.st.microxplorer.plugins.filemanager.engine.OpenFileManager.LoadConfig(OpenFileManager.java:378) ~[filemanager.jar:?]
	at com.st.microxplorer.plugins.filemanager.engine.OpenFileManager.loadConfigurationFile(OpenFileManager.java:292) ~[filemanager.jar:?]
	at com.st.microxplorer.plugins.filemanager.engine.MainFileManager.userLoadConfig(MainFileManager.java:364) ~[filemanager.jar:?]
	at com.st.microxplorer.plugins.filemanager.engine.MainFileManager.userLoadConfig(MainFileManager.java:342) ~[filemanager.jar:?]
	at com.st.microxplorer.plugins.filemanager.FileManagerView.getSpecificTask(FileManagerView.java:264) ~[filemanager.jar:?]
	at com.st.stm32cube.common.mx.editor.CubeMxEditor.getMxTabbedPaneInstance(CubeMxEditor.java:1198) ~[com.st.stm32cube.common.mx_6.15.0.202507011659/:?]
	at com.st.stm32cube.common.mx.editor.CubeMxEditor$12$1.createSwingComponent(CubeMxEditor.java:1068) ~[com.st.stm32cube.common.mx_6.15.0.202507011659/:?]
	at com.st.stm32cube.common.mx.oss.core.awtswtbridge.EmbeddedSwingComposite.doComponentCreation(EmbeddedSwingComposite.java:492) ~[com.st.stm32cube.common.mx.oss_6.15.0.202507011659/:?]
	at com.st.stm32cube.common.mx.oss.core.awtswtbridge.EmbeddedSwingComposite$4.run(EmbeddedSwingComposite.java:291) ~[com.st.stm32cube.common.mx.oss_6.15.0.202507011659/:?]
	at com.st.stm32cube.common.mx.oss.core.awtswtbridge.AwtEnvironment$2.run(AwtEnvironment.java:166) ~[com.st.stm32cube.common.mx.oss_6.15.0.202507011659/:?]
	at java.awt.event.InvocationEvent.dispatch(InvocationEvent.java:318) ~[?:?]
	at java.awt.EventQueue.dispatchEventImpl(EventQueue.java:773) ~[?:?]
	at java.awt.EventQueue$4.run(EventQueue.java:720) ~[?:?]
	at java.awt.EventQueue$4.run(EventQueue.java:714) ~[?:?]
	at java.security.AccessController.doPrivileged(AccessController.java:400) ~[?:?]
	at java.security.ProtectionDomain$JavaSecurityAccessImpl.doIntersectionPrivilege(ProtectionDomain.java:87) ~[?:?]
	at java.awt.EventQueue.dispatchEvent(EventQueue.java:742) ~[?:?]
	at java.awt.EventDispatchThread.pumpOneEventForFilters(EventDispatchThread.java:203) ~[?:?]
	at java.awt.EventDispatchThread.pumpEventsForFilter(EventDispatchThread.java:124) ~[?:?]
	at java.awt.EventDispatchThread.pumpEventsForHierarchy(EventDispatchThread.java:113) ~[?:?]
	at java.awt.EventDispatchThread.pumpEvents(EventDispatchThread.java:109) ~[?:?]
	at java.awt.EventDispatchThread.pumpEvents(EventDispatchThread.java:101) ~[?:?]
	at java.awt.EventDispatchThread.run(EventDispatchThread.java:90) ~[?:?]
2025-09-15 14:00:00,551 [ERROR] MainProjectManager:380 - 
java.lang.NullPointerException: Cannot invoke "javax.swing.JTextField.getText()" because the return value of "java.util.List.get(int)" is null
	at com.st.microxplorer.plugins.projectmanager.gui.ProjectChoiceTab$9.caretUpdate(ProjectChoiceTab.java:2706) ~[filemanager.jar:?]
	at javax.swing.text.JTextComponent.fireCaretUpdate(JTextComponent.java:408) ~[?:?]
	at javax.swing.text.JTextComponent$MutableCaretEvent.fire(JTextComponent.java:4484) ~[?:?]
	at javax.swing.text.JTextComponent$MutableCaretEvent.stateChanged(JTextComponent.java:4506) ~[?:?]
	at javax.swing.text.DefaultCaret.fireStateChanged(DefaultCaret.java:857) ~[?:?]
	at javax.swing.text.DefaultCaret.changeCaretPosition(DefaultCaret.java:1343) ~[?:?]
	at javax.swing.text.DefaultCaret.handleSetDot(DefaultCaret.java:1242) ~[?:?]
	at javax.swing.text.DefaultCaret.setDot(DefaultCaret.java:1223) ~[?:?]
	at javax.swing.text.DefaultCaret$Handler.insertUpdate(DefaultCaret.java:1819) ~[?:?]
	at javax.swing.text.AbstractDocument.fireInsertUpdate(AbstractDocument.java:227) ~[?:?]
	at javax.swing.text.AbstractDocument.handleInsertString(AbstractDocument.java:781) ~[?:?]
	at javax.swing.text.AbstractDocument.insertString(AbstractDocument.java:740) ~[?:?]
	at javax.swing.text.PlainDocument.insertString(PlainDocument.java:131) ~[?:?]
	at javax.swing.text.AbstractDocument.replace(AbstractDocument.java:699) ~[?:?]
	at javax.swing.text.JTextComponent.setText(JTextComponent.java:1725) ~[?:?]
	at com.st.microxplorer.plugins.projectmanager.gui.ProjectChoiceTab.createHeapStackFields(ProjectChoiceTab.java:993) ~[filemanager.jar:?]
	at com.st.microxplorer.plugins.projectmanager.gui.ProjectChoiceTab.buildLinkSettingsPanel(ProjectChoiceTab.java:3813) ~[filemanager.jar:?]
	at com.st.microxplorer.plugins.projectmanager.gui.ProjectChoiceTab.defineWindowsFields(ProjectChoiceTab.java:1987) ~[filemanager.jar:?]
	at com.st.microxplorer.plugins.projectmanager.gui.ProjectChoiceTab.updateSettings(ProjectChoiceTab.java:558) ~[filemanager.jar:?]
	at com.st.microxplorer.plugins.projectmanager.gui.ProjectSettingsPanel.UpdateDialog(ProjectSettingsPanel.java:247) ~[filemanager.jar:?]
	at com.st.microxplorer.plugins.projectmanager.engine.MainProjectManager$7.onCommandEntered(MainProjectManager.java:378) ~[filemanager.jar:?]
	at com.st.components.util.CommandLineManager$3.run(CommandLineManager.java:175) ~[STM32CubeMX.jar:?]
	at java.awt.event.InvocationEvent.dispatch(InvocationEvent.java:308) ~[?:?]
	at java.awt.EventQueue.dispatchEventImpl(EventQueue.java:773) ~[?:?]
	at java.awt.EventQueue$4.run(EventQueue.java:720) ~[?:?]
	at java.awt.EventQueue$4.run(EventQueue.java:714) ~[?:?]
	at java.security.AccessController.doPrivileged(AccessController.java:400) ~[?:?]
	at java.security.ProtectionDomain$JavaSecurityAccessImpl.doIntersectionPrivilege(ProtectionDomain.java:87) ~[?:?]
	at java.awt.EventQueue.dispatchEvent(EventQueue.java:742) ~[?:?]
	at java.awt.EventDispatchThread.pumpOneEventForFilters(EventDispatchThread.java:203) ~[?:?]
	at java.awt.EventDispatchThread.pumpEventsForFilter(EventDispatchThread.java:124) ~[?:?]
	at java.awt.EventDispatchThread.pumpEventsForFilter(EventDispatchThread.java:117) ~[?:?]
	at java.awt.WaitDispatchSupport$2.run(WaitDispatchSupport.java:191) ~[?:?]
	at java.awt.WaitDispatchSupport$4.run(WaitDispatchSupport.java:236) ~[?:?]
	at java.awt.WaitDispatchSupport$4.run(WaitDispatchSupport.java:234) ~[?:?]
	at java.security.AccessController.doPrivileged(AccessController.java:319) ~[?:?]
	at java.awt.WaitDispatchSupport.enter(WaitDispatchSupport.java:234) ~[?:?]
	at java.awt.Dialog.show(Dialog.java:1079) ~[?:?]
	at java.awt.Component.show(Component.java:1728) ~[?:?]
	at java.awt.Component.setVisible(Component.java:1675) ~[?:?]
	at java.awt.Window.setVisible(Window.java:1036) ~[?:?]
	at java.awt.Dialog.setVisible(Dialog.java:1015) ~[?:?]
	at com.st.microxplorer.util.ProcessBarDialog.doAction(ProcessBarDialog.java:173) ~[STM32CubeMX.jar:?]
	at com.st.microxplorer.mxsystem.MxSystem.completeLoadConfig(MxSystem.java:828) ~[STM32CubeMX.jar:?]
	at com.st.microxplorer.plugins.filemanager.engine.OpenFileManager.LoadConfig(OpenFileManager.java:378) ~[filemanager.jar:?]
	at com.st.microxplorer.plugins.filemanager.engine.OpenFileManager.loadConfigurationFile(OpenFileManager.java:292) ~[filemanager.jar:?]
	at com.st.microxplorer.plugins.filemanager.engine.MainFileManager.userLoadConfig(MainFileManager.java:364) ~[filemanager.jar:?]
	at com.st.microxplorer.plugins.filemanager.engine.MainFileManager.userLoadConfig(MainFileManager.java:342) ~[filemanager.jar:?]
	at com.st.microxplorer.plugins.filemanager.FileManagerView.getSpecificTask(FileManagerView.java:264) ~[filemanager.jar:?]
	at com.st.stm32cube.common.mx.editor.CubeMxEditor.getMxTabbedPaneInstance(CubeMxEditor.java:1198) ~[com.st.stm32cube.common.mx_6.15.0.202507011659/:?]
	at com.st.stm32cube.common.mx.editor.CubeMxEditor$12$1.createSwingComponent(CubeMxEditor.java:1068) ~[com.st.stm32cube.common.mx_6.15.0.202507011659/:?]
	at com.st.stm32cube.common.mx.oss.core.awtswtbridge.EmbeddedSwingComposite.doComponentCreation(EmbeddedSwingComposite.java:492) ~[com.st.stm32cube.common.mx.oss_6.15.0.202507011659/:?]
	at com.st.stm32cube.common.mx.oss.core.awtswtbridge.EmbeddedSwingComposite$4.run(EmbeddedSwingComposite.java:291) ~[com.st.stm32cube.common.mx.oss_6.15.0.202507011659/:?]
	at com.st.stm32cube.common.mx.oss.core.awtswtbridge.AwtEnvironment$2.run(AwtEnvironment.java:166) ~[com.st.stm32cube.common.mx.oss_6.15.0.202507011659/:?]
	at java.awt.event.InvocationEvent.dispatch(InvocationEvent.java:318) ~[?:?]
	at java.awt.EventQueue.dispatchEventImpl(EventQueue.java:773) ~[?:?]
	at java.awt.EventQueue$4.run(EventQueue.java:720) ~[?:?]
	at java.awt.EventQueue$4.run(EventQueue.java:714) ~[?:?]
	at java.security.AccessController.doPrivileged(AccessController.java:400) ~[?:?]
	at java.security.ProtectionDomain$JavaSecurityAccessImpl.doIntersectionPrivilege(ProtectionDomain.java:87) ~[?:?]
	at java.awt.EventQueue.dispatchEvent(EventQueue.java:742) ~[?:?]
	at java.awt.EventDispatchThread.pumpOneEventForFilters(EventDispatchThread.java:203) ~[?:?]
	at java.awt.EventDispatchThread.pumpEventsForFilter(EventDispatchThread.java:124) ~[?:?]
	at java.awt.EventDispatchThread.pumpEventsForHierarchy(EventDispatchThread.java:113) ~[?:?]
	at java.awt.EventDispatchThread.pumpEvents(EventDispatchThread.java:109) ~[?:?]
	at java.awt.EventDispatchThread.pumpEvents(EventDispatchThread.java:101) ~[?:?]
	at java.awt.EventDispatchThread.run(EventDispatchThread.java:90) ~[?:?]
2025-09-15 14:00:00,719 [ERROR] MainProjectManager:405 - 
java.lang.NullPointerException: Cannot invoke "javax.swing.JTextField.getText()" because the return value of "java.util.List.get(int)" is null
	at com.st.microxplorer.plugins.projectmanager.gui.ProjectChoiceTab$9.caretUpdate(ProjectChoiceTab.java:2706) ~[filemanager.jar:?]
	at javax.swing.text.JTextComponent.fireCaretUpdate(JTextComponent.java:408) ~[?:?]
	at javax.swing.text.JTextComponent$MutableCaretEvent.fire(JTextComponent.java:4484) ~[?:?]
	at javax.swing.text.JTextComponent$MutableCaretEvent.stateChanged(JTextComponent.java:4506) ~[?:?]
	at javax.swing.text.DefaultCaret.fireStateChanged(DefaultCaret.java:857) ~[?:?]
	at javax.swing.text.DefaultCaret.changeCaretPosition(DefaultCaret.java:1343) ~[?:?]
	at javax.swing.text.DefaultCaret.handleSetDot(DefaultCaret.java:1242) ~[?:?]
	at javax.swing.text.DefaultCaret.setDot(DefaultCaret.java:1223) ~[?:?]
	at javax.swing.text.DefaultCaret$Handler.insertUpdate(DefaultCaret.java:1819) ~[?:?]
	at javax.swing.text.AbstractDocument.fireInsertUpdate(AbstractDocument.java:227) ~[?:?]
	at javax.swing.text.AbstractDocument.handleInsertString(AbstractDocument.java:781) ~[?:?]
	at javax.swing.text.AbstractDocument.insertString(AbstractDocument.java:740) ~[?:?]
	at javax.swing.text.PlainDocument.insertString(PlainDocument.java:131) ~[?:?]
	at javax.swing.text.AbstractDocument.replace(AbstractDocument.java:699) ~[?:?]
	at javax.swing.text.JTextComponent.setText(JTextComponent.java:1725) ~[?:?]
	at com.st.microxplorer.plugins.projectmanager.gui.ProjectChoiceTab.createHeapStackFields(ProjectChoiceTab.java:993) ~[filemanager.jar:?]
	at com.st.microxplorer.plugins.projectmanager.gui.ProjectChoiceTab.buildLinkSettingsPanel(ProjectChoiceTab.java:3813) ~[filemanager.jar:?]
	at com.st.microxplorer.plugins.projectmanager.gui.ProjectChoiceTab.defineWindowsFields(ProjectChoiceTab.java:1987) ~[filemanager.jar:?]
	at com.st.microxplorer.plugins.projectmanager.gui.ProjectChoiceTab.updateSettings(ProjectChoiceTab.java:558) ~[filemanager.jar:?]
	at com.st.microxplorer.plugins.projectmanager.gui.ProjectSettingsPanel.UpdateDialog(ProjectSettingsPanel.java:247) ~[filemanager.jar:?]
	at com.st.microxplorer.plugins.projectmanager.engine.MainProjectManager$9.onCommandEntered(MainProjectManager.java:403) ~[filemanager.jar:?]
	at com.st.components.util.CommandLineManager$3.run(CommandLineManager.java:175) ~[STM32CubeMX.jar:?]
	at java.awt.event.InvocationEvent.dispatch(InvocationEvent.java:308) ~[?:?]
	at java.awt.EventQueue.dispatchEventImpl(EventQueue.java:773) ~[?:?]
	at java.awt.EventQueue$4.run(EventQueue.java:720) ~[?:?]
	at java.awt.EventQueue$4.run(EventQueue.java:714) ~[?:?]
	at java.security.AccessController.doPrivileged(AccessController.java:400) ~[?:?]
	at java.security.ProtectionDomain$JavaSecurityAccessImpl.doIntersectionPrivilege(ProtectionDomain.java:87) ~[?:?]
	at java.awt.EventQueue.dispatchEvent(EventQueue.java:742) ~[?:?]
	at java.awt.EventDispatchThread.pumpOneEventForFilters(EventDispatchThread.java:203) ~[?:?]
	at java.awt.EventDispatchThread.pumpEventsForFilter(EventDispatchThread.java:124) ~[?:?]
	at java.awt.EventDispatchThread.pumpEventsForFilter(EventDispatchThread.java:117) ~[?:?]
	at java.awt.WaitDispatchSupport$2.run(WaitDispatchSupport.java:191) ~[?:?]
	at java.awt.WaitDispatchSupport$4.run(WaitDispatchSupport.java:236) ~[?:?]
	at java.awt.WaitDispatchSupport$4.run(WaitDispatchSupport.java:234) ~[?:?]
	at java.security.AccessController.doPrivileged(AccessController.java:319) ~[?:?]
	at java.awt.WaitDispatchSupport.enter(WaitDispatchSupport.java:234) ~[?:?]
	at java.awt.Dialog.show(Dialog.java:1079) ~[?:?]
	at java.awt.Component.show(Component.java:1728) ~[?:?]
	at java.awt.Component.setVisible(Component.java:1675) ~[?:?]
	at java.awt.Window.setVisible(Window.java:1036) ~[?:?]
	at java.awt.Dialog.setVisible(Dialog.java:1015) ~[?:?]
	at com.st.microxplorer.util.ProcessBarDialog.doAction(ProcessBarDialog.java:173) ~[STM32CubeMX.jar:?]
	at com.st.microxplorer.mxsystem.MxSystem.completeLoadConfig(MxSystem.java:828) ~[STM32CubeMX.jar:?]
	at com.st.microxplorer.plugins.filemanager.engine.OpenFileManager.LoadConfig(OpenFileManager.java:378) ~[filemanager.jar:?]
	at com.st.microxplorer.plugins.filemanager.engine.OpenFileManager.loadConfigurationFile(OpenFileManager.java:292) ~[filemanager.jar:?]
	at com.st.microxplorer.plugins.filemanager.engine.MainFileManager.userLoadConfig(MainFileManager.java:364) ~[filemanager.jar:?]
	at com.st.microxplorer.plugins.filemanager.engine.MainFileManager.userLoadConfig(MainFileManager.java:342) ~[filemanager.jar:?]
	at com.st.microxplorer.plugins.filemanager.FileManagerView.getSpecificTask(FileManagerView.java:264) ~[filemanager.jar:?]
	at com.st.stm32cube.common.mx.editor.CubeMxEditor.getMxTabbedPaneInstance(CubeMxEditor.java:1198) ~[com.st.stm32cube.common.mx_6.15.0.202507011659/:?]
	at com.st.stm32cube.common.mx.editor.CubeMxEditor$12$1.createSwingComponent(CubeMxEditor.java:1068) ~[com.st.stm32cube.common.mx_6.15.0.202507011659/:?]
	at com.st.stm32cube.common.mx.oss.core.awtswtbridge.EmbeddedSwingComposite.doComponentCreation(EmbeddedSwingComposite.java:492) ~[com.st.stm32cube.common.mx.oss_6.15.0.202507011659/:?]
	at com.st.stm32cube.common.mx.oss.core.awtswtbridge.EmbeddedSwingComposite$4.run(EmbeddedSwingComposite.java:291) ~[com.st.stm32cube.common.mx.oss_6.15.0.202507011659/:?]
	at com.st.stm32cube.common.mx.oss.core.awtswtbridge.AwtEnvironment$2.run(AwtEnvironment.java:166) ~[com.st.stm32cube.common.mx.oss_6.15.0.202507011659/:?]
	at java.awt.event.InvocationEvent.dispatch(InvocationEvent.java:318) ~[?:?]
	at java.awt.EventQueue.dispatchEventImpl(EventQueue.java:773) ~[?:?]
	at java.awt.EventQueue$4.run(EventQueue.java:720) ~[?:?]
	at java.awt.EventQueue$4.run(EventQueue.java:714) ~[?:?]
	at java.security.AccessController.doPrivileged(AccessController.java:400) ~[?:?]
	at java.security.ProtectionDomain$JavaSecurityAccessImpl.doIntersectionPrivilege(ProtectionDomain.java:87) ~[?:?]
	at java.awt.EventQueue.dispatchEvent(EventQueue.java:742) ~[?:?]
	at java.awt.EventDispatchThread.pumpOneEventForFilters(EventDispatchThread.java:203) ~[?:?]
	at java.awt.EventDispatchThread.pumpEventsForFilter(EventDispatchThread.java:124) ~[?:?]
	at java.awt.EventDispatchThread.pumpEventsForHierarchy(EventDispatchThread.java:113) ~[?:?]
	at java.awt.EventDispatchThread.pumpEvents(EventDispatchThread.java:109) ~[?:?]
	at java.awt.EventDispatchThread.pumpEvents(EventDispatchThread.java:101) ~[?:?]
	at java.awt.EventDispatchThread.run(EventDispatchThread.java:90) ~[?:?]
2025-09-15 14:00:00,754 [ERROR] MainProjectManager:380 - 
java.lang.NullPointerException: Cannot invoke "javax.swing.JTextField.getText()" because the return value of "java.util.List.get(int)" is null
	at com.st.microxplorer.plugins.projectmanager.gui.ProjectChoiceTab$9.caretUpdate(ProjectChoiceTab.java:2706) ~[filemanager.jar:?]
	at javax.swing.text.JTextComponent.fireCaretUpdate(JTextComponent.java:408) ~[?:?]
	at javax.swing.text.JTextComponent$MutableCaretEvent.fire(JTextComponent.java:4484) ~[?:?]
	at javax.swing.text.JTextComponent$MutableCaretEvent.stateChanged(JTextComponent.java:4506) ~[?:?]
	at javax.swing.text.DefaultCaret.fireStateChanged(DefaultCaret.java:857) ~[?:?]
	at javax.swing.text.DefaultCaret.changeCaretPosition(DefaultCaret.java:1343) ~[?:?]
	at javax.swing.text.DefaultCaret.handleSetDot(DefaultCaret.java:1242) ~[?:?]
	at javax.swing.text.DefaultCaret.setDot(DefaultCaret.java:1223) ~[?:?]
	at javax.swing.text.DefaultCaret$Handler.insertUpdate(DefaultCaret.java:1819) ~[?:?]
	at javax.swing.text.AbstractDocument.fireInsertUpdate(AbstractDocument.java:227) ~[?:?]
	at javax.swing.text.AbstractDocument.handleInsertString(AbstractDocument.java:781) ~[?:?]
	at javax.swing.text.AbstractDocument.insertString(AbstractDocument.java:740) ~[?:?]
	at javax.swing.text.PlainDocument.insertString(PlainDocument.java:131) ~[?:?]
	at javax.swing.text.AbstractDocument.replace(AbstractDocument.java:699) ~[?:?]
	at javax.swing.text.JTextComponent.setText(JTextComponent.java:1725) ~[?:?]
	at com.st.microxplorer.plugins.projectmanager.gui.ProjectChoiceTab.createHeapStackFields(ProjectChoiceTab.java:993) ~[filemanager.jar:?]
	at com.st.microxplorer.plugins.projectmanager.gui.ProjectChoiceTab.buildLinkSettingsPanel(ProjectChoiceTab.java:3813) ~[filemanager.jar:?]
	at com.st.microxplorer.plugins.projectmanager.gui.ProjectChoiceTab.defineWindowsFields(ProjectChoiceTab.java:1987) ~[filemanager.jar:?]
	at com.st.microxplorer.plugins.projectmanager.gui.ProjectChoiceTab.updateSettings(ProjectChoiceTab.java:558) ~[filemanager.jar:?]
	at com.st.microxplorer.plugins.projectmanager.gui.ProjectSettingsPanel.UpdateDialog(ProjectSettingsPanel.java:247) ~[filemanager.jar:?]
	at com.st.microxplorer.plugins.projectmanager.engine.MainProjectManager$7.onCommandEntered(MainProjectManager.java:378) ~[filemanager.jar:?]
	at com.st.components.util.CommandLineManager$3.run(CommandLineManager.java:175) ~[STM32CubeMX.jar:?]
	at java.awt.event.InvocationEvent.dispatch(InvocationEvent.java:308) ~[?:?]
	at java.awt.EventQueue.dispatchEventImpl(EventQueue.java:773) ~[?:?]
	at java.awt.EventQueue$4.run(EventQueue.java:720) ~[?:?]
	at java.awt.EventQueue$4.run(EventQueue.java:714) ~[?:?]
	at java.security.AccessController.doPrivileged(AccessController.java:400) ~[?:?]
	at java.security.ProtectionDomain$JavaSecurityAccessImpl.doIntersectionPrivilege(ProtectionDomain.java:87) ~[?:?]
	at java.awt.EventQueue.dispatchEvent(EventQueue.java:742) ~[?:?]
	at java.awt.EventDispatchThread.pumpOneEventForFilters(EventDispatchThread.java:203) ~[?:?]
	at java.awt.EventDispatchThread.pumpEventsForFilter(EventDispatchThread.java:124) ~[?:?]
	at java.awt.EventDispatchThread.pumpEventsForFilter(EventDispatchThread.java:117) ~[?:?]
	at java.awt.WaitDispatchSupport$2.run(WaitDispatchSupport.java:191) ~[?:?]
	at java.awt.WaitDispatchSupport$4.run(WaitDispatchSupport.java:236) ~[?:?]
	at java.awt.WaitDispatchSupport$4.run(WaitDispatchSupport.java:234) ~[?:?]
	at java.security.AccessController.doPrivileged(AccessController.java:319) ~[?:?]
	at java.awt.WaitDispatchSupport.enter(WaitDispatchSupport.java:234) ~[?:?]
	at java.awt.Dialog.show(Dialog.java:1079) ~[?:?]
	at java.awt.Component.show(Component.java:1728) ~[?:?]
	at java.awt.Component.setVisible(Component.java:1675) ~[?:?]
	at java.awt.Window.setVisible(Window.java:1036) ~[?:?]
	at java.awt.Dialog.setVisible(Dialog.java:1015) ~[?:?]
	at com.st.microxplorer.util.ProcessBarDialog.doAction(ProcessBarDialog.java:173) ~[STM32CubeMX.jar:?]
	at com.st.microxplorer.mxsystem.MxSystem.completeLoadConfig(MxSystem.java:828) ~[STM32CubeMX.jar:?]
	at com.st.microxplorer.plugins.filemanager.engine.OpenFileManager.LoadConfig(OpenFileManager.java:378) ~[filemanager.jar:?]
	at com.st.microxplorer.plugins.filemanager.engine.OpenFileManager.loadConfigurationFile(OpenFileManager.java:292) ~[filemanager.jar:?]
	at com.st.microxplorer.plugins.filemanager.engine.MainFileManager.userLoadConfig(MainFileManager.java:364) ~[filemanager.jar:?]
	at com.st.microxplorer.plugins.filemanager.engine.MainFileManager.userLoadConfig(MainFileManager.java:342) ~[filemanager.jar:?]
	at com.st.microxplorer.plugins.filemanager.FileManagerView.getSpecificTask(FileManagerView.java:264) ~[filemanager.jar:?]
	at com.st.stm32cube.common.mx.editor.CubeMxEditor.getMxTabbedPaneInstance(CubeMxEditor.java:1198) ~[com.st.stm32cube.common.mx_6.15.0.202507011659/:?]
	at com.st.stm32cube.common.mx.editor.CubeMxEditor$12$1.createSwingComponent(CubeMxEditor.java:1068) ~[com.st.stm32cube.common.mx_6.15.0.202507011659/:?]
	at com.st.stm32cube.common.mx.oss.core.awtswtbridge.EmbeddedSwingComposite.doComponentCreation(EmbeddedSwingComposite.java:492) ~[com.st.stm32cube.common.mx.oss_6.15.0.202507011659/:?]
	at com.st.stm32cube.common.mx.oss.core.awtswtbridge.EmbeddedSwingComposite$4.run(EmbeddedSwingComposite.java:291) ~[com.st.stm32cube.common.mx.oss_6.15.0.202507011659/:?]
	at com.st.stm32cube.common.mx.oss.core.awtswtbridge.AwtEnvironment$2.run(AwtEnvironment.java:166) ~[com.st.stm32cube.common.mx.oss_6.15.0.202507011659/:?]
	at java.awt.event.InvocationEvent.dispatch(InvocationEvent.java:318) ~[?:?]
	at java.awt.EventQueue.dispatchEventImpl(EventQueue.java:773) ~[?:?]
	at java.awt.EventQueue$4.run(EventQueue.java:720) ~[?:?]
	at java.awt.EventQueue$4.run(EventQueue.java:714) ~[?:?]
	at java.security.AccessController.doPrivileged(AccessController.java:400) ~[?:?]
	at java.security.ProtectionDomain$JavaSecurityAccessImpl.doIntersectionPrivilege(ProtectionDomain.java:87) ~[?:?]
	at java.awt.EventQueue.dispatchEvent(EventQueue.java:742) ~[?:?]
	at java.awt.EventDispatchThread.pumpOneEventForFilters(EventDispatchThread.java:203) ~[?:?]
	at java.awt.EventDispatchThread.pumpEventsForFilter(EventDispatchThread.java:124) ~[?:?]
	at java.awt.EventDispatchThread.pumpEventsForHierarchy(EventDispatchThread.java:113) ~[?:?]
	at java.awt.EventDispatchThread.pumpEvents(EventDispatchThread.java:109) ~[?:?]
	at java.awt.EventDispatchThread.pumpEvents(EventDispatchThread.java:101) ~[?:?]
	at java.awt.EventDispatchThread.run(EventDispatchThread.java:90) ~[?:?]
2025-09-15 14:00:00,923 [ERROR] MainProjectManager:405 - 
java.lang.NullPointerException: Cannot invoke "javax.swing.JTextField.getText()" because the return value of "java.util.List.get(int)" is null
	at com.st.microxplorer.plugins.projectmanager.gui.ProjectChoiceTab$9.caretUpdate(ProjectChoiceTab.java:2706) ~[filemanager.jar:?]
	at javax.swing.text.JTextComponent.fireCaretUpdate(JTextComponent.java:408) ~[?:?]
	at javax.swing.text.JTextComponent$MutableCaretEvent.fire(JTextComponent.java:4484) ~[?:?]
	at javax.swing.text.JTextComponent$MutableCaretEvent.stateChanged(JTextComponent.java:4506) ~[?:?]
	at javax.swing.text.DefaultCaret.fireStateChanged(DefaultCaret.java:857) ~[?:?]
	at javax.swing.text.DefaultCaret.changeCaretPosition(DefaultCaret.java:1343) ~[?:?]
	at javax.swing.text.DefaultCaret.handleSetDot(DefaultCaret.java:1242) ~[?:?]
	at javax.swing.text.DefaultCaret.setDot(DefaultCaret.java:1223) ~[?:?]
	at javax.swing.text.DefaultCaret$Handler.insertUpdate(DefaultCaret.java:1819) ~[?:?]
	at javax.swing.text.AbstractDocument.fireInsertUpdate(AbstractDocument.java:227) ~[?:?]
	at javax.swing.text.AbstractDocument.handleInsertString(AbstractDocument.java:781) ~[?:?]
	at javax.swing.text.AbstractDocument.insertString(AbstractDocument.java:740) ~[?:?]
	at javax.swing.text.PlainDocument.insertString(PlainDocument.java:131) ~[?:?]
	at javax.swing.text.AbstractDocument.replace(AbstractDocument.java:699) ~[?:?]
	at javax.swing.text.JTextComponent.setText(JTextComponent.java:1725) ~[?:?]
	at com.st.microxplorer.plugins.projectmanager.gui.ProjectChoiceTab.createHeapStackFields(ProjectChoiceTab.java:993) ~[filemanager.jar:?]
	at com.st.microxplorer.plugins.projectmanager.gui.ProjectChoiceTab.buildLinkSettingsPanel(ProjectChoiceTab.java:3813) ~[filemanager.jar:?]
	at com.st.microxplorer.plugins.projectmanager.gui.ProjectChoiceTab.defineWindowsFields(ProjectChoiceTab.java:1987) ~[filemanager.jar:?]
	at com.st.microxplorer.plugins.projectmanager.gui.ProjectChoiceTab.updateSettings(ProjectChoiceTab.java:558) ~[filemanager.jar:?]
	at com.st.microxplorer.plugins.projectmanager.gui.ProjectSettingsPanel.UpdateDialog(ProjectSettingsPanel.java:247) ~[filemanager.jar:?]
	at com.st.microxplorer.plugins.projectmanager.engine.MainProjectManager$9.onCommandEntered(MainProjectManager.java:403) ~[filemanager.jar:?]
	at com.st.components.util.CommandLineManager$3.run(CommandLineManager.java:175) ~[STM32CubeMX.jar:?]
	at java.awt.event.InvocationEvent.dispatch(InvocationEvent.java:308) ~[?:?]
	at java.awt.EventQueue.dispatchEventImpl(EventQueue.java:773) ~[?:?]
	at java.awt.EventQueue$4.run(EventQueue.java:720) ~[?:?]
	at java.awt.EventQueue$4.run(EventQueue.java:714) ~[?:?]
	at java.security.AccessController.doPrivileged(AccessController.java:400) ~[?:?]
	at java.security.ProtectionDomain$JavaSecurityAccessImpl.doIntersectionPrivilege(ProtectionDomain.java:87) ~[?:?]
	at java.awt.EventQueue.dispatchEvent(EventQueue.java:742) ~[?:?]
	at java.awt.EventDispatchThread.pumpOneEventForFilters(EventDispatchThread.java:203) ~[?:?]
	at java.awt.EventDispatchThread.pumpEventsForFilter(EventDispatchThread.java:124) ~[?:?]
	at java.awt.EventDispatchThread.pumpEventsForFilter(EventDispatchThread.java:117) ~[?:?]
	at java.awt.WaitDispatchSupport$2.run(WaitDispatchSupport.java:191) ~[?:?]
	at java.awt.WaitDispatchSupport$4.run(WaitDispatchSupport.java:236) ~[?:?]
	at java.awt.WaitDispatchSupport$4.run(WaitDispatchSupport.java:234) ~[?:?]
	at java.security.AccessController.doPrivileged(AccessController.java:319) ~[?:?]
	at java.awt.WaitDispatchSupport.enter(WaitDispatchSupport.java:234) ~[?:?]
	at java.awt.Dialog.show(Dialog.java:1079) ~[?:?]
	at java.awt.Component.show(Component.java:1728) ~[?:?]
	at java.awt.Component.setVisible(Component.java:1675) ~[?:?]
	at java.awt.Window.setVisible(Window.java:1036) ~[?:?]
	at java.awt.Dialog.setVisible(Dialog.java:1015) ~[?:?]
	at com.st.microxplorer.util.ProcessBarDialog.doAction(ProcessBarDialog.java:173) ~[STM32CubeMX.jar:?]
	at com.st.microxplorer.mxsystem.MxSystem.completeLoadConfig(MxSystem.java:828) ~[STM32CubeMX.jar:?]
	at com.st.microxplorer.plugins.filemanager.engine.OpenFileManager.LoadConfig(OpenFileManager.java:378) ~[filemanager.jar:?]
	at com.st.microxplorer.plugins.filemanager.engine.OpenFileManager.loadConfigurationFile(OpenFileManager.java:292) ~[filemanager.jar:?]
	at com.st.microxplorer.plugins.filemanager.engine.MainFileManager.userLoadConfig(MainFileManager.java:364) ~[filemanager.jar:?]
	at com.st.microxplorer.plugins.filemanager.engine.MainFileManager.userLoadConfig(MainFileManager.java:342) ~[filemanager.jar:?]
	at com.st.microxplorer.plugins.filemanager.FileManagerView.getSpecificTask(FileManagerView.java:264) ~[filemanager.jar:?]
	at com.st.stm32cube.common.mx.editor.CubeMxEditor.getMxTabbedPaneInstance(CubeMxEditor.java:1198) ~[com.st.stm32cube.common.mx_6.15.0.202507011659/:?]
	at com.st.stm32cube.common.mx.editor.CubeMxEditor$12$1.createSwingComponent(CubeMxEditor.java:1068) ~[com.st.stm32cube.common.mx_6.15.0.202507011659/:?]
	at com.st.stm32cube.common.mx.oss.core.awtswtbridge.EmbeddedSwingComposite.doComponentCreation(EmbeddedSwingComposite.java:492) ~[com.st.stm32cube.common.mx.oss_6.15.0.202507011659/:?]
	at com.st.stm32cube.common.mx.oss.core.awtswtbridge.EmbeddedSwingComposite$4.run(EmbeddedSwingComposite.java:291) ~[com.st.stm32cube.common.mx.oss_6.15.0.202507011659/:?]
	at com.st.stm32cube.common.mx.oss.core.awtswtbridge.AwtEnvironment$2.run(AwtEnvironment.java:166) ~[com.st.stm32cube.common.mx.oss_6.15.0.202507011659/:?]
	at java.awt.event.InvocationEvent.dispatch(InvocationEvent.java:318) ~[?:?]
	at java.awt.EventQueue.dispatchEventImpl(EventQueue.java:773) ~[?:?]
	at java.awt.EventQueue$4.run(EventQueue.java:720) ~[?:?]
	at java.awt.EventQueue$4.run(EventQueue.java:714) ~[?:?]
	at java.security.AccessController.doPrivileged(AccessController.java:400) ~[?:?]
	at java.security.ProtectionDomain$JavaSecurityAccessImpl.doIntersectionPrivilege(ProtectionDomain.java:87) ~[?:?]
	at java.awt.EventQueue.dispatchEvent(EventQueue.java:742) ~[?:?]
	at java.awt.EventDispatchThread.pumpOneEventForFilters(EventDispatchThread.java:203) ~[?:?]
	at java.awt.EventDispatchThread.pumpEventsForFilter(EventDispatchThread.java:124) ~[?:?]
	at java.awt.EventDispatchThread.pumpEventsForHierarchy(EventDispatchThread.java:113) ~[?:?]
	at java.awt.EventDispatchThread.pumpEvents(EventDispatchThread.java:109) ~[?:?]
	at java.awt.EventDispatchThread.pumpEvents(EventDispatchThread.java:101) ~[?:?]
	at java.awt.EventDispatchThread.run(EventDispatchThread.java:90) ~[?:?]
2025-09-15 14:00:00,954 [ERROR] MainProjectManager:380 - 
java.lang.NullPointerException: Cannot invoke "javax.swing.JTextField.getText()" because the return value of "java.util.List.get(int)" is null
	at com.st.microxplorer.plugins.projectmanager.gui.ProjectChoiceTab$9.caretUpdate(ProjectChoiceTab.java:2706) ~[filemanager.jar:?]
	at javax.swing.text.JTextComponent.fireCaretUpdate(JTextComponent.java:408) ~[?:?]
	at javax.swing.text.JTextComponent$MutableCaretEvent.fire(JTextComponent.java:4484) ~[?:?]
	at javax.swing.text.JTextComponent$MutableCaretEvent.stateChanged(JTextComponent.java:4506) ~[?:?]
	at javax.swing.text.DefaultCaret.fireStateChanged(DefaultCaret.java:857) ~[?:?]
	at javax.swing.text.DefaultCaret.changeCaretPosition(DefaultCaret.java:1343) ~[?:?]
	at javax.swing.text.DefaultCaret.handleSetDot(DefaultCaret.java:1242) ~[?:?]
	at javax.swing.text.DefaultCaret.setDot(DefaultCaret.java:1223) ~[?:?]
	at javax.swing.text.DefaultCaret$Handler.insertUpdate(DefaultCaret.java:1819) ~[?:?]
	at javax.swing.text.AbstractDocument.fireInsertUpdate(AbstractDocument.java:227) ~[?:?]
	at javax.swing.text.AbstractDocument.handleInsertString(AbstractDocument.java:781) ~[?:?]
	at javax.swing.text.AbstractDocument.insertString(AbstractDocument.java:740) ~[?:?]
	at javax.swing.text.PlainDocument.insertString(PlainDocument.java:131) ~[?:?]
	at javax.swing.text.AbstractDocument.replace(AbstractDocument.java:699) ~[?:?]
	at javax.swing.text.JTextComponent.setText(JTextComponent.java:1725) ~[?:?]
	at com.st.microxplorer.plugins.projectmanager.gui.ProjectChoiceTab.createHeapStackFields(ProjectChoiceTab.java:993) ~[filemanager.jar:?]
	at com.st.microxplorer.plugins.projectmanager.gui.ProjectChoiceTab.buildLinkSettingsPanel(ProjectChoiceTab.java:3813) ~[filemanager.jar:?]
	at com.st.microxplorer.plugins.projectmanager.gui.ProjectChoiceTab.defineWindowsFields(ProjectChoiceTab.java:1987) ~[filemanager.jar:?]
	at com.st.microxplorer.plugins.projectmanager.gui.ProjectChoiceTab.updateSettings(ProjectChoiceTab.java:558) ~[filemanager.jar:?]
	at com.st.microxplorer.plugins.projectmanager.gui.ProjectSettingsPanel.UpdateDialog(ProjectSettingsPanel.java:247) ~[filemanager.jar:?]
	at com.st.microxplorer.plugins.projectmanager.engine.MainProjectManager$7.onCommandEntered(MainProjectManager.java:378) ~[filemanager.jar:?]
	at com.st.components.util.CommandLineManager$3.run(CommandLineManager.java:175) ~[STM32CubeMX.jar:?]
	at java.awt.event.InvocationEvent.dispatch(InvocationEvent.java:308) ~[?:?]
	at java.awt.EventQueue.dispatchEventImpl(EventQueue.java:773) ~[?:?]
	at java.awt.EventQueue$4.run(EventQueue.java:720) ~[?:?]
	at java.awt.EventQueue$4.run(EventQueue.java:714) ~[?:?]
	at java.security.AccessController.doPrivileged(AccessController.java:400) ~[?:?]
	at java.security.ProtectionDomain$JavaSecurityAccessImpl.doIntersectionPrivilege(ProtectionDomain.java:87) ~[?:?]
	at java.awt.EventQueue.dispatchEvent(EventQueue.java:742) ~[?:?]
	at java.awt.EventDispatchThread.pumpOneEventForFilters(EventDispatchThread.java:203) ~[?:?]
	at java.awt.EventDispatchThread.pumpEventsForFilter(EventDispatchThread.java:124) ~[?:?]
	at java.awt.EventDispatchThread.pumpEventsForFilter(EventDispatchThread.java:117) ~[?:?]
	at java.awt.WaitDispatchSupport$2.run(WaitDispatchSupport.java:191) ~[?:?]
	at java.awt.WaitDispatchSupport$4.run(WaitDispatchSupport.java:236) ~[?:?]
	at java.awt.WaitDispatchSupport$4.run(WaitDispatchSupport.java:234) ~[?:?]
	at java.security.AccessController.doPrivileged(AccessController.java:319) ~[?:?]
	at java.awt.WaitDispatchSupport.enter(WaitDispatchSupport.java:234) ~[?:?]
	at java.awt.Dialog.show(Dialog.java:1079) ~[?:?]
	at java.awt.Component.show(Component.java:1728) ~[?:?]
	at java.awt.Component.setVisible(Component.java:1675) ~[?:?]
	at java.awt.Window.setVisible(Window.java:1036) ~[?:?]
	at java.awt.Dialog.setVisible(Dialog.java:1015) ~[?:?]
	at com.st.microxplorer.util.ProcessBarDialog.doAction(ProcessBarDialog.java:173) ~[STM32CubeMX.jar:?]
	at com.st.microxplorer.mxsystem.MxSystem.completeLoadConfig(MxSystem.java:828) ~[STM32CubeMX.jar:?]
	at com.st.microxplorer.plugins.filemanager.engine.OpenFileManager.LoadConfig(OpenFileManager.java:378) ~[filemanager.jar:?]
	at com.st.microxplorer.plugins.filemanager.engine.OpenFileManager.loadConfigurationFile(OpenFileManager.java:292) ~[filemanager.jar:?]
	at com.st.microxplorer.plugins.filemanager.engine.MainFileManager.userLoadConfig(MainFileManager.java:364) ~[filemanager.jar:?]
	at com.st.microxplorer.plugins.filemanager.engine.MainFileManager.userLoadConfig(MainFileManager.java:342) ~[filemanager.jar:?]
	at com.st.microxplorer.plugins.filemanager.FileManagerView.getSpecificTask(FileManagerView.java:264) ~[filemanager.jar:?]
	at com.st.stm32cube.common.mx.editor.CubeMxEditor.getMxTabbedPaneInstance(CubeMxEditor.java:1198) ~[com.st.stm32cube.common.mx_6.15.0.202507011659/:?]
	at com.st.stm32cube.common.mx.editor.CubeMxEditor$12$1.createSwingComponent(CubeMxEditor.java:1068) ~[com.st.stm32cube.common.mx_6.15.0.202507011659/:?]
	at com.st.stm32cube.common.mx.oss.core.awtswtbridge.EmbeddedSwingComposite.doComponentCreation(EmbeddedSwingComposite.java:492) ~[com.st.stm32cube.common.mx.oss_6.15.0.202507011659/:?]
	at com.st.stm32cube.common.mx.oss.core.awtswtbridge.EmbeddedSwingComposite$4.run(EmbeddedSwingComposite.java:291) ~[com.st.stm32cube.common.mx.oss_6.15.0.202507011659/:?]
	at com.st.stm32cube.common.mx.oss.core.awtswtbridge.AwtEnvironment$2.run(AwtEnvironment.java:166) ~[com.st.stm32cube.common.mx.oss_6.15.0.202507011659/:?]
	at java.awt.event.InvocationEvent.dispatch(InvocationEvent.java:318) ~[?:?]
	at java.awt.EventQueue.dispatchEventImpl(EventQueue.java:773) ~[?:?]
	at java.awt.EventQueue$4.run(EventQueue.java:720) ~[?:?]
	at java.awt.EventQueue$4.run(EventQueue.java:714) ~[?:?]
	at java.security.AccessController.doPrivileged(AccessController.java:400) ~[?:?]
	at java.security.ProtectionDomain$JavaSecurityAccessImpl.doIntersectionPrivilege(ProtectionDomain.java:87) ~[?:?]
	at java.awt.EventQueue.dispatchEvent(EventQueue.java:742) ~[?:?]
	at java.awt.EventDispatchThread.pumpOneEventForFilters(EventDispatchThread.java:203) ~[?:?]
	at java.awt.EventDispatchThread.pumpEventsForFilter(EventDispatchThread.java:124) ~[?:?]
	at java.awt.EventDispatchThread.pumpEventsForHierarchy(EventDispatchThread.java:113) ~[?:?]
	at java.awt.EventDispatchThread.pumpEvents(EventDispatchThread.java:109) ~[?:?]
	at java.awt.EventDispatchThread.pumpEvents(EventDispatchThread.java:101) ~[?:?]
	at java.awt.EventDispatchThread.run(EventDispatchThread.java:90) ~[?:?]
2025-09-15 14:00:01,131 [ERROR] MainProjectManager:405 - 
java.lang.NullPointerException: Cannot invoke "javax.swing.JTextField.getText()" because the return value of "java.util.List.get(int)" is null
	at com.st.microxplorer.plugins.projectmanager.gui.ProjectChoiceTab$9.caretUpdate(ProjectChoiceTab.java:2706) ~[filemanager.jar:?]
	at javax.swing.text.JTextComponent.fireCaretUpdate(JTextComponent.java:408) ~[?:?]
	at javax.swing.text.JTextComponent$MutableCaretEvent.fire(JTextComponent.java:4484) ~[?:?]
	at javax.swing.text.JTextComponent$MutableCaretEvent.stateChanged(JTextComponent.java:4506) ~[?:?]
	at javax.swing.text.DefaultCaret.fireStateChanged(DefaultCaret.java:857) ~[?:?]
	at javax.swing.text.DefaultCaret.changeCaretPosition(DefaultCaret.java:1343) ~[?:?]
	at javax.swing.text.DefaultCaret.handleSetDot(DefaultCaret.java:1242) ~[?:?]
	at javax.swing.text.DefaultCaret.setDot(DefaultCaret.java:1223) ~[?:?]
	at javax.swing.text.DefaultCaret$Handler.insertUpdate(DefaultCaret.java:1819) ~[?:?]
	at javax.swing.text.AbstractDocument.fireInsertUpdate(AbstractDocument.java:227) ~[?:?]
	at javax.swing.text.AbstractDocument.handleInsertString(AbstractDocument.java:781) ~[?:?]
	at javax.swing.text.AbstractDocument.insertString(AbstractDocument.java:740) ~[?:?]
	at javax.swing.text.PlainDocument.insertString(PlainDocument.java:131) ~[?:?]
	at javax.swing.text.AbstractDocument.replace(AbstractDocument.java:699) ~[?:?]
	at javax.swing.text.JTextComponent.setText(JTextComponent.java:1725) ~[?:?]
	at com.st.microxplorer.plugins.projectmanager.gui.ProjectChoiceTab.createHeapStackFields(ProjectChoiceTab.java:993) ~[filemanager.jar:?]
	at com.st.microxplorer.plugins.projectmanager.gui.ProjectChoiceTab.buildLinkSettingsPanel(ProjectChoiceTab.java:3813) ~[filemanager.jar:?]
	at com.st.microxplorer.plugins.projectmanager.gui.ProjectChoiceTab.defineWindowsFields(ProjectChoiceTab.java:1987) ~[filemanager.jar:?]
	at com.st.microxplorer.plugins.projectmanager.gui.ProjectChoiceTab.updateSettings(ProjectChoiceTab.java:558) ~[filemanager.jar:?]
	at com.st.microxplorer.plugins.projectmanager.gui.ProjectSettingsPanel.UpdateDialog(ProjectSettingsPanel.java:247) ~[filemanager.jar:?]
	at com.st.microxplorer.plugins.projectmanager.engine.MainProjectManager$9.onCommandEntered(MainProjectManager.java:403) ~[filemanager.jar:?]
	at com.st.components.util.CommandLineManager$3.run(CommandLineManager.java:175) ~[STM32CubeMX.jar:?]
	at java.awt.event.InvocationEvent.dispatch(InvocationEvent.java:308) ~[?:?]
	at java.awt.EventQueue.dispatchEventImpl(EventQueue.java:773) ~[?:?]
	at java.awt.EventQueue$4.run(EventQueue.java:720) ~[?:?]
	at java.awt.EventQueue$4.run(EventQueue.java:714) ~[?:?]
	at java.security.AccessController.doPrivileged(AccessController.java:400) ~[?:?]
	at java.security.ProtectionDomain$JavaSecurityAccessImpl.doIntersectionPrivilege(ProtectionDomain.java:87) ~[?:?]
	at java.awt.EventQueue.dispatchEvent(EventQueue.java:742) ~[?:?]
	at java.awt.EventDispatchThread.pumpOneEventForFilters(EventDispatchThread.java:203) ~[?:?]
	at java.awt.EventDispatchThread.pumpEventsForFilter(EventDispatchThread.java:124) ~[?:?]
	at java.awt.EventDispatchThread.pumpEventsForFilter(EventDispatchThread.java:117) ~[?:?]
	at java.awt.WaitDispatchSupport$2.run(WaitDispatchSupport.java:191) ~[?:?]
	at java.awt.WaitDispatchSupport$4.run(WaitDispatchSupport.java:236) ~[?:?]
	at java.awt.WaitDispatchSupport$4.run(WaitDispatchSupport.java:234) ~[?:?]
	at java.security.AccessController.doPrivileged(AccessController.java:319) ~[?:?]
	at java.awt.WaitDispatchSupport.enter(WaitDispatchSupport.java:234) ~[?:?]
	at java.awt.Dialog.show(Dialog.java:1079) ~[?:?]
	at java.awt.Component.show(Component.java:1728) ~[?:?]
	at java.awt.Component.setVisible(Component.java:1675) ~[?:?]
	at java.awt.Window.setVisible(Window.java:1036) ~[?:?]
	at java.awt.Dialog.setVisible(Dialog.java:1015) ~[?:?]
	at com.st.microxplorer.util.ProcessBarDialog.doAction(ProcessBarDialog.java:173) ~[STM32CubeMX.jar:?]
	at com.st.microxplorer.mxsystem.MxSystem.completeLoadConfig(MxSystem.java:828) ~[STM32CubeMX.jar:?]
	at com.st.microxplorer.plugins.filemanager.engine.OpenFileManager.LoadConfig(OpenFileManager.java:378) ~[filemanager.jar:?]
	at com.st.microxplorer.plugins.filemanager.engine.OpenFileManager.loadConfigurationFile(OpenFileManager.java:292) ~[filemanager.jar:?]
	at com.st.microxplorer.plugins.filemanager.engine.MainFileManager.userLoadConfig(MainFileManager.java:364) ~[filemanager.jar:?]
	at com.st.microxplorer.plugins.filemanager.engine.MainFileManager.userLoadConfig(MainFileManager.java:342) ~[filemanager.jar:?]
	at com.st.microxplorer.plugins.filemanager.FileManagerView.getSpecificTask(FileManagerView.java:264) ~[filemanager.jar:?]
	at com.st.stm32cube.common.mx.editor.CubeMxEditor.getMxTabbedPaneInstance(CubeMxEditor.java:1198) ~[com.st.stm32cube.common.mx_6.15.0.202507011659/:?]
	at com.st.stm32cube.common.mx.editor.CubeMxEditor$12$1.createSwingComponent(CubeMxEditor.java:1068) ~[com.st.stm32cube.common.mx_6.15.0.202507011659/:?]
	at com.st.stm32cube.common.mx.oss.core.awtswtbridge.EmbeddedSwingComposite.doComponentCreation(EmbeddedSwingComposite.java:492) ~[com.st.stm32cube.common.mx.oss_6.15.0.202507011659/:?]
	at com.st.stm32cube.common.mx.oss.core.awtswtbridge.EmbeddedSwingComposite$4.run(EmbeddedSwingComposite.java:291) ~[com.st.stm32cube.common.mx.oss_6.15.0.202507011659/:?]
	at com.st.stm32cube.common.mx.oss.core.awtswtbridge.AwtEnvironment$2.run(AwtEnvironment.java:166) ~[com.st.stm32cube.common.mx.oss_6.15.0.202507011659/:?]
	at java.awt.event.InvocationEvent.dispatch(InvocationEvent.java:318) ~[?:?]
	at java.awt.EventQueue.dispatchEventImpl(EventQueue.java:773) ~[?:?]
	at java.awt.EventQueue$4.run(EventQueue.java:720) ~[?:?]
	at java.awt.EventQueue$4.run(EventQueue.java:714) ~[?:?]
	at java.security.AccessController.doPrivileged(AccessController.java:400) ~[?:?]
	at java.security.ProtectionDomain$JavaSecurityAccessImpl.doIntersectionPrivilege(ProtectionDomain.java:87) ~[?:?]
	at java.awt.EventQueue.dispatchEvent(EventQueue.java:742) ~[?:?]
	at java.awt.EventDispatchThread.pumpOneEventForFilters(EventDispatchThread.java:203) ~[?:?]
	at java.awt.EventDispatchThread.pumpEventsForFilter(EventDispatchThread.java:124) ~[?:?]
	at java.awt.EventDispatchThread.pumpEventsForHierarchy(EventDispatchThread.java:113) ~[?:?]
	at java.awt.EventDispatchThread.pumpEvents(EventDispatchThread.java:109) ~[?:?]
	at java.awt.EventDispatchThread.pumpEvents(EventDispatchThread.java:101) ~[?:?]
	at java.awt.EventDispatchThread.run(EventDispatchThread.java:90) ~[?:?]
2025-09-15 14:00:01,182 [ERROR] MainProjectManager:380 - 
java.lang.NullPointerException: Cannot invoke "javax.swing.JTextField.getText()" because the return value of "java.util.List.get(int)" is null
	at com.st.microxplorer.plugins.projectmanager.gui.ProjectChoiceTab$9.caretUpdate(ProjectChoiceTab.java:2706) ~[filemanager.jar:?]
	at javax.swing.text.JTextComponent.fireCaretUpdate(JTextComponent.java:408) ~[?:?]
	at javax.swing.text.JTextComponent$MutableCaretEvent.fire(JTextComponent.java:4484) ~[?:?]
	at javax.swing.text.JTextComponent$MutableCaretEvent.stateChanged(JTextComponent.java:4506) ~[?:?]
	at javax.swing.text.DefaultCaret.fireStateChanged(DefaultCaret.java:857) ~[?:?]
	at javax.swing.text.DefaultCaret.changeCaretPosition(DefaultCaret.java:1343) ~[?:?]
	at javax.swing.text.DefaultCaret.handleSetDot(DefaultCaret.java:1242) ~[?:?]
	at javax.swing.text.DefaultCaret.setDot(DefaultCaret.java:1223) ~[?:?]
	at javax.swing.text.DefaultCaret$Handler.insertUpdate(DefaultCaret.java:1819) ~[?:?]
	at javax.swing.text.AbstractDocument.fireInsertUpdate(AbstractDocument.java:227) ~[?:?]
	at javax.swing.text.AbstractDocument.handleInsertString(AbstractDocument.java:781) ~[?:?]
	at javax.swing.text.AbstractDocument.insertString(AbstractDocument.java:740) ~[?:?]
	at javax.swing.text.PlainDocument.insertString(PlainDocument.java:131) ~[?:?]
	at javax.swing.text.AbstractDocument.replace(AbstractDocument.java:699) ~[?:?]
	at javax.swing.text.JTextComponent.setText(JTextComponent.java:1725) ~[?:?]
	at com.st.microxplorer.plugins.projectmanager.gui.ProjectChoiceTab.createHeapStackFields(ProjectChoiceTab.java:993) ~[filemanager.jar:?]
	at com.st.microxplorer.plugins.projectmanager.gui.ProjectChoiceTab.buildLinkSettingsPanel(ProjectChoiceTab.java:3813) ~[filemanager.jar:?]
	at com.st.microxplorer.plugins.projectmanager.gui.ProjectChoiceTab.defineWindowsFields(ProjectChoiceTab.java:1987) ~[filemanager.jar:?]
	at com.st.microxplorer.plugins.projectmanager.gui.ProjectChoiceTab.updateSettings(ProjectChoiceTab.java:558) ~[filemanager.jar:?]
	at com.st.microxplorer.plugins.projectmanager.gui.ProjectSettingsPanel.UpdateDialog(ProjectSettingsPanel.java:247) ~[filemanager.jar:?]
	at com.st.microxplorer.plugins.projectmanager.engine.MainProjectManager$7.onCommandEntered(MainProjectManager.java:378) ~[filemanager.jar:?]
	at com.st.components.util.CommandLineManager$3.run(CommandLineManager.java:175) ~[STM32CubeMX.jar:?]
	at java.awt.event.InvocationEvent.dispatch(InvocationEvent.java:308) ~[?:?]
	at java.awt.EventQueue.dispatchEventImpl(EventQueue.java:773) ~[?:?]
	at java.awt.EventQueue$4.run(EventQueue.java:720) ~[?:?]
	at java.awt.EventQueue$4.run(EventQueue.java:714) ~[?:?]
	at java.security.AccessController.doPrivileged(AccessController.java:400) ~[?:?]
	at java.security.ProtectionDomain$JavaSecurityAccessImpl.doIntersectionPrivilege(ProtectionDomain.java:87) ~[?:?]
	at java.awt.EventQueue.dispatchEvent(EventQueue.java:742) ~[?:?]
	at java.awt.EventDispatchThread.pumpOneEventForFilters(EventDispatchThread.java:203) ~[?:?]
	at java.awt.EventDispatchThread.pumpEventsForFilter(EventDispatchThread.java:124) ~[?:?]
	at java.awt.EventDispatchThread.pumpEventsForFilter(EventDispatchThread.java:117) ~[?:?]
	at java.awt.WaitDispatchSupport$2.run(WaitDispatchSupport.java:191) ~[?:?]
	at java.awt.WaitDispatchSupport$4.run(WaitDispatchSupport.java:236) ~[?:?]
	at java.awt.WaitDispatchSupport$4.run(WaitDispatchSupport.java:234) ~[?:?]
	at java.security.AccessController.doPrivileged(AccessController.java:319) ~[?:?]
	at java.awt.WaitDispatchSupport.enter(WaitDispatchSupport.java:234) ~[?:?]
	at java.awt.Dialog.show(Dialog.java:1079) ~[?:?]
	at java.awt.Component.show(Component.java:1728) ~[?:?]
	at java.awt.Component.setVisible(Component.java:1675) ~[?:?]
	at java.awt.Window.setVisible(Window.java:1036) ~[?:?]
	at java.awt.Dialog.setVisible(Dialog.java:1015) ~[?:?]
	at com.st.microxplorer.util.ProcessBarDialog.doAction(ProcessBarDialog.java:173) ~[STM32CubeMX.jar:?]
	at com.st.microxplorer.mxsystem.MxSystem.completeLoadConfig(MxSystem.java:828) ~[STM32CubeMX.jar:?]
	at com.st.microxplorer.plugins.filemanager.engine.OpenFileManager.LoadConfig(OpenFileManager.java:378) ~[filemanager.jar:?]
	at com.st.microxplorer.plugins.filemanager.engine.OpenFileManager.loadConfigurationFile(OpenFileManager.java:292) ~[filemanager.jar:?]
	at com.st.microxplorer.plugins.filemanager.engine.MainFileManager.userLoadConfig(MainFileManager.java:364) ~[filemanager.jar:?]
	at com.st.microxplorer.plugins.filemanager.engine.MainFileManager.userLoadConfig(MainFileManager.java:342) ~[filemanager.jar:?]
	at com.st.microxplorer.plugins.filemanager.FileManagerView.getSpecificTask(FileManagerView.java:264) ~[filemanager.jar:?]
	at com.st.stm32cube.common.mx.editor.CubeMxEditor.getMxTabbedPaneInstance(CubeMxEditor.java:1198) ~[com.st.stm32cube.common.mx_6.15.0.202507011659/:?]
	at com.st.stm32cube.common.mx.editor.CubeMxEditor$12$1.createSwingComponent(CubeMxEditor.java:1068) ~[com.st.stm32cube.common.mx_6.15.0.202507011659/:?]
	at com.st.stm32cube.common.mx.oss.core.awtswtbridge.EmbeddedSwingComposite.doComponentCreation(EmbeddedSwingComposite.java:492) ~[com.st.stm32cube.common.mx.oss_6.15.0.202507011659/:?]
	at com.st.stm32cube.common.mx.oss.core.awtswtbridge.EmbeddedSwingComposite$4.run(EmbeddedSwingComposite.java:291) ~[com.st.stm32cube.common.mx.oss_6.15.0.202507011659/:?]
	at com.st.stm32cube.common.mx.oss.core.awtswtbridge.AwtEnvironment$2.run(AwtEnvironment.java:166) ~[com.st.stm32cube.common.mx.oss_6.15.0.202507011659/:?]
	at java.awt.event.InvocationEvent.dispatch(InvocationEvent.java:318) ~[?:?]
	at java.awt.EventQueue.dispatchEventImpl(EventQueue.java:773) ~[?:?]
	at java.awt.EventQueue$4.run(EventQueue.java:720) ~[?:?]
	at java.awt.EventQueue$4.run(EventQueue.java:714) ~[?:?]
	at java.security.AccessController.doPrivileged(AccessController.java:400) ~[?:?]
	at java.security.ProtectionDomain$JavaSecurityAccessImpl.doIntersectionPrivilege(ProtectionDomain.java:87) ~[?:?]
	at java.awt.EventQueue.dispatchEvent(EventQueue.java:742) ~[?:?]
	at java.awt.EventDispatchThread.pumpOneEventForFilters(EventDispatchThread.java:203) ~[?:?]
	at java.awt.EventDispatchThread.pumpEventsForFilter(EventDispatchThread.java:124) ~[?:?]
	at java.awt.EventDispatchThread.pumpEventsForHierarchy(EventDispatchThread.java:113) ~[?:?]
	at java.awt.EventDispatchThread.pumpEvents(EventDispatchThread.java:109) ~[?:?]
	at java.awt.EventDispatchThread.pumpEvents(EventDispatchThread.java:101) ~[?:?]
	at java.awt.EventDispatchThread.run(EventDispatchThread.java:90) ~[?:?]
2025-09-15 14:00:01,328 [ERROR] MainProjectManager:405 - 
java.lang.NullPointerException: Cannot invoke "javax.swing.JTextField.getText()" because the return value of "java.util.List.get(int)" is null
	at com.st.microxplorer.plugins.projectmanager.gui.ProjectChoiceTab$9.caretUpdate(ProjectChoiceTab.java:2706) ~[filemanager.jar:?]
	at javax.swing.text.JTextComponent.fireCaretUpdate(JTextComponent.java:408) ~[?:?]
	at javax.swing.text.JTextComponent$MutableCaretEvent.fire(JTextComponent.java:4484) ~[?:?]
	at javax.swing.text.JTextComponent$MutableCaretEvent.stateChanged(JTextComponent.java:4506) ~[?:?]
	at javax.swing.text.DefaultCaret.fireStateChanged(DefaultCaret.java:857) ~[?:?]
	at javax.swing.text.DefaultCaret.changeCaretPosition(DefaultCaret.java:1343) ~[?:?]
	at javax.swing.text.DefaultCaret.handleSetDot(DefaultCaret.java:1242) ~[?:?]
	at javax.swing.text.DefaultCaret.setDot(DefaultCaret.java:1223) ~[?:?]
	at javax.swing.text.DefaultCaret$Handler.insertUpdate(DefaultCaret.java:1819) ~[?:?]
	at javax.swing.text.AbstractDocument.fireInsertUpdate(AbstractDocument.java:227) ~[?:?]
	at javax.swing.text.AbstractDocument.handleInsertString(AbstractDocument.java:781) ~[?:?]
	at javax.swing.text.AbstractDocument.insertString(AbstractDocument.java:740) ~[?:?]
	at javax.swing.text.PlainDocument.insertString(PlainDocument.java:131) ~[?:?]
	at javax.swing.text.AbstractDocument.replace(AbstractDocument.java:699) ~[?:?]
	at javax.swing.text.JTextComponent.setText(JTextComponent.java:1725) ~[?:?]
	at com.st.microxplorer.plugins.projectmanager.gui.ProjectChoiceTab.createHeapStackFields(ProjectChoiceTab.java:993) ~[filemanager.jar:?]
	at com.st.microxplorer.plugins.projectmanager.gui.ProjectChoiceTab.buildLinkSettingsPanel(ProjectChoiceTab.java:3813) ~[filemanager.jar:?]
	at com.st.microxplorer.plugins.projectmanager.gui.ProjectChoiceTab.defineWindowsFields(ProjectChoiceTab.java:1987) ~[filemanager.jar:?]
	at com.st.microxplorer.plugins.projectmanager.gui.ProjectChoiceTab.updateSettings(ProjectChoiceTab.java:558) ~[filemanager.jar:?]
	at com.st.microxplorer.plugins.projectmanager.gui.ProjectSettingsPanel.UpdateDialog(ProjectSettingsPanel.java:247) ~[filemanager.jar:?]
	at com.st.microxplorer.plugins.projectmanager.engine.MainProjectManager$9.onCommandEntered(MainProjectManager.java:403) ~[filemanager.jar:?]
	at com.st.components.util.CommandLineManager$3.run(CommandLineManager.java:175) ~[STM32CubeMX.jar:?]
	at java.awt.event.InvocationEvent.dispatch(InvocationEvent.java:308) ~[?:?]
	at java.awt.EventQueue.dispatchEventImpl(EventQueue.java:773) ~[?:?]
	at java.awt.EventQueue$4.run(EventQueue.java:720) ~[?:?]
	at java.awt.EventQueue$4.run(EventQueue.java:714) ~[?:?]
	at java.security.AccessController.doPrivileged(AccessController.java:400) ~[?:?]
	at java.security.ProtectionDomain$JavaSecurityAccessImpl.doIntersectionPrivilege(ProtectionDomain.java:87) ~[?:?]
	at java.awt.EventQueue.dispatchEvent(EventQueue.java:742) ~[?:?]
	at java.awt.EventDispatchThread.pumpOneEventForFilters(EventDispatchThread.java:203) ~[?:?]
	at java.awt.EventDispatchThread.pumpEventsForFilter(EventDispatchThread.java:124) ~[?:?]
	at java.awt.EventDispatchThread.pumpEventsForFilter(EventDispatchThread.java:117) ~[?:?]
	at java.awt.WaitDispatchSupport$2.run(WaitDispatchSupport.java:191) ~[?:?]
	at java.awt.WaitDispatchSupport$4.run(WaitDispatchSupport.java:236) ~[?:?]
	at java.awt.WaitDispatchSupport$4.run(WaitDispatchSupport.java:234) ~[?:?]
	at java.security.AccessController.doPrivileged(AccessController.java:319) ~[?:?]
	at java.awt.WaitDispatchSupport.enter(WaitDispatchSupport.java:234) ~[?:?]
	at java.awt.Dialog.show(Dialog.java:1079) ~[?:?]
	at java.awt.Component.show(Component.java:1728) ~[?:?]
	at java.awt.Component.setVisible(Component.java:1675) ~[?:?]
	at java.awt.Window.setVisible(Window.java:1036) ~[?:?]
	at java.awt.Dialog.setVisible(Dialog.java:1015) ~[?:?]
	at com.st.microxplorer.util.ProcessBarDialog.doAction(ProcessBarDialog.java:173) ~[STM32CubeMX.jar:?]
	at com.st.microxplorer.mxsystem.MxSystem.completeLoadConfig(MxSystem.java:828) ~[STM32CubeMX.jar:?]
	at com.st.microxplorer.plugins.filemanager.engine.OpenFileManager.LoadConfig(OpenFileManager.java:378) ~[filemanager.jar:?]
	at com.st.microxplorer.plugins.filemanager.engine.OpenFileManager.loadConfigurationFile(OpenFileManager.java:292) ~[filemanager.jar:?]
	at com.st.microxplorer.plugins.filemanager.engine.MainFileManager.userLoadConfig(MainFileManager.java:364) ~[filemanager.jar:?]
	at com.st.microxplorer.plugins.filemanager.engine.MainFileManager.userLoadConfig(MainFileManager.java:342) ~[filemanager.jar:?]
	at com.st.microxplorer.plugins.filemanager.FileManagerView.getSpecificTask(FileManagerView.java:264) ~[filemanager.jar:?]
	at com.st.stm32cube.common.mx.editor.CubeMxEditor.getMxTabbedPaneInstance(CubeMxEditor.java:1198) ~[com.st.stm32cube.common.mx_6.15.0.202507011659/:?]
	at com.st.stm32cube.common.mx.editor.CubeMxEditor$12$1.createSwingComponent(CubeMxEditor.java:1068) ~[com.st.stm32cube.common.mx_6.15.0.202507011659/:?]
	at com.st.stm32cube.common.mx.oss.core.awtswtbridge.EmbeddedSwingComposite.doComponentCreation(EmbeddedSwingComposite.java:492) ~[com.st.stm32cube.common.mx.oss_6.15.0.202507011659/:?]
	at com.st.stm32cube.common.mx.oss.core.awtswtbridge.EmbeddedSwingComposite$4.run(EmbeddedSwingComposite.java:291) ~[com.st.stm32cube.common.mx.oss_6.15.0.202507011659/:?]
	at com.st.stm32cube.common.mx.oss.core.awtswtbridge.AwtEnvironment$2.run(AwtEnvironment.java:166) ~[com.st.stm32cube.common.mx.oss_6.15.0.202507011659/:?]
	at java.awt.event.InvocationEvent.dispatch(InvocationEvent.java:318) ~[?:?]
	at java.awt.EventQueue.dispatchEventImpl(EventQueue.java:773) ~[?:?]
	at java.awt.EventQueue$4.run(EventQueue.java:720) ~[?:?]
	at java.awt.EventQueue$4.run(EventQueue.java:714) ~[?:?]
	at java.security.AccessController.doPrivileged(AccessController.java:400) ~[?:?]
	at java.security.ProtectionDomain$JavaSecurityAccessImpl.doIntersectionPrivilege(ProtectionDomain.java:87) ~[?:?]
	at java.awt.EventQueue.dispatchEvent(EventQueue.java:742) ~[?:?]
	at java.awt.EventDispatchThread.pumpOneEventForFilters(EventDispatchThread.java:203) ~[?:?]
	at java.awt.EventDispatchThread.pumpEventsForFilter(EventDispatchThread.java:124) ~[?:?]
	at java.awt.EventDispatchThread.pumpEventsForHierarchy(EventDispatchThread.java:113) ~[?:?]
	at java.awt.EventDispatchThread.pumpEvents(EventDispatchThread.java:109) ~[?:?]
	at java.awt.EventDispatchThread.pumpEvents(EventDispatchThread.java:101) ~[?:?]
	at java.awt.EventDispatchThread.run(EventDispatchThread.java:90) ~[?:?]
2025-09-15 14:00:01,358 [ERROR] MainProjectManager:380 - 
java.lang.NullPointerException: Cannot invoke "javax.swing.JTextField.getText()" because the return value of "java.util.List.get(int)" is null
	at com.st.microxplorer.plugins.projectmanager.gui.ProjectChoiceTab$9.caretUpdate(ProjectChoiceTab.java:2706) ~[filemanager.jar:?]
	at javax.swing.text.JTextComponent.fireCaretUpdate(JTextComponent.java:408) ~[?:?]
	at javax.swing.text.JTextComponent$MutableCaretEvent.fire(JTextComponent.java:4484) ~[?:?]
	at javax.swing.text.JTextComponent$MutableCaretEvent.stateChanged(JTextComponent.java:4506) ~[?:?]
	at javax.swing.text.DefaultCaret.fireStateChanged(DefaultCaret.java:857) ~[?:?]
	at javax.swing.text.DefaultCaret.changeCaretPosition(DefaultCaret.java:1343) ~[?:?]
	at javax.swing.text.DefaultCaret.handleSetDot(DefaultCaret.java:1242) ~[?:?]
	at javax.swing.text.DefaultCaret.setDot(DefaultCaret.java:1223) ~[?:?]
	at javax.swing.text.DefaultCaret$Handler.insertUpdate(DefaultCaret.java:1819) ~[?:?]
	at javax.swing.text.AbstractDocument.fireInsertUpdate(AbstractDocument.java:227) ~[?:?]
	at javax.swing.text.AbstractDocument.handleInsertString(AbstractDocument.java:781) ~[?:?]
	at javax.swing.text.AbstractDocument.insertString(AbstractDocument.java:740) ~[?:?]
	at javax.swing.text.PlainDocument.insertString(PlainDocument.java:131) ~[?:?]
	at javax.swing.text.AbstractDocument.replace(AbstractDocument.java:699) ~[?:?]
	at javax.swing.text.JTextComponent.setText(JTextComponent.java:1725) ~[?:?]
	at com.st.microxplorer.plugins.projectmanager.gui.ProjectChoiceTab.createHeapStackFields(ProjectChoiceTab.java:993) ~[filemanager.jar:?]
	at com.st.microxplorer.plugins.projectmanager.gui.ProjectChoiceTab.buildLinkSettingsPanel(ProjectChoiceTab.java:3813) ~[filemanager.jar:?]
	at com.st.microxplorer.plugins.projectmanager.gui.ProjectChoiceTab.defineWindowsFields(ProjectChoiceTab.java:1987) ~[filemanager.jar:?]
	at com.st.microxplorer.plugins.projectmanager.gui.ProjectChoiceTab.updateSettings(ProjectChoiceTab.java:558) ~[filemanager.jar:?]
	at com.st.microxplorer.plugins.projectmanager.gui.ProjectSettingsPanel.UpdateDialog(ProjectSettingsPanel.java:247) ~[filemanager.jar:?]
	at com.st.microxplorer.plugins.projectmanager.engine.MainProjectManager$7.onCommandEntered(MainProjectManager.java:378) ~[filemanager.jar:?]
	at com.st.components.util.CommandLineManager$3.run(CommandLineManager.java:175) ~[STM32CubeMX.jar:?]
	at java.awt.event.InvocationEvent.dispatch(InvocationEvent.java:308) ~[?:?]
	at java.awt.EventQueue.dispatchEventImpl(EventQueue.java:773) ~[?:?]
	at java.awt.EventQueue$4.run(EventQueue.java:720) ~[?:?]
	at java.awt.EventQueue$4.run(EventQueue.java:714) ~[?:?]
	at java.security.AccessController.doPrivileged(AccessController.java:400) ~[?:?]
	at java.security.ProtectionDomain$JavaSecurityAccessImpl.doIntersectionPrivilege(ProtectionDomain.java:87) ~[?:?]
	at java.awt.EventQueue.dispatchEvent(EventQueue.java:742) ~[?:?]
	at java.awt.EventDispatchThread.pumpOneEventForFilters(EventDispatchThread.java:203) ~[?:?]
	at java.awt.EventDispatchThread.pumpEventsForFilter(EventDispatchThread.java:124) ~[?:?]
	at java.awt.EventDispatchThread.pumpEventsForFilter(EventDispatchThread.java:117) ~[?:?]
	at java.awt.WaitDispatchSupport$2.run(WaitDispatchSupport.java:191) ~[?:?]
	at java.awt.WaitDispatchSupport$4.run(WaitDispatchSupport.java:236) ~[?:?]
	at java.awt.WaitDispatchSupport$4.run(WaitDispatchSupport.java:234) ~[?:?]
	at java.security.AccessController.doPrivileged(AccessController.java:319) ~[?:?]
	at java.awt.WaitDispatchSupport.enter(WaitDispatchSupport.java:234) ~[?:?]
	at java.awt.Dialog.show(Dialog.java:1079) ~[?:?]
	at java.awt.Component.show(Component.java:1728) ~[?:?]
	at java.awt.Component.setVisible(Component.java:1675) ~[?:?]
	at java.awt.Window.setVisible(Window.java:1036) ~[?:?]
	at java.awt.Dialog.setVisible(Dialog.java:1015) ~[?:?]
	at com.st.microxplorer.util.ProcessBarDialog.doAction(ProcessBarDialog.java:173) ~[STM32CubeMX.jar:?]
	at com.st.microxplorer.mxsystem.MxSystem.completeLoadConfig(MxSystem.java:828) ~[STM32CubeMX.jar:?]
	at com.st.microxplorer.plugins.filemanager.engine.OpenFileManager.LoadConfig(OpenFileManager.java:378) ~[filemanager.jar:?]
	at com.st.microxplorer.plugins.filemanager.engine.OpenFileManager.loadConfigurationFile(OpenFileManager.java:292) ~[filemanager.jar:?]
	at com.st.microxplorer.plugins.filemanager.engine.MainFileManager.userLoadConfig(MainFileManager.java:364) ~[filemanager.jar:?]
	at com.st.microxplorer.plugins.filemanager.engine.MainFileManager.userLoadConfig(MainFileManager.java:342) ~[filemanager.jar:?]
	at com.st.microxplorer.plugins.filemanager.FileManagerView.getSpecificTask(FileManagerView.java:264) ~[filemanager.jar:?]
	at com.st.stm32cube.common.mx.editor.CubeMxEditor.getMxTabbedPaneInstance(CubeMxEditor.java:1198) ~[com.st.stm32cube.common.mx_6.15.0.202507011659/:?]
	at com.st.stm32cube.common.mx.editor.CubeMxEditor$12$1.createSwingComponent(CubeMxEditor.java:1068) ~[com.st.stm32cube.common.mx_6.15.0.202507011659/:?]
	at com.st.stm32cube.common.mx.oss.core.awtswtbridge.EmbeddedSwingComposite.doComponentCreation(EmbeddedSwingComposite.java:492) ~[com.st.stm32cube.common.mx.oss_6.15.0.202507011659/:?]
	at com.st.stm32cube.common.mx.oss.core.awtswtbridge.EmbeddedSwingComposite$4.run(EmbeddedSwingComposite.java:291) ~[com.st.stm32cube.common.mx.oss_6.15.0.202507011659/:?]
	at com.st.stm32cube.common.mx.oss.core.awtswtbridge.AwtEnvironment$2.run(AwtEnvironment.java:166) ~[com.st.stm32cube.common.mx.oss_6.15.0.202507011659/:?]
	at java.awt.event.InvocationEvent.dispatch(InvocationEvent.java:318) ~[?:?]
	at java.awt.EventQueue.dispatchEventImpl(EventQueue.java:773) ~[?:?]
	at java.awt.EventQueue$4.run(EventQueue.java:720) ~[?:?]
	at java.awt.EventQueue$4.run(EventQueue.java:714) ~[?:?]
	at java.security.AccessController.doPrivileged(AccessController.java:400) ~[?:?]
	at java.security.ProtectionDomain$JavaSecurityAccessImpl.doIntersectionPrivilege(ProtectionDomain.java:87) ~[?:?]
	at java.awt.EventQueue.dispatchEvent(EventQueue.java:742) ~[?:?]
	at java.awt.EventDispatchThread.pumpOneEventForFilters(EventDispatchThread.java:203) ~[?:?]
	at java.awt.EventDispatchThread.pumpEventsForFilter(EventDispatchThread.java:124) ~[?:?]
	at java.awt.EventDispatchThread.pumpEventsForHierarchy(EventDispatchThread.java:113) ~[?:?]
	at java.awt.EventDispatchThread.pumpEvents(EventDispatchThread.java:109) ~[?:?]
	at java.awt.EventDispatchThread.pumpEvents(EventDispatchThread.java:101) ~[?:?]
	at java.awt.EventDispatchThread.run(EventDispatchThread.java:90) ~[?:?]
2025-09-15 14:00:01,520 [ERROR] MainProjectManager:405 - 
java.lang.NullPointerException: Cannot invoke "javax.swing.JTextField.getText()" because the return value of "java.util.List.get(int)" is null
	at com.st.microxplorer.plugins.projectmanager.gui.ProjectChoiceTab$9.caretUpdate(ProjectChoiceTab.java:2706) ~[filemanager.jar:?]
	at javax.swing.text.JTextComponent.fireCaretUpdate(JTextComponent.java:408) ~[?:?]
	at javax.swing.text.JTextComponent$MutableCaretEvent.fire(JTextComponent.java:4484) ~[?:?]
	at javax.swing.text.JTextComponent$MutableCaretEvent.stateChanged(JTextComponent.java:4506) ~[?:?]
	at javax.swing.text.DefaultCaret.fireStateChanged(DefaultCaret.java:857) ~[?:?]
	at javax.swing.text.DefaultCaret.changeCaretPosition(DefaultCaret.java:1343) ~[?:?]
	at javax.swing.text.DefaultCaret.handleSetDot(DefaultCaret.java:1242) ~[?:?]
	at javax.swing.text.DefaultCaret.setDot(DefaultCaret.java:1223) ~[?:?]
	at javax.swing.text.DefaultCaret$Handler.insertUpdate(DefaultCaret.java:1819) ~[?:?]
	at javax.swing.text.AbstractDocument.fireInsertUpdate(AbstractDocument.java:227) ~[?:?]
	at javax.swing.text.AbstractDocument.handleInsertString(AbstractDocument.java:781) ~[?:?]
	at javax.swing.text.AbstractDocument.insertString(AbstractDocument.java:740) ~[?:?]
	at javax.swing.text.PlainDocument.insertString(PlainDocument.java:131) ~[?:?]
	at javax.swing.text.AbstractDocument.replace(AbstractDocument.java:699) ~[?:?]
	at javax.swing.text.JTextComponent.setText(JTextComponent.java:1725) ~[?:?]
	at com.st.microxplorer.plugins.projectmanager.gui.ProjectChoiceTab.createHeapStackFields(ProjectChoiceTab.java:993) ~[filemanager.jar:?]
	at com.st.microxplorer.plugins.projectmanager.gui.ProjectChoiceTab.buildLinkSettingsPanel(ProjectChoiceTab.java:3813) ~[filemanager.jar:?]
	at com.st.microxplorer.plugins.projectmanager.gui.ProjectChoiceTab.defineWindowsFields(ProjectChoiceTab.java:1987) ~[filemanager.jar:?]
	at com.st.microxplorer.plugins.projectmanager.gui.ProjectChoiceTab.updateSettings(ProjectChoiceTab.java:558) ~[filemanager.jar:?]
	at com.st.microxplorer.plugins.projectmanager.gui.ProjectSettingsPanel.UpdateDialog(ProjectSettingsPanel.java:247) ~[filemanager.jar:?]
	at com.st.microxplorer.plugins.projectmanager.engine.MainProjectManager$9.onCommandEntered(MainProjectManager.java:403) ~[filemanager.jar:?]
	at com.st.components.util.CommandLineManager$3.run(CommandLineManager.java:175) ~[STM32CubeMX.jar:?]
	at java.awt.event.InvocationEvent.dispatch(InvocationEvent.java:308) ~[?:?]
	at java.awt.EventQueue.dispatchEventImpl(EventQueue.java:773) ~[?:?]
	at java.awt.EventQueue$4.run(EventQueue.java:720) ~[?:?]
	at java.awt.EventQueue$4.run(EventQueue.java:714) ~[?:?]
	at java.security.AccessController.doPrivileged(AccessController.java:400) ~[?:?]
	at java.security.ProtectionDomain$JavaSecurityAccessImpl.doIntersectionPrivilege(ProtectionDomain.java:87) ~[?:?]
	at java.awt.EventQueue.dispatchEvent(EventQueue.java:742) ~[?:?]
	at java.awt.EventDispatchThread.pumpOneEventForFilters(EventDispatchThread.java:203) ~[?:?]
	at java.awt.EventDispatchThread.pumpEventsForFilter(EventDispatchThread.java:124) ~[?:?]
	at java.awt.EventDispatchThread.pumpEventsForFilter(EventDispatchThread.java:117) ~[?:?]
	at java.awt.WaitDispatchSupport$2.run(WaitDispatchSupport.java:191) ~[?:?]
	at java.awt.WaitDispatchSupport$4.run(WaitDispatchSupport.java:236) ~[?:?]
	at java.awt.WaitDispatchSupport$4.run(WaitDispatchSupport.java:234) ~[?:?]
	at java.security.AccessController.doPrivileged(AccessController.java:319) ~[?:?]
	at java.awt.WaitDispatchSupport.enter(WaitDispatchSupport.java:234) ~[?:?]
	at java.awt.Dialog.show(Dialog.java:1079) ~[?:?]
	at java.awt.Component.show(Component.java:1728) ~[?:?]
	at java.awt.Component.setVisible(Component.java:1675) ~[?:?]
	at java.awt.Window.setVisible(Window.java:1036) ~[?:?]
	at java.awt.Dialog.setVisible(Dialog.java:1015) ~[?:?]
	at com.st.microxplorer.util.ProcessBarDialog.doAction(ProcessBarDialog.java:173) ~[STM32CubeMX.jar:?]
	at com.st.microxplorer.mxsystem.MxSystem.completeLoadConfig(MxSystem.java:828) ~[STM32CubeMX.jar:?]
	at com.st.microxplorer.plugins.filemanager.engine.OpenFileManager.LoadConfig(OpenFileManager.java:378) ~[filemanager.jar:?]
	at com.st.microxplorer.plugins.filemanager.engine.OpenFileManager.loadConfigurationFile(OpenFileManager.java:292) ~[filemanager.jar:?]
	at com.st.microxplorer.plugins.filemanager.engine.MainFileManager.userLoadConfig(MainFileManager.java:364) ~[filemanager.jar:?]
	at com.st.microxplorer.plugins.filemanager.engine.MainFileManager.userLoadConfig(MainFileManager.java:342) ~[filemanager.jar:?]
	at com.st.microxplorer.plugins.filemanager.FileManagerView.getSpecificTask(FileManagerView.java:264) ~[filemanager.jar:?]
	at com.st.stm32cube.common.mx.editor.CubeMxEditor.getMxTabbedPaneInstance(CubeMxEditor.java:1198) ~[com.st.stm32cube.common.mx_6.15.0.202507011659/:?]
	at com.st.stm32cube.common.mx.editor.CubeMxEditor$12$1.createSwingComponent(CubeMxEditor.java:1068) ~[com.st.stm32cube.common.mx_6.15.0.202507011659/:?]
	at com.st.stm32cube.common.mx.oss.core.awtswtbridge.EmbeddedSwingComposite.doComponentCreation(EmbeddedSwingComposite.java:492) ~[com.st.stm32cube.common.mx.oss_6.15.0.202507011659/:?]
	at com.st.stm32cube.common.mx.oss.core.awtswtbridge.EmbeddedSwingComposite$4.run(EmbeddedSwingComposite.java:291) ~[com.st.stm32cube.common.mx.oss_6.15.0.202507011659/:?]
	at com.st.stm32cube.common.mx.oss.core.awtswtbridge.AwtEnvironment$2.run(AwtEnvironment.java:166) ~[com.st.stm32cube.common.mx.oss_6.15.0.202507011659/:?]
	at java.awt.event.InvocationEvent.dispatch(InvocationEvent.java:318) ~[?:?]
	at java.awt.EventQueue.dispatchEventImpl(EventQueue.java:773) ~[?:?]
	at java.awt.EventQueue$4.run(EventQueue.java:720) ~[?:?]
	at java.awt.EventQueue$4.run(EventQueue.java:714) ~[?:?]
	at java.security.AccessController.doPrivileged(AccessController.java:400) ~[?:?]
	at java.security.ProtectionDomain$JavaSecurityAccessImpl.doIntersectionPrivilege(ProtectionDomain.java:87) ~[?:?]
	at java.awt.EventQueue.dispatchEvent(EventQueue.java:742) ~[?:?]
	at java.awt.EventDispatchThread.pumpOneEventForFilters(EventDispatchThread.java:203) ~[?:?]
	at java.awt.EventDispatchThread.pumpEventsForFilter(EventDispatchThread.java:124) ~[?:?]
	at java.awt.EventDispatchThread.pumpEventsForHierarchy(EventDispatchThread.java:113) ~[?:?]
	at java.awt.EventDispatchThread.pumpEvents(EventDispatchThread.java:109) ~[?:?]
	at java.awt.EventDispatchThread.pumpEvents(EventDispatchThread.java:101) ~[?:?]
	at java.awt.EventDispatchThread.run(EventDispatchThread.java:90) ~[?:?]
2025-09-15 14:00:01,550 [ERROR] MainProjectManager:380 - 
java.lang.NullPointerException: Cannot invoke "javax.swing.JTextField.getText()" because the return value of "java.util.List.get(int)" is null
	at com.st.microxplorer.plugins.projectmanager.gui.ProjectChoiceTab$9.caretUpdate(ProjectChoiceTab.java:2706) ~[filemanager.jar:?]
	at javax.swing.text.JTextComponent.fireCaretUpdate(JTextComponent.java:408) ~[?:?]
	at javax.swing.text.JTextComponent$MutableCaretEvent.fire(JTextComponent.java:4484) ~[?:?]
	at javax.swing.text.JTextComponent$MutableCaretEvent.stateChanged(JTextComponent.java:4506) ~[?:?]
	at javax.swing.text.DefaultCaret.fireStateChanged(DefaultCaret.java:857) ~[?:?]
	at javax.swing.text.DefaultCaret.changeCaretPosition(DefaultCaret.java:1343) ~[?:?]
	at javax.swing.text.DefaultCaret.handleSetDot(DefaultCaret.java:1242) ~[?:?]
	at javax.swing.text.DefaultCaret.setDot(DefaultCaret.java:1223) ~[?:?]
	at javax.swing.text.DefaultCaret$Handler.insertUpdate(DefaultCaret.java:1819) ~[?:?]
	at javax.swing.text.AbstractDocument.fireInsertUpdate(AbstractDocument.java:227) ~[?:?]
	at javax.swing.text.AbstractDocument.handleInsertString(AbstractDocument.java:781) ~[?:?]
	at javax.swing.text.AbstractDocument.insertString(AbstractDocument.java:740) ~[?:?]
	at javax.swing.text.PlainDocument.insertString(PlainDocument.java:131) ~[?:?]
	at javax.swing.text.AbstractDocument.replace(AbstractDocument.java:699) ~[?:?]
	at javax.swing.text.JTextComponent.setText(JTextComponent.java:1725) ~[?:?]
	at com.st.microxplorer.plugins.projectmanager.gui.ProjectChoiceTab.createHeapStackFields(ProjectChoiceTab.java:993) ~[filemanager.jar:?]
	at com.st.microxplorer.plugins.projectmanager.gui.ProjectChoiceTab.buildLinkSettingsPanel(ProjectChoiceTab.java:3813) ~[filemanager.jar:?]
	at com.st.microxplorer.plugins.projectmanager.gui.ProjectChoiceTab.defineWindowsFields(ProjectChoiceTab.java:1987) ~[filemanager.jar:?]
	at com.st.microxplorer.plugins.projectmanager.gui.ProjectChoiceTab.updateSettings(ProjectChoiceTab.java:558) ~[filemanager.jar:?]
	at com.st.microxplorer.plugins.projectmanager.gui.ProjectSettingsPanel.UpdateDialog(ProjectSettingsPanel.java:247) ~[filemanager.jar:?]
	at com.st.microxplorer.plugins.projectmanager.engine.MainProjectManager$7.onCommandEntered(MainProjectManager.java:378) ~[filemanager.jar:?]
	at com.st.components.util.CommandLineManager$3.run(CommandLineManager.java:175) ~[STM32CubeMX.jar:?]
	at java.awt.event.InvocationEvent.dispatch(InvocationEvent.java:308) ~[?:?]
	at java.awt.EventQueue.dispatchEventImpl(EventQueue.java:773) ~[?:?]
	at java.awt.EventQueue$4.run(EventQueue.java:720) ~[?:?]
	at java.awt.EventQueue$4.run(EventQueue.java:714) ~[?:?]
	at java.security.AccessController.doPrivileged(AccessController.java:400) ~[?:?]
	at java.security.ProtectionDomain$JavaSecurityAccessImpl.doIntersectionPrivilege(ProtectionDomain.java:87) ~[?:?]
	at java.awt.EventQueue.dispatchEvent(EventQueue.java:742) ~[?:?]
	at java.awt.EventDispatchThread.pumpOneEventForFilters(EventDispatchThread.java:203) ~[?:?]
	at java.awt.EventDispatchThread.pumpEventsForFilter(EventDispatchThread.java:124) ~[?:?]
	at java.awt.EventDispatchThread.pumpEventsForFilter(EventDispatchThread.java:117) ~[?:?]
	at java.awt.WaitDispatchSupport$2.run(WaitDispatchSupport.java:191) ~[?:?]
	at java.awt.WaitDispatchSupport$4.run(WaitDispatchSupport.java:236) ~[?:?]
	at java.awt.WaitDispatchSupport$4.run(WaitDispatchSupport.java:234) ~[?:?]
	at java.security.AccessController.doPrivileged(AccessController.java:319) ~[?:?]
	at java.awt.WaitDispatchSupport.enter(WaitDispatchSupport.java:234) ~[?:?]
	at java.awt.Dialog.show(Dialog.java:1079) ~[?:?]
	at java.awt.Component.show(Component.java:1728) ~[?:?]
	at java.awt.Component.setVisible(Component.java:1675) ~[?:?]
	at java.awt.Window.setVisible(Window.java:1036) ~[?:?]
	at java.awt.Dialog.setVisible(Dialog.java:1015) ~[?:?]
	at com.st.microxplorer.util.ProcessBarDialog.doAction(ProcessBarDialog.java:173) ~[STM32CubeMX.jar:?]
	at com.st.microxplorer.mxsystem.MxSystem.completeLoadConfig(MxSystem.java:828) ~[STM32CubeMX.jar:?]
	at com.st.microxplorer.plugins.filemanager.engine.OpenFileManager.LoadConfig(OpenFileManager.java:378) ~[filemanager.jar:?]
	at com.st.microxplorer.plugins.filemanager.engine.OpenFileManager.loadConfigurationFile(OpenFileManager.java:292) ~[filemanager.jar:?]
	at com.st.microxplorer.plugins.filemanager.engine.MainFileManager.userLoadConfig(MainFileManager.java:364) ~[filemanager.jar:?]
	at com.st.microxplorer.plugins.filemanager.engine.MainFileManager.userLoadConfig(MainFileManager.java:342) ~[filemanager.jar:?]
	at com.st.microxplorer.plugins.filemanager.FileManagerView.getSpecificTask(FileManagerView.java:264) ~[filemanager.jar:?]
	at com.st.stm32cube.common.mx.editor.CubeMxEditor.getMxTabbedPaneInstance(CubeMxEditor.java:1198) ~[com.st.stm32cube.common.mx_6.15.0.202507011659/:?]
	at com.st.stm32cube.common.mx.editor.CubeMxEditor$12$1.createSwingComponent(CubeMxEditor.java:1068) ~[com.st.stm32cube.common.mx_6.15.0.202507011659/:?]
	at com.st.stm32cube.common.mx.oss.core.awtswtbridge.EmbeddedSwingComposite.doComponentCreation(EmbeddedSwingComposite.java:492) ~[com.st.stm32cube.common.mx.oss_6.15.0.202507011659/:?]
	at com.st.stm32cube.common.mx.oss.core.awtswtbridge.EmbeddedSwingComposite$4.run(EmbeddedSwingComposite.java:291) ~[com.st.stm32cube.common.mx.oss_6.15.0.202507011659/:?]
	at com.st.stm32cube.common.mx.oss.core.awtswtbridge.AwtEnvironment$2.run(AwtEnvironment.java:166) ~[com.st.stm32cube.common.mx.oss_6.15.0.202507011659/:?]
	at java.awt.event.InvocationEvent.dispatch(InvocationEvent.java:318) ~[?:?]
	at java.awt.EventQueue.dispatchEventImpl(EventQueue.java:773) ~[?:?]
	at java.awt.EventQueue$4.run(EventQueue.java:720) ~[?:?]
	at java.awt.EventQueue$4.run(EventQueue.java:714) ~[?:?]
	at java.security.AccessController.doPrivileged(AccessController.java:400) ~[?:?]
	at java.security.ProtectionDomain$JavaSecurityAccessImpl.doIntersectionPrivilege(ProtectionDomain.java:87) ~[?:?]
	at java.awt.EventQueue.dispatchEvent(EventQueue.java:742) ~[?:?]
	at java.awt.EventDispatchThread.pumpOneEventForFilters(EventDispatchThread.java:203) ~[?:?]
	at java.awt.EventDispatchThread.pumpEventsForFilter(EventDispatchThread.java:124) ~[?:?]
	at java.awt.EventDispatchThread.pumpEventsForHierarchy(EventDispatchThread.java:113) ~[?:?]
	at java.awt.EventDispatchThread.pumpEvents(EventDispatchThread.java:109) ~[?:?]
	at java.awt.EventDispatchThread.pumpEvents(EventDispatchThread.java:101) ~[?:?]
	at java.awt.EventDispatchThread.run(EventDispatchThread.java:90) ~[?:?]
2025-09-15 14:00:01,732 [ERROR] MainProjectManager:405 - 
java.lang.NullPointerException: Cannot invoke "javax.swing.JTextField.getText()" because the return value of "java.util.List.get(int)" is null
	at com.st.microxplorer.plugins.projectmanager.gui.ProjectChoiceTab$9.caretUpdate(ProjectChoiceTab.java:2706) ~[filemanager.jar:?]
	at javax.swing.text.JTextComponent.fireCaretUpdate(JTextComponent.java:408) ~[?:?]
	at javax.swing.text.JTextComponent$MutableCaretEvent.fire(JTextComponent.java:4484) ~[?:?]
	at javax.swing.text.JTextComponent$MutableCaretEvent.stateChanged(JTextComponent.java:4506) ~[?:?]
	at javax.swing.text.DefaultCaret.fireStateChanged(DefaultCaret.java:857) ~[?:?]
	at javax.swing.text.DefaultCaret.changeCaretPosition(DefaultCaret.java:1343) ~[?:?]
	at javax.swing.text.DefaultCaret.handleSetDot(DefaultCaret.java:1242) ~[?:?]
	at javax.swing.text.DefaultCaret.setDot(DefaultCaret.java:1223) ~[?:?]
	at javax.swing.text.DefaultCaret$Handler.insertUpdate(DefaultCaret.java:1819) ~[?:?]
	at javax.swing.text.AbstractDocument.fireInsertUpdate(AbstractDocument.java:227) ~[?:?]
	at javax.swing.text.AbstractDocument.handleInsertString(AbstractDocument.java:781) ~[?:?]
	at javax.swing.text.AbstractDocument.insertString(AbstractDocument.java:740) ~[?:?]
	at javax.swing.text.PlainDocument.insertString(PlainDocument.java:131) ~[?:?]
	at javax.swing.text.AbstractDocument.replace(AbstractDocument.java:699) ~[?:?]
	at javax.swing.text.JTextComponent.setText(JTextComponent.java:1725) ~[?:?]
	at com.st.microxplorer.plugins.projectmanager.gui.ProjectChoiceTab.createHeapStackFields(ProjectChoiceTab.java:993) ~[filemanager.jar:?]
	at com.st.microxplorer.plugins.projectmanager.gui.ProjectChoiceTab.buildLinkSettingsPanel(ProjectChoiceTab.java:3813) ~[filemanager.jar:?]
	at com.st.microxplorer.plugins.projectmanager.gui.ProjectChoiceTab.defineWindowsFields(ProjectChoiceTab.java:1987) ~[filemanager.jar:?]
	at com.st.microxplorer.plugins.projectmanager.gui.ProjectChoiceTab.updateSettings(ProjectChoiceTab.java:558) ~[filemanager.jar:?]
	at com.st.microxplorer.plugins.projectmanager.gui.ProjectSettingsPanel.UpdateDialog(ProjectSettingsPanel.java:247) ~[filemanager.jar:?]
	at com.st.microxplorer.plugins.projectmanager.engine.MainProjectManager$9.onCommandEntered(MainProjectManager.java:403) ~[filemanager.jar:?]
	at com.st.components.util.CommandLineManager$3.run(CommandLineManager.java:175) ~[STM32CubeMX.jar:?]
	at java.awt.event.InvocationEvent.dispatch(InvocationEvent.java:308) ~[?:?]
	at java.awt.EventQueue.dispatchEventImpl(EventQueue.java:773) ~[?:?]
	at java.awt.EventQueue$4.run(EventQueue.java:720) ~[?:?]
	at java.awt.EventQueue$4.run(EventQueue.java:714) ~[?:?]
	at java.security.AccessController.doPrivileged(AccessController.java:400) ~[?:?]
	at java.security.ProtectionDomain$JavaSecurityAccessImpl.doIntersectionPrivilege(ProtectionDomain.java:87) ~[?:?]
	at java.awt.EventQueue.dispatchEvent(EventQueue.java:742) ~[?:?]
	at java.awt.EventDispatchThread.pumpOneEventForFilters(EventDispatchThread.java:203) ~[?:?]
	at java.awt.EventDispatchThread.pumpEventsForFilter(EventDispatchThread.java:124) ~[?:?]
	at java.awt.EventDispatchThread.pumpEventsForFilter(EventDispatchThread.java:117) ~[?:?]
	at java.awt.WaitDispatchSupport$2.run(WaitDispatchSupport.java:191) ~[?:?]
	at java.awt.WaitDispatchSupport$4.run(WaitDispatchSupport.java:236) ~[?:?]
	at java.awt.WaitDispatchSupport$4.run(WaitDispatchSupport.java:234) ~[?:?]
	at java.security.AccessController.doPrivileged(AccessController.java:319) ~[?:?]
	at java.awt.WaitDispatchSupport.enter(WaitDispatchSupport.java:234) ~[?:?]
	at java.awt.Dialog.show(Dialog.java:1079) ~[?:?]
	at java.awt.Component.show(Component.java:1728) ~[?:?]
	at java.awt.Component.setVisible(Component.java:1675) ~[?:?]
	at java.awt.Window.setVisible(Window.java:1036) ~[?:?]
	at java.awt.Dialog.setVisible(Dialog.java:1015) ~[?:?]
	at com.st.microxplorer.util.ProcessBarDialog.doAction(ProcessBarDialog.java:173) ~[STM32CubeMX.jar:?]
	at com.st.microxplorer.mxsystem.MxSystem.completeLoadConfig(MxSystem.java:828) ~[STM32CubeMX.jar:?]
	at com.st.microxplorer.plugins.filemanager.engine.OpenFileManager.LoadConfig(OpenFileManager.java:378) ~[filemanager.jar:?]
	at com.st.microxplorer.plugins.filemanager.engine.OpenFileManager.loadConfigurationFile(OpenFileManager.java:292) ~[filemanager.jar:?]
	at com.st.microxplorer.plugins.filemanager.engine.MainFileManager.userLoadConfig(MainFileManager.java:364) ~[filemanager.jar:?]
	at com.st.microxplorer.plugins.filemanager.engine.MainFileManager.userLoadConfig(MainFileManager.java:342) ~[filemanager.jar:?]
	at com.st.microxplorer.plugins.filemanager.FileManagerView.getSpecificTask(FileManagerView.java:264) ~[filemanager.jar:?]
	at com.st.stm32cube.common.mx.editor.CubeMxEditor.getMxTabbedPaneInstance(CubeMxEditor.java:1198) ~[com.st.stm32cube.common.mx_6.15.0.202507011659/:?]
	at com.st.stm32cube.common.mx.editor.CubeMxEditor$12$1.createSwingComponent(CubeMxEditor.java:1068) ~[com.st.stm32cube.common.mx_6.15.0.202507011659/:?]
	at com.st.stm32cube.common.mx.oss.core.awtswtbridge.EmbeddedSwingComposite.doComponentCreation(EmbeddedSwingComposite.java:492) ~[com.st.stm32cube.common.mx.oss_6.15.0.202507011659/:?]
	at com.st.stm32cube.common.mx.oss.core.awtswtbridge.EmbeddedSwingComposite$4.run(EmbeddedSwingComposite.java:291) ~[com.st.stm32cube.common.mx.oss_6.15.0.202507011659/:?]
	at com.st.stm32cube.common.mx.oss.core.awtswtbridge.AwtEnvironment$2.run(AwtEnvironment.java:166) ~[com.st.stm32cube.common.mx.oss_6.15.0.202507011659/:?]
	at java.awt.event.InvocationEvent.dispatch(InvocationEvent.java:318) ~[?:?]
	at java.awt.EventQueue.dispatchEventImpl(EventQueue.java:773) ~[?:?]
	at java.awt.EventQueue$4.run(EventQueue.java:720) ~[?:?]
	at java.awt.EventQueue$4.run(EventQueue.java:714) ~[?:?]
	at java.security.AccessController.doPrivileged(AccessController.java:400) ~[?:?]
	at java.security.ProtectionDomain$JavaSecurityAccessImpl.doIntersectionPrivilege(ProtectionDomain.java:87) ~[?:?]
	at java.awt.EventQueue.dispatchEvent(EventQueue.java:742) ~[?:?]
	at java.awt.EventDispatchThread.pumpOneEventForFilters(EventDispatchThread.java:203) ~[?:?]
	at java.awt.EventDispatchThread.pumpEventsForFilter(EventDispatchThread.java:124) ~[?:?]
	at java.awt.EventDispatchThread.pumpEventsForHierarchy(EventDispatchThread.java:113) ~[?:?]
	at java.awt.EventDispatchThread.pumpEvents(EventDispatchThread.java:109) ~[?:?]
	at java.awt.EventDispatchThread.pumpEvents(EventDispatchThread.java:101) ~[?:?]
	at java.awt.EventDispatchThread.run(EventDispatchThread.java:90) ~[?:?]
2025-09-15 14:00:01,761 [ERROR] MainProjectManager:380 - 
java.lang.NullPointerException: Cannot invoke "javax.swing.JTextField.getText()" because the return value of "java.util.List.get(int)" is null
	at com.st.microxplorer.plugins.projectmanager.gui.ProjectChoiceTab$9.caretUpdate(ProjectChoiceTab.java:2706) ~[filemanager.jar:?]
	at javax.swing.text.JTextComponent.fireCaretUpdate(JTextComponent.java:408) ~[?:?]
	at javax.swing.text.JTextComponent$MutableCaretEvent.fire(JTextComponent.java:4484) ~[?:?]
	at javax.swing.text.JTextComponent$MutableCaretEvent.stateChanged(JTextComponent.java:4506) ~[?:?]
	at javax.swing.text.DefaultCaret.fireStateChanged(DefaultCaret.java:857) ~[?:?]
	at javax.swing.text.DefaultCaret.changeCaretPosition(DefaultCaret.java:1343) ~[?:?]
	at javax.swing.text.DefaultCaret.handleSetDot(DefaultCaret.java:1242) ~[?:?]
	at javax.swing.text.DefaultCaret.setDot(DefaultCaret.java:1223) ~[?:?]
	at javax.swing.text.DefaultCaret$Handler.insertUpdate(DefaultCaret.java:1819) ~[?:?]
	at javax.swing.text.AbstractDocument.fireInsertUpdate(AbstractDocument.java:227) ~[?:?]
	at javax.swing.text.AbstractDocument.handleInsertString(AbstractDocument.java:781) ~[?:?]
	at javax.swing.text.AbstractDocument.insertString(AbstractDocument.java:740) ~[?:?]
	at javax.swing.text.PlainDocument.insertString(PlainDocument.java:131) ~[?:?]
	at javax.swing.text.AbstractDocument.replace(AbstractDocument.java:699) ~[?:?]
	at javax.swing.text.JTextComponent.setText(JTextComponent.java:1725) ~[?:?]
	at com.st.microxplorer.plugins.projectmanager.gui.ProjectChoiceTab.createHeapStackFields(ProjectChoiceTab.java:993) ~[filemanager.jar:?]
	at com.st.microxplorer.plugins.projectmanager.gui.ProjectChoiceTab.buildLinkSettingsPanel(ProjectChoiceTab.java:3813) ~[filemanager.jar:?]
	at com.st.microxplorer.plugins.projectmanager.gui.ProjectChoiceTab.defineWindowsFields(ProjectChoiceTab.java:1987) ~[filemanager.jar:?]
	at com.st.microxplorer.plugins.projectmanager.gui.ProjectChoiceTab.updateSettings(ProjectChoiceTab.java:558) ~[filemanager.jar:?]
	at com.st.microxplorer.plugins.projectmanager.gui.ProjectSettingsPanel.UpdateDialog(ProjectSettingsPanel.java:247) ~[filemanager.jar:?]
	at com.st.microxplorer.plugins.projectmanager.engine.MainProjectManager$7.onCommandEntered(MainProjectManager.java:378) ~[filemanager.jar:?]
	at com.st.components.util.CommandLineManager$3.run(CommandLineManager.java:175) ~[STM32CubeMX.jar:?]
	at java.awt.event.InvocationEvent.dispatch(InvocationEvent.java:308) ~[?:?]
	at java.awt.EventQueue.dispatchEventImpl(EventQueue.java:773) ~[?:?]
	at java.awt.EventQueue$4.run(EventQueue.java:720) ~[?:?]
	at java.awt.EventQueue$4.run(EventQueue.java:714) ~[?:?]
	at java.security.AccessController.doPrivileged(AccessController.java:400) ~[?:?]
	at java.security.ProtectionDomain$JavaSecurityAccessImpl.doIntersectionPrivilege(ProtectionDomain.java:87) ~[?:?]
	at java.awt.EventQueue.dispatchEvent(EventQueue.java:742) ~[?:?]
	at java.awt.EventDispatchThread.pumpOneEventForFilters(EventDispatchThread.java:203) ~[?:?]
	at java.awt.EventDispatchThread.pumpEventsForFilter(EventDispatchThread.java:124) ~[?:?]
	at java.awt.EventDispatchThread.pumpEventsForFilter(EventDispatchThread.java:117) ~[?:?]
	at java.awt.WaitDispatchSupport$2.run(WaitDispatchSupport.java:191) ~[?:?]
	at java.awt.WaitDispatchSupport$4.run(WaitDispatchSupport.java:236) ~[?:?]
	at java.awt.WaitDispatchSupport$4.run(WaitDispatchSupport.java:234) ~[?:?]
	at java.security.AccessController.doPrivileged(AccessController.java:319) ~[?:?]
	at java.awt.WaitDispatchSupport.enter(WaitDispatchSupport.java:234) ~[?:?]
	at java.awt.Dialog.show(Dialog.java:1079) ~[?:?]
	at java.awt.Component.show(Component.java:1728) ~[?:?]
	at java.awt.Component.setVisible(Component.java:1675) ~[?:?]
	at java.awt.Window.setVisible(Window.java:1036) ~[?:?]
	at java.awt.Dialog.setVisible(Dialog.java:1015) ~[?:?]
	at com.st.microxplorer.util.ProcessBarDialog.doAction(ProcessBarDialog.java:173) ~[STM32CubeMX.jar:?]
	at com.st.microxplorer.mxsystem.MxSystem.completeLoadConfig(MxSystem.java:828) ~[STM32CubeMX.jar:?]
	at com.st.microxplorer.plugins.filemanager.engine.OpenFileManager.LoadConfig(OpenFileManager.java:378) ~[filemanager.jar:?]
	at com.st.microxplorer.plugins.filemanager.engine.OpenFileManager.loadConfigurationFile(OpenFileManager.java:292) ~[filemanager.jar:?]
	at com.st.microxplorer.plugins.filemanager.engine.MainFileManager.userLoadConfig(MainFileManager.java:364) ~[filemanager.jar:?]
	at com.st.microxplorer.plugins.filemanager.engine.MainFileManager.userLoadConfig(MainFileManager.java:342) ~[filemanager.jar:?]
	at com.st.microxplorer.plugins.filemanager.FileManagerView.getSpecificTask(FileManagerView.java:264) ~[filemanager.jar:?]
	at com.st.stm32cube.common.mx.editor.CubeMxEditor.getMxTabbedPaneInstance(CubeMxEditor.java:1198) ~[com.st.stm32cube.common.mx_6.15.0.202507011659/:?]
	at com.st.stm32cube.common.mx.editor.CubeMxEditor$12$1.createSwingComponent(CubeMxEditor.java:1068) ~[com.st.stm32cube.common.mx_6.15.0.202507011659/:?]
	at com.st.stm32cube.common.mx.oss.core.awtswtbridge.EmbeddedSwingComposite.doComponentCreation(EmbeddedSwingComposite.java:492) ~[com.st.stm32cube.common.mx.oss_6.15.0.202507011659/:?]
	at com.st.stm32cube.common.mx.oss.core.awtswtbridge.EmbeddedSwingComposite$4.run(EmbeddedSwingComposite.java:291) ~[com.st.stm32cube.common.mx.oss_6.15.0.202507011659/:?]
	at com.st.stm32cube.common.mx.oss.core.awtswtbridge.AwtEnvironment$2.run(AwtEnvironment.java:166) ~[com.st.stm32cube.common.mx.oss_6.15.0.202507011659/:?]
	at java.awt.event.InvocationEvent.dispatch(InvocationEvent.java:318) ~[?:?]
	at java.awt.EventQueue.dispatchEventImpl(EventQueue.java:773) ~[?:?]
	at java.awt.EventQueue$4.run(EventQueue.java:720) ~[?:?]
	at java.awt.EventQueue$4.run(EventQueue.java:714) ~[?:?]
	at java.security.AccessController.doPrivileged(AccessController.java:400) ~[?:?]
	at java.security.ProtectionDomain$JavaSecurityAccessImpl.doIntersectionPrivilege(ProtectionDomain.java:87) ~[?:?]
	at java.awt.EventQueue.dispatchEvent(EventQueue.java:742) ~[?:?]
	at java.awt.EventDispatchThread.pumpOneEventForFilters(EventDispatchThread.java:203) ~[?:?]
	at java.awt.EventDispatchThread.pumpEventsForFilter(EventDispatchThread.java:124) ~[?:?]
	at java.awt.EventDispatchThread.pumpEventsForHierarchy(EventDispatchThread.java:113) ~[?:?]
	at java.awt.EventDispatchThread.pumpEvents(EventDispatchThread.java:109) ~[?:?]
	at java.awt.EventDispatchThread.pumpEvents(EventDispatchThread.java:101) ~[?:?]
	at java.awt.EventDispatchThread.run(EventDispatchThread.java:90) ~[?:?]
2025-09-15 14:00:01,977 [ERROR] Context:921 - The IP PWR is not set in context FSBL
2025-09-15 14:00:01,977 [ERROR] Context:921 - The IP PWR is not set in context Appli
2025-09-15 14:00:01,977 [ERROR] Context:921 - The IP PWR is not set in context ExtMemLoader
2025-09-15 14:00:02,281 [ERROR] Context:921 - The IP RTC is not set in context FSBL
2025-09-15 14:00:02,281 [ERROR] Context:921 - The IP RTC is not set in context Appli
2025-09-15 14:00:02,281 [ERROR] Context:921 - The IP RTC is not set in context ExtMemLoader
2025-09-15 14:00:02,715 [INFO] OpenFileManager:386 - Restore cursor
2025-09-15 14:00:03,053 [WARN] IP:2250 - RefParam_XIP_memory not found: check if there is a RefParameter without a condition.
2025-09-15 14:00:03,053 [WARN] IP:2250 - RefParam_MEMORY_1_Size not found: check if there is a RefParameter without a condition.
2025-09-15 14:00:03,053 [WARN] IP:2250 - RefParam_MEMORY_1_FreqMax not found: check if there is a RefParameter without a condition.
2025-09-15 14:00:03,053 [WARN] IP:2250 - RefParam_MEMORY_1_ReadReg not found: check if there is a RefParameter without a condition.
2025-09-15 14:00:03,053 [WARN] IP:2250 - RefParam_MEMORY_1_WriteReg not found: check if there is a RefParameter without a condition.
2025-09-15 14:00:03,053 [WARN] IP:2250 - RefParam_MEMORY_1_RegSize not found: check if there is a RefParameter without a condition.
2025-09-15 14:00:03,053 [WARN] IP:2250 - RefParam_MEMORY_1_RegDummyCycle not found: check if there is a RefParameter without a condition.
2025-09-15 14:00:03,053 [WARN] IP:2250 - RefParam_MEMORY_1_WriteCommand not found: check if there is a RefParameter without a condition.
2025-09-15 14:00:03,053 [WARN] IP:2250 - RefParam_MEMORY_1_WriteDummyCycle not found: check if there is a RefParameter without a condition.
2025-09-15 14:00:03,053 [WARN] IP:2250 - RefParam_MEMORY_1_ReadCommand not found: check if there is a RefParameter without a condition.
2025-09-15 14:00:03,053 [WARN] IP:2250 - RefParam_MEMORY_1_WrapReadCommand not found: check if there is a RefParameter without a condition.
2025-09-15 14:00:03,053 [WARN] IP:2250 - RefParam_MEMORY_1_ReadDummyCycle not found: check if there is a RefParameter without a condition.
2025-09-15 14:00:03,053 [WARN] IP:2250 - RefParam_MEMORY_1_NumberOfConfig not found: check if there is a RefParameter without a condition.
2025-09-15 14:00:03,053 [WARN] IP:2250 - RefParam_MEMORY_1_Config1_WriteMask not found: check if there is a RefParameter without a condition.
2025-09-15 14:00:03,053 [WARN] IP:2250 - RefParam_MEMORY_1_Config1_WriteValue not found: check if there is a RefParameter without a condition.
2025-09-15 14:00:03,053 [WARN] IP:2250 - RefParam_MEMORY_1_Config1_RegAddress not found: check if there is a RefParameter without a condition.
2025-09-15 14:00:03,053 [WARN] IP:2250 - RefParam_MEMORY_1_Config2_WriteMask not found: check if there is a RefParameter without a condition.
2025-09-15 14:00:03,053 [WARN] IP:2250 - RefParam_MEMORY_1_Config2_WriteValue not found: check if there is a RefParameter without a condition.
2025-09-15 14:00:03,053 [WARN] IP:2250 - RefParam_MEMORY_1_Config2_RegAddress not found: check if there is a RefParameter without a condition.
2025-09-15 14:00:03,053 [WARN] IP:2250 - RefParam_MEMORY_1_Config3_WriteMask not found: check if there is a RefParameter without a condition.
2025-09-15 14:00:03,053 [WARN] IP:2250 - RefParam_MEMORY_1_Config3_WriteValue not found: check if there is a RefParameter without a condition.
2025-09-15 14:00:03,053 [WARN] IP:2250 - RefParam_MEMORY_1_Config3_RegAddress not found: check if there is a RefParameter without a condition.
2025-09-15 14:00:03,053 [WARN] IP:2250 - RefParam_MEMORY_2_Instance not found: check if there is a RefParameter without a condition.
2025-09-15 14:00:03,053 [WARN] IP:2250 - RefParam_MEMORY_2_ConfigType not found: check if there is a RefParameter without a condition.
2025-09-15 14:00:03,053 [WARN] IP:2250 - RefParam_MEMORY_2_Size not found: check if there is a RefParameter without a condition.
2025-09-15 14:00:03,053 [WARN] IP:2250 - RefParam_MEMORY_2_FreqMax not found: check if there is a RefParameter without a condition.
2025-09-15 14:00:03,053 [WARN] IP:2250 - RefParam_MEMORY_2_ReadReg not found: check if there is a RefParameter without a condition.
2025-09-15 14:00:03,053 [WARN] IP:2250 - RefParam_MEMORY_2_WriteReg not found: check if there is a RefParameter without a condition.
2025-09-15 14:00:03,053 [WARN] IP:2250 - RefParam_MEMORY_2_RegSize not found: check if there is a RefParameter without a condition.
2025-09-15 14:00:03,053 [WARN] IP:2250 - RefParam_MEMORY_2_RegDummyCycle not found: check if there is a RefParameter without a condition.
2025-09-15 14:00:03,053 [WARN] IP:2250 - RefParam_MEMORY_2_WriteCommand not found: check if there is a RefParameter without a condition.
2025-09-15 14:00:03,053 [WARN] IP:2250 - RefParam_MEMORY_2_WriteDummyCycle not found: check if there is a RefParameter without a condition.
2025-09-15 14:00:03,053 [WARN] IP:2250 - RefParam_MEMORY_2_ReadCommand not found: check if there is a RefParameter without a condition.
2025-09-15 14:00:03,053 [WARN] IP:2250 - RefParam_MEMORY_2_WrapReadCommand not found: check if there is a RefParameter without a condition.
2025-09-15 14:00:03,053 [WARN] IP:2250 - RefParam_MEMORY_2_ReadDummyCycle not found: check if there is a RefParameter without a condition.
2025-09-15 14:00:03,053 [WARN] IP:2250 - RefParam_MEMORY_2_NumberOfConfig not found: check if there is a RefParameter without a condition.
2025-09-15 14:00:03,053 [WARN] IP:2250 - RefParam_MEMORY_2_Config1_WriteMask not found: check if there is a RefParameter without a condition.
2025-09-15 14:00:03,053 [WARN] IP:2250 - RefParam_MEMORY_2_Config1_WriteValue not found: check if there is a RefParameter without a condition.
2025-09-15 14:00:03,053 [WARN] IP:2250 - RefParam_MEMORY_2_Config1_RegAddress not found: check if there is a RefParameter without a condition.
2025-09-15 14:00:03,053 [WARN] IP:2250 - RefParam_MEMORY_2_Config2_WriteMask not found: check if there is a RefParameter without a condition.
2025-09-15 14:00:03,053 [WARN] IP:2250 - RefParam_MEMORY_2_Config2_WriteValue not found: check if there is a RefParameter without a condition.
2025-09-15 14:00:03,053 [WARN] IP:2250 - RefParam_MEMORY_2_Config2_RegAddress not found: check if there is a RefParameter without a condition.
2025-09-15 14:00:03,053 [WARN] IP:2250 - RefParam_MEMORY_2_Config3_WriteMask not found: check if there is a RefParameter without a condition.
2025-09-15 14:00:03,054 [WARN] IP:2250 - RefParam_MEMORY_2_Config3_WriteValue not found: check if there is a RefParameter without a condition.
2025-09-15 14:00:03,054 [WARN] IP:2250 - RefParam_MEMORY_2_Config3_RegAddress not found: check if there is a RefParameter without a condition.
2025-09-15 14:00:03,308 [INFO] AIMainUI:1270 - Restoring parameters from IP...
2025-09-15 14:00:03,308 [INFO] AIMainUI:1393 - No old model detected
2025-09-15 14:00:03,373 [INFO] AInterface:116 - AInterface using toolDir: C:/Users/ZOJOLDRI/STM32Cube/Repository/Packs/STMicroelectronics/X-CUBE-AI/10.2.0/Utilities/windows
2025-09-15 14:00:03,379 [INFO] AIModelDetailledView:2380 - Analysis status: -
2025-09-15 14:00:03,380 [INFO] AIModelDetailledView:929 - Selected model: Keras
2025-09-15 14:00:03,452 [INFO] AIModelDetailledView:2380 - Analysis status: done
2025-09-15 14:02:46,304 [WARN] IP:2250 - RefParam_XIP_memory not found: check if there is a RefParameter without a condition.
2025-09-15 14:02:46,304 [WARN] IP:2250 - RefParam_MEMORY_1_Size not found: check if there is a RefParameter without a condition.
2025-09-15 14:02:46,304 [WARN] IP:2250 - RefParam_MEMORY_1_FreqMax not found: check if there is a RefParameter without a condition.
2025-09-15 14:02:46,304 [WARN] IP:2250 - RefParam_MEMORY_1_ReadReg not found: check if there is a RefParameter without a condition.
2025-09-15 14:02:46,304 [WARN] IP:2250 - RefParam_MEMORY_1_WriteReg not found: check if there is a RefParameter without a condition.
2025-09-15 14:02:46,304 [WARN] IP:2250 - RefParam_MEMORY_1_RegSize not found: check if there is a RefParameter without a condition.
2025-09-15 14:02:46,304 [WARN] IP:2250 - RefParam_MEMORY_1_RegDummyCycle not found: check if there is a RefParameter without a condition.
2025-09-15 14:02:46,304 [WARN] IP:2250 - RefParam_MEMORY_1_WriteCommand not found: check if there is a RefParameter without a condition.
2025-09-15 14:02:46,305 [WARN] IP:2250 - RefParam_MEMORY_1_WriteDummyCycle not found: check if there is a RefParameter without a condition.
2025-09-15 14:02:46,305 [WARN] IP:2250 - RefParam_MEMORY_1_ReadCommand not found: check if there is a RefParameter without a condition.
2025-09-15 14:02:46,305 [WARN] IP:2250 - RefParam_MEMORY_1_WrapReadCommand not found: check if there is a RefParameter without a condition.
2025-09-15 14:02:46,305 [WARN] IP:2250 - RefParam_MEMORY_1_ReadDummyCycle not found: check if there is a RefParameter without a condition.
2025-09-15 14:02:46,305 [WARN] IP:2250 - RefParam_MEMORY_1_NumberOfConfig not found: check if there is a RefParameter without a condition.
2025-09-15 14:02:46,305 [WARN] IP:2250 - RefParam_MEMORY_1_Config1_WriteMask not found: check if there is a RefParameter without a condition.
2025-09-15 14:02:46,305 [WARN] IP:2250 - RefParam_MEMORY_1_Config1_WriteValue not found: check if there is a RefParameter without a condition.
2025-09-15 14:02:46,305 [WARN] IP:2250 - RefParam_MEMORY_1_Config1_RegAddress not found: check if there is a RefParameter without a condition.
2025-09-15 14:02:46,305 [WARN] IP:2250 - RefParam_MEMORY_1_Config2_WriteMask not found: check if there is a RefParameter without a condition.
2025-09-15 14:02:46,305 [WARN] IP:2250 - RefParam_MEMORY_1_Config2_WriteValue not found: check if there is a RefParameter without a condition.
2025-09-15 14:02:46,305 [WARN] IP:2250 - RefParam_MEMORY_1_Config2_RegAddress not found: check if there is a RefParameter without a condition.
2025-09-15 14:02:46,305 [WARN] IP:2250 - RefParam_MEMORY_1_Config3_WriteMask not found: check if there is a RefParameter without a condition.
2025-09-15 14:02:46,305 [WARN] IP:2250 - RefParam_MEMORY_1_Config3_WriteValue not found: check if there is a RefParameter without a condition.
2025-09-15 14:02:46,305 [WARN] IP:2250 - RefParam_MEMORY_1_Config3_RegAddress not found: check if there is a RefParameter without a condition.
2025-09-15 14:02:46,305 [WARN] IP:2250 - RefParam_MEMORY_2_Instance not found: check if there is a RefParameter without a condition.
2025-09-15 14:02:46,305 [WARN] IP:2250 - RefParam_MEMORY_2_ConfigType not found: check if there is a RefParameter without a condition.
2025-09-15 14:02:46,305 [WARN] IP:2250 - RefParam_MEMORY_2_Size not found: check if there is a RefParameter without a condition.
2025-09-15 14:02:46,305 [WARN] IP:2250 - RefParam_MEMORY_2_FreqMax not found: check if there is a RefParameter without a condition.
2025-09-15 14:02:46,305 [WARN] IP:2250 - RefParam_MEMORY_2_ReadReg not found: check if there is a RefParameter without a condition.
2025-09-15 14:02:46,305 [WARN] IP:2250 - RefParam_MEMORY_2_WriteReg not found: check if there is a RefParameter without a condition.
2025-09-15 14:02:46,305 [WARN] IP:2250 - RefParam_MEMORY_2_RegSize not found: check if there is a RefParameter without a condition.
2025-09-15 14:02:46,305 [WARN] IP:2250 - RefParam_MEMORY_2_RegDummyCycle not found: check if there is a RefParameter without a condition.
2025-09-15 14:02:46,305 [WARN] IP:2250 - RefParam_MEMORY_2_WriteCommand not found: check if there is a RefParameter without a condition.
2025-09-15 14:02:46,305 [WARN] IP:2250 - RefParam_MEMORY_2_WriteDummyCycle not found: check if there is a RefParameter without a condition.
2025-09-15 14:02:46,305 [WARN] IP:2250 - RefParam_MEMORY_2_ReadCommand not found: check if there is a RefParameter without a condition.
2025-09-15 14:02:46,305 [WARN] IP:2250 - RefParam_MEMORY_2_WrapReadCommand not found: check if there is a RefParameter without a condition.
2025-09-15 14:02:46,305 [WARN] IP:2250 - RefParam_MEMORY_2_ReadDummyCycle not found: check if there is a RefParameter without a condition.
2025-09-15 14:02:46,305 [WARN] IP:2250 - RefParam_MEMORY_2_NumberOfConfig not found: check if there is a RefParameter without a condition.
2025-09-15 14:02:46,305 [WARN] IP:2250 - RefParam_MEMORY_2_Config1_WriteMask not found: check if there is a RefParameter without a condition.
2025-09-15 14:02:46,305 [WARN] IP:2250 - RefParam_MEMORY_2_Config1_WriteValue not found: check if there is a RefParameter without a condition.
2025-09-15 14:02:46,305 [WARN] IP:2250 - RefParam_MEMORY_2_Config1_RegAddress not found: check if there is a RefParameter without a condition.
2025-09-15 14:02:46,305 [WARN] IP:2250 - RefParam_MEMORY_2_Config2_WriteMask not found: check if there is a RefParameter without a condition.
2025-09-15 14:02:46,305 [WARN] IP:2250 - RefParam_MEMORY_2_Config2_WriteValue not found: check if there is a RefParameter without a condition.
2025-09-15 14:02:46,305 [WARN] IP:2250 - RefParam_MEMORY_2_Config2_RegAddress not found: check if there is a RefParameter without a condition.
2025-09-15 14:02:46,305 [WARN] IP:2250 - RefParam_MEMORY_2_Config3_WriteMask not found: check if there is a RefParameter without a condition.
2025-09-15 14:02:46,305 [WARN] IP:2250 - RefParam_MEMORY_2_Config3_WriteValue not found: check if there is a RefParameter without a condition.
2025-09-15 14:02:46,305 [WARN] IP:2250 - RefParam_MEMORY_2_Config3_RegAddress not found: check if there is a RefParameter without a condition.
2025-09-15 14:03:21,268 [INFO] NvicIntPanel:101 - NVIC parent = com.st.microxplorer.plugins.ip.nvic.MultiNvicIntPanel[,0,0,624x349,layout=javax.swing.BoxLayout,alignmentX=0.0,alignmentY=0.0,border=,flags=9,maximumSize=,minimumSize=,preferredSize=]
2025-09-15 14:04:05,036 [INFO] NvicIntPanel:101 - NVIC parent = com.st.microxplorer.plugins.ip.nvic.MultiNvicIntPanel[,0,0,0x0,invalid,layout=javax.swing.BoxLayout,alignmentX=0.0,alignmentY=0.0,border=,flags=9,maximumSize=,minimumSize=,preferredSize=]
2025-09-15 14:05:30,049 [WARN] IP:2250 - RefParam_XIP_memory not found: check if there is a RefParameter without a condition.
2025-09-15 14:05:30,050 [WARN] IP:2250 - RefParam_MEMORY_1_Size not found: check if there is a RefParameter without a condition.
2025-09-15 14:05:30,050 [WARN] IP:2250 - RefParam_MEMORY_1_FreqMax not found: check if there is a RefParameter without a condition.
2025-09-15 14:05:30,050 [WARN] IP:2250 - RefParam_MEMORY_1_ReadReg not found: check if there is a RefParameter without a condition.
2025-09-15 14:05:30,050 [WARN] IP:2250 - RefParam_MEMORY_1_WriteReg not found: check if there is a RefParameter without a condition.
2025-09-15 14:05:30,050 [WARN] IP:2250 - RefParam_MEMORY_1_RegSize not found: check if there is a RefParameter without a condition.
2025-09-15 14:05:30,050 [WARN] IP:2250 - RefParam_MEMORY_1_RegDummyCycle not found: check if there is a RefParameter without a condition.
2025-09-15 14:05:30,050 [WARN] IP:2250 - RefParam_MEMORY_1_WriteCommand not found: check if there is a RefParameter without a condition.
2025-09-15 14:05:30,050 [WARN] IP:2250 - RefParam_MEMORY_1_WriteDummyCycle not found: check if there is a RefParameter without a condition.
2025-09-15 14:05:30,050 [WARN] IP:2250 - RefParam_MEMORY_1_ReadCommand not found: check if there is a RefParameter without a condition.
2025-09-15 14:05:30,050 [WARN] IP:2250 - RefParam_MEMORY_1_WrapReadCommand not found: check if there is a RefParameter without a condition.
2025-09-15 14:05:30,050 [WARN] IP:2250 - RefParam_MEMORY_1_ReadDummyCycle not found: check if there is a RefParameter without a condition.
2025-09-15 14:05:30,050 [WARN] IP:2250 - RefParam_MEMORY_1_NumberOfConfig not found: check if there is a RefParameter without a condition.
2025-09-15 14:05:30,050 [WARN] IP:2250 - RefParam_MEMORY_1_Config1_WriteMask not found: check if there is a RefParameter without a condition.
2025-09-15 14:05:30,050 [WARN] IP:2250 - RefParam_MEMORY_1_Config1_WriteValue not found: check if there is a RefParameter without a condition.
2025-09-15 14:05:30,050 [WARN] IP:2250 - RefParam_MEMORY_1_Config1_RegAddress not found: check if there is a RefParameter without a condition.
2025-09-15 14:05:30,050 [WARN] IP:2250 - RefParam_MEMORY_1_Config2_WriteMask not found: check if there is a RefParameter without a condition.
2025-09-15 14:05:30,050 [WARN] IP:2250 - RefParam_MEMORY_1_Config2_WriteValue not found: check if there is a RefParameter without a condition.
2025-09-15 14:05:30,050 [WARN] IP:2250 - RefParam_MEMORY_1_Config2_RegAddress not found: check if there is a RefParameter without a condition.
2025-09-15 14:05:30,050 [WARN] IP:2250 - RefParam_MEMORY_1_Config3_WriteMask not found: check if there is a RefParameter without a condition.
2025-09-15 14:05:30,050 [WARN] IP:2250 - RefParam_MEMORY_1_Config3_WriteValue not found: check if there is a RefParameter without a condition.
2025-09-15 14:05:30,050 [WARN] IP:2250 - RefParam_MEMORY_1_Config3_RegAddress not found: check if there is a RefParameter without a condition.
2025-09-15 14:05:30,050 [WARN] IP:2250 - RefParam_MEMORY_2_Instance not found: check if there is a RefParameter without a condition.
2025-09-15 14:05:30,050 [WARN] IP:2250 - RefParam_MEMORY_2_ConfigType not found: check if there is a RefParameter without a condition.
2025-09-15 14:05:30,050 [WARN] IP:2250 - RefParam_MEMORY_2_Size not found: check if there is a RefParameter without a condition.
2025-09-15 14:05:30,050 [WARN] IP:2250 - RefParam_MEMORY_2_FreqMax not found: check if there is a RefParameter without a condition.
2025-09-15 14:05:30,050 [WARN] IP:2250 - RefParam_MEMORY_2_ReadReg not found: check if there is a RefParameter without a condition.
2025-09-15 14:05:30,050 [WARN] IP:2250 - RefParam_MEMORY_2_WriteReg not found: check if there is a RefParameter without a condition.
2025-09-15 14:05:30,050 [WARN] IP:2250 - RefParam_MEMORY_2_RegSize not found: check if there is a RefParameter without a condition.
2025-09-15 14:05:30,050 [WARN] IP:2250 - RefParam_MEMORY_2_RegDummyCycle not found: check if there is a RefParameter without a condition.
2025-09-15 14:05:30,050 [WARN] IP:2250 - RefParam_MEMORY_2_WriteCommand not found: check if there is a RefParameter without a condition.
2025-09-15 14:05:30,050 [WARN] IP:2250 - RefParam_MEMORY_2_WriteDummyCycle not found: check if there is a RefParameter without a condition.
2025-09-15 14:05:30,050 [WARN] IP:2250 - RefParam_MEMORY_2_ReadCommand not found: check if there is a RefParameter without a condition.
2025-09-15 14:05:30,050 [WARN] IP:2250 - RefParam_MEMORY_2_WrapReadCommand not found: check if there is a RefParameter without a condition.
2025-09-15 14:05:30,050 [WARN] IP:2250 - RefParam_MEMORY_2_ReadDummyCycle not found: check if there is a RefParameter without a condition.
2025-09-15 14:05:30,050 [WARN] IP:2250 - RefParam_MEMORY_2_NumberOfConfig not found: check if there is a RefParameter without a condition.
2025-09-15 14:05:30,050 [WARN] IP:2250 - RefParam_MEMORY_2_Config1_WriteMask not found: check if there is a RefParameter without a condition.
2025-09-15 14:05:30,050 [WARN] IP:2250 - RefParam_MEMORY_2_Config1_WriteValue not found: check if there is a RefParameter without a condition.
2025-09-15 14:05:30,050 [WARN] IP:2250 - RefParam_MEMORY_2_Config1_RegAddress not found: check if there is a RefParameter without a condition.
2025-09-15 14:05:30,050 [WARN] IP:2250 - RefParam_MEMORY_2_Config2_WriteMask not found: check if there is a RefParameter without a condition.
2025-09-15 14:05:30,050 [WARN] IP:2250 - RefParam_MEMORY_2_Config2_WriteValue not found: check if there is a RefParameter without a condition.
2025-09-15 14:05:30,050 [WARN] IP:2250 - RefParam_MEMORY_2_Config2_RegAddress not found: check if there is a RefParameter without a condition.
2025-09-15 14:05:30,050 [WARN] IP:2250 - RefParam_MEMORY_2_Config3_WriteMask not found: check if there is a RefParameter without a condition.
2025-09-15 14:05:30,050 [WARN] IP:2250 - RefParam_MEMORY_2_Config3_WriteValue not found: check if there is a RefParameter without a condition.
2025-09-15 14:05:30,050 [WARN] IP:2250 - RefParam_MEMORY_2_Config3_RegAddress not found: check if there is a RefParameter without a condition.
2025-09-15 14:05:44,772 [INFO] NvicIntPanel:101 - NVIC parent = com.st.microxplorer.plugins.ip.nvic.MultiNvicIntPanel[,0,0,0x0,invalid,layout=javax.swing.BoxLayout,alignmentX=0.0,alignmentY=0.0,border=,flags=9,maximumSize=,minimumSize=,preferredSize=]
2025-09-15 14:05:56,706 [INFO] NvicIntPanel:101 - NVIC parent = com.st.microxplorer.plugins.ip.nvic.MultiNvicIntPanel[,0,0,0x0,invalid,layout=javax.swing.BoxLayout,alignmentX=0.0,alignmentY=0.0,border=,flags=9,maximumSize=,minimumSize=,preferredSize=]
2025-09-15 14:05:57,747 [INFO] UtilMem:75 - End SaveConfig() Used Memory: 679683536 Bytes (1073741824)
2025-09-15 14:05:59,042 [ERROR] IocParser:95 - Exception caught: null
2025-09-15 14:05:59,722 [INFO] UtilMem:75 - End SaveConfig() Used Memory: 725820880 Bytes (1073741824)
2025-09-15 14:06:05,336 [INFO] UtilMem:75 - End SaveConfig() Used Memory: 819892224 Bytes (1073741824)
2025-09-15 14:06:06,172 [ERROR] IocParser:95 - Exception caught: null
2025-09-15 14:06:06,332 [INFO] BlockDiagram:2775 - set Specific Code input for plugin: EXTMEM_MANAGER
2025-09-15 14:06:06,332 [INFO] BlockDiagram:2775 - set Specific Code input for plugin: RAMCFG
2025-09-15 14:06:06,332 [INFO] BlockDiagram:2775 - set Specific Code input for plugin: RCC
2025-09-15 14:06:06,332 [INFO] BlockDiagram:2775 - set Specific Code input for plugin: CORTEX_M55_FSBL
2025-09-15 14:06:06,332 [INFO] BlockDiagram:2775 - set Specific Code input for plugin: XSPIM
2025-09-15 14:06:06,332 [INFO] BlockDiagram:2775 - set Specific Code input for plugin: STMicroelectronics.X-CUBE-AI.10.2.0
2025-09-15 14:06:06,332 [INFO] BlockDiagram:2775 - set Specific Code input for plugin: XSPI
2025-09-15 14:06:06,332 [INFO] BlockDiagram:2775 - set Specific Code input for plugin: NUCLEO-N657X0-Q
2025-09-15 14:06:06,332 [INFO] BlockDiagram:2775 - set Specific Code input for plugin: TIM1_8N6
2025-09-15 14:06:06,332 [INFO] BlockDiagram:2775 - set Specific Code input for plugin: TIM1_8N6
2025-09-15 14:06:06,332 [INFO] BlockDiagram:2775 - set Specific Code input for plugin: CACHEAXI
2025-09-15 14:06:06,332 [INFO] BlockDiagram:2775 - set Specific Code input for plugin: BSEC
2025-09-15 14:06:06,333 [INFO] BlockDiagram:2775 - set Specific Code input for plugin: LPUART
2025-09-15 14:06:06,333 [INFO] BlockDiagram:2775 - set Specific Code input for plugin: NVIC
2025-09-15 14:06:06,333 [INFO] BlockDiagram:2775 - set Specific Code input for plugin: GPIO
2025-09-15 14:06:06,333 [INFO] BlockDiagram:2775 - set Specific Code input for plugin: RIF
2025-09-15 14:06:06,333 [INFO] BlockDiagram:2775 - set Specific Code input for plugin: NVIC1
2025-09-15 14:06:06,335 [INFO] CodeGenerator:892 - code generatio: config db path: C:\ST\STM32CubeIDE_1.19.0\STM32CubeIDE\plugins\com.st.stm32cube.common.mx_6.15.0.202507011659\\db\
2025-09-15 14:06:06,347 [WARN] IP:2250 - RefParam_XIP_memory not found: check if there is a RefParameter without a condition.
2025-09-15 14:06:06,348 [WARN] IP:2250 - RefParam_MEMORY_1_Size not found: check if there is a RefParameter without a condition.
2025-09-15 14:06:06,348 [WARN] IP:2250 - RefParam_MEMORY_1_FreqMax not found: check if there is a RefParameter without a condition.
2025-09-15 14:06:06,348 [WARN] IP:2250 - RefParam_MEMORY_1_ReadReg not found: check if there is a RefParameter without a condition.
2025-09-15 14:06:06,348 [WARN] IP:2250 - RefParam_MEMORY_1_WriteReg not found: check if there is a RefParameter without a condition.
2025-09-15 14:06:06,348 [WARN] IP:2250 - RefParam_MEMORY_1_RegSize not found: check if there is a RefParameter without a condition.
2025-09-15 14:06:06,348 [WARN] IP:2250 - RefParam_MEMORY_1_RegDummyCycle not found: check if there is a RefParameter without a condition.
2025-09-15 14:06:06,348 [WARN] IP:2250 - RefParam_MEMORY_1_WriteCommand not found: check if there is a RefParameter without a condition.
2025-09-15 14:06:06,348 [WARN] IP:2250 - RefParam_MEMORY_1_WriteDummyCycle not found: check if there is a RefParameter without a condition.
2025-09-15 14:06:06,348 [WARN] IP:2250 - RefParam_MEMORY_1_ReadCommand not found: check if there is a RefParameter without a condition.
2025-09-15 14:06:06,348 [WARN] IP:2250 - RefParam_MEMORY_1_WrapReadCommand not found: check if there is a RefParameter without a condition.
2025-09-15 14:06:06,348 [WARN] IP:2250 - RefParam_MEMORY_1_ReadDummyCycle not found: check if there is a RefParameter without a condition.
2025-09-15 14:06:06,348 [WARN] IP:2250 - RefParam_MEMORY_1_NumberOfConfig not found: check if there is a RefParameter without a condition.
2025-09-15 14:06:06,348 [WARN] IP:2250 - RefParam_MEMORY_1_Config1_WriteMask not found: check if there is a RefParameter without a condition.
2025-09-15 14:06:06,348 [WARN] IP:2250 - RefParam_MEMORY_1_Config1_WriteValue not found: check if there is a RefParameter without a condition.
2025-09-15 14:06:06,348 [WARN] IP:2250 - RefParam_MEMORY_1_Config1_RegAddress not found: check if there is a RefParameter without a condition.
2025-09-15 14:06:06,348 [WARN] IP:2250 - RefParam_MEMORY_1_Config2_WriteMask not found: check if there is a RefParameter without a condition.
2025-09-15 14:06:06,348 [WARN] IP:2250 - RefParam_MEMORY_1_Config2_WriteValue not found: check if there is a RefParameter without a condition.
2025-09-15 14:06:06,348 [WARN] IP:2250 - RefParam_MEMORY_1_Config2_RegAddress not found: check if there is a RefParameter without a condition.
2025-09-15 14:06:06,348 [WARN] IP:2250 - RefParam_MEMORY_1_Config3_WriteMask not found: check if there is a RefParameter without a condition.
2025-09-15 14:06:06,348 [WARN] IP:2250 - RefParam_MEMORY_1_Config3_WriteValue not found: check if there is a RefParameter without a condition.
2025-09-15 14:06:06,348 [WARN] IP:2250 - RefParam_MEMORY_1_Config3_RegAddress not found: check if there is a RefParameter without a condition.
2025-09-15 14:06:06,348 [WARN] IP:2250 - RefParam_MEMORY_2_Instance not found: check if there is a RefParameter without a condition.
2025-09-15 14:06:06,348 [WARN] IP:2250 - RefParam_MEMORY_2_ConfigType not found: check if there is a RefParameter without a condition.
2025-09-15 14:06:06,348 [WARN] IP:2250 - RefParam_MEMORY_2_Size not found: check if there is a RefParameter without a condition.
2025-09-15 14:06:06,348 [WARN] IP:2250 - RefParam_MEMORY_2_FreqMax not found: check if there is a RefParameter without a condition.
2025-09-15 14:06:06,348 [WARN] IP:2250 - RefParam_MEMORY_2_ReadReg not found: check if there is a RefParameter without a condition.
2025-09-15 14:06:06,348 [WARN] IP:2250 - RefParam_MEMORY_2_WriteReg not found: check if there is a RefParameter without a condition.
2025-09-15 14:06:06,348 [WARN] IP:2250 - RefParam_MEMORY_2_RegSize not found: check if there is a RefParameter without a condition.
2025-09-15 14:06:06,348 [WARN] IP:2250 - RefParam_MEMORY_2_RegDummyCycle not found: check if there is a RefParameter without a condition.
2025-09-15 14:06:06,348 [WARN] IP:2250 - RefParam_MEMORY_2_WriteCommand not found: check if there is a RefParameter without a condition.
2025-09-15 14:06:06,348 [WARN] IP:2250 - RefParam_MEMORY_2_WriteDummyCycle not found: check if there is a RefParameter without a condition.
2025-09-15 14:06:06,348 [WARN] IP:2250 - RefParam_MEMORY_2_ReadCommand not found: check if there is a RefParameter without a condition.
2025-09-15 14:06:06,348 [WARN] IP:2250 - RefParam_MEMORY_2_WrapReadCommand not found: check if there is a RefParameter without a condition.
2025-09-15 14:06:06,348 [WARN] IP:2250 - RefParam_MEMORY_2_ReadDummyCycle not found: check if there is a RefParameter without a condition.
2025-09-15 14:06:06,348 [WARN] IP:2250 - RefParam_MEMORY_2_NumberOfConfig not found: check if there is a RefParameter without a condition.
2025-09-15 14:06:06,348 [WARN] IP:2250 - RefParam_MEMORY_2_Config1_WriteMask not found: check if there is a RefParameter without a condition.
2025-09-15 14:06:06,348 [WARN] IP:2250 - RefParam_MEMORY_2_Config1_WriteValue not found: check if there is a RefParameter without a condition.
2025-09-15 14:06:06,348 [WARN] IP:2250 - RefParam_MEMORY_2_Config1_RegAddress not found: check if there is a RefParameter without a condition.
2025-09-15 14:06:06,348 [WARN] IP:2250 - RefParam_MEMORY_2_Config2_WriteMask not found: check if there is a RefParameter without a condition.
2025-09-15 14:06:06,348 [WARN] IP:2250 - RefParam_MEMORY_2_Config2_WriteValue not found: check if there is a RefParameter without a condition.
2025-09-15 14:06:06,348 [WARN] IP:2250 - RefParam_MEMORY_2_Config2_RegAddress not found: check if there is a RefParameter without a condition.
2025-09-15 14:06:06,348 [WARN] IP:2250 - RefParam_MEMORY_2_Config3_WriteMask not found: check if there is a RefParameter without a condition.
2025-09-15 14:06:06,348 [WARN] IP:2250 - RefParam_MEMORY_2_Config3_WriteValue not found: check if there is a RefParameter without a condition.
2025-09-15 14:06:06,348 [WARN] IP:2250 - RefParam_MEMORY_2_Config3_RegAddress not found: check if there is a RefParameter without a condition.
2025-09-15 14:06:06,464 [INFO] Middleware:1452 - No code input for Bsp Dependency
2025-09-15 14:06:06,466 [INFO] Middleware:1452 - No code input for Bsp Dependency
2025-09-15 14:06:06,467 [INFO] Middleware:1452 - No code input for Bsp Dependency
2025-09-15 14:06:06,468 [INFO] Middleware:1452 - No code input for Bsp Dependency
2025-09-15 14:06:06,468 [INFO] Middleware:1452 - No code input for Bsp Dependency
2025-09-15 14:06:06,468 [INFO] IP:3329 - RTE Config file name : RTE_Component
2025-09-15 14:06:06,469 [INFO] IP:3347 - RTE template : RTE_Components.ftl
2025-09-15 14:06:06,469 [INFO] Middleware:1452 - No code input for Bsp Dependency
2025-09-15 14:06:06,470 [INFO] Middleware:1452 - No code input for Bsp Dependency
2025-09-15 14:06:06,471 [INFO] Middleware:1452 - No code input for Bsp Dependency
2025-09-15 14:06:06,471 [INFO] CodeGenerator:1619 - *******************Project context FSBL selected
2025-09-15 14:06:06,549 [INFO] CodeEngine:265 - oldGeneratedFile, C:\ST\AB_LSTM\AB_LSTM\MXTmpFiles\license.tmp_save
2025-09-15 14:06:06,816 [INFO] CodeEngine:289 - Generated code: C:\ST\AB_LSTM\AB_LSTM\MXTmpFiles\license.tmp
2025-09-15 14:06:06,940 [INFO] CodeEngine:265 - oldGeneratedFile, C:\ST\AB_LSTM\AB_LSTM\FSBL\MXTmpFiles\gpio.tmp_save
2025-09-15 14:06:07,116 [INFO] CodeEngine:289 - Generated code: C:\ST\AB_LSTM\AB_LSTM\FSBL\MXTmpFiles\gpio.tmp
2025-09-15 14:06:07,604 [WARN] IPConfigManager:103 - WARNING: Missing Config File for XSPIM ip!!
2025-09-15 14:06:07,702 [INFO] Middleware:1452 - No code input for Bsp Dependency
2025-09-15 14:06:07,717 [INFO] CodeEngine:265 - oldGeneratedFile, C:\ST\AB_LSTM\AB_LSTM\FSBL\MXTmpFiles\boot_code.tmp_save
2025-09-15 14:06:07,944 [INFO] CodeEngine:289 - Generated code: C:\ST\AB_LSTM\AB_LSTM\FSBL\MXTmpFiles\boot_code.tmp
2025-09-15 14:06:07,966 [INFO] CodeEngine:265 - oldGeneratedFile, C:\ST\AB_LSTM\AB_LSTM\FSBL\MXTmpFiles\cortex.tmp_save
2025-09-15 14:06:08,079 [INFO] CodeEngine:289 - Generated code: C:\ST\AB_LSTM\AB_LSTM\FSBL\MXTmpFiles\cortex.tmp
2025-09-15 14:06:08,090 [INFO] Middleware:1452 - No code input for Bsp Dependency
2025-09-15 14:06:08,101 [INFO] CodeEngine:265 - oldGeneratedFile, C:\ST\AB_LSTM\AB_LSTM\FSBL\Core\Inc\extmem_manager.h_save
2025-09-15 14:06:08,213 [INFO] CodeEngine:289 - Generated code: C:\ST\AB_LSTM\AB_LSTM\FSBL\Core\Inc\extmem_manager.h
2025-09-15 14:06:08,225 [INFO] CodeEngine:265 - oldGeneratedFile, C:\ST\AB_LSTM\AB_LSTM\FSBL\Core\Src\extmem_manager.c_save
2025-09-15 14:06:08,336 [INFO] CodeEngine:289 - Generated code: C:\ST\AB_LSTM\AB_LSTM\FSBL\Core\Src\extmem_manager.c
2025-09-15 14:06:08,347 [INFO] CodeEngine:265 - oldGeneratedFile, C:\ST\AB_LSTM\AB_LSTM\FSBL\Core\Inc\stm32_extmem_conf.h_save
2025-09-15 14:06:08,469 [INFO] CodeEngine:289 - Generated code: C:\ST\AB_LSTM\AB_LSTM\FSBL\Core\Inc\stm32_extmem_conf.h
2025-09-15 14:06:08,476 [INFO] CodeEngine:265 - oldGeneratedFile, C:\ST\AB_LSTM\AB_LSTM\FSBL\MXTmpFiles\boot_code.tmp_save
2025-09-15 14:06:08,520 [INFO] CodeEngine:289 - Generated code: C:\ST\AB_LSTM\AB_LSTM\FSBL\MXTmpFiles\boot_code.tmp
2025-09-15 14:06:08,550 [INFO] CodeEngine:265 - oldGeneratedFile, C:\ST\AB_LSTM\AB_LSTM\FSBL\Core\Src\stm32n6xx_it.c_save
2025-09-15 14:06:08,739 [INFO] CodeEngine:289 - Generated code: C:\ST\AB_LSTM\AB_LSTM\FSBL\Core\Src\stm32n6xx_it.c
2025-09-15 14:06:08,749 [INFO] CodeEngine:265 - oldGeneratedFile, C:\ST\AB_LSTM\AB_LSTM\FSBL\Core\Inc\stm32n6xx_it.h_save
2025-09-15 14:06:08,828 [INFO] CodeEngine:289 - Generated code: C:\ST\AB_LSTM\AB_LSTM\FSBL\Core\Inc\stm32n6xx_it.h
2025-09-15 14:06:08,980 [INFO] CodeEngine:265 - oldGeneratedFile, C:\ST\AB_LSTM\AB_LSTM\FSBL\Core\Src\stm32n6xx_hal_msp.c_save
2025-09-15 14:06:09,171 [INFO] CodeEngine:289 - Generated code: C:\ST\AB_LSTM\AB_LSTM\FSBL\Core\Src\stm32n6xx_hal_msp.c
2025-09-15 14:06:09,184 [INFO] CodeEngine:265 - oldGeneratedFile, C:\ST\AB_LSTM\AB_LSTM\FSBL\MXTmpFiles\system.tmp_save
2025-09-15 14:06:09,243 [INFO] CodeEngine:289 - Generated code: C:\ST\AB_LSTM\AB_LSTM\FSBL\MXTmpFiles\system.tmp
2025-09-15 14:06:09,268 [INFO] CodeEngine:321 - oldGeneratedFile, C:\ST\AB_LSTM\AB_LSTM\FSBL\Core\Inc\stm32n6xx_hal_conf.h_save
2025-09-15 14:06:09,392 [INFO] CodeEngine:345 - Generated code: C:\ST\AB_LSTM\AB_LSTM\FSBL\Core\Inc\stm32n6xx_hal_conf.h
2025-09-15 14:06:09,415 [WARN] IPConfigManager:3238 - Warning: the RefConfig RCC_ConfigVoltageScaling is not available in your config.xml file
2025-09-15 14:06:09,421 [WARN] IPConfigManager:3238 - Warning: the RefConfig RCC_RTC_HSEDIV is not available in your config.xml file
2025-09-15 14:06:09,434 [INFO] ApiDbMcu:532 - Load IP Config File for BSEC
2025-09-15 14:06:09,437 [INFO] ApiDbMcu:532 - Load IP Config File for XSPI2
2025-09-15 14:06:09,437 [ERROR] ApiDbMcu:560 - Cannot parse XSPIM_Config file : file do not exist
2025-09-15 14:06:09,441 [INFO] ApiDbMcu:532 - Load IP Config File for RCC
2025-09-15 14:06:09,481 [INFO] CodeEngine:265 - oldGeneratedFile, C:\ST\AB_LSTM\AB_LSTM\FSBL\Core\Inc\main.h_save
2025-09-15 14:06:09,633 [INFO] CodeEngine:289 - Generated code: C:\ST\AB_LSTM\AB_LSTM\FSBL\Core\Inc\main.h
2025-09-15 14:06:09,645 [INFO] CodeEngine:265 - oldGeneratedFile, C:\ST\AB_LSTM\AB_LSTM\FSBL\Core\Src\main.c_save
2025-09-15 14:06:09,853 [INFO] CodeEngine:289 - Generated code: C:\ST\AB_LSTM\AB_LSTM\FSBL\Core\Src\main.c
2025-09-15 14:06:09,953 [INFO] CodeGenerator:1619 - *******************Project context Appli selected
2025-09-15 14:06:10,030 [INFO] IP:3329 - RTE Config file name : RTE_Component
2025-09-15 14:06:10,030 [INFO] IP:3347 - RTE template : RTE_Components.ftl
2025-09-15 14:06:10,050 [INFO] CodeEngine:265 - oldGeneratedFile, C:\ST\AB_LSTM\AB_LSTM\MXTmpFiles\license.tmp_save
2025-09-15 14:06:10,244 [INFO] CodeEngine:289 - Generated code: C:\ST\AB_LSTM\AB_LSTM\MXTmpFiles\license.tmp
2025-09-15 14:06:10,300 [INFO] CodeEngine:265 - oldGeneratedFile, C:\ST\AB_LSTM\AB_LSTM\Appli\MXTmpFiles\gpio.tmp_save
2025-09-15 14:06:10,431 [INFO] CodeEngine:289 - Generated code: C:\ST\AB_LSTM\AB_LSTM\Appli\MXTmpFiles\gpio.tmp
2025-09-15 14:06:10,697 [WARN] IPConfigManager:103 - WARNING: Missing Config File for NVIC ip!!
2025-09-15 14:06:10,996 [INFO] Middleware:1452 - No code input for Bsp Dependency
2025-09-15 14:06:10,997 [INFO] Middleware:1452 - No code input for Bsp Dependency
2025-09-15 14:06:10,997 [INFO] IP:3329 - RTE Config file name : RTE_Component
2025-09-15 14:06:10,998 [INFO] IP:3347 - RTE template : RTE_Components.ftl
2025-09-15 14:06:11,011 [INFO] CodeEngine:265 - oldGeneratedFile, C:\ST\AB_LSTM\AB_LSTM\Appli\MXTmpFiles\cortex.tmp_save
2025-09-15 14:06:11,107 [INFO] CodeEngine:289 - Generated code: C:\ST\AB_LSTM\AB_LSTM\Appli\MXTmpFiles\cortex.tmp
2025-09-15 14:06:11,170 [INFO] CodeEngine:265 - oldGeneratedFile, C:\ST\AB_LSTM\AB_LSTM\Appli\Core\Inc\stm32n6xx_nucleo_conf.h_save
2025-09-15 14:06:11,298 [INFO] CodeEngine:289 - Generated code: C:\ST\AB_LSTM\AB_LSTM\Appli\Core\Inc\stm32n6xx_nucleo_conf.h
2025-09-15 14:06:11,307 [INFO] CodeEngine:265 - oldGeneratedFile, C:\ST\AB_LSTM\AB_LSTM\Appli\MXTmpFiles\bsp_inc.tmp_save
2025-09-15 14:06:11,371 [INFO] CodeEngine:289 - Generated code: C:\ST\AB_LSTM\AB_LSTM\Appli\MXTmpFiles\bsp_inc.tmp
2025-09-15 14:06:11,385 [INFO] CodeEngine:265 - oldGeneratedFile, C:\ST\AB_LSTM\AB_LSTM\Appli\MXTmpFiles\bsp_common_vars.tmp_save
2025-09-15 14:06:11,438 [INFO] CodeEngine:289 - Generated code: C:\ST\AB_LSTM\AB_LSTM\Appli\MXTmpFiles\bsp_common_vars.tmp
2025-09-15 14:06:11,444 [INFO] CodeEngine:265 - oldGeneratedFile, C:\ST\AB_LSTM\AB_LSTM\Appli\MXTmpFiles\bsp_common_init.tmp_save
2025-09-15 14:06:11,504 [INFO] CodeEngine:289 - Generated code: C:\ST\AB_LSTM\AB_LSTM\Appli\MXTmpFiles\bsp_common_init.tmp
2025-09-15 14:06:11,519 [INFO] CodeEngine:265 - oldGeneratedFile, C:\ST\AB_LSTM\AB_LSTM\Appli\MXTmpFiles\bsp_common_demo_before_while.tmp_save
2025-09-15 14:06:11,565 [INFO] CodeEngine:289 - Generated code: C:\ST\AB_LSTM\AB_LSTM\Appli\MXTmpFiles\bsp_common_demo_before_while.tmp
2025-09-15 14:06:11,572 [INFO] CodeEngine:265 - oldGeneratedFile, C:\ST\AB_LSTM\AB_LSTM\Appli\MXTmpFiles\bsp_common_demo_inside_while.tmp_save
2025-09-15 14:06:11,620 [INFO] CodeEngine:289 - Generated code: C:\ST\AB_LSTM\AB_LSTM\Appli\MXTmpFiles\bsp_common_demo_inside_while.tmp
2025-09-15 14:06:11,626 [INFO] CodeEngine:265 - oldGeneratedFile, C:\ST\AB_LSTM\AB_LSTM\Appli\MXTmpFiles\bsp_common_demo_fct.tmp_save
2025-09-15 14:06:11,676 [INFO] CodeEngine:289 - Generated code: C:\ST\AB_LSTM\AB_LSTM\Appli\MXTmpFiles\bsp_common_demo_fct.tmp
2025-09-15 14:06:11,681 [INFO] Middleware:1452 - No code input for Bsp Dependency
2025-09-15 14:06:11,681 [INFO] Middleware:1452 - No code input for Bsp Dependency
2025-09-15 14:06:11,681 [INFO] IP:3329 - RTE Config file name : RTE_Component
2025-09-15 14:06:11,681 [INFO] IP:3347 - RTE template : RTE_Components.ftl
2025-09-15 14:06:11,692 [INFO] CodeEngine:265 - oldGeneratedFile, C:\ST\AB_LSTM\AB_LSTM\Appli\X-CUBE-AI\App\app_x-cube-ai.h_save
2025-09-15 14:06:11,816 [INFO] CodeEngine:289 - Generated code: C:\ST\AB_LSTM\AB_LSTM\Appli\X-CUBE-AI\App\app_x-cube-ai.h
2025-09-15 14:06:11,826 [INFO] CodeEngine:265 - oldGeneratedFile, C:\ST\AB_LSTM\AB_LSTM\Appli\X-CUBE-AI\constants_ai.h_save
2025-09-15 14:06:11,908 [INFO] CodeEngine:289 - Generated code: C:\ST\AB_LSTM\AB_LSTM\Appli\X-CUBE-AI\constants_ai.h
2025-09-15 14:06:11,918 [INFO] CodeEngine:265 - oldGeneratedFile, C:\ST\AB_LSTM\AB_LSTM\Appli\X-CUBE-AI\App\app_x-cube-ai.c_save
2025-09-15 14:06:12,029 [INFO] CodeEngine:289 - Generated code: C:\ST\AB_LSTM\AB_LSTM\Appli\X-CUBE-AI\App\app_x-cube-ai.c
2025-09-15 14:06:12,074 [INFO] CodeEngine:265 - oldGeneratedFile, C:\ST\AB_LSTM\AB_LSTM\Appli\Core\Src\stm32n6xx_it.c_save
2025-09-15 14:06:12,295 [INFO] CodeEngine:289 - Generated code: C:\ST\AB_LSTM\AB_LSTM\Appli\Core\Src\stm32n6xx_it.c
2025-09-15 14:06:12,304 [INFO] CodeEngine:265 - oldGeneratedFile, C:\ST\AB_LSTM\AB_LSTM\Appli\Core\Inc\stm32n6xx_it.h_save
2025-09-15 14:06:12,410 [INFO] CodeEngine:289 - Generated code: C:\ST\AB_LSTM\AB_LSTM\Appli\Core\Inc\stm32n6xx_it.h
2025-09-15 14:06:12,416 [INFO] IP:3329 - RTE Config file name : RTE_Component
2025-09-15 14:06:12,416 [INFO] IP:3347 - RTE template : RTE_Components.ftl
2025-09-15 14:06:12,416 [INFO] CodeGenerator:2312 - Add RTE Code Input 
2025-09-15 14:06:12,430 [INFO] CodeEngine:265 - oldGeneratedFile, C:\ST\AB_LSTM\AB_LSTM\Appli\Core\Inc\RTE_Components.h_save
2025-09-15 14:06:12,574 [INFO] CodeEngine:289 - Generated code: C:\ST\AB_LSTM\AB_LSTM\Appli\Core\Inc\RTE_Components.h
2025-09-15 14:06:12,605 [INFO] CodeEngine:265 - oldGeneratedFile, C:\ST\AB_LSTM\AB_LSTM\Appli\MXTmpFiles\RIFInit.tmp_save
2025-09-15 14:06:12,734 [INFO] CodeEngine:289 - Generated code: C:\ST\AB_LSTM\AB_LSTM\Appli\MXTmpFiles\RIFInit.tmp
2025-09-15 14:06:12,844 [INFO] CodeEngine:265 - oldGeneratedFile, C:\ST\AB_LSTM\AB_LSTM\Appli\Core\Src\stm32n6xx_hal_msp.c_save
2025-09-15 14:06:13,053 [INFO] CodeEngine:289 - Generated code: C:\ST\AB_LSTM\AB_LSTM\Appli\Core\Src\stm32n6xx_hal_msp.c
2025-09-15 14:06:13,062 [INFO] CodeEngine:265 - oldGeneratedFile, C:\ST\AB_LSTM\AB_LSTM\Appli\MXTmpFiles\system.tmp_save
2025-09-15 14:06:13,102 [INFO] CodeEngine:289 - Generated code: C:\ST\AB_LSTM\AB_LSTM\Appli\MXTmpFiles\system.tmp
2025-09-15 14:06:13,121 [INFO] CodeEngine:321 - oldGeneratedFile, C:\ST\AB_LSTM\AB_LSTM\Appli\Core\Inc\stm32n6xx_hal_conf.h_save
2025-09-15 14:06:13,252 [INFO] CodeEngine:345 - Generated code: C:\ST\AB_LSTM\AB_LSTM\Appli\Core\Inc\stm32n6xx_hal_conf.h
2025-09-15 14:06:13,272 [WARN] IPConfigManager:3238 - Warning: the RefConfig RCC_ConfigVoltageScaling is not available in your config.xml file
2025-09-15 14:06:13,274 [WARN] IPConfigManager:3238 - Warning: the RefConfig RCC_RTC_HSEDIV is not available in your config.xml file
2025-09-15 14:06:13,286 [INFO] ApiDbMcu:532 - Load IP Config File for CACHEAXI
2025-09-15 14:06:13,296 [INFO] ApiDbMcu:532 - Load IP Config File for LPUART1
2025-09-15 14:06:13,298 [INFO] ApiDbMcu:532 - Load IP Config File for RAMCFG
2025-09-15 14:06:13,300 [INFO] ApiDbMcu:532 - Load IP Config File for RIF
2025-09-15 14:06:13,312 [INFO] ApiDbMcu:532 - Load IP Config File for TIM1
2025-09-15 14:06:13,325 [INFO] ApiDbMcu:532 - Load IP Config File for TIM2
2025-09-15 14:06:13,332 [WARN] IPConfigManager:3811 - IP not found : TIM
2025-09-15 14:06:13,333 [WARN] CodeGenerator:4259 - IP not found : null
2025-09-15 14:06:13,346 [INFO] CodeEngine:265 - oldGeneratedFile, C:\ST\AB_LSTM\AB_LSTM\Appli\Core\Inc\main.h_save
2025-09-15 14:06:13,492 [INFO] CodeEngine:289 - Generated code: C:\ST\AB_LSTM\AB_LSTM\Appli\Core\Inc\main.h
2025-09-15 14:06:13,505 [INFO] CodeEngine:265 - oldGeneratedFile, C:\ST\AB_LSTM\AB_LSTM\Appli\Core\Src\main.c_save
2025-09-15 14:06:13,655 [INFO] CodeEngine:289 - Generated code: C:\ST\AB_LSTM\AB_LSTM\Appli\Core\Src\main.c
2025-09-15 14:06:13,673 [INFO] CodeEngine:265 - oldGeneratedFile, C:\ST\AB_LSTM\AB_LSTM\Appli\Core\Src\secure_nsc.c_save
2025-09-15 14:06:13,812 [INFO] CodeEngine:289 - Generated code: C:\ST\AB_LSTM\AB_LSTM\Appli\Core\Src\secure_nsc.c
2025-09-15 14:06:13,822 [INFO] CodeEngine:265 - oldGeneratedFile, C:\ST\AB_LSTM\AB_LSTM\Appli\Core\Inc\partition_stm32n657xx.h_save
2025-09-15 14:06:13,932 [INFO] CodeEngine:289 - Generated code: C:\ST\AB_LSTM\AB_LSTM\Appli\Core\Inc\partition_stm32n657xx.h
2025-09-15 14:06:13,940 [INFO] CodeEngine:265 - oldGeneratedFile, C:\ST\AB_LSTM\AB_LSTM\Secure_nsclib\secure_nsc.h_save
2025-09-15 14:06:13,997 [INFO] CodeEngine:289 - Generated code: C:\ST\AB_LSTM\AB_LSTM\Secure_nsclib\secure_nsc.h
2025-09-15 14:06:14,024 [INFO] CodeGenerator:1707 - *******************Project context ExtMemLoader Not selected
2025-09-15 14:06:15,001 [INFO] AInterface:322 - ModelName:network; files:[C:\Users\ZOJOLDRI\OneDrive - Carl Zeiss AG\Dokumente\Zeiss\SMT\Bachelor\AB Encoder Model\AB_Encoder_Synthetic_Data\lstm_ab_encoder.h5]; type:Keras; compression:None
2025-09-15 14:06:15,002 [INFO] AInterface:526 - workspaceTempDir: C:/Users/ZOJOLDRI/AppData/Local/Temp/mxAI_workspace21723337293309003051734094335754245
2025-09-15 14:06:15,002 [INFO] AInterface:1176 - Setting Env: C:/Users/ZOJOLDRI/STM32Cube/Repository/Packs/STMicroelectronics/X-CUBE-AI/10.2.0/Utilities/windows
2025-09-15 14:06:15,013 [INFO] STM32CubeIDEBuilder:265 - Looking for gnu-tools-for-stm32 tools/bin/arm-none-eabi-gcc.exe in C:\ST\STM32CubeIDE_1.19.0\STM32CubeIDE
2025-09-15 14:06:15,018 [INFO] STM32CubeIDEBuilder:294 - checking C:\ST\STM32CubeIDE_1.19.0\STM32CubeIDE\plugins\com.st.stm32cube.ide.mcu.externaltools.gnu-tools-for-stm32.13.3.rel1.win32_1.0.0.202411081344\tools\bin\arm-none-eabi-gcc.exe
2025-09-15 14:06:15,018 [INFO] STM32CubeIDEBuilder:297 - ret=C:\ST\STM32CubeIDE_1.19.0\STM32CubeIDE\plugins\com.st.stm32cube.ide.mcu.externaltools.gnu-tools-for-stm32.13.3.rel1.win32_1.0.0.202411081344\tools\bin\arm-none-eabi-gcc.exe
2025-09-15 14:06:15,018 [INFO] STM32CubeIDEBuilder:311 - returning C:\ST\STM32CubeIDE_1.19.0\STM32CubeIDE\plugins\com.st.stm32cube.ide.mcu.externaltools.gnu-tools-for-stm32.13.3.rel1.win32_1.0.0.202411081344\tools\bin\arm-none-eabi-gcc.exe
2025-09-15 14:06:15,019 [INFO] AInterface:1233 - Custom PATH variable: C:/Users/ZOJOLDRI/STM32Cube/Repository/Packs/STMicroelectronics/X-CUBE-AI/10.2.0/Utilities/windows;C:/Users/ZOJOLDRI/STM32Cube/Repository/Packs/STMicroelectronics/X-CUBE-AI/10.2.0/Utilities/windows/mingw64/bin;C:/Users/ZOJOLDRI/STM32Cube/Repository/Packs/STMicroelectronics/X-CUBE-AI/10.2.0/Utilities/windows/mingw64/libexec/gcc/x86_64-w64-mingw32/7.3.0;;C:\ST\STM32CubeIDE_1.19.0\STM32CubeIDE\plugins\com.st.stm32cube.ide.mcu.externaltools.gnu-tools-for-stm32.13.3.rel1.win32_1.0.0.202411081344\tools\bin
2025-09-15 14:06:15,023 [INFO] CmdLine:115 - Command: C:/Users/ZOJOLDRI/STM32Cube/Repository/Packs/STMicroelectronics/X-CUBE-AI/10.2.0/Utilities/windows/stedgeai.exe generate --target stm32n6 --name network -m C:/Users/ZOJOLDRI/OneDrive - Carl Zeiss AG/Dokumente/Zeiss/SMT/Bachelor/AB Encoder Model/AB_Encoder_Synthetic_Data/lstm_ab_encoder.h5 --compression none --verbosity 1 --workspace C:/Users/ZOJOLDRI/AppData/Local/Temp/mxAI_workspace21723337293309003051734094335754245 --output C:/Users/ZOJOLDRI/.stm32cubemx/network_output
2025-09-15 14:06:15,023 [INFO] AIModelDetailledView:2380 - Analysis status: pending
2025-09-15 14:06:22,957 [INFO] CmdLine:76 - ST Edge AI Core v2.2.0-20266 2adc00962
2025-09-15 14:07:24,241 [INFO] CmdLine:76 - Creating c (debug) info json file C:\Users\ZOJOLDRI\.stm32cubemx\network_output\network_c_info.json
2025-09-15 14:07:24,265 [INFO] CmdLine:76 -  
2025-09-15 14:07:24,265 [INFO] CmdLine:76 -  Exec/report summary (generate)
2025-09-15 14:07:24,265 [INFO] CmdLine:76 -  ---------------------------------------------------------------------------------------------------------------------------------------------------------------
2025-09-15 14:07:24,266 [INFO] CmdLine:76 -  model file         :   C:\Users\ZOJOLDRI\OneDrive - Carl Zeiss AG\Dokumente\Zeiss\SMT\Bachelor\AB Encoder Model\AB_Encoder_Synthetic_Data\lstm_ab_encoder.h5   
2025-09-15 14:07:24,266 [INFO] CmdLine:76 -  type               :   keras                                                                                                                                   
2025-09-15 14:07:24,266 [INFO] CmdLine:76 -  c_name             :   network                                                                                                                                 
2025-09-15 14:07:24,266 [INFO] CmdLine:76 -  compression        :   none                                                                                                                                    
2025-09-15 14:07:24,266 [INFO] CmdLine:76 -  options            :   allocate-inputs, allocate-outputs                                                                                                       
2025-09-15 14:07:24,266 [INFO] CmdLine:76 -  optimization       :   balanced                                                                                                                                
2025-09-15 14:07:24,266 [INFO] CmdLine:76 -  target/series      :   stm32n6                                                                                                                                 
2025-09-15 14:07:24,266 [INFO] CmdLine:76 -  workspace dir      :   C:\Users\ZOJOLDRI\AppData\Local\Temp\mxAI_workspace21723337293309003051734094335754245                                                  
2025-09-15 14:07:24,266 [INFO] CmdLine:76 -  output dir         :   C:\Users\ZOJOLDRI\.stm32cubemx\network_output                                                                                           
2025-09-15 14:07:24,266 [INFO] CmdLine:76 -  model_fmt          :   float                                                                                                                                   
2025-09-15 14:07:24,267 [INFO] CmdLine:76 -  model_name         :   lstm_ab_encoder                                                                                                                         
2025-09-15 14:07:24,267 [INFO] CmdLine:76 -  model_hash         :   0x884f52bfdff4b1e12706af6f17607a73                                                                                                      
2025-09-15 14:07:24,267 [INFO] CmdLine:76 -  params #           :   6,083 items (23.76 KiB)                                                                                                                 
2025-09-15 14:07:24,267 [INFO] CmdLine:76 -  ---------------------------------------------------------------------------------------------------------------------------------------------------------------
2025-09-15 14:07:24,267 [INFO] CmdLine:76 -  input 1/1          :   'input_0', f32(1x20x10), 800 Bytes, activations                                                                                         
2025-09-15 14:07:24,268 [INFO] CmdLine:76 -  output 1/1         :   'output', f32(1x3), 12 Bytes, activations                                                                                               
2025-09-15 14:07:24,268 [INFO] CmdLine:76 -  macc               :   111,360                                                                                                                                 
2025-09-15 14:07:24,268 [INFO] CmdLine:76 -  weights (ro)       :   24,716 B (24.14 KiB) (1 segment) / +384(+1.6%) vs float model                                                                           
2025-09-15 14:07:24,268 [INFO] CmdLine:76 -  activations (rw)   :   1,824 B (1.78 KiB) (1 segment) *                                                                                                        
2025-09-15 14:07:24,268 [INFO] CmdLine:76 -  ram (total)        :   1,824 B (1.78 KiB) = 1,824 + 0 + 0                                                                                                      
2025-09-15 14:07:24,268 [INFO] CmdLine:76 -  ---------------------------------------------------------------------------------------------------------------------------------------------------------------
2025-09-15 14:07:24,268 [INFO] CmdLine:76 -  (*) 'input'/'output' buffers are allocated in the activations buffer
2025-09-15 14:07:24,269 [INFO] CmdLine:76 - Computing AI RT data/code size (target=stm32n6)..
2025-09-15 14:07:27,623 [INFO] CmdLine:76 -  Requested memory size by section - "stm32n6" target
2025-09-15 14:07:27,624 [INFO] CmdLine:76 -  ------------------------------- -------- -------- ------- -------
2025-09-15 14:07:27,624 [INFO] CmdLine:76 -  module                              text   rodata    data     bss
2025-09-15 14:07:27,625 [INFO] CmdLine:76 -  ------------------------------- -------- -------- ------- -------
2025-09-15 14:07:27,625 [INFO] CmdLine:76 -  NetworkRuntime1020_CM55_GCC.a     15,800       32       0       0
2025-09-15 14:07:27,625 [INFO] CmdLine:76 -  network.o                            592       40   1,888     136
2025-09-15 14:07:27,625 [INFO] CmdLine:76 -  network_data.o                        48       16      88       0
2025-09-15 14:07:27,625 [INFO] CmdLine:76 -  lib (toolchain)*                   1,132      340       0       0
2025-09-15 14:07:27,626 [INFO] CmdLine:76 -  ------------------------------- -------- -------- ------- -------
2025-09-15 14:07:27,626 [INFO] CmdLine:76 -  RT total**                        17,572      428   1,976     136
2025-09-15 14:07:27,626 [INFO] CmdLine:76 -  ------------------------------- -------- -------- ------- -------
2025-09-15 14:07:27,627 [INFO] CmdLine:76 -  weights                                0   24,720       0       0
2025-09-15 14:07:27,627 [INFO] CmdLine:76 -  activations                            0        0       0   1,824
2025-09-15 14:07:27,628 [INFO] CmdLine:76 -  io                                     0        0       0       0
2025-09-15 14:07:27,628 [INFO] CmdLine:76 -  ------------------------------- -------- -------- ------- -------
2025-09-15 14:07:27,628 [INFO] CmdLine:76 -  TOTAL                             17,572   25,148   1,976   1,960
2025-09-15 14:07:27,628 [INFO] CmdLine:76 -  ------------------------------- -------- -------- ------- -------
2025-09-15 14:07:27,628 [INFO] CmdLine:76 -  *  toolchain objects (libm/libgcc*)
2025-09-15 14:07:27,628 [INFO] CmdLine:76 -  ** RT AI runtime objects (kernels+infrastructure)
2025-09-15 14:07:27,628 [INFO] CmdLine:76 -   Summary - "stm32n6" target
2025-09-15 14:07:27,628 [INFO] CmdLine:76 -   ---------------------------------------------------
2025-09-15 14:07:27,628 [INFO] CmdLine:76 -                FLASH (ro)      %*   RAM (rw)       %
2025-09-15 14:07:27,628 [INFO] CmdLine:76 -   ---------------------------------------------------
2025-09-15 14:07:27,629 [INFO] CmdLine:76 -   RT total         19,976   44.7%      2,112   53.7%
2025-09-15 14:07:27,629 [INFO] CmdLine:76 -   ---------------------------------------------------
2025-09-15 14:07:27,629 [INFO] CmdLine:76 -   TOTAL            44,696              3,936
2025-09-15 14:07:27,629 [INFO] CmdLine:76 -   ---------------------------------------------------
2025-09-15 14:07:27,629 [INFO] CmdLine:76 -   *  rt/total
2025-09-15 14:07:27,629 [INFO] CmdLine:76 -  Generated files (7)
2025-09-15 14:07:27,629 [INFO] CmdLine:76 -  ---------------------------------------------------------------------
2025-09-15 14:07:27,629 [INFO] CmdLine:76 -  C:\Users\ZOJOLDRI\.stm32cubemx\network_output\network_data_params.h
2025-09-15 14:07:27,629 [INFO] CmdLine:76 -  C:\Users\ZOJOLDRI\.stm32cubemx\network_output\network_data_params.c
2025-09-15 14:07:27,629 [INFO] CmdLine:76 -  C:\Users\ZOJOLDRI\.stm32cubemx\network_output\network_data.h
2025-09-15 14:07:27,629 [INFO] CmdLine:76 -  C:\Users\ZOJOLDRI\.stm32cubemx\network_output\network_data.c
2025-09-15 14:07:27,629 [INFO] CmdLine:76 -  C:\Users\ZOJOLDRI\.stm32cubemx\network_output\network_config.h
2025-09-15 14:07:27,629 [INFO] CmdLine:76 -  C:\Users\ZOJOLDRI\.stm32cubemx\network_output\network.h
2025-09-15 14:07:27,629 [INFO] CmdLine:76 -  C:\Users\ZOJOLDRI\.stm32cubemx\network_output\network.c
2025-09-15 14:07:27,630 [INFO] CmdLine:76 - Creating txt report file C:\Users\ZOJOLDRI\.stm32cubemx\network_output\network_generate_report.txt
2025-09-15 14:07:30,400 [INFO] CmdLine:76 - elapsed time (generate): 67.443s
2025-09-15 14:07:30,796 [INFO] CmdLine:148 - stedgeai exit with status: 0
2025-09-15 14:07:30,813 [INFO] AIModelDetailledView:2380 - Analysis status: done
2025-09-15 14:07:31,959 [INFO] ProjectBuilder:3606 - Time for Copy HAL[1] : 623mS.
2025-09-15 14:07:31,959 [ERROR] Middleware:2950 - Invalid RefComponent list
2025-09-15 14:07:31,959 [ERROR] Middleware:2950 - Invalid RefComponent list
2025-09-15 14:07:31,960 [ERROR] Middleware:2950 - Invalid RefComponent list
2025-09-15 14:07:31,960 [ERROR] Middleware:2950 - Invalid RefComponent list
2025-09-15 14:07:31,960 [ERROR] Middleware:2950 - Invalid RefComponent list
2025-09-15 14:07:31,960 [ERROR] Middleware:2950 - Invalid RefComponent list
2025-09-15 14:07:31,960 [ERROR] Middleware:2950 - Invalid RefComponent list
2025-09-15 14:07:31,960 [ERROR] Middleware:2950 - Invalid RefComponent list
2025-09-15 14:07:31,960 [ERROR] Middleware:2950 - Invalid RefComponent list
2025-09-15 14:07:31,960 [ERROR] Middleware:2950 - Invalid RefComponent list
2025-09-15 14:07:31,960 [ERROR] Middleware:2950 - Invalid RefComponent list
2025-09-15 14:07:31,960 [ERROR] Middleware:2950 - Invalid RefComponent list
2025-09-15 14:07:31,960 [ERROR] Middleware:2950 - Invalid RefComponent list
2025-09-15 14:07:31,960 [ERROR] Middleware:2950 - Invalid RefComponent list
2025-09-15 14:07:31,960 [ERROR] Middleware:2950 - Invalid RefComponent list
2025-09-15 14:07:31,960 [ERROR] Middleware:2950 - Invalid RefComponent list
2025-09-15 14:07:31,960 [ERROR] Middleware:2950 - Invalid RefComponent list
2025-09-15 14:07:31,960 [ERROR] Middleware:2950 - Invalid RefComponent list
2025-09-15 14:07:31,960 [ERROR] Middleware:2950 - Invalid RefComponent list
2025-09-15 14:07:31,960 [ERROR] Middleware:2950 - Invalid RefComponent list
2025-09-15 14:07:31,960 [ERROR] Middleware:2950 - Invalid RefComponent list
2025-09-15 14:07:31,960 [ERROR] Middleware:2950 - Invalid RefComponent list
2025-09-15 14:07:31,960 [ERROR] Middleware:2950 - Invalid RefComponent list
2025-09-15 14:07:31,960 [ERROR] Middleware:2950 - Invalid RefComponent list
2025-09-15 14:07:31,960 [ERROR] Middleware:2950 - Invalid RefComponent list
2025-09-15 14:07:31,960 [ERROR] Middleware:2950 - Invalid RefComponent list
2025-09-15 14:07:31,960 [ERROR] Middleware:2950 - Invalid RefComponent list
2025-09-15 14:07:31,960 [ERROR] Middleware:2950 - Invalid RefComponent list
2025-09-15 14:07:31,960 [ERROR] Middleware:2950 - Invalid RefComponent list
2025-09-15 14:07:31,960 [ERROR] Middleware:2950 - Invalid RefComponent list
2025-09-15 14:07:31,960 [ERROR] Middleware:2950 - Invalid RefComponent list
2025-09-15 14:07:31,960 [ERROR] Middleware:2950 - Invalid RefComponent list
2025-09-15 14:07:31,960 [ERROR] Middleware:2950 - Invalid RefComponent list
2025-09-15 14:07:31,960 [ERROR] Middleware:2950 - Invalid RefComponent list
2025-09-15 14:07:31,960 [ERROR] Middleware:2950 - Invalid RefComponent list
2025-09-15 14:07:31,960 [ERROR] Middleware:2950 - Invalid RefComponent list
2025-09-15 14:07:31,960 [ERROR] Middleware:2950 - Invalid RefComponent list
2025-09-15 14:07:31,960 [ERROR] Middleware:2950 - Invalid RefComponent list
2025-09-15 14:07:31,960 [ERROR] Middleware:2950 - Invalid RefComponent list
2025-09-15 14:07:31,960 [ERROR] Middleware:2950 - Invalid RefComponent list
2025-09-15 14:07:31,960 [ERROR] Middleware:2950 - Invalid RefComponent list
2025-09-15 14:07:31,960 [ERROR] Middleware:2950 - Invalid RefComponent list
2025-09-15 14:07:31,960 [ERROR] Middleware:2950 - Invalid RefComponent list
2025-09-15 14:07:31,960 [ERROR] Middleware:2950 - Invalid RefComponent list
2025-09-15 14:07:31,960 [ERROR] Middleware:2950 - Invalid RefComponent list
2025-09-15 14:07:31,960 [ERROR] Middleware:2950 - Invalid RefComponent list
2025-09-15 14:07:31,960 [ERROR] Middleware:2950 - Invalid RefComponent list
2025-09-15 14:07:31,960 [ERROR] Middleware:2950 - Invalid RefComponent list
2025-09-15 14:07:31,960 [ERROR] Middleware:2950 - Invalid RefComponent list
2025-09-15 14:07:31,960 [ERROR] Middleware:2950 - Invalid RefComponent list
2025-09-15 14:07:31,960 [ERROR] Middleware:2950 - Invalid RefComponent list
2025-09-15 14:07:31,960 [ERROR] Middleware:2950 - Invalid RefComponent list
2025-09-15 14:07:31,960 [ERROR] Middleware:2950 - Invalid RefComponent list
2025-09-15 14:07:31,960 [ERROR] Middleware:2950 - Invalid RefComponent list
2025-09-15 14:07:31,960 [ERROR] Middleware:2950 - Invalid RefComponent list
2025-09-15 14:07:31,960 [ERROR] Middleware:2950 - Invalid RefComponent list
2025-09-15 14:07:31,960 [ERROR] Middleware:2950 - Invalid RefComponent list
2025-09-15 14:07:31,960 [ERROR] Middleware:2950 - Invalid RefComponent list
2025-09-15 14:07:31,960 [ERROR] Middleware:2950 - Invalid RefComponent list
2025-09-15 14:07:31,960 [ERROR] Middleware:2950 - Invalid RefComponent list
2025-09-15 14:07:31,960 [ERROR] Middleware:2950 - Invalid RefComponent list
2025-09-15 14:07:31,960 [ERROR] Middleware:2950 - Invalid RefComponent list
2025-09-15 14:07:31,960 [ERROR] Middleware:2950 - Invalid RefComponent list
2025-09-15 14:07:31,960 [ERROR] Middleware:2950 - Invalid RefComponent list
2025-09-15 14:07:31,960 [ERROR] Middleware:2950 - Invalid RefComponent list
2025-09-15 14:07:31,960 [ERROR] Middleware:2950 - Invalid RefComponent list
2025-09-15 14:07:31,960 [ERROR] Middleware:2950 - Invalid RefComponent list
2025-09-15 14:07:31,960 [ERROR] Middleware:2950 - Invalid RefComponent list
2025-09-15 14:07:31,960 [ERROR] Middleware:2950 - Invalid RefComponent list
2025-09-15 14:07:31,960 [ERROR] Middleware:2950 - Invalid RefComponent list
2025-09-15 14:07:31,979 [INFO] ProjectBuilder:5216 - Project Generator version: 4.7.0-B52
2025-09-15 14:07:32,031 [INFO] ConfigFileManager:1595 - The Die is : DIE486
2025-09-15 14:07:44,349 [INFO] ProjectBuilder:5056 - Time for Generating toolchain IDE Files: 12370mS.
2025-09-15 14:07:44,352 [INFO] ProjectBuilder:3463 - Time for Copy CMSIS : 2mS.
2025-09-15 14:07:44,366 [INFO] ProjectBuilder:3463 - Time for Copy CMSIS : 0mS.
2025-09-15 16:26:40,115 [INFO] MainUpdater:2872 - connection check result : 10
2025-09-15 16:26:40,115 [INFO] MainUpdater:2872 - connection check result : 10
2025-09-15 16:26:40,152 [ERROR] IocParser:95 - Exception caught: null
2025-09-15 16:26:40,346 [INFO] MicroXplorer:468 - Change Database Path : 
2025-09-15 16:26:40,346 [INFO] MicroXplorer:498 - Change Database Version : DB.6.0.150
2025-09-15 16:26:40,436 [ERROR] ProjectManagerView:395 - 
java.lang.NullPointerException: Cannot invoke "javax.swing.JTextField.getText()" because the return value of "java.util.List.get(int)" is null
	at com.st.microxplorer.plugins.projectmanager.gui.ProjectChoiceTab$9.caretUpdate(ProjectChoiceTab.java:2706) ~[filemanager.jar:?]
	at javax.swing.text.JTextComponent.fireCaretUpdate(JTextComponent.java:408) ~[?:?]
	at javax.swing.text.JTextComponent$MutableCaretEvent.fire(JTextComponent.java:4484) ~[?:?]
	at javax.swing.text.JTextComponent$MutableCaretEvent.stateChanged(JTextComponent.java:4506) ~[?:?]
	at javax.swing.text.DefaultCaret.fireStateChanged(DefaultCaret.java:857) ~[?:?]
	at javax.swing.text.DefaultCaret.changeCaretPosition(DefaultCaret.java:1343) ~[?:?]
	at javax.swing.text.DefaultCaret.handleSetDot(DefaultCaret.java:1242) ~[?:?]
	at javax.swing.text.DefaultCaret.setDot(DefaultCaret.java:1223) ~[?:?]
	at javax.swing.text.DefaultCaret$Handler.insertUpdate(DefaultCaret.java:1819) ~[?:?]
	at javax.swing.text.AbstractDocument.fireInsertUpdate(AbstractDocument.java:227) ~[?:?]
	at javax.swing.text.AbstractDocument.handleInsertString(AbstractDocument.java:781) ~[?:?]
	at javax.swing.text.AbstractDocument.insertString(AbstractDocument.java:740) ~[?:?]
	at javax.swing.text.PlainDocument.insertString(PlainDocument.java:131) ~[?:?]
	at javax.swing.text.AbstractDocument.replace(AbstractDocument.java:699) ~[?:?]
	at javax.swing.text.JTextComponent.setText(JTextComponent.java:1725) ~[?:?]
	at com.st.microxplorer.plugins.projectmanager.gui.ProjectChoiceTab.createHeapStackFields(ProjectChoiceTab.java:993) ~[filemanager.jar:?]
	at com.st.microxplorer.plugins.projectmanager.gui.ProjectChoiceTab.buildLinkSettingsPanel(ProjectChoiceTab.java:3813) ~[filemanager.jar:?]
	at com.st.microxplorer.plugins.projectmanager.gui.ProjectChoiceTab.defineWindowsFields(ProjectChoiceTab.java:1987) ~[filemanager.jar:?]
	at com.st.microxplorer.plugins.projectmanager.gui.ProjectChoiceTab.updateSettings(ProjectChoiceTab.java:558) ~[filemanager.jar:?]
	at com.st.microxplorer.plugins.projectmanager.gui.ProjectSettingsPanel.UpdateDialog(ProjectSettingsPanel.java:247) ~[filemanager.jar:?]
	at com.st.microxplorer.plugins.projectmanager.ProjectManagerView.propertyChange(ProjectManagerView.java:392) ~[filemanager.jar:?]
	at java.beans.PropertyChangeSupport.fire(PropertyChangeSupport.java:343) ~[?:?]
	at java.beans.PropertyChangeSupport.firePropertyChange(PropertyChangeSupport.java:335) ~[?:?]
	at java.beans.PropertyChangeSupport.firePropertyChange(PropertyChangeSupport.java:268) ~[?:?]
	at com.st.microxplorer.util.MXPropertyChangeSupport.firePropertyChange(MXPropertyChangeSupport.java:54) ~[STM32CubeMX.jar:?]
	at com.st.microxplorer.mxsystem.MxSystem.closeConfig(MxSystem.java:899) ~[STM32CubeMX.jar:?]
	at com.st.microxplorer.maingui.MainPanel.closeConfig(MainPanel.java:792) ~[STM32CubeMX.jar:?]
	at com.st.microxplorer.plugins.filemanager.engine.OpenFileManager.loadConfigurationFile(OpenFileManager.java:288) ~[filemanager.jar:?]
	at com.st.microxplorer.plugins.filemanager.engine.MainFileManager.userLoadConfig(MainFileManager.java:364) ~[filemanager.jar:?]
	at com.st.microxplorer.plugins.filemanager.engine.MainFileManager.userLoadConfig(MainFileManager.java:342) ~[filemanager.jar:?]
	at com.st.microxplorer.plugins.filemanager.FileManagerView.getSpecificTask(FileManagerView.java:264) ~[filemanager.jar:?]
	at com.st.stm32cube.common.mx.editor.CubeMxEditor.getMxTabbedPaneInstance(CubeMxEditor.java:1198) ~[com.st.stm32cube.common.mx_6.15.0.202507011659/:?]
	at com.st.stm32cube.common.mx.editor.CubeMxEditor$12$1.createSwingComponent(CubeMxEditor.java:1068) ~[com.st.stm32cube.common.mx_6.15.0.202507011659/:?]
	at com.st.stm32cube.common.mx.oss.core.awtswtbridge.EmbeddedSwingComposite.doComponentCreation(EmbeddedSwingComposite.java:492) ~[com.st.stm32cube.common.mx.oss_6.15.0.202507011659/:?]
	at com.st.stm32cube.common.mx.oss.core.awtswtbridge.EmbeddedSwingComposite$4.run(EmbeddedSwingComposite.java:291) ~[com.st.stm32cube.common.mx.oss_6.15.0.202507011659/:?]
	at com.st.stm32cube.common.mx.oss.core.awtswtbridge.AwtEnvironment$2.run(AwtEnvironment.java:166) ~[com.st.stm32cube.common.mx.oss_6.15.0.202507011659/:?]
	at java.awt.event.InvocationEvent.dispatch(InvocationEvent.java:318) ~[?:?]
	at java.awt.EventQueue.dispatchEventImpl(EventQueue.java:773) ~[?:?]
	at java.awt.EventQueue$4.run(EventQueue.java:720) ~[?:?]
	at java.awt.EventQueue$4.run(EventQueue.java:714) ~[?:?]
	at java.security.AccessController.doPrivileged(AccessController.java:400) ~[?:?]
	at java.security.ProtectionDomain$JavaSecurityAccessImpl.doIntersectionPrivilege(ProtectionDomain.java:87) ~[?:?]
	at java.awt.EventQueue.dispatchEvent(EventQueue.java:742) ~[?:?]
	at java.awt.EventDispatchThread.pumpOneEventForFilters(EventDispatchThread.java:203) ~[?:?]
	at java.awt.EventDispatchThread.pumpEventsForFilter(EventDispatchThread.java:124) ~[?:?]
	at java.awt.EventDispatchThread.pumpEventsForHierarchy(EventDispatchThread.java:113) ~[?:?]
	at java.awt.EventDispatchThread.pumpEvents(EventDispatchThread.java:109) ~[?:?]
	at java.awt.EventDispatchThread.pumpEvents(EventDispatchThread.java:101) ~[?:?]
	at java.awt.EventDispatchThread.run(EventDispatchThread.java:90) ~[?:?]
2025-09-15 16:26:40,441 [WARN] ThirdParty:871 - waiting for thirdparty lock release [close project]
2025-09-15 16:26:40,441 [INFO] ThirdParty:873 - entering critical section [close project]
2025-09-15 16:26:40,441 [INFO] ThirdParty:883 - exiting critical section [close project]
2025-09-15 16:26:40,466 [INFO] PinOutPanel:1589 - setPackage(No Configuration,No Configuration)
2025-09-15 16:26:40,482 [INFO] AI:982 - onDisable adding AI com.st.microxplorer.plugins.ip.ai.AI@2018a0b0 on STMicroelectronics.X-CUBE-AI.10.2.0_Appli
2025-09-15 16:26:40,529 [INFO] UtilMem:75 - Begin LoadConfig() Used Memory: 785570856 Bytes (1073741824)
2025-09-15 16:26:40,532 [INFO] MicroXplorer:468 - Change Database Path : 
2025-09-15 16:26:40,532 [INFO] MicroXplorer:498 - Change Database Version : DB.6.0.150
2025-09-15 16:26:40,533 [INFO] OpenFileManager:355 - Change cursor
2025-09-15 16:26:40,797 [INFO] RulesReader:64 - Compatibility file has been processed (317 Rules)
2025-09-15 16:26:40,849 [INFO] Mcu:2029 - Initializing MCU STM32N657X0HxQ STM32N657X0HxQ STM32N657X0H3Q
2025-09-15 16:26:48,411 [INFO] Context:786 - Trying to add GPIOservice into a context  which must be forbidden
2025-09-15 16:26:48,411 [INFO] Context:786 - Trying to add GPIOservice into a context  which must be forbidden
2025-09-15 16:26:48,411 [INFO] Context:786 - Trying to add GPIOservice into a context  which must be forbidden
2025-09-15 16:26:48,412 [INFO] Context:786 - Trying to add GPIOservice into a context  which must be forbidden
2025-09-15 16:26:48,412 [INFO] Context:786 - Trying to add GPIOservice into a context  which must be forbidden
2025-09-15 16:26:50,675 [INFO] ApiDbMcu:532 - Load IP Config File for STMicroelectronics.X-CUBE-AI.10.2.0_Appli
2025-09-15 16:26:50,977 [INFO] ApiDbMcu:532 - Load IP Config File for NUCLEO-N657X0-Q
2025-09-15 16:26:51,107 [INFO] Context:786 - Trying to add GPIOservice into a context  which must be forbidden
2025-09-15 16:26:51,115 [INFO] Context:786 - Trying to add GPIOservice into a context  which must be forbidden
2025-09-15 16:26:51,119 [ERROR] Context:921 - The IP RIF is not set in context FSBL
2025-09-15 16:26:51,126 [INFO] Context:786 - Trying to add GPIOservice into a context  which must be forbidden
2025-09-15 16:26:51,158 [INFO] ImportTextPane:234 - (OptionalMessage_ERROR) Unable to find key (Mcu.IP16) in loaded IOC file
2025-09-15 16:26:51,158 [INFO] ImportTextPane:234 - (OptionalMessage_ERROR) Unknown IP (dummy)
2025-09-15 16:26:51,306 [WARN] ModelIntegratedComponent:63 - No mode defined for component null
2025-09-15 16:26:51,306 [WARN] ModelIntegratedComponent:63 - No mode defined for component null
2025-09-15 16:26:51,306 [WARN] ModelIntegratedComponent:63 - No mode defined for component null
2025-09-15 16:26:51,306 [WARN] ModelIntegratedComponent:63 - No mode defined for component null
2025-09-15 16:26:51,306 [WARN] ModelIntegratedComponent:63 - No mode defined for component null
2025-09-15 16:26:51,307 [WARN] ModelIntegratedComponent:63 - No mode defined for component null
2025-09-15 16:26:51,307 [WARN] ModelIntegratedComponent:63 - No mode defined for component null
2025-09-15 16:26:51,307 [WARN] ModelIntegratedComponent:63 - No mode defined for component null
2025-09-15 16:26:51,307 [WARN] ModelIntegratedComponent:63 - No mode defined for component null
2025-09-15 16:26:51,307 [WARN] ModelIntegratedComponent:63 - No mode defined for component null
2025-09-15 16:26:51,307 [WARN] ModelIntegratedComponent:63 - No mode defined for component null
2025-09-15 16:26:51,307 [WARN] ModelIntegratedComponent:63 - No mode defined for component null
2025-09-15 16:26:51,307 [WARN] ModelIntegratedComponent:63 - No mode defined for component null
2025-09-15 16:26:51,307 [WARN] ModelIntegratedComponent:63 - No mode defined for component null
2025-09-15 16:26:51,307 [WARN] ModelIntegratedComponent:63 - No mode defined for component null
2025-09-15 16:26:51,307 [WARN] ModelIntegratedComponent:63 - No mode defined for component null
2025-09-15 16:26:51,307 [WARN] ModelIntegratedComponent:63 - No mode defined for component null
2025-09-15 16:26:51,307 [WARN] ModelIntegratedComponent:63 - No mode defined for component null
2025-09-15 16:26:51,308 [WARN] ModelIntegratedComponent:63 - No mode defined for component null
2025-09-15 16:26:51,308 [WARN] ModelIntegratedComponent:63 - No mode defined for component null
2025-09-15 16:26:51,308 [WARN] ModelIntegratedComponent:63 - No mode defined for component null
2025-09-15 16:26:51,308 [WARN] ModelIntegratedComponent:63 - No mode defined for component null
2025-09-15 16:26:51,308 [WARN] ModelIntegratedComponent:63 - No mode defined for component null
2025-09-15 16:26:51,308 [WARN] ModelIntegratedComponent:63 - No mode defined for component null
2025-09-15 16:26:51,308 [WARN] ModelIntegratedComponent:63 - No mode defined for component null
2025-09-15 16:26:51,308 [WARN] ModelIntegratedComponent:63 - No mode defined for component null
2025-09-15 16:26:51,308 [WARN] ModelIntegratedComponent:63 - No mode defined for component null
2025-09-15 16:26:51,308 [WARN] ModelIntegratedComponent:63 - No mode defined for component null
2025-09-15 16:26:51,308 [WARN] ModelIntegratedComponent:63 - No mode defined for component null
2025-09-15 16:26:51,308 [WARN] ModelIntegratedComponent:63 - No mode defined for component null
2025-09-15 16:26:51,308 [WARN] ModelIntegratedComponent:63 - No mode defined for component null
2025-09-15 16:26:51,308 [WARN] ModelIntegratedComponent:63 - No mode defined for component null
2025-09-15 16:26:51,309 [WARN] ModelIntegratedComponent:63 - No mode defined for component null
2025-09-15 16:26:51,309 [WARN] ModelIntegratedComponent:63 - No mode defined for component null
2025-09-15 16:26:51,309 [WARN] ModelIntegratedComponent:63 - No mode defined for component null
2025-09-15 16:26:51,309 [WARN] ModelPack:524 - Component already loaded: STMicroelectronics:HAL Drivers:0.0.0:STMicroelectronics:Device:STMicro_Driver:XSPI:HAL::0.0.1:HAL_XSPI
2025-09-15 16:26:51,326 [INFO] RtosManager:558 - Registered RTOS mode: class=RTOS, group=ThreadX, mode=Core, owner=THREADX
2025-09-15 16:26:51,502 [WARN] ModelIntegratedComponent:63 - No mode defined for component null
2025-09-15 16:26:51,502 [WARN] ModelIntegratedComponent:63 - No mode defined for component null
2025-09-15 16:26:51,502 [WARN] ModelIntegratedComponent:63 - No mode defined for component null
2025-09-15 16:26:51,503 [WARN] ModelIntegratedComponent:63 - No mode defined for component null
2025-09-15 16:26:51,503 [WARN] ModelIntegratedComponent:63 - No mode defined for component null
2025-09-15 16:26:51,503 [WARN] ModelIntegratedComponent:63 - No mode defined for component null
2025-09-15 16:26:51,503 [WARN] ModelIntegratedComponent:63 - No mode defined for component null
2025-09-15 16:26:51,503 [WARN] ModelIntegratedComponent:63 - No mode defined for component null
2025-09-15 16:26:51,503 [WARN] ModelIntegratedComponent:63 - No mode defined for component null
2025-09-15 16:26:51,503 [WARN] ModelIntegratedComponent:63 - No mode defined for component null
2025-09-15 16:26:51,503 [WARN] ModelIntegratedComponent:63 - No mode defined for component null
2025-09-15 16:26:51,503 [WARN] ModelIntegratedComponent:63 - No mode defined for component null
2025-09-15 16:26:51,503 [WARN] ModelIntegratedComponent:63 - No mode defined for component null
2025-09-15 16:26:51,503 [WARN] ModelIntegratedComponent:63 - No mode defined for component null
2025-09-15 16:26:51,503 [WARN] ModelIntegratedComponent:63 - No mode defined for component null
2025-09-15 16:26:51,503 [WARN] ModelIntegratedComponent:63 - No mode defined for component null
2025-09-15 16:26:51,504 [WARN] ModelIntegratedComponent:63 - No mode defined for component null
2025-09-15 16:26:51,504 [WARN] ModelIntegratedComponent:63 - No mode defined for component null
2025-09-15 16:26:51,504 [WARN] ModelIntegratedComponent:63 - No mode defined for component null
2025-09-15 16:26:51,504 [WARN] ModelIntegratedComponent:63 - No mode defined for component null
2025-09-15 16:26:51,504 [WARN] ModelIntegratedComponent:63 - No mode defined for component null
2025-09-15 16:26:51,504 [WARN] ModelIntegratedComponent:63 - No mode defined for component null
2025-09-15 16:26:51,504 [WARN] ModelIntegratedComponent:63 - No mode defined for component null
2025-09-15 16:26:51,504 [WARN] ModelIntegratedComponent:63 - No mode defined for component null
2025-09-15 16:26:51,504 [WARN] ModelIntegratedComponent:63 - No mode defined for component null
2025-09-15 16:26:51,504 [WARN] ModelIntegratedComponent:63 - No mode defined for component null
2025-09-15 16:26:51,504 [WARN] ModelIntegratedComponent:63 - No mode defined for component null
2025-09-15 16:26:51,505 [WARN] ModelIntegratedComponent:63 - No mode defined for component null
2025-09-15 16:26:51,505 [WARN] ModelIntegratedComponent:63 - No mode defined for component null
2025-09-15 16:26:51,505 [WARN] ModelIntegratedComponent:63 - No mode defined for component null
2025-09-15 16:26:51,505 [WARN] ModelIntegratedComponent:63 - No mode defined for component null
2025-09-15 16:26:51,505 [WARN] ModelIntegratedComponent:63 - No mode defined for component null
2025-09-15 16:26:51,505 [WARN] ModelIntegratedComponent:63 - No mode defined for component null
2025-09-15 16:26:51,505 [WARN] ModelIntegratedComponent:63 - No mode defined for component null
2025-09-15 16:26:51,505 [WARN] ModelIntegratedComponent:63 - No mode defined for component null
2025-09-15 16:26:51,505 [WARN] ModelPack:524 - Component already loaded: STMicroelectronics:HAL Drivers:0.0.0:STMicroelectronics:Device:STMicro_Driver:XSPI:HAL::0.0.1:HAL_XSPI
2025-09-15 16:26:51,510 [INFO] RtosManager:558 - Registered RTOS mode: class=RTOS, group=ThreadX, mode=Core, owner=THREADX
2025-09-15 16:26:51,564 [WARN] ModelIntegratedComponent:63 - No mode defined for component null
2025-09-15 16:26:51,564 [WARN] ModelIntegratedComponent:63 - No mode defined for component null
2025-09-15 16:26:51,564 [WARN] ModelIntegratedComponent:63 - No mode defined for component null
2025-09-15 16:26:51,564 [WARN] ModelIntegratedComponent:63 - No mode defined for component null
2025-09-15 16:26:51,564 [WARN] ModelIntegratedComponent:63 - No mode defined for component null
2025-09-15 16:26:51,564 [WARN] ModelIntegratedComponent:63 - No mode defined for component null
2025-09-15 16:26:51,564 [WARN] ModelIntegratedComponent:63 - No mode defined for component null
2025-09-15 16:26:51,564 [WARN] ModelIntegratedComponent:63 - No mode defined for component null
2025-09-15 16:26:51,564 [WARN] ModelIntegratedComponent:63 - No mode defined for component null
2025-09-15 16:26:51,564 [WARN] ModelIntegratedComponent:63 - No mode defined for component null
2025-09-15 16:26:51,565 [WARN] ModelIntegratedComponent:63 - No mode defined for component null
2025-09-15 16:26:51,565 [WARN] ModelIntegratedComponent:63 - No mode defined for component null
2025-09-15 16:26:51,565 [WARN] ModelIntegratedComponent:63 - No mode defined for component null
2025-09-15 16:26:51,565 [WARN] ModelIntegratedComponent:63 - No mode defined for component null
2025-09-15 16:26:51,565 [WARN] ModelIntegratedComponent:63 - No mode defined for component null
2025-09-15 16:26:51,565 [WARN] ModelIntegratedComponent:63 - No mode defined for component null
2025-09-15 16:26:51,565 [WARN] ModelIntegratedComponent:63 - No mode defined for component null
2025-09-15 16:26:51,565 [WARN] ModelIntegratedComponent:63 - No mode defined for component null
2025-09-15 16:26:51,565 [WARN] ModelIntegratedComponent:63 - No mode defined for component null
2025-09-15 16:26:51,565 [WARN] ModelIntegratedComponent:63 - No mode defined for component null
2025-09-15 16:26:51,565 [WARN] ModelIntegratedComponent:63 - No mode defined for component null
2025-09-15 16:26:51,565 [WARN] ModelIntegratedComponent:63 - No mode defined for component null
2025-09-15 16:26:51,565 [WARN] ModelIntegratedComponent:63 - No mode defined for component null
2025-09-15 16:26:51,565 [WARN] ModelIntegratedComponent:63 - No mode defined for component null
2025-09-15 16:26:51,565 [WARN] ModelIntegratedComponent:63 - No mode defined for component null
2025-09-15 16:26:51,566 [WARN] ModelIntegratedComponent:63 - No mode defined for component null
2025-09-15 16:26:51,566 [WARN] ModelIntegratedComponent:63 - No mode defined for component null
2025-09-15 16:26:51,566 [WARN] ModelIntegratedComponent:63 - No mode defined for component null
2025-09-15 16:26:51,566 [WARN] ModelIntegratedComponent:63 - No mode defined for component null
2025-09-15 16:26:51,566 [WARN] ModelIntegratedComponent:63 - No mode defined for component null
2025-09-15 16:26:51,566 [WARN] ModelIntegratedComponent:63 - No mode defined for component null
2025-09-15 16:26:51,566 [WARN] ModelIntegratedComponent:63 - No mode defined for component null
2025-09-15 16:26:51,566 [WARN] ModelIntegratedComponent:63 - No mode defined for component null
2025-09-15 16:26:51,566 [WARN] ModelIntegratedComponent:63 - No mode defined for component null
2025-09-15 16:26:51,566 [WARN] ModelIntegratedComponent:63 - No mode defined for component null
2025-09-15 16:26:51,566 [WARN] ModelPack:524 - Component already loaded: STMicroelectronics:HAL Drivers:0.0.0:STMicroelectronics:Device:STMicro_Driver:XSPI:HAL::0.0.1:HAL_XSPI
2025-09-15 16:26:51,569 [INFO] RtosManager:558 - Registered RTOS mode: class=RTOS, group=ThreadX, mode=Core, owner=THREADX
2025-09-15 16:26:51,625 [ERROR] ThirdPartyModel:1051 - Thirdparty pack not in same context : STMicroelectronics.X-CUBE-AI.10.2.0_Appli
2025-09-15 16:26:51,626 [ERROR] ThirdPartyModel:1051 - Thirdparty pack not in same context : STMicroelectronics.X-CUBE-AI.10.2.0_Appli
2025-09-15 16:26:52,497 [INFO] ApiDbMcu:532 - Load IP Config File for EXTMEM_MANAGER
2025-09-15 16:26:52,516 [INFO] ThirdPartyModel:298 - Start build external matchings
2025-09-15 16:26:52,730 [INFO] ThirdPartyModel:316 - End build external matchings
2025-09-15 16:26:52,739 [INFO] ThirdPartyModel:298 - Start build external matchings
2025-09-15 16:26:52,954 [INFO] ThirdPartyModel:316 - End build external matchings
2025-09-15 16:26:52,959 [INFO] ThirdPartyModel:298 - Start build external matchings
2025-09-15 16:26:53,176 [INFO] ThirdPartyModel:316 - End build external matchings
2025-09-15 16:26:53,184 [INFO] ImportTextPane:234 - (OptionalMessage_ERROR) IP (CORTEX_M55_FSBL) : Invalid parameter (Attributes0)
2025-09-15 16:26:53,184 [INFO] ImportTextPane:234 - (OptionalMessage_ERROR) IP (CORTEX_M55_FSBL) : Invalid parameter (Memorytype0)
2025-09-15 16:26:53,184 [INFO] ImportTextPane:234 - (OptionalMessage_ERROR) IP (CORTEX_M55_FSBL) : Parameter (CacheableAttribute0) has invalid value (MPU_WRITE_BACK)
2025-09-15 16:26:53,184 [INFO] ImportTextPane:234 - (OptionalMessage_ERROR) IP (CORTEX_M55_FSBL) : Parameter (TransientAttribute0) has invalid value (MPU_NON_TRANSIENT)
2025-09-15 16:26:53,184 [INFO] ImportTextPane:234 - (OptionalMessage_ERROR) IP (CORTEX_M55_FSBL) : Parameter (AllocateAttribute0) has invalid value (MPU_R_ALLOCATE)
2025-09-15 16:26:53,185 [WARN] IP:2250 - RefParam_XIP_memory not found: check if there is a RefParameter without a condition.
2025-09-15 16:26:53,185 [WARN] IP:2250 - RefParam_MEMORY_1_Size not found: check if there is a RefParameter without a condition.
2025-09-15 16:26:53,185 [WARN] IP:2250 - RefParam_MEMORY_1_FreqMax not found: check if there is a RefParameter without a condition.
2025-09-15 16:26:53,185 [WARN] IP:2250 - RefParam_MEMORY_1_ReadReg not found: check if there is a RefParameter without a condition.
2025-09-15 16:26:53,185 [WARN] IP:2250 - RefParam_MEMORY_1_WriteReg not found: check if there is a RefParameter without a condition.
2025-09-15 16:26:53,185 [WARN] IP:2250 - RefParam_MEMORY_1_RegSize not found: check if there is a RefParameter without a condition.
2025-09-15 16:26:53,185 [WARN] IP:2250 - RefParam_MEMORY_1_RegDummyCycle not found: check if there is a RefParameter without a condition.
2025-09-15 16:26:53,185 [WARN] IP:2250 - RefParam_MEMORY_1_WriteCommand not found: check if there is a RefParameter without a condition.
2025-09-15 16:26:53,185 [WARN] IP:2250 - RefParam_MEMORY_1_WriteDummyCycle not found: check if there is a RefParameter without a condition.
2025-09-15 16:26:53,185 [WARN] IP:2250 - RefParam_MEMORY_1_ReadCommand not found: check if there is a RefParameter without a condition.
2025-09-15 16:26:53,185 [WARN] IP:2250 - RefParam_MEMORY_1_WrapReadCommand not found: check if there is a RefParameter without a condition.
2025-09-15 16:26:53,186 [WARN] IP:2250 - RefParam_MEMORY_1_ReadDummyCycle not found: check if there is a RefParameter without a condition.
2025-09-15 16:26:53,186 [WARN] IP:2250 - RefParam_MEMORY_1_NumberOfConfig not found: check if there is a RefParameter without a condition.
2025-09-15 16:26:53,186 [WARN] IP:2250 - RefParam_MEMORY_1_Config1_WriteMask not found: check if there is a RefParameter without a condition.
2025-09-15 16:26:53,186 [WARN] IP:2250 - RefParam_MEMORY_1_Config1_WriteValue not found: check if there is a RefParameter without a condition.
2025-09-15 16:26:53,186 [WARN] IP:2250 - RefParam_MEMORY_1_Config1_RegAddress not found: check if there is a RefParameter without a condition.
2025-09-15 16:26:53,186 [WARN] IP:2250 - RefParam_MEMORY_1_Config2_WriteMask not found: check if there is a RefParameter without a condition.
2025-09-15 16:26:53,186 [WARN] IP:2250 - RefParam_MEMORY_1_Config2_WriteValue not found: check if there is a RefParameter without a condition.
2025-09-15 16:26:53,186 [WARN] IP:2250 - RefParam_MEMORY_1_Config2_RegAddress not found: check if there is a RefParameter without a condition.
2025-09-15 16:26:53,186 [WARN] IP:2250 - RefParam_MEMORY_1_Config3_WriteMask not found: check if there is a RefParameter without a condition.
2025-09-15 16:26:53,186 [WARN] IP:2250 - RefParam_MEMORY_1_Config3_WriteValue not found: check if there is a RefParameter without a condition.
2025-09-15 16:26:53,186 [WARN] IP:2250 - RefParam_MEMORY_1_Config3_RegAddress not found: check if there is a RefParameter without a condition.
2025-09-15 16:26:53,186 [WARN] IP:2250 - RefParam_MEMORY_2_Instance not found: check if there is a RefParameter without a condition.
2025-09-15 16:26:53,186 [WARN] IP:2250 - RefParam_MEMORY_2_ConfigType not found: check if there is a RefParameter without a condition.
2025-09-15 16:26:53,186 [WARN] IP:2250 - RefParam_MEMORY_2_Size not found: check if there is a RefParameter without a condition.
2025-09-15 16:26:53,186 [WARN] IP:2250 - RefParam_MEMORY_2_FreqMax not found: check if there is a RefParameter without a condition.
2025-09-15 16:26:53,186 [WARN] IP:2250 - RefParam_MEMORY_2_ReadReg not found: check if there is a RefParameter without a condition.
2025-09-15 16:26:53,186 [WARN] IP:2250 - RefParam_MEMORY_2_WriteReg not found: check if there is a RefParameter without a condition.
2025-09-15 16:26:53,186 [WARN] IP:2250 - RefParam_MEMORY_2_RegSize not found: check if there is a RefParameter without a condition.
2025-09-15 16:26:53,186 [WARN] IP:2250 - RefParam_MEMORY_2_RegDummyCycle not found: check if there is a RefParameter without a condition.
2025-09-15 16:26:53,186 [WARN] IP:2250 - RefParam_MEMORY_2_WriteCommand not found: check if there is a RefParameter without a condition.
2025-09-15 16:26:53,186 [WARN] IP:2250 - RefParam_MEMORY_2_WriteDummyCycle not found: check if there is a RefParameter without a condition.
2025-09-15 16:26:53,186 [WARN] IP:2250 - RefParam_MEMORY_2_ReadCommand not found: check if there is a RefParameter without a condition.
2025-09-15 16:26:53,186 [WARN] IP:2250 - RefParam_MEMORY_2_WrapReadCommand not found: check if there is a RefParameter without a condition.
2025-09-15 16:26:53,186 [WARN] IP:2250 - RefParam_MEMORY_2_ReadDummyCycle not found: check if there is a RefParameter without a condition.
2025-09-15 16:26:53,186 [WARN] IP:2250 - RefParam_MEMORY_2_NumberOfConfig not found: check if there is a RefParameter without a condition.
2025-09-15 16:26:53,186 [WARN] IP:2250 - RefParam_MEMORY_2_Config1_WriteMask not found: check if there is a RefParameter without a condition.
2025-09-15 16:26:53,186 [WARN] IP:2250 - RefParam_MEMORY_2_Config1_WriteValue not found: check if there is a RefParameter without a condition.
2025-09-15 16:26:53,186 [WARN] IP:2250 - RefParam_MEMORY_2_Config1_RegAddress not found: check if there is a RefParameter without a condition.
2025-09-15 16:26:53,187 [WARN] IP:2250 - RefParam_MEMORY_2_Config2_WriteMask not found: check if there is a RefParameter without a condition.
2025-09-15 16:26:53,187 [WARN] IP:2250 - RefParam_MEMORY_2_Config2_WriteValue not found: check if there is a RefParameter without a condition.
2025-09-15 16:26:53,187 [WARN] IP:2250 - RefParam_MEMORY_2_Config2_RegAddress not found: check if there is a RefParameter without a condition.
2025-09-15 16:26:53,187 [WARN] IP:2250 - RefParam_MEMORY_2_Config3_WriteMask not found: check if there is a RefParameter without a condition.
2025-09-15 16:26:53,187 [WARN] IP:2250 - RefParam_MEMORY_2_Config3_WriteValue not found: check if there is a RefParameter without a condition.
2025-09-15 16:26:53,187 [WARN] IP:2250 - RefParam_MEMORY_2_Config3_RegAddress not found: check if there is a RefParameter without a condition.
2025-09-15 16:26:53,202 [INFO] ImportTextPane:234 - (OptionalMessage_ERROR) IP (RIF) : Invalid parameter ()
2025-09-15 16:26:53,203 [INFO] ImportTextPane:234 - (OptionalMessage_ERROR) IP (RIF) : Invalid parameter ()
2025-09-15 16:26:53,203 [INFO] ImportTextPane:234 - (OptionalMessage_ERROR) IP (RIF) : Invalid parameter ()
2025-09-15 16:26:53,203 [INFO] ImportTextPane:234 - (OptionalMessage_ERROR) IP (RIF) : Invalid parameter ()
2025-09-15 16:26:53,203 [INFO] ImportTextPane:234 - (OptionalMessage_ERROR) IP (RIF) : Invalid parameter ()
2025-09-15 16:26:53,204 [INFO] ImportTextPane:234 - (OptionalMessage_ERROR) IP (STMicroelectronics.X-CUBE-AI.10.2.0_Appli) : Parameter (ModelName) has Id (f791fad752eeb64fd5ada2722a9584e122ebc38b9eccb3c0c9cfd36ad2dc72e4) currently not set
2025-09-15 16:26:53,204 [INFO] ImportTextPane:234 - (OptionalMessage_ERROR) IP (STMicroelectronics.X-CUBE-AI.10.2.0_Appli) : Parameter (ModelKind) has Id (f791fad752eeb64fd5ada2722a9584e122ebc38b9eccb3c0c9cfd36ad2dc72e4) currently not set
2025-09-15 16:26:53,204 [INFO] ImportTextPane:234 - (OptionalMessage_ERROR) IP (STMicroelectronics.X-CUBE-AI.10.2.0_Appli) : Parameter (ModelCompression) has Id (f791fad752eeb64fd5ada2722a9584e122ebc38b9eccb3c0c9cfd36ad2dc72e4) currently not set
2025-09-15 16:26:53,204 [INFO] ImportTextPane:234 - (OptionalMessage_ERROR) IP (STMicroelectronics.X-CUBE-AI.10.2.0_Appli) : Invalid parameter (LatestDirectoryUsed)
2025-09-15 16:26:53,204 [INFO] ImportTextPane:234 - (OptionalMessage_ERROR) IP (STMicroelectronics.X-CUBE-AI.10.2.0_Appli) : Parameter (ModelStructureFile) has Id (f791fad752eeb64fd5ada2722a9584e122ebc38b9eccb3c0c9cfd36ad2dc72e4) currently not set
2025-09-15 16:26:53,204 [INFO] ImportTextPane:234 - (OptionalMessage_ERROR) IP (STMicroelectronics.X-CUBE-AI.10.2.0_Appli) : Parameter (ModelMacc) has Id (f791fad752eeb64fd5ada2722a9584e122ebc38b9eccb3c0c9cfd36ad2dc72e4) currently not set
2025-09-15 16:26:53,204 [INFO] ImportTextPane:234 - (OptionalMessage_ERROR) IP (STMicroelectronics.X-CUBE-AI.10.2.0_Appli) : Parameter (ModelActualCompression) has Id (f791fad752eeb64fd5ada2722a9584e122ebc38b9eccb3c0c9cfd36ad2dc72e4) currently not set
2025-09-15 16:26:53,204 [INFO] ImportTextPane:234 - (OptionalMessage_ERROR) IP (STMicroelectronics.X-CUBE-AI.10.2.0_Appli) : Parameter (ModelRamOccupation) has Id (f791fad752eeb64fd5ada2722a9584e122ebc38b9eccb3c0c9cfd36ad2dc72e4) currently not set
2025-09-15 16:26:53,204 [INFO] ImportTextPane:234 - (OptionalMessage_ERROR) IP (STMicroelectronics.X-CUBE-AI.10.2.0_Appli) : Parameter (ModelFlashOccupation) has Id (f791fad752eeb64fd5ada2722a9584e122ebc38b9eccb3c0c9cfd36ad2dc72e4) currently not set
2025-09-15 16:26:53,204 [INFO] ImportTextPane:234 - (OptionalMessage_ERROR) IP (STMicroelectronics.X-CUBE-AI.10.2.0_Appli) : Parameter (copyWeightToRam) has Id (f791fad752eeb64fd5ada2722a9584e122ebc38b9eccb3c0c9cfd36ad2dc72e4) currently not set
2025-09-15 16:26:53,204 [INFO] ImportTextPane:234 - (OptionalMessage_ERROR) IP (STMicroelectronics.X-CUBE-AI.10.2.0_Appli) : Invalid parameter (useInputAllocation)
2025-09-15 16:26:53,204 [INFO] ImportTextPane:234 - (OptionalMessage_ERROR) IP (STMicroelectronics.X-CUBE-AI.10.2.0_Appli) : Invalid parameter (useOutputAllocation)
2025-09-15 16:26:53,204 [INFO] ImportTextPane:234 - (OptionalMessage_ERROR) IP (STMicroelectronics.X-CUBE-AI.10.2.0_Appli) : Invalid parameter (customLayerConfigEnabled)
2025-09-15 16:26:53,204 [INFO] ImportTextPane:234 - (OptionalMessage_ERROR) IP (STMicroelectronics.X-CUBE-AI.10.2.0_Appli) : Invalid parameter (noOnnxIoTranspose)
2025-09-15 16:26:53,204 [INFO] ImportTextPane:234 - (OptionalMessage_ERROR) IP (STMicroelectronics.X-CUBE-AI.10.2.0_Appli) : Parameter (ModelType) has Id (f791fad752eeb64fd5ada2722a9584e122ebc38b9eccb3c0c9cfd36ad2dc72e4) currently not set
2025-09-15 16:26:53,204 [INFO] ImportTextPane:234 - (OptionalMessage_ERROR) IP (STMicroelectronics.X-CUBE-AI.10.2.0_Appli) : Invalid parameter (MaximumNumberOfInputLayer)
2025-09-15 16:26:53,204 [INFO] ImportTextPane:234 - (OptionalMessage_ERROR) IP (STMicroelectronics.X-CUBE-AI.10.2.0_Appli) : Invalid parameter (MaximumNumberOfOutputLayer)
2025-09-15 16:26:53,204 [INFO] ImportTextPane:234 - (OptionalMessage_ERROR) IP (STMicroelectronics.X-CUBE-AI.10.2.0_Appli) : Invalid parameter (ValidationInputFileHistory)
2025-09-15 16:26:53,205 [INFO] ImportTextPane:234 - (OptionalMessage_ERROR) IP (STMicroelectronics.X-CUBE-AI.10.2.0_Appli) : Invalid parameter (useInputAllocation)
2025-09-15 16:26:53,205 [INFO] ImportTextPane:234 - (OptionalMessage_ERROR) IP (STMicroelectronics.X-CUBE-AI.10.2.0_Appli) : Invalid parameter (useOutputAllocation)
2025-09-15 16:26:53,205 [INFO] ImportTextPane:234 - (OptionalMessage_ERROR) IP (STMicroelectronics.X-CUBE-AI.10.2.0_Appli) : Invalid parameter (customLayerConfigEnabled)
2025-09-15 16:26:53,205 [INFO] ImportTextPane:234 - (OptionalMessage_ERROR) IP (STMicroelectronics.X-CUBE-AI.10.2.0_Appli) : Invalid parameter (noOnnxIoTranspose)
2025-09-15 16:26:53,205 [INFO] ImportTextPane:234 - (OptionalMessage_ERROR) IP (STMicroelectronics.X-CUBE-AI.10.2.0_Appli) : Invalid parameter (ValidationOutputFileHistory)
2025-09-15 16:26:53,205 [INFO] ImportTextPane:234 - (OptionalMessage_ERROR) IP (STMicroelectronics.X-CUBE-AI.10.2.0_Appli) : Invalid parameter (ValidationOutputFile)
2025-09-15 16:26:53,205 [INFO] ImportTextPane:234 - (OptionalMessage_ERROR) IP (STMicroelectronics.X-CUBE-AI.10.2.0_Appli) : Invalid parameter (ValidationInputFile)
2025-09-15 16:26:53,616 [INFO] UtilMem:75 - End LoadConfig() Used Memory: 945377224 Bytes (1073741824)
2025-09-15 16:26:53,708 [WARN] ThirdParty:833 - waiting for thirdparty lock release [change project]
2025-09-15 16:26:53,709 [INFO] ThirdParty:835 - entering critical section [change project]
2025-09-15 16:26:53,709 [INFO] ThirdParty:1030 - CMSIS Pack Vendor :STMicroelectronics X-CUBE-PM33A1 1.0.0
2025-09-15 16:26:53,709 [INFO] ThirdParty:1030 - CMSIS Pack Vendor :STMicroelectronics USBPD 4.1
2025-09-15 16:26:53,709 [INFO] ThirdParty:1030 - CMSIS Pack Vendor :STMicroelectronics X-CUBE-NFC9 1.0.0
2025-09-15 16:26:53,709 [INFO] ThirdParty:1030 - CMSIS Pack Vendor :wolfSSL I-CUBE-wolfSSL 5.8.0
2025-09-15 16:26:53,709 [INFO] ThirdParty:1030 - CMSIS Pack Vendor :STMicroelectronics USB_HOST 2.0.0
2025-09-15 16:26:53,709 [INFO] ThirdParty:1030 - CMSIS Pack Vendor :STMicroelectronics FP-SNS-MOTENVWB1 1.4.0
2025-09-15 16:26:53,709 [INFO] ThirdParty:1030 - CMSIS Pack Vendor :STMicroelectronics X-CUBE-AZRTOS-F4 1.1.0
2025-09-15 16:26:53,709 [INFO] ThirdParty:1030 - CMSIS Pack Vendor :STMicroelectronics LIBJPEG 8.0.0
2025-09-15 16:26:53,709 [INFO] ThirdParty:1030 - CMSIS Pack Vendor :STMicroelectronics FP-ATR-ASTRA1 2.0.2
2025-09-15 16:26:53,709 [INFO] ThirdParty:1030 - CMSIS Pack Vendor :STMicroelectronics X-CUBE-BLE1 7.1.0
2025-09-15 16:26:53,709 [INFO] ThirdParty:1030 - CMSIS Pack Vendor :Avnet-IotConnect X-CUBE-IoTC-DA16k-PMOD 1.0.0
2025-09-15 16:26:53,709 [INFO] ThirdParty:1030 - CMSIS Pack Vendor :STMicroelectronics X-CUBE-SMBUS 2.1.0
2025-09-15 16:26:53,709 [INFO] ThirdParty:1030 - CMSIS Pack Vendor :wolfSSL I-CUBE-wolfMQTT 1.19.2
2025-09-15 16:26:53,709 [INFO] ThirdParty:1030 - CMSIS Pack Vendor :STMicroelectronics USB_DEVICE 3.0.0
2025-09-15 16:26:53,709 [INFO] ThirdParty:1030 - CMSIS Pack Vendor :STMicroelectronics X-CUBE-ISPU 2.1.0
2025-09-15 16:26:53,709 [INFO] ThirdParty:1030 - CMSIS Pack Vendor :STMicroelectronics X-CUBE-EEPRMA1 5.2.0
2025-09-15 16:26:53,709 [INFO] ThirdParty:1030 - CMSIS Pack Vendor :STMicroelectronics X-CUBE-BLEMGR 4.1.0
2025-09-15 16:26:53,709 [INFO] ThirdParty:1030 - CMSIS Pack Vendor :STMicroelectronics X-CUBE-AZRTOS-WB 2.0.0
2025-09-15 16:26:53,709 [INFO] ThirdParty:1030 - CMSIS Pack Vendor :STMicroelectronics X-CUBE-ST60 1.0.0
2025-09-15 16:26:53,709 [INFO] ThirdParty:1030 - CMSIS Pack Vendor :STMicroelectronics X-CUBE-GNSS1 7.0.1
2025-09-15 16:26:53,709 [INFO] ThirdParty:1030 - CMSIS Pack Vendor :STMicroelectronics X-CUBE-NFC12 1.0.0
2025-09-15 16:26:53,709 [INFO] ThirdParty:1030 - CMSIS Pack Vendor :STMicroelectronics X-CUBE-AZRTOS-F7 1.1.0
2025-09-15 16:26:53,709 [INFO] ThirdParty:1030 - CMSIS Pack Vendor :STMicroelectronics X-CUBE-AZRTOS-L5 2.0.0
2025-09-15 16:26:53,709 [INFO] ThirdParty:1030 - CMSIS Pack Vendor :STMicroelectronics X-CUBE-TOUCHGFX 4.25.0
2025-09-15 16:26:53,709 [INFO] ThirdParty:1030 - CMSIS Pack Vendor :STMicroelectronics USB_DEVICE 2.0.0
2025-09-15 16:26:53,709 [INFO] ThirdParty:1030 - CMSIS Pack Vendor :STMicroelectronics X-CUBE-NFC6 3.1.0
2025-09-15 16:26:53,709 [INFO] ThirdParty:1030 - CMSIS Pack Vendor :STMicroelectronics X-CUBE-AI 10.1.0
2025-09-15 16:26:53,709 [INFO] ThirdParty:1030 - CMSIS Pack Vendor :STMicroelectronics FP-SNS-STBOX1 2.0.0
2025-09-15 16:26:53,709 [INFO] ThirdParty:1030 - CMSIS Pack Vendor :quantropi X-CUBE-qispace-sdk-base 2.1.0
2025-09-15 16:26:53,709 [INFO] ThirdParty:1030 - CMSIS Pack Vendor :STMicroelectronics FreeRTOS 0.0.1
2025-09-15 16:26:53,709 [INFO] ThirdParty:1030 - CMSIS Pack Vendor :STMicroelectronics X-CUBE-AZRTOS-G0 1.1.0
2025-09-15 16:26:53,709 [INFO] ThirdParty:1030 - CMSIS Pack Vendor :STMicroelectronics X-CUBE-SAFEA1 1.2.2
2025-09-15 16:26:53,710 [INFO] ThirdParty:1030 - CMSIS Pack Vendor :STMicroelectronics X-CUBE-NFC4 3.0.0
2025-09-15 16:26:53,710 [INFO] ThirdParty:1030 - CMSIS Pack Vendor :STMicroelectronics X-CUBE-SUBG2 5.0.0
2025-09-15 16:26:53,710 [INFO] ThirdParty:1030 - CMSIS Pack Vendor :STMicroelectronics X-CUBE-AZRTOS-H7RS 1.1.0
2025-09-15 16:26:53,710 [INFO] ThirdParty:1030 - CMSIS Pack Vendor :STMicroelectronics STM32_WPAN 1.0.0
2025-09-15 16:26:53,710 [INFO] ThirdParty:1030 - CMSIS Pack Vendor :EmbeddedOffice I-CUBE-FS-RTOS 1.0.1
2025-09-15 16:26:53,710 [INFO] ThirdParty:1030 - CMSIS Pack Vendor :STMicroelectronics lwIP 2.0.3
2025-09-15 16:26:53,710 [INFO] ThirdParty:1030 - CMSIS Pack Vendor :Cesanta I-CUBE-Mongoose 7.13.0
2025-09-15 16:26:53,710 [INFO] ThirdParty:1030 - CMSIS Pack Vendor :STMicroelectronics USB_HOST 1.0.0
2025-09-15 16:26:53,710 [INFO] ThirdParty:1030 - CMSIS Pack Vendor :Infineon AIROC-Wi-Fi-Bluetooth-STM32 1.7.1
2025-09-15 16:26:53,710 [INFO] ThirdParty:1030 - CMSIS Pack Vendor :STMicroelectronics X-CUBE-AZRTOS-G4 2.0.0
2025-09-15 16:26:53,710 [INFO] ThirdParty:1030 - CMSIS Pack Vendor :STMicroelectronics X-CUBE-WB05N 2.0.0
2025-09-15 16:26:53,710 [INFO] ThirdParty:1030 - CMSIS Pack Vendor :STMicroelectronics PDM2PCM 3.1.0
2025-09-15 16:26:53,710 [INFO] ThirdParty:1030 - CMSIS Pack Vendor :STMicroelectronics PDM2PCM 3.3.0
2025-09-15 16:26:53,710 [INFO] ThirdParty:1030 - CMSIS Pack Vendor :wolfSSL I-CUBE-wolfTPM 3.8.0
2025-09-15 16:26:53,710 [INFO] ThirdParty:1030 - CMSIS Pack Vendor :STMicroelectronics X-CUBE-AZRTOS-H7 3.4.0
2025-09-15 16:26:53,710 [INFO] ThirdParty:1030 - CMSIS Pack Vendor :STMicroelectronics X-CUBE-DISPLAY 3.0.0
2025-09-15 16:26:53,710 [INFO] ThirdParty:1030 - CMSIS Pack Vendor :wolfSSL I-CUBE-wolfSSH 1.4.20
2025-09-15 16:26:53,710 [INFO] ThirdParty:1030 - CMSIS Pack Vendor :STMicroelectronics X-CUBE-NFC7 2.0.0
2025-09-15 16:26:53,710 [INFO] ThirdParty:1030 - CMSIS Pack Vendor :STMicroelectronics X-CUBE-TCPP 4.2.0
2025-09-15 16:26:53,710 [INFO] ThirdParty:1030 - CMSIS Pack Vendor :RealThread X-CUBE-RT-Thread_Nano 4.1.1
2025-09-15 16:26:53,710 [INFO] ThirdParty:1030 - CMSIS Pack Vendor :STMicroelectronics FP-ATR-SIGFOX1 3.2.0
2025-09-15 16:26:53,710 [INFO] ThirdParty:1030 - CMSIS Pack Vendor :STMicroelectronics X-CUBE-NFC10 1.0.0
2025-09-15 16:26:53,710 [INFO] ThirdParty:1030 - CMSIS Pack Vendor :STMicroelectronics X-CUBE-FREERTOS 1.3.1
2025-09-15 16:26:53,710 [INFO] ThirdParty:1030 - CMSIS Pack Vendor :STMicroelectronics HAL Drivers 0.0.0
2025-09-15 16:26:53,710 [INFO] ThirdParty:1030 - CMSIS Pack Vendor :STMicroelectronics MBEDTLS 2.16.2
2025-09-15 16:26:53,710 [INFO] ThirdParty:1030 - CMSIS Pack Vendor :STMicroelectronics X-CUBE-IPS 3.1.0
2025-09-15 16:26:53,710 [INFO] ThirdParty:1030 - CMSIS Pack Vendor :STMicroelectronics X-CUBE-ALS 1.0.2
2025-09-15 16:26:53,710 [INFO] ThirdParty:1030 - CMSIS Pack Vendor :emotas I-CUBE-CANOPEN 1.3.0
2025-09-15 16:26:53,710 [INFO] ThirdParty:1030 - CMSIS Pack Vendor :STMicroelectronics MBEDTLS 2.14.1
2025-09-15 16:26:53,710 [INFO] ThirdParty:1030 - CMSIS Pack Vendor :ITTIA_DB I-CUBE-ITTIADB 8.9.0
2025-09-15 16:26:53,710 [INFO] ThirdParty:1030 - CMSIS Pack Vendor :STMicroelectronics X-CUBE-STSE01 1.0.0
2025-09-15 16:26:53,710 [INFO] ThirdParty:1030 - CMSIS Pack Vendor :portGmbH I-Cube-SoM-uGOAL 1.1.0
2025-09-15 16:26:53,710 [INFO] ThirdParty:1030 - CMSIS Pack Vendor :STMicroelectronics X-CUBE-ST67W61 1.0.0
2025-09-15 16:26:53,710 [INFO] ThirdParty:1030 - CMSIS Pack Vendor :STMicroelectronics FP-SNS-STBOX1 2.1.0
2025-09-15 16:26:53,710 [INFO] ThirdParty:1030 - CMSIS Pack Vendor :STMicroelectronics X-CUBE-AI 10.2.0
2025-09-15 16:26:53,710 [INFO] ThirdParty:1030 - CMSIS Pack Vendor :STMicroelectronics FP-SNS-STAIOTCFT 1.0.0
2025-09-15 16:26:53,710 [INFO] ThirdParty:1030 - CMSIS Pack Vendor :STMicroelectronics ThreadX 1.0.0
2025-09-15 16:26:53,710 [INFO] ThirdParty:1030 - CMSIS Pack Vendor :STMicroelectronics FP-SNS-SMARTAG2 1.2.0
2025-09-15 16:26:53,710 [INFO] ThirdParty:1030 - CMSIS Pack Vendor :STMicroelectronics FP-SNS-FLIGHT1 5.1.0
2025-09-15 16:26:53,710 [INFO] ThirdParty:1030 - CMSIS Pack Vendor :STMicroelectronics X-CUBE-AZRTOS-WL 2.0.0
2025-09-15 16:26:53,710 [INFO] ThirdParty:1030 - CMSIS Pack Vendor :SEGGER I-CUBE-embOS 1.3.1
2025-09-15 16:26:53,710 [INFO] ThirdParty:1030 - CMSIS Pack Vendor :STMicroelectronics X-CUBE-ALGOBUILD 1.4.0
2025-09-15 16:26:53,710 [INFO] ThirdParty:1030 - CMSIS Pack Vendor :STMicroelectronics X-CUBE-DPower 1.3.0
2025-09-15 16:26:53,710 [INFO] ThirdParty:1030 - CMSIS Pack Vendor :STMicroelectronics X-CUBE-MEMS1 11.3.0
2025-09-15 16:26:53,710 [INFO] ThirdParty:1030 - CMSIS Pack Vendor :STMicroelectronics FP-SNS-MOTENV1 5.0.0
2025-09-15 16:26:53,710 [INFO] ThirdParty:1030 - CMSIS Pack Vendor :STMicroelectronics USB_DEVICE 1.0.0
2025-09-15 16:26:53,710 [INFO] ThirdParty:1030 - CMSIS Pack Vendor :STMicroelectronics X-CUBE-AZRTOS-L4 2.0.0
2025-09-15 16:26:53,710 [INFO] ThirdParty:1030 - CMSIS Pack Vendor :STMicroelectronics ThreadX 0.0.2
2025-09-15 16:26:53,710 [INFO] ThirdParty:1030 - CMSIS Pack Vendor :WES I-CUBE-Cesium 1.3.0
2025-09-15 16:26:53,710 [INFO] ThirdParty:1030 - CMSIS Pack Vendor :STMicroelectronics lwIP 2.1.2
2025-09-15 16:26:53,711 [INFO] ThirdParty:1030 - CMSIS Pack Vendor :STMicroelectronics X-CUBE-SFXS2LP1 4.0.0
2025-09-15 16:26:53,711 [INFO] ThirdParty:1030 - CMSIS Pack Vendor :STMicroelectronics X-CUBE-BLE2 3.3.0
2025-09-15 16:26:53,711 [INFO] ThirdParty:1030 - CMSIS Pack Vendor :STMicroelectronics X-CUBE-TOF1 3.4.3
2025-09-15 16:26:53,711 [INFO] ThirdParty:1030 - CMSIS Pack Vendor :STMicroelectronics PDM2PCM 3.2.0
2025-09-15 16:26:53,711 [INFO] ThirdParty:841 - exiting critical section [change project]
2025-09-15 16:26:54,172 [INFO] PinOutPanel:1589 - setPackage(No Configuration,No Configuration)
2025-09-15 16:26:54,173 [INFO] PinOutPanel:1589 - setPackage(STM32N657X0HxQ,VFBGA264)
2025-09-15 16:26:55,147 [INFO] UtilMem:75 - Before build in PCC Used Memory: 929198448 Bytes (1073741824)
2025-09-15 16:26:55,466 [INFO] UtilMem:75 - After build in PCC Used Memory: 985821552 Bytes (1073741824)
2025-09-15 16:26:55,494 [INFO] IPUIPlugin:80 - create IPUIPlugin
2025-09-15 16:26:55,494 [INFO] IPUIPlugin:80 - create IPUIPlugin
2025-09-15 16:26:55,494 [INFO] IPUIPlugin:80 - create IPUIPlugin
2025-09-15 16:26:55,494 [INFO] IPUIPlugin:80 - create IPUIPlugin
2025-09-15 16:26:55,495 [INFO] IPUIPlugin:80 - create IPUIPlugin
2025-09-15 16:26:55,495 [INFO] IPUIPlugin:80 - create IPUIPlugin
2025-09-15 16:26:55,495 [INFO] IPUIPlugin:80 - create IPUIPlugin
2025-09-15 16:26:55,495 [INFO] IPUIPlugin:80 - create IPUIPlugin
2025-09-15 16:26:55,495 [INFO] IPUIPlugin:80 - create IPUIPlugin
2025-09-15 16:26:55,495 [INFO] IPUIPlugin:80 - create IPUIPlugin
2025-09-15 16:26:55,495 [INFO] IPUIPlugin:80 - create IPUIPlugin
2025-09-15 16:26:55,495 [INFO] IPUIPlugin:80 - create IPUIPlugin
2025-09-15 16:26:55,495 [INFO] IPUIPlugin:80 - create IPUIPlugin
2025-09-15 16:26:55,495 [INFO] IPUIPlugin:80 - create IPUIPlugin
2025-09-15 16:26:55,495 [INFO] IPUIPlugin:80 - create IPUIPlugin
2025-09-15 16:26:55,495 [INFO] IPUIPlugin:80 - create IPUIPlugin
2025-09-15 16:26:55,496 [INFO] IPUIPlugin:80 - create IPUIPlugin
2025-09-15 16:26:55,496 [INFO] IPUIPlugin:80 - create IPUIPlugin
2025-09-15 16:26:55,496 [INFO] IPUIPlugin:80 - create IPUIPlugin
2025-09-15 16:26:55,496 [INFO] IPUIPlugin:80 - create IPUIPlugin
2025-09-15 16:26:55,496 [INFO] IPUIPlugin:80 - create IPUIPlugin
2025-09-15 16:26:55,496 [INFO] IPUIPlugin:80 - create IPUIPlugin
2025-09-15 16:26:55,496 [INFO] IPUIPlugin:80 - create IPUIPlugin
2025-09-15 16:26:55,496 [INFO] IPUIPlugin:80 - create IPUIPlugin
2025-09-15 16:26:55,496 [INFO] IPUIPlugin:80 - create IPUIPlugin
2025-09-15 16:26:55,496 [INFO] IPUIPlugin:80 - create IPUIPlugin
2025-09-15 16:26:55,496 [INFO] IPUIPlugin:80 - create IPUIPlugin
2025-09-15 16:26:55,497 [INFO] IPUIPlugin:80 - create IPUIPlugin
2025-09-15 16:26:55,497 [INFO] IPUIPlugin:80 - create IPUIPlugin
2025-09-15 16:26:55,497 [INFO] IPUIPlugin:80 - create IPUIPlugin
2025-09-15 16:26:55,497 [INFO] IPUIPlugin:80 - create IPUIPlugin
2025-09-15 16:26:55,497 [INFO] IPUIPlugin:80 - create IPUIPlugin
2025-09-15 16:26:55,497 [INFO] IPUIPlugin:80 - create IPUIPlugin
2025-09-15 16:26:55,497 [INFO] IPUIPlugin:80 - create IPUIPlugin
2025-09-15 16:26:55,497 [INFO] IPUIPlugin:80 - create IPUIPlugin
2025-09-15 16:26:55,497 [INFO] IPUIPlugin:80 - create IPUIPlugin
2025-09-15 16:26:55,497 [INFO] IPUIPlugin:80 - create IPUIPlugin
2025-09-15 16:26:55,498 [INFO] IPUIPlugin:80 - create IPUIPlugin
2025-09-15 16:26:55,498 [INFO] IPUIPlugin:80 - create IPUIPlugin
2025-09-15 16:26:55,498 [INFO] IPUIPlugin:80 - create IPUIPlugin
2025-09-15 16:26:55,498 [INFO] IPUIPlugin:80 - create IPUIPlugin
2025-09-15 16:26:55,498 [INFO] IPUIPlugin:80 - create IPUIPlugin
2025-09-15 16:26:55,498 [INFO] IPUIPlugin:80 - create IPUIPlugin
2025-09-15 16:26:55,498 [INFO] IPUIPlugin:80 - create IPUIPlugin
2025-09-15 16:26:55,498 [INFO] IPUIPlugin:80 - create IPUIPlugin
2025-09-15 16:26:55,498 [INFO] IPUIPlugin:80 - create IPUIPlugin
2025-09-15 16:26:55,499 [INFO] IPUIPlugin:80 - create IPUIPlugin
2025-09-15 16:26:55,499 [INFO] IPUIPlugin:80 - create IPUIPlugin
2025-09-15 16:26:55,499 [INFO] IPUIPlugin:80 - create IPUIPlugin
2025-09-15 16:26:55,499 [INFO] IPUIPlugin:80 - create IPUIPlugin
2025-09-15 16:26:55,499 [INFO] IPUIPlugin:80 - create IPUIPlugin
2025-09-15 16:26:55,499 [INFO] IPUIPlugin:80 - create IPUIPlugin
2025-09-15 16:26:55,500 [INFO] IPUIPlugin:80 - create IPUIPlugin
2025-09-15 16:26:55,500 [INFO] IPUIPlugin:80 - create IPUIPlugin
2025-09-15 16:26:55,500 [INFO] IPUIPlugin:80 - create IPUIPlugin
2025-09-15 16:26:55,500 [INFO] IPUIPlugin:80 - create IPUIPlugin
2025-09-15 16:26:55,500 [INFO] IPUIPlugin:80 - create IPUIPlugin
2025-09-15 16:26:55,501 [INFO] IPUIPlugin:80 - create IPUIPlugin
2025-09-15 16:26:55,501 [INFO] IPUIPlugin:80 - create IPUIPlugin
2025-09-15 16:26:55,501 [INFO] IPUIPlugin:80 - create IPUIPlugin
2025-09-15 16:26:55,501 [INFO] IPUIPlugin:80 - create IPUIPlugin
2025-09-15 16:26:55,503 [INFO] IPUIPlugin:80 - create IPUIPlugin
2025-09-15 16:26:55,503 [INFO] IPUIPlugin:80 - create IPUIPlugin
2025-09-15 16:26:55,503 [INFO] IPUIPlugin:80 - create IPUIPlugin
2025-09-15 16:26:55,503 [INFO] IPUIPlugin:80 - create IPUIPlugin
2025-09-15 16:26:55,503 [INFO] IPUIPlugin:80 - create IPUIPlugin
2025-09-15 16:26:55,504 [INFO] IPUIPlugin:80 - create IPUIPlugin
2025-09-15 16:26:55,504 [INFO] IPUIPlugin:80 - create IPUIPlugin
2025-09-15 16:26:55,504 [INFO] IPUIPlugin:80 - create IPUIPlugin
2025-09-15 16:26:55,504 [INFO] IPUIPlugin:80 - create IPUIPlugin
2025-09-15 16:26:55,505 [INFO] IPUIPlugin:80 - create IPUIPlugin
2025-09-15 16:26:55,505 [INFO] IPUIPlugin:80 - create IPUIPlugin
2025-09-15 16:26:55,505 [INFO] IPUIPlugin:80 - create IPUIPlugin
2025-09-15 16:26:55,505 [INFO] IPUIPlugin:80 - create IPUIPlugin
2025-09-15 16:26:55,506 [INFO] IPUIPlugin:80 - create IPUIPlugin
2025-09-15 16:26:55,506 [INFO] IPUIPlugin:80 - create IPUIPlugin
2025-09-15 16:26:55,506 [INFO] IPUIPlugin:80 - create IPUIPlugin
2025-09-15 16:26:55,506 [INFO] IPUIPlugin:80 - create IPUIPlugin
2025-09-15 16:26:55,507 [INFO] IPUIPlugin:80 - create IPUIPlugin
2025-09-15 16:26:55,507 [INFO] IPUIPlugin:80 - create IPUIPlugin
2025-09-15 16:26:55,507 [INFO] IPUIPlugin:80 - create IPUIPlugin
2025-09-15 16:26:55,508 [INFO] IPUIPlugin:80 - create IPUIPlugin
2025-09-15 16:26:55,508 [INFO] IPUIPlugin:80 - create IPUIPlugin
2025-09-15 16:26:55,508 [INFO] IPUIPlugin:80 - create IPUIPlugin
2025-09-15 16:26:55,508 [INFO] IPUIPlugin:80 - create IPUIPlugin
2025-09-15 16:26:55,509 [INFO] IPUIPlugin:80 - create IPUIPlugin
2025-09-15 16:26:55,509 [INFO] IPUIPlugin:80 - create IPUIPlugin
2025-09-15 16:26:55,509 [INFO] IPUIPlugin:80 - create IPUIPlugin
2025-09-15 16:26:55,511 [INFO] IPUIPlugin:80 - create IPUIPlugin
2025-09-15 16:26:55,511 [INFO] IPUIPlugin:80 - create IPUIPlugin
2025-09-15 16:26:55,511 [INFO] IPUIPlugin:80 - create IPUIPlugin
2025-09-15 16:26:55,512 [INFO] IPUIPlugin:80 - create IPUIPlugin
2025-09-15 16:26:55,512 [INFO] IPUIPlugin:80 - create IPUIPlugin
2025-09-15 16:26:55,512 [INFO] IPUIPlugin:80 - create IPUIPlugin
2025-09-15 16:26:55,512 [INFO] IPUIPlugin:80 - create IPUIPlugin
2025-09-15 16:26:55,513 [INFO] IPUIPlugin:80 - create IPUIPlugin
2025-09-15 16:26:55,513 [INFO] IPUIPlugin:80 - create IPUIPlugin
2025-09-15 16:26:55,513 [INFO] IPUIPlugin:80 - create IPUIPlugin
2025-09-15 16:26:55,514 [INFO] IPUIPlugin:80 - create IPUIPlugin
2025-09-15 16:26:55,514 [INFO] IPUIPlugin:80 - create IPUIPlugin
2025-09-15 16:26:55,514 [INFO] IPUIPlugin:80 - create IPUIPlugin
2025-09-15 16:26:55,514 [INFO] IPUIPlugin:80 - create IPUIPlugin
2025-09-15 16:26:55,515 [INFO] IPUIPlugin:80 - create IPUIPlugin
2025-09-15 16:26:55,515 [INFO] IPUIPlugin:80 - create IPUIPlugin
2025-09-15 16:26:55,515 [INFO] IPUIPlugin:80 - create IPUIPlugin
2025-09-15 16:26:55,515 [INFO] IPUIPlugin:80 - create IPUIPlugin
2025-09-15 16:26:55,516 [INFO] IPUIPlugin:80 - create IPUIPlugin
2025-09-15 16:26:55,516 [INFO] IPUIPlugin:80 - create IPUIPlugin
2025-09-15 16:26:55,517 [INFO] IPUIPlugin:80 - create IPUIPlugin
2025-09-15 16:26:55,517 [INFO] IPUIPlugin:80 - create IPUIPlugin
2025-09-15 16:26:55,517 [INFO] IPUIPlugin:80 - create IPUIPlugin
2025-09-15 16:26:55,518 [INFO] IPUIPlugin:80 - create IPUIPlugin
2025-09-15 16:26:55,518 [INFO] IPUIPlugin:80 - create IPUIPlugin
2025-09-15 16:26:55,519 [INFO] IPUIPlugin:80 - create IPUIPlugin
2025-09-15 16:26:55,519 [INFO] IPUIPlugin:80 - create IPUIPlugin
2025-09-15 16:26:55,520 [INFO] IPUIPlugin:80 - create IPUIPlugin
2025-09-15 16:26:55,520 [INFO] IPUIPlugin:80 - create IPUIPlugin
2025-09-15 16:26:55,521 [INFO] IPUIPlugin:80 - create IPUIPlugin
2025-09-15 16:26:55,521 [INFO] IPUIPlugin:80 - create IPUIPlugin
2025-09-15 16:26:55,522 [INFO] IPUIPlugin:80 - create IPUIPlugin
2025-09-15 16:26:55,522 [INFO] IPUIPlugin:80 - create IPUIPlugin
2025-09-15 16:26:55,522 [INFO] IPUIPlugin:80 - create IPUIPlugin
2025-09-15 16:26:55,523 [INFO] IPUIPlugin:80 - create IPUIPlugin
2025-09-15 16:26:55,523 [INFO] IPUIPlugin:80 - create IPUIPlugin
2025-09-15 16:26:55,529 [INFO] IPUIPlugin:80 - create IPUIPlugin
2025-09-15 16:26:55,529 [INFO] IPUIPlugin:80 - create IPUIPlugin
2025-09-15 16:26:55,530 [INFO] IPUIPlugin:80 - create IPUIPlugin
2025-09-15 16:26:55,530 [INFO] IPUIPlugin:80 - create IPUIPlugin
2025-09-15 16:26:55,531 [INFO] IPUIPlugin:80 - create IPUIPlugin
2025-09-15 16:26:55,531 [INFO] IPUIPlugin:80 - create IPUIPlugin
2025-09-15 16:26:55,531 [INFO] IPUIPlugin:80 - create IPUIPlugin
2025-09-15 16:26:55,532 [INFO] IPUIPlugin:80 - create IPUIPlugin
2025-09-15 16:26:55,541 [INFO] AI:982 - onDisable adding AI com.st.microxplorer.plugins.ip.ai.AI@2ed8584a on STMicroelectronics.X-CUBE-AI.10.2.0_Appli
2025-09-15 16:26:55,550 [WARN] IP:2250 - RefParam_XIP_memory not found: check if there is a RefParameter without a condition.
2025-09-15 16:26:55,550 [WARN] IP:2250 - RefParam_MEMORY_1_Size not found: check if there is a RefParameter without a condition.
2025-09-15 16:26:55,550 [WARN] IP:2250 - RefParam_MEMORY_1_FreqMax not found: check if there is a RefParameter without a condition.
2025-09-15 16:26:55,550 [WARN] IP:2250 - RefParam_MEMORY_1_ReadReg not found: check if there is a RefParameter without a condition.
2025-09-15 16:26:55,550 [WARN] IP:2250 - RefParam_MEMORY_1_WriteReg not found: check if there is a RefParameter without a condition.
2025-09-15 16:26:55,550 [WARN] IP:2250 - RefParam_MEMORY_1_RegSize not found: check if there is a RefParameter without a condition.
2025-09-15 16:26:55,550 [WARN] IP:2250 - RefParam_MEMORY_1_RegDummyCycle not found: check if there is a RefParameter without a condition.
2025-09-15 16:26:55,550 [WARN] IP:2250 - RefParam_MEMORY_1_WriteCommand not found: check if there is a RefParameter without a condition.
2025-09-15 16:26:55,550 [WARN] IP:2250 - RefParam_MEMORY_1_WriteDummyCycle not found: check if there is a RefParameter without a condition.
2025-09-15 16:26:55,550 [WARN] IP:2250 - RefParam_MEMORY_1_ReadCommand not found: check if there is a RefParameter without a condition.
2025-09-15 16:26:55,550 [WARN] IP:2250 - RefParam_MEMORY_1_WrapReadCommand not found: check if there is a RefParameter without a condition.
2025-09-15 16:26:55,550 [WARN] IP:2250 - RefParam_MEMORY_1_ReadDummyCycle not found: check if there is a RefParameter without a condition.
2025-09-15 16:26:55,550 [WARN] IP:2250 - RefParam_MEMORY_1_NumberOfConfig not found: check if there is a RefParameter without a condition.
2025-09-15 16:26:55,550 [WARN] IP:2250 - RefParam_MEMORY_1_Config1_WriteMask not found: check if there is a RefParameter without a condition.
2025-09-15 16:26:55,550 [WARN] IP:2250 - RefParam_MEMORY_1_Config1_WriteValue not found: check if there is a RefParameter without a condition.
2025-09-15 16:26:55,550 [WARN] IP:2250 - RefParam_MEMORY_1_Config1_RegAddress not found: check if there is a RefParameter without a condition.
2025-09-15 16:26:55,550 [WARN] IP:2250 - RefParam_MEMORY_1_Config2_WriteMask not found: check if there is a RefParameter without a condition.
2025-09-15 16:26:55,550 [WARN] IP:2250 - RefParam_MEMORY_1_Config2_WriteValue not found: check if there is a RefParameter without a condition.
2025-09-15 16:26:55,550 [WARN] IP:2250 - RefParam_MEMORY_1_Config2_RegAddress not found: check if there is a RefParameter without a condition.
2025-09-15 16:26:55,550 [WARN] IP:2250 - RefParam_MEMORY_1_Config3_WriteMask not found: check if there is a RefParameter without a condition.
2025-09-15 16:26:55,550 [WARN] IP:2250 - RefParam_MEMORY_1_Config3_WriteValue not found: check if there is a RefParameter without a condition.
2025-09-15 16:26:55,550 [WARN] IP:2250 - RefParam_MEMORY_1_Config3_RegAddress not found: check if there is a RefParameter without a condition.
2025-09-15 16:26:55,550 [WARN] IP:2250 - RefParam_MEMORY_2_Instance not found: check if there is a RefParameter without a condition.
2025-09-15 16:26:55,550 [WARN] IP:2250 - RefParam_MEMORY_2_ConfigType not found: check if there is a RefParameter without a condition.
2025-09-15 16:26:55,551 [WARN] IP:2250 - RefParam_MEMORY_2_Size not found: check if there is a RefParameter without a condition.
2025-09-15 16:26:55,551 [WARN] IP:2250 - RefParam_MEMORY_2_FreqMax not found: check if there is a RefParameter without a condition.
2025-09-15 16:26:55,551 [WARN] IP:2250 - RefParam_MEMORY_2_ReadReg not found: check if there is a RefParameter without a condition.
2025-09-15 16:26:55,551 [WARN] IP:2250 - RefParam_MEMORY_2_WriteReg not found: check if there is a RefParameter without a condition.
2025-09-15 16:26:55,551 [WARN] IP:2250 - RefParam_MEMORY_2_RegSize not found: check if there is a RefParameter without a condition.
2025-09-15 16:26:55,551 [WARN] IP:2250 - RefParam_MEMORY_2_RegDummyCycle not found: check if there is a RefParameter without a condition.
2025-09-15 16:26:55,551 [WARN] IP:2250 - RefParam_MEMORY_2_WriteCommand not found: check if there is a RefParameter without a condition.
2025-09-15 16:26:55,551 [WARN] IP:2250 - RefParam_MEMORY_2_WriteDummyCycle not found: check if there is a RefParameter without a condition.
2025-09-15 16:26:55,551 [WARN] IP:2250 - RefParam_MEMORY_2_ReadCommand not found: check if there is a RefParameter without a condition.
2025-09-15 16:26:55,551 [WARN] IP:2250 - RefParam_MEMORY_2_WrapReadCommand not found: check if there is a RefParameter without a condition.
2025-09-15 16:26:55,551 [WARN] IP:2250 - RefParam_MEMORY_2_ReadDummyCycle not found: check if there is a RefParameter without a condition.
2025-09-15 16:26:55,551 [WARN] IP:2250 - RefParam_MEMORY_2_NumberOfConfig not found: check if there is a RefParameter without a condition.
2025-09-15 16:26:55,551 [WARN] IP:2250 - RefParam_MEMORY_2_Config1_WriteMask not found: check if there is a RefParameter without a condition.
2025-09-15 16:26:55,551 [WARN] IP:2250 - RefParam_MEMORY_2_Config1_WriteValue not found: check if there is a RefParameter without a condition.
2025-09-15 16:26:55,551 [WARN] IP:2250 - RefParam_MEMORY_2_Config1_RegAddress not found: check if there is a RefParameter without a condition.
2025-09-15 16:26:55,551 [WARN] IP:2250 - RefParam_MEMORY_2_Config2_WriteMask not found: check if there is a RefParameter without a condition.
2025-09-15 16:26:55,551 [WARN] IP:2250 - RefParam_MEMORY_2_Config2_WriteValue not found: check if there is a RefParameter without a condition.
2025-09-15 16:26:55,551 [WARN] IP:2250 - RefParam_MEMORY_2_Config2_RegAddress not found: check if there is a RefParameter without a condition.
2025-09-15 16:26:55,551 [WARN] IP:2250 - RefParam_MEMORY_2_Config3_WriteMask not found: check if there is a RefParameter without a condition.
2025-09-15 16:26:55,551 [WARN] IP:2250 - RefParam_MEMORY_2_Config3_WriteValue not found: check if there is a RefParameter without a condition.
2025-09-15 16:26:55,551 [WARN] IP:2250 - RefParam_MEMORY_2_Config3_RegAddress not found: check if there is a RefParameter without a condition.
2025-09-15 16:26:55,720 [INFO] CADModel:165 - CPN selected for project levelSTM32N657X0H3Q
2025-09-15 16:26:55,720 [INFO] CADModel:114 - Register for checkConnection events
2025-09-15 16:26:56,259 [ERROR] Context:921 - The IP LTDC is not set in context FSBL
2025-09-15 16:26:56,259 [ERROR] Context:921 - The IP LTDC is not set in context Appli
2025-09-15 16:26:56,259 [ERROR] Context:921 - The IP LTDC is not set in context ExtMemLoader
2025-09-15 16:26:57,195 [ERROR] Context:921 - The IP PWR is not set in context FSBL
2025-09-15 16:26:57,195 [ERROR] Context:921 - The IP PWR is not set in context Appli
2025-09-15 16:26:57,195 [ERROR] Context:921 - The IP PWR is not set in context ExtMemLoader
2025-09-15 16:26:57,534 [ERROR] Context:921 - The IP RTC is not set in context FSBL
2025-09-15 16:26:57,534 [ERROR] Context:921 - The IP RTC is not set in context Appli
2025-09-15 16:26:57,534 [ERROR] Context:921 - The IP RTC is not set in context ExtMemLoader
2025-09-15 16:26:58,091 [INFO] OpenFileManager:386 - Restore cursor
2025-09-15 16:26:58,413 [WARN] IP:2250 - RefParam_XIP_memory not found: check if there is a RefParameter without a condition.
2025-09-15 16:26:58,413 [WARN] IP:2250 - RefParam_MEMORY_1_Size not found: check if there is a RefParameter without a condition.
2025-09-15 16:26:58,413 [WARN] IP:2250 - RefParam_MEMORY_1_FreqMax not found: check if there is a RefParameter without a condition.
2025-09-15 16:26:58,414 [WARN] IP:2250 - RefParam_MEMORY_1_ReadReg not found: check if there is a RefParameter without a condition.
2025-09-15 16:26:58,414 [WARN] IP:2250 - RefParam_MEMORY_1_WriteReg not found: check if there is a RefParameter without a condition.
2025-09-15 16:26:58,414 [WARN] IP:2250 - RefParam_MEMORY_1_RegSize not found: check if there is a RefParameter without a condition.
2025-09-15 16:26:58,414 [WARN] IP:2250 - RefParam_MEMORY_1_RegDummyCycle not found: check if there is a RefParameter without a condition.
2025-09-15 16:26:58,414 [WARN] IP:2250 - RefParam_MEMORY_1_WriteCommand not found: check if there is a RefParameter without a condition.
2025-09-15 16:26:58,414 [WARN] IP:2250 - RefParam_MEMORY_1_WriteDummyCycle not found: check if there is a RefParameter without a condition.
2025-09-15 16:26:58,414 [WARN] IP:2250 - RefParam_MEMORY_1_ReadCommand not found: check if there is a RefParameter without a condition.
2025-09-15 16:26:58,414 [WARN] IP:2250 - RefParam_MEMORY_1_WrapReadCommand not found: check if there is a RefParameter without a condition.
2025-09-15 16:26:58,414 [WARN] IP:2250 - RefParam_MEMORY_1_ReadDummyCycle not found: check if there is a RefParameter without a condition.
2025-09-15 16:26:58,414 [WARN] IP:2250 - RefParam_MEMORY_1_NumberOfConfig not found: check if there is a RefParameter without a condition.
2025-09-15 16:26:58,414 [WARN] IP:2250 - RefParam_MEMORY_1_Config1_WriteMask not found: check if there is a RefParameter without a condition.
2025-09-15 16:26:58,414 [WARN] IP:2250 - RefParam_MEMORY_1_Config1_WriteValue not found: check if there is a RefParameter without a condition.
2025-09-15 16:26:58,414 [WARN] IP:2250 - RefParam_MEMORY_1_Config1_RegAddress not found: check if there is a RefParameter without a condition.
2025-09-15 16:26:58,414 [WARN] IP:2250 - RefParam_MEMORY_1_Config2_WriteMask not found: check if there is a RefParameter without a condition.
2025-09-15 16:26:58,414 [WARN] IP:2250 - RefParam_MEMORY_1_Config2_WriteValue not found: check if there is a RefParameter without a condition.
2025-09-15 16:26:58,414 [WARN] IP:2250 - RefParam_MEMORY_1_Config2_RegAddress not found: check if there is a RefParameter without a condition.
2025-09-15 16:26:58,414 [WARN] IP:2250 - RefParam_MEMORY_1_Config3_WriteMask not found: check if there is a RefParameter without a condition.
2025-09-15 16:26:58,414 [WARN] IP:2250 - RefParam_MEMORY_1_Config3_WriteValue not found: check if there is a RefParameter without a condition.
2025-09-15 16:26:58,414 [WARN] IP:2250 - RefParam_MEMORY_1_Config3_RegAddress not found: check if there is a RefParameter without a condition.
2025-09-15 16:26:58,414 [WARN] IP:2250 - RefParam_MEMORY_2_Instance not found: check if there is a RefParameter without a condition.
2025-09-15 16:26:58,414 [WARN] IP:2250 - RefParam_MEMORY_2_ConfigType not found: check if there is a RefParameter without a condition.
2025-09-15 16:26:58,414 [WARN] IP:2250 - RefParam_MEMORY_2_Size not found: check if there is a RefParameter without a condition.
2025-09-15 16:26:58,414 [WARN] IP:2250 - RefParam_MEMORY_2_FreqMax not found: check if there is a RefParameter without a condition.
2025-09-15 16:26:58,414 [WARN] IP:2250 - RefParam_MEMORY_2_ReadReg not found: check if there is a RefParameter without a condition.
2025-09-15 16:26:58,414 [WARN] IP:2250 - RefParam_MEMORY_2_WriteReg not found: check if there is a RefParameter without a condition.
2025-09-15 16:26:58,414 [WARN] IP:2250 - RefParam_MEMORY_2_RegSize not found: check if there is a RefParameter without a condition.
2025-09-15 16:26:58,414 [WARN] IP:2250 - RefParam_MEMORY_2_RegDummyCycle not found: check if there is a RefParameter without a condition.
2025-09-15 16:26:58,414 [WARN] IP:2250 - RefParam_MEMORY_2_WriteCommand not found: check if there is a RefParameter without a condition.
2025-09-15 16:26:58,414 [WARN] IP:2250 - RefParam_MEMORY_2_WriteDummyCycle not found: check if there is a RefParameter without a condition.
2025-09-15 16:26:58,414 [WARN] IP:2250 - RefParam_MEMORY_2_ReadCommand not found: check if there is a RefParameter without a condition.
2025-09-15 16:26:58,414 [WARN] IP:2250 - RefParam_MEMORY_2_WrapReadCommand not found: check if there is a RefParameter without a condition.
2025-09-15 16:26:58,414 [WARN] IP:2250 - RefParam_MEMORY_2_ReadDummyCycle not found: check if there is a RefParameter without a condition.
2025-09-15 16:26:58,414 [WARN] IP:2250 - RefParam_MEMORY_2_NumberOfConfig not found: check if there is a RefParameter without a condition.
2025-09-15 16:26:58,415 [WARN] IP:2250 - RefParam_MEMORY_2_Config1_WriteMask not found: check if there is a RefParameter without a condition.
2025-09-15 16:26:58,415 [WARN] IP:2250 - RefParam_MEMORY_2_Config1_WriteValue not found: check if there is a RefParameter without a condition.
2025-09-15 16:26:58,415 [WARN] IP:2250 - RefParam_MEMORY_2_Config1_RegAddress not found: check if there is a RefParameter without a condition.
2025-09-15 16:26:58,415 [WARN] IP:2250 - RefParam_MEMORY_2_Config2_WriteMask not found: check if there is a RefParameter without a condition.
2025-09-15 16:26:58,415 [WARN] IP:2250 - RefParam_MEMORY_2_Config2_WriteValue not found: check if there is a RefParameter without a condition.
2025-09-15 16:26:58,415 [WARN] IP:2250 - RefParam_MEMORY_2_Config2_RegAddress not found: check if there is a RefParameter without a condition.
2025-09-15 16:26:58,415 [WARN] IP:2250 - RefParam_MEMORY_2_Config3_WriteMask not found: check if there is a RefParameter without a condition.
2025-09-15 16:26:58,415 [WARN] IP:2250 - RefParam_MEMORY_2_Config3_WriteValue not found: check if there is a RefParameter without a condition.
2025-09-15 16:26:58,415 [WARN] IP:2250 - RefParam_MEMORY_2_Config3_RegAddress not found: check if there is a RefParameter without a condition.
2025-09-15 16:26:58,736 [INFO] AIMainUI:1270 - Restoring parameters from IP...
2025-09-15 16:26:58,736 [INFO] AIMainUI:1393 - No old model detected
2025-09-15 16:26:58,798 [INFO] AInterface:116 - AInterface using toolDir: C:/Users/ZOJOLDRI/STM32Cube/Repository/Packs/STMicroelectronics/X-CUBE-AI/10.2.0/Utilities/windows
2025-09-15 16:26:58,804 [INFO] AIModelDetailledView:2380 - Analysis status: -
2025-09-15 16:26:58,805 [INFO] AIModelDetailledView:929 - Selected model: Keras
2025-09-15 16:26:58,873 [INFO] AIModelDetailledView:2380 - Analysis status: done
2025-09-15 16:38:58,127 [INFO] WebApp:194 - Connection lost
2025-09-15 16:38:58,433 [INFO] WebApp:191 - Connection restablished
